time,gFx,gFy,gFz,TgF
0.001262769,-0.1167,1.0135,-0.0391,1.021
0.001716615,-0.1103,1.0122,-0.0396,1.019
0.001994538,-0.1064,1.0084,-0.0408,1.015
0.004835154,-0.1047,1.0061,-0.0408,1.012
0.006108308,-0.0998,1.0022,-0.0410,1.008
0.008791384,-0.0991,1.0007,-0.0445,1.007
0.011779077,-0.0996,0.9991,-0.0437,1.005
0.014629231,-0.1001,0.9973,-0.0428,1.003
0.015734231,-0.1015,0.9973,-0.0398,1.003
0.018459154,-0.1050,0.9991,-0.0396,1.005
0.021197,-0.1047,1.0022,-0.0384,1.008
0.023103384,-0.1084,1.0030,-0.0364,1.009
0.025441231,-0.1094,1.0017,-0.0342,1.008
0.028505,-0.1094,1.0037,-0.0344,1.010
0.030519769,-0.1089,1.0032,-0.0323,1.010
0.032680923,-0.1094,1.0024,-0.0319,1.009
0.035268692,-0.1111,1.0044,-0.0340,1.011
0.037876615,-0.1123,1.0017,-0.0364,1.009
0.039958461,-0.1125,1.0024,-0.0396,1.010
0.042800308,-0.1115,1.0022,-0.0371,1.009
0.045138461,-0.1157,1.0007,-0.0364,1.008
0.047334769,-0.1152,0.9995,-0.0364,1.007
0.049613231,-0.1131,0.9979,-0.0377,1.005
0.052289,-0.1162,0.9930,-0.0388,1.000
0.055492,-0.1169,0.9956,-0.0393,1.003
0.056946461,-0.1201,0.9930,-0.0377,1.001
0.059643077,-0.1213,0.9944,-0.0388,1.003
0.062746846,-0.1218,0.9914,-0.0388,1.000
0.064152384,-0.1228,0.9942,-0.0379,1.002
0.066557923,-0.1206,0.9944,-0.0408,1.003
0.069758538,-0.1216,0.9937,-0.0433,1.002
0.071508923,-0.1220,0.9907,-0.0415,0.999
0.073892923,-0.1231,0.9917,-0.0420,1.000
0.076283461,-0.1255,0.9932,-0.0424,1.002
0.079008615,-0.1262,0.9939,-0.0437,1.003
0.080904615,-0.1285,0.9937,-0.0420,1.003
0.083569231,-0.1308,0.9963,-0.0435,1.006
0.086026538,-0.1343,0.9991,-0.0440,1.009
0.089697923,-0.1331,0.9995,-0.0430,1.009
0.090670846,-0.1367,1.0015,-0.0442,1.012
0.093181,-0.1313,1.0035,-0.0442,1.013
0.096071769,-0.1320,1.0054,-0.0437,1.015
0.097866231,-0.1299,1.0063,-0.0433,1.016
0.100661,-0.1255,1.0049,-0.0459,1.014
0.103937,-0.1236,1.0044,-0.0424,1.013
0.105018769,-0.1201,1.0037,-0.0417,1.012
0.107420615,-0.1206,1.0032,-0.0420,1.011
0.110295077,-0.1194,1.0024,-0.0440,1.010
0.112813,-0.1187,1.0027,-0.0420,1.011
0.115794231,-0.1208,0.9966,-0.0449,1.005
0.118273846,-0.1238,0.9991,-0.0420,1.008
0.123997308,-0.1267,1.0007,-0.0461,1.010
0.124447769,-0.1262,1.0007,-0.0433,1.010
0.124844308,-0.1285,0.9998,-0.0393,1.009
0.126911154,-0.1333,1.0019,-0.0405,1.012
0.129637308,-0.1336,1.0037,-0.0428,1.013
0.131571077,-0.1333,1.0073,-0.0393,1.017
0.134167692,-0.1308,1.0054,-0.0305,1.014
0.136921,-0.1331,1.0079,-0.0337,1.017
0.138907154,-0.1316,1.0068,-0.0330,1.016
0.141483154,-0.1260,1.0071,-0.0276,1.015
0.145095692,-0.1236,1.0049,-0.0310,1.013
0.147950154,-0.1252,1.0047,-0.0340,1.013
0.148367154,-0.1262,1.0061,-0.0310,1.014
0.151449231,-0.1260,1.0061,-0.0323,1.014
0.153424308,-0.1250,1.0039,-0.0315,1.012
0.1559,-0.1260,1.0049,-0.0364,1.013
0.158303692,-0.1252,1.0024,-0.0371,1.011
0.161937923,-0.1262,1.0007,-0.0373,1.009
0.162868384,-0.1318,1.0000,-0.0377,1.009
0.165480308,-0.1320,1.0003,-0.0391,1.010
0.168346461,-0.1294,0.9988,-0.0384,1.008
0.170309231,-0.1287,0.9983,-0.0386,1.007
0.172577615,-0.1292,0.9930,-0.0405,1.002
0.175023461,-0.1213,0.9819,-0.0386,0.990
0.177593846,-0.1223,0.9846,-0.0379,0.993
0.179852308,-0.1238,0.9934,-0.0457,1.002
0.182518846,-0.1269,0.9919,-0.0457,1.001
0.184778154,-0.1326,0.9973,-0.0420,1.007
0.187337231,-0.1308,1.0000,-0.0319,1.009
0.189564692,-0.1345,1.0022,-0.0396,1.012
0.192131077,-0.1367,1.0032,-0.0437,1.013
0.194445846,-0.1341,1.0039,-0.0459,1.014
0.196627461,-0.1343,1.0017,-0.0442,1.012
0.199496923,-0.1272,1.0022,-0.0433,1.011
0.201626538,-0.1294,1.0012,-0.0442,1.011
0.203817846,-0.1267,0.9979,-0.0437,1.007
0.206275692,-0.1277,0.9981,-0.0435,1.007
0.209415077,-0.1289,0.9951,-0.0471,1.005
0.211435154,-0.1294,0.9988,-0.0452,1.008
0.213680923,-0.1289,0.9975,-0.0452,1.007
0.216352692,-0.1318,0.9958,-0.0412,1.005
0.218502154,-0.1341,0.9949,-0.0388,1.005
0.220730769,-0.1333,0.9954,-0.0361,1.005
0.223141846,-0.1301,0.9979,-0.0356,1.007
0.225877923,-0.1308,0.9970,-0.0337,1.006
0.228818538,-0.1306,0.9981,-0.0344,1.007
0.230779461,-0.1267,0.9975,-0.0366,1.006
0.233131769,-0.1228,0.9988,-0.0352,1.007
0.235728923,-0.1208,1.0000,-0.0403,1.008
0.237830231,-0.1204,1.0015,-0.0391,1.009
0.240465538,-0.1206,1.0012,-0.0379,1.009
0.242429,-0.1196,1.0032,-0.0377,1.011
0.244892308,-0.1164,1.0007,-0.0388,1.008
0.247317538,-0.1138,1.0022,-0.0388,1.009
0.250833615,-0.1123,1.0010,-0.0391,1.008
0.252560077,-0.1106,1.0005,-0.0386,1.007
0.254873308,-0.1115,1.0010,-0.0391,1.008
0.257356,-0.1066,1.0035,-0.0386,1.010
0.259703077,-0.1082,0.9988,-0.0361,1.005
0.261876692,-0.1094,1.0003,-0.0377,1.007
0.264235769,-0.1106,0.9993,-0.0344,1.006
0.267822538,-0.1079,1.0017,-0.0352,1.008
0.269707461,-0.1094,1.0015,-0.0332,1.008
0.271562154,-0.1108,1.0010,-0.0324,1.008
0.274804384,-0.1094,1.0044,-0.0332,1.011
0.276999384,-0.1150,1.0054,-0.0352,1.013
0.278760615,-0.1171,1.0019,-0.0340,1.009
0.281351077,-0.1171,1.0037,-0.0342,1.011
0.283686846,-0.1171,1.0049,-0.0335,1.012
0.286999384,-0.1192,1.0010,-0.0352,1.009
0.288462846,-0.1208,1.0000,-0.0364,1.008
0.290814154,-0.1213,0.9981,-0.0359,1.006
0.293379692,-0.1223,0.9993,-0.0396,1.008
0.297447384,-0.1228,0.9963,-0.0391,1.005
0.299967692,-0.1240,0.9923,-0.0391,1.001
0.300755461,-0.1260,0.9919,-0.0388,1.001
0.303031384,-0.1238,0.9932,-0.0408,1.002
0.305284692,-0.1252,0.9930,-0.0405,1.002
0.307894846,-0.1231,0.9939,-0.0410,1.002
0.310234154,-0.1228,0.9975,-0.0449,1.006
0.312398461,-0.1223,0.9968,-0.0452,1.005
0.315112615,-0.1196,0.9983,-0.0476,1.007
0.317507692,-0.1169,0.9993,-0.0437,1.007
0.319921615,-0.1189,0.9998,-0.0428,1.008
0.322165,-0.1184,0.9995,-0.0415,1.007
0.325327692,-0.1162,1.0007,-0.0459,1.008
0.327633615,-0.1118,1.0007,-0.0459,1.008
0.329340077,-0.1111,1.0049,-0.0410,1.012
0.332219077,-0.1111,1.0017,-0.0403,1.009
0.335057846,-0.1103,1.0007,-0.0403,1.008
0.336597231,-0.1101,1.0037,-0.0377,1.010
0.339265538,-0.1140,1.0054,-0.0384,1.013
0.342479692,-0.1091,1.0042,-0.0400,1.011
0.344360077,-0.1099,1.0037,-0.0384,1.010
0.346720923,-0.1091,1.0010,-0.0347,1.008
0.348826461,-0.1094,0.9991,-0.0364,1.006
0.351326538,-0.1106,1.0000,-0.0347,1.007
0.353565615,-0.1082,0.9963,-0.0377,1.003
0.356085308,-0.1111,0.9944,-0.0377,1.001
0.359388308,-0.1125,0.9970,-0.0364,1.004
0.361112308,-0.1150,1.0030,-0.0349,1.010
0.363135769,-0.1169,1.0047,-0.0349,1.012
0.368058769,-0.1199,1.0037,-0.0354,1.011
0.368411154,-0.1243,1.0027,-0.0356,1.011
0.370310461,-0.1272,1.0039,-0.0364,1.013
0.373342846,-0.1262,1.0019,-0.0384,1.011
0.375374538,-0.1255,0.9998,-0.0368,1.008
0.377534154,-0.1250,0.9979,-0.0359,1.006
0.380830154,-0.1240,0.9966,-0.0354,1.005
0.383460923,-0.1245,0.9958,-0.0361,1.004
0.387302538,-0.1204,0.9951,-0.0398,1.003
0.387713308,-0.1211,0.9930,-0.0396,1.001
0.390151461,-0.1206,0.9924,-0.0386,1.000
0.393036,-0.1211,0.9932,-0.0361,1.001
0.394610231,-0.1204,0.9944,-0.0381,1.002
0.396947769,-0.1194,0.9924,-0.0384,1.000
0.399387692,-0.1208,0.9949,-0.0396,1.003
0.401694769,-0.1196,0.9968,-0.0386,1.005
0.404115154,-0.1199,0.9981,-0.0366,1.006
0.406902154,-0.1233,1.0012,-0.0359,1.009
0.409342154,-0.1220,1.0005,-0.0352,1.009
0.411528077,-0.1216,1.0022,-0.0366,1.010
0.414152077,-0.1240,1.0019,-0.0393,1.010
0.417098769,-0.1252,1.0017,-0.0412,1.010
0.418987769,-0.1257,1.0024,-0.0437,1.011
0.421450154,-0.1260,1.0017,-0.0398,1.010
0.423733231,-0.1252,1.0039,-0.0410,1.012
0.426279692,-0.1226,1.0012,-0.0417,1.010
0.428711769,-0.1199,0.9981,-0.0398,1.006
0.431441308,-0.1184,0.9975,-0.0386,1.005
0.434241538,-0.1157,0.9979,-0.0373,1.005
0.435611692,-0.1135,0.9973,-0.0393,1.005
0.438149,-0.1135,0.9975,-0.0379,1.005
0.440468615,-0.1108,0.9961,-0.0388,1.003
0.443435461,-0.1106,0.9979,-0.0388,1.005
0.445401923,-0.1106,1.0000,-0.0424,1.007
0.447842461,-0.1133,0.9998,-0.0449,1.007
0.450658769,-0.1123,1.0000,-0.0433,1.007
0.452384384,-0.1147,0.9995,-0.0415,1.007
0.455073846,-0.1174,0.9998,-0.0384,1.007
0.457535769,-0.1231,1.0015,-0.0377,1.010
0.459892692,-0.1208,1.0019,-0.0371,1.010
0.462280692,-0.1204,1.0000,-0.0379,1.008
0.464647769,-0.1218,1.0024,-0.0373,1.011
0.467053538,-0.1226,1.0024,-0.0330,1.010
0.469248615,-0.1223,1.0032,-0.0298,1.011
0.471928308,-0.1231,1.0061,-0.0303,1.014
0.474314461,-0.1243,1.0071,-0.0315,1.015
0.476589308,-0.1213,1.0039,-0.0364,1.012
0.478947154,-0.1248,1.0068,-0.0428,1.015
0.482014538,-0.1260,1.0081,-0.0435,1.017
0.486803154,-0.1269,1.0066,-0.0445,1.016
0.487312692,-0.1255,1.0056,-0.0430,1.014
0.488755384,-0.1306,1.0022,-0.0403,1.012
0.492784384,-0.1331,1.0010,-0.0440,1.011
0.493641538,-0.1348,0.9998,-0.0435,1.010
0.495931384,-0.1360,1.0007,-0.0415,1.011
0.498232384,-0.1362,0.9995,-0.0403,1.010
0.500706538,-0.1373,0.9966,-0.0368,1.007
0.502963692,-0.1401,0.9981,-0.0366,1.009
0.505617923,-0.1392,0.9968,-0.0340,1.007
0.508293538,-0.1394,0.9954,-0.0361,1.006
0.510278769,-0.1416,0.9973,-0.0396,1.008
0.513086461,-0.1421,0.9979,-0.0381,1.009
0.516550154,-0.1460,0.9981,-0.0379,1.009
0.517690538,-0.1458,0.9988,-0.0386,1.010
0.520016384,-0.1485,0.9993,-0.0377,1.011
0.522726154,-0.1465,0.9981,-0.0359,1.009
0.525018538,-0.1472,0.9979,-0.0373,1.009
0.527134461,-0.1458,1.0012,-0.0384,1.013
0.529763461,-0.1462,0.9986,-0.0354,1.010
0.533794461,-0.1436,0.9968,-0.0356,1.008
0.534772077,-0.1418,0.9954,-0.0352,1.006
0.536806538,-0.1389,0.9968,-0.0347,1.007
0.539468923,-0.1374,0.9963,-0.0379,1.006
0.542162769,-0.1369,0.9968,-0.0381,1.007
0.544247077,-0.1348,0.9983,-0.0342,1.008
0.546657308,-0.1348,0.9981,-0.0359,1.008
0.550026461,-0.1326,0.9981,-0.0354,1.007
0.551290846,-0.1311,0.9986,-0.0344,1.008
0.553868923,-0.1264,0.9986,-0.0352,1.007
0.556240077,-0.1238,0.9998,-0.0356,1.008
0.558720384,-0.1231,1.0022,-0.0373,1.010
0.561262461,-0.1228,1.0005,-0.0379,1.009
0.564288923,-0.1245,1.0017,-0.0391,1.010
0.566798846,-0.1238,1.0037,-0.0377,1.012
0.568201538,-0.1264,1.0032,-0.0391,1.012
0.570613308,-0.1272,1.0030,-0.0428,1.012
0.574930231,-0.1260,1.0022,-0.0424,1.011
0.577135769,-0.1297,1.0007,-0.0424,1.010
0.577897846,-0.1287,0.9995,-0.0442,1.009
0.580579154,-0.1306,1.0000,-0.0422,1.009
0.585689,-0.1294,0.9981,-0.0405,1.007
0.586003384,-0.1297,0.9961,-0.0415,1.005
0.587701846,-0.1299,0.9986,-0.0408,1.008
0.593084384,-0.1289,0.9946,-0.0388,1.004
0.593695077,-0.1297,0.9958,-0.0388,1.005
0.594743461,-0.1343,0.9951,-0.0412,1.005
0.597235692,-0.1331,0.9970,-0.0400,1.007
0.599606538,-0.1324,0.9951,-0.0398,1.005
0.602492308,-0.1380,0.9946,-0.0391,1.005
0.604373846,-0.1397,0.9970,-0.0379,1.007
0.607057,-0.1392,0.9973,-0.0364,1.008
0.609125,-0.1373,0.9979,-0.0352,1.008
0.611533538,-0.1394,0.9983,-0.0377,1.009
0.613979461,-0.1355,0.9998,-0.0386,1.010
0.616659077,-0.1336,0.9998,-0.0396,1.009
0.618889231,-0.1336,1.0000,-0.0373,1.010
0.621513615,-0.1329,0.9998,-0.0379,1.009
0.623811692,-0.1287,0.9991,-0.0359,1.008
0.626055154,-0.1294,0.9988,-0.0361,1.008
0.628808077,-0.1285,1.0007,-0.0361,1.010
0.632555692,-0.1257,1.0022,-0.0359,1.011
0.633489538,-0.1257,1.0054,-0.0332,1.014
0.635880692,-0.1269,1.0027,-0.0354,1.011
0.638658154,-0.1255,1.0061,-0.0330,1.014
0.641004077,-0.1255,1.0054,-0.0371,1.014
0.643157,-0.1272,1.0061,-0.0368,1.015
0.645812384,-0.1301,1.0079,-0.0359,1.017
0.648991461,-0.1297,1.0056,-0.0356,1.015
0.650321,-0.1304,1.0049,-0.0373,1.014
0.652585308,-0.1326,1.0059,-0.0393,1.015
0.655278231,-0.1324,1.0005,-0.0388,1.010
0.658232,-0.1326,1.0007,-0.0408,1.010
0.66014,-0.1357,0.9993,-0.0422,1.009
0.662394461,-0.1331,0.9986,-0.0424,1.008
0.664887461,-0.1345,0.9991,-0.0420,1.009
0.667021615,-0.1336,0.9958,-0.0400,1.006
0.669519692,-0.1331,0.9944,-0.0430,1.004
0.671898846,-0.1320,0.9937,-0.0437,1.003
0.674457,-0.1318,0.9956,-0.0430,1.005
0.676766231,-0.1313,0.9961,-0.0440,1.006
0.679440308,-0.1277,0.9951,-0.0430,1.004
0.681814231,-0.1250,0.9946,-0.0422,1.003
0.684384384,-0.1257,0.9946,-0.0405,1.003
0.686597923,-0.1243,0.9949,-0.0388,1.003
0.693188384,-0.1238,0.9961,-0.0379,1.004
0.693736692,-0.1262,0.9963,-0.0410,1.005
0.694025846,-0.1269,0.9979,-0.0386,1.007
0.699112615,-0.1255,1.0010,-0.0377,1.010
0.699538461,-0.1280,1.0012,-0.0386,1.010
0.700788615,-0.1304,1.0015,-0.0381,1.011
0.703315154,-0.1338,1.0003,-0.0368,1.010
0.705894154,-0.1316,1.0007,-0.0356,1.010
0.709009846,-0.1348,1.0027,-0.0342,1.012
0.710830538,-0.1343,1.0012,-0.0342,1.011
0.713136077,-0.1378,1.0005,-0.0337,1.011
0.715448923,-0.1360,1.0017,-0.0342,1.012
0.717772692,-0.1329,1.0000,-0.0344,1.009
0.720570154,-0.1326,0.9983,-0.0347,1.008
0.723399692,-0.1289,0.9975,-0.0354,1.006
0.724848923,-0.1257,0.9975,-0.0368,1.006
0.727533308,-0.1248,0.9961,-0.0381,1.005
0.729897923,-0.1269,1.0007,-0.0388,1.009
0.732159384,-0.1257,0.9995,-0.0400,1.008
0.734941923,-0.1285,0.9988,-0.0424,1.008
0.737812308,-0.1272,1.0030,-0.0417,1.012
0.740009923,-0.1285,1.0005,-0.0412,1.010
0.741779461,-0.1287,1.0000,-0.0417,1.009
0.744442846,-0.1264,0.9975,-0.0410,1.006
0.747594538,-0.1275,0.9966,-0.0433,1.006
0.749022154,-0.1285,0.9993,-0.0412,1.008
0.751400923,-0.1243,0.9979,-0.0433,1.006
0.753951692,-0.1245,0.9983,-0.0408,1.007
0.756545308,-0.1226,1.0010,-0.0415,1.009
0.760511692,-0.1260,1.0030,-0.0386,1.012
0.761553923,-0.1289,1.0039,-0.0396,1.013
0.764480692,-0.1255,1.0049,-0.0371,1.013
0.765908692,-0.1304,1.0010,-0.0364,1.010
0.768370538,-0.1333,1.0000,-0.0368,1.010
0.771348384,-0.1331,1.0007,-0.0398,1.010
0.773552308,-0.1387,1.0012,-0.0396,1.012
0.775685846,-0.1394,1.0035,-0.0412,1.014
0.778287077,-0.1423,1.0010,-0.0405,1.012
0.780527769,-0.1448,0.9993,-0.0424,1.011
0.782737308,-0.1470,1.0003,-0.0437,1.012
0.785613923,-0.1462,0.9995,-0.0428,1.011
0.787843384,-0.1467,1.0012,-0.0435,1.013
0.793674538,-0.1480,1.0003,-0.0424,1.012
0.794084,-0.1472,0.9970,-0.0435,1.009
0.795516923,-0.1434,0.9954,-0.0430,1.007
0.799247461,-0.1404,0.9966,-0.0417,1.007
0.799785846,-0.1389,0.9944,-0.0422,1.005
0.802441308,-0.1350,0.9954,-0.0384,1.005
0.805337,-0.1353,0.9973,-0.0379,1.007
0.806901308,-0.1329,0.9951,-0.0393,1.005
0.809308615,-0.1287,0.9968,-0.0354,1.006
0.811841923,-0.1289,0.9986,-0.0381,1.008
0.814360384,-0.1257,0.9970,-0.0420,1.006
0.816670769,-0.1285,1.0000,-0.0428,1.009
0.819313308,-0.1252,0.9986,-0.0412,1.007
0.821905615,-0.1264,1.0010,-0.0398,1.010
0.823802538,-0.1233,1.0010,-0.0410,1.009
0.826660692,-0.1216,1.0015,-0.0391,1.010
0.828828923,-0.1223,1.0024,-0.0400,1.011
0.831296,-0.1208,0.9995,-0.0373,1.007
0.833658231,-0.1208,1.0024,-0.0368,1.010
0.836442846,-0.1171,1.0037,-0.0384,1.011
0.838680384,-0.1162,1.0039,-0.0364,1.011
0.840671769,-0.1145,1.0017,-0.0344,1.009
0.843518846,-0.1145,1.0037,-0.0347,1.011
0.846890538,-0.1150,1.0030,-0.0381,1.010
0.847974154,-0.1147,1.0005,-0.0391,1.008
0.850292308,-0.1177,1.0047,-0.0379,1.012
0.853098538,-0.1204,1.0022,-0.0371,1.010
0.855488308,-0.1204,1.0010,-0.0359,1.009
0.858337846,-0.1211,1.0024,-0.0344,1.010
0.860584384,-0.1231,1.0022,-0.0368,1.010
0.863866461,-0.1208,1.0015,-0.0379,1.009
0.864979461,-0.1164,0.9991,-0.0386,1.007
0.867247692,-0.1167,0.9956,-0.0415,1.003
0.869848692,-0.1150,0.9970,-0.0433,1.005
0.872260308,-0.1145,0.9966,-0.0437,1.004
0.874833923,-0.1140,0.9986,-0.0447,1.006
0.877085923,-0.1145,0.9983,-0.0396,1.006
0.879628384,-0.1155,0.9983,-0.0388,1.006
0.881708615,-0.1152,0.9983,-0.0384,1.006
0.884629538,-0.1145,0.9981,-0.0364,1.005
0.891057615,-0.1143,0.9981,-0.0373,1.005
0.891405846,-0.1155,1.0005,-0.0405,1.008
0.891700615,-0.1162,0.9998,-0.0417,1.007
0.894087154,-0.1155,0.9966,-0.0424,1.004
0.896282769,-0.1164,0.9975,-0.0433,1.005
0.898486769,-0.1184,0.9970,-0.0437,1.005
0.901441846,-0.1184,0.9954,-0.0398,1.003
0.904343077,-0.1196,0.9963,-0.0391,1.004
0.905824077,-0.1187,0.9966,-0.0391,1.004
0.908362538,-0.1189,0.9951,-0.0373,1.003
0.910925,-0.1199,0.9934,-0.0352,1.001
0.913538846,-0.1194,0.9900,-0.0356,0.998
0.915550154,-0.1208,0.9900,-0.0354,0.998
0.918282461,-0.1228,0.9868,-0.0347,0.995
0.920626769,-0.1233,0.9861,-0.0364,0.994
0.922802846,-0.1243,0.9858,-0.0403,0.994
0.925116,-0.1238,0.9839,-0.0442,0.993
0.927801615,-0.1255,0.9888,-0.0459,0.998
0.930608692,-0.1243,0.9912,-0.0473,1.000
0.932534846,-0.1213,0.9954,-0.0449,1.004
0.935143077,-0.1213,0.9993,-0.0473,1.008
0.937838538,-0.1180,1.0010,-0.0471,1.009
0.939641231,-0.1115,1.0071,-0.0476,1.014
0.942061,-0.1118,1.0093,-0.0484,1.017
0.947009,-0.1087,1.0100,-0.0445,1.017
0.947522538,-0.1045,1.0110,-0.0435,1.017
0.949363384,-0.0989,1.0088,-0.0412,1.014
0.952698461,-0.1001,1.0081,-0.0371,1.014
0.954360923,-0.1001,1.0086,-0.0332,1.014
0.957894538,-0.1045,1.0079,-0.0296,1.014
0.959599077,-0.1076,1.0068,-0.0276,1.013
0.962779769,-0.1113,1.0073,-0.0271,1.014
0.964027461,-0.1150,1.0042,-0.0312,1.011
0.967030154,-0.1184,1.0017,-0.0303,1.009
0.968809615,-0.1223,1.0049,-0.0303,1.013
0.971533923,-0.1269,1.0027,-0.0307,1.011
0.973425846,-0.1294,1.0037,-0.0288,1.012
0.975857538,-0.1345,1.0049,-0.0319,1.014
0.979059077,-0.1380,1.0042,-0.0324,1.014
0.980537,-0.1374,1.0068,-0.0354,1.017
0.983026846,-0.1399,1.0068,-0.0364,1.017
0.985600923,-0.1411,1.0086,-0.0400,1.019
0.990328384,-0.1453,1.0098,-0.0428,1.021
0.990865231,-0.1504,1.0098,-0.0440,1.022
0.993450538,-0.1541,1.0112,-0.0445,1.024
0.995092308,-0.1619,1.0068,-0.0420,1.021
0.997397846,-0.1680,1.0086,-0.0435,1.023
1.000198846,-0.1727,1.0068,-0.0430,1.022
1.003305923,-0.1776,1.0073,-0.0428,1.024
1.004583692,-0.1807,1.0042,-0.0440,1.021
1.007366769,-0.1849,1.0049,-0.0449,1.023
1.009831384,-0.1893,1.0022,-0.0417,1.021
1.012282461,-0.1934,1.0047,-0.0364,1.024
1.014502769,-0.1970,1.0044,-0.0315,1.024
1.017261538,-0.1937,1.0049,-0.0279,1.024
1.020355384,-0.1963,1.0027,-0.0271,1.022
1.021735154,-0.1946,1.0005,-0.0281,1.020
1.024314769,-0.1949,0.9973,-0.0259,1.017
1.026753,-0.1958,0.9949,-0.0276,1.014
1.029478461,-0.1942,0.9898,-0.0268,1.009
1.031403769,-0.1895,0.9907,-0.0324,1.009
1.033888615,-0.1883,0.9851,-0.0359,1.004
1.036828077,-0.1861,0.9844,-0.0393,1.003
1.038420923,-0.1829,0.9863,-0.0381,1.004
1.041184,-0.1824,0.9858,-0.0391,1.003
1.043588,-0.1814,0.9907,-0.0396,1.008
1.045818231,-0.1800,0.9946,-0.0386,1.011
1.048267769,-0.1812,1.0010,-0.0377,1.018
1.050831384,-0.1772,1.0039,-0.0368,1.020
1.053606231,-0.1785,1.0024,-0.0356,1.019
1.055560923,-0.1770,1.0037,-0.0340,1.020
1.057990769,-0.1768,1.0068,-0.0379,1.023
1.061353538,-0.1741,1.0076,-0.0430,1.023
1.062529923,-0.1741,1.0128,-0.0476,1.029
1.065114231,-0.1712,1.0105,-0.0461,1.026
1.068241846,-0.1690,1.0135,-0.0452,1.028
1.070232077,-0.1678,1.0147,-0.0433,1.029
1.072475077,-0.1629,1.0161,-0.0408,1.030
1.075026538,-0.1583,1.0191,-0.0412,1.032
1.078019384,-0.1497,1.0174,-0.0354,1.029
1.079461923,-0.1413,1.0159,-0.0310,1.026
1.082074461,-0.1357,1.0147,-0.0274,1.024
1.084574846,-0.1264,1.0125,-0.0251,1.021
1.089263384,-0.1189,1.0149,-0.0271,1.022
1.089587769,-0.1164,1.0125,-0.0303,1.020
1.091806461,-0.1140,1.0081,-0.0293,1.015
1.094898231,-0.1145,1.0079,-0.0307,1.015
1.096307154,-0.1152,1.0081,-0.0303,1.015
1.099215384,-0.1143,1.0056,-0.0288,1.012
1.101577308,-0.1199,1.0051,-0.0310,1.013
1.103766769,-0.1240,1.0047,-0.0366,1.013
1.106068615,-0.1280,1.0068,-0.0373,1.016
1.108738846,-0.1357,1.0073,-0.0364,1.017
1.111493923,-0.1404,1.0105,-0.0371,1.021
1.113266769,-0.1446,1.0112,-0.0398,1.022
1.115863769,-0.1485,1.0119,-0.0417,1.024
1.119614846,-0.1474,1.0098,-0.0412,1.021
1.120411384,-0.1518,1.0098,-0.0352,1.022
1.12316,-0.1534,1.0128,-0.0266,1.025
1.125561538,-0.1583,1.0156,-0.0232,1.028
1.133085,-0.1629,1.0179,-0.0225,1.031
1.133458231,-0.1660,1.0168,-0.0315,1.031
1.133773308,-0.1697,1.0147,-0.0396,1.030
1.135632615,-0.1768,1.0135,-0.0391,1.030
1.137272692,-0.1826,1.0132,-0.0361,1.030
1.139727769,-0.1868,1.0068,-0.0347,1.025
1.142251769,-0.1924,1.0027,-0.0274,1.021
1.144595154,-0.1958,0.9983,-0.0232,1.018
1.147031384,-0.2047,0.9924,-0.0186,1.014
1.149570538,-0.2061,0.9934,-0.0166,1.015
1.152144077,-0.2081,0.9900,-0.0124,1.012
1.154135154,-0.2098,0.9870,-0.0095,1.009
1.156925923,-0.2119,0.9863,-0.0061,1.009
1.159204384,-0.2110,0.9883,-0.0051,1.011
1.162179769,-0.2079,0.9886,-0.0034,1.010
1.164085,-0.2039,0.9888,-0.0026,1.010
1.167593308,-0.2019,0.9926,-0.0014,1.013
1.169048692,-0.1976,0.9958,-0.0012,1.015
1.171042231,-0.1973,0.9944,-0.0026,1.014
1.173554461,-0.1966,0.9983,0.0009,1.017
1.176201615,-0.1970,1.0030,0.0014,1.022
1.178214154,-0.1970,1.0051,0.0053,1.024
1.180838154,-0.1993,1.0098,0.0095,1.029
1.183289615,-0.1981,1.0098,0.0114,1.029
1.186072692,-0.2000,1.0122,0.0158,1.032
1.187860615,-0.2012,1.0117,0.0207,1.032
1.190736923,-0.1995,1.0100,0.0244,1.030
1.193241,-0.1956,1.0105,0.0276,1.030
1.195404615,-0.1944,1.0054,0.0329,1.025
1.198077923,-0.1934,1.0030,0.0356,1.022
1.201010231,-0.1924,0.9970,0.0386,1.016
1.202627077,-0.1886,0.9951,0.0395,1.014
1.204980615,-0.1863,0.9954,0.0421,1.014
1.207473308,-0.1832,0.9905,0.0412,1.008
1.210000692,-0.1802,0.9858,0.0405,1.003
1.212009,-0.1765,0.9821,0.0395,0.999
1.214626769,-0.1707,0.9805,0.0375,0.996
1.219265538,-0.1660,0.9807,0.0397,0.995
1.219937615,-0.1597,0.9807,0.0363,0.994
1.221759769,-0.1534,0.9809,0.0344,0.993
1.224042769,-0.1482,0.9805,0.0326,0.992
1.226432384,-0.1387,0.9839,0.0307,0.994
1.229148692,-0.1338,0.9874,0.0314,0.997
1.231457308,-0.1277,0.9888,0.0295,0.997
1.234425923,-0.1223,0.9923,0.0276,1.000
1.236061615,-0.1196,0.9970,0.0248,1.004
1.238635769,-0.1159,0.9981,0.0248,1.005
1.241124077,-0.1143,1.0019,0.0239,1.009
1.243564692,-0.1128,1.0017,0.0239,1.008
1.245939692,-0.1106,1.0035,0.0229,1.010
1.248615692,-0.1118,1.0049,0.0221,1.011
1.250894769,-0.1118,1.0012,0.0256,1.008
1.254031154,-0.1089,1.0030,0.0244,1.009
1.255597,-0.1082,1.0035,0.0265,1.010
1.258018769,-0.1099,1.0027,0.0304,1.009
1.260348077,-0.1108,1.0030,0.0334,1.010
1.263174538,-0.1101,1.0051,0.0365,1.012
1.265482846,-0.1123,1.0049,0.0361,1.012
1.268557846,-0.1177,1.0054,0.0375,1.013
1.269930154,-0.1211,1.0105,0.0434,1.019
1.272551384,-0.1250,1.0119,0.0495,1.021
1.275804923,-0.1318,1.0156,0.0539,1.026
1.277243077,-0.1345,1.0193,0.0593,1.030
1.279705,-0.1373,1.0224,0.0624,1.034
1.282198846,-0.1416,1.0230,0.0691,1.035
1.287109615,-0.1443,1.0208,0.0654,1.033
1.287496384,-0.1434,1.0203,0.0640,1.032
1.289769846,-0.1421,1.0179,0.0615,1.030
1.293666154,-0.1369,1.0164,0.0593,1.027
1.293999385,-0.1304,1.0144,0.0593,1.024
1.296513538,-0.1238,1.0132,0.0514,1.022
1.299293923,-0.1177,1.0073,0.0473,1.015
1.301561846,-0.1094,1.0103,0.0407,1.017
1.303854231,-0.1015,1.0079,0.0329,1.013
1.306441308,-0.0964,1.0049,0.0281,1.010
1.308914846,-0.0898,1.0019,0.0234,1.006
1.311513923,-0.0815,0.9986,0.0180,1.002
1.313693846,-0.0761,0.9975,0.0167,1.001
1.317072308,-0.0710,0.9949,0.0127,0.998
1.318167385,-0.0651,0.9917,0.0087,0.994
1.320938231,-0.0588,0.9893,0.0062,0.991
1.323321615,-0.0517,0.9895,0.0002,0.991
1.325897846,-0.0421,0.9870,-0.0017,0.988
1.328193308,-0.0363,0.9924,-0.0009,0.993
1.330601,-0.0314,0.9926,0.0016,0.993
1.333690231,-0.0265,0.9983,0.0075,0.999
1.335188692,-0.0207,1.0030,0.0102,1.003
1.337749538,-0.0141,1.0079,0.0153,1.008
1.340242231,-0.0087,1.0130,0.0221,1.013
1.342647154,-0.0085,1.0125,0.0244,1.013
1.345119461,-0.0065,1.0135,0.0290,1.014
1.347462846,-0.0078,1.0122,0.0304,1.013
1.350434846,-0.0072,1.0137,0.0309,1.014
1.352029538,-0.0075,1.0135,0.0300,1.014
1.354468923,-0.0106,1.0119,0.0321,1.012
1.357088077,-0.0139,1.0105,0.0268,1.011
1.359454231,-0.0146,1.0088,0.0260,1.009
1.361568077,-0.0170,1.0098,0.0270,1.010
1.364286538,-0.0151,1.0081,0.0281,1.009
1.366806231,-0.0124,1.0086,0.0300,1.009
1.368866231,-0.0087,1.0088,0.0344,1.009
1.371594461,-0.0080,1.0071,0.0395,1.008
1.375039154,-0.0038,1.0056,0.0446,1.007
1.37608,-0.0011,1.0015,0.0488,1.003
1.378755077,-0.0009,1.0027,0.0519,1.004
1.381433538,-0.0023,0.9991,0.0519,1.000
1.383898231,-0.0078,0.9991,0.0502,1.000
1.385864923,-0.0180,0.9968,0.0498,0.998
1.388481,-0.0256,0.9993,0.0522,1.001
1.394737231,-0.0353,0.9995,0.0556,1.002
1.395361308,-0.0465,1.0073,0.0651,1.011
1.395643385,-0.0561,1.0093,0.0684,1.013
1.400362154,-0.0656,1.0100,0.0740,1.015
1.400824308,-0.0732,1.0128,0.0771,1.018
1.402584077,-0.0808,1.0115,0.0798,1.018
1.405129231,-0.0815,1.0098,0.0913,1.017
1.407699692,-0.0849,1.0112,0.0991,1.020
1.409833923,-0.0879,1.0154,0.1076,1.025
1.412651461,-0.0881,1.0215,0.1138,1.032
1.415032308,-0.0903,1.0293,0.1171,1.040
1.417221923,-0.0889,1.0386,0.1133,1.048
1.419626154,-0.0864,1.0435,0.1089,1.053
1.422704615,-0.0756,1.0418,0.1062,1.050
1.424750538,-0.0532,1.0333,0.1059,1.040
1.426770769,-0.0176,1.0186,0.1020,1.024
1.429658846,0.0268,0.9970,0.0975,1.002
1.431861846,0.0750,0.9714,0.1040,0.980
1.434155154,0.1265,0.9478,0.1355,0.966
1.437092077,0.1688,0.9323,0.1795,0.964
1.439337615,0.2084,0.9243,0.2152,0.972
1.442088923,0.2306,0.9282,0.2379,0.986
1.445353615,0.2345,0.9378,0.2442,0.997
1.446483692,0.2199,0.9555,0.2298,1.007
1.449573923,0.1959,0.9778,0.2049,1.018
1.450913923,0.1712,1.0030,0.1895,1.035
1.453361846,0.1465,1.0279,0.1824,1.054
1.455948923,0.1295,1.0528,0.2030,1.080
1.458498461,0.1211,1.0674,0.2438,1.102
1.460702769,0.1272,1.0778,0.3011,1.126
1.463398461,0.1434,1.0799,0.3571,1.146
1.465845308,0.1600,1.0826,0.4013,1.166
1.467720923,0.1722,1.0843,0.4245,1.177
1.470624615,0.1712,1.0875,0.4241,1.180
1.472762538,0.1619,1.0906,0.4099,1.176
1.475130538,0.1456,1.0941,0.3910,1.171
1.477704923,0.1197,1.0983,0.3703,1.165
1.480358846,0.0938,1.1002,0.3542,1.160
1.482627077,0.0750,1.0958,0.3402,1.150
1.484910538,0.0647,1.0880,0.3274,1.138
1.487425846,0.0608,1.0809,0.3178,1.128
1.493432615,0.0562,1.0720,0.3032,1.116
1.493794461,0.0564,1.0620,0.2865,1.101
1.494328692,0.0503,1.0555,0.2623,1.089
1.497382461,0.0564,1.0479,0.2289,1.074
1.499382846,0.0652,1.0328,0.1973,1.053
1.501601615,0.0811,1.0188,0.1629,1.035
1.504331077,0.0941,1.0039,0.1321,1.017
1.507266769,0.1002,0.9814,0.1157,0.993
1.508880615,0.1026,0.9602,0.1074,0.972
1.511154154,0.0913,0.9394,0.1055,0.950
1.513852308,0.0684,0.9223,0.1031,0.931
1.516153538,0.0359,0.9101,0.0991,0.916
1.518709308,-0.0004,0.8989,0.0994,0.904
1.521615154,-0.0444,0.8954,0.1071,0.903
1.523606846,-0.0874,0.8971,0.1138,0.909
1.525639077,-0.1289,0.9062,0.1194,0.923
1.528331385,-0.1653,0.9201,0.1206,0.943
1.531681308,-0.1961,0.9348,0.1177,0.962
1.532809308,-0.2215,0.9485,0.1123,0.980
1.536054769,-0.2386,0.9648,0.1113,1.000
1.537925923,-0.2533,0.9770,0.1101,1.015
1.540505538,-0.2599,0.9898,0.1055,1.029
1.542529615,-0.2780,1.0017,0.0991,1.044
1.545339154,-0.2946,1.0061,0.1001,1.053
1.548374769,-0.3097,1.0098,0.0947,1.060
1.549802538,-0.3261,1.0093,0.0825,1.064
1.552266154,-0.3430,1.0076,0.0737,1.067
1.554747077,-0.3593,1.0017,0.0630,1.066
1.557202538,-0.3786,0.9946,0.0547,1.066
1.560424385,-0.3940,0.9868,0.0427,1.063
1.562401308,-0.4062,0.9763,0.0241,1.058
1.565191769,-0.4140,0.9675,-0.0061,1.052
1.566740077,-0.4157,0.9578,-0.0288,1.044
1.569324692,-0.4162,0.9460,-0.0417,1.034
1.572913,-0.4150,0.9323,-0.0491,1.022
1.573938461,-0.4187,0.9148,-0.0577,1.008
1.576489538,-0.4255,0.8962,-0.0804,0.995
1.578949308,-0.4378,0.8712,-0.1207,0.982
1.581499769,-0.4453,0.8486,-0.1712,0.973
1.583591769,-0.4497,0.8246,-0.2284,0.967
1.586399692,-0.4495,0.8034,-0.2914,0.966
1.592812692,-0.4431,0.7796,-0.3650,0.968
1.593445231,-0.4220,0.7569,-0.4368,0.971
1.593732385,-0.4024,0.7364,-0.5094,0.982
1.596165308,-0.3798,0.7247,-0.5663,0.995
1.598451692,-0.3488,0.7147,-0.6037,0.998
1.600343077,-0.3127,0.7051,-0.6286,0.995
1.603288692,-0.2848,0.7125,-0.6755,1.022
1.605757846,-0.2540,0.7279,-0.7398,1.068
1.607584615,-0.2147,0.7440,-0.7826,1.101
1.610288923,-0.1665,0.7557,-0.7852,1.102
1.613034461,-0.1131,0.7596,-0.7454,1.070
1.615064692,-0.0486,0.7628,-0.6785,1.022
1.617245615,0.0266,0.7647,-0.6012,0.973
1.619916,0.1158,0.7736,-0.5123,0.935
1.622733,0.2243,0.7948,-0.4107,0.922
1.624505,0.3520,0.8327,-0.2968,0.952
1.627371154,0.4969,0.8849,-0.1444,1.025
1.629550769,0.6564,0.9495,0.0735,1.157
1.632025308,0.8593,1.0005,0.3153,1.356
1.634275692,1.0176,1.1185,0.4665,1.582
1.637183692,1.1915,1.1822,0.4556,1.739
1.639665538,1.1840,1.3611,0.6750,1.926
1.641625615,1.1287,1.5719,0.8445,2.111
1.644633615,1.0545,1.7307,0.9975,2.259
1.647640615,0.9797,1.8267,1.0791,2.337
1.648709308,0.8763,1.8495,1.0586,2.304
1.651165308,0.7425,1.8004,0.9105,2.150
1.653892385,0.5639,1.6863,0.6188,1.883
1.656132077,0.3767,1.5478,0.2846,1.618
1.658444923,0.2374,1.3955,-0.0110,1.416
1.660832923,0.1586,1.2318,-0.2264,1.262
1.663653538,0.1109,1.0765,-0.2965,1.122
1.665482461,0.0750,0.9563,-0.3137,1.009
1.667939385,0.0562,0.8549,-0.2895,0.904
1.670416615,0.0163,0.7918,-0.2788,0.840
1.672824692,-0.0295,0.7652,-0.1957,0.790
1.675137538,-0.0791,0.7531,-0.1446,0.771
1.678049615,-0.1465,0.7694,-0.1437,0.796
1.680387692,-0.1809,0.8083,-0.0168,0.828
1.682490846,-0.1805,0.8481,-0.0030,0.867
1.685206846,-0.1719,0.8598,-0.0613,0.879
1.692488385,-0.1846,0.8615,-0.0892,0.886
1.693329615,-0.1949,0.8813,-0.0706,0.905
1.693728385,-0.2061,0.8984,-0.0498,0.923
1.695170538,-0.2235,0.9199,-0.0183,0.947
1.697445615,-0.2413,0.9345,-0.0271,0.966
1.699256308,-0.2228,0.9443,-0.0359,0.971
1.701813308,-0.1849,0.9441,-0.0591,0.964
1.704941923,-0.1597,0.9387,-0.1390,0.962
1.706616308,-0.1499,0.9267,-0.2462,0.971
1.708992,-0.1514,0.9059,-0.3330,0.977
1.711493,-0.1575,0.8779,-0.3745,0.967
1.713918846,-0.1783,0.8622,-0.3853,0.961
1.717039461,-0.2132,0.8583,-0.3718,0.959
1.719310154,-0.2484,0.8649,-0.3415,0.962
1.721841308,-0.2855,0.8742,-0.3032,0.968
1.723511461,-0.3139,0.8889,-0.2655,0.979
1.726298769,-0.3402,0.9038,-0.2296,0.993
1.728980385,-0.3530,0.9199,-0.1961,1.005
1.730898231,-0.3591,0.9331,-0.1617,1.013
1.733017,-0.3579,0.9458,-0.1316,1.020
1.736270846,-0.3417,0.9531,-0.1031,1.018
1.738523769,-0.3181,0.9621,-0.0662,1.016
1.740601231,-0.2890,0.9690,-0.0293,1.012
1.743152,-0.2459,0.9830,0.0400,1.014
1.745699461,-0.2186,0.9970,0.0720,1.023
1.747966769,-0.1990,1.0188,0.1071,1.044
1.749990154,-0.1839,1.0462,0.1602,1.074
1.752841538,-0.1781,1.0862,0.2205,1.123
1.755171385,-0.1816,1.1302,0.2843,1.179
1.757244692,-0.1858,1.1808,0.3473,1.245
1.760161538,-0.1914,1.2265,0.4008,1.304
1.762866846,-0.2012,1.2697,0.4350,1.357
1.764797308,-0.2154,1.2998,0.4470,1.391
1.766889846,-0.2284,1.3161,0.4380,1.406
1.769774461,-0.2349,1.3174,0.4226,1.403
1.772396692,-0.2310,1.3059,0.4040,1.386
1.774223461,-0.2196,1.2800,0.3840,1.354
1.776771154,-0.1956,1.2463,0.3596,1.312
1.780273308,-0.1632,1.2038,0.3349,1.260
1.781347385,-0.1275,1.1584,0.3085,1.205
1.784233231,-0.0833,1.1092,0.2778,1.146
1.786325923,-0.0372,1.0613,0.2469,1.090
1.792584923,-0.0018,1.0193,0.2161,1.042
1.793102538,0.0261,0.9819,0.1868,1.000
1.794399077,0.0442,0.9502,0.1621,0.965
1.797476,0.0540,0.9248,0.1392,0.937
1.798137923,0.0496,0.9062,0.1194,0.915
1.800568077,0.0405,0.8898,0.1010,0.896
1.804635461,0.0263,0.8796,0.0864,0.884
1.805415461,0.0037,0.8724,0.0730,0.876
1.808224077,-0.0178,0.8674,0.0637,0.870
1.810340615,-0.0419,0.8649,0.0561,0.868
1.813475769,-0.0684,0.8644,0.0542,0.869
1.815329846,-0.0893,0.8676,0.0525,0.874
1.817768615,-0.1140,0.8735,0.0563,0.883
1.820677615,-0.1369,0.8786,0.0640,0.891
1.822228308,-0.1629,0.8876,0.0744,0.906
1.825039154,-0.1856,0.9013,0.0884,0.924
1.827326154,-0.2047,0.9176,0.1055,0.946
1.829784923,-0.2230,0.9378,0.1223,0.972
1.832255154,-0.2406,0.9595,0.1378,0.999
1.834690538,-0.2447,0.9837,0.1518,1.025
1.837737538,-0.2496,1.0061,0.1599,1.049
1.839270538,-0.2394,1.0317,0.1653,1.072
1.841884692,-0.2276,1.0508,0.1651,1.088
1.844268308,-0.2130,1.0697,0.1592,1.102
1.846429923,-0.1998,1.0841,0.1541,1.113
1.848855077,-0.1834,1.0929,0.1460,1.118
1.851546461,-0.1697,1.0995,0.1387,1.121
1.854379077,-0.1551,1.1011,0.1294,1.119
1.856316385,-0.1425,1.0962,0.1159,1.112
1.858653846,-0.1301,1.0914,0.0994,1.104
1.861909923,-0.1155,1.0816,0.0742,1.090
1.863401923,-0.0996,1.0662,0.0519,1.072
1.865814154,-0.0828,1.0499,0.0321,1.054
1.868226538,-0.0673,1.0382,0.0097,1.040
1.870661615,-0.0549,1.0230,-0.0063,1.024
1.872901231,-0.0451,1.0117,-0.0244,1.013
1.876328308,-0.0405,1.0024,-0.0359,1.004
1.879788077,-0.0344,1.0000,-0.0415,1.001
1.880888,-0.0295,1.0017,-0.0471,1.003
1.882639077,-0.0253,1.0047,-0.0489,1.006
1.885114461,-0.0199,1.0122,-0.0547,1.014
1.889680692,-0.0197,1.0212,-0.0584,1.023
1.890192,-0.0214,1.0322,-0.0628,1.034
1.893705615,-0.0253,1.0443,-0.0677,1.047
1.895144308,-0.0312,1.0513,-0.0747,1.054
1.897244923,-0.0358,1.0538,-0.0787,1.057
1.899547154,-0.0456,1.0538,-0.0811,1.058
1.902511077,-0.0551,1.0464,-0.0762,1.051
1.904238461,-0.0675,1.0391,-0.0703,1.044
1.906853538,-0.0798,1.0279,-0.0654,1.033
1.909234769,-0.0966,1.0171,-0.0613,1.024
1.911764923,-0.1113,1.0061,-0.0591,1.014
1.914205923,-0.1285,0.9914,-0.0540,1.001
1.916662769,-0.1394,0.9809,-0.0493,0.992
1.919641308,-0.1438,0.9729,-0.0417,0.984
1.921126846,-0.1416,0.9680,-0.0319,0.979
1.923617231,-0.1387,0.9626,-0.0237,0.973
1.926173538,-0.1299,0.9553,-0.0151,0.964
1.928580615,-0.1220,0.9543,-0.0146,0.962
1.930957923,-0.1162,0.9555,-0.0176,0.963
1.933218846,-0.1076,0.9588,-0.0195,0.965
1.936938538,-0.1047,0.9656,-0.0261,0.972
1.938020615,-0.1028,0.9721,-0.0312,0.978
1.940488615,-0.1018,0.9788,-0.0319,0.985
1.943007154,-0.1008,0.9839,-0.0312,0.990
1.945296,-0.1040,0.9932,-0.0342,0.999
1.947708308,-0.1031,0.9983,-0.0312,1.004
1.951252615,-0.1008,0.9993,-0.0291,1.005
1.953499769,-0.1003,0.9993,-0.0235,1.005
1.955236308,-0.0957,0.9942,-0.0137,0.999
1.957696692,-0.0917,0.9863,-0.0046,0.991
1.961606538,-0.0810,0.9776,0.0050,0.981
1.962174154,-0.0647,0.9651,0.0102,0.967
1.964656308,-0.0446,0.9585,0.0151,0.960
1.967529231,-0.0227,0.9565,0.0214,0.957
1.969585923,0.0032,0.9623,0.0248,0.963
1.971917538,0.0286,0.9734,0.0285,0.974
1.974403769,0.0557,0.9905,0.0251,0.992
1.977497846,0.0829,1.0132,0.0185,1.017
1.979266461,0.1036,1.0396,0.0114,1.045
1.981858769,0.1229,1.0587,0.0014,1.066
1.984225846,0.1307,1.0804,-0.0017,1.088
1.989116308,0.1385,1.0934,-0.0017,1.102
1.989715769,0.1400,1.1043,0.0016,1.113
1.992614846,0.1199,1.1163,0.0111,1.123
1.997059077,0.1163,1.1193,0.0258,1.126
1.997340385,0.0860,1.1011,0.0253,1.105
1.998223385,0.0594,1.0809,0.0200,1.083
2.001278154,0.0198,1.0620,0.0281,1.063
2.003039461,-0.0232,1.0459,0.0272,1.047
2.005753615,-0.0566,1.0291,0.0244,1.031
2.008202846,-0.0859,1.0122,0.0319,1.016
2.010664923,-0.1084,0.9963,0.0470,1.003
2.013039461,-0.1206,0.9876,0.0583,0.997
2.015575692,-0.1152,0.9770,0.0647,0.986
2.018761846,-0.1026,0.9695,0.0651,0.977
2.020123154,-0.0808,0.9660,0.0539,0.971
2.022444923,-0.0556,0.9595,0.0341,0.962
2.025075692,-0.0263,0.9585,0.0124,0.959
2.028054231,0.0002,0.9602,-0.0127,0.960
2.029739769,0.0161,0.9602,-0.0300,0.961
2.032386461,0.0284,0.9658,-0.0457,0.967
2.035348923,0.0417,0.9660,-0.0613,0.969
2.036882231,0.0428,0.9697,-0.0679,0.973
2.039499385,0.0381,0.9729,-0.0703,0.976
2.041949308,0.0249,0.9788,-0.0645,0.981
2.044367461,0.0098,0.9795,-0.0547,0.981
2.046724308,-0.0131,0.9846,-0.0481,0.986
2.049307692,-0.0344,0.9912,-0.0315,0.992
2.052145,-0.0615,0.9968,-0.0090,0.999
2.053776692,-0.0857,1.0022,0.0155,1.006
2.056611692,-0.1087,1.0093,0.0439,1.016
2.059982461,-0.1272,1.0156,0.0720,1.026
2.061002538,-0.1409,1.0166,0.0950,1.031
2.064257538,-0.1529,1.0210,0.1138,1.039
2.066381846,-0.1560,1.0240,0.1201,1.043
2.068775077,-0.1583,1.0296,0.1245,1.049
2.070928,-0.1567,1.0333,0.1257,1.053
2.073499077,-0.1499,1.0328,0.1260,1.051
2.076525846,-0.1380,1.0320,0.1262,1.049
2.077898846,-0.1157,1.0224,0.1269,1.037
2.080314538,-0.0938,1.0154,0.1233,1.027
2.083109923,-0.0700,1.0086,0.1136,1.017
2.085384077,-0.0493,1.0019,0.1020,1.008
2.087653538,-0.0288,0.9975,0.0805,1.001
2.090192692,-0.0148,0.9888,0.0617,0.991
2.095749231,-0.0034,0.9758,0.0468,0.977
2.096314461,0.0000,0.9641,0.0346,0.965
2.098639461,0.0002,0.9509,0.0253,0.951
2.100393308,-0.0072,0.9367,0.0180,0.937
2.102321846,-0.0209,0.9297,0.0202,0.930
2.104578231,-0.0361,0.9272,0.0339,0.929
2.107344385,-0.0583,0.9262,0.0470,0.929
2.109389846,-0.0779,0.9321,0.0624,0.937
2.111745538,-0.0969,0.9441,0.0847,0.953
2.114327461,-0.1180,0.9558,0.1069,0.969
2.117652,-0.1318,0.9697,0.1226,0.986
2.119221538,-0.1385,0.9863,0.1272,1.004
2.121373538,-0.1399,0.9954,0.1355,1.014
2.124057538,-0.1394,1.0081,0.1367,1.027
2.126497,-0.1406,1.0193,0.1367,1.038
2.128725,-0.1369,1.0237,0.1402,1.042
2.131094846,-0.1338,1.0315,0.1369,1.049
2.133679461,-0.1306,1.0345,0.1353,1.051
2.140831461,-0.1257,1.0376,0.1285,1.053
2.141197,-0.1115,1.0369,0.1194,1.050
2.141478538,-0.0989,1.0273,0.1103,1.038
2.143444385,-0.0864,1.0168,0.1043,1.026
2.145522154,-0.0707,1.0051,0.1003,1.013
2.14828,-0.0642,0.9966,0.1022,1.004
2.150449615,-0.0617,0.9910,0.1003,0.998
2.152731385,-0.0651,0.9912,0.0962,0.998
2.155196308,-0.0679,0.9961,0.0966,1.003
2.158242461,-0.0679,1.0076,0.0933,1.014
2.159888615,-0.0681,1.0281,0.0861,1.034
2.162261,-0.0644,1.0531,0.0720,1.057
2.165113,-0.0663,1.0834,0.0558,1.087
2.167361615,-0.0649,1.1114,0.0300,1.114
2.169544077,-0.0623,1.1388,0.0016,1.140
2.172023461,-0.0476,1.1470,-0.0168,1.148
2.174504077,-0.0202,1.1339,-0.0337,1.135
2.176735692,0.0179,1.1036,-0.0452,1.105
2.179254769,0.0469,1.0673,-0.0620,1.070
2.181490769,0.0574,1.0357,-0.0718,1.040
2.184213,0.0454,1.0119,-0.0745,1.016
2.186327385,0.0005,0.9991,-0.0713,1.002
2.189028385,-0.0630,0.9923,-0.0652,0.996
2.193255461,-0.1329,0.9830,-0.0535,0.993
2.193768692,-0.1983,0.9756,-0.0452,0.997
2.196390154,-0.2545,0.9672,-0.0420,1.001
2.199313923,-0.3053,0.9604,-0.0347,1.008
2.200749308,-0.3405,0.9570,-0.0200,1.016
2.203499077,-0.3666,0.9607,-0.0044,1.028
2.205878769,-0.3693,0.9692,0.0014,1.037
2.208399769,-0.3549,0.9797,0.0058,1.042
2.210397308,-0.3263,0.9809,0.0163,1.034
2.213254231,-0.2836,0.9768,0.0207,1.017
2.216380385,-0.2408,0.9727,0.0124,1.002
2.217697231,-0.2027,0.9788,-0.0065,1.000
2.220140308,-0.1678,0.9898,-0.0373,1.005
2.223145231,-0.1331,0.9998,-0.0711,1.011
2.225637846,-0.0979,1.0035,-0.0997,1.013
2.227509538,-0.0588,1.0007,-0.1185,1.009
2.230053,-0.0304,1.0042,-0.1263,1.013
2.233599769,-0.0124,1.0088,-0.1260,1.017
2.234638769,-0.0104,1.0203,-0.1116,1.026
2.237204077,-0.0219,1.0320,-0.0848,1.036
2.239694461,-0.0351,1.0447,-0.0584,1.047
2.242079692,-0.0530,1.0515,-0.0420,1.054
2.244433231,-0.0617,1.0484,-0.0274,1.051
2.247466461,-0.0668,1.0410,-0.0203,1.043
2.249319077,-0.0607,1.0322,-0.0107,1.034
2.251479769,-0.0502,1.0200,0.0058,1.021
2.254217231,-0.0344,1.0088,0.0192,1.010
2.256640923,-0.0141,0.9968,0.0297,0.997
2.258816692,0.0037,0.9905,0.0375,0.991
2.261378231,0.0215,0.9890,0.0412,0.990
2.264156385,0.0308,0.9917,0.0493,0.993
2.267022538,0.0342,1.0047,0.0468,1.006
2.269693231,0.0344,1.0161,0.0427,1.018
2.271086846,0.0320,1.0277,0.0393,1.029
2.274805846,0.0298,1.0403,0.0346,1.041
2.275805538,0.0215,1.0515,0.0285,1.052
2.278196308,0.0205,1.0555,0.0268,1.056
2.280616923,0.0161,1.0571,0.0248,1.058
2.283173,0.0186,1.0562,0.0214,1.057
2.285506538,0.0222,1.0555,0.0232,1.056
2.287822231,0.0263,1.0535,0.0272,1.054
2.293996077,0.0310,1.0459,0.0302,1.047
2.294348615,0.0361,1.0373,0.0321,1.038
2.295009846,0.0412,1.0254,0.0288,1.027
2.297385615,0.0442,1.0130,0.0239,1.014
2.299729538,0.0437,0.9968,0.0241,0.998
2.302149538,0.0471,0.9868,0.0202,0.988
2.304943077,0.0401,0.9776,0.0190,0.979
2.307718538,0.0361,0.9634,0.0209,0.964
2.309578846,0.0281,0.9534,0.0253,0.954
2.3123,0.0124,0.9499,0.0270,0.950
2.314408077,-0.0099,0.9509,0.0253,0.951
2.316697846,-0.0326,0.9527,0.0221,0.953
2.319275692,-0.0570,0.9585,0.0192,0.960
2.321848923,-0.0779,0.9680,0.0200,0.971
2.324570154,-0.0933,0.9795,0.0293,0.984
2.326340308,-0.1064,0.9851,0.0349,0.991
2.328980615,-0.1099,0.9898,0.0432,0.997
2.332238231,-0.1155,0.9966,0.0446,1.004
2.333634769,-0.1111,0.9966,0.0456,1.004
2.335996077,-0.1008,0.9986,0.0424,1.005
2.339377308,-0.0845,0.9934,0.0361,0.998
2.341299154,-0.0686,0.9881,0.0321,0.991
2.343454154,-0.0554,0.9890,0.0268,0.991
2.346148692,-0.0430,0.9890,0.0265,0.990
2.348600077,-0.0346,0.9834,0.0216,0.984
2.350395692,-0.0260,0.9812,0.0176,0.982
2.353174461,-0.0232,0.9776,0.0121,0.978
2.355487769,-0.0192,0.9793,0.0065,0.979
2.357835769,-0.0195,0.9851,0.0099,0.985
2.360531769,-0.0229,0.9898,0.0067,0.990
2.362847154,-0.0176,0.9924,0.0043,0.993
2.365179692,-0.0173,1.0019,0.0006,1.002
2.367391692,-0.0153,1.0098,-0.0014,1.010
2.370303769,-0.0155,1.0174,-0.0046,1.017
2.373533308,-0.0055,1.0208,-0.0070,1.021
2.374916385,0.0034,1.0252,-0.0142,1.025
2.377015769,0.0176,1.0247,-0.0134,1.025
2.379684308,0.0344,1.0233,-0.0227,1.024
2.382322154,0.0469,1.0249,-0.0239,1.026
2.384599077,0.0569,1.0247,-0.0200,1.026
2.387007461,0.0610,1.0281,-0.0188,1.030
2.389278231,0.0677,1.0269,-0.0176,1.029
2.394971461,0.0728,1.0266,-0.0227,1.029
2.395346846,0.0657,1.0305,-0.0263,1.033
2.396769615,0.0586,1.0277,-0.0305,1.030
2.400166231,0.0594,1.0184,-0.0244,1.020
2.401204385,0.0601,1.0103,-0.0274,1.012
2.403660615,0.0650,1.0010,-0.0310,1.004
2.406637308,0.0736,0.9870,-0.0266,0.990
2.408335154,0.0748,0.9802,-0.0271,0.983
2.410957846,0.0633,0.9790,-0.0205,0.981
2.413212923,0.0528,0.9825,-0.0207,0.984
2.415706769,0.0471,0.9790,-0.0158,0.980
2.418189846,0.0288,0.9881,-0.0017,0.988
2.420515461,0.0005,1.0005,0.0080,1.001
2.423527461,-0.0227,1.0093,0.0104,1.010
2.425303154,-0.0427,1.0181,0.0265,1.019
2.427745615,-0.0586,1.0273,0.0390,1.030
2.430953538,-0.0786,1.0389,0.0542,1.043
2.432388923,-0.1001,1.0396,0.0628,1.046
2.435203692,-0.1131,1.0408,0.0635,1.049
2.437408615,-0.1184,1.0342,0.0579,1.043
2.440659077,-0.1233,1.0298,0.0456,1.038
2.442323077,-0.1294,1.0286,0.0334,1.037
2.444629923,-0.1341,1.0203,0.0334,1.030
2.447932077,-0.1382,1.0149,0.0390,1.025
2.449397308,-0.1397,1.0096,0.0446,1.020
2.451870154,-0.1360,1.0042,0.0456,1.014
2.454411077,-0.1292,0.9975,0.0486,1.007
2.456755461,-0.1262,0.9886,0.0468,0.998
2.459039692,-0.1220,0.9817,0.0437,0.990
2.461844,-0.1204,0.9770,0.0414,0.985
2.464540308,-0.1147,0.9716,0.0361,0.979
2.466229923,-0.1062,0.9697,0.0293,0.976
2.468982846,-0.0984,0.9626,0.0251,0.968
2.471325231,-0.0971,0.9678,0.0232,0.973
2.474509,-0.0954,0.9741,0.0190,0.979
2.476257,-0.0877,0.9790,0.0146,0.983
2.478798538,-0.0847,0.9888,0.0176,0.993
2.481482769,-0.0737,0.9968,0.0356,1.000
2.483116923,-0.0576,1.0051,0.0579,1.008
2.485812,-0.0375,1.0128,0.0817,1.017
2.492008308,-0.0183,1.0279,0.0917,1.032
2.492326846,0.0024,1.0391,0.0903,1.043
2.492841923,0.0188,1.0513,0.0830,1.055
2.496714461,0.0305,1.0645,0.0793,1.068
2.499147077,0.0461,1.0780,0.0784,1.082
2.500063692,0.0559,1.0875,0.0710,1.091
2.502462538,0.0608,1.0914,0.0532,1.094
2.504931461,0.0457,1.0892,0.0388,1.091
2.507493538,0.0408,1.0836,0.0080,1.084
2.509778231,0.0286,1.0694,-0.0251,1.070
2.512235461,0.0107,1.0520,-0.0520,1.053
2.514870846,-0.0124,1.0305,-0.0708,1.033
2.516978231,-0.0297,1.0135,-0.0762,1.017
2.519677846,-0.0434,0.9956,-0.0750,0.999
2.522715769,-0.0561,0.9842,-0.0689,0.988
2.524099461,-0.0644,0.9716,-0.0582,0.975
2.526679692,-0.0684,0.9621,-0.0398,0.965
2.530027154,-0.0728,0.9558,-0.0249,0.959
2.531432615,-0.0700,0.9506,-0.0090,0.953
2.533738769,-0.0698,0.9465,0.0070,0.949
2.536692923,-0.0717,0.9453,0.0183,0.948
2.539283154,-0.0728,0.9434,0.0283,0.947
2.541285308,-0.0789,0.9450,0.0272,0.949
2.543779769,-0.0833,0.9529,0.0232,0.957
2.546480615,-0.0871,0.9626,0.0160,0.967
2.548197538,-0.0947,0.9724,0.0080,0.977
2.550691077,-0.1018,0.9805,0.0048,0.986
2.553014231,-0.1054,0.9878,0.0067,0.993
2.555558538,-0.1101,0.9946,0.0109,1.001
2.557791692,-0.1125,0.9979,0.0148,1.004
2.560436,-0.1125,0.9966,0.0188,1.003
2.563029231,-0.1074,0.9961,0.0214,1.002
2.565205538,-0.1013,0.9912,0.0227,0.997
2.567674461,-0.0905,0.9853,0.0251,0.990
2.571331154,-0.0810,0.9776,0.0241,0.981
2.572565923,-0.0696,0.9729,0.0204,0.976
2.574781,-0.0544,0.9741,0.0176,0.976
2.577340615,-0.0361,0.9797,0.0163,0.981
2.579692,-0.0199,0.9834,0.0170,0.984
2.581937615,-0.0021,0.9902,0.0127,0.990
2.584609308,0.0163,0.9895,0.0083,0.990
2.587249,0.0386,0.9893,-0.0002,0.990
2.592123154,0.0569,0.9890,-0.0098,0.991
2.592480692,0.0694,0.9937,-0.0193,0.996
2.595359692,0.0762,0.9983,-0.0281,1.002
2.59722,0.0852,1.0059,-0.0377,1.010
2.598815769,0.0889,1.0091,-0.0473,1.014
2.601901923,0.0916,1.0110,-0.0566,1.017
2.604893923,0.0911,1.0115,-0.0669,1.018
2.605964923,0.0948,1.0110,-0.0684,1.018
2.608448692,0.0943,1.0122,-0.0743,1.019
2.611182769,0.0909,1.0159,-0.0677,1.022
2.613571462,0.0843,1.0259,-0.0561,1.031
2.616053231,0.0776,1.0333,-0.0422,1.037
2.618363385,0.0664,1.0440,-0.0317,1.047
2.620774462,0.0461,1.0526,-0.0288,1.054
2.623038231,0.0219,1.0559,-0.0361,1.057
2.625522846,-0.0072,1.0503,-0.0415,1.051
2.627972615,-0.0430,1.0477,-0.0586,1.050
2.630194846,-0.0728,1.0533,-0.0574,1.057
2.632787154,-0.0950,1.0613,0.1057,1.071
2.635517846,-0.0773,0.9480,0.1558,0.964
2.637551462,-0.0913,0.8742,-0.0158,0.879
2.640077615,-0.1133,0.8913,-0.1414,0.910
2.642659692,-0.1721,0.9865,-0.2697,1.037
2.645654846,-0.2308,1.0936,-0.3075,1.159
2.647059077,-0.2633,1.1666,-0.2538,1.223
2.649461231,-0.2384,1.1806,-0.1400,1.213
2.652176692,-0.1741,1.1402,-0.0359,1.154
2.654639769,-0.1304,1.0818,0.0209,1.090
2.657133,-0.1071,1.0291,0.0593,1.036
2.659525923,-0.0773,0.9709,0.0781,0.977
2.662445923,-0.0635,0.9174,0.0728,0.923
2.664019692,-0.0754,0.8740,0.1272,0.886
2.666461615,-0.0815,0.8188,0.1531,0.837
2.668946154,-0.0715,0.7601,0.0307,0.764
2.671499692,-0.0926,0.7496,-0.0230,0.756
2.673654154,-0.1369,0.7850,-0.0437,0.798
2.676555769,-0.1968,0.8463,-0.1129,0.876
2.679944308,-0.2506,0.9357,-0.2732,1.006
2.681052077,-0.2750,1.0228,-0.2795,1.095
2.683637846,-0.2648,1.0694,-0.1844,1.117
2.688978538,-0.2296,1.0850,-0.0926,1.113
2.689545923,-0.1768,1.0757,-0.0219,1.090
2.690683154,-0.1465,1.0870,-0.0259,1.097
2.693296308,-0.1413,1.1293,-0.0577,1.140
2.699294769,-0.1111,1.1459,-0.1004,1.156
2.699783462,-0.0576,1.1475,-0.1114,1.154
2.700971077,-0.0214,1.1540,-0.1060,1.159
2.705529308,0.0212,1.1388,-0.0584,1.140
2.705978154,0.0650,1.1060,-0.0408,1.109
2.707802846,0.1073,1.0575,-0.0158,1.063
2.709981923,0.1134,1.0513,-0.0373,1.058
2.714831692,0.1024,1.0704,-0.0435,1.076
2.715460923,0.0759,1.1063,-0.0093,1.109
2.717164308,0.0552,1.1319,-0.0009,1.133
2.719656923,0.0452,1.1278,0.0090,1.129
2.721747077,0.0461,1.1016,-0.0271,1.103
2.724544692,0.0542,1.0711,-0.0823,1.076
2.726945231,0.0428,1.0528,-0.0075,1.054
2.729057923,0.0320,1.0491,-0.0044,1.050
2.731695077,0.0284,1.0403,-0.0352,1.041
2.736986846,0.0276,1.0203,-0.0254,1.021
2.737243077,0.0247,0.9979,-0.0149,0.998
2.738867154,0.0215,0.9765,-0.0251,0.977
2.741343462,0.0056,0.9641,-0.0384,0.965
2.744725538,-0.0034,0.9567,-0.0496,0.958
2.745948615,-0.0109,0.9546,-0.0559,0.956
2.749402538,-0.0227,0.9644,-0.0501,0.966
2.751217,-0.0337,0.9832,-0.0342,0.984
2.753785923,-0.0493,1.0056,-0.0366,1.007
2.755727077,-0.0574,1.0144,-0.0493,1.017
2.758404385,-0.0591,0.9991,-0.0820,1.004
2.761102769,-0.0668,1.0037,-0.1116,1.012
2.762825231,-0.0984,1.0277,-0.1065,1.038
2.765289615,-0.1264,1.0335,-0.0608,1.043
2.767833231,-0.1285,1.0063,-0.0230,1.015
2.770210462,-0.1138,0.9670,-0.0288,0.974
2.772492,-0.0871,0.9213,-0.0584,0.927
2.775656308,-0.0639,0.9008,-0.0978,0.908
2.778113923,-0.0381,0.8979,-0.1409,0.910
2.779735462,-0.0085,0.9020,-0.1542,0.915
2.782401308,0.0186,0.9145,-0.1429,0.926
2.784781846,0.0389,0.9321,-0.1016,0.938
2.786936615,0.0513,0.9375,-0.0715,0.942
2.789397,0.0525,0.9502,-0.0515,0.953
2.792268692,0.0366,0.9690,-0.0591,0.971
2.797916308,0.0090,0.9944,-0.0623,0.996
2.798465308,-0.0170,1.0298,-0.0623,1.032
2.79956,-0.0493,1.0594,-0.0525,1.062
2.801592,-0.0805,1.0716,-0.0433,1.076
2.803745538,-0.1064,1.0755,-0.0384,1.081
2.806243769,-0.1211,1.0738,-0.0403,1.081
2.808913,-0.1292,1.0729,-0.0459,1.082
2.811389,-0.1341,1.0682,-0.0420,1.077
2.813525538,-0.1220,1.0515,-0.0417,1.059
2.816010538,-0.1054,1.0266,-0.0496,1.033
2.818961615,-0.0893,1.0071,-0.0596,1.013
2.820725308,-0.0624,0.9853,-0.0650,0.989
2.823410231,-0.0393,0.9592,-0.0675,0.962
2.825678154,-0.0148,0.9341,-0.0782,0.937
2.828062154,0.0200,0.9189,-0.0561,0.921
2.830664692,0.0377,0.9062,-0.0328,0.908
2.833134231,0.0408,0.9023,-0.0412,0.904
2.835637538,0.0356,0.9020,-0.0503,0.904
2.837590154,0.0320,0.9103,-0.0589,0.913
2.840343462,0.0247,0.9192,-0.0657,0.922
2.842499692,0.0137,0.9299,-0.0726,0.933
2.844896077,0.0037,0.9390,-0.0713,0.942
2.847391385,-0.0104,0.9541,-0.0657,0.956
2.850102538,-0.0178,0.9648,-0.0642,0.967
2.852371462,-0.0314,0.9768,-0.0557,0.979
2.854696385,-0.0381,0.9924,-0.0633,0.995
2.857056,-0.0388,1.0079,-0.0525,1.010
2.860394462,-0.0617,1.0191,-0.0569,1.023
2.861669308,-0.0830,1.0364,-0.0584,1.041
2.864262462,-0.1275,1.0477,-0.0574,1.057
2.866709308,-0.1700,1.0477,-0.0266,1.062
2.869421538,-0.1518,1.0373,-0.0163,1.049
2.871580615,-0.2110,1.0447,0.0097,1.066
2.874096077,-0.1680,1.0330,-0.0379,1.047
2.876985308,-0.1467,1.0398,-0.0642,1.052
2.878924615,-0.0845,1.0347,-0.1026,1.043
2.881277538,-0.0663,1.0569,-0.0989,1.064
2.884960308,-0.0663,1.0571,-0.0848,1.063
2.885791692,-0.0568,1.0562,-0.0708,1.060
2.888408,-0.0498,1.0545,-0.0508,1.057
2.891070769,-0.0486,1.0406,-0.0323,1.042
2.897749923,-0.0874,1.0342,-0.0117,1.038
2.898474846,-0.0666,1.0098,-0.0225,1.012
2.898860385,-0.0583,1.0086,-0.0631,1.012
2.903419077,-0.0998,1.0093,-0.0606,1.016
2.904482154,-0.0570,0.9995,-0.0796,1.004
2.905067385,-0.0341,1.0059,-0.0867,1.010
2.907707769,-0.0232,1.0103,-0.0908,1.015
2.910066769,-0.0353,1.0125,-0.0525,1.014
2.912614462,-0.0771,1.0179,-0.0100,1.021
2.914978846,-0.3058,1.0596,0.0779,1.106
2.917786231,-0.5181,0.9878,0.2677,1.147
2.919553615,-0.2809,0.9634,0.0476,1.005
2.922218154,-0.0124,0.9529,-0.0815,0.956
2.924615462,0.0923,0.9680,-0.1776,0.988
2.927159692,0.1327,0.9719,-0.1901,0.999
2.929482769,0.1405,0.9746,-0.1688,0.999
2.932189923,0.1353,0.9917,-0.1624,1.014
2.934392077,0.0296,1.0096,-0.1034,1.015
2.936492,-0.0214,1.0125,-0.0718,1.015
2.939302231,-0.0148,1.0107,-0.0594,1.013
2.942793538,0.0090,1.0071,-0.0823,1.011
2.943756615,0.0228,1.0042,-0.0916,1.009
2.946718231,0.0242,0.9951,-0.0735,0.998
2.948928077,0.0132,0.9893,-0.0577,0.991
2.952371769,0.0056,0.9795,-0.0503,0.981
2.953633231,-0.0065,0.9760,-0.0557,0.978
2.955987154,-0.0232,0.9714,-0.0608,0.974
2.959822462,-0.0442,0.9697,-0.0671,0.973
2.960690231,-0.0712,0.9756,-0.0699,0.981
2.963145,-0.0991,0.9817,-0.0699,0.989
2.965559077,-0.1213,0.9870,-0.0638,0.997
2.968141923,-0.1387,0.9898,-0.0608,1.001
2.970448923,-0.1539,0.9946,-0.0608,1.008
2.973599077,-0.1616,0.9975,-0.0589,1.012
2.975679692,-0.1629,1.0012,-0.0566,1.016
2.977436,-0.1619,1.0000,-0.0496,1.014
2.980289846,-0.1560,1.0032,-0.0493,1.016
2.983902769,-0.1518,1.0005,-0.0489,1.013
2.984763154,-0.1423,0.9998,-0.0520,1.011
2.987257846,-0.1320,0.9983,-0.0584,1.009
2.990324385,-0.1226,0.9979,-0.0601,1.007
2.99576,-0.1182,0.9981,-0.0535,1.006
2.996345231,-0.1164,1.0030,-0.0530,1.011
2.999304077,-0.1089,1.0076,-0.0437,1.014
2.999817846,-0.1033,1.0096,-0.0368,1.016
3.002505923,-0.0920,1.0125,-0.0400,1.017
3.004356385,-0.0771,1.0191,-0.0420,1.023
3.006781231,-0.0626,1.0174,-0.0415,1.020
3.009395077,-0.0463,1.0171,-0.0393,1.019
3.011229538,-0.0292,1.0168,-0.0410,1.018
3.014118538,-0.0219,1.0164,-0.0424,1.018
3.016714846,-0.0160,1.0223,-0.0469,1.023
3.018637615,-0.0129,1.0249,-0.0437,1.026
3.021241615,-0.0143,1.0264,-0.0428,1.027
3.023704308,-0.0114,1.0212,-0.0582,1.023
3.025803769,-0.0102,1.0147,-0.0792,1.018
3.028426769,-0.0121,1.0149,-0.0938,1.019
3.031674231,-0.0141,1.0184,-0.0980,1.023
3.033959077,-0.0204,1.0181,-0.0908,1.022
3.035327462,-0.0307,1.0184,-0.0836,1.022
3.038009538,-0.0481,1.0230,-0.0806,1.027
3.040567692,-0.0512,1.0271,-0.0938,1.033
3.042871385,-0.0635,1.0308,-0.1216,1.040
3.045186538,-0.0722,1.0361,-0.1486,1.049
3.047626154,-0.0744,1.0428,-0.1593,1.057
3.050086769,-0.0854,1.0457,-0.1666,1.062
3.052206154,-0.0982,1.0506,-0.1717,1.069
3.055093923,-0.1022,1.0557,-0.1700,1.074
3.058673308,-0.0728,1.0626,-0.1639,1.078
3.059576385,-0.0724,1.0694,-0.1759,1.086
3.062354462,-0.0793,1.0562,-0.1776,1.074
3.065126769,-0.0833,1.0477,-0.1728,1.065
3.067558769,-0.0930,1.0443,-0.1896,1.065
3.069493846,-0.1147,1.0450,-0.1979,1.070
3.071996385,-0.1416,1.0479,-0.1954,1.075
3.074163692,-0.1529,1.0459,-0.1835,1.073
3.076437538,-0.1739,1.0403,-0.1622,1.067
3.079107769,-0.1939,1.0376,-0.1521,1.067
3.081442231,-0.2115,1.0352,-0.1481,1.067
3.083981615,-0.2268,1.0313,-0.1405,1.065
3.086054154,-0.2315,1.0315,-0.1265,1.065
3.088616308,-0.2394,1.0266,-0.1304,1.062
3.094379385,-0.2396,1.0193,-0.1307,1.055
3.095074462,-0.2230,1.0115,-0.1190,1.043
3.095917615,-0.1873,0.9975,-0.1074,1.021
3.098272077,-0.1482,0.9844,-0.1013,1.001
3.100636077,-0.1226,0.9749,-0.0975,0.987
3.103163692,-0.1091,0.9716,-0.1034,0.983
3.105640615,-0.0994,0.9709,-0.0992,0.981
3.107995154,-0.0752,0.9878,-0.1062,0.996
3.110199769,-0.1071,0.9839,-0.1106,0.996
3.113355154,-0.1125,0.9719,-0.0638,0.981
3.116290462,-0.1223,0.9714,-0.0550,0.981
3.117325923,-0.1306,0.9768,-0.0929,0.990
3.120164385,-0.1316,0.9821,-0.0745,0.994
3.122284,-0.1380,0.9868,-0.0645,0.999
3.124774769,-0.1434,0.9937,-0.0601,1.006
3.127351692,-0.1482,1.0010,-0.0503,1.013
3.129725615,-0.1329,1.0091,-0.0359,1.018
3.132437538,-0.1289,1.0179,-0.0364,1.027
3.134182462,-0.1143,1.0223,-0.0408,1.029
3.136781615,-0.0901,1.0242,-0.0391,1.029
3.139303769,-0.0712,1.0215,-0.0510,1.025
3.142206846,-0.0644,1.0230,-0.0606,1.027
3.144652,-0.0465,1.0122,-0.0669,1.016
3.146742231,0.0002,0.9975,-0.0774,1.001
3.150425923,0.0347,0.9893,-0.0916,0.994
3.151324308,0.0442,0.9868,-0.0901,0.992
3.158207692,0.0428,0.9851,-0.0955,0.991
3.158882231,0.0501,0.9856,-0.1006,0.992
3.159186769,0.0535,0.9958,-0.1192,1.004
3.161664923,0.0482,1.0047,-0.1229,1.013
3.163492692,0.0384,1.0107,-0.1192,1.018
3.166112,0.0293,1.0149,-0.1036,1.021
3.167911154,0.0203,1.0110,-0.0867,1.015
3.170625846,0.0095,1.0137,-0.0801,1.017
3.173718154,0.0046,1.0125,-0.0804,1.016
3.175154462,-0.0026,1.0100,-0.0855,1.014
3.177691154,-0.0072,1.0103,-0.0916,1.014
3.180308385,0.0007,1.0015,-0.1082,1.007
3.183058231,0.0117,0.9966,-0.1187,1.004
3.185277308,0.0195,0.9942,-0.1106,1.001
3.187641308,0.0181,0.9963,-0.1024,1.002
3.192641615,0.0181,0.9946,-0.0857,0.998
3.193192385,0.0191,0.9924,-0.0762,0.996
3.194815077,0.0256,0.9937,-0.0823,0.997
3.197284077,0.0335,1.0022,-0.0923,1.007
3.199356923,0.0393,1.0084,-0.1034,1.014
3.201874538,0.0403,1.0208,-0.1004,1.027
3.204391077,0.0349,1.0305,-0.0780,1.034
3.206825615,0.0183,1.0408,-0.0675,1.043
3.209582462,-0.0109,1.0540,-0.0735,1.057
3.211649846,-0.0297,1.0471,-0.0784,1.050
3.213986462,-0.0481,1.0474,-0.0799,1.052
3.216144615,-0.0881,1.0611,-0.0726,1.067
3.218643385,-0.1282,1.0753,-0.0594,1.085
3.221117231,-0.1487,1.0755,-0.0586,1.087
3.223590231,-0.1453,1.0648,-0.0525,1.076
3.225986154,-0.1357,1.0384,-0.0496,1.048
3.228260692,-0.1218,1.0130,-0.0515,1.022
3.231007154,-0.1050,0.9851,-0.0545,0.992
3.233060077,-0.0898,0.9588,-0.0679,0.965
3.235643077,-0.0800,0.9404,-0.0706,0.946
3.238350846,-0.0822,0.9301,-0.0606,0.936
3.240403154,-0.0950,0.9255,-0.0461,0.932
3.242880308,-0.1001,0.9201,-0.0424,0.926
3.245305615,-0.1033,0.9155,-0.0533,0.923
3.247456615,-0.1066,0.9131,-0.0654,0.922
3.249909846,-0.1059,0.9192,-0.0801,0.929
3.252595769,-0.0977,0.9206,-0.0762,0.929
3.255113538,-0.0869,0.9220,-0.0787,0.929
3.257118462,-0.0737,0.9353,-0.0767,0.941
3.259766769,-0.0786,0.9660,-0.1069,0.975
3.262239385,-0.0889,0.9737,-0.1146,0.984
3.264633923,-0.0742,0.9385,-0.0675,0.944
3.266798846,-0.0835,0.9483,-0.0359,0.953
3.269913308,-0.0986,0.9785,-0.0058,0.983
3.273269231,-0.1192,1.0091,-0.0335,1.017
3.274646231,-0.1348,1.0328,-0.0561,1.043
3.276554769,-0.1421,1.0445,-0.0615,1.056
3.279857231,-0.1492,1.0457,-0.0703,1.059
3.282684615,-0.1518,1.0462,-0.0540,1.059
3.283765538,-0.1441,1.0359,-0.0393,1.047
3.286784692,-0.1369,1.0296,-0.0344,1.039
3.289614769,-0.1350,1.0266,-0.0379,1.036
3.293841923,-0.1285,1.0223,-0.0400,1.031
3.294748,-0.1194,1.0130,-0.0435,1.021
3.300146462,-0.1157,1.0042,-0.0449,1.012
3.300493231,-0.1192,1.0012,-0.0515,1.010
3.300717923,-0.1269,1.0005,-0.0640,1.011
3.303195077,-0.1348,1.0030,-0.0767,1.015
3.305585846,-0.1353,0.9975,-0.0525,1.008
3.308065231,-0.1245,0.9846,-0.0188,0.993
3.310629231,-0.1150,0.9697,-0.0009,0.976
3.312859462,-0.1091,0.9548,-0.0002,0.961
3.315023462,-0.1106,0.9490,-0.0134,0.955
3.317501846,-0.1260,0.9467,-0.0163,0.955
3.320365923,-0.1401,0.9458,-0.0235,0.956
3.322718846,-0.1572,0.9455,-0.0344,0.959
3.324944923,-0.1685,0.9516,-0.0386,0.967
3.327520615,-0.1744,0.9529,-0.0342,0.969
3.331106231,-0.1819,0.9548,-0.0379,0.973
3.332057,-0.1849,0.9599,-0.0433,0.978
3.334641615,-0.1858,0.9672,-0.0442,0.986
3.338977308,-0.1863,0.9721,-0.0486,0.991
3.339532308,-0.1809,0.9846,-0.0699,1.004
3.341668923,-0.1658,0.9942,-0.0740,1.011
3.344250538,-0.1499,0.9961,-0.0491,1.009
3.347284692,-0.1304,0.9934,-0.0328,1.002
3.348862462,-0.1033,0.9890,-0.0276,0.995
3.351951385,-0.0923,0.9837,-0.0379,0.989
3.353940615,-0.0954,0.9825,-0.0513,0.988
3.357288615,-0.1171,1.0012,-0.0987,1.013
3.358523385,-0.2032,1.0264,-0.1104,1.052
3.361974231,-0.1907,0.9905,-0.0799,1.012
3.363471769,-0.1365,0.9946,-0.1365,1.013
3.365792615,-0.1431,0.9956,-0.1046,1.011
3.368587692,-0.1431,1.0076,-0.0566,1.019
3.370814769,-0.1357,1.0056,-0.0542,1.016
3.373045,-0.1196,1.0076,-0.0533,1.016
3.375697615,-0.1255,1.0159,-0.0577,1.025
3.378088308,-0.1248,1.0242,-0.0598,1.033
3.383555077,-0.1294,1.0376,-0.0618,1.048
3.384293846,-0.1338,1.0445,-0.0501,1.054
3.385609231,-0.1423,1.0484,-0.0452,1.059
3.389150769,-0.1807,1.0474,-0.0207,1.063
3.3898,-0.2535,1.0428,0.0000,1.073
3.392941615,-0.3668,1.0491,0.0041,1.111
3.395713538,-0.3691,1.0103,-0.0789,1.079
3.397719462,-0.1853,0.9619,-0.2294,1.006
3.399699769,-0.0761,0.9378,-0.2066,0.963
3.4022,-0.0385,0.9455,-0.1419,0.957
3.404882462,0.0232,0.9597,-0.0889,0.964
3.406775385,0.0662,0.9821,-0.0640,0.986
3.409499462,0.0816,1.0100,-0.0694,1.016
3.411921846,0.0620,1.0342,-0.0654,1.038
3.413998462,0.0132,1.0669,-0.0671,1.069
3.416637,0.0017,1.0880,-0.0687,1.090
3.419825615,-0.0183,1.0990,-0.0696,1.101
3.421752,-0.0356,1.1004,-0.0755,1.104
3.423902462,-0.0549,1.0921,-0.0892,1.097
3.426338462,-0.0635,1.0789,-0.0975,1.085
3.428782154,-0.0551,1.0601,-0.1021,1.066
3.430945538,-0.0395,1.0443,-0.1131,1.051
3.433400692,-0.0183,1.0310,-0.1207,1.038
3.436131385,-0.0070,1.0249,-0.1092,1.031
3.438301846,-0.0055,1.0203,-0.0943,1.025
3.440586462,-0.0131,1.0166,-0.0828,1.020
3.443196385,-0.0204,1.0135,-0.0740,1.016
3.446223385,-0.0229,1.0105,-0.0682,1.013
3.448584692,-0.0190,1.0010,-0.0645,1.003
3.450747154,-0.0158,0.9949,-0.0647,0.997
3.452899462,-0.0146,0.9888,-0.0645,0.991
3.455664385,-0.0204,0.9878,-0.0598,0.990
3.457769,-0.0276,0.9912,-0.0542,0.993
3.459974538,-0.0314,0.9907,-0.0687,0.994
3.463247692,-0.0402,0.9898,-0.0838,0.994
3.464877538,-0.0437,0.9870,-0.0978,0.993
3.467938769,-0.0409,0.9827,-0.1031,0.989
3.469924923,-0.0468,0.9856,-0.1031,0.992
3.472306462,-0.0525,0.9881,-0.1013,0.995
3.474672308,-0.0514,0.9861,-0.0985,0.992
3.477311462,-0.0481,0.9844,-0.0916,0.990
3.480328,-0.0456,0.9849,-0.0869,0.990
3.482092692,-0.0421,0.9821,-0.0823,0.986
3.484554846,-0.0316,0.9807,-0.0838,0.985
3.492401,-0.0178,0.9709,-0.0679,0.973
3.493091462,-0.0173,0.9518,-0.0286,0.952
3.493304615,0.0170,0.9438,-0.0720,0.947
3.493705538,0.0389,0.9695,-0.1001,0.975
3.496715385,-0.0183,1.0032,-0.1243,1.011
3.498353308,-0.0679,1.0326,-0.0901,1.039
3.501196615,-0.1118,1.0627,-0.0713,1.071
3.505262846,-0.1180,1.0699,-0.0780,1.079
3.505950462,-0.1252,1.0636,-0.0249,1.071
3.508202462,-0.1277,1.0513,-0.0073,1.059
3.510704385,-0.1285,1.0535,-0.0368,1.062
3.512841923,-0.1429,1.0592,-0.0601,1.070
3.516393308,-0.1648,1.0682,-0.0794,1.084
3.518380923,-0.1881,1.0645,-0.0561,1.082
3.520598538,-0.1968,1.0466,-0.0447,1.066
3.522529308,-0.1946,1.0233,0.0050,1.042
3.525243385,-0.1863,1.0179,-0.0051,1.035
3.528733308,-0.1970,0.9991,0.0449,1.019
3.529890462,-0.1760,0.9737,0.0493,0.991
3.532174154,-0.1478,0.9553,0.0747,0.970
3.534863462,-0.1392,0.9414,0.0817,0.955
3.537294769,-0.1470,0.9404,0.0901,0.956
3.540214538,-0.1614,0.9436,0.1008,0.963
3.542168615,-0.1963,0.9460,0.1138,0.973
3.545935154,-0.2115,0.9438,0.1022,0.973
3.547057308,-0.2100,0.9516,0.0896,0.979
3.549296308,-0.2401,0.9856,0.0637,1.016
3.553601923,-0.2540,1.0088,0.0283,1.041
3.555068385,-0.2224,1.0091,0.0018,1.033
3.557464692,-0.1678,0.9861,-0.0186,1.000
3.559205231,-0.1324,0.9832,-0.0317,0.993
3.561984077,-0.1240,1.0012,-0.0533,1.010
3.563877308,-0.1331,1.0271,-0.0666,1.038
3.566203462,-0.1509,1.0515,-0.0645,1.064
3.568956692,-0.1895,1.0792,-0.0657,1.098
3.571665615,-0.2032,1.0823,-0.0747,1.104
3.573641231,-0.1921,1.0736,-0.0757,1.093
3.576055769,-0.1678,1.0503,-0.0508,1.065
3.578823692,-0.1348,1.0254,-0.0284,1.035
3.580741846,-0.0986,1.0017,-0.0207,1.007
3.583281231,0.0166,0.9560,-0.0696,0.959
3.587348,0.0254,0.9406,-0.0535,0.942
3.588856,0.0049,0.9316,-0.0473,0.933
3.590452923,0.0026,0.9120,-0.0445,0.913
3.592940692,0.0107,0.9015,-0.0699,0.904
3.601435462,0.0075,0.8982,-0.0877,0.902
3.602303154,0.0021,0.8971,-0.0943,0.902
3.602883385,-0.0080,0.8940,-0.1029,0.900
3.603400385,-0.0127,0.8896,-0.1162,0.897
3.604800385,0.0147,0.8891,-0.1502,0.902
3.607179769,0.0034,0.9094,-0.1703,0.925
3.609482846,-0.0136,0.9223,-0.1624,0.937
3.612185538,-0.0576,0.9490,-0.1624,0.965
3.614228692,-0.1213,0.9905,-0.1847,1.015
3.617059077,-0.1333,1.0056,-0.1910,1.032
3.619528077,-0.1324,1.0051,-0.1539,1.025
3.621535692,-0.1252,0.9917,-0.1170,1.006
3.624163462,-0.1050,0.9793,-0.1018,0.990
3.626506154,-0.1006,0.9660,-0.1656,0.985
3.629233231,-0.0961,0.9560,-0.1304,0.970
3.631433846,-0.0791,0.9619,-0.0999,0.970
3.633770846,-0.0740,0.9692,-0.1332,0.981
3.636281615,-0.0530,0.9770,-0.1395,0.988
3.638200615,-0.0244,0.9793,-0.1614,0.993
3.641011077,-0.0036,0.9914,-0.1681,1.006
3.644600385,0.0342,1.0015,-0.1449,1.013
3.645759769,0.0498,1.0110,-0.1419,1.022
3.648080077,0.0586,1.0220,-0.1092,1.030
3.650697231,0.0691,1.0315,-0.0449,1.035
3.653186538,0.0711,1.0474,-0.0012,1.050
3.655252615,0.0664,1.0657,0.0136,1.068
3.657830538,0.0486,1.0843,-0.0132,1.085
3.660801,0.0286,1.0958,-0.0440,1.097
3.662454846,0.0078,1.1070,-0.0540,1.108
3.665390846,-0.0062,1.1144,-0.0586,1.116
3.668224923,-0.0207,1.1141,-0.0574,1.116
3.670890769,-0.0381,1.1032,-0.0696,1.106
3.672976923,-0.0453,1.0958,-0.0771,1.099
3.675076308,-0.0481,1.0838,-0.0813,1.088
3.677656923,-0.0551,1.0741,-0.0701,1.078
3.679442231,-0.0574,1.0535,-0.0493,1.056
3.682180692,-0.0651,1.0391,-0.0403,1.042
3.684715462,-0.0558,1.0186,-0.0554,1.022
3.687540077,-0.0598,1.0059,-0.0618,1.010
3.689190154,-0.0615,0.9942,-0.0901,1.000
3.691728308,-0.0675,0.9790,-0.1223,0.989
3.698196077,-0.0744,0.9688,-0.1505,0.983
3.699003154,-0.0766,0.9572,-0.1632,0.974
3.699449615,-0.0781,0.9483,-0.1768,0.968
3.701640385,-0.0781,0.9311,-0.1719,0.950
3.705009,-0.0784,0.9187,-0.1544,0.935
3.705934538,-0.0737,0.9113,-0.1214,0.922
3.708762846,-0.0754,0.9145,-0.0948,0.922
3.710823077,-0.0859,0.9274,-0.0877,0.936
3.713217615,-0.0961,0.9431,-0.0862,0.952
3.716186538,-0.1099,0.9607,-0.0823,0.970
3.718668,-0.1196,0.9729,-0.0789,0.983
3.720483385,-0.1304,0.9842,-0.0953,0.997
3.722840615,-0.1362,0.9912,-0.1018,1.006
3.725184615,-0.1360,1.0019,-0.1134,1.017
3.727693231,-0.1409,1.0091,-0.1134,1.025
3.730239154,-0.1409,1.0152,-0.1123,1.031
3.733213846,-0.1378,1.0147,-0.1062,1.029
3.735171692,-0.1318,1.0168,-0.1060,1.031
3.737311385,-0.1169,1.0164,-0.1067,1.029
3.739598462,-0.1003,1.0088,-0.0992,1.019
3.742450462,-0.0833,1.0049,-0.0957,1.013
3.745259077,-0.0679,0.9951,-0.0920,1.002
3.746976692,-0.0544,0.9874,-0.0931,0.993
3.749922154,-0.0449,0.9809,-0.0967,0.987
3.752144308,-0.0409,0.9776,-0.0965,0.983
3.754263385,-0.0383,0.9760,-0.0953,0.981
3.756855692,-0.0378,0.9763,-0.0885,0.981
3.760433538,-0.0493,0.9802,-0.0882,0.985
3.761652923,-0.0588,0.9856,-0.0831,0.991
3.763976615,-0.0705,0.9910,-0.0769,0.997
3.768430231,-0.0815,1.0003,-0.0764,1.007
3.769772692,-0.0984,1.0091,-0.0720,1.016
3.771279692,-0.1108,1.0181,-0.0628,1.026
3.774169,-0.1192,1.0237,-0.0586,1.032
3.776908077,-0.1213,1.0242,-0.0596,1.033
3.778210462,-0.1133,1.0237,-0.0591,1.032
3.781213231,-0.1091,1.0210,-0.0557,1.028
3.785155154,-0.0977,1.0171,-0.0481,1.023
3.786863692,-0.0886,1.0132,-0.0452,1.018
3.788065923,-0.0717,1.0093,-0.0445,1.013
3.791289923,-0.0603,1.0039,-0.0412,1.007
3.799147154,-0.0456,1.0032,-0.0364,1.005
3.800227077,-0.0400,1.0068,-0.0310,1.008
3.800722769,-0.0434,1.0128,-0.0284,1.014
3.801333615,-0.0519,1.0181,-0.0281,1.020
3.802201,-0.0610,1.0230,-0.0249,1.025
3.806181615,-0.0707,1.0281,-0.0263,1.031
3.807160308,-0.0779,1.0305,-0.0361,1.034
3.811352077,-0.0833,1.0333,-0.0479,1.038
3.811976077,-0.0825,1.0281,-0.0598,1.033
3.814439769,-0.0742,1.0205,-0.0584,1.025
3.816990538,-0.0651,1.0164,-0.0561,1.020
3.819174462,-0.0626,1.0098,-0.0664,1.014
3.821643769,-0.0637,1.0149,-0.0728,1.019
3.824193231,-0.0766,1.0237,-0.0724,1.029
3.826703154,-0.0864,1.0330,-0.0740,1.039
3.829281538,-0.0957,1.0369,-0.0762,1.044
3.831592077,-0.0942,1.0277,-0.0799,1.035
3.834099077,-0.0761,1.0096,-0.0877,1.016
3.836144692,-0.0566,0.9910,-0.0936,0.997
3.838796308,-0.0385,0.9765,-0.0975,0.982
3.841678462,-0.0344,0.9712,-0.0901,0.976
3.843570846,-0.0451,0.9753,-0.0887,0.980
3.84588,-0.0558,0.9785,-0.0941,0.985
3.848904923,-0.0740,0.9939,-0.0701,0.999
3.851793846,-0.0996,1.0027,-0.0848,1.011
3.853333308,-0.1038,1.0076,-0.1001,1.018
3.855847769,-0.0957,1.0037,-0.1021,1.013
3.858801308,-0.0800,0.9944,-0.0926,1.002
3.860238769,-0.0393,0.9714,-0.1043,0.978
3.862858769,-0.0188,0.9595,-0.1307,0.969
3.865721538,-0.0353,0.9758,-0.1478,0.988
3.868216615,-0.0857,1.0063,-0.1348,1.019
3.870067385,-0.1294,1.0217,-0.0965,1.034
3.872476308,-0.1380,1.0168,-0.1024,1.031
3.874955154,-0.1553,1.0233,-0.1356,1.044
3.877155769,-0.1660,1.0245,-0.1579,1.050
3.879608385,-0.1725,1.0212,-0.1683,1.049
3.882075769,-0.1632,1.0100,-0.1549,1.035
3.884616308,-0.1529,0.9998,-0.1314,1.020
3.886989,-0.1362,0.9907,-0.1207,1.007
3.889492615,-0.1143,0.9788,-0.1046,0.991
3.897639462,-0.0879,0.9639,-0.1004,0.973
3.898479692,-0.0715,0.9580,-0.1024,0.966
3.898813231,-0.0563,0.9543,-0.0965,0.961
3.899256692,-0.0532,0.9580,-0.0904,0.964
3.904332692,-0.0644,0.9697,-0.0757,0.975
3.905041539,-0.0724,0.9812,-0.0412,0.985
3.906238231,-0.1035,1.0056,-0.0170,1.011
3.910068,-0.0730,0.9979,-0.0848,1.004
3.911255385,-0.0659,1.0017,-0.0931,1.008
3.913467385,-0.0698,1.0059,-0.0931,1.013
3.915880385,-0.0719,1.0105,-0.0926,1.017
3.918309923,-0.0820,1.0193,-0.0703,1.025
3.920821846,-0.0842,1.0293,-0.0631,1.035
3.923846154,-0.0740,1.0233,-0.0552,1.027
3.925540308,-0.0607,1.0149,-0.0517,1.018
3.927747385,-0.0332,0.9956,-0.0566,0.998
3.930345846,-0.0075,0.9830,-0.0615,0.985
3.933015385,0.0135,0.9729,-0.0626,0.975
3.935069308,0.0303,0.9704,-0.0623,0.973
3.937709846,0.0324,0.9776,-0.0566,0.980
3.941060923,0.0176,0.9970,-0.0547,0.999
3.944364308,-0.0180,1.0179,-0.0554,1.020
3.945737846,-0.0605,1.0384,-0.0652,1.042
3.947235385,-0.0786,1.0401,-0.0706,1.045
3.949713846,-0.0724,1.0352,-0.0738,1.040
3.952056692,-0.0624,1.0289,-0.0796,1.034
3.954903692,-0.0605,1.0252,-0.0845,1.030
3.957035154,-0.0598,1.0224,-0.0894,1.028
3.959992692,-0.0583,1.0224,-0.0874,1.028
3.961789539,-0.0583,1.0230,-0.0877,1.028
3.964504923,-0.0551,1.0233,-0.0867,1.028
3.967699769,-0.0632,1.0281,-0.0813,1.033
3.969225308,-0.0820,1.0338,-0.0811,1.040
3.971781308,-0.1015,1.0379,-0.0782,1.046
3.974879077,-0.1357,1.0398,-0.0731,1.051
3.975939769,-0.1658,1.0340,-0.0701,1.050
3.978721846,-0.1629,1.0161,-0.0642,1.031
3.981629615,-0.1443,0.9868,-0.0596,0.999
3.983795769,-0.1316,0.9619,-0.0613,0.973
3.985913846,-0.1280,0.9436,-0.0666,0.955
3.988469923,-0.1343,0.9353,-0.0780,0.948
3.993941615,-0.1425,0.9331,-0.0831,0.948
3.995104308,-0.1572,0.9397,-0.0820,0.956
3.995549615,-0.1721,0.9474,-0.0767,0.966
3.998765846,-0.1966,0.9636,-0.0735,0.986
4.000104615,-0.2210,0.9812,-0.0804,1.009
4.002413539,-0.2371,0.9932,-0.0897,1.025
4.005410231,-0.2398,0.9995,-0.0992,1.033
4.007547692,-0.2333,1.0030,-0.1048,1.035
4.009751077,-0.2193,1.0071,-0.1050,1.036
4.012304692,-0.2119,1.0056,-0.0989,1.032
4.015565923,-0.2039,1.0051,-0.0906,1.030
4.016922539,-0.1970,1.0051,-0.0852,1.028
4.019364077,-0.1873,1.0071,-0.0769,1.027
4.022260077,-0.1758,1.0035,-0.0776,1.022
4.024326462,-0.1616,1.0032,-0.0776,1.019
4.026725308,-0.1399,0.9998,-0.0769,1.012
4.029348,-0.1208,0.9926,-0.0720,1.003
4.031774154,-0.1057,0.9923,-0.0618,1.000
4.033821846,-0.0910,0.9932,-0.0566,0.999
4.036681923,-0.0784,0.9958,-0.0493,1.000
4.039031462,-0.0649,0.9951,-0.0489,0.998
4.041299154,-0.0514,0.9949,-0.0476,0.997
4.043798462,-0.0502,0.9912,-0.0513,0.994
4.046110769,-0.0390,0.9958,-0.0582,0.998
4.048692692,-0.0370,1.0005,-0.0675,1.003
4.051062539,-0.0383,1.0037,-0.0718,1.007
4.053532615,-0.0449,1.0093,-0.0728,1.013
4.055726769,-0.0453,1.0076,-0.0743,1.011
4.057987385,-0.0432,1.0071,-0.0738,1.011
4.061199692,-0.0400,1.0154,-0.0720,1.019
4.065038539,-0.0397,1.0181,-0.0728,1.021
4.065873615,-0.0390,1.0168,-0.0679,1.020
4.067761923,-0.0337,1.0128,-0.0671,1.016
4.070709539,-0.0307,1.0051,-0.0718,1.008
4.074029923,-0.0280,1.0022,-0.0755,1.005
4.075568692,-0.0256,1.0049,-0.0808,1.008
4.077517539,-0.0204,0.9975,-0.0882,1.002
4.079937,-0.0192,0.9961,-0.0904,1.000
4.082228077,-0.0139,0.9942,-0.0899,0.998
4.084882539,-0.0114,0.9944,-0.0864,0.998
4.088269923,-0.0048,0.9946,-0.0843,0.998
4.094506539,-0.0014,0.9986,-0.0867,1.002
4.095292615,-0.0029,1.0024,-0.0867,1.006
4.095860385,-0.0106,1.0056,-0.0855,1.009
4.096963154,-0.0227,1.0112,-0.0860,1.015
4.100903154,-0.0409,1.0166,-0.0828,1.021
4.101521308,-0.0534,1.0205,-0.0860,1.026
4.104024615,-0.0612,1.0200,-0.0874,1.026
4.106395077,-0.0661,1.0188,-0.0969,1.026
4.108755692,-0.0732,1.0166,-0.1043,1.025
4.111451769,-0.0835,1.0100,-0.1123,1.020
4.113721923,-0.0861,1.0066,-0.1185,1.017
4.115782769,-0.0928,1.0015,-0.1236,1.013
4.118282846,-0.1013,0.9932,-0.1241,1.006
4.121526769,-0.1187,0.9876,-0.1267,1.003
4.123469231,-0.1269,0.9812,-0.1307,0.998
4.125483692,-0.1385,0.9783,-0.1319,0.997
4.128149615,-0.1443,0.9756,-0.1319,0.995
4.131486462,-0.1494,0.9756,-0.1312,0.996
4.132995462,-0.1462,0.9729,-0.1339,0.993
4.135202846,-0.1448,0.9753,-0.1388,0.996
4.137733539,-0.1418,0.9770,-0.1388,0.997
4.139996692,-0.1343,0.9778,-0.1393,0.997
4.142720615,-0.1297,0.9790,-0.1409,0.998
4.146028615,-0.1194,0.9827,-0.1446,1.000
4.147618154,-0.1087,0.9853,-0.1497,1.003
4.149734539,-0.0996,0.9893,-0.1561,1.006
4.1533,-0.0905,0.9932,-0.1617,1.010
4.154627077,-0.0833,0.9934,-0.1635,1.010
4.157216385,-0.0835,0.9995,-0.1707,1.017
4.165851692,-0.0859,1.0042,-0.1747,1.023
4.166739769,-0.0886,1.0054,-0.1717,1.024
4.167443077,-0.0546,0.9937,-0.1754,1.011
4.168088385,-0.0591,0.9923,-0.1644,1.008
4.170088077,-0.0686,0.9968,-0.1521,1.011
4.173728923,-0.0546,0.9846,-0.1278,0.994
4.174241846,-0.0835,1.0110,-0.0975,1.019
4.176275462,-0.1231,1.0315,-0.0845,1.042
4.178578846,-0.1054,1.0228,-0.1029,1.033
4.181503154,-0.0534,1.0000,-0.1148,1.008
4.183539462,-0.0309,0.9839,-0.1099,0.990
4.185853,-0.0473,0.9675,-0.1165,0.976
4.188687769,-0.0512,0.9760,-0.1199,0.985
4.190479692,-0.0879,0.9898,-0.1062,0.999
4.192895154,-0.1257,0.9874,-0.1011,1.000
4.195586462,-0.1167,0.9585,-0.0720,0.968
4.199347462,-0.0798,0.8764,0.0402,0.881
4.200410769,-0.0060,0.7396,0.0451,0.741
4.203091385,-0.1208,0.8656,-0.1886,0.894
4.205177615,-0.3111,1.0909,-0.2082,1.153
4.207748308,-0.3272,1.1107,-0.1688,1.170
4.210183154,-0.3168,1.0821,-0.1272,1.135
4.212414231,-0.3039,1.0657,-0.1129,1.114
4.214824308,-0.3547,1.0983,-0.0608,1.156
4.217144385,-0.3393,1.0611,-0.0075,1.114
4.219714154,-0.3283,0.9636,-0.0373,1.019
4.221939385,-0.1521,0.8756,-0.0892,0.893
4.224268615,-0.0199,0.8407,-0.1172,0.849
4.226847692,-0.0043,0.8966,-0.1744,0.913
4.229330154,-0.0395,0.9890,-0.2084,1.011
4.231448692,-0.0889,1.0594,-0.1722,1.077
4.234122846,-0.1816,1.1510,-0.1470,1.175
4.236384692,-0.2569,1.1735,-0.0820,1.204
4.238803769,-0.2716,1.1828,-0.1018,1.218
4.241162846,-0.2643,1.1620,-0.0945,1.195
4.243731462,-0.2122,1.1794,-0.1889,1.213
4.246575769,-0.1597,1.1528,-0.1470,1.173
4.248394462,-0.1895,1.2031,-0.0885,1.221
4.251567154,-0.1184,1.1544,-0.0484,1.161
4.253632923,-0.0522,1.0911,-0.0237,1.093
4.255644615,0.0014,1.0093,0.0183,1.009
4.258334769,0.0618,0.8915,0.0481,0.895
4.260799385,0.0796,0.8989,-0.0740,0.905
4.263198154,0.0850,0.9010,-0.0989,0.910
4.265231769,0.0752,0.8784,-0.0823,0.885
4.268143692,0.0132,0.9047,-0.1102,0.911
4.271489,-0.0072,0.8681,-0.0815,0.872
4.272604308,-0.0316,0.8080,-0.0564,0.811
4.274973,-0.0478,0.7533,-0.0731,0.758
4.277340385,-0.1050,0.7713,-0.1258,0.789
4.280066462,-0.2091,0.8603,-0.1647,0.901
4.282704385,-0.2990,0.9597,-0.1779,1.021
4.284940692,-0.3838,1.0457,-0.1336,1.122
4.292838231,-0.4294,1.1011,-0.1050,1.187
4.293486462,-0.4164,1.1190,-0.1016,1.198
4.293737846,-0.4131,1.2670,-0.2215,1.351
4.294825923,-0.3395,1.3089,-0.1530,1.361
4.299872923,-0.2567,1.2176,-0.0222,1.245
4.300762769,-0.1602,1.1109,-0.0002,1.122
4.301449923,-0.0588,1.0962,-0.0503,1.099
4.304534231,-0.0014,1.0640,-0.0359,1.065
4.306303077,0.0494,1.0073,-0.0086,1.009
4.308866539,0.0860,0.9578,0.0018,0.962
4.311344308,0.1223,0.8922,-0.0263,0.901
4.314148615,0.1735,0.7850,-0.0684,0.807
4.316878462,0.0183,0.9316,-0.1828,0.950
4.319070462,-0.0283,0.9490,-0.1463,0.961
4.321096923,-0.0712,0.9626,-0.1400,0.975
4.323175462,-0.1001,0.9411,-0.1400,0.957
4.325894769,-0.1050,0.9233,-0.1390,0.940
4.328763385,-0.0381,0.7650,-0.0808,0.770
4.330351154,-0.0884,0.7659,-0.0994,0.777
4.333011077,-0.1712,0.8586,-0.1500,0.888
4.335336692,-0.2501,1.0533,-0.2829,1.119
4.337884615,-0.2655,1.1195,-0.2348,1.174
4.340157231,-0.2352,1.1039,-0.1474,1.138
4.342812615,-0.2012,1.0687,-0.1041,1.092
4.345993308,-0.1287,1.0039,-0.0606,1.014
4.347399077,-0.0432,0.9390,-0.0738,0.943
4.350308615,0.0344,0.8773,-0.0542,0.880
4.352453539,0.0179,0.9101,-0.0894,0.915
4.354922231,-0.2039,1.1845,-0.1639,1.213
4.357292308,-0.1727,1.1730,-0.0982,1.190
4.359871385,-0.0700,1.0816,-0.0561,1.085
4.362530846,0.0310,0.9527,-0.0359,0.954
4.364324385,0.1011,0.8598,-0.0545,0.867
4.366833308,0.0982,0.8502,-0.0916,0.861
4.37042,0.0230,0.9487,-0.1481,0.960
4.371513539,-0.0705,1.0457,-0.1590,1.060
4.374057923,-0.1753,1.1251,-0.1427,1.148
4.376857846,-0.2484,1.1771,-0.1468,1.212
4.379394231,-0.2726,1.1828,-0.1570,1.224
4.381812385,-0.2515,1.1561,-0.1556,1.193
4.384799154,-0.1976,1.1043,-0.1474,1.131
4.391341308,-0.1409,1.0589,-0.1339,1.077
4.392051769,-0.0789,1.0132,-0.1155,1.023
4.392298462,-0.0219,0.9688,-0.1029,0.974
4.394122769,0.0102,0.9438,-0.1055,0.950
4.396189,0.0147,0.9338,-0.1219,0.942
4.397885846,0.0251,0.9311,-0.0920,0.936
4.400576923,0.0340,0.9267,-0.0699,0.930
4.403351154,0.0366,0.9277,-0.0767,0.932
4.405230154,0.0471,0.9189,-0.0874,0.924
4.407966846,0.0557,0.9064,-0.0892,0.913
4.410308692,0.0659,0.8974,-0.0857,0.904
4.412721539,0.0638,0.9001,-0.0804,0.906
4.414962462,0.0525,0.9069,-0.0715,0.911
4.417528615,0.0266,0.9223,-0.0669,0.925
4.420215077,0.0042,0.9418,-0.0633,0.944
4.422227769,-0.0160,0.9670,-0.0642,0.969
4.424728615,-0.0363,0.9907,-0.0669,0.994
4.428509615,-0.0481,1.0068,-0.0610,1.010
4.429802231,-0.0493,1.0152,-0.0623,1.018
4.432030539,-0.0437,1.0144,-0.0735,1.018
4.435123154,-0.0388,1.0149,-0.0787,1.019
4.437774462,-0.0390,1.0144,-0.0796,1.018
4.439309846,-0.0332,1.0149,-0.0682,1.018
4.441763769,-0.0304,1.0193,-0.0615,1.022
4.444724923,-0.0292,1.0208,-0.0606,1.023
4.446403769,-0.0283,1.0296,-0.0654,1.032
4.449282231,-0.0263,1.0315,-0.0711,1.034
4.451381,-0.0211,1.0342,-0.0780,1.037
4.453831077,-0.0155,1.0320,-0.0848,1.036
4.455970539,-0.0118,1.0233,-0.0899,1.027
4.458412,-0.0014,1.0203,-0.0929,1.025
4.461458154,0.0049,1.0110,-0.0911,1.015
4.463314539,0.0142,1.0076,-0.0962,1.012
4.465695692,0.0235,0.9958,-0.0960,1.001
4.468381539,0.0332,0.9830,-0.0960,0.988
4.470582539,0.0420,0.9734,-0.0897,0.978
4.473335769,0.0528,0.9634,-0.0862,0.969
4.476543692,0.0598,0.9565,-0.0823,0.962
4.478142769,0.0659,0.9511,-0.0767,0.956
4.480743077,0.0708,0.9567,-0.0872,0.963
4.482921231,0.0757,0.9636,-0.0776,0.970
4.486276923,0.0967,0.9426,-0.0489,0.949
4.487495462,0.1067,0.9333,-0.0428,0.940
4.489820308,0.1031,0.9397,-0.0501,0.947
4.498683385,0.0906,0.9521,-0.0615,0.958
4.499693308,0.0799,0.9604,-0.0662,0.966
4.500189846,0.0679,0.9751,-0.0640,0.980
4.500580615,0.0608,0.9812,-0.0675,0.985
4.504634462,0.0520,0.9874,-0.0671,0.991
4.505175462,0.0410,0.9991,-0.0684,1.002
4.506616385,0.0356,1.0024,-0.0610,1.005
4.509098769,0.0288,1.0076,-0.0533,1.009
4.511407692,0.0235,1.0088,-0.0498,1.010
4.513752308,0.0249,1.0081,-0.0528,1.010
4.516301923,0.0303,1.0032,-0.0606,1.005
4.518896615,0.0293,1.0024,-0.0671,1.005
4.521000308,0.0310,1.0015,-0.0669,1.004
4.523651385,0.0296,1.0079,-0.0591,1.010
4.526094846,0.0366,1.0115,-0.0437,1.013
4.528339462,0.0433,1.0186,-0.0388,1.020
4.530838231,0.0449,1.0240,-0.0437,1.026
4.533452,0.0515,1.0254,-0.0564,1.028
4.535727769,0.0591,1.0212,-0.0684,1.025
4.538277615,0.0613,1.0149,-0.0757,1.020
4.540601539,0.0520,1.0140,-0.0897,1.019
4.543814846,0.0415,1.0093,-0.1065,1.016
4.545148077,0.0308,1.0073,-0.1267,1.016
4.547568077,0.0130,1.0032,-0.1439,1.014
4.550217539,-0.0053,1.0044,-0.1566,1.017
4.553147462,-0.0244,1.0049,-0.1717,1.020
4.554824308,-0.0449,1.0027,-0.1796,1.020
4.558326769,-0.0605,1.0039,-0.1877,1.023
4.560687692,-0.0779,1.0061,-0.1971,1.028
4.562150231,-0.1031,1.0088,-0.2074,1.035
4.564562154,-0.1248,1.0073,-0.2208,1.039
4.567773539,-0.1487,1.0007,-0.2308,1.038
4.569560385,-0.1763,0.9966,-0.2404,1.040
4.571734846,-0.2032,0.9954,-0.2467,1.045
4.574705231,-0.2377,0.9991,-0.2467,1.056
4.577033231,-0.2699,1.0007,-0.2401,1.064
4.579629,-0.3039,1.0071,-0.2313,1.077
4.581773846,-0.3293,1.0088,-0.2203,1.084
4.585148385,-0.3554,1.0132,-0.2054,1.093
4.586360615,-0.3789,1.0168,-0.1833,1.100
4.588535385,-0.3971,1.0191,-0.1617,1.106
4.591677,-0.4052,1.0240,-0.1204,1.108
4.594393846,-0.4394,1.0330,-0.1502,1.133
4.596025,-0.4441,1.0240,-0.1373,1.125
4.598242846,-0.4446,1.0179,-0.1106,1.116
4.605390231,-0.4441,1.0098,-0.0953,1.107
4.606528077,-0.4390,1.0088,-0.0845,1.103
4.607123077,-0.4313,1.0084,-0.0796,1.100
4.611948692,-0.4213,1.0019,-0.0825,1.090
4.612436,-0.4157,0.9968,-0.0852,1.083
4.612668,-0.4055,0.9910,-0.0953,1.075
4.616231769,-0.3947,0.9851,-0.1013,1.066
4.618293846,-0.3828,0.9805,-0.1038,1.058
4.619858539,-0.3717,0.9763,-0.1041,1.050
4.622425,-0.3495,0.9668,-0.0950,1.032
4.625179385,-0.3358,0.9621,-0.0843,1.023
4.627717231,-0.3127,0.9616,-0.0735,1.014
4.630015077,-0.2911,0.9644,-0.0650,1.009
4.632579692,-0.2662,0.9700,-0.0569,1.007
4.634618154,-0.2423,0.9756,-0.0491,1.006
4.637284692,-0.2140,0.9890,-0.0430,1.013
4.639833231,-0.1865,0.9995,-0.0400,1.018
4.642840308,-0.1634,1.0096,-0.0377,1.023
4.644336692,-0.1392,1.0200,-0.0342,1.030
4.646849308,-0.1260,1.0310,-0.0349,1.039
4.649170462,-0.1128,1.0340,-0.0288,1.041
4.651480385,-0.1076,1.0403,-0.0222,1.046
4.654140077,-0.1052,1.0415,-0.0130,1.047
4.656885231,-0.1071,1.0440,-0.0219,1.050
4.659805231,-0.1140,1.0443,-0.0335,1.051
4.661318231,-0.1184,1.0466,-0.0513,1.055
4.663581539,-0.1292,1.0420,-0.0813,1.053
4.666115077,-0.1394,1.0366,-0.1127,1.052
4.668668923,-0.1583,1.0301,-0.1397,1.052
4.670671154,-0.1725,1.0181,-0.1456,1.043
4.673338769,-0.1924,1.0110,-0.1407,1.039
4.676227154,-0.2112,1.0022,-0.1437,1.034
4.678088077,-0.2298,0.9983,-0.1437,1.034
4.680613923,-0.2438,0.9905,-0.1405,1.030
4.684401539,-0.2580,0.9858,-0.1312,1.027
4.685563154,-0.2660,0.9814,-0.1202,1.024
4.687706846,-0.2769,0.9817,-0.1050,1.025
4.690446846,-0.2887,0.9851,-0.0864,1.030
4.693344923,-0.2992,0.9865,-0.0662,1.033
4.695078154,-0.3168,0.9910,-0.0528,1.042
4.697394769,-0.3330,0.9966,-0.0491,1.052
4.705730539,-0.3535,1.0061,-0.0510,1.068
4.706448923,-0.3710,1.0147,-0.0566,1.082
4.706789923,-0.3896,1.0220,-0.0631,1.096
4.707353923,-0.4003,1.0264,-0.0684,1.104
4.709146846,-0.4026,1.0242,-0.0687,1.103
4.711426462,-0.3994,1.0135,-0.0650,1.091
4.714072,-0.3857,1.0015,-0.0687,1.075
4.716988615,-0.3610,0.9839,-0.0738,1.051
4.718736077,-0.3321,0.9683,-0.0840,1.027
4.721422769,-0.3051,0.9555,-0.0980,1.008
4.723989,-0.2769,0.9483,-0.1097,0.994
4.72624,-0.2510,0.9421,-0.1197,0.982
4.728862462,-0.2291,0.9387,-0.1292,0.975
4.731374769,-0.2119,0.9378,-0.1376,0.971
4.734008385,-0.1973,0.9402,-0.1414,0.971
4.736081308,-0.1890,0.9431,-0.1461,0.973
4.738201923,-0.1814,0.9474,-0.1419,0.975
4.741995077,-0.1758,0.9555,-0.1341,0.981
4.743076615,-0.1704,0.9641,-0.1302,0.988
4.745695462,-0.1590,0.9709,-0.1265,0.992
4.748321923,-0.1480,0.9781,-0.1243,0.997
4.750713539,-0.1316,0.9856,-0.1219,1.002
4.752786846,-0.1245,0.9958,-0.1199,1.011
4.756248308,-0.1171,1.0049,-0.1153,1.018
4.758878846,-0.1084,1.0144,-0.1073,1.026
4.760049,-0.0969,1.0198,-0.1038,1.030
4.762330846,-0.0874,1.0242,-0.1011,1.033
4.764965539,-0.0740,1.0235,-0.0987,1.031
4.767556923,-0.0563,1.0247,-0.0994,1.031
4.769514539,-0.0434,1.0186,-0.1004,1.024
4.772517,-0.0321,1.0168,-0.0999,1.022
4.775296385,-0.0272,1.0137,-0.0982,1.019
4.778241539,-0.0223,1.0059,-0.1021,1.011
4.779958462,-0.0207,0.9946,-0.1043,1.000
4.781783692,-0.0260,0.9812,-0.1090,0.988
4.784136,-0.0388,0.9688,-0.1162,0.976
4.786605308,-0.0586,0.9609,-0.1211,0.970
4.789312923,-0.0864,0.9543,-0.1260,0.966
4.796076615,-0.1157,0.9541,-0.1300,0.970
4.796853,-0.1436,0.9514,-0.1388,0.972
4.797310539,-0.1702,0.9555,-0.1437,0.981
4.799007385,-0.1927,0.9572,-0.1409,0.987
4.801395692,-0.2095,0.9565,-0.1405,0.989
4.803256385,-0.2166,0.9592,-0.1416,0.993
4.806496,-0.2215,0.9546,-0.1385,0.990
4.808378462,-0.2193,0.9490,-0.1376,0.984
4.810765231,-0.2124,0.9438,-0.1319,0.976
4.812931077,-0.2059,0.9375,-0.1280,0.968
4.816593923,-0.1976,0.9306,-0.1270,0.960
4.818140385,-0.1919,0.9231,-0.1304,0.952
4.820112923,-0.1870,0.9184,-0.1373,0.947
4.822739462,-0.1839,0.9120,-0.1478,0.942
4.824808077,-0.1865,0.9108,-0.1637,0.944
4.827947077,-0.1909,0.9169,-0.1796,0.954
4.829897308,-0.1917,0.9208,-0.1942,0.960
4.832709539,-0.1875,0.9287,-0.2045,0.969
4.834627154,-0.1821,0.9438,-0.2098,0.984
4.837259769,-0.1758,0.9572,-0.2082,0.995
4.839781923,-0.1660,0.9741,-0.1996,1.008
4.842258769,-0.1548,0.9851,-0.1922,1.016
4.844415769,-0.1431,1.0003,-0.1866,1.028
4.848096615,-0.1272,1.0128,-0.1754,1.036
4.849892615,-0.1169,1.0212,-0.1624,1.041
4.851958846,-0.1101,1.0317,-0.1507,1.048
4.853965231,-0.0933,1.0347,-0.1458,1.049
4.857504,-0.0874,1.0398,-0.1486,1.054
4.858754846,-0.0786,1.0391,-0.1558,1.054
4.861522154,-0.0705,1.0401,-0.1666,1.056
4.865721539,-0.0566,1.0354,-0.1712,1.051
4.866470539,-0.0385,1.0308,-0.1742,1.046
4.868508385,-0.0227,1.0237,-0.1722,1.038
4.871027692,0.0012,1.0130,-0.1712,1.027
4.874048385,0.0263,1.0056,-0.1735,1.021
4.875985231,0.0447,0.9942,-0.1715,1.010
4.878352692,0.0628,0.9832,-0.1759,1.001
4.880624308,0.0799,0.9751,-0.1759,0.994
4.883202846,0.0882,0.9675,-0.1759,0.987
4.885712923,0.0911,0.9629,-0.1722,0.982
4.887898539,0.0845,0.9639,-0.1670,0.982
4.894783385,0.0726,0.9646,-0.1627,0.981
4.895437615,0.0633,0.9695,-0.1593,0.985
4.895883385,0.0517,0.9773,-0.1524,0.990
4.898450154,0.0391,0.9781,-0.1505,0.990
4.900509539,0.0303,0.9819,-0.1419,0.993
4.902052,0.0168,0.9868,-0.1388,0.997
4.905446539,0.0024,0.9849,-0.1370,0.994
4.907591769,-0.0111,0.9825,-0.1332,0.992
4.909357,-0.0248,0.9783,-0.1316,0.987
4.912345231,-0.0393,0.9716,-0.1329,0.981
4.915083077,-0.0527,0.9648,-0.1358,0.976
4.916694539,-0.0619,0.9555,-0.1358,0.967
4.919642154,-0.0700,0.9470,-0.1370,0.959
4.921528615,-0.0705,0.9446,-0.1465,0.958
4.924237308,-0.0684,0.9409,-0.1570,0.956
4.926275769,-0.0619,0.9382,-0.1707,0.956
4.930000923,-0.0532,0.9357,-0.1864,0.956
4.932430462,-0.0451,0.9338,-0.2038,0.957
4.933550462,-0.0397,0.9372,-0.2231,0.964
4.937127385,-0.0316,0.9404,-0.2399,0.971
4.938470539,-0.0300,0.9453,-0.2585,0.980
4.940842769,-0.0295,0.9480,-0.2672,0.985
4.943240308,-0.0332,0.9541,-0.2695,0.992
4.945776923,-0.0400,0.9607,-0.2676,0.998
4.948296692,-0.0476,0.9648,-0.2665,1.002
4.950348923,-0.0586,0.9670,-0.2583,1.003
4.952907385,-0.0710,0.9704,-0.2578,1.007
4.956662769,-0.0874,0.9737,-0.2560,1.011
4.958464077,-0.1074,0.9834,-0.2506,1.020
4.960041308,-0.1301,0.9930,-0.2348,1.029
4.962974154,-0.1492,0.9995,-0.2126,1.033
4.965296692,-0.1663,1.0091,-0.1893,1.040
4.967436692,-0.1812,1.0144,-0.1656,1.044
4.969870154,-0.1956,1.0235,-0.1474,1.052
4.973518231,-0.2035,1.0261,-0.1267,1.054
4.974751077,-0.2054,1.0320,-0.1141,1.058
4.977067154,-0.2081,1.0326,-0.0989,1.058
4.981011769,-0.2005,1.0338,-0.0874,1.057
4.982029,-0.1927,1.0286,-0.0752,1.049
4.984046846,-0.1844,1.0254,-0.0662,1.044
4.987002539,-0.1704,1.0177,-0.0610,1.034
4.989753308,-0.1590,1.0115,-0.0582,1.026
4.991595077,-0.1480,1.0051,-0.0528,1.017
4.993942231,-0.1389,1.0005,-0.0522,1.011
5.002144077,-0.1292,0.9961,-0.0522,1.006
5.003206846,-0.1231,0.9958,-0.0569,1.005
5.003644692,-0.1138,0.9946,-0.0642,1.003
5.004116077,-0.1015,0.9939,-0.0701,1.002
5.009132692,-0.0923,0.9981,-0.0675,1.005
5.010681615,-0.0781,1.0007,-0.0669,1.006
5.010960615,-0.0534,1.0098,-0.0682,1.013
5.013239692,-0.0227,1.0154,-0.0635,1.018
5.015515077,0.0078,1.0164,-0.0645,1.019
5.017772615,0.0412,1.0168,-0.0579,1.019
5.020574539,0.0691,1.0196,-0.0510,1.023
5.0228,0.1009,1.0228,-0.0486,1.029
5.025223692,0.1253,1.0286,-0.0435,1.037
5.027605923,0.1421,1.0347,-0.0403,1.045
5.030477846,0.1570,1.0373,-0.0354,1.050
5.032325308,0.1705,1.0410,-0.0332,1.055
5.034895692,0.1786,1.0433,-0.0315,1.059
5.037220308,0.1784,1.0433,-0.0354,1.059
5.039744615,0.1798,1.0415,-0.0403,1.058
5.042127462,0.1779,1.0413,-0.0479,1.057
5.044682231,0.1742,1.0376,-0.0466,1.053
5.046961846,0.1722,1.0347,-0.0420,1.050
5.049325231,0.1779,1.0310,-0.0437,1.047
5.051673231,0.1857,1.0249,-0.0449,1.043
5.054457308,0.1854,1.0249,-0.0491,1.043
5.056989539,0.1903,1.0277,-0.0484,1.046
5.059145,0.1938,1.0317,-0.0642,1.052
5.061717615,0.2052,1.0408,-0.0731,1.063
5.063886846,0.2162,1.0479,-0.0769,1.073
5.066472692,0.2164,1.0673,-0.0938,1.093
5.068694539,0.2152,1.0885,-0.1046,1.114
5.07114,0.2367,1.0960,-0.0982,1.126
5.073439462,0.2460,1.1136,-0.1034,1.145
5.075869615,0.2431,1.1381,-0.1118,1.169
5.078306846,0.2506,1.1505,-0.0989,1.182
5.080780077,0.2795,1.1393,-0.0664,1.175
5.083350539,0.2958,1.1358,-0.0491,1.175
5.085653308,0.2925,1.1339,-0.0317,1.171
5.092868308,0.2837,1.1386,-0.0310,1.174
5.093564385,0.2746,1.1417,-0.0105,1.174
5.093895077,0.2627,1.1424,0.0209,1.172
5.095337923,0.2318,1.1637,0.0053,1.187
5.098390769,0.1976,1.1828,0.0029,1.199
5.100129308,0.1651,1.2057,-0.0203,1.217
5.102635385,0.1321,1.2182,-0.0127,1.225
5.104619154,0.0980,1.2387,0.0016,1.243
5.107049231,0.0596,1.2644,0.0114,1.266
5.109483692,0.0237,1.2868,0.0065,1.287
5.112197923,-0.0151,1.3154,-0.0701,1.317
5.114353,-0.0272,1.3208,-0.1554,1.330
5.116871692,-0.0749,1.3420,-0.1111,1.349
5.119206154,-0.0903,1.3531,-0.1654,1.366
5.121685308,-0.0817,1.3425,-0.2289,1.364
5.124176077,-0.0849,1.3526,-0.2555,1.379
5.126917539,-0.0893,1.3753,-0.2534,1.401
5.129825923,-0.0833,1.3860,-0.2590,1.412
5.131303077,-0.0684,1.3887,-0.2802,1.418
5.133605923,-0.0612,1.3983,-0.3184,1.435
5.136195385,-0.0579,1.3963,-0.3738,1.447
5.138847769,-0.0314,1.4004,-0.3149,1.436
5.141120308,-0.0148,1.4102,-0.2634,1.435
5.143967077,-0.0109,1.4149,-0.2098,1.430
5.146274231,-0.0116,1.4102,-0.1630,1.420
5.148040692,-0.0316,1.4025,-0.1226,1.408
5.150484923,-0.0724,1.3953,-0.1082,1.401
5.154620077,-0.1289,1.3897,-0.1185,1.401
5.155807154,-0.1829,1.3678,-0.1478,1.388
5.157758846,-0.2281,1.3315,-0.1732,1.362
5.160705923,-0.2687,1.2932,-0.1935,1.335
5.162903692,-0.3109,1.2548,-0.1964,1.308
5.165764077,-0.3644,1.2290,-0.1842,1.295
5.167552308,-0.4089,1.1943,-0.1483,1.271
5.170980692,-0.4621,1.1786,-0.1258,1.272
5.180206769,-0.5035,1.1635,-0.1024,1.272
5.181172077,-0.5335,1.1417,-0.0724,1.262
5.181898154,-0.5459,1.1195,-0.0377,1.246
5.182842231,-0.5892,1.1134,-0.0186,1.260
5.183521616,-0.6515,1.1141,0.0176,1.291
5.185056923,-0.6996,1.1011,0.0197,1.305
5.187283077,-0.7423,1.0809,0.0119,1.311
5.188995154,-0.7956,1.0685,0.0111,1.332
5.191332692,-0.8367,1.0489,-0.0251,1.342
5.194025539,-0.8944,1.0450,-0.0776,1.378
5.197837,-0.9432,1.0379,-0.1324,1.409
5.198683692,-0.9840,1.0210,-0.1698,1.428
5.201036923,-0.9933,0.9966,-0.1935,1.420
5.203600616,-0.9755,0.9614,-0.2010,1.384
5.205919385,-0.9733,0.9353,-0.1982,1.364
5.208499692,-0.9557,0.8959,-0.1937,1.324
5.210764077,-0.9745,0.8752,-0.1429,1.318
5.213048385,-0.9691,0.8405,-0.1446,1.291
5.215627692,-0.9368,0.7826,-0.1952,1.236
5.218340385,-0.9186,0.7435,-0.1717,1.194
5.220792616,-0.8929,0.7449,-0.0938,1.167
5.222983769,-0.8743,0.7738,0.0114,1.168
5.226085308,-0.8567,0.8256,0.1269,1.197
5.227860692,-0.8308,0.8786,0.2482,1.234
5.230181308,-0.7884,0.9255,0.3551,1.267
5.232836385,-0.7414,0.9644,0.4348,1.292
5.235038846,-0.6877,0.9949,0.4774,1.300
5.237344692,-0.6393,1.0200,0.4661,1.291
5.239707385,-0.5931,1.0340,0.4314,1.268
5.242804,-0.5306,1.0320,0.4116,1.231
5.245338231,-0.4739,1.0110,0.3918,1.183
5.246995154,-0.4152,0.9832,0.3574,1.125
5.249448,-0.3619,0.9570,0.3368,1.077
5.252014539,-0.3342,0.9414,0.3121,1.047
5.254352616,-0.2974,0.9243,0.2794,1.010
5.256666769,-0.2704,0.9094,0.2513,0.981
5.259693,-0.2220,0.8761,0.2257,0.932
5.261819154,-0.1760,0.8419,0.1954,0.882
5.263709308,-0.1285,0.8080,0.1599,0.834
5.266675154,-0.0796,0.7694,0.1169,0.782
5.270028,-0.0353,0.7359,0.0903,0.742
5.271120385,0.0098,0.7054,0.0773,0.710
5.273662846,0.0498,0.6816,0.0623,0.686
5.276352616,0.0869,0.6599,0.0563,0.668
5.278791385,0.1165,0.6426,0.0500,0.655
5.281839154,0.1430,0.6352,0.0427,0.652
5.283690846,0.1612,0.6294,0.0386,0.651
5.286124308,0.1810,0.6267,0.0370,0.653
5.287937616,0.2018,0.6191,0.0329,0.652
5.290413846,0.2304,0.6126,0.0314,0.655
5.292943154,0.2639,0.6089,0.0356,0.665
5.295382231,0.2772,0.6128,0.0316,0.673
5.297697308,0.2870,0.6174,0.0244,0.681
5.300234846,0.2900,0.6243,0.0134,0.688
5.307749923,0.2849,0.6343,0.0046,0.695
5.308273231,0.2753,0.6487,-0.0046,0.705
5.308875385,0.2707,0.6583,-0.0107,0.712
5.310201,0.2655,0.6685,-0.0225,0.720
5.312226846,0.2518,0.6829,-0.0359,0.729
5.314927769,0.2434,0.6995,-0.0473,0.742
5.317079692,0.2343,0.7168,-0.0498,0.756
5.319761,0.2224,0.7379,-0.0430,0.772
5.321758231,0.2071,0.7582,-0.0288,0.786
5.324268385,0.1879,0.7836,-0.0095,0.806
5.327920308,0.1681,0.8141,0.0167,0.831
5.329063769,0.1414,0.8426,0.0332,0.855
5.331666846,0.1151,0.8691,0.0517,0.878
5.333942154,0.0864,0.8920,0.0623,0.898
5.336332077,0.0598,0.9075,0.0696,0.912
5.338641231,0.0330,0.9208,0.0712,0.924
5.341156,0.0081,0.9333,0.0696,0.936
5.344553308,-0.0176,0.9436,0.0649,0.946
5.345829,-0.0421,0.9529,0.0712,0.956
5.348373308,-0.0651,0.9648,0.0859,0.971
5.350954769,-0.0881,0.9770,0.1018,0.986
5.353281616,-0.1152,0.9923,0.1206,1.006
5.355437,-0.1387,1.0059,0.1387,1.025
5.358365616,-0.1578,1.0228,0.1521,1.046
5.361253308,-0.1732,1.0425,0.1546,1.068
5.363095692,-0.1873,1.0589,0.1529,1.086
5.365219462,-0.2074,1.0797,0.1455,1.109
5.3692,-0.2205,1.0980,0.1402,1.129
5.369957616,-0.2394,1.1136,0.1353,1.147
5.372665539,-0.2652,1.1298,0.1216,1.167
5.375432077,-0.2916,1.1423,0.0975,1.183
5.377406462,-0.3178,1.1495,0.0635,1.194
5.379640385,-0.3463,1.1475,0.0339,1.199
5.383395154,-0.3740,1.1407,0.0092,1.200
5.385648077,-0.3991,1.1321,-0.0112,1.200
5.386880308,-0.4150,1.1249,-0.0166,1.199
5.389351385,-0.4304,1.1151,-0.0186,1.195
5.391994231,-0.4490,1.1078,-0.0142,1.195
5.394683769,-0.4756,1.1023,-0.0032,1.201
5.396626462,-0.4961,1.0980,0.0097,1.205
5.399498231,-0.5213,1.0911,0.0185,1.209
5.406019385,-0.5431,1.0801,0.0258,1.209
5.406877308,-0.5643,1.0723,0.0346,1.212
5.407233923,-0.5858,1.0604,0.0368,1.212
5.409322539,-0.6046,1.0515,0.0349,1.213
5.412765923,-0.6161,1.0384,0.0281,1.208
5.413438231,-0.6242,1.0228,0.0214,1.198
5.416266539,-0.6295,1.0119,0.0793,1.194
5.418607769,-0.6219,1.0010,0.0190,1.179
5.420566462,-0.5855,0.9595,-0.0479,1.125
5.423444385,-0.5657,0.9404,-0.0498,1.099
5.425898154,-0.5638,0.9485,-0.0501,1.105
5.428286154,-0.5682,0.9697,-0.0530,1.125
5.430370769,-0.5669,0.9819,-0.0530,1.135
5.433312616,-0.5536,0.9893,-0.0517,1.135
5.435207077,-0.5294,0.9924,-0.0447,1.126
5.437691462,-0.5076,0.9970,-0.0440,1.120
5.440141846,-0.4881,1.0047,-0.0408,1.118
5.443503769,-0.4705,1.0098,-0.0424,1.115
5.445078231,-0.4575,1.0140,-0.0435,1.113
5.447430154,-0.4455,1.0168,-0.0522,1.111
5.449755077,-0.4294,1.0112,-0.0652,1.101
5.452296385,-0.4213,1.0122,-0.0852,1.100
5.454618231,-0.4155,1.0086,-0.1001,1.095
5.456935692,-0.4177,1.0091,-0.1106,1.098
5.459826154,-0.4267,1.0096,-0.1185,1.102
5.461698769,-0.4382,1.0081,-0.1197,1.106
5.464384077,-0.4429,1.0037,-0.1118,1.103
5.466724616,-0.4502,0.9970,-0.1038,1.099
5.468917231,-0.4544,0.9932,-0.1009,1.097
5.472213231,-0.4502,0.9849,-0.0965,1.087
5.473960077,-0.4421,0.9741,-0.0975,1.074
5.476953923,-0.4343,0.9604,-0.1001,1.059
5.478490539,-0.4292,0.9455,-0.1046,1.044
5.481312923,-0.4255,0.9353,-0.1111,1.034
5.484928385,-0.4321,0.9316,-0.1183,1.034
5.486066231,-0.4453,0.9277,-0.1232,1.036
5.488152308,-0.4560,0.9245,-0.1270,1.039
5.490754231,-0.4658,0.9220,-0.1275,1.041
5.493645616,-0.4781,0.9148,-0.1251,1.040
5.495807154,-0.4912,0.9118,-0.1195,1.043
5.498781539,-0.4922,0.9071,-0.1185,1.039
5.505264923,-0.4922,0.9045,-0.1195,1.037
5.505802154,-0.4863,0.8957,-0.1153,1.026
5.506293923,-0.4812,0.8905,-0.1136,1.019
5.508131769,-0.4683,0.8835,-0.1055,1.005
5.510394769,-0.4532,0.8781,-0.0911,0.992
5.512441539,-0.4382,0.8710,-0.0901,0.979
5.514953539,-0.4272,0.8668,-0.0864,0.970
5.517203462,-0.4250,0.8625,-0.0887,0.966
5.519386769,-0.4269,0.8671,-0.0877,0.971
5.522138846,-0.4304,0.8730,-0.0848,0.977
5.524463769,-0.4392,0.8686,-0.0843,0.977
5.526861308,-0.4455,0.8705,-0.0813,0.981
5.529316308,-0.4514,0.8723,-0.0818,0.986
5.531693539,-0.4551,0.8705,-0.0799,0.986
5.533997,-0.4519,0.8720,-0.0774,0.985
5.536392616,-0.4502,0.8691,-0.0735,0.982
5.538902539,-0.4453,0.8686,-0.0696,0.979
5.542345539,-0.4394,0.8679,-0.0724,0.975
5.543501923,-0.4316,0.8644,-0.0771,0.969
5.546078154,-0.4253,0.8586,-0.0908,0.962
5.548716692,-0.4204,0.8547,-0.1026,0.958
5.551876077,-0.4133,0.8510,-0.1143,0.953
5.553714539,-0.4059,0.8461,-0.1295,0.947
5.555932923,-0.4011,0.8381,-0.1360,0.939
5.559053231,-0.3964,0.8334,-0.1444,0.934
5.560580923,-0.3913,0.8270,-0.1558,0.928
5.563070154,-0.3889,0.8219,-0.1673,0.925
5.565541616,-0.3877,0.8227,-0.1881,0.929
5.567959077,-0.3896,0.8281,-0.2054,0.938
5.571073539,-0.3838,0.8344,-0.2103,0.942
5.572909231,-0.3737,0.8424,-0.2003,0.943
5.575674231,-0.3563,0.8388,-0.1910,0.931
5.577389539,-0.3437,0.8256,-0.2006,0.917
5.580014154,-0.3424,0.8102,-0.2311,0.909
5.584136308,-0.3530,0.7946,-0.2736,0.911
5.585121846,-0.3624,0.7806,-0.3142,0.916
5.587433539,-0.3700,0.7626,-0.3510,0.917
5.589550769,-0.3771,0.7474,-0.3894,0.923
5.592291154,-0.3908,0.7403,-0.4388,0.945
5.594480923,-0.4177,0.7413,-0.4989,0.986
5.597780692,-0.4497,0.7501,-0.5614,1.039
5.604497539,-0.4837,0.7676,-0.6245,1.101
5.605470846,-0.5068,0.7823,-0.6762,1.152
5.605803385,-0.5159,0.7974,-0.7051,1.183
5.607608923,-0.5166,0.8132,-0.7125,1.198
5.610864616,-0.5017,0.8334,-0.7092,1.204
5.611416692,-0.4719,0.8537,-0.7021,1.202
5.614625923,-0.4199,0.8752,-0.6958,1.194
5.616877616,-0.3566,0.9026,-0.6825,1.186
5.618289,-0.2865,0.9282,-0.6503,1.169
5.620751769,-0.2035,0.9518,-0.6220,1.155
5.623457308,-0.1106,0.9656,-0.5683,1.126
5.625629539,-0.0319,1.0035,-0.4630,1.106
5.628208385,0.0471,1.0477,-0.3750,1.114
5.630792077,0.1402,1.0813,-0.3335,1.140
5.633110539,0.2316,1.1156,-0.2609,1.169
5.635191077,0.3070,1.1701,-0.2015,1.226
5.638025308,0.3809,1.2082,-0.2199,1.286
5.641249539,0.4434,1.2416,-0.2236,1.337
5.642637231,0.4928,1.2773,-0.1808,1.381
5.644898769,0.5338,1.3140,-0.1705,1.428
5.647541,0.5849,1.3469,-0.1365,1.475
5.649904308,0.6359,1.3770,-0.0361,1.517
5.652221,0.6721,1.4141,0.0635,1.567
5.654859769,0.6902,1.4452,0.1495,1.609
5.658154769,0.6934,1.4698,0.2301,1.641
5.659588308,0.6992,1.4745,0.2974,1.659
5.661981539,0.6939,1.4708,0.3866,1.672
5.664405539,0.6838,1.4620,0.4414,1.673
5.666892077,0.6501,1.4432,0.4609,1.649
5.669338769,0.6049,1.4170,0.4688,1.610
5.671773616,0.5431,1.3785,0.4774,1.557
5.674266462,0.4444,1.3343,0.4973,1.492
5.676272077,0.3117,1.2881,0.5079,1.419
5.678807769,0.1764,1.2290,0.4879,1.334
5.682959154,0.0540,1.1703,0.4278,1.247
5.683878846,-0.0566,1.1085,0.3898,1.176
5.686145231,-0.1768,1.0359,0.2745,1.086
5.688847462,-0.2633,0.9551,0.1919,1.009
5.691012308,-0.3251,0.8866,0.0966,0.949
5.693314154,-0.3764,0.8251,-0.0002,0.907
5.695617308,-0.4423,0.7869,-0.0845,0.907
5.705085539,-0.5061,0.7591,-0.1258,0.921
5.705753616,-0.5418,0.7403,-0.2028,0.940
5.706125923,-0.5142,0.6839,-0.3377,0.920
5.706485846,-0.4741,0.6213,-0.4197,0.887
5.709871385,-0.4783,0.6091,-0.4172,0.880
5.710239077,-0.5076,0.6336,-0.3315,0.877
5.712548923,-0.5286,0.6548,-0.3322,0.905
5.715893,-0.5482,0.6667,-0.3266,0.923
5.717233231,-0.5660,0.6883,-0.3054,0.942
5.719755385,-0.5480,0.7357,-0.2030,0.940
5.722123385,-0.5426,0.7926,-0.1717,0.976
5.724736,-0.5687,0.8473,-0.2110,1.042
5.727097616,-0.5978,0.8822,-0.2150,1.087
5.729428923,-0.6026,0.9150,-0.1933,1.113
5.732082846,-0.6161,0.9704,-0.1381,1.158
5.734217539,-0.6542,1.0254,-0.1221,1.222
5.736565308,-0.7074,1.0974,-0.1416,1.313
5.739220692,-0.7583,1.1708,-0.1444,1.402
5.741575385,-0.8020,1.2250,-0.1509,1.472
5.744768077,-0.8130,1.2529,-0.1624,1.502
5.747544923,-0.8049,1.2478,-0.1952,1.498
5.750045846,-0.7905,1.2218,-0.2236,1.472
5.751449539,-0.7658,1.1822,-0.2404,1.429
5.753576923,-0.7260,1.1302,-0.2526,1.367
5.755935154,-0.6589,1.0772,-0.2487,1.287
5.758342154,-0.5750,1.0326,-0.2284,1.204
5.761332308,-0.4983,0.9937,-0.2033,1.130
5.763420308,-0.4365,0.9663,-0.1712,1.074
5.765545846,-0.3830,0.9390,-0.1573,1.026
5.768383462,-0.3334,0.9115,-0.1542,0.983
5.771039077,-0.2845,0.8891,-0.1617,0.947
5.773241923,-0.2415,0.8742,-0.1793,0.924
5.775114846,-0.2030,0.8708,-0.2122,0.919
5.778034769,-0.1692,0.8705,-0.2543,0.923
5.780321231,-0.1382,0.8847,-0.2895,0.941
5.782748616,-0.1187,0.9115,-0.3147,0.972
5.784864616,-0.1018,0.9323,-0.3522,1.002
5.788543462,-0.0977,0.9548,-0.3554,1.023
5.790648,-0.0961,0.9893,-0.3403,1.051
5.792336,-0.0798,1.0147,-0.3264,1.069
5.794819462,-0.0651,1.0384,-0.3163,1.087
5.802504692,-0.0407,1.0582,-0.3119,1.104
5.803321846,-0.0167,1.0748,-0.3333,1.125
5.803945846,0.0535,1.0469,-0.5331,1.176
5.804376077,0.0708,1.0350,-0.4027,1.113
5.809188,0.0447,1.0858,-0.2345,1.112
5.809562231,0.0228,1.1349,-0.1400,1.144
5.811319385,0.0051,1.1656,-0.0724,1.168
5.815437846,-0.0211,1.1969,-0.0403,1.198
5.816350846,-0.0549,1.2116,-0.0323,1.213
5.818594231,-0.0852,1.2143,-0.0437,1.218
5.821147692,-0.1208,1.2089,-0.0740,1.217
5.823784616,-0.1518,1.1996,-0.1121,1.214
5.826291769,-0.1793,1.1791,-0.1456,1.201
5.828768308,-0.2010,1.1586,-0.1698,1.188
5.831438231,-0.2179,1.1330,-0.1847,1.168
5.833017846,-0.2303,1.1060,-0.1884,1.145
5.835887385,-0.2337,1.0767,-0.1917,1.118
5.838106462,-0.2330,1.0459,-0.1996,1.090
5.840253923,-0.2322,1.0240,-0.2115,1.071
5.842844308,-0.2320,1.0005,-0.2228,1.051
5.845776,-0.2352,0.9807,-0.2301,1.034
5.848268385,-0.2389,0.9665,-0.2485,1.026
5.850137616,-0.2340,0.9495,-0.2792,1.017
5.852478846,-0.2310,0.9357,-0.2770,1.003
5.856096385,-0.2291,0.9350,-0.2917,1.006
5.857096616,-0.1888,0.8962,-0.3909,0.996
5.859816923,-0.1670,0.8651,-0.4102,0.972
5.862823077,-0.1676,0.8573,-0.3743,0.950
5.864917231,-0.1697,0.8647,-0.3156,0.936
5.866907385,-0.1753,0.8796,-0.2678,0.936
5.869729231,-0.1816,0.8982,-0.2294,0.945
5.873174231,-0.1816,0.9140,-0.2069,0.955
5.874000385,-0.1770,0.9292,-0.1908,0.965
5.876479462,-0.1739,0.9411,-0.1730,0.973
5.879108385,-0.1670,0.9492,-0.1575,0.977
5.881448923,-0.1602,0.9583,-0.1456,0.982
5.883642462,-0.1592,0.9656,-0.1373,0.988
5.886265846,-0.1602,0.9770,-0.1297,0.999
5.889070154,-0.1611,0.9878,-0.1236,1.008
5.891035077,-0.1616,0.9991,-0.1172,1.019
5.893728,-0.1627,1.0122,-0.1109,1.031
5.902090231,-0.1676,1.0242,-0.1085,1.043
5.902805308,-0.1707,1.0369,-0.1016,1.056
5.903071462,-0.1736,1.0464,-0.1026,1.066
5.904591077,-0.1772,1.0531,-0.0999,1.073
5.908334769,-0.1788,1.0584,-0.0953,1.078
5.909310539,-0.1763,1.0575,-0.0936,1.076
5.910082769,-0.1814,1.0601,-0.0943,1.080
5.914119154,-0.1875,1.0550,-0.0955,1.076
5.914882769,-0.1939,1.0477,-0.1036,1.070
5.917462462,-0.2032,1.0373,-0.1097,1.063
5.919866846,-0.2173,1.0291,-0.1187,1.058
5.922327769,-0.2315,1.0208,-0.1288,1.055
5.925016923,-0.2513,1.0140,-0.1402,1.054
5.927600077,-0.2655,1.0035,-0.1519,1.049
5.930142539,-0.2821,0.9900,-0.1624,1.042
5.931985616,-0.2967,0.9832,-0.1710,1.041
5.934246154,-0.3099,0.9744,-0.1768,1.038
5.936833539,-0.3190,0.9700,-0.1810,1.037
5.939137846,-0.3216,0.9663,-0.1837,1.035
5.941769308,-0.3283,0.9641,-0.1864,1.035
5.944379692,-0.3312,0.9636,-0.1896,1.036
5.946687692,-0.3326,0.9646,-0.1937,1.039
5.949392308,-0.3293,0.9658,-0.1947,1.039
5.951547692,-0.3234,0.9656,-0.1908,1.036
5.953713923,-0.3060,0.9646,-0.1810,1.028
5.956141846,-0.2841,0.9709,-0.1728,1.026
5.958473231,-0.2596,0.9716,-0.1614,1.019
5.961606769,-0.2291,0.9712,-0.1539,1.010
5.963657923,-0.1970,0.9712,-0.1512,1.002
5.965807692,-0.1688,0.9695,-0.1530,0.996
5.968315769,-0.1404,0.9675,-0.1681,0.992
5.972204923,-0.1147,0.9678,-0.1805,0.991
5.973033539,-0.0893,0.9660,-0.1986,0.990
5.975493,-0.0684,0.9609,-0.2120,0.986
5.977891769,-0.0476,0.9621,-0.2260,0.989
5.980435769,-0.0316,0.9634,-0.2306,0.991
5.982936692,-0.0155,0.9651,-0.2271,0.992
5.985197539,0.0034,0.9629,-0.2267,0.989
5.988031769,0.0168,0.9665,-0.2189,0.991
5.989841616,0.0279,0.9668,-0.2087,0.989
5.992231692,0.0403,0.9690,-0.2025,0.991
5.996152692,0.0520,0.9734,-0.2042,0.996
5.997182462,0.0610,0.9737,-0.2062,0.997
5.999687462,0.0703,0.9737,-0.2082,0.998
6.002520616,0.0740,0.9770,-0.2182,1.004
6.008488,0.0816,0.9751,-0.2255,1.004
6.009148308,0.0840,0.9729,-0.2329,1.004
6.009575154,0.0816,0.9746,-0.2413,1.007
6.014243154,0.0806,0.9756,-0.2548,1.012
6.014958231,0.0804,0.9746,-0.2699,1.014
6.017110154,0.0738,0.9734,-0.2797,1.015
6.018872,0.0691,0.9695,-0.2881,1.014
6.021119154,0.0626,0.9704,-0.2961,1.017
6.024144692,0.0562,0.9700,-0.2986,1.016
6.026060077,0.0466,0.9707,-0.2990,1.017
6.028546231,0.0352,0.9690,-0.3086,1.018
6.030995769,0.0259,0.9607,-0.3007,1.007
6.033307769,0.0098,0.9585,-0.2851,1.000
6.035877846,-0.0124,0.9604,-0.2723,0.998
6.038197,-0.0414,0.9619,-0.2709,1.000
6.040384692,-0.0786,0.9678,-0.2665,1.007
6.044470462,-0.1177,0.9739,-0.2595,1.015
6.046325231,-0.1560,0.9776,-0.2472,1.020
6.047697923,-0.1954,0.9837,-0.2345,1.030
6.050253616,-0.2259,0.9914,-0.2177,1.040
6.052765923,-0.2571,0.9956,-0.1947,1.047
6.054916308,-0.2841,0.9993,-0.1717,1.053
6.057319385,-0.3072,1.0010,-0.1497,1.058
6.060666769,-0.3256,1.0024,-0.1297,1.062
6.062413616,-0.3368,1.0000,-0.1197,1.062
6.064621846,-0.3393,0.9946,-0.1104,1.057
6.067407385,-0.3390,0.9924,-0.1034,1.054
6.070750539,-0.3285,0.9817,-0.1153,1.042
6.071822231,-0.3121,0.9672,-0.1260,1.024
6.074218769,-0.2943,0.9548,-0.1302,1.008
6.077157846,-0.2733,0.9453,-0.1300,0.993
6.079672616,-0.2552,0.9362,-0.1307,0.979
6.081456616,-0.2345,0.9301,-0.1321,0.968
6.084267154,-0.2079,0.9277,-0.1327,0.960
6.087056616,-0.1846,0.9282,-0.1336,0.956
6.088703462,-0.1604,0.9274,-0.1368,0.951
6.091241923,-0.1348,0.9294,-0.1373,0.949
6.093691154,-0.1113,0.9336,-0.1409,0.951
6.095979154,-0.0926,0.9369,-0.1421,0.952
6.098778462,-0.0715,0.9460,-0.1456,0.960
6.101832,-0.0507,0.9534,-0.1481,0.966
6.105811769,-0.0314,0.9619,-0.1539,0.975
6.106598769,-0.0124,0.9683,-0.1595,0.981
6.108284616,0.0044,0.9758,-0.1654,0.990
6.111649231,0.0259,0.9795,-0.1679,0.994
6.112975154,0.0435,0.9856,-0.1717,1.001
6.115211077,0.0562,0.9865,-0.1784,1.004
6.117707462,0.0703,0.9863,-0.1842,1.006
6.120326154,0.0784,0.9926,-0.1786,1.012
6.12238,0.0818,0.9968,-0.1719,1.015
6.125214462,0.0848,0.9979,-0.1679,1.015
6.128833846,0.0867,0.9924,-0.1663,1.010
6.129641308,0.0808,0.9907,-0.1676,1.008
6.132074539,0.0675,0.9878,-0.1747,1.005
6.134953539,0.0520,0.9851,-0.1886,1.004
6.137011385,0.0359,0.9776,-0.2033,0.999
6.139307692,0.0198,0.9763,-0.2196,1.001
6.141825539,-0.0023,0.9756,-0.2372,1.004
6.144670539,-0.0192,0.9716,-0.2529,1.004
6.146480616,-0.0351,0.9665,-0.2672,1.003
6.149169231,-0.0437,0.9614,-0.2734,1.000
6.151713539,-0.0490,0.9565,-0.2765,0.997
6.153916385,-0.0473,0.9497,-0.2748,0.990
6.156522154,-0.0432,0.9424,-0.2719,0.982
6.158915385,-0.0346,0.9355,-0.2709,0.975
6.161180692,-0.0229,0.9309,-0.2667,0.969
6.164214846,-0.0097,0.9238,-0.2685,0.962
6.165939692,-0.0055,0.9196,-0.2739,0.960
6.169546231,0.0039,0.9140,-0.2797,0.956
6.171043077,0.0149,0.9101,-0.2907,0.956
6.173106231,0.0191,0.9089,-0.2995,0.957
6.175938539,0.0247,0.9079,-0.3107,0.960
6.178754231,0.0298,0.9075,-0.3159,0.961
6.180693,0.0354,0.9120,-0.3130,0.965
6.183042154,0.0381,0.9206,-0.3066,0.971
6.186180923,0.0482,0.9248,-0.2974,0.973
6.194436923,0.0554,0.9323,-0.2853,0.977
6.195415154,0.0664,0.9378,-0.2736,0.979
6.195718231,0.0752,0.9421,-0.2643,0.981
6.196046462,0.0840,0.9473,-0.2587,0.986
6.197921539,0.0921,0.9502,-0.2511,0.987
6.199701539,0.0985,0.9504,-0.2423,0.986
6.203758462,0.1021,0.9536,-0.2299,0.986
6.204314539,0.0978,0.9539,-0.2145,0.983
6.206874154,0.0869,0.9609,-0.2157,0.989
6.210586154,0.0691,0.9688,-0.2194,0.996
6.212011769,0.0445,0.9788,-0.2152,1.003
6.214230154,0.0100,0.9939,-0.1964,1.013
6.217845,-0.0251,1.0142,-0.1903,1.032
6.219696692,-0.0675,1.0317,-0.1877,1.051
6.221205308,-0.1066,1.0511,-0.1776,1.071
6.224345846,-0.1411,1.0680,-0.1509,1.088
6.226794539,-0.1695,1.0760,-0.1123,1.095
6.228358231,-0.1883,1.0838,-0.0745,1.103
6.230943077,-0.2019,1.0804,-0.0420,1.100
6.233387077,-0.2063,1.0725,-0.0214,1.092
6.235842231,-0.2059,1.0533,-0.0061,1.073
6.238159154,-0.1946,1.0291,-0.0012,1.047
6.240688692,-0.1814,0.9975,-0.0024,1.014
6.243920692,-0.1673,0.9668,-0.0154,0.981
6.245357308,-0.1514,0.9318,-0.0417,0.945
6.248048385,-0.1367,0.8974,-0.0666,0.910
6.250415385,-0.1304,0.8679,-0.0953,0.883
6.252611154,-0.1329,0.8386,-0.1197,0.857
6.255105846,-0.1531,0.8204,-0.1368,0.846
6.257633616,-0.1800,0.8046,-0.2057,0.850
6.259913308,-0.2119,0.7865,-0.2726,0.859
6.262114231,-0.2569,0.7745,-0.3135,0.874
6.264964692,-0.3067,0.7699,-0.3452,0.898
6.267046846,-0.3623,0.7699,-0.3684,0.927
6.269664385,-0.4189,0.7764,-0.3845,0.962
6.271739462,-0.4705,0.7894,-0.3885,0.998
6.274974846,-0.5103,0.8055,-0.3855,1.029
6.276897539,-0.5480,0.8260,-0.3757,1.060
6.279054462,-0.5797,0.8470,-0.3608,1.088
6.281571769,-0.6004,0.8712,-0.3410,1.112
6.284263692,-0.6090,0.8908,-0.3173,1.125
6.286233846,-0.6104,0.9103,-0.2873,1.133
6.288890154,-0.6000,0.9323,-0.2548,1.138
6.291552923,-0.5765,0.9543,-0.2196,1.136
6.293643462,-0.5408,0.9690,-0.1871,1.125
6.296322539,-0.4939,0.9837,-0.1649,1.113
6.298604,-0.4394,0.9898,-0.1590,1.095
6.304655385,-0.3847,0.9958,-0.1595,1.079
6.305529231,-0.3285,1.0068,-0.1691,1.072
6.305890154,-0.2831,1.0128,-0.1722,1.066
6.310644385,-0.2386,1.0198,-0.1812,1.063
6.310979462,-0.1954,1.0200,-0.1989,1.057
6.312860692,-0.1560,1.0181,-0.2211,1.053
6.315488616,-0.1226,1.0200,-0.2374,1.054
6.317879154,-0.0952,1.0247,-0.2480,1.059
6.320712923,-0.0619,1.0224,-0.2536,1.055
6.322998846,-0.0321,1.0181,-0.2543,1.050
6.326760308,-0.0062,1.0115,-0.2604,1.045
6.327700616,0.0154,1.0003,-0.2697,1.036
6.329860923,0.0393,0.9888,-0.2814,1.029
6.332435692,0.0638,0.9695,-0.2968,1.016
6.334880923,0.0850,0.9460,-0.3105,0.999
6.336938769,0.1026,0.9229,-0.3254,0.984
6.339553616,0.1085,0.9018,-0.3482,0.973
6.342501,0.1104,0.8849,-0.3789,0.969
6.344297,0.0743,0.8910,-0.4530,1.002
6.346829616,0.0081,0.9297,-0.5031,1.057
6.349348077,0.0623,0.8630,-0.4742,0.987
6.351702154,-0.0248,0.8922,-0.5040,1.025
6.354377231,-0.1269,0.9304,-0.5164,1.072
6.356736385,-0.1721,0.9321,-0.4954,1.070
6.359036923,-0.1324,0.8723,-0.4395,0.986
6.361207462,-0.0966,0.8163,-0.4034,0.916
6.364046154,-0.0830,0.7889,-0.3752,0.877
6.367957923,-0.0835,0.7715,-0.3543,0.853
6.369427154,-0.0817,0.7613,-0.3274,0.833
6.370992,-0.0994,0.7594,-0.3019,0.823
6.374224923,-0.1169,0.7652,-0.2770,0.822
6.376199385,-0.1289,0.7760,-0.2716,0.832
6.377990539,-0.1345,0.7880,-0.2550,0.839
6.380946846,-0.1893,0.8200,-0.2220,0.870
6.384272,-0.2491,0.8556,-0.2150,0.917
6.385680077,-0.3104,0.8913,-0.2077,0.966
6.387769308,-0.3632,0.9187,-0.2071,1.009
6.390377846,-0.3952,0.9329,-0.2323,1.039
6.392717231,-0.4155,0.9375,-0.2345,1.052
6.395278539,-0.4336,0.9487,-0.2101,1.064
6.397474462,-0.4509,0.9553,-0.1924,1.074
6.404547385,-0.4546,0.9599,-0.1719,1.076
6.405482154,-0.4521,0.9555,-0.1441,1.067
6.406165,-0.4429,0.9518,-0.1265,1.057
6.407688,-0.4229,0.9382,-0.1127,1.035
6.410360308,-0.4138,0.9231,-0.1094,1.017
6.411709923,-0.4076,0.9111,-0.1204,1.005
6.414416616,-0.4036,0.8974,-0.1288,0.992
6.416659769,-0.4118,0.8913,-0.1348,0.991
6.419102154,-0.4226,0.8857,-0.1390,0.991
6.421715077,-0.4348,0.8820,-0.1432,0.994
6.424172,-0.4441,0.8822,-0.1402,0.998
6.426799154,-0.4453,0.8817,-0.1368,0.997
6.428808385,-0.4455,0.8773,-0.1405,0.994
6.432136385,-0.4427,0.8740,-0.1451,0.990
6.433776692,-0.4370,0.8724,-0.1583,0.989
6.436582539,-0.4321,0.8686,-0.1742,0.986
6.438636385,-0.4220,0.8674,-0.1864,0.982
6.442091769,-0.4174,0.8733,-0.1959,0.988
6.443307692,-0.4104,0.8805,-0.1952,0.991
6.445548923,-0.4050,0.8930,-0.1935,0.999
6.448137308,-0.3989,0.9082,-0.1828,1.009
6.450644,-0.3864,0.9241,-0.1659,1.015
6.453019769,-0.3715,0.9365,-0.1429,1.018
6.455486462,-0.3519,0.9465,-0.1195,1.017
6.458436385,-0.3285,0.9511,-0.0992,1.011
6.460128693,-0.3097,0.9521,-0.0899,1.005
6.462616308,-0.2950,0.9446,-0.0969,0.994
6.465830462,-0.2775,0.9357,-0.1195,0.983
6.467523462,-0.2664,0.9241,-0.1505,0.973
6.470006846,-0.2535,0.9136,-0.1854,0.966
6.472571385,-0.2466,0.9082,-0.2040,0.963
6.475773,-0.2394,0.9064,-0.2098,0.961
6.477719154,-0.2268,0.9064,-0.1961,0.955
6.479706231,-0.2149,0.9052,-0.1691,0.946
6.483527077,-0.2017,0.8979,-0.1461,0.932
6.484883154,-0.1870,0.8849,-0.1341,0.914
6.486968616,-0.1781,0.8598,-0.1514,0.891
6.489367077,-0.1793,0.8256,-0.1976,0.868
6.492199385,-0.1856,0.7836,-0.2578,0.845
6.494155462,-0.2181,0.7538,-0.3232,0.849
6.496458539,-0.2550,0.7277,-0.3726,0.856
6.498820077,-0.2946,0.7161,-0.3867,0.866
6.505520693,-0.3810,0.7163,-0.3787,0.895
6.505926231,-0.4580,0.7242,-0.3352,0.920
6.506434154,-0.5201,0.7417,-0.2746,0.947
6.511364385,-0.5743,0.7640,-0.2199,0.981
6.511896385,-0.6183,0.7911,-0.1771,1.020
6.513070769,-0.6481,0.8232,-0.1419,1.057
6.516160077,-0.6647,0.8549,-0.1174,1.089
6.517850154,-0.6544,0.8793,-0.0843,1.099
6.520581308,-0.6293,0.8969,-0.0335,1.096
6.523242154,-0.5811,0.8935,0.0236,1.066
6.525285231,-0.5191,0.8576,0.0623,1.004
6.527863769,-0.4534,0.7901,0.0598,0.913
6.530443077,-0.4018,0.6881,0.0239,0.797
6.532539385,-0.3735,0.5593,-0.0747,0.677
6.535176385,-0.3838,0.4266,-0.2035,0.609
6.537378231,-0.4241,0.2998,-0.3322,0.617
6.540686154,-0.4922,0.1911,-0.4376,0.686
6.542064077,-0.5931,0.1083,-0.5015,0.784
6.544496308,-0.7544,0.0513,-0.5177,0.916
6.547275693,-0.9305,0.0271,-0.5020,1.058
6.549588616,-1.1020,0.0350,-0.4192,1.180
6.551792693,-1.2513,0.0907,-0.2641,1.282
6.554312693,-1.3622,0.1962,-0.1094,1.381
6.557533539,-1.4045,0.3369,0.0200,1.444
6.559046231,-1.3595,0.4999,0.1062,1.452
6.561641846,-1.2398,0.6763,0.1362,1.419
6.564222231,-1.0812,0.8628,0.1113,1.388
6.566915693,-0.9132,1.0582,0.0349,1.398
6.568896693,-0.7624,1.2592,-0.0699,1.474
6.571766231,-0.6589,1.4882,-0.1470,1.634
6.574102231,-0.5778,1.7002,-0.2038,1.807
6.575729231,-0.5181,1.8889,-0.2352,1.973
6.578440923,-0.4541,2.0163,-0.2482,2.082
6.580941308,-0.3752,2.0692,-0.2352,2.116
6.583425308,-0.2821,2.0484,-0.2215,2.080
6.585758231,-0.1795,1.9648,-0.2133,1.984
6.588309,-0.0805,1.8439,-0.2171,1.858
6.594404923,-0.0004,1.7086,-0.2441,1.726
6.595434231,0.0608,1.5832,-0.2775,1.608
6.595815077,0.1065,1.4969,-0.3298,1.537
6.600611769,0.1349,1.4666,-0.3808,1.521
6.600974231,0.1486,1.4822,-0.3799,1.537
6.602380077,0.1521,1.5248,-0.3058,1.563
6.604880077,0.1530,1.5658,-0.1952,1.585
6.607326231,0.1539,1.5805,-0.0908,1.591
6.609984693,0.1747,1.5581,-0.0251,1.568
6.612119769,0.1971,1.4933,-0.0181,1.506
6.616052077,0.2169,1.3911,-0.0679,1.410
6.617207077,0.2192,1.2570,-0.1637,1.286
6.619285846,0.1982,1.1104,-0.2751,1.161
6.621819769,0.1500,0.9646,-0.3718,1.045
6.624048385,0.0750,0.8276,-0.4214,0.932
6.626829308,-0.0292,0.7058,-0.4234,0.824
6.629423154,-0.1521,0.5969,-0.3941,0.731
6.631988616,-0.2853,0.4955,-0.3459,0.668
6.633817616,-0.4248,0.4114,-0.2995,0.663
6.636547462,-0.5741,0.3426,-0.2655,0.719
6.639932385,-0.7283,0.2961,-0.2292,0.819
6.641242539,-0.8641,0.2756,-0.1852,0.926
6.643627462,-0.9682,0.2912,-0.1358,1.020
6.646134846,-1.0546,0.3345,-0.1170,1.113
6.648568,-1.1448,0.4114,-0.1080,1.221
6.650918846,-1.1990,0.5202,-0.1067,1.311
6.653144308,-1.2281,0.6626,-0.1136,1.400
6.656408693,-1.2356,0.8390,-0.1280,1.499
6.657867385,-1.2247,1.0413,-0.1458,1.614
6.660396308,-1.2021,1.2523,-0.1588,1.743
6.662758539,-1.1770,1.4843,-0.1490,1.900
6.665295077,-1.1408,1.7124,-0.1434,2.063
6.667627693,-1.0920,1.9228,-0.1546,2.217
6.670646462,-1.0397,2.0906,-0.1852,2.342
6.673338231,-0.9750,2.1947,-0.1935,2.409
6.674989846,-0.8953,2.2516,-0.1761,2.429
6.677290769,-0.7979,2.2499,-0.1581,2.392
6.681278462,-0.6899,2.1966,-0.1517,2.307
6.682334539,-0.5748,2.1034,-0.1617,2.186
6.684805308,-0.4768,1.9834,-0.1763,2.047
6.687241308,-0.4031,1.8470,-0.1945,1.900
6.689838846,-0.3532,1.7144,-0.2245,1.765
6.691857308,-0.3324,1.5815,-0.2394,1.634
6.694787462,-0.3395,1.4642,-0.2478,1.523
6.696684077,-0.3596,1.3548,-0.2583,1.425
6.702925231,-0.3987,1.2548,-0.2741,1.345
6.703872,-0.4431,1.1693,-0.2902,1.284
6.704322462,-0.4930,1.0931,-0.2968,1.235
6.706104616,-0.5377,1.0277,-0.2986,1.198
6.708610539,-0.5829,0.9680,-0.3024,1.170
6.710845616,-0.6239,0.9208,-0.3119,1.155
6.713669616,-0.6566,0.8715,-0.3308,1.140
6.715657616,-0.6825,0.8256,-0.3669,1.132
6.717948308,-0.6971,0.7780,-0.3916,1.116
6.720624,-0.7094,0.7300,-0.4080,1.097
6.723194846,-0.7104,0.6832,-0.4239,1.073
6.725498539,-0.7111,0.6333,-0.4498,1.053
6.728044693,-0.7080,0.5912,-0.4752,1.038
6.73112,-0.7033,0.5524,-0.4656,1.008
6.732507385,-0.6969,0.5097,-0.4989,0.997
6.735373,-0.6862,0.4679,-0.5343,0.988
6.737845846,-0.6635,0.4202,-0.5567,0.963
6.739838846,-0.6471,0.3797,-0.5616,0.937
6.742215077,-0.6281,0.3266,-0.5150,0.875
6.745153231,-0.6153,0.2676,-0.4588,0.813
6.747659385,-0.6139,0.2109,-0.4170,0.772
6.749550769,-0.6288,0.1610,-0.3764,0.750
6.752302462,-0.6561,0.1085,-0.3373,0.746
6.755511693,-0.7026,0.0604,-0.2870,0.761
6.756818539,-0.7707,0.0103,-0.2438,0.808
6.759184308,-0.8587,-0.0395,-0.2299,0.890
6.761690154,-0.9508,-0.0893,-0.2631,0.991
6.764021308,-1.0332,-0.1440,-0.3193,1.091
6.766660308,-1.0989,-0.2014,-0.3582,1.173
6.769076923,-1.1374,-0.2625,-0.3657,1.223
6.772073923,-1.1501,-0.3239,-0.3286,1.239
6.773550846,-1.1323,-0.3851,-0.2284,1.218
6.776352077,-1.0830,-0.4384,-0.0638,1.170
6.778677231,-1.0155,-0.4875,0.1211,1.133
6.780924385,-0.9205,-0.5123,0.3112,1.098
6.783492,-0.8057,-0.4927,0.4700,1.055
6.785851462,-0.6923,-0.4374,0.5594,0.992
6.788366231,-0.5687,-0.3751,0.6363,0.932
6.790898846,-0.4474,-0.3231,0.6720,0.870
6.793467154,-0.3067,-0.2933,0.6928,0.812
6.795473846,-0.1912,-0.2610,0.6493,0.725
6.802004,-0.0947,-0.2221,0.5748,0.623
6.802732385,-0.0134,-0.1797,0.4568,0.491
6.802978769,0.0496,-0.1308,0.3202,0.349
6.810085,0.0921,-0.0805,0.1922,0.228
6.810873616,0.1165,-0.0269,0.0805,0.144
6.811133923,0.1309,0.0298,-0.0139,0.135
6.815555462,0.1419,0.0794,-0.0794,0.181
6.815931077,0.1344,0.1347,-0.1058,0.218
6.816868693,0.1158,0.1901,-0.1263,0.256
6.819555769,0.0904,0.2451,-0.1524,0.302
6.822257846,0.0615,0.3033,-0.1725,0.354
6.824424,0.0235,0.3643,-0.1635,0.400
6.827326769,-0.0412,0.4391,-0.2338,0.499
6.829772616,-0.1204,0.5031,-0.2497,0.574
6.831508693,-0.1968,0.5502,-0.2763,0.646
6.834101231,-0.2520,0.5703,-0.2907,0.688
6.836798231,-0.2904,0.5793,-0.2907,0.710
6.839073616,-0.3214,0.5715,-0.2905,0.717
6.841310154,-0.3451,0.5614,-0.2816,0.717
6.843839154,-0.3649,0.5509,-0.2565,0.709
6.846058539,-0.3759,0.5385,-0.2276,0.695
6.848515385,-0.3854,0.5292,-0.1915,0.682
6.851394846,-0.3982,0.5202,-0.1521,0.673
6.853421231,-0.4071,0.5099,-0.1097,0.662
6.855554231,-0.4113,0.4987,-0.0664,0.650
6.858270231,-0.4113,0.4889,-0.0263,0.639
6.860695693,-0.4099,0.4823,0.0131,0.633
6.863237539,-0.4123,0.4808,0.0488,0.635
6.865277308,-0.4120,0.4784,0.0830,0.637
6.868044308,-0.4138,0.4794,0.1111,0.643
6.870441308,-0.4155,0.4826,0.1301,0.650
6.872547693,-0.4169,0.4899,0.1378,0.658
6.875600077,-0.4169,0.5025,0.1380,0.667
6.877622539,-0.4162,0.5116,0.1343,0.673
6.880143693,-0.4092,0.5285,0.1436,0.684
6.882328616,-0.3943,0.5505,0.1497,0.693
6.884903077,-0.3866,0.5703,0.1402,0.703
6.887560385,-0.3943,0.5947,0.1241,0.724
6.889307769,-0.3933,0.6191,0.0947,0.740
6.892328385,-0.3764,0.6404,0.0798,0.747
6.894419077,-0.3859,0.6648,0.0525,0.770
6.896813923,-0.3940,0.6934,0.0395,0.798
6.899913539,-0.4120,0.7132,0.0190,0.824
6.902162769,-0.4316,0.7303,0.0039,0.848
6.908904308,-0.4575,0.7459,-0.0127,0.875
6.909825,-0.4793,0.7461,-0.0254,0.887
6.910055154,-0.5049,0.7494,-0.0410,0.905
6.914506231,-0.5310,0.7491,-0.0645,0.920
6.915060308,-0.5582,0.7510,-0.1046,0.942
6.915918154,-0.5846,0.7535,-0.1554,0.966
6.918300923,-0.6100,0.7513,-0.1998,0.988
6.921755769,-0.6244,0.7474,-0.2082,0.996
6.923403154,-0.6400,0.7420,-0.1947,0.999
6.925734769,-0.6500,0.7393,-0.1852,1.002
6.928541,-0.6591,0.7308,-0.1998,1.004
6.930387154,-0.6564,0.7228,-0.2033,0.997
6.932923077,-0.6515,0.7166,-0.1898,0.987
6.936449,-0.6415,0.7127,-0.1779,0.975
6.937662231,-0.6153,0.7021,-0.1740,0.950
6.940434462,-0.5899,0.6932,-0.1566,0.924
6.942605,-0.5669,0.6900,-0.1488,0.905
6.945680616,-0.5462,0.6868,-0.1563,0.891
6.947437308,-0.5315,0.6944,-0.1742,0.892
6.949728385,-0.5242,0.6998,-0.1866,0.894
6.952283462,-0.5237,0.7161,-0.1966,0.909
6.954651385,-0.5328,0.7327,-0.2199,0.932
6.956922462,-0.5531,0.7647,-0.2616,0.979
6.959964385,-0.5782,0.7999,-0.3017,1.032
6.962353,-0.6046,0.8327,-0.3284,1.080
6.964413616,-0.6302,0.8663,-0.3510,1.127
6.967000308,-0.6430,0.9013,-0.3776,1.170
6.970064693,-0.6559,0.9301,-0.4253,1.215
6.971686846,-0.6796,0.9626,-0.4747,1.270
6.974013539,-0.7048,0.9958,-0.5243,1.328
6.976594846,-0.7346,1.0326,-0.5668,1.388
6.978875385,-0.7656,1.0657,-0.5937,1.440
6.982442231,-0.8045,1.1046,-0.6071,1.495
6.983743154,-0.8380,1.1363,-0.6075,1.537
6.986513231,-0.8359,1.1512,-0.5944,1.542
6.988257616,-0.8890,1.1761,-0.5775,1.583
6.990711385,-0.9340,1.1955,-0.5543,1.615
6.993244923,-0.9808,1.2087,-0.5313,1.645
6.995532,-1.0334,1.2157,-0.4908,1.669
6.997974231,-1.0763,1.2145,-0.4539,1.685
7.000576077,-1.1184,1.2064,-0.4226,1.698
7.007064616,-1.1413,1.1945,-0.3848,1.696
7.008104616,-1.1513,1.1710,-0.3462,1.678
7.008778154,-1.1567,1.1505,-0.3168,1.662
7.012981308,-1.1433,1.1200,-0.2953,1.627
7.013521231,-1.1187,1.0885,-0.2905,1.588
7.014862846,-1.0873,1.0550,-0.2732,1.539
7.017262846,-1.0610,1.0357,-0.2595,1.505
7.020499077,-1.0365,1.0303,-0.2280,1.479
7.022214539,-0.9972,1.0103,-0.1984,1.433
7.024531154,-0.9657,0.9902,-0.1810,1.395
7.02782,-0.9328,0.9609,-0.1607,1.349
7.02928,-0.8958,0.9201,-0.1456,1.292
7.032233231,-0.8636,0.8715,-0.1329,1.234
7.034235154,-0.8340,0.8229,-0.1314,1.179
7.036803077,-0.8120,0.7769,-0.1211,1.130
7.039279693,-0.7835,0.7386,-0.1223,1.084
7.042185846,-0.7514,0.7000,-0.1221,1.034
7.044936308,-0.7223,0.6690,-0.1316,0.993
7.046252616,-0.6859,0.6443,-0.1373,0.951
7.049269616,-0.6549,0.6284,-0.1373,0.918
7.052905539,-0.6214,0.6220,-0.1427,0.891
7.053766462,-0.5821,0.6201,-0.1456,0.863
7.055761231,-0.5462,0.6159,-0.1488,0.837
7.058403385,-0.5093,0.6196,-0.1495,0.816
7.061121616,-0.4673,0.6255,-0.1537,0.796
7.063135769,-0.4299,0.6299,-0.1624,0.780
7.066214539,-0.3964,0.6380,-0.1654,0.769
7.069138462,-0.3666,0.6478,-0.1730,0.764
7.070284,-0.3410,0.6618,-0.1798,0.766
7.072860616,-0.3192,0.6758,-0.1835,0.770
7.075257923,-0.3002,0.6905,-0.1915,0.777
7.077894539,-0.2874,0.7086,-0.1966,0.790
7.081085846,-0.2785,0.7247,-0.1954,0.801
7.082785231,-0.2664,0.7413,-0.1901,0.810
7.085701,-0.2694,0.7615,-0.1786,0.827
7.087109,-0.2706,0.7752,-0.1717,0.839
7.089572,-0.2687,0.7855,-0.1654,0.847
7.092306539,-0.2677,0.7941,-0.1624,0.854
7.095033308,-0.2699,0.7978,-0.1588,0.857
7.097805846,-0.2631,0.7985,-0.1481,0.854
7.099854154,-0.2631,0.7980,-0.1421,0.852
7.106151154,-0.2682,0.7948,-0.1439,0.851
7.107238462,-0.2692,0.7929,-0.1378,0.849
7.107639462,-0.2723,0.7911,-0.1258,0.846
7.109297846,-0.2718,0.7953,-0.1094,0.848
7.112243462,-0.2625,0.7990,-0.0887,0.846
7.113609539,-0.2594,0.8058,-0.0752,0.850
7.117007077,-0.2684,0.8244,-0.0633,0.869
7.119906539,-0.2797,0.8424,-0.0481,0.889
7.120889,-0.2965,0.8720,-0.0344,0.922
7.123984385,-0.3195,0.9064,-0.0249,0.961
7.126337231,-0.3365,0.9438,-0.0168,1.002
7.128188077,-0.3458,0.9770,-0.0151,1.037
7.130520308,-0.3446,1.0010,-0.0203,1.059
7.133070462,-0.3361,1.0266,-0.0307,1.081
7.135589923,-0.3237,1.0487,-0.0424,1.098
7.137820616,-0.3055,1.0655,-0.0557,1.110
7.140742231,-0.2824,1.0823,-0.0652,1.120
7.143558231,-0.2552,1.0902,-0.0743,1.122
7.144968923,-0.2310,1.0974,-0.0752,1.124
7.147529308,-0.2030,1.0980,-0.0764,1.119
7.150057539,-0.1758,1.0955,-0.0755,1.112
7.152537,-0.1511,1.0858,-0.0801,1.099
7.154786539,-0.1336,1.0738,-0.0843,1.085
7.157622846,-0.1169,1.0550,-0.0833,1.065
7.159839693,-0.1031,1.0330,-0.0784,1.041
7.162458231,-0.0947,1.0110,-0.0708,1.018
7.164504616,-0.0977,0.9905,-0.0542,0.997
7.167904385,-0.1028,0.9695,-0.0403,0.976
7.169116308,-0.1106,0.9492,-0.0235,0.956
7.171721616,-0.1199,0.9311,-0.0137,0.939
7.176375693,-0.1389,0.9187,-0.0114,0.929
7.177254231,-0.1651,0.9241,-0.0391,0.940
7.180398769,-0.1963,0.9362,-0.0904,0.961
7.181436693,-0.2252,0.9497,-0.1556,0.988
7.183901923,-0.2528,0.9712,-0.2013,1.024
7.186036923,-0.2723,0.9912,-0.2631,1.061
7.189174846,-0.2855,0.9988,-0.3422,1.094
7.191445,-0.2834,0.9956,-0.4784,1.140
7.194083462,-0.2782,0.9763,-0.6716,1.217
7.202390231,-0.2757,0.9536,-0.8937,1.336
7.203247769,-0.2931,0.9546,-1.0766,1.468
7.203838462,-0.3192,0.9821,-1.1576,1.551
7.204249923,-0.3515,1.0413,-1.0393,1.513
7.208399154,-0.3773,1.1219,-0.7659,1.410
7.208725923,-0.3874,1.2084,-0.4092,1.333
7.209932923,-0.3717,1.2898,-0.0430,1.343
7.212689308,-0.3551,1.3572,0.2345,1.422
7.215174846,-0.3351,1.4117,0.3605,1.495
7.217251769,-0.3214,1.4752,0.4395,1.572
7.219672693,-0.3623,1.5876,0.5142,1.708
7.222246462,-0.4040,1.7056,0.6537,1.871
7.225139077,-0.3913,1.8018,0.7819,2.003
7.226925846,-0.2696,1.8490,0.8315,2.045
7.229387693,-0.0265,1.8348,0.8231,2.011
7.232381231,0.2492,1.7957,0.8098,1.986
7.234418846,0.5406,1.7540,0.8367,2.017
7.236672,0.8116,1.7530,0.8191,2.098
7.239334539,0.9934,1.8067,0.5371,2.131
7.241847769,1.0359,1.8924,0.0950,2.160
7.243741308,0.9975,1.9660,-0.2094,2.215
7.246431769,0.9531,2.0345,-0.3466,2.273
7.249123154,0.8541,2.1170,-0.4132,2.320
7.251228385,0.7891,2.1708,-0.5103,2.365
7.253371077,0.7652,2.1654,-0.7852,2.427
7.256041539,0.6745,2.1014,-1.1162,2.473
7.258361846,0.6098,1.9790,-1.2071,2.397
7.260533308,0.5734,1.8231,-1.1323,2.221
7.263273846,0.5294,1.6597,-0.9626,1.990
7.266157231,0.6923,1.4361,-0.5954,1.702
7.267845923,0.7048,1.3169,-0.2269,1.511
7.270287385,0.7176,1.2439,0.1563,1.444
7.273472,0.8830,1.1437,0.5560,1.548
7.275426154,0.9572,1.0680,0.7085,1.600
7.277553539,0.8280,1.0846,0.7600,1.562
7.280143693,0.5592,1.1715,0.8462,1.550
7.282804,0.2450,1.2991,0.9195,1.610
7.285372693,0.0244,1.4286,0.8154,1.645
7.287122154,-0.1111,1.5323,0.5533,1.633
7.289915385,-0.1824,1.6233,0.1781,1.643
7.292158154,-0.1963,1.7012,-0.2017,1.724
7.294312693,-0.1665,1.7826,-0.5402,1.870
7.296938769,-0.1308,1.8693,-0.7796,2.030
7.302437,-0.0935,1.9893,-0.9667,2.214
7.303064616,-0.0427,2.1111,-0.9726,2.325
7.304138231,0.0112,2.2035,-0.8612,2.366
7.306591077,0.0701,2.2523,-0.7070,2.362
7.309553,0.1385,2.2546,-0.5453,2.324
7.311434769,0.2306,2.2038,-0.3872,2.249
7.314108385,0.3960,2.1036,-0.1949,2.149
7.316657923,0.5025,1.9902,-0.0894,2.055
7.318840077,0.5101,1.8624,-0.0100,1.931
7.321101231,0.4940,1.7540,0.1797,1.831
7.32388,0.4300,1.6320,0.1043,1.691
7.325748693,0.3301,1.5173,0.0192,1.553
7.328189,0.2345,1.3897,-0.0476,1.410
7.330898231,0.1316,1.2670,-0.1463,1.282
7.333172616,0.0070,1.1544,-0.2607,1.183
7.336676,-0.1218,1.0701,-0.3716,1.139
7.338058462,-0.2289,0.9842,-0.4735,1.116
7.342118231,-0.3265,0.8915,-0.6059,1.126
7.343405539,-0.4008,0.7853,-0.6909,1.120
7.345103154,-0.4676,0.6809,-0.6186,1.032
7.347714231,-0.5025,0.6057,-0.7039,1.056
7.350138154,-0.5787,0.5478,-0.7060,1.065
7.352473923,-0.7504,0.5187,-0.5672,1.074
7.354999385,-0.8506,0.4852,-0.5824,1.139
7.357929616,-0.9948,0.4669,-0.4307,1.180
7.359721539,-1.1569,0.4566,-0.3813,1.301
7.362246769,-1.3417,0.4535,-0.3720,1.464
7.364803385,-1.5382,0.4523,-0.3838,1.649
7.367442769,-1.7150,0.4526,-0.4060,1.820
7.369627693,-1.8387,0.4549,-0.4288,1.942
7.372443462,-1.8948,0.4630,-0.4425,2.000
7.374405846,-1.9002,0.4826,-0.4376,2.009
7.376691077,-1.8613,0.5114,-0.4265,1.977
7.379446231,-1.7837,0.5493,-0.4014,1.909
7.381811385,-1.6815,0.5893,-0.3716,1.820
7.384053923,-1.5603,0.6203,-0.3373,1.713
7.386369,-1.4274,0.6511,-0.2963,1.597
7.390891693,-1.3244,0.7322,-0.2672,1.537
7.391609616,-1.2333,0.8163,-0.2287,1.497
7.393421308,-1.1482,0.8908,-0.1866,1.465
7.395885923,-1.0739,0.9529,-0.1563,1.444
7.399274769,-0.9972,0.9991,-0.1458,1.419
7.400621539,-0.9305,1.0366,-0.1579,1.402
7.403187154,-0.8697,1.0673,-0.1759,1.388
7.405685,-0.8086,1.0836,-0.2110,1.368
7.412608,-0.7460,1.0909,-0.2509,1.345
7.413140308,-0.6866,1.0890,-0.2983,1.321
7.413634846,-0.6261,1.0831,-0.3293,1.294
7.419340385,-0.5701,1.0769,-0.3347,1.264
7.420176616,-0.5166,1.0769,-0.3261,1.238
7.420425308,-0.4668,1.0794,-0.2919,1.212
7.422436616,-0.4143,1.0855,-0.2616,1.191
7.425895154,-0.3593,1.0821,-0.2311,1.163
7.427329,-0.3004,1.0809,-0.1966,1.139
7.429662462,-0.2396,1.0794,-0.1681,1.118
7.432508385,-0.1793,1.0774,-0.1453,1.102
7.434451154,-0.1177,1.0713,-0.1239,1.085
7.437194231,-0.0512,1.0627,-0.1046,1.069
7.440542769,0.0151,1.0589,-0.0889,1.063
7.442200385,0.0540,1.0584,-0.0799,1.063
7.444767077,0.1121,1.0533,-0.0906,1.063
7.446778462,0.1673,1.0469,-0.0769,1.063
7.449122769,0.1768,1.0545,-0.0547,1.071
7.451432693,0.1744,1.0694,-0.0291,1.084
7.454240308,0.1642,1.0875,0.0158,1.100
7.456885308,0.1434,1.1114,0.0483,1.122
7.458646539,0.1295,1.1134,-0.0090,1.121
7.461625539,0.1199,1.1036,-0.0547,1.111
7.465384077,0.1106,1.0892,-0.0615,1.097
7.466691154,0.1046,1.0689,-0.0623,1.076
7.468367385,0.0948,1.0357,-0.0838,1.043
7.471631077,0.0838,0.9993,-0.1143,1.009
7.473550846,0.0706,0.9690,-0.1321,0.980
7.475544308,0.0533,0.9416,-0.1437,0.954
7.477921539,0.0381,0.9250,-0.1470,0.937
7.482013539,0.0320,0.9055,-0.1432,0.917
7.482912077,0.0286,0.8898,-0.1400,0.901
7.485130231,0.0263,0.8737,-0.1402,0.885
7.487836385,0.0266,0.8628,-0.1419,0.875
7.490109923,0.0222,0.8527,-0.1465,0.865
7.492419385,0.0112,0.8400,-0.1524,0.854
7.495021846,0.0054,0.8332,-0.1598,0.848
7.503139693,-0.0038,0.8273,-0.1630,0.843
7.504186462,-0.0118,0.8216,-0.1617,0.837
7.504452,-0.0192,0.8183,-0.1610,0.834
7.504728385,-0.0241,0.8190,-0.1595,0.835
7.509468385,-0.0288,0.8204,-0.1579,0.836
7.510127385,-0.0316,0.8244,-0.1521,0.839
7.511663077,-0.0339,0.8309,-0.1432,0.844
7.516781539,-0.0341,0.8376,-0.1344,0.849
7.517635385,-0.0297,0.8409,-0.1278,0.851
7.519721846,-0.0209,0.8426,-0.1258,0.852
7.521347154,-0.0141,0.8475,-0.1292,0.857
7.524252923,-0.0014,0.8486,-0.1272,0.858
7.526668923,0.0130,0.8502,-0.1263,0.860
7.528648923,0.0271,0.8493,-0.1312,0.860
7.531265231,0.0435,0.8490,-0.1385,0.861
7.533335693,0.0643,0.8437,-0.1478,0.859
7.536116385,0.0771,0.8454,-0.1627,0.864
7.539497846,0.0909,0.8414,-0.1695,0.863
7.540524923,0.1031,0.8378,-0.1779,0.863
7.542954539,0.1151,0.8393,-0.1815,0.866
7.545716,0.1236,0.8334,-0.1805,0.862
7.548015693,0.1337,0.8316,-0.1719,0.860
7.550304385,0.1432,0.8270,-0.1639,0.855
7.552829,0.1534,0.8239,-0.1554,0.852
7.556095462,0.1558,0.8197,-0.1481,0.847
7.557427077,0.1586,0.8202,-0.1427,0.847
7.559929,0.1581,0.8172,-0.1378,0.844
7.562820308,0.1502,0.8178,-0.1283,0.841
7.565216385,0.1417,0.8143,-0.1221,0.836
7.568239077,0.1246,0.8097,-0.1187,0.828
7.569640385,0.1043,0.8074,-0.1111,0.822
7.572330462,0.0780,0.8062,-0.1048,0.817
7.574255385,0.0454,0.8029,-0.1013,0.810
7.576953231,0.0100,0.8036,-0.0957,0.809
7.581390462,-0.0260,0.8107,-0.0874,0.816
7.582869923,-0.0593,0.8153,-0.0752,0.821
7.584037,-0.0869,0.8229,-0.0662,0.830
7.587184693,-0.1138,0.8276,-0.0528,0.837
7.590045539,-0.1357,0.8344,-0.0415,0.846
7.591497308,-0.1499,0.8456,-0.0249,0.859
7.593792077,-0.1536,0.8593,-0.0070,0.873
7.597202231,-0.1411,0.8808,0.0151,0.892
7.598342539,-0.1282,0.9028,0.0241,0.912
7.600948923,-0.1145,0.9267,0.0153,0.934
7.604352,-0.0977,0.9529,-0.0102,0.958
7.611879154,-0.0864,0.9734,-0.0505,0.978
7.612822462,-0.0825,0.9917,-0.1024,1.000
7.613456,-0.0854,1.0103,-0.1554,1.026
7.613876616,-0.0982,1.0286,-0.2066,1.054
7.616083385,-0.1123,1.0376,-0.2497,1.073
7.617847385,-0.1353,1.0445,-0.2790,1.090
7.620579385,-0.1602,1.0515,-0.2927,1.103
7.622679693,-0.1924,1.0474,-0.2897,1.104
7.625038769,-0.2289,1.0376,-0.2732,1.097
7.627570846,-0.2696,1.0200,-0.2597,1.087
7.629848077,-0.3080,0.9991,-0.2518,1.075
7.632122846,-0.3427,0.9692,-0.2504,1.058
7.634806769,-0.3769,0.9385,-0.2538,1.043
7.637120385,-0.4111,0.9059,-0.2546,1.027
7.639357616,-0.4448,0.8691,-0.2509,1.008
7.642102154,-0.4690,0.8381,-0.2450,0.991
7.644525539,-0.4912,0.8085,-0.2431,0.977
7.646962539,-0.5054,0.7857,-0.2387,0.964
7.649914231,-0.5098,0.7684,-0.2382,0.952
7.651761616,-0.5064,0.7613,-0.2429,0.946
7.654146231,-0.4895,0.7601,-0.2511,0.938
7.656463693,-0.4634,0.7669,-0.2618,0.934
7.658950462,-0.4216,0.7860,-0.2739,0.933
7.661230231,-0.3624,0.8121,-0.2849,0.934
7.663736385,-0.2987,0.8478,-0.2946,0.946
7.665988616,-0.2389,0.8913,-0.2961,0.969
7.668658846,-0.1844,0.9385,-0.2885,0.999
7.671789923,-0.1362,0.9849,-0.2704,1.030
7.673227154,-0.1010,1.0156,-0.2573,1.053
7.675629,-0.0761,1.0350,-0.2426,1.066
7.678210846,-0.0707,1.0333,-0.2196,1.059
7.680573231,-0.0898,1.0047,-0.2091,1.030
7.683348,-0.1374,0.9367,-0.2220,0.972
7.685648308,-0.2279,0.8344,-0.2607,0.903
7.687911769,-0.3584,0.7163,-0.3073,0.858
7.690000077,-0.5235,0.5886,-0.3671,0.869
7.692812923,-0.6945,0.4828,-0.4041,0.937
7.696339769,-0.8511,0.4114,-0.4070,1.029
7.697483385,-1.0187,0.3489,-0.3708,1.139
7.700269846,-1.1732,0.2839,-0.2990,1.244
7.702335769,-1.3129,0.2287,-0.1996,1.347
7.710023769,-1.4169,0.1835,-0.0784,1.431
7.710651077,-1.4986,0.1573,0.0148,1.507
7.711046539,-1.5293,0.1540,0.0703,1.539
7.716732923,-1.4895,0.1645,0.1194,1.503
7.71718,-1.3884,0.2011,0.1429,1.410
7.717410539,-1.2359,0.2686,0.1453,1.273
7.719085308,-1.0837,0.3790,0.1180,1.154
7.722705,-0.9503,0.5258,0.0796,1.089
7.724582539,-0.8423,0.7135,0.0365,1.104
7.726666539,-0.7581,0.9250,0.0095,1.196
7.728675077,-0.7076,1.1400,-0.0261,1.342
7.731411462,-0.6850,1.3665,-0.0650,1.530
7.734326154,-0.6491,1.5791,-0.1319,1.712
7.737861231,-0.6317,1.7618,-0.2226,1.885
7.738764385,-0.6156,1.9047,-0.2475,2.017
7.741404923,-0.5709,1.9998,-0.2338,2.093
7.743480923,-0.4873,2.0303,-0.1942,2.097
7.745758154,-0.3793,1.9965,-0.1842,2.041
7.748057231,-0.2533,1.9213,-0.1864,1.947
7.750662462,-0.1103,1.8283,-0.1949,1.842
7.753936693,0.0181,1.7342,-0.2296,1.749
7.755505616,0.1165,1.6536,-0.2457,1.676
7.757753231,0.1852,1.5928,-0.2240,1.619
7.760380077,0.2264,1.5439,-0.1903,1.572
7.762749846,0.2506,1.4899,-0.1810,1.522
7.765340616,0.2469,1.4256,-0.1837,1.458
7.767828,0.2111,1.3391,-0.2360,1.376
7.770533,0.1461,1.2336,-0.2897,1.276
7.772102462,0.0473,1.1358,-0.2953,1.175
7.774781308,-0.0845,1.0552,-0.3469,1.114
7.777167154,-0.2515,1.0019,-0.4111,1.112
7.779726846,-0.4187,0.9783,-0.4097,1.140
7.781837231,-0.5790,0.9883,-0.4163,1.219
7.784570154,-0.7358,1.0435,-0.4566,1.356
7.786892385,-0.8900,1.1439,-0.4845,1.528
7.788993,-1.0067,1.2558,-0.4768,1.679
7.79165577,-1.0930,1.3765,-0.4588,1.817
7.795490539,-1.1704,1.5048,-0.4363,1.956
7.796317846,-1.2361,1.6387,-0.3931,2.090
7.798774231,-1.2748,1.7461,-0.3445,2.189
7.802200077,-1.2869,1.8307,-0.3054,2.259
7.804086846,-1.2818,1.9110,-0.2812,2.318
7.811372385,-1.2694,1.9760,-0.2629,2.363
7.811940077,-1.2510,2.0293,-0.2280,2.395
7.812248,-1.2219,2.0674,-0.1749,2.408
7.813601846,-1.1809,2.0748,-0.1272,2.391
7.815353923,-1.1240,2.0494,-0.0806,2.339
7.818627077,-1.0632,2.0066,-0.0743,2.272
7.820733846,-1.0001,1.9296,-0.0852,2.175
7.822635077,-0.9307,1.8270,-0.1069,2.053
7.825941231,-0.8709,1.7086,-0.1199,1.921
7.829255385,-0.8182,1.5761,-0.1106,1.779
7.829990462,-0.7812,1.4454,-0.0862,1.645
7.832453308,-0.7458,1.3098,-0.0933,1.510
7.834970846,-0.7229,1.1876,-0.1236,1.396
7.837077846,-0.7057,1.0794,-0.1360,1.297
7.839713308,-0.6928,0.9886,-0.1353,1.215
7.842440308,-0.6726,0.9103,-0.1566,1.143
7.844559462,-0.6500,0.8426,-0.1793,1.079
7.84686277,-0.6219,0.7689,-0.1996,1.009
7.849373231,-0.5850,0.7010,-0.1847,0.932
7.853293539,-0.5557,0.6316,-0.1327,0.852
7.854252693,-0.5489,0.5810,-0.0815,0.803
7.856631693,-0.5492,0.5255,-0.0701,0.763
7.859028923,-0.5606,0.4708,-0.0652,0.735
7.861453231,-0.5824,0.4095,-0.0635,0.715
7.863946846,-0.6156,0.3482,-0.0671,0.710
7.866230231,-0.6645,0.2859,-0.0767,0.727
7.869769846,-0.7187,0.2224,-0.0852,0.757
7.870967462,-0.7727,0.1505,-0.1006,0.794
7.873389616,-0.8250,0.0760,-0.1121,0.836
7.875971385,-0.8780,-0.0003,-0.1468,0.890
7.881657616,-0.9340,-0.0795,-0.2030,0.959
7.883427154,-0.9867,-0.1548,-0.2480,1.029
7.88409977,-1.0248,-0.2437,-0.2981,1.095
7.886478154,-1.0639,-0.3250,-0.3042,1.153
7.887899385,-1.1045,-0.4020,-0.2578,1.203
7.890512385,-1.1472,-0.4767,-0.2025,1.259
7.89275977,-1.2014,-0.5477,-0.1353,1.327
7.895039693,-1.2591,-0.6153,-0.0743,1.403
7.897611154,-1.3114,-0.6710,-0.0186,1.473
7.89990677,-1.3465,-0.7196,0.0016,1.527
7.905501539,-1.3696,-0.7409,-0.0319,1.557
7.906216385,-1.3671,-0.7243,-0.0726,1.549
7.907307693,-1.3223,-0.6784,-0.1041,1.490
7.912533846,-1.2333,-0.6078,-0.1530,1.383
7.913174231,-1.0908,-0.5137,-0.1868,1.220
7.914433231,-0.9163,-0.4267,-0.1461,1.021
7.916826231,-0.7231,-0.3585,-0.0515,0.809
7.919129308,-0.5271,-0.3157,0.0610,0.617
7.921628308,-0.3361,-0.2820,0.2107,0.487
7.924489616,-0.1648,-0.2589,0.3491,0.465
7.927262846,-0.0148,-0.2471,0.4539,0.517
7.929248923,0.1136,-0.2335,0.5377,0.597
7.931360385,0.2226,-0.2149,0.6058,0.680
7.933743077,0.3056,-0.1932,0.6244,0.722
7.935992616,0.3569,-0.1597,0.5958,0.713
7.938700923,0.3850,-0.1252,0.5282,0.665
7.941072616,0.3938,-0.0830,0.4116,0.576
7.943925539,0.3750,-0.0326,0.2418,0.447
7.945615385,0.3454,0.0205,0.0673,0.353
7.948672923,0.2917,0.0831,-0.0666,0.311
7.950736,0.2167,0.1579,-0.1957,0.332
7.952961231,0.1251,0.2273,-0.2961,0.394
7.955593231,0.0381,0.2810,-0.3667,0.464
7.958152077,-0.0383,0.3448,-0.3857,0.519
7.961045308,-0.0991,0.4053,-0.3724,0.559
7.962620385,-0.1509,0.4464,-0.3566,0.591
7.965357539,-0.1900,0.4767,-0.3498,0.621
7.967958846,-0.2364,0.4957,-0.3579,0.656
7.97024,-0.2720,0.5031,-0.3623,0.677
7.972852693,-0.3011,0.5038,-0.3440,0.680
7.975275462,-0.3227,0.5034,-0.3264,0.681
7.977168308,-0.3419,0.5011,-0.3117,0.682
7.979521923,-0.3544,0.5021,-0.2909,0.680
7.982096077,-0.3647,0.5090,-0.2570,0.677
7.984921539,-0.3749,0.5146,-0.2208,0.674
7.98685877,-0.3969,0.5280,-0.1824,0.685
7.989196077,-0.4185,0.5388,-0.1425,0.697
7.992493923,-0.4299,0.5488,-0.1050,0.705
7.994742539,-0.4387,0.5546,-0.0647,0.710
7.996795693,-0.4394,0.5614,-0.0239,0.713
7.99918677,-0.4334,0.5639,0.0067,0.711
8.001393923,-0.4272,0.5717,0.0356,0.715
8.003674231,-0.4180,0.5754,0.0544,0.713
8.00624777,-0.4028,0.5820,0.0681,0.711
8.01438377,-0.3923,0.5935,0.0810,0.716
8.015324385,-0.3808,0.6054,0.0917,0.721
8.01576,-0.3759,0.6150,0.0784,0.725
8.016034231,-0.3813,0.6203,0.0656,0.731
8.021410231,-0.3610,0.6333,0.0673,0.732
8.021859385,-0.3095,0.6660,0.2103,0.764
8.023046154,-0.3156,0.6995,0.1624,0.784
8.02852777,-0.2882,0.7237,0.1096,0.787
8.029339462,-0.2660,0.7608,0.1145,0.814
8.03019977,-0.2606,0.7901,0.0693,0.835
8.032701,-0.2718,0.8141,0.0412,0.859
8.035220308,-0.2918,0.8393,0.0155,0.889
8.037405,-0.3067,0.8619,-0.0053,0.915
8.039985,-0.3283,0.8791,-0.0166,0.939
8.04299077,-0.3535,0.8889,-0.0219,0.957
8.044725231,-0.3933,0.8998,-0.0315,0.982
8.047105308,-0.4321,0.9111,-0.0381,1.009
8.051059077,-0.4786,0.9189,-0.0435,1.037
8.052099693,-0.5345,0.9229,-0.0437,1.067
8.054499693,-0.5943,0.9336,-0.0398,1.107
8.057145539,-0.6388,0.9287,-0.0388,1.128
8.059399462,-0.7045,0.9387,-0.0398,1.174
8.061467154,-0.7565,0.9394,-0.0471,1.207
8.064099693,-0.8077,0.9348,-0.0525,1.236
8.067640308,-0.8520,0.9267,-0.0522,1.260
8.06876677,-0.8904,0.9084,-0.0589,1.273
8.071536077,-0.9121,0.8935,-0.0657,1.279
8.07418277,-0.9239,0.8756,-0.0728,1.275
8.077057923,-0.9268,0.8610,-0.0776,1.267
8.078666154,-0.9142,0.8376,-0.0828,1.243
8.081256,-0.8890,0.8155,-0.0833,1.209
8.083819385,-0.8520,0.7950,-0.0792,1.168
8.086409923,-0.7981,0.7780,-0.0694,1.117
8.088425231,-0.7292,0.7620,-0.0522,1.056
8.090654846,-0.6612,0.7526,-0.0340,1.002
8.093085846,-0.5946,0.7440,-0.0225,0.953
8.095568077,-0.5303,0.7354,-0.0144,0.907
8.097991077,-0.4648,0.7296,-0.0095,0.865
8.10030377,-0.4074,0.7291,-0.0014,0.835
8.102459385,-0.3576,0.7244,0.0034,0.808
8.105023077,-0.3190,0.7308,0.0127,0.798
8.112658231,-0.2897,0.7393,0.0195,0.794
8.113618154,-0.2750,0.7523,0.0183,0.801
8.113908385,-0.2726,0.7715,0.0170,0.818
8.120676308,-0.2824,0.7958,0.0102,0.844
8.121152616,-0.3085,0.8246,-0.0030,0.880
8.121572923,-0.3427,0.8522,-0.0198,0.919
8.122045308,-0.3805,0.8845,-0.0437,0.964
8.126229923,-0.4231,0.9152,-0.0711,1.011
8.126892693,-0.4685,0.9414,-0.0955,1.056
8.128940693,-0.5084,0.9632,-0.1610,1.101
8.131578462,-0.5484,0.9781,-0.1937,1.138
8.133988693,-0.5799,0.9963,-0.1910,1.169
8.136189,-0.6085,1.0100,-0.1917,1.195
8.138759693,-0.6274,1.0205,-0.1793,1.211
8.14149477,-0.6349,1.0398,-0.1493,1.227
8.143266154,-0.6295,1.0443,-0.1319,1.226
8.146052923,-0.6202,1.0520,-0.1258,1.228
8.148512616,-0.6075,1.0569,-0.1118,1.224
8.150913,-0.6000,1.0626,-0.1123,1.225
8.153453846,-0.5892,1.0662,-0.1109,1.223
8.155936077,-0.5787,1.0685,-0.1134,1.220
8.158215693,-0.5672,1.0650,-0.1427,1.215
8.160545539,-0.5767,1.0757,-0.1319,1.228
8.163047693,-0.5927,1.0929,-0.1121,1.248
8.166622846,-0.6058,1.0999,-0.1067,1.260
8.16772277,-0.6183,1.1019,-0.1074,1.268
8.170064077,-0.6202,1.1051,-0.1139,1.272
8.174948308,-0.6254,1.1004,-0.1253,1.272
8.175806462,-0.6239,1.0951,-0.1302,1.267
8.177288,-0.6227,1.0855,-0.1270,1.258
8.179885231,-0.6207,1.0731,-0.1148,1.245
8.183013616,-0.6163,1.0643,-0.1031,1.234
8.184467385,-0.6078,1.0457,-0.0967,1.213
8.187104923,-0.6021,1.0322,-0.0894,1.198
8.191777846,-0.5965,1.0164,-0.0838,1.182
8.193108923,-0.5872,1.0039,-0.0794,1.166
8.194378231,-0.5775,0.9900,-0.0703,1.148
8.196800923,-0.5643,0.9763,-0.0571,1.129
8.19965477,-0.5455,0.9634,-0.0422,1.108
8.202062846,-0.5245,0.9509,-0.0332,1.086
8.203986154,-0.4983,0.9353,-0.0247,1.060
8.212873616,-0.4712,0.9252,-0.0183,1.038
8.21341977,-0.4406,0.9136,-0.0146,1.014
8.213698539,-0.4138,0.8977,-0.0117,0.989
8.214004385,-0.3808,0.8820,-0.0130,0.961
8.219509308,-0.3510,0.8686,-0.0183,0.937
8.219813231,-0.3221,0.8524,-0.0232,0.912
8.221041616,-0.2894,0.8339,-0.0271,0.883
8.228613616,-0.2631,0.8178,-0.0305,0.860
8.229021,-0.2374,0.7999,-0.0293,0.835
8.229224077,-0.2168,0.7904,-0.0271,0.820
8.230228693,-0.1954,0.7777,-0.0146,0.802
8.232769539,-0.1795,0.7701,-0.0007,0.791
8.234962231,-0.1658,0.7667,0.0143,0.785
8.237658846,-0.1539,0.7696,0.0227,0.785
8.240641923,-0.1492,0.7748,0.0375,0.790
8.242301539,-0.1460,0.7845,0.0530,0.800
8.244851693,-0.1438,0.8011,0.0661,0.817
8.247502846,-0.1455,0.8241,0.0815,0.841
8.249561308,-0.1333,0.8493,0.0947,0.865
8.25188377,-0.1411,0.8728,0.1033,0.890
8.254425231,-0.1472,0.8940,0.1125,0.913
8.257121231,-0.1518,0.9155,0.1277,0.937
8.259090231,-0.1575,0.9369,0.1402,0.960
8.261749,-0.1641,0.9514,0.1478,0.977
8.265340923,-0.1716,0.9651,0.1534,0.992
8.266746846,-0.1727,0.9716,0.1570,0.999
8.268884308,-0.1748,0.9783,0.1560,1.006
8.271759385,-0.1783,0.9874,0.1485,1.014
8.273783154,-0.1807,0.9886,0.1369,1.014
8.276097539,-0.1802,0.9876,0.1241,1.011
8.279269616,-0.1783,0.9853,0.1026,1.007
8.282295077,-0.1725,0.9817,0.0781,1.000
8.283409616,-0.1632,0.9729,0.0563,0.988
8.285813616,-0.1553,0.9609,0.0309,0.974
8.288226231,-0.1470,0.9502,0.0026,0.962
8.290739077,-0.1411,0.9375,-0.0298,0.948
8.293433,-0.1326,0.9260,-0.0589,0.937
8.295605923,-0.1218,0.9138,-0.0901,0.926
8.301974539,-0.1101,0.9069,-0.1190,0.921
8.302730154,-0.0989,0.8979,-0.1441,0.915
8.303408616,-0.0926,0.8940,-0.1635,0.914
8.30543477,-0.0886,0.8917,-0.1815,0.914
8.309441,-0.0917,0.8954,-0.1959,0.921
8.310281846,-0.0957,0.8947,-0.2064,0.923
8.312541539,-0.0971,0.9031,-0.2182,0.934
8.315187462,-0.1022,0.9069,-0.2240,0.940
8.316944077,-0.1082,0.9136,-0.2220,0.946
8.319650154,-0.1123,0.9211,-0.2110,0.952
8.322693846,-0.1267,0.9345,-0.1949,0.963
8.324257923,-0.1304,0.9416,-0.1824,0.968
8.326754846,-0.1382,0.9470,-0.1686,0.972
8.329419693,-0.1438,0.9495,-0.1566,0.973
8.331743385,-0.1423,0.9438,-0.1429,0.965
8.334112385,-0.1429,0.9394,-0.1344,0.960
8.33653077,-0.1448,0.9387,-0.1278,0.958
8.339662154,-0.1455,0.9353,-0.1226,0.954
8.341152693,-0.1429,0.9301,-0.1178,0.948
8.343688385,-0.1443,0.9292,-0.1102,0.947
8.346180077,-0.1434,0.9285,-0.0989,0.945
8.348606154,-0.1378,0.9343,-0.0897,0.949
8.350732923,-0.1320,0.9409,-0.0804,0.954
8.353547385,-0.1201,0.9378,-0.0724,0.948
8.356309846,-0.1096,0.9460,-0.0691,0.955
8.35814377,-0.1022,0.9499,-0.0687,0.958
8.360711462,-0.0984,0.9639,-0.0623,0.971
8.36352277,-0.1008,0.9819,-0.0517,0.988
8.366061616,-0.1047,0.9961,-0.0422,1.002
8.36789977,-0.1031,1.0015,-0.0342,1.007
8.370330462,-0.1064,1.0076,-0.0217,1.013
8.373137616,-0.1125,1.0135,-0.0110,1.020
8.375331385,-0.1128,1.0130,-0.0046,1.019
8.377617,-0.1099,1.0100,0.0018,1.016
8.381660385,-0.1064,1.0103,0.0021,1.016
8.382341539,-0.1045,1.0084,0.0000,1.014
8.385331154,-0.1013,1.0071,-0.0024,1.012
8.389853539,-0.0933,1.0017,-0.0100,1.006
8.391035462,-0.0933,0.9954,-0.0124,1.000
8.392998846,-0.0982,0.9883,-0.0166,0.993
8.394912077,-0.1082,0.9797,-0.0349,0.986
8.398231462,-0.1431,0.9827,-0.1094,0.999
8.399242462,-0.1956,0.9923,-0.2352,1.038
8.401769539,-0.2301,0.9924,-0.3806,1.088
8.404047077,-0.2371,0.9895,-0.5685,1.166
8.411073846,-0.2122,0.9739,-0.8031,1.280
8.412032308,-0.1683,0.9411,-1.0237,1.401
8.412325,-0.1057,0.8833,-1.2196,1.510
8.413672693,-0.0493,0.8029,-1.3864,1.603
8.417770846,-0.0214,0.7357,-1.4199,1.599
8.418344385,0.0007,0.7166,-1.3037,1.488
8.424751385,0.0877,0.7357,-1.0777,1.308
8.425220693,0.2372,0.7633,-0.7471,1.094
8.425714539,0.4258,0.7953,-0.3147,0.955
8.428265231,0.5625,0.8305,0.0223,1.003
8.430605923,0.5670,0.8957,0.0026,1.060
8.432930154,0.4407,0.9954,-0.2951,1.128
8.435674231,0.2837,1.1234,-0.5064,1.264
8.439521308,0.1705,1.2881,-0.4756,1.384
8.440275077,0.0933,1.4708,-0.2772,1.500
8.44264,0.0494,1.6420,-0.0654,1.644
8.445325846,0.0381,1.7813,0.0134,1.782
8.447599154,0.0608,1.9203,0.0977,1.924
8.449831462,0.0982,2.0711,0.2293,2.086
8.452523462,0.1316,2.2321,0.4055,2.272
8.456154846,0.1381,2.3887,0.6657,2.484
8.457533616,0.1148,2.5370,0.9728,2.720
8.459565539,0.0669,2.6528,1.1893,2.908
8.462001231,-0.0276,2.7484,1.1377,2.975
8.464892077,-0.1670,2.8241,0.7363,2.923
8.466696616,-0.3009,2.8707,0.0752,2.887
8.469426154,-0.3724,2.8390,-0.6075,2.927
8.472026846,-0.3989,2.7720,-1.0715,2.999
8.473851077,-0.3584,2.6970,-1.0862,2.930
8.476518154,-0.2147,2.6345,-0.7505,2.748
8.479079154,-0.0199,2.5891,-0.1949,2.596
8.481782462,0.1768,2.5678,0.4756,2.617
8.483887154,0.3899,2.5627,1.0871,2.811
8.487142539,0.5998,2.5423,1.4793,3.002
8.489228923,0.7908,2.4896,1.6640,3.097
8.490997308,0.9436,2.3931,1.6549,3.059
8.493391693,1.0430,2.2260,1.4292,2.843
8.496568923,1.0750,1.9983,1.0407,2.496
8.498077308,1.0706,1.7628,0.7411,2.192
8.500386539,0.9895,1.5424,0.4265,1.881
8.503037923,0.8407,1.3418,0.2051,1.597
8.50562,0.6282,1.1703,-0.0100,1.328
8.508465923,0.4535,1.0181,-0.1258,1.122
8.510237,0.2264,0.8979,-0.1910,0.945
8.517568693,0.1036,0.7811,-0.2389,0.823
8.518431077,-0.0773,0.6912,-0.2658,0.745
8.518928,-0.2433,0.6057,-0.2921,0.715
8.520574539,-0.3933,0.5295,-0.2846,0.718
8.523963154,-0.5205,0.4699,-0.3417,0.780
8.524810231,-0.6161,0.4127,-0.4027,0.844
8.52729577,-0.6879,0.3604,-0.4586,0.902
8.531632,-0.7385,0.3238,-0.5306,0.965
8.532117,-0.7881,0.2996,-0.5856,1.027
8.53438277,-0.8145,0.2803,-0.6377,1.072
8.538073308,-0.8347,0.2766,-0.6790,1.111
8.539141,-0.8511,0.2768,-0.7193,1.148
8.54146377,-0.8824,0.2881,-0.7652,1.203
8.54408377,-0.9088,0.3093,-0.8160,1.260
8.546418846,-0.9420,0.3389,-0.8702,1.326
8.548706154,-0.9911,0.3876,-0.9169,1.405
8.551192,-1.0556,0.4474,-0.9484,1.488
8.554925539,-1.1280,0.5187,-0.9572,1.568
8.55588777,-1.1941,0.5903,-0.9529,1.638
8.558341846,-1.2542,0.6648,-0.9166,1.690
8.561163693,-1.3083,0.7428,-0.8478,1.727
8.564261231,-1.3639,0.8263,-0.7676,1.770
8.565529923,-1.4069,0.9079,-0.6682,1.803
8.568746846,-1.4304,0.9898,-0.5553,1.826
8.571465,-1.4338,1.0582,-0.5013,1.851
8.572710231,-1.4245,1.1268,-0.4307,1.867
8.575264616,-1.3908,1.1866,-0.3699,1.865
8.579002154,-1.3272,1.2278,-0.3088,1.834
8.57999477,-1.2389,1.2467,-0.2629,1.777
8.582401,-1.1499,1.2511,-0.2401,1.716
8.585516693,-1.0546,1.2402,-0.2255,1.644
8.587997539,-0.9623,1.2136,-0.2226,1.565
8.589749,-0.8634,1.1782,-0.2226,1.477
8.592375693,-0.7681,1.1395,-0.2294,1.393
8.594673539,-0.6791,1.0931,-0.2445,1.310
8.597171154,-0.5990,1.0487,-0.2573,1.235
8.599332693,-0.5208,1.0056,-0.2680,1.164
8.601858539,-0.4516,0.9609,-0.2765,1.097
8.607728923,-0.3906,0.9274,-0.2816,1.045
8.608493231,-0.3321,0.8964,-0.2816,0.997
8.609389308,-0.2701,0.8724,-0.2756,0.954
8.612361308,-0.2100,0.8561,-0.2680,0.921
8.615306462,-0.1567,0.8461,-0.2573,0.898
8.616055462,-0.1091,0.8386,-0.2441,0.880
8.618789616,-0.0728,0.8432,-0.2304,0.877
8.622349539,-0.0321,0.8539,-0.2157,0.881
8.623466231,0.0083,0.8663,-0.1893,0.887
8.625836693,0.0377,0.8879,-0.1514,0.901
8.628584693,0.0640,0.9182,-0.1334,0.930
8.630690846,0.0872,0.9485,-0.1312,0.961
8.633100077,0.0901,0.9834,-0.1255,0.995
8.635656385,0.0860,1.0237,-0.1255,1.035
8.637939385,0.1087,1.0624,-0.1402,1.077
8.640429616,0.1388,1.0911,-0.1817,1.115
8.645153923,0.1647,1.1183,-0.2352,1.155
8.645928616,0.1397,1.1568,-0.2494,1.192
8.647523462,0.0953,1.2108,-0.2274,1.236
8.65013177,0.0562,1.2802,-0.1703,1.293
8.653564616,0.0305,1.3164,-0.1871,1.330
8.654813,0.0251,1.3223,-0.1717,1.334
8.657218231,0.0222,1.3196,-0.1651,1.330
8.659785,0.0183,1.2988,-0.1292,1.305
8.662812077,-0.0023,1.2812,-0.0806,1.284
8.664564,-0.0375,1.2621,-0.0471,1.264
8.666989616,-0.0691,1.2365,-0.0505,1.239
8.669784385,-0.0971,1.2011,-0.0586,1.206
8.671688077,-0.1250,1.1593,-0.0628,1.168
8.674088923,-0.1565,1.1212,-0.0626,1.134
8.676661308,-0.1914,1.0870,-0.0852,1.107
8.679568616,-0.2224,1.0601,-0.1097,1.089
8.681627385,-0.2479,1.0313,-0.1216,1.068
8.684008923,-0.2596,1.0017,-0.1327,1.043
8.686630154,-0.2738,0.9753,-0.1373,1.022
8.688573923,-0.2821,0.9458,-0.1563,0.999
8.691473308,-0.2869,0.9162,-0.1695,0.975
8.694823385,-0.2845,0.8938,-0.1719,0.954
8.696587077,-0.2848,0.8740,-0.1663,0.934
8.698335385,-0.2804,0.8563,-0.1947,0.922
8.703189846,-0.2775,0.8270,-0.2267,0.901
8.704011077,-0.2669,0.8031,-0.2460,0.881
8.705884693,-0.2567,0.7780,-0.2651,0.861
8.708877846,-0.2496,0.7618,-0.2753,0.848
8.715729308,-0.2389,0.7447,-0.2721,0.828
8.716196923,-0.2322,0.7327,-0.2690,0.814
8.716440077,-0.2301,0.7284,-0.2653,0.809
8.718428693,-0.2291,0.7288,-0.2573,0.806
8.722717923,-0.2247,0.7345,-0.2443,0.806
8.723312077,-0.2224,0.7523,-0.2284,0.817
8.724837616,-0.2217,0.7706,-0.2079,0.828
8.729874846,-0.2235,0.7960,-0.1893,0.848
8.730217923,-0.2242,0.8197,-0.1670,0.866
8.731958539,-0.2271,0.8468,-0.1517,0.890
8.734458231,-0.2254,0.8710,-0.1381,0.910
8.73742777,-0.2284,0.8969,-0.1265,0.934
8.739197308,-0.2281,0.9218,-0.1214,0.957
8.741758539,-0.2259,0.9418,-0.1283,0.977
8.744291462,-0.2159,0.9555,-0.1427,0.990
8.746586462,-0.2030,0.9621,-0.1614,0.996
8.74891877,-0.1870,0.9732,-0.1579,1.003
8.752594539,-0.1614,0.9797,-0.1500,1.004
8.753690846,-0.1348,0.9868,-0.1416,1.006
8.756113539,-0.1064,0.9923,-0.1409,1.008
8.758708616,-0.0717,0.9912,-0.1483,1.005
8.761079077,-0.0361,0.9934,-0.1605,1.007
8.763607154,0.0037,0.9905,-0.1761,1.006
8.765881923,0.0398,0.9881,-0.1910,1.007
8.769072616,0.0767,0.9809,-0.2020,1.004
8.770530462,0.1158,0.9800,-0.2091,1.009
8.773516077,0.1481,0.9788,-0.2138,1.013
8.775515154,0.1800,0.9785,-0.2162,1.018
8.778422846,0.2079,0.9797,-0.2175,1.025
8.780581846,0.2329,0.9837,-0.2187,1.034
8.783571077,0.2534,0.9881,-0.2175,1.043
8.785396077,0.2732,0.9907,-0.2167,1.050
8.787668693,0.2829,0.9930,-0.2131,1.054
8.790404616,0.2876,0.9893,-0.2128,1.052
8.792724,0.2905,0.9846,-0.2106,1.048
8.795122231,0.2865,0.9692,-0.2091,1.032
8.797038231,0.2760,0.9502,-0.2084,1.011
8.79981977,0.2534,0.9231,-0.2133,0.981
8.802113,0.2187,0.8894,-0.2147,0.941
8.804557923,0.1786,0.8519,-0.2115,0.896
8.807137616,0.1209,0.8074,-0.2077,0.842
8.814847462,0.0594,0.7682,-0.1971,0.795
8.815308308,0.0005,0.7288,-0.1884,0.753
8.815536616,-0.0656,0.6914,-0.1779,0.717
8.816376,-0.1255,0.6490,-0.1676,0.682
8.822196616,-0.1927,0.6128,-0.1568,0.661
8.823073231,-0.2618,0.5681,-0.1429,0.642
8.823716693,-0.3410,0.5295,-0.1236,0.642
8.828722154,-0.4285,0.4938,-0.0913,0.660
8.829153923,-0.5303,0.4699,-0.0417,0.710
8.831028077,-0.6335,0.4493,-0.0061,0.777
8.833596923,-0.7192,0.4232,0.0236,0.835
8.835810231,-0.7942,0.4034,0.0507,0.892
8.838245231,-0.8364,0.3807,0.0715,0.922
8.840817539,-0.8646,0.3650,0.0732,0.941
8.843181231,-0.8609,0.3509,0.0715,0.932
8.845324923,-0.8367,0.3392,0.0607,0.905
8.848003077,-0.7884,0.3328,0.0466,0.857
8.850293308,-0.7248,0.3328,0.0232,0.798
8.853121231,-0.6463,0.3418,-0.0024,0.731
8.855212923,-0.5631,0.3650,-0.0266,0.672
8.859788616,-0.4707,0.4014,-0.0403,0.620
8.860819693,-0.3842,0.4598,-0.0540,0.602
8.862093846,-0.2923,0.5336,-0.0689,0.612
8.864731385,-0.2107,0.6213,-0.0938,0.663
8.867251385,-0.1434,0.7079,-0.1197,0.732
8.869466154,-0.1010,0.7994,-0.1461,0.819
8.87190377,-0.0749,0.8964,-0.1747,0.916
8.874512,-0.0530,1.0117,-0.2015,1.033
8.877223693,-0.0470,1.1393,-0.2421,1.166
8.879493,-0.0470,1.2641,-0.3237,1.306
8.881628923,-0.0568,1.4027,-0.3369,1.444
8.884670462,-0.0756,1.5419,-0.3442,1.582
8.886523693,-0.0884,1.6557,-0.3675,1.698
8.888893616,-0.0840,1.7371,-0.4048,1.786
8.891392923,-0.0768,1.7845,-0.4024,1.831
8.893732308,-0.0691,1.8043,-0.3554,1.840
8.896304,-0.0510,1.7882,-0.3068,1.815
8.898970846,-0.0268,1.7293,-0.2465,1.747
8.901088308,-0.0090,1.6245,-0.1903,1.636
8.903124308,0.0005,1.4815,-0.1590,1.490
8.905674462,-0.0134,1.3042,-0.1673,1.315
8.913280077,-0.0439,1.1195,-0.1908,1.136
8.914038154,-0.0945,0.9585,-0.2079,0.985
8.914509616,-0.1490,0.8361,-0.2191,0.877
8.916083693,-0.2184,0.7405,-0.2069,0.799
8.920891693,-0.3088,0.6621,-0.1539,0.747
8.921642231,-0.4334,0.5964,-0.0774,0.741
8.922591385,-0.5809,0.5316,-0.0176,0.788
8.924956308,-0.7419,0.4718,0.0102,0.879
8.927176693,-0.9107,0.4170,0.0043,1.002
8.929667154,-1.0619,0.3562,-0.0445,1.121
8.932583462,-1.1758,0.2783,-0.1202,1.214
8.934700077,-1.2569,0.2129,-0.1930,1.289
8.936943077,-1.2776,0.1510,-0.2389,1.309
8.93955877,-1.2671,0.0980,-0.2494,1.295
8.941913231,-1.2296,0.0587,-0.2345,1.253
8.944084923,-1.1687,0.0516,-0.2052,1.188
8.946999693,-1.0705,0.0516,-0.1530,1.083
8.950762539,-0.9461,0.0865,-0.0811,0.954
8.95163077,-0.7961,0.1633,0.0034,0.813
8.953903385,-0.6577,0.2803,0.0789,0.719
8.956716923,-0.5508,0.4361,0.1348,0.715
8.959192616,-0.4842,0.6026,0.1599,0.789
8.961315385,-0.4580,0.7808,0.1619,0.920
8.964307693,-0.4588,0.9485,0.1062,1.059
8.967642539,-0.4832,1.1039,0.0176,1.205
8.968851154,-0.5362,1.2930,-0.0535,1.401
8.970910462,-0.5880,1.4969,-0.0999,1.611
8.973461846,-0.5970,1.6819,-0.1388,1.790
8.975617308,-0.6119,1.8304,-0.1744,1.938
8.977896077,-0.5976,1.9306,-0.1663,2.028
8.980460077,-0.5399,1.9832,-0.1370,2.060
8.98358777,-0.4397,1.9746,-0.1297,2.027
8.985154846,-0.2941,1.9094,-0.1530,1.938
8.987643385,-0.1369,1.8080,-0.1910,1.823
8.990338846,0.0254,1.6863,-0.2434,1.704
8.992945539,0.1663,1.5527,-0.2893,1.588
8.994957923,0.2812,1.4207,-0.3230,1.484
8.997745,0.3557,1.2971,-0.3569,1.392
9.000261308,0.3792,1.1915,-0.3823,1.308
9.002071154,0.3244,1.1160,-0.4188,1.235
9.004765846,0.2066,1.0794,-0.4295,1.180
9.013100385,0.0703,1.0789,-0.4188,1.159
9.013830846,-0.0847,1.1249,-0.3967,1.196
9.014397616,-0.2620,1.2182,-0.3787,1.302
9.014927154,-0.4370,1.3548,-0.3720,1.471
9.021137,-0.6114,1.5187,-0.3515,1.674
9.021996,-0.7683,1.6946,-0.3017,1.885
9.02228,-0.9000,1.8712,-0.2385,2.090
9.027928616,-0.9896,2.0191,-0.1937,2.257
9.028603154,-1.0275,2.1263,-0.1700,2.368
9.028999077,-1.0311,2.1773,-0.1617,2.415
9.031253923,-0.9899,2.1815,-0.1588,2.401
9.033548693,-0.9176,2.1444,-0.1957,2.341
9.035845539,-0.8343,2.0853,-0.2768,2.263
9.038408693,-0.7534,2.0247,-0.4080,2.198
9.041355693,-0.6901,1.9648,-0.5201,2.146
9.043062154,-0.6419,1.9113,-0.5369,2.087
9.045732616,-0.6112,1.8698,-0.4779,2.024
9.048026231,-0.5946,1.8329,-0.3909,1.966
9.05047477,-0.5870,1.8021,-0.3024,1.919
9.053328077,-0.5902,1.7733,-0.2306,1.883
9.055322539,-0.5911,1.7317,-0.1771,1.838
9.057687077,-0.5834,1.6836,-0.1481,1.788
9.060163693,-0.5650,1.6218,-0.1373,1.723
9.062653616,-0.5396,1.5460,-0.1332,1.643
9.06628277,-0.5003,1.4559,-0.1080,1.543
9.067418231,-0.4519,1.3513,-0.0948,1.428
9.069797923,-0.4013,1.2490,-0.1283,1.318
9.072126154,-0.3644,1.1488,-0.1928,1.220
9.074663693,-0.3430,1.0594,-0.2394,1.139
9.077270847,-0.3361,0.9814,-0.2660,1.071
9.079421847,-0.3314,0.9145,-0.2824,1.013
9.082783077,-0.3356,0.8461,-0.2744,0.951
9.084182154,-0.3407,0.7911,-0.2333,0.892
9.08648377,-0.3652,0.7417,-0.1740,0.845
9.088952923,-0.4028,0.6965,-0.1065,0.812
9.09161477,-0.4532,0.6541,-0.0244,0.796
9.093825847,-0.5147,0.5957,0.0176,0.787
9.096636308,-0.5972,0.5385,0.0251,0.805
9.099161539,-0.6940,0.4848,-0.0007,0.847
9.100957616,-0.8020,0.4425,-0.0505,0.917
9.103481847,-0.9026,0.4012,-0.0943,0.992
9.107435385,-0.9957,0.3541,-0.1267,1.064
9.108422539,-1.0896,0.3135,-0.1453,1.143
9.110851693,-1.1651,0.2654,-0.1588,1.205
9.113349616,-1.2337,0.2060,-0.1840,1.264
9.119681308,-1.2838,0.1461,-0.2159,1.310
9.120406231,-1.3134,0.0780,-0.2385,1.337
9.121048616,-1.3129,0.0030,-0.2538,1.337
9.126266462,-1.2708,-0.0839,-0.2851,1.305
9.127153231,-1.2124,-0.1767,-0.3266,1.268
9.127369539,-1.1441,-0.2803,-0.3259,1.222
9.13011077,-1.0600,-0.3903,-0.2678,1.161
9.133871385,-0.9640,-0.4949,-0.1651,1.096
9.134602847,-0.8609,-0.5848,-0.0545,1.042
9.137276077,-0.7370,-0.6600,0.0419,0.990
9.14,-0.5785,-0.7069,0.1499,0.926
9.141834847,-0.3833,-0.7308,0.2657,0.867
9.144443385,-0.1944,-0.7404,0.3698,0.850
9.146893,-0.0236,-0.7282,0.4248,0.843
9.149329616,0.1165,-0.7115,0.4278,0.838
9.151641923,0.2240,-0.6908,0.3766,0.818
9.154330231,0.3122,-0.6632,0.3170,0.799
9.156792308,0.3720,-0.6255,0.2618,0.773
9.15920677,0.4337,-0.5904,0.1868,0.756
9.161559693,0.4931,-0.5498,0.0673,0.742
9.165111693,0.5460,-0.5046,-0.0053,0.743
9.166351385,0.5824,-0.4497,-0.0596,0.738
9.168673539,0.6028,-0.3861,-0.1383,0.729
9.17107177,0.6035,-0.3141,-0.1979,0.709
9.173807154,0.5644,-0.2178,-0.2389,0.650
9.176495077,0.4873,-0.0998,-0.3264,0.595
9.17875977,0.3748,0.0364,-0.3147,0.491
9.181795462,0.2458,0.1967,-0.3452,0.467
9.183222154,0.1163,0.3404,-0.3724,0.518
9.185360385,0.0005,0.4535,-0.4170,0.616
9.18797477,-0.1001,0.5307,-0.3880,0.665
9.190619693,-0.1516,0.5502,-0.4947,0.755
9.193440077,-0.2051,0.5849,-0.5749,0.845
9.19530777,-0.2296,0.6035,-0.5627,0.856
9.197842154,-0.2438,0.6118,-0.5167,0.837
9.199751385,-0.2531,0.6194,-0.4684,0.817
9.20238777,-0.2767,0.6404,-0.4307,0.820
9.204685923,-0.2918,0.6570,-0.3652,0.806
9.207145231,-0.2980,0.6729,-0.2988,0.794
9.209893,-0.3065,0.6934,-0.2387,0.795
9.212052923,-0.3097,0.7207,-0.1781,0.804
9.219903077,-0.3165,0.7413,-0.1162,0.814
9.220711385,-0.3200,0.7664,-0.0535,0.832
9.221267077,-0.3219,0.7806,0.0046,0.844
9.22178377,-0.3232,0.7934,0.0468,0.858
9.226052,-0.3176,0.8058,0.0854,0.870
9.226302847,-0.3158,0.8204,0.1103,0.886
9.22952377,-0.3158,0.8290,0.1250,0.896
9.231163385,-0.3119,0.8388,0.1184,0.903
9.233624385,-0.3036,0.8483,0.1010,0.907
9.236043462,-0.3031,0.8656,0.0886,0.921
9.239236693,-0.3011,0.8647,0.1026,0.921
9.240678231,-0.3148,0.8771,0.0901,0.936
9.243071693,-0.3043,0.8866,0.0840,0.941
9.246022231,-0.3188,0.9075,0.0938,0.966
9.24827477,-0.3486,0.9248,0.0434,0.989
9.250399154,-0.4071,0.9252,-0.0083,1.011
9.252913308,-0.4194,0.9588,0.1429,1.056
9.255347385,-0.4204,0.9765,0.1236,1.070
9.257589923,-0.4331,0.9865,0.0136,1.077
9.260280616,-0.4404,0.9981,-0.0083,1.091
9.26397977,-0.4575,0.9888,-0.0818,1.093
9.265000923,-0.4734,0.9683,-0.1258,1.085
9.267705539,-0.4805,0.9402,-0.1639,1.069
9.270128923,-0.4842,0.9233,-0.1881,1.059
9.277494154,-0.4922,0.9108,-0.1910,1.053
9.277998539,-0.5135,0.9064,-0.2096,1.063
9.278164308,-0.5282,0.8894,-0.2469,1.063
9.279942847,-0.5511,0.8742,-0.2827,1.071
9.281688923,-0.5806,0.8640,-0.3039,1.084
9.284141616,-0.6129,0.8498,-0.2885,1.087
9.28645477,-0.6510,0.8458,-0.2741,1.102
9.289213539,-0.6980,0.8446,-0.2655,1.127
9.291530462,-0.7385,0.8419,-0.2592,1.150
9.294077,-0.7683,0.8393,-0.2672,1.169
9.296744616,-0.8164,0.8437,-0.2707,1.205
9.298695693,-0.8726,0.8483,-0.2692,1.246
9.301084385,-0.9244,0.8522,-0.2746,1.287
9.303624923,-0.9731,0.8586,-0.2768,1.327
9.306191385,-1.0239,0.8625,-0.2678,1.365
9.308492385,-1.0776,0.8754,-0.2465,1.410
9.311196385,-1.1331,0.9079,-0.2411,1.472
9.316922847,-1.1475,0.9167,-0.2211,1.485
9.317788385,-1.1587,0.9365,-0.2022,1.504
9.318739693,-1.1687,0.9707,-0.1924,1.531
9.320972693,-1.1562,0.9868,-0.1722,1.530
9.325085616,-1.1401,1.0073,-0.1647,1.530
9.325403462,-1.1154,1.0281,-0.1670,1.526
9.328513231,-1.0915,1.0435,-0.1719,1.520
9.332301308,-1.0544,1.0511,-0.1788,1.500
9.332661616,-1.0143,1.0450,-0.1982,1.470
9.334983462,-0.9726,1.0462,-0.2159,1.445
9.337499385,-0.9410,1.0547,-0.2231,1.431
9.340191693,-0.9156,1.0676,-0.2211,1.424
9.342328693,-0.8960,1.0760,-0.2201,1.417
9.344449,-0.8792,1.0936,-0.2264,1.421
9.347070847,-0.8739,1.1112,-0.2276,1.432
9.349300077,-0.8736,1.1337,-0.2175,1.448
9.35186,-0.8785,1.1510,-0.2047,1.462
9.354964693,-0.8946,1.1642,-0.1991,1.482
9.356709847,-0.9086,1.1717,-0.1833,1.494
9.359481,-0.9139,1.1747,-0.1642,1.497
9.361530539,-0.9149,1.1605,-0.1400,1.484
9.364194847,-0.9132,1.1426,-0.1185,1.467
9.366367693,-0.9049,1.1151,-0.0916,1.439
9.368656308,-0.8932,1.0918,-0.0347,1.411
9.371145847,-0.8827,1.0555,-0.0203,1.376
9.373368,-0.8690,1.0147,-0.0359,1.336
9.376117308,-0.8545,0.9744,-0.0428,1.297
9.378309847,-0.8338,0.9311,-0.0368,1.250
9.380734231,-0.8074,0.8857,-0.0170,1.199
9.382940077,-0.7768,0.8432,0.0029,1.146
9.385585308,-0.7492,0.8021,0.0290,1.098
9.387906462,-0.7211,0.7755,0.0710,1.061
9.390272308,-0.7008,0.7368,0.1010,1.022
9.392807693,-0.6859,0.6970,0.1115,0.984
9.396148308,-0.6730,0.6683,0.1233,0.956
9.397422462,-0.6624,0.6487,0.1318,0.936
9.400375154,-0.6554,0.6316,0.1277,0.919
9.402691385,-0.6515,0.6316,0.1171,0.915
9.405931693,-0.6535,0.6375,0.0986,0.918
9.407465231,-0.6642,0.6587,0.0847,0.939
9.409694462,-0.6843,0.6885,0.0679,0.973
9.417326154,-0.7194,0.7237,0.0500,1.022
9.41815977,-0.7516,0.7591,0.0278,1.069
9.418669308,-0.7768,0.7982,0.0062,1.114
9.41954277,-0.7807,0.8325,-0.0056,1.141
9.426690231,-0.7746,0.8612,-0.0288,1.159
9.427248693,-0.7612,0.8789,-0.0513,1.164
9.427506847,-0.7306,0.8882,-0.0740,1.152
9.433652,-0.6962,0.8989,-0.0953,1.141
9.434755462,-0.6412,0.8945,-0.1190,1.107
9.435113308,-0.5790,0.8864,-0.1339,1.067
9.436490539,-0.5217,0.8754,-0.1400,1.029
9.438480077,-0.4588,0.8630,-0.1425,0.988
9.441158539,-0.3896,0.8519,-0.1474,0.948
9.443875462,-0.3178,0.8409,-0.1549,0.912
9.446043385,-0.2423,0.8270,-0.1732,0.879
9.448333231,-0.1741,0.8139,-0.2001,0.856
9.450954154,-0.1226,0.8009,-0.2128,0.838
9.454066154,-0.0798,0.7913,-0.2228,0.826
9.455467154,-0.0500,0.7848,-0.2387,0.822
9.458009231,-0.0407,0.7801,-0.2541,0.821
9.460348616,-0.0500,0.7811,-0.2548,0.823
9.462914462,-0.0639,0.7836,-0.2578,0.827
9.466163693,-0.0715,0.7780,-0.2660,0.825
9.467550847,-0.0756,0.7757,-0.2555,0.820
9.470522154,-0.0719,0.7845,-0.2203,0.818
9.472384308,-0.0849,0.7962,-0.1823,0.821
9.474954539,-0.0959,0.8148,-0.1593,0.836
9.477469616,-0.1094,0.8351,-0.1427,0.854
9.479555693,-0.1167,0.8568,-0.1255,0.874
9.482140077,-0.1297,0.8849,-0.1082,0.901
9.484925923,-0.1362,0.9113,-0.0918,0.926
9.487582154,-0.1367,0.9348,-0.0906,0.949
9.489183077,-0.1336,0.9623,-0.1034,0.977
9.491869231,-0.1269,0.9856,-0.0850,0.997
9.494042539,-0.1252,1.0091,-0.0608,1.019
9.497046154,-0.1231,1.0317,-0.0476,1.040
9.498932923,-0.1220,1.0543,-0.0442,1.062
9.501370539,-0.1226,1.0772,-0.0486,1.085
9.503738539,-0.1204,1.1019,-0.0579,1.110
9.506133,-0.1187,1.1237,-0.0601,1.132
9.508739693,-0.1164,1.1379,-0.0608,1.145
9.516169847,-0.1138,1.1544,-0.0638,1.162
9.517160616,-0.1218,1.1696,-0.0774,1.178
9.517410231,-0.1394,1.1769,-0.0911,1.189
9.517988693,-0.1602,1.1761,-0.0989,1.191
9.523025308,-0.1841,1.1689,-0.1211,1.189
9.523522462,-0.2193,1.1563,-0.1945,1.193
9.525196308,-0.2522,1.1349,-0.2995,1.201
9.529890231,-0.2718,1.0906,-0.4407,1.207
9.530358154,-0.2836,1.0462,-0.6426,1.260
9.532491385,-0.2974,1.0254,-0.8126,1.342
9.535914462,-0.3083,1.0489,-0.8043,1.357
9.537388308,-0.2914,1.1178,-0.5492,1.279
9.539811385,-0.2320,1.2136,-0.0547,1.237
9.542673539,-0.1392,1.3073,0.4353,1.385
9.544633308,-0.0375,1.3885,0.7348,1.571
9.547133539,0.0320,1.4488,0.9041,1.708
9.549680308,0.0659,1.4815,0.9366,1.754
9.553294231,0.0454,1.4984,0.8792,1.738
9.554695462,0.0017,1.5106,0.7627,1.692
9.556895693,-0.0078,1.5138,0.6270,1.639
9.559404,0.0833,1.4838,0.4455,1.551
9.561923385,0.2783,1.4186,0.2909,1.475
9.564667462,0.4820,1.3562,0.1737,1.450
9.566994539,0.6328,1.3354,0.0502,1.479
9.569643077,0.7249,1.3577,-0.1688,1.548
9.571177308,0.7300,1.4424,-0.3872,1.662
9.573745231,0.7190,1.5311,-0.4146,1.742
9.576592923,0.7349,1.6223,-0.3205,1.810
9.578781923,0.7116,1.7420,-0.2521,1.899
9.581031693,0.6629,1.8502,-0.3845,2.003
9.584099462,0.5707,1.9360,-0.6738,2.128
9.586015693,0.5248,1.9917,-0.9736,2.278
9.588120385,0.4861,2.0244,-1.2431,2.425
9.591093616,0.4588,2.0210,-1.3540,2.476
9.594320308,0.5334,1.9917,-1.2013,2.386
9.595499385,0.5089,1.9944,-0.9133,2.252
9.597914154,0.6797,1.9572,-0.4571,2.122
9.600746847,0.7877,1.9529,-0.0774,2.107
9.602989231,0.7657,1.9776,0.1565,2.126
9.605674462,0.9580,1.9086,0.4064,2.174
9.607907385,1.1771,1.7972,0.5655,2.222
9.609861616,1.2518,1.7009,0.6871,2.221
9.61679577,1.1861,1.6238,0.7162,2.135
9.617289539,1.0174,1.5766,0.6219,1.977
9.617543154,0.8031,1.5331,0.3654,1.769
9.619789847,0.5905,1.4701,0.0409,1.585
9.622251385,0.4207,1.3941,-0.2245,1.473
9.624625847,0.2348,1.3271,-0.4556,1.423
9.626879077,0.0662,1.2649,-0.5690,1.389
9.62950377,-0.0493,1.2141,-0.5958,1.353
9.631609308,-0.1597,1.1801,-0.6059,1.336
9.634172923,-0.2731,1.1556,-0.5881,1.325
9.636437539,-0.3962,1.1515,-0.5636,1.342
9.638688616,-0.5030,1.1540,-0.5287,1.365
9.642038462,-0.6000,1.1593,-0.4549,1.382
9.644281616,-0.6532,1.1535,-0.2824,1.355
9.64603577,-0.7087,1.1552,-0.1158,1.360
9.648536,-0.7483,1.1691,0.0297,1.388
9.651583385,-0.8012,1.1801,0.1087,1.431
9.653112616,-0.7730,1.2282,0.3121,1.484
9.65563577,-0.7165,1.2646,0.2582,1.476
9.658135462,-0.6628,1.2763,0.1917,1.451
9.660741923,-0.6603,1.3066,0.0476,1.465
9.663377,-0.6244,1.2963,-0.1747,1.449
9.665300308,-0.5867,1.2649,-0.3268,1.432
9.668672385,-0.5916,1.2448,-0.3808,1.430
9.670127462,-0.6156,1.2299,-0.4512,1.447
9.672685539,-0.6447,1.2145,-0.4854,1.458
9.675256,-0.6950,1.1964,-0.4495,1.455
9.677923154,-0.7742,1.1740,-0.3953,1.461
9.679715154,-0.8787,1.1515,-0.3398,1.488
9.682791154,-1.0006,1.1241,-0.3095,1.536
9.684997308,-1.1284,1.0970,-0.2925,1.601
9.686993923,-1.2508,1.0701,-0.2970,1.673
9.689490154,-1.3523,1.0501,-0.3228,1.742
9.692020693,-1.4192,1.0322,-0.3520,1.790
9.694241616,-1.4898,1.0210,-0.3671,1.843
9.696751154,-1.5559,1.0184,-0.3640,1.895
9.699434539,-1.6139,1.0200,-0.3410,1.939
9.70183977,-1.6488,1.0271,-0.2890,1.964
9.704011077,-1.6446,1.0269,-0.2287,1.952
9.706356385,-1.5918,1.0245,-0.1763,1.901
9.709789308,-1.4856,1.0105,-0.1429,1.802
9.710970539,-1.3353,0.9917,-0.1283,1.668
9.713646462,-1.1746,0.9680,-0.1346,1.528
9.715900693,-1.0165,0.9436,-0.1561,1.396
9.721952693,-0.8589,0.9216,-0.1805,1.273
9.722984308,-0.7085,0.8917,-0.1942,1.155
9.723449923,-0.5731,0.8752,-0.2082,1.067
9.727886154,-0.4480,0.8625,-0.2238,0.997
9.728670462,-0.3412,0.8524,-0.2443,0.950
9.73045577,-0.2489,0.8527,-0.2629,0.926
9.73300777,-0.1776,0.8576,-0.2858,0.921
9.73554677,-0.1248,0.8654,-0.3051,0.926
9.737600923,-0.0961,0.8781,-0.3228,0.940
9.740137231,-0.0728,0.8940,-0.3291,0.955
9.742872077,-0.0647,0.9101,-0.3354,0.972
9.744936,-0.0635,0.9304,-0.3420,0.993
9.747419385,-0.0759,0.9467,-0.3466,1.011
9.749794154,-0.0952,0.9651,-0.3454,1.029
9.752284308,-0.1135,0.9785,-0.3522,1.046
9.754799693,-0.1387,0.9893,-0.3279,1.051
9.757141847,-0.1758,1.0161,-0.2721,1.067
9.759465,-0.2074,1.0359,-0.2621,1.089
9.762122462,-0.2369,1.0496,-0.2602,1.107
9.764420077,-0.2606,1.0592,-0.2524,1.120
9.767611077,-0.2806,1.0608,-0.2362,1.122
9.768945308,-0.2948,1.0592,-0.2162,1.121
9.771392,-0.3007,1.0511,-0.1973,1.111
9.774403462,-0.3034,1.0384,-0.1840,1.097
9.776922154,-0.2997,1.0230,-0.1759,1.080
9.778964308,-0.2880,1.0086,-0.1642,1.062
9.781269923,-0.2750,0.9919,-0.1570,1.041
9.784019693,-0.2606,0.9778,-0.1419,1.022
9.785796923,-0.2430,0.9651,-0.1267,1.003
9.788361847,-0.2291,0.9490,-0.1151,0.983
9.792384,-0.2149,0.9421,-0.1065,0.972
9.793234462,-0.1995,0.9357,-0.0929,0.961
9.795586154,-0.1839,0.9343,-0.0823,0.956
9.798715385,-0.1646,0.9353,-0.0755,0.953
9.801260385,-0.1434,0.9416,-0.0771,0.956
9.803116,-0.1218,0.9553,-0.0823,0.967
9.805809308,-0.1038,0.9707,-0.0828,0.980
9.808848,-0.0940,0.9946,-0.0752,1.002
9.809878539,-0.0859,1.0184,-0.0650,1.024
9.812367077,-0.0796,1.0371,-0.0631,1.042
9.815378462,-0.0800,1.0571,-0.0645,1.062
9.822785308,-0.0845,1.0725,-0.0689,1.078
9.823644077,-0.0833,1.0809,-0.0738,1.087
9.824006462,-0.0808,1.0848,-0.0762,1.090
9.830573308,-0.0779,1.0853,-0.0806,1.091
9.831092385,-0.0776,1.0831,-0.0867,1.089
9.831471693,-0.0798,1.0687,-0.0997,1.076
9.831741308,-0.0793,1.0543,-0.1170,1.064
9.837121539,-0.0759,1.0301,-0.1365,1.042
9.837586462,-0.0764,1.0007,-0.1551,1.016
9.839308693,-0.0730,0.9688,-0.1744,0.987
9.84144677,-0.0749,0.9348,-0.1913,0.957
9.843860385,-0.0749,0.9038,-0.2084,0.931
9.846350847,-0.0722,0.8742,-0.2189,0.904
9.848689616,-0.0719,0.8478,-0.2313,0.882
9.851381231,-0.0710,0.8197,-0.2404,0.857
9.854163077,-0.0681,0.8016,-0.2429,0.840
9.856098154,-0.0668,0.7865,-0.2357,0.824
9.85869877,-0.0591,0.7733,-0.2267,0.808
9.860518154,-0.0579,0.7689,-0.2120,0.800
9.863577616,-0.0519,0.7640,-0.1954,0.790
9.866765847,-0.0534,0.7664,-0.1766,0.788
9.867919693,-0.0568,0.7694,-0.1673,0.789
9.870411693,-0.0615,0.7782,-0.1649,0.798
9.872844,-0.0673,0.7931,-0.1639,0.813
9.875516077,-0.0740,0.8055,-0.1627,0.825
9.877778154,-0.0810,0.8192,-0.1617,0.839
9.880156385,-0.0884,0.8302,-0.1566,0.849
9.883772923,-0.0991,0.8402,-0.1551,0.860
9.884911693,-0.1082,0.8507,-0.1544,0.871
9.887332,-0.1189,0.8588,-0.1532,0.880
9.889752385,-0.1285,0.8656,-0.1488,0.888
9.892021231,-0.1399,0.8661,-0.1478,0.890
9.89476777,-0.1539,0.8712,-0.1463,0.897
9.897119693,-0.1599,0.8712,-0.1429,0.897
9.899809231,-0.1665,0.8693,-0.1348,0.895
9.901798231,-0.1744,0.8740,-0.1283,0.900
9.90419877,-0.1781,0.8735,-0.1187,0.899
9.907971385,-0.1793,0.8717,-0.1148,0.897
9.909058462,-0.1802,0.8698,-0.1158,0.896
9.911284,-0.1756,0.8693,-0.1111,0.894
9.914085,-0.1725,0.8679,-0.1065,0.891
9.920963154,-0.1595,0.8637,-0.1041,0.884
9.921413308,-0.1462,0.8595,-0.1050,0.878
9.921654539,-0.1316,0.8544,-0.1092,0.871
9.927336,-0.1094,0.8510,-0.1185,0.866
9.927928077,-0.0879,0.8449,-0.1246,0.859
9.928522231,-0.0591,0.8397,-0.1327,0.852
9.930689616,-0.0246,0.8353,-0.1232,0.845
9.935062847,0.0107,0.8293,-0.0987,0.835
9.935754231,0.0498,0.8244,-0.0762,0.829
9.937833,0.0848,0.8236,-0.0613,0.830
9.941146231,0.1099,0.8265,-0.0564,0.836
9.943661847,0.1334,0.8288,-0.0486,0.841
9.945069,0.1390,0.8378,-0.0481,0.851
9.948413231,0.1378,0.8510,-0.0675,0.865
9.95063077,0.1178,0.8666,-0.1087,0.881
9.952457308,0.0867,0.8817,-0.1659,0.901
9.955603462,0.0517,0.9008,-0.2191,0.929
9.958176693,0.0030,0.9167,-0.2538,0.951
9.96027577,-0.0544,0.9341,-0.2676,0.973
9.961916616,-0.1120,0.9555,-0.2548,0.995
9.965546231,-0.1732,0.9756,-0.2208,1.015
9.966845616,-0.2264,0.9930,-0.1784,1.034
9.969505,-0.2767,1.0051,-0.1353,1.051
9.971680616,-0.3176,1.0122,-0.0965,1.065
9.974078539,-0.3519,1.0096,-0.0669,1.071
9.976591462,-0.3852,0.9963,-0.0545,1.070
9.979339154,-0.4189,0.9821,-0.0557,1.069
9.982237231,-0.4509,0.9646,-0.0615,1.067
9.983616077,-0.4902,0.9506,-0.0774,1.072
9.986007693,-0.5254,0.9399,-0.0823,1.080
9.988607693,-0.5653,0.9318,-0.0831,1.093
9.991351462,-0.6034,0.9257,-0.0762,1.108
9.993484693,-0.6373,0.9206,-0.0671,1.122
9.995833847,-0.6673,0.9192,-0.0642,1.138
9.998873923,-0.6928,0.9206,-0.0608,1.154
10.000516308,-0.7109,0.9257,-0.0679,1.169
10.003072077,-0.7213,0.9348,-0.0929,1.184
10.005733,-0.7236,0.9474,-0.1263,1.199
10.007672,-0.7064,0.9588,-0.1500,1.200
10.01765077,-0.6717,0.9751,-0.1586,1.195
10.018044923,-0.6244,0.9807,-0.1524,1.173
10.018219154,-0.5741,0.9846,-0.1327,1.147
10.018373231,-0.5237,0.9776,-0.1468,1.119
10.022000077,-0.4721,0.9516,-0.1747,1.077
10.022763385,-0.4316,0.9164,-0.2008,1.033
10.024442539,-0.4001,0.8625,-0.2374,0.980
10.027523385,-0.3879,0.8029,-0.2814,0.935
10.029815077,-0.3808,0.7384,-0.3103,0.887
10.031928385,-0.3749,0.6636,-0.3122,0.824
10.034100616,-0.3771,0.5810,-0.2824,0.748
10.037187077,-0.3852,0.4904,-0.1905,0.652
10.03958377,-0.4128,0.3924,-0.0992,0.578
10.041484616,-0.4676,0.2903,-0.0638,0.554
10.044508693,-0.5489,0.1769,-0.0933,0.584
10.046623693,-0.6515,0.0572,-0.1728,0.676
10.048704,-0.7504,-0.0621,-0.2723,0.801
10.051243693,-0.8770,-0.1990,-0.3853,0.978
10.053848,-0.9920,-0.3314,-0.4368,1.133
10.056217539,-1.0957,-0.4296,-0.4204,1.250
10.058269847,-1.2005,-0.5012,-0.3522,1.348
10.060806231,-1.2547,-0.5279,-0.2308,1.381
10.063345,-1.2476,-0.5181,-0.0965,1.354
10.065763462,-1.1667,-0.4489,0.0370,1.251
10.068214154,-1.0253,-0.3202,0.1096,1.080
10.070954847,-0.8807,-0.1440,0.1167,0.900
10.073044,-0.7588,0.0633,0.0651,0.764
10.075440308,-0.6769,0.3091,-0.0230,0.745
10.077950231,-0.6556,0.5822,-0.1302,0.886
10.080197847,-0.6305,0.8845,-0.2345,1.111
10.082603385,-0.6879,1.2592,-0.3103,1.468
10.085079154,-0.7984,1.6823,-0.4046,1.906
10.087572,-0.9058,2.1246,-0.4615,2.355
10.090208077,-0.9759,2.5006,-0.4463,2.721
10.092621231,-1.0370,2.7840,-0.3769,2.995
10.094738231,-1.0243,2.9054,-0.2138,3.088
10.097643077,-0.9366,2.8817,-0.0574,3.031
10.099417,-0.8033,2.7591,0.0234,2.874
10.101824616,-0.6549,2.5863,0.0011,2.668
10.104464,-0.5137,2.4075,-0.1148,2.464
10.106974231,-0.3915,2.2534,-0.2804,2.304
10.109151693,-0.3158,2.1498,-0.4351,2.216
10.111668308,-0.2760,2.1036,-0.5157,2.183
10.116998231,-0.2755,2.1153,-0.5264,2.197
10.117828077,-0.3026,2.1663,-0.4964,2.243
10.118854462,-0.3493,2.2341,-0.4612,2.308
10.121189616,-0.4001,2.3096,-0.4523,2.387
10.125521616,-0.4548,2.3765,-0.4398,2.459
10.126063693,-0.5052,2.4300,-0.4265,2.518
10.129343154,-0.5435,2.4635,-0.4214,2.558
10.133672616,-0.5685,2.4857,-0.4474,2.589
10.134670231,-0.5943,2.5062,-0.5101,2.626
10.13579877,-0.6242,2.5209,-0.5245,2.649
10.138516616,-0.6564,2.5216,-0.4945,2.652
10.140242462,-0.6771,2.5160,-0.4798,2.649
10.143645,-0.6989,2.5018,-0.4549,2.637
10.145602847,-0.7099,2.4677,-0.3911,2.597
10.147757231,-0.7055,2.4170,-0.2998,2.536
10.150943077,-0.7101,2.3513,-0.2284,2.467
10.159071385,-0.7118,2.2704,-0.2177,2.389
10.159843077,-0.7109,2.1817,-0.2441,2.308
10.160271462,-0.6928,2.0780,-0.2215,2.202
10.161101308,-0.6577,1.9618,-0.1229,2.073
10.162256693,-0.6092,1.8288,-0.0037,1.928
10.16478677,-0.5638,1.6863,0.0971,1.781
10.167535154,-0.5308,1.5302,0.1485,1.626
10.169292077,-0.5213,1.3860,0.1096,1.485
10.172464077,-0.5266,1.2488,0.0598,1.357
10.174033231,-0.5335,1.1214,-0.0019,1.242
10.176686462,-0.5133,0.9870,-0.1260,1.120
10.179057847,-0.4898,0.8661,-0.1824,1.012
10.181372385,-0.4751,0.7601,-0.1915,0.917
10.18390277,-0.4621,0.6621,-0.1920,0.830
10.188361308,-0.4602,0.5698,-0.1928,0.757
10.189389,-0.4749,0.4960,-0.2040,0.716
10.191175154,-0.4954,0.4298,-0.2059,0.687
10.193556693,-0.5091,0.3567,-0.2578,0.673
10.196804,-0.5193,0.2824,-0.2837,0.656
10.198145923,-0.5228,0.2111,-0.2778,0.628
10.200611154,-0.5264,0.1386,-0.2369,0.594
10.205015693,-0.5264,0.0645,-0.1796,0.560
10.20585177,-0.5384,-0.0148,-0.1390,0.556
10.207892923,-0.5587,-0.1061,-0.1370,0.585
10.210684385,-0.5997,-0.2014,-0.1481,0.650
10.21819177,-0.6554,-0.3045,-0.1579,0.740
10.219182847,-0.7432,-0.4022,-0.1698,0.862
10.219578847,-0.8565,-0.4844,-0.1886,1.002
10.220123385,-0.9694,-0.5631,-0.2429,1.147
10.228304616,-1.0759,-0.6246,-0.3005,1.280
10.229311693,-1.1513,-0.6730,-0.3452,1.378
10.229778231,-1.1832,-0.7064,-0.3816,1.430
10.230332308,-1.1678,-0.7226,-0.3934,1.428
10.235033616,-1.0917,-0.7228,-0.3559,1.357
10.235390154,-0.9542,-0.7064,-0.2643,1.216
10.237418462,-0.7712,-0.6805,-0.1226,1.036
10.239062847,-0.5623,-0.6537,0.0610,0.864
10.241536923,-0.3571,-0.6167,0.2450,0.754
10.244078847,-0.1768,-0.5826,0.4001,0.729
10.246424,-0.0232,-0.5415,0.5128,0.746
10.248755385,0.0936,-0.4937,0.5618,0.754
10.251346231,0.1754,-0.4359,0.6095,0.770
10.254164308,0.2273,-0.3727,0.5718,0.719
10.256015077,0.2590,-0.3160,0.4753,0.627
10.258571077,0.2714,-0.2540,0.3454,0.507
10.261149231,0.2550,-0.1841,0.2350,0.393
10.263505539,0.2159,-0.1250,0.0957,0.267
10.265856,0.1719,-0.0681,-0.0417,0.190
10.268419154,0.1263,-0.0194,-0.1598,0.205
10.270979385,0.0764,0.0289,-0.2538,0.267
10.272940385,0.0324,0.0726,-0.2834,0.294
10.275730847,-0.0014,0.1056,-0.3371,0.353
10.278005231,-0.0390,0.1310,-0.3801,0.404
10.280072693,-0.0881,0.1713,-0.3773,0.424
10.282860923,-0.1329,0.2092,-0.3736,0.448
10.285123693,-0.1824,0.2376,-0.3696,0.476
10.287552385,-0.2228,0.2516,-0.3491,0.485
10.289724385,-0.2547,0.2561,-0.3144,0.479
10.292414154,-0.2780,0.2561,-0.2890,0.476
10.296717847,-0.2997,0.2532,-0.2636,0.473
10.297552385,-0.3144,0.2483,-0.2316,0.463
10.299461308,-0.3232,0.2411,-0.2084,0.454
10.301925847,-0.3244,0.2380,-0.1803,0.441
10.304267462,-0.3277,0.2470,-0.1581,0.440
10.306914154,-0.3393,0.2529,-0.1356,0.444
10.309377539,-0.3435,0.2644,-0.1116,0.448
10.313275077,-0.3535,0.2758,-0.0771,0.455
10.313761847,-0.3605,0.2942,-0.0368,0.467
10.316228616,-0.3649,0.3084,0.0021,0.478
10.318674154,-0.3708,0.3269,0.0326,0.495
10.321713,-0.3745,0.3333,0.0502,0.504
10.32353477,-0.3766,0.3411,0.0586,0.512
10.326152385,-0.3889,0.3457,0.0617,0.524
10.328641308,-0.3971,0.3506,0.0684,0.534
10.330797616,-0.4089,0.3574,0.0684,0.547
10.333113847,-0.4275,0.3716,0.0698,0.571
10.336260693,-0.4387,0.3867,0.0703,0.589
10.337959693,-0.4523,0.4088,0.0717,0.614
10.340389231,-0.4590,0.4310,0.0761,0.634
10.342852924,-0.4656,0.4520,0.0828,0.654
10.345755462,-0.4971,0.4699,0.0454,0.686
10.348002154,-0.5320,0.4875,0.0129,0.722
10.350485616,-0.5140,0.5227,0.0830,0.738
10.353672616,-0.4937,0.5805,0.1781,0.783
10.355241308,-0.4824,0.6245,0.0756,0.793
10.357616077,-0.4725,0.6711,0.0579,0.823
10.359986462,-0.4727,0.7137,0.0386,0.857
10.362331385,-0.4944,0.7538,0.0188,0.902
10.364709539,-0.5120,0.7877,0.0067,0.939
10.367412077,-0.5271,0.8197,-0.0061,0.975
10.370106539,-0.5531,0.8559,-0.0088,1.019
10.371812077,-0.5831,0.8830,-0.0210,1.058
10.374449847,-0.6170,0.9059,-0.0237,1.096
10.376809231,-0.6568,0.9323,-0.0408,1.141
10.379134847,-0.7074,0.9616,-0.0508,1.195
10.38155077,-0.7619,0.9886,-0.0606,1.250
10.385905847,-0.8186,1.0012,-0.0652,1.295
10.38651877,-0.8814,1.0091,-0.0740,1.342
10.388695462,-0.9356,1.0125,-0.0906,1.382
10.391142539,-0.9864,1.0128,-0.1151,1.418
10.394272385,-1.0190,1.0122,-0.1239,1.442
10.396000693,-1.0456,1.0154,-0.1583,1.466
10.398448,-1.0458,1.0066,-0.1732,1.462
10.401163077,-1.0324,0.9981,-0.1691,1.446
10.403730539,-0.9960,0.9832,-0.1693,1.410
10.405701616,-0.9386,0.9672,-0.1670,1.358
10.408332693,-0.8709,0.9470,-0.1656,1.297
10.416966231,-0.7991,0.9257,-0.1566,1.233
10.417557847,-0.7221,0.9071,-0.1461,1.169
10.41785877,-0.6430,0.8957,-0.1400,1.111
10.418532385,-0.5650,0.8828,-0.1327,1.056
10.427077847,-0.4802,0.8708,-0.1202,1.002
10.428102539,-0.4028,0.8586,-0.1090,0.955
10.428573,-0.3479,0.8617,-0.0931,0.934
10.429140077,-0.3181,0.8703,-0.0743,0.930
10.429654847,-0.2967,0.8859,-0.0559,0.936
10.433194847,-0.2782,0.9001,-0.0437,0.943
10.435332077,-0.2652,0.9204,-0.0435,0.959
10.43720777,-0.2550,0.9399,-0.0550,0.975
10.439528385,-0.2584,0.9626,-0.0696,0.999
10.442468693,-0.2696,0.9924,-0.0887,1.032
10.444431077,-0.2906,1.0228,-0.1074,1.069
10.446638231,-0.3195,1.0464,-0.1195,1.101
10.449243385,-0.3483,1.0741,-0.1717,1.142
10.452599385,-0.3671,1.0897,-0.2902,1.186
10.453998154,-0.4047,1.1090,-0.3247,1.224
10.456396693,-0.4570,1.1519,-0.2126,1.257
10.458916616,-0.5156,1.1796,-0.1505,1.296
10.461291462,-0.5701,1.2199,-0.1223,1.352
10.463679693,-0.6121,1.2427,-0.1358,1.392
10.466194231,-0.6722,1.2395,-0.2030,1.425
10.46888777,-0.6923,1.2590,-0.2201,1.454
10.470863385,-0.7218,1.2709,-0.2389,1.481
10.473365847,-0.7514,1.2751,-0.2538,1.502
10.475699154,-0.7766,1.2765,-0.2629,1.517
10.477949308,-0.8020,1.2730,-0.2685,1.528
10.480785616,-0.8235,1.2632,-0.2646,1.531
10.483101,-0.8362,1.2483,-0.2538,1.524
10.48586,-0.8496,1.2355,-0.2355,1.518
10.487672693,-0.8580,1.2194,-0.2159,1.507
10.490367385,-0.8634,1.2040,-0.1891,1.494
10.492685847,-0.8646,1.1813,-0.1624,1.473
10.49547477,-0.8618,1.1596,-0.1353,1.451
10.49721077,-0.8567,1.1312,-0.0999,1.423
10.500226539,-0.8440,1.1065,-0.0638,1.393
10.503040693,-0.8331,1.0785,-0.0520,1.364
10.504724693,-0.8093,1.0462,-0.0349,1.323
10.507192385,-0.7812,1.0156,-0.0117,1.281
10.509612308,-0.7465,0.9868,0.0141,1.237
10.511799154,-0.7067,0.9548,0.0405,1.189
10.514317308,-0.6640,0.9252,0.0668,1.141
10.516720385,-0.6195,0.8933,0.0891,1.091
10.523229616,-0.5699,0.8647,0.1038,1.041
10.523909231,-0.5213,0.8325,0.1118,0.989
10.524309616,-0.4729,0.8039,0.1184,0.940
10.531130847,-0.4231,0.7804,0.1204,0.896
10.531653847,-0.3789,0.7535,0.1216,0.852
10.531877539,-0.3312,0.7352,0.1208,0.815
10.534771077,-0.2902,0.7215,0.1157,0.786
10.538071077,-0.2564,0.7163,0.1145,0.769
10.539137539,-0.2268,0.7125,0.1123,0.756
10.541053616,-0.2054,0.7142,0.1125,0.752
10.543584077,-0.1963,0.7200,0.1128,0.755
10.546505539,-0.1868,0.7320,0.1180,0.765
10.548199462,-0.1890,0.7506,0.1233,0.784
10.550532616,-0.1961,0.7687,0.1285,0.804
10.552922231,-0.2081,0.7894,0.1336,0.827
10.555155462,-0.2244,0.8172,0.1369,0.858
10.560391462,-0.2518,0.8505,0.1404,0.898
10.561271077,-0.2706,0.8752,0.1434,0.927
10.562403154,-0.2867,0.9006,0.1369,0.955
10.56518277,-0.2789,0.9257,0.1329,0.976
10.567932385,-0.2918,0.9362,0.1159,0.987
10.569657231,-0.3016,0.9355,0.0977,0.988
10.572184924,-0.3065,0.9301,0.0801,0.983
10.57475877,-0.2960,0.9216,0.0663,0.970
10.576841924,-0.3018,0.9111,0.0510,0.961
10.579550154,-0.3034,0.8998,0.0409,0.950
10.582389616,-0.3009,0.8830,0.0321,0.933
10.584969924,-0.3021,0.8684,0.0204,0.920
10.586736616,-0.2997,0.8517,0.0097,0.903
10.589431077,-0.2918,0.8346,-0.0039,0.884
10.59319577,-0.2826,0.8197,-0.0156,0.867
10.594168616,-0.2729,0.8114,-0.0307,0.857
10.596124924,-0.2596,0.7999,-0.0428,0.842
10.599097847,-0.2457,0.7916,-0.0528,0.831
10.601512077,-0.2228,0.7880,-0.0633,0.821
10.603330847,-0.2007,0.7826,-0.0757,0.811
10.606484385,-0.1744,0.7780,-0.0885,0.802
10.609541847,-0.1514,0.7782,-0.1046,0.800
10.610758231,-0.1275,0.7774,-0.1155,0.796
10.613261924,-0.1040,0.7794,-0.1258,0.796
10.615873847,-0.0796,0.7860,-0.1336,0.801
10.623269539,-0.0610,0.7889,-0.1412,0.804
10.623996693,-0.0409,0.7926,-0.1497,0.808
10.624260693,-0.0288,0.7962,-0.1588,0.812
10.631001231,-0.0221,0.8018,-0.1583,0.818
10.631703462,-0.0219,0.8104,-0.1588,0.826
10.63195477,-0.0248,0.8229,-0.1570,0.838
10.632464,-0.0346,0.8363,-0.1517,0.851
10.63903577,-0.0405,0.8430,-0.1505,0.857
10.639513231,-0.0505,0.8527,-0.1453,0.866
10.639796924,-0.0615,0.8661,-0.1307,0.878
10.642712077,-0.0681,0.8752,-0.1167,0.886
10.644420924,-0.0781,0.8808,-0.1065,0.891
10.647057847,-0.0871,0.8889,-0.0985,0.899
10.649522462,-0.0964,0.8991,-0.0892,0.909
10.652501924,-0.0979,0.9045,-0.0825,0.913
10.654056385,-0.1050,0.9071,-0.0840,0.917
10.658813847,-0.1035,0.9160,-0.0825,0.926
10.659805308,-0.0996,0.9208,-0.0711,0.929
10.661361,-0.0966,0.9257,-0.0569,0.932
10.664008616,-0.0928,0.9353,-0.0435,0.941
10.667310539,-0.0915,0.9483,-0.0354,0.953
10.668593231,-0.0903,0.9595,-0.0335,0.964
10.671045616,-0.0930,0.9729,-0.0340,0.978
10.673568308,-0.0947,0.9886,-0.0347,0.994
10.676517308,-0.0996,1.0056,-0.0410,1.011
10.67858777,-0.0994,1.0191,-0.0538,1.025
10.681257616,-0.1071,1.0394,-0.0493,1.046
10.683643693,-0.1177,1.0575,-0.0461,1.065
10.68541077,-0.1287,1.0674,-0.0461,1.076
10.688136693,-0.1404,1.0799,-0.0484,1.090
10.690629539,-0.1504,1.0906,-0.0491,1.102
10.693285847,-0.1499,1.0958,-0.0571,1.107
10.69522,-0.1413,1.1023,-0.0623,1.113
10.69770277,-0.1418,1.0980,-0.0638,1.109
10.699923154,-0.1397,1.0939,-0.0615,1.104
10.702312616,-0.1416,1.0885,-0.0584,1.099
10.704988077,-0.1411,1.0823,-0.0476,1.093
10.707493,-0.1355,1.0697,-0.0364,1.079
10.709748077,-0.1369,1.0640,-0.0317,1.073
10.712209231,-0.1385,1.0533,-0.0291,1.063
10.714465308,-0.1299,1.0391,-0.0332,1.048
10.7209,-0.1292,1.0217,-0.0371,1.031
10.721609231,-0.1304,1.0063,-0.0445,1.016
10.722184693,-0.1292,0.9939,-0.0550,1.004
10.729275077,-0.1245,0.9790,-0.0650,0.989
10.729932693,-0.1184,0.9599,-0.0764,0.970
10.730103385,-0.1091,0.9367,-0.0885,0.947
10.736169924,-0.1128,0.9140,-0.0931,0.926
10.736855077,-0.1131,0.8940,-0.0997,0.907
10.737046231,-0.1164,0.8654,-0.1127,0.880
10.738423154,-0.1245,0.8405,-0.1226,0.858
10.741848385,-0.1311,0.8192,-0.1334,0.840
10.744233,-0.1413,0.7990,-0.1458,0.824
10.74638677,-0.1658,0.8039,-0.2001,0.845
10.749648,-0.2047,0.8283,-0.2821,0.899
10.750771385,-0.2417,0.8554,-0.3652,0.961
10.753132693,-0.2636,0.8700,-0.4104,0.997
10.756279077,-0.2716,0.8656,-0.3874,0.986
10.758221924,-0.2701,0.8449,-0.4095,0.977
10.760206154,-0.2618,0.8165,-0.5175,1.002
10.762684,-0.2489,0.7731,-0.7624,1.114
10.765591462,-0.2325,0.7368,-1.0273,1.285
10.767888693,-0.2186,0.7386,-1.1977,1.424
10.769811154,-0.2061,0.7978,-1.2243,1.476
10.773032385,-0.1834,0.8905,-1.0661,1.401
10.774851077,-0.1343,0.9968,-0.7205,1.237
10.777225231,-0.0591,1.0967,-0.2436,1.125
10.779660308,0.0276,1.1822,0.1692,1.195
10.782968308,0.1067,1.2421,0.4441,1.323
10.784373231,0.1659,1.3032,0.5492,1.424
10.786965231,0.1654,1.3897,0.5713,1.512
10.789547462,0.1163,1.5134,0.5484,1.614
10.792038847,0.0515,1.6587,0.5496,1.748
10.794170154,0.0310,1.8031,0.5115,1.874
10.796845616,0.0838,1.9152,0.3891,1.956
10.799224077,0.1898,1.9937,0.2184,2.015
10.801134154,0.3252,2.0401,0.0947,2.068
10.803736924,0.3694,2.0931,0.0190,2.125
10.807729539,0.3776,2.1612,0.0087,2.194
10.808673231,0.4016,2.2362,0.0874,2.274
10.810810231,0.4197,2.2988,0.0272,2.337
10.813597231,0.4376,2.3061,-0.0747,2.348
10.821354462,0.4410,2.2979,-0.1211,2.343
10.821880924,0.4410,2.2580,-0.2709,2.317
10.82215877,0.4894,2.1822,-0.3168,2.259
10.828741616,0.5358,2.0862,-0.3764,2.187
10.82918777,0.6389,1.9678,-0.3317,2.095
10.829361,0.7637,1.8735,-0.1534,2.029
10.830100077,0.7882,1.7845,-0.1297,1.955
10.837755385,0.9145,1.7207,0.1120,1.952
10.838405539,1.0605,1.6970,0.5254,2.069
10.838766847,1.1038,1.7259,0.8667,2.224
10.840933231,1.0752,1.7775,1.0505,2.328
10.842078847,1.0212,1.8129,1.0421,2.327
10.844897539,0.9525,1.8202,0.9105,2.247
10.848352924,0.8827,1.7896,0.7964,2.148
10.849628924,0.8178,1.7510,0.7448,2.071
10.852379385,0.7290,1.7222,0.6119,1.968
10.854717924,0.6032,1.7009,0.4290,1.855
10.857141616,0.4605,1.6523,0.2755,1.737
10.859083693,0.2974,1.5949,0.2022,1.635
10.861530539,0.1312,1.5395,0.1776,1.555
10.865312077,-0.0018,1.4703,0.1727,1.480
10.867120616,-0.0742,1.3973,0.1902,1.412
10.869077539,-0.1006,1.3166,0.1578,1.330
10.871517847,-0.1208,1.2365,0.0642,1.244
10.873897847,-0.1240,1.1552,-0.0323,1.162
10.876568,-0.1378,1.0750,-0.1549,1.095
10.878776,-0.1546,0.9853,-0.2851,1.037
10.881855462,-0.2079,0.9101,-0.3510,0.997
10.883391077,-0.2569,0.8383,-0.4172,0.971
10.885676,-0.2789,0.7664,-0.4591,0.936
10.888092924,-0.3268,0.7122,-0.4917,0.925
10.890776,-0.3029,0.6570,-0.4957,0.877
10.892978231,-0.2841,0.5982,-0.5257,0.846
10.895904077,-0.2980,0.5563,-0.5956,0.868
10.897546847,-0.3339,0.5414,-0.6559,0.914
10.900017308,-0.4448,0.5614,-0.6557,0.971
10.902895077,-0.5338,0.5925,-0.7172,1.073
10.905152308,-0.6356,0.6333,-0.8003,1.202
10.907582847,-0.7721,0.6890,-0.8370,1.331
10.910161924,-0.9293,0.7575,-0.8138,1.449
10.912681616,-1.1052,0.8402,-0.7717,1.588
10.918420616,-1.3004,0.9297,-0.6841,1.739
10.919476924,-1.5305,1.0249,-0.5729,1.929
10.919796693,-1.7262,1.1023,-0.4524,2.098
10.926127077,-1.8785,1.1568,-0.3408,2.232
10.927033616,-1.9669,1.1813,-0.2707,2.310
10.927276616,-1.9789,1.1826,-0.2518,2.319
10.929167693,-1.9146,1.1547,-0.2858,2.254
10.936113924,-1.8071,1.1234,-0.3366,2.154
10.937037,-1.6710,1.0843,-0.3718,2.026
10.937665539,-1.5205,1.0396,-0.3994,1.885
10.939928077,-1.3566,0.9973,-0.3913,1.729
10.940994231,-1.1914,0.9607,-0.3491,1.570
10.94361977,-1.0358,0.9473,-0.2802,1.431
10.946078539,-0.9034,0.9465,-0.1994,1.324
10.948594462,-0.7851,0.9553,-0.1232,1.243
10.950712077,-0.6855,0.9599,-0.0759,1.182
10.953718231,-0.6004,0.9668,-0.0626,1.140
10.956581847,-0.5350,0.9724,-0.0784,1.113
10.958156,-0.4849,0.9837,-0.1209,1.103
10.960725539,-0.4485,0.9970,-0.1830,1.108
10.963437847,-0.4211,1.0061,-0.2482,1.119
10.965284308,-0.3984,1.0196,-0.3093,1.138
10.967883693,-0.3761,1.0333,-0.3638,1.158
10.970148924,-0.3610,1.0474,-0.4151,1.183
10.972609539,-0.3473,1.0615,-0.4517,1.205
10.974928616,-0.3297,1.0697,-0.4717,1.215
10.977485539,-0.3063,1.0723,-0.4742,1.212
10.979796693,-0.2636,1.0624,-0.4766,1.194
10.98209477,-0.2179,1.0533,-0.4153,1.153
10.984582231,-0.1890,1.0624,-0.3235,1.126
10.987191077,-0.1565,1.0757,-0.2472,1.115
10.98943477,-0.1411,1.0801,-0.1945,1.107
10.991800385,-0.1169,1.0843,-0.1556,1.102
10.994314154,-0.0945,1.0860,-0.1162,1.096
10.997503462,-0.0688,1.0846,-0.0750,1.089
10.999127077,-0.0817,1.0927,-0.0620,1.097
11.001526231,-0.0961,1.0927,-0.0582,1.098
11.003981924,-0.0928,1.0936,-0.0566,1.099
11.006308924,-0.1150,1.1004,-0.0745,1.109
11.008788693,-0.1326,1.0962,-0.1060,1.109
11.011535077,-0.1534,1.0850,-0.1302,1.103
11.013919154,-0.1819,1.0780,-0.1474,1.103
11.015985616,-0.2061,1.0596,-0.1595,1.091
11.018669,-0.2256,1.0479,-0.1586,1.084
11.024372616,-0.2401,1.0310,-0.1437,1.068
11.025529847,-0.2477,1.0154,-0.1324,1.054
11.026233,-0.2518,0.9995,-0.1246,1.038
11.028824924,-0.2520,0.9839,-0.1185,1.023
11.032448385,-0.2543,0.9658,-0.1158,1.005
11.033099385,-0.2559,0.9555,-0.1221,0.997
11.035211077,-0.2508,0.9343,-0.1290,0.976
11.040717924,-0.2479,0.9155,-0.1453,0.960
11.041220308,-0.2382,0.8922,-0.1637,0.938
11.042225539,-0.2335,0.8717,-0.1823,0.921
11.044924924,-0.2281,0.8544,-0.1793,0.902
11.047250462,-0.2224,0.8390,-0.1776,0.886
11.049593539,-0.2124,0.8305,-0.1768,0.875
11.052080924,-0.2039,0.8165,-0.1779,0.860
11.054934847,-0.1924,0.8067,-0.1740,0.847
11.056968924,-0.1839,0.8006,-0.1686,0.839
11.059500924,-0.1744,0.7978,-0.1530,0.831
11.063285539,-0.1688,0.8004,-0.1393,0.830
11.063976924,-0.1587,0.8085,-0.1251,0.833
11.066945,-0.1514,0.8170,-0.1167,0.839
11.069404616,-0.1453,0.8248,-0.1080,0.844
11.071856693,-0.1333,0.8365,-0.1024,0.853
11.074007462,-0.1228,0.8449,-0.1062,0.860
11.076418539,-0.1108,0.8583,-0.1187,0.873
11.079925847,-0.0971,0.8691,-0.1263,0.884
11.081050539,-0.0817,0.8766,-0.1388,0.891
11.083350462,-0.0644,0.8852,-0.1512,0.900
11.085894462,-0.0442,0.8889,-0.1605,0.904
11.088414231,-0.0192,0.8940,-0.1798,0.912
11.090728385,0.0090,0.8864,-0.2064,0.910
11.09335177,0.0312,0.8884,-0.1971,0.911
11.096448616,0.0540,0.8962,-0.1903,0.918
11.097932308,0.0750,0.9010,-0.1847,0.923
11.100277,0.0926,0.9050,-0.1815,0.928
11.103061308,0.1111,0.9045,-0.1837,0.930
11.105545231,0.1324,0.9062,-0.1922,0.936
11.107625308,0.1507,0.9091,-0.1969,0.942
11.110716924,0.1644,0.9152,-0.2025,0.952
11.117832,0.1871,0.9213,-0.2045,0.962
11.118711462,0.2038,0.9241,-0.2084,0.969
11.119184616,0.2206,0.9282,-0.2126,0.977
11.119870154,0.2360,0.9333,-0.2189,0.987
11.126429616,0.2502,0.9390,-0.2271,0.998
11.126844385,0.2619,0.9426,-0.2336,1.006
11.127022847,0.2729,0.9506,-0.2267,1.015
11.13389177,0.2802,0.9621,-0.2108,1.024
11.134358231,0.2876,0.9697,-0.1935,1.030
11.134704924,0.2893,0.9739,-0.1796,1.032
11.137569231,0.2886,0.9861,-0.1781,1.043
11.138940077,0.2886,0.9926,-0.1800,1.049
11.141305539,0.2878,0.9975,-0.1830,1.054
11.143744924,0.2807,0.9995,-0.1842,1.054
11.146466154,0.2729,0.9986,-0.1833,1.051
11.148632308,0.2583,0.9954,-0.1771,1.044
11.151743154,0.2392,0.9876,-0.1719,1.031
11.154321,0.2099,0.9853,-0.1717,1.022
11.156421,0.1754,0.9800,-0.1700,1.010
11.158345616,0.1388,0.9760,-0.1683,1.000
11.16059977,0.1021,0.9744,-0.1637,0.993
11.163037847,0.0699,0.9678,-0.1554,0.983
11.165557847,0.0461,0.9576,-0.1439,0.969
11.168423462,0.0266,0.9483,-0.1307,0.958
11.170867693,0.0110,0.9378,-0.1136,0.945
11.172872077,0.0044,0.9260,-0.0953,0.931
11.175871462,-0.0002,0.9155,-0.0750,0.919
11.17758677,-0.0034,0.9003,-0.0525,0.902
11.180208693,-0.0070,0.8879,-0.0332,0.889
11.182600308,-0.0190,0.8740,-0.0203,0.874
11.18486377,-0.0324,0.8554,-0.0195,0.856
11.187247154,-0.0534,0.8393,-0.0244,0.841
11.189578847,-0.0837,0.8216,-0.0300,0.826
11.192310847,-0.1252,0.8067,-0.0361,0.817
11.195481,-0.1704,0.7943,-0.0491,0.814
11.196757,-0.2130,0.7757,-0.0728,0.808
11.199268385,-0.2603,0.7545,-0.0908,0.803
11.201629924,-0.2978,0.7340,-0.0999,0.798
11.20433077,-0.3386,0.7156,-0.1114,0.799
11.207111077,-0.3789,0.6958,-0.1239,0.802
11.209194154,-0.4223,0.6825,-0.1280,0.813
11.216591077,-0.4729,0.6732,-0.1309,0.833
11.217197,-0.5201,0.6695,-0.1365,0.859
11.217669231,-0.5677,0.6699,-0.1356,0.888
11.223578462,-0.6109,0.6724,-0.1393,0.919
11.224085616,-0.6368,0.6767,-0.1434,0.940
11.224328924,-0.6503,0.6849,-0.1381,0.954
11.226459693,-0.6496,0.6973,-0.1258,0.961
11.23287177,-0.6330,0.7114,-0.1153,0.959
11.233493231,-0.6060,0.7273,-0.1053,0.953
11.233763693,-0.5667,0.7494,-0.0931,0.944
11.236653616,-0.5193,0.7769,-0.0774,0.938
11.243913539,-0.4660,0.8067,-0.0613,0.934
11.244718154,-0.4084,0.8368,-0.0522,0.933
11.245531077,-0.3470,0.8710,-0.0433,0.939
11.246248,-0.2767,0.9071,-0.0442,0.949
11.247657308,-0.2019,0.9402,-0.0522,0.963
11.250254462,-0.1316,0.9785,-0.0752,0.990
11.252152693,-0.0661,1.0184,-0.1097,1.026
11.254413308,-0.0060,1.0518,-0.1451,1.062
11.257117847,0.0513,1.0897,-0.1871,1.107
11.259693308,0.0987,1.1190,-0.2343,1.148
11.26167077,0.1381,1.1473,-0.2751,1.188
11.264308,0.1676,1.1656,-0.3171,1.220
11.266977231,0.1815,1.1784,-0.3584,1.245
11.26924777,0.1824,1.1786,-0.4018,1.258
11.271382847,0.1656,1.1701,-0.4434,1.262
11.273788616,0.1304,1.1517,-0.4864,1.257
11.27641577,0.0774,1.1200,-0.5201,1.237
11.278722539,0.0066,1.0733,-0.5323,1.198
11.281051154,-0.0820,1.0228,-0.5243,1.152
11.284057539,-0.1725,0.9709,-0.4906,1.101
11.286133539,-0.2782,0.9176,-0.4461,1.058
11.288206462,-0.3901,0.8724,-0.3929,1.033
11.291130462,-0.4917,0.8083,-0.3333,1.003
11.294207077,-0.5860,0.7518,-0.2804,0.994
11.295480924,-0.6659,0.6926,-0.2336,0.989
11.297926847,-0.7423,0.6364,-0.1959,0.997
11.300622539,-0.8157,0.5847,-0.1679,1.018
11.302987385,-0.8721,0.5292,-0.1554,1.032
11.305201,-0.9307,0.4767,-0.1427,1.055
11.307778847,-0.9738,0.4259,-0.1255,1.070
11.314530231,-1.0073,0.3658,-0.1327,1.080
11.315241539,-1.0251,0.3071,-0.1458,1.080
11.315650462,-1.0568,0.2529,-0.1598,1.098
11.317567462,-1.1086,0.2072,-0.1940,1.144
11.321139462,-1.1560,0.1659,-0.2182,1.188
11.322073231,-1.1941,0.1400,-0.2175,1.222
11.324688,-1.2122,0.1302,-0.1920,1.234
11.329901231,-1.2132,0.1459,-0.1407,1.230
11.330246154,-1.2000,0.1911,-0.1097,1.220
11.332562847,-1.1587,0.2602,-0.0836,1.190
11.334245308,-1.0886,0.3497,-0.0669,1.145
11.336678539,-0.9972,0.4622,-0.0332,1.100
11.338922231,-0.9012,0.5793,-0.0032,1.071
11.341625231,-0.7932,0.6981,-0.0114,1.057
11.343993539,-0.6869,0.8095,-0.0569,1.063
11.346189308,-0.5760,0.9120,-0.1187,1.085
11.348876616,-0.4583,0.9981,-0.1695,1.111
11.351935154,-0.3673,1.0858,-0.2033,1.164
11.35352277,-0.2743,1.1419,-0.2162,1.194
11.356114462,-0.1881,1.1390,-0.2336,1.178
11.358449847,-0.1174,1.0792,-0.2487,1.114
11.36074,-0.0703,0.9746,-0.2560,1.010
11.363342462,-0.0495,0.8273,-0.2739,0.873
11.365736385,-0.0684,0.6663,-0.3081,0.737
11.368460077,-0.1248,0.5048,-0.3518,0.628
11.370335385,-0.2175,0.3763,-0.3885,0.583
11.373072616,-0.3486,0.2968,-0.4153,0.618
11.375593308,-0.4932,0.2824,-0.4051,0.698
11.377764693,-0.6386,0.3355,-0.3589,0.806
11.38021477,-0.7639,0.4577,-0.2814,0.934
11.38266377,-0.8704,0.6492,-0.2045,1.105
11.385047693,-0.9569,0.8947,-0.1476,1.318
11.387291385,-1.0104,1.1754,-0.1258,1.555
11.390139385,-1.0419,1.4628,-0.1353,1.801
11.392501231,-1.0463,1.7489,-0.1761,2.046
11.394741539,-1.0255,2.0124,-0.2264,2.270
11.397008,-0.9850,2.2460,-0.2562,2.466
11.402156077,-0.9379,2.4400,-0.2827,2.629
11.403745539,-0.8714,2.5727,-0.3030,2.733
11.404716693,-0.7856,2.6445,-0.2983,2.775
11.406912616,-0.6828,2.6601,-0.2753,2.760
11.408921847,-0.5706,2.6325,-0.2646,2.707
11.411433539,-0.4607,2.5702,-0.2704,2.625
11.41413977,-0.3547,2.4822,-0.2998,2.525
11.41637177,-0.2611,2.3765,-0.3628,2.418
11.422821308,-0.1886,2.2737,-0.4155,2.319
11.423515077,-0.1450,2.1808,-0.4712,2.236
11.423996077,-0.1425,2.1026,-0.5123,2.169
11.429322539,-0.1746,2.0535,-0.4989,2.120
11.430000308,-0.2256,2.0252,-0.4774,2.093
11.43067977,-0.3002,2.0166,-0.4774,2.094
11.433239154,-0.3886,2.0154,-0.4861,2.109
11.437746231,-0.4707,2.0112,-0.4871,2.122
11.438132308,-0.5480,1.9930,-0.4722,2.120
11.440656616,-0.6170,1.9548,-0.4226,2.093
11.443019385,-0.6705,1.9040,-0.3582,2.050
11.445128924,-0.7143,1.8434,-0.2970,1.999
11.447892385,-0.7509,1.7689,-0.2416,1.937
11.450078539,-0.7758,1.6916,-0.1930,1.871
11.452308077,-0.7935,1.6105,-0.1512,1.802
11.454957,-0.8052,1.5221,-0.1288,1.727
11.457426462,-0.8061,1.4322,-0.1197,1.648
11.459893231,-0.8037,1.3335,-0.1267,1.562
11.462269231,-0.8028,1.2355,-0.1402,1.480
11.464817308,-0.7891,1.1314,-0.1544,1.388
11.467480077,-0.7693,1.0386,-0.1635,1.303
11.469348308,-0.7488,0.9441,-0.1712,1.217
11.471644308,-0.7370,0.8649,-0.1710,1.149
11.474339077,-0.7387,0.7980,-0.1747,1.101
11.476879462,-0.7453,0.7459,-0.1707,1.068
11.478964077,-0.7553,0.7037,-0.1583,1.044
11.48141077,-0.7624,0.6621,-0.1481,1.021
11.484180924,-0.7565,0.6057,-0.1336,0.978
11.486121924,-0.7500,0.5558,-0.1041,0.939
11.488573231,-0.7423,0.5065,-0.0745,0.902
11.492329231,-0.7292,0.4606,-0.0860,0.867
11.493609616,-0.7125,0.4176,-0.1285,0.836
11.495892924,-0.6940,0.3839,-0.1441,0.806
11.499094154,-0.6640,0.3411,-0.2098,0.775
11.501037924,-0.6276,0.2952,-0.2609,0.741
11.503299385,-0.5880,0.2458,-0.2741,0.694
11.506004693,-0.5629,0.1903,-0.2716,0.653
11.508069,-0.5489,0.1305,-0.2648,0.623
11.510729924,-0.5580,0.0699,-0.2531,0.617
11.513979462,-0.5858,0.0161,-0.2122,0.623
11.516234847,-0.6363,-0.0299,-0.1600,0.657
11.523124616,-0.6999,-0.0778,-0.1324,0.717
11.523988924,-0.7634,-0.1215,-0.1784,0.793
11.524230539,-0.8233,-0.1711,-0.2377,0.874
11.524906154,-0.8741,-0.2268,-0.2917,0.949
11.530812,-0.9039,-0.2903,-0.3284,1.005
11.531757616,-0.9210,-0.3527,-0.3498,1.046
11.532420924,-0.9151,-0.4196,-0.3689,1.072
11.539075077,-0.8863,-0.4892,-0.3675,1.077
11.540017308,-0.8269,-0.5535,-0.3193,1.045
11.540433539,-0.7383,-0.6111,-0.2271,0.985
11.542303154,-0.6496,-0.6698,-0.1172,0.940
11.543921231,-0.5601,-0.7101,0.0055,0.904
11.546656385,-0.4409,-0.7352,0.1297,0.867
11.548785,-0.3212,-0.7445,0.2203,0.840
11.55128,-0.2249,-0.7240,0.2655,0.803
11.553734154,-0.1392,-0.6808,0.2499,0.738
11.558752,-0.0744,-0.6150,0.2264,0.660
11.559574462,-0.0241,-0.5249,0.1939,0.560
11.561134539,-0.0002,-0.4243,0.1067,0.438
11.563519462,0.0021,-0.3206,0.0619,0.327
11.567037539,-0.0090,-0.2158,0.0183,0.217
11.568170231,-0.0285,-0.1193,-0.0457,0.131
11.570640924,-0.0421,-0.0321,-0.0969,0.110
11.573181924,-0.0544,0.0382,-0.1370,0.152
11.575599693,-0.0737,0.1132,-0.1639,0.212
11.577772693,-0.1022,0.1857,-0.1910,0.285
11.580361,-0.1240,0.2497,-0.2250,0.358
11.583027077,-0.1431,0.3096,-0.2308,0.412
11.585167154,-0.1616,0.3665,-0.2274,0.461
11.588297231,-0.1802,0.4095,-0.2220,0.499
11.591808308,-0.2039,0.4410,-0.2280,0.537
11.59303977,-0.2264,0.4626,-0.2475,0.571
11.594878847,-0.2469,0.4722,-0.2797,0.602
11.59751177,-0.2692,0.4738,-0.3023,0.623
11.599861847,-0.2934,0.4708,-0.2988,0.630
11.602330231,-0.3214,0.4711,-0.2699,0.631
11.604857308,-0.3505,0.4706,-0.2323,0.631
11.606813231,-0.3769,0.4735,-0.1947,0.636
11.609529,-0.4020,0.4759,-0.1654,0.645
11.611989924,-0.4213,0.4820,-0.1521,0.658
11.614184616,-0.4301,0.4855,-0.1470,0.665
11.621108693,-0.4423,0.4955,-0.1353,0.678
11.621792693,-0.4472,0.4992,-0.1139,0.680
11.622047154,-0.4497,0.5104,-0.0799,0.685
11.627467077,-0.4548,0.5219,-0.0349,0.693
11.628286231,-0.4619,0.5300,0.0078,0.703
11.628539693,-0.4717,0.5449,0.0478,0.722
11.630807154,-0.4786,0.5524,0.0717,0.734
11.636608308,-0.4751,0.5570,0.0764,0.736
11.637007693,-0.4653,0.5576,0.0715,0.730
11.638269231,-0.4451,0.5563,0.0579,0.715
11.640439077,-0.4370,0.5549,0.0351,0.707
11.642970231,-0.4551,0.5404,-0.0261,0.707
11.645696308,-0.4732,0.5311,-0.0818,0.716
11.648035462,-0.4092,0.5376,0.0353,0.676
11.650443077,-0.3749,0.5542,0.0866,0.675
11.652748077,-0.3635,0.5661,-0.0034,0.673
11.655244693,-0.3561,0.5817,-0.0566,0.684
11.657563154,-0.3481,0.5896,-0.1058,0.693
11.659889539,-0.3454,0.6042,-0.1416,0.710
11.662340693,-0.3446,0.6250,-0.1532,0.730
11.665593847,-0.3507,0.6523,-0.1570,0.757
11.667421616,-0.3717,0.6858,-0.1763,0.800
11.669479462,-0.3918,0.7156,-0.1954,0.839
11.672159077,-0.4199,0.7405,-0.2184,0.879
11.674426462,-0.4539,0.7676,-0.2323,0.922
11.677368077,-0.4922,0.7990,-0.2399,0.969
11.679554154,-0.5387,0.8239,-0.2436,1.014
11.682179693,-0.5916,0.8568,-0.2426,1.069
11.683874847,-0.6447,0.8871,-0.2387,1.122
11.686785539,-0.6928,0.9071,-0.2343,1.165
11.688892924,-0.7416,0.9348,-0.2413,1.217
11.691182154,-0.7932,0.9599,-0.2534,1.271
11.693798847,-0.8403,0.9870,-0.2611,1.322
11.698909539,-0.8739,1.0042,-0.2690,1.358
11.69977577,-0.8951,1.0179,-0.2765,1.383
11.700892924,-0.9026,1.0266,-0.2881,1.397
11.703395077,-0.8946,1.0342,-0.3024,1.400
11.705769001,-0.8660,1.0330,-0.3191,1.385
11.708066462,-0.8257,1.0359,-0.3386,1.367
11.710937616,-0.7758,1.0371,-0.3554,1.343
11.713274539,-0.7241,1.0345,-0.3599,1.313
11.715624693,-0.6664,1.0296,-0.3599,1.278
11.71776677,-0.6100,1.0266,-0.3522,1.245
11.720817539,-0.5596,1.0257,-0.3364,1.216
11.722800001,-0.5115,1.0230,-0.3191,1.187
11.728677924,-0.4651,1.0271,-0.2961,1.166
11.729360077,-0.4231,1.0303,-0.2732,1.147
11.731395462,-0.3864,1.0371,-0.2509,1.135
11.738607077,-0.3554,1.0508,-0.2248,1.132
11.739244616,-0.3258,1.0638,-0.1994,1.130
11.739441308,-0.3031,1.0729,-0.1788,1.129
11.73973077,-0.2869,1.0894,-0.1549,1.137
11.741688693,-0.2782,1.1070,-0.1397,1.150
11.745318847,-0.2731,1.1258,-0.1185,1.164
11.746604001,-0.2713,1.1414,-0.1082,1.178
11.748908385,-0.2769,1.1556,-0.1263,1.195
11.752377539,-0.2873,1.1689,-0.1710,1.216
11.754415693,-0.3055,1.1850,-0.2145,1.242
11.756415385,-0.3277,1.1906,-0.2438,1.259
11.758601539,-0.3563,1.1987,-0.2719,1.280
11.761403462,-0.3845,1.2015,-0.2981,1.296
11.764768001,-0.4204,1.2018,-0.3176,1.312
11.765854847,-0.4548,1.2013,-0.3354,1.328
11.768369847,-0.4891,1.1989,-0.3520,1.342
11.770984616,-0.5222,1.1957,-0.3584,1.353
11.773275385,-0.5482,1.1922,-0.3589,1.360
11.775515154,-0.5734,1.1882,-0.3494,1.365
11.778077001,-0.5955,1.1906,-0.3379,1.373
11.781620385,-0.6263,1.1903,-0.3205,1.383
11.782888924,-0.6512,1.1935,-0.2970,1.392
11.785157924,-0.6738,1.1969,-0.2809,1.402
11.787772001,-0.6962,1.1962,-0.2653,1.409
11.78994777,-0.7145,1.2011,-0.2555,1.421
11.792772308,-0.7285,1.1987,-0.2445,1.424
11.794989924,-0.7387,1.1871,-0.2316,1.417
11.797570539,-0.7363,1.1745,-0.2164,1.403
11.799702539,-0.7334,1.1563,-0.1996,1.384
11.802275385,-0.7285,1.1358,-0.1791,1.361
11.804693001,-0.7165,1.1100,-0.1617,1.331
11.807099462,-0.7016,1.0745,-0.1570,1.293
11.810125231,-0.6911,1.0394,-0.1524,1.257
11.812191154,-0.6784,1.0015,-0.1474,1.219
11.818809847,-0.6586,0.9609,-0.1353,1.173
11.81959577,-0.6375,0.9297,-0.1236,1.134
11.819980924,-0.6100,0.8979,-0.1106,1.091
11.824456385,-0.5804,0.8663,-0.0953,1.047
11.825109539,-0.5480,0.8370,-0.0857,1.004
11.826137924,-0.5096,0.8163,-0.0780,0.965
11.828808001,-0.4734,0.7953,-0.0694,0.928
11.833925308,-0.4331,0.7772,-0.0631,0.892
11.834965616,-0.3898,0.7628,-0.0586,0.859
11.836050847,-0.3458,0.7564,-0.0484,0.833
11.838756077,-0.3083,0.7533,-0.0415,0.815
11.840693231,-0.2764,0.7510,-0.0364,0.801
11.843210539,-0.2491,0.7611,-0.0303,0.801
11.845661924,-0.2284,0.7818,-0.0156,0.815
11.847817308,-0.2205,0.8099,-0.0075,0.839
11.850352693,-0.2168,0.8432,-0.0014,0.871
11.85274777,-0.2156,0.8784,0.0039,0.904
11.855445308,-0.2196,0.9115,0.0078,0.938
11.857549231,-0.2222,0.9487,0.0095,0.974
11.860548924,-0.2083,0.9868,0.0043,1.009
11.863984616,-0.2315,1.0093,0.0021,1.036
11.864773847,-0.2650,1.0200,-0.0105,1.054
11.867202154,-0.2972,1.0259,-0.0168,1.068
11.870338154,-0.3263,1.0257,-0.0239,1.077
11.872526539,-0.3483,1.0179,-0.0242,1.076
11.87444277,-0.3681,0.9983,-0.0207,1.064
11.87711877,-0.3813,0.9739,-0.0119,1.046
11.88036777,-0.3864,0.9446,0.0046,1.021
11.881637308,-0.3896,0.9108,0.0195,0.991
11.884151077,-0.3817,0.8766,0.0378,0.957
11.886931077,-0.3720,0.8405,0.0481,0.920
11.889179385,-0.3608,0.8053,0.0570,0.884
11.89167877,-0.3481,0.7745,0.0698,0.852
11.894073924,-0.3422,0.7461,0.0724,0.824
11.897397539,-0.3312,0.7156,0.0720,0.792
11.898636077,-0.3234,0.6975,0.0691,0.772
11.901448385,-0.3102,0.6893,0.0605,0.758
11.904033847,-0.2923,0.6872,0.0507,0.749
11.906431462,-0.2764,0.6876,0.0383,0.742
11.908381616,-0.2574,0.6919,0.0234,0.739
11.911136385,-0.2364,0.6988,0.0075,0.738
11.913290231,-0.2168,0.7110,-0.0061,0.743
11.915645308,-0.1939,0.7254,-0.0137,0.751
11.917985924,-0.1721,0.7359,-0.0244,0.756
11.926422539,-0.1526,0.7469,-0.0312,0.763
11.927139462,-0.1306,0.7615,-0.0354,0.773
11.927700077,-0.1084,0.7792,-0.0354,0.787
11.928089616,-0.0842,0.7909,-0.0344,0.796
11.935350539,-0.0568,0.8058,-0.0371,0.809
11.93593877,-0.0297,0.8190,-0.0298,0.820
11.936542231,-0.0055,0.8276,-0.0198,0.828
11.936998154,0.0142,0.8400,-0.0090,0.840
11.941895385,0.0230,0.8493,-0.0026,0.850
11.942489847,0.0239,0.8651,0.0050,0.865
11.944595693,0.0183,0.8766,0.0083,0.877
11.947092616,0.0068,0.8922,0.0080,0.892
11.949292693,-0.0036,0.9033,0.0046,0.903
11.951828385,-0.0214,0.9148,-0.0034,0.915
11.954726847,-0.0397,0.9272,-0.0073,0.928
11.956546154,-0.0591,0.9397,-0.0139,0.942
11.959104693,-0.0766,0.9450,-0.0146,0.948
11.961464616,-0.0961,0.9539,-0.0198,0.959
11.963901231,-0.1131,0.9604,-0.0205,0.967
11.966213001,-0.1350,0.9707,-0.0168,0.980
11.968792693,-0.1494,0.9788,-0.0163,0.990
11.971161001,-0.1660,0.9827,-0.0102,0.997
11.973351077,-0.1739,0.9812,-0.0063,0.997
11.976053308,-0.1821,0.9790,0.0018,0.996
11.979484924,-0.1895,0.9781,0.0062,0.996
11.980653616,-0.1976,0.9812,0.0119,1.001
11.983060308,-0.2079,0.9785,0.0173,1.000
11.985539693,-0.2144,0.9746,0.0307,0.998
11.987966154,-0.2259,0.9697,0.0490,0.997
11.990597231,-0.2345,0.9623,0.0715,0.993
11.992790847,-0.2489,0.9509,0.0933,0.987
11.995929231,-0.2640,0.9404,0.1157,0.984
11.998158847,-0.2797,0.9264,0.1369,0.977
12.000117847,-0.2987,0.9115,0.1572,0.972
12.002412616,-0.3200,0.8998,0.1778,0.971
12.004884077,-0.3444,0.8857,0.1983,0.971
12.007054462,-0.3730,0.8824,0.2100,0.981
12.00993977,-0.4192,0.9160,0.1886,1.025
12.016867462,-0.4774,0.9597,0.1367,1.081
12.017732385,-0.5320,0.9981,0.0610,1.133
12.018005001,-0.5685,1.0030,0.0346,1.153
12.020374231,-0.5970,0.9923,0.0405,1.159
12.023525616,-0.6293,0.9688,-0.0391,1.156
12.024248616,-0.6764,0.9277,-0.2248,1.170
12.027947693,-0.7548,0.8801,-0.5143,1.268
12.032110154,-0.8613,0.8500,-0.7784,1.439
12.032694462,-0.9975,0.8828,-0.8719,1.592
12.033588693,-1.1010,0.9527,-0.8576,1.690
12.036885001,-1.1352,1.0115,-0.9415,1.788
12.038300693,-1.1110,1.0701,-1.0270,1.853
12.040998154,-1.0551,1.1195,-1.0000,1.835
12.043585308,-1.0123,1.2441,-0.7833,1.785
12.046634231,-0.9820,1.3713,-0.6724,1.816
12.04857077,-0.9808,1.3916,-0.6951,1.839
12.050741308,-1.0185,1.4036,-0.5658,1.824
12.053325231,-0.9323,1.3895,-0.4793,1.741
12.055449616,-0.6137,1.3455,-0.3156,1.512
12.058180924,-0.1365,1.2786,-0.1710,1.297
12.060522847,0.3349,1.2560,-0.1024,1.304
12.063697924,0.8099,1.3108,0.1071,1.545
12.06539077,1.2206,1.4512,0.6461,2.003
12.068032077,1.4046,1.6049,1.3016,2.499
12.070477539,1.3598,1.8001,1.4951,2.706
12.072493847,1.1400,2.0345,1.4502,2.746
12.074671693,0.8182,2.2123,0.9078,2.527
12.077979077,0.5020,2.3298,-0.0242,2.383
12.080318154,0.2285,2.3990,-1.0004,2.609
12.082078539,-0.0211,2.4505,-1.7568,3.015
12.084416001,-0.1443,2.4447,-2.0522,3.195
12.087597616,-0.1895,2.3782,-1.9885,3.106
12.090075154,-0.1599,2.2702,-1.6219,2.795
12.092122462,-0.0307,2.1640,-0.8267,2.317
12.094035462,0.2313,2.0897,0.0854,2.104
12.096427693,0.3953,2.1080,0.9344,2.339
12.098818462,0.6401,2.1070,1.5063,2.668
12.101320385,0.8472,2.0862,1.7341,2.842
12.103849539,0.9313,2.0689,1.7226,2.849
12.106014231,0.9623,2.1055,1.4224,2.717
12.108864385,0.9616,2.1644,1.1723,2.643
12.11531477,0.9296,2.2052,0.9989,2.593
12.116210231,0.8915,2.2450,0.8932,2.575
12.116722231,0.8709,2.2629,0.7062,2.525
12.118617539,0.8674,2.2367,0.4136,2.434
12.122973308,0.8749,2.1502,0.0688,2.322
12.123356001,0.8779,1.9939,-0.2462,2.192
12.126458462,0.8548,1.7860,-0.5126,2.045
12.130707385,0.8187,1.5661,-0.6613,1.887
12.131113308,0.7368,1.3580,-0.7212,1.705
12.133426231,0.6315,1.1773,-0.6780,1.498
12.135306154,0.5087,1.0326,-0.6054,1.301
12.137493001,0.3652,0.9267,-0.5080,1.118
12.140092077,0.2126,0.8451,-0.4212,0.968
12.142320308,0.0508,0.7934,-0.3960,0.888
12.144757847,-0.1365,0.7794,-0.4386,0.905
12.147727154,-0.3363,0.7831,-0.5294,1.003
12.149547154,-0.5156,0.7992,-0.5681,1.108
12.15270677,-0.6766,0.8281,-0.6455,1.249
12.154271462,-0.8182,0.8327,-0.7205,1.372
12.156685847,-0.9105,0.8248,-0.7608,1.445
12.15951177,-0.9566,0.8341,-0.6806,1.440
12.161556077,-1.0521,0.8488,-0.6909,1.518
12.163999693,-1.1797,0.8426,-0.6980,1.609
12.166517847,-1.3358,0.8300,-0.7034,1.723
12.169434539,-1.5261,0.8312,-0.6459,1.854
12.171275693,-1.7301,0.8055,-0.6108,2.004
12.173684924,-1.9798,0.8023,-0.5558,2.207
12.175881001,-2.2051,0.7913,-0.4640,2.388
12.178349924,-2.4140,0.7728,-0.3931,2.565
12.180907154,-2.6111,0.7474,-0.4134,2.747
12.185517616,-2.7536,0.7205,-0.4535,2.882
12.186683077,-2.8168,0.6965,-0.4317,2.934
12.188102847,-2.7832,0.6494,-0.3950,2.885
12.190720077,-2.6583,0.6133,-0.3357,2.749
12.193943462,-2.4594,0.5947,-0.2372,2.541
12.195081308,-2.2237,0.6255,-0.1246,2.313
12.197665231,-1.9818,0.6792,-0.0032,2.095
12.200258231,-1.7426,0.7335,0.1236,1.895
12.202722462,-1.5289,0.7862,0.2328,1.735
12.205048077,-1.3381,0.8346,0.3193,1.609
12.207949231,-1.1702,0.8752,0.3761,1.509
12.210329847,-1.0231,0.9077,0.3887,1.422
12.212188693,-0.8907,0.9309,0.3630,1.339
12.214598847,-0.7798,0.9619,0.3334,1.282
12.217420924,-0.6726,0.9853,0.2364,1.216
12.224580308,-0.5382,0.9949,0.1336,1.139
12.225425847,-0.3586,0.9895,0.0332,1.053
12.225845308,-0.1692,0.9846,-0.0911,1.003
12.22742777,-0.0453,0.9924,-0.1647,1.007
12.229134154,-0.0381,1.0506,-0.2157,1.073
12.231552308,-0.1218,1.1307,-0.2341,1.161
12.233640001,-0.1795,1.1935,-0.2436,1.231
12.236108924,-0.2019,1.2211,-0.2704,1.267
12.23846777,-0.1946,1.2507,-0.3139,1.304
12.241097539,-0.1870,1.2637,-0.3075,1.314
12.243480308,-0.1986,1.2712,-0.2785,1.316
12.248522462,-0.2093,1.2709,-0.2189,1.306
12.249088385,-0.2037,1.2595,-0.1761,1.288
12.251305539,-0.1805,1.2223,-0.2182,1.255
12.252905924,-0.1350,1.1689,-0.1994,1.193
12.25534777,-0.0996,1.1278,-0.2050,1.151
12.258124077,-0.0707,1.0931,-0.2140,1.116
12.260385231,-0.0427,1.0633,-0.1666,1.077
12.262598231,-0.0239,1.0418,-0.1385,1.051
12.265416616,0.0021,1.0279,-0.0962,1.032
12.267871154,0.0161,1.0257,-0.0564,1.027
12.269837001,0.0166,1.0254,-0.0491,1.027
12.272432616,0.0137,1.0310,-0.0650,1.033
12.276273308,-0.0006,1.0352,-0.0794,1.038
12.277123077,-0.0173,1.0369,-0.0780,1.040
12.279737308,-0.0307,1.0340,-0.0764,1.037
12.282123077,-0.0486,1.0266,-0.0815,1.031
12.284654154,-0.0651,1.0200,-0.0813,1.025
12.286787154,-0.0756,1.0081,-0.0799,1.014
12.289235154,-0.0825,0.9951,-0.0782,1.002
12.292386847,-0.0781,0.9795,-0.0784,0.986
12.29389177,-0.0688,0.9570,-0.0755,0.962
12.296456616,-0.0603,0.9378,-0.0715,0.942
12.299134462,-0.0500,0.9169,-0.0764,0.921
12.301566231,-0.0397,0.8930,-0.0838,0.898
12.304604001,-0.0316,0.8737,-0.0887,0.879
12.306106847,-0.0326,0.8554,-0.0989,0.862
12.308745231,-0.0356,0.8421,-0.1092,0.850
12.311063077,-0.0383,0.8260,-0.1216,0.836
12.313567154,-0.0476,0.8111,-0.1376,0.824
12.317608077,-0.0493,0.7953,-0.1539,0.812
12.318389231,-0.0442,0.7794,-0.1691,0.799
12.320502154,-0.0356,0.7664,-0.1761,0.787
12.323243385,-0.0239,0.7503,-0.1810,0.772
12.330485847,-0.0221,0.7433,-0.1808,0.765
12.330949308,-0.0244,0.7391,-0.1917,0.764
12.331113924,-0.0263,0.7408,-0.1986,0.767
12.332628924,-0.0178,0.7408,-0.1937,0.766
12.339565847,-0.0116,0.7469,-0.1905,0.771
12.33999177,-0.0090,0.7535,-0.1868,0.776
12.341272693,-0.0078,0.7689,-0.1830,0.790
12.349444616,-0.0070,0.7813,-0.1771,0.801
12.350092385,-0.0023,0.7965,-0.1756,0.816
12.350437231,0.0019,0.8121,-0.1742,0.831
12.35069177,0.0075,0.8258,-0.1756,0.844
12.352155154,0.0168,0.8386,-0.1823,0.858
12.354256693,0.0310,0.8473,-0.1891,0.869
12.359560077,0.0371,0.8598,-0.1898,0.881
12.360181001,0.0312,0.8724,-0.1910,0.894
12.36298677,0.0247,0.8889,-0.1976,0.911
12.363953231,0.0112,0.9062,-0.2120,0.931
12.366846154,-0.0050,0.9229,-0.2199,0.949
12.368854539,-0.0219,0.9409,-0.2271,0.968
12.371253308,-0.0402,0.9531,-0.2189,0.979
12.375229616,-0.0483,0.9543,-0.2110,0.979
12.376069539,-0.0549,0.9492,-0.2064,0.973
12.378618462,-0.0656,0.9470,-0.1989,0.970
12.381132385,-0.0825,0.9536,-0.1935,0.976
12.383756308,-0.0998,0.9609,-0.1840,0.983
12.385701001,-0.1169,0.9632,-0.1747,0.986
12.388621001,-0.1272,0.9646,-0.1661,0.987
12.392218847,-0.1416,0.9626,-0.1575,0.986
12.393077001,-0.1585,0.9656,-0.1534,0.990
12.396047693,-0.1648,0.9619,-0.1476,0.987
12.398832001,-0.1753,0.9553,-0.1409,0.981
12.401104077,-0.1829,0.9478,-0.1381,0.975
12.404363154,-0.1886,0.9409,-0.1351,0.969
12.405336308,-0.2103,0.9382,-0.1278,0.970
12.408273001,-0.2224,0.9385,-0.1258,0.973
12.410470462,-0.2293,0.9350,-0.1258,0.971
12.412328616,-0.2384,0.9350,-0.1267,0.973
12.414879462,-0.2435,0.9343,-0.1204,0.973
12.417014154,-0.2508,0.9311,-0.1114,0.971
12.419530847,-0.2591,0.9318,-0.1106,0.973
12.422356693,-0.2574,0.9297,-0.1104,0.971
12.428523077,-0.2625,0.9357,-0.1141,0.979
12.429161308,-0.2720,0.9406,-0.1226,0.987
12.429498462,-0.2809,0.9502,-0.1316,1.000
12.436416077,-0.2892,0.9565,-0.1425,1.009
12.437193539,-0.2960,0.9702,-0.1434,1.024
12.437389539,-0.3036,0.9874,-0.1416,1.043
12.438912616,-0.3046,0.9988,-0.1383,1.053
12.444297231,-0.3153,1.0171,-0.1324,1.073
12.444673924,-0.3197,1.0315,-0.1300,1.088
12.446582539,-0.3072,1.0406,-0.1378,1.094
12.449962847,-0.2955,1.0454,-0.1332,1.095
12.450845539,-0.2826,1.0496,-0.1304,1.095
12.453300924,-0.2694,1.0501,-0.1253,1.091
12.455785924,-0.2594,1.0513,-0.1255,1.090
12.458404693,-0.2513,1.0531,-0.1288,1.090
12.46070777,-0.2426,1.0526,-0.1243,1.087
12.463086847,-0.2303,1.0482,-0.1207,1.080
12.466617847,-0.2181,1.0425,-0.1236,1.072
12.470169616,-0.2025,1.0382,-0.1297,1.066
12.470901539,-0.1878,1.0333,-0.1316,1.058
12.47266277,-0.1680,1.0266,-0.1295,1.048
12.474930231,-0.1480,1.0223,-0.1253,1.040
12.477599385,-0.1324,1.0159,-0.1226,1.032
12.483182847,-0.1111,1.0144,-0.1155,1.027
12.484025001,-0.0920,1.0122,-0.1118,1.023
12.484870154,-0.0756,1.0122,-0.1158,1.022
12.487217231,-0.0710,1.0103,-0.1270,1.021
12.489438154,-0.0696,1.0140,-0.1439,1.027
12.492227693,-0.0630,1.0245,-0.1539,1.038
12.494386462,-0.0568,1.0366,-0.1581,1.050
12.497182231,-0.0542,1.0477,-0.1579,1.061
12.499606462,-0.0432,1.0587,-0.1502,1.070
12.501445231,-0.0346,1.0706,-0.1341,1.080
12.504296693,-0.0239,1.0816,-0.1204,1.089
12.507523462,-0.0165,1.0880,-0.1116,1.094
12.508670539,-0.0121,1.0967,-0.1080,1.102
12.511196077,-0.0109,1.1080,-0.1090,1.113
12.513712385,-0.0188,1.1207,-0.1097,1.126
12.516131077,-0.0297,1.1288,-0.1058,1.134
12.51868277,-0.0402,1.1400,-0.1078,1.146
12.52089977,-0.0470,1.1517,-0.1060,1.158
12.528972924,-0.0561,1.1593,-0.0923,1.164
12.52978277,-0.0647,1.1737,-0.0769,1.178
12.530175154,-0.0707,1.1862,-0.0640,1.190
12.530627693,-0.0771,1.1982,-0.0571,1.202
12.536992077,-0.0810,1.2057,-0.0435,1.209
12.537603385,-0.0825,1.2116,-0.0335,1.215
12.537899385,-0.0776,1.2126,-0.0412,1.216
12.544839154,-0.0586,1.1922,-0.0929,1.197
12.545776616,-0.0527,1.1950,-0.0457,1.197
12.546334847,-0.0451,1.1969,-0.0205,1.198
12.54886377,-0.0370,1.1945,-0.0161,1.195
12.550317539,-0.0239,1.1938,-0.0266,1.194
12.552673308,-0.0131,1.1879,-0.0501,1.189
12.554814462,-0.0016,1.1879,-0.0718,1.190
12.557088001,0.0075,1.1938,-0.0920,1.197
12.559722231,0.0158,1.1980,-0.1082,1.203
12.561836385,0.0291,1.2038,-0.1236,1.210
12.565353539,0.0368,1.2148,-0.1339,1.223
12.566632001,0.0445,1.2213,-0.1444,1.231
12.568972308,0.0508,1.2329,-0.1486,1.243
12.571527385,0.0550,1.2480,-0.1549,1.259
12.573896385,0.0552,1.2637,-0.1595,1.275
12.576506462,0.0591,1.2849,-0.1683,1.297
12.579403385,0.0562,1.3064,-0.1786,1.320
12.582053924,0.0515,1.3271,-0.1868,1.341
12.583556308,0.0447,1.3492,-0.1793,1.362
12.586071154,0.0452,1.3760,-0.1554,1.386
12.590151693,0.0442,1.4078,-0.1234,1.414
12.591020385,0.0391,1.4381,-0.0943,1.442
12.593376616,0.0305,1.4708,-0.0771,1.473
12.596956385,0.0228,1.4987,-0.0687,1.500
12.597921539,0.0161,1.5316,-0.0647,1.533
12.600429308,0.0068,1.5624,-0.0454,1.563
12.60297977,-0.0058,1.5952,-0.0161,1.595
12.606095462,-0.0229,1.6284,0.0190,1.629
12.607888616,-0.0280,1.6631,0.0473,1.664
12.610183462,-0.0185,1.7012,0.0756,1.703
12.614760308,-0.0046,1.7337,0.0877,1.736
12.615791385,0.0154,1.7657,0.0700,1.767
12.617670154,0.0479,1.7848,0.0353,1.786
12.619870154,0.0880,1.7957,-0.0075,1.798
12.62722377,0.1405,1.7972,-0.0586,1.804
12.628365001,0.1945,1.7911,-0.0972,1.804
12.628779077,0.2438,1.7708,-0.1360,1.793
12.634936001,0.2925,1.7473,-0.1705,1.780
12.635569924,0.3340,1.7354,-0.1873,1.777
12.635849847,0.3626,1.7170,-0.1915,1.765
12.636676385,0.3692,1.6976,-0.2033,1.749
12.644122539,0.3789,1.6863,-0.2274,1.743
12.644713539,0.3809,1.6697,-0.2578,1.732
12.645345231,0.3645,1.6518,-0.3081,1.719
12.646283154,0.3479,1.6389,-0.3528,1.712
12.648538231,0.3359,1.6194,-0.3853,1.698
12.651235385,0.3298,1.5919,-0.4119,1.677
12.654305308,0.3357,1.5632,-0.4402,1.658
12.656837924,0.3445,1.5194,-0.4600,1.624
12.658686462,0.3286,1.4845,-0.4842,1.596
12.660951462,0.3012,1.4566,-0.5067,1.571
12.664181924,0.2723,1.4261,-0.5177,1.541
12.665394847,0.2460,1.4004,-0.5414,1.521
12.667820001,0.2206,1.3743,-0.5677,1.503
12.670421847,0.1940,1.3601,-0.5746,1.489
12.672741616,0.1793,1.3406,-0.5951,1.478
12.675439693,0.1570,1.3193,-0.6164,1.465
12.678196001,0.1453,1.3003,-0.6186,1.447
12.680880308,0.1556,1.2670,-0.5863,1.405
12.682493001,0.1938,1.2248,-0.5177,1.344
12.684922154,0.2273,1.1931,-0.4668,1.301
12.68747077,0.2377,1.1710,-0.4649,1.282
12.689767462,0.2308,1.1491,-0.4935,1.272
12.692304308,0.2175,1.1190,-0.5233,1.254
12.695021539,0.2003,1.0890,-0.5231,1.225
12.697279385,0.1766,1.0620,-0.5172,1.194
12.699232385,0.1425,1.0447,-0.5220,1.177
12.701742462,0.0967,1.0403,-0.5507,1.181
12.705207385,0.0449,1.0506,-0.5719,1.197
12.706793231,-0.0092,1.0575,-0.5492,1.192
12.70923077,-0.0671,1.0601,-0.5143,1.180
12.713769924,-0.1348,1.0592,-0.4754,1.169
12.714673231,-0.2051,1.0564,-0.4170,1.154
12.716418154,-0.2674,1.0515,-0.3450,1.139
12.718793001,-0.3422,1.0469,-0.3816,1.166
12.721099154,-0.4118,1.0422,-0.4598,1.211
12.727719154,-0.4765,1.0347,-0.5301,1.256
12.728379154,-0.5540,1.0313,-0.5783,1.306
12.728775462,-0.6088,1.0032,-0.5819,1.310
12.738133539,-0.7062,0.9839,-0.5548,1.332
12.739209924,-0.8426,0.9668,-0.5509,1.396
12.73964677,-1.0024,0.9548,-0.5511,1.490
12.739879693,-1.1457,0.9438,-0.5343,1.578
12.740343462,-1.3123,0.9446,-0.5299,1.702
12.743305308,-1.4663,0.9441,-0.5123,1.818
12.745752693,-1.5921,0.9248,-0.4815,1.903
12.747933231,-1.6793,0.8971,-0.4302,1.952
12.749941924,-1.7492,0.8663,-0.3471,1.983
12.75305877,-1.7974,0.8241,-0.2812,1.997
12.754652308,-1.8096,0.7750,-0.2089,1.980
12.757073001,-1.7956,0.7200,-0.1627,1.941
12.759784924,-1.7560,0.6685,-0.1524,1.885
12.763428385,-1.6906,0.6054,-0.1670,1.803
12.76439577,-1.5960,0.5372,-0.2106,1.697
12.766849001,-1.4676,0.4689,-0.2723,1.565
12.769352385,-1.3050,0.3981,-0.3266,1.403
12.771707077,-1.1389,0.3396,-0.3692,1.244
12.774524385,-0.9540,0.2998,-0.3865,1.072
12.776553616,-0.8054,0.2861,-0.3813,0.936
12.779803385,-0.6786,0.2756,-0.3797,0.825
12.781285924,-0.5682,0.2614,-0.3757,0.730
12.783675462,-0.4688,0.2483,-0.3659,0.644
12.786173847,-0.3791,0.2358,-0.3531,0.569
12.788728308,-0.3067,0.2285,-0.3422,0.513
12.791255693,-0.2487,0.2246,-0.3335,0.473
12.793708308,-0.2071,0.2274,-0.3266,0.449
12.796331077,-0.1751,0.2302,-0.3210,0.432
12.798075077,-0.1446,0.2388,-0.3107,0.418
12.800625539,-0.1243,0.2627,-0.2970,0.416
12.803028924,-0.1082,0.2810,-0.2711,0.405
12.805567077,-0.0898,0.3035,-0.2627,0.411
12.808456077,-0.0740,0.3291,-0.2457,0.417
12.810386154,-0.0581,0.3509,-0.2306,0.424
12.816868924,-0.0375,0.3716,-0.2274,0.437
12.817829308,-0.0446,0.3990,-0.2450,0.470
12.818256001,-0.0505,0.4224,-0.2548,0.496
12.819966847,-0.0791,0.4459,-0.2849,0.535
12.824101924,-0.0917,0.4674,-0.3091,0.568
12.82463977,-0.1131,0.4931,-0.3147,0.596
12.828509001,-0.1478,0.5158,-0.3310,0.630
12.832593231,-0.1700,0.5211,-0.3716,0.662
12.833068616,-0.1993,0.5260,-0.3882,0.683
12.834240385,-0.2371,0.5434,-0.3845,0.707
12.837297847,-0.2753,0.5544,-0.3970,0.735
12.839273924,-0.3251,0.5542,-0.4185,0.767
12.841582154,-0.3689,0.5397,-0.4500,0.794
12.844313231,-0.4057,0.5273,-0.4715,0.815
12.846619462,-0.4358,0.5082,-0.4930,0.831
12.848830847,-0.4607,0.4924,-0.5145,0.848
12.851330462,-0.4663,0.4747,-0.5213,0.845
12.854400616,-0.4521,0.4559,-0.5143,0.823
12.855970231,-0.4280,0.4337,-0.5010,0.789
12.858650154,-0.4216,0.4161,-0.4884,0.768
12.860863154,-0.4055,0.4019,-0.4647,0.736
12.863405001,-0.3866,0.3921,-0.4461,0.709
12.865724385,-0.3710,0.3832,-0.3990,0.666
12.868568077,-0.3708,0.3816,-0.3579,0.641
12.870982539,-0.3828,0.3892,-0.3279,0.637
12.873397924,-0.3805,0.3948,-0.3147,0.632
12.875957231,-0.3789,0.4039,-0.3203,0.640
12.878921001,-0.3776,0.4134,-0.3430,0.657
12.880003154,-0.3730,0.4235,-0.3740,0.677
12.882510539,-0.3668,0.4312,-0.3946,0.690
12.887355077,-0.3507,0.4373,-0.4053,0.692
12.888522154,-0.3410,0.4447,-0.4078,0.693
12.890620308,-0.3290,0.4533,-0.4065,0.692
12.892401616,-0.3446,0.4666,-0.4146,0.713
12.895840385,-0.3419,0.4703,-0.4229,0.719
12.897023154,-0.3619,0.4757,-0.4542,0.751
12.899489539,-0.3679,0.4933,-0.4439,0.759
12.901905847,-0.3666,0.5090,-0.4209,0.755
12.904101308,-0.3786,0.5300,-0.4334,0.782
12.906902539,-0.3866,0.5512,-0.4498,0.810
12.90913477,-0.3966,0.5695,-0.4756,0.841
12.911631385,-0.4125,0.5873,-0.5067,0.879
12.913918231,-0.4285,0.6075,-0.5289,0.912
12.916205539,-0.4439,0.6240,-0.5443,0.939
12.919889308,-0.4609,0.6436,-0.5555,0.967
12.921096616,-0.4770,0.6639,-0.5632,0.993
12.923824001,-0.4898,0.6839,-0.5653,1.013
12.932994154,-0.5015,0.7007,-0.5739,1.035
12.933932385,-0.5052,0.7132,-0.5775,1.048
12.934371154,-0.5184,0.7305,-0.5758,1.065
12.934657231,-0.5220,0.7501,-0.5592,1.071
12.94127177,-0.5291,0.7676,-0.5502,1.083
12.942125924,-0.5399,0.7841,-0.5443,1.097
12.942705231,-0.5543,0.7997,-0.5431,1.114
12.943184616,-0.5650,0.8109,-0.5429,1.128
12.949935385,-0.5757,0.8273,-0.5431,1.145
12.950949616,-0.5855,0.8339,-0.5404,1.153
12.951558154,-0.5965,0.8421,-0.5392,1.164
12.95367877,-0.6048,0.8517,-0.5343,1.173
12.954906539,-0.6139,0.8579,-0.5316,1.181
12.957232001,-0.6288,0.8663,-0.5299,1.194
12.960209001,-0.6488,0.8737,-0.5329,1.212
12.963240385,-0.6566,0.8793,-0.5309,1.219
12.965190539,-0.6633,0.8852,-0.5269,1.225
12.967621847,-0.6750,0.8922,-0.5226,1.235
12.969926847,-0.6847,0.8991,-0.5218,1.245
12.971998539,-0.6913,0.9067,-0.5187,1.253
12.974360693,-0.6975,0.9162,-0.5196,1.263
12.977808693,-0.7024,0.9238,-0.5208,1.272
12.979038462,-0.7043,0.9306,-0.5229,1.279
12.981431385,-0.6987,0.9353,-0.5274,1.281
12.984037539,-0.6977,0.9397,-0.5294,1.285
12.986489847,-0.6969,0.9460,-0.5299,1.289
12.989334231,-0.6936,0.9502,-0.5274,1.289
12.991539385,-0.6820,0.9590,-0.5262,1.289
12.994181616,-0.6713,0.9675,-0.5216,1.288
12.995857231,-0.6605,0.9737,-0.5136,1.284
12.998507462,-0.6435,0.9781,-0.5084,1.276
13.000938462,-0.6295,0.9842,-0.5043,1.272
13.003489616,-0.6239,0.9970,-0.5013,1.279
13.005581231,-0.6114,1.0093,-0.4942,1.279
13.008243154,-0.5972,1.0177,-0.4906,1.278
13.010946462,-0.5767,1.0242,-0.4871,1.272
13.012977308,-0.5518,1.0284,-0.4826,1.263
13.01561577,-0.5443,1.0606,-0.4803,1.285
13.017979462,-0.5318,1.0850,-0.4805,1.300
13.020681231,-0.5168,1.1095,-0.4835,1.316
13.022821616,-0.4998,1.1273,-0.4882,1.326
13.026309308,-0.4802,1.1451,-0.4930,1.336
13.031841308,-0.4653,1.1661,-0.4959,1.350
13.032617308,-0.4507,1.1847,-0.4959,1.361
13.032988616,-0.4453,1.2067,-0.4979,1.379
13.040654462,-0.4402,1.2306,-0.4989,1.399
13.041617231,-0.4392,1.2583,-0.5074,1.426
13.041865001,-0.4370,1.2763,-0.5115,1.443
13.042073308,-0.4350,1.2966,-0.5082,1.459
13.04931077,-0.4370,1.3166,-0.5035,1.476
13.050024001,-0.4338,1.3217,-0.4901,1.475
13.050424924,-0.4348,1.3347,-0.4996,1.490
13.05266277,-0.4370,1.3415,-0.5008,1.497
13.053924693,-0.4575,1.3653,-0.4950,1.523
13.056253616,-0.4548,1.3657,-0.4922,1.521
13.058715462,-0.4578,1.3799,-0.4906,1.534
13.060914847,-0.4592,1.3911,-0.5084,1.551
13.06375077,-0.4548,1.4029,-0.5145,1.562
13.067284385,-0.4451,1.4070,-0.4933,1.556
13.069737308,-0.4272,1.4027,-0.4991,1.549
13.070673001,-0.4043,1.3934,-0.4987,1.534
13.07309577,-0.3840,1.3826,-0.4784,1.513
13.076236616,-0.3652,1.3725,-0.4717,1.497
13.077875462,-0.3407,1.3569,-0.4835,1.480
13.080592078,-0.3200,1.3440,-0.4764,1.461
13.083329847,-0.3075,1.3303,-0.4735,1.445
13.085419078,-0.3046,1.3196,-0.4575,1.429
13.088591078,-0.3080,1.3310,-0.4873,1.451
13.090068693,-0.3002,1.3098,-0.4542,1.418
13.09350677,-0.2974,1.2734,-0.4018,1.368
13.094886231,-0.3014,1.2783,-0.4768,1.397
13.097097924,-0.3053,1.2707,-0.4935,1.397
13.099820924,-0.3163,1.2626,-0.4419,1.375
13.102148924,-0.3204,1.2472,-0.3892,1.345
13.104546154,-0.3241,1.2278,-0.3462,1.316
13.107198462,-0.3451,1.2167,-0.2981,1.299
13.109952616,-0.3693,1.2006,-0.1961,1.271
13.111774462,-0.4204,1.1889,-0.1172,1.266
13.114334539,-0.4895,1.1943,-0.1155,1.296
13.116688924,-0.5827,1.2116,-0.1470,1.352
13.119217616,-0.6771,1.2338,-0.1898,1.420
13.121868001,-0.7698,1.2488,-0.2243,1.484
13.124252693,-0.8555,1.2529,-0.2597,1.539
13.131789231,-0.9319,1.2509,-0.2986,1.588
13.132525616,-0.9985,1.2402,-0.3471,1.630
13.132801847,-1.0358,1.2206,-0.3892,1.648
13.13448777,-1.0549,1.1974,-0.4036,1.646
13.140056924,-1.0502,1.1740,-0.3906,1.623
13.140901847,-1.0429,1.1532,-0.3543,1.595
13.141385231,-1.0285,1.1405,-0.3030,1.565
13.148121539,-1.0013,1.1183,-0.2541,1.522
13.14873977,-0.9698,1.0983,-0.2120,1.480
13.148969847,-0.9415,1.0725,-0.1959,1.441
13.151839154,-0.9081,1.0386,-0.1961,1.393
13.152720078,-0.8748,0.9942,-0.2122,1.341
13.154947154,-0.8350,0.9436,-0.2333,1.281
13.157604001,-0.7898,0.8896,-0.2521,1.216
13.160076308,-0.7446,0.8346,-0.2778,1.152
13.162777001,-0.7092,0.7813,-0.3098,1.100
13.164790462,-0.6822,0.7286,-0.3410,1.055
13.167833539,-0.6598,0.6788,-0.3738,1.018
13.169517847,-0.6468,0.6338,-0.4127,0.995
13.172445847,-0.6454,0.5971,-0.4507,0.988
13.17480677,-0.6442,0.5612,-0.4966,0.988
13.177309616,-0.6417,0.5316,-0.5367,0.991
13.179636616,-0.6370,0.5038,-0.5621,0.988
13.184156078,-0.6290,0.4833,-0.5719,0.978
13.184928924,-0.6141,0.4682,-0.5709,0.960
13.186422462,-0.6021,0.4582,-0.5639,0.944
13.188841308,-0.6092,0.4466,-0.5455,0.932
13.192420693,-0.6144,0.4442,-0.5113,0.914
13.193559385,-0.6251,0.4549,-0.4654,0.902
13.196126539,-0.6337,0.4699,-0.4153,0.892
13.198406462,-0.6395,0.4999,-0.3711,0.893
13.201325847,-0.6496,0.5314,-0.3366,0.904
13.203325616,-0.6568,0.5693,-0.3098,0.923
13.206312078,-0.6564,0.6187,-0.2865,0.946
13.209226154,-0.6476,0.6739,-0.2590,0.970
13.210760308,-0.6505,0.7200,-0.2389,0.999
13.213253231,-0.6537,0.7596,-0.2196,1.026
13.215598154,-0.6564,0.7911,-0.1998,1.047
13.218281001,-0.6659,0.8109,-0.1784,1.064
13.220517539,-0.6796,0.8258,-0.1586,1.081
13.222815385,-0.6933,0.8405,-0.1327,1.098
13.228752385,-0.7178,0.8483,-0.1073,1.116
13.229379462,-0.7421,0.8647,-0.0850,1.143
13.230413924,-0.7744,0.8791,-0.0762,1.174
13.232322462,-0.8145,0.9015,-0.0687,1.217
13.236411693,-0.8531,0.9250,-0.0598,1.260
13.236964693,-0.8972,0.9478,-0.0452,1.306
13.240733616,-0.9361,0.9770,-0.0144,1.353
13.246766539,-0.9762,1.0105,0.0270,1.405
13.247335462,-1.0080,1.0489,0.0756,1.457
13.24760377,-1.0414,1.0927,0.1013,1.513
13.250036385,-1.0651,1.1437,0.1262,1.568
13.258148693,-1.0551,1.1920,0.1924,1.604
13.25889477,-1.0178,1.2241,0.2559,1.612
13.259356308,-0.9356,1.2387,0.3026,1.582
13.259760616,-0.8284,1.2402,0.3393,1.530
13.261975154,-0.6574,1.2185,0.3801,1.436
13.263662539,-0.4834,1.1822,0.4094,1.341
13.266003462,-0.3393,1.1622,0.4583,1.295
13.268259462,-0.2271,1.1556,0.5555,1.302
13.270812616,-0.1213,1.1708,0.7223,1.381
13.274715078,-0.0341,1.2197,0.9652,1.556
13.275713616,0.0086,1.3042,1.2228,1.788
13.278142847,0.0212,1.4132,1.3275,1.939
13.280608078,0.0228,1.5231,1.1397,1.902
13.283028693,-0.0062,1.6220,0.7979,1.808
13.285099078,-0.0717,1.7058,0.4346,1.762
13.287757847,-0.1465,1.7711,0.1064,1.780
13.291290154,-0.2161,1.8229,-0.1805,1.844
13.29244777,-0.2731,1.8654,-0.4011,1.927
13.295095385,-0.3246,1.8940,-0.5446,1.997
13.298189308,-0.3862,1.9001,-0.6193,2.035
13.300950847,-0.4656,1.8698,-0.6476,2.033
13.302025847,-0.5382,1.7923,-0.6660,1.986
13.304772385,-0.5809,1.6604,-0.7188,1.900
13.307573616,-0.5620,1.4775,-0.7474,1.749
13.309174231,-0.5228,1.3145,-0.5483,1.517
13.311765924,-0.4509,1.1591,-0.4256,1.315
13.314142154,-0.3789,1.0308,-0.3289,1.146
13.316652308,-0.3134,0.9490,-0.2103,1.021
13.318858847,-0.2645,0.8940,-0.0913,0.937
13.321633001,-0.2301,0.8530,-0.0005,0.883
13.325228693,-0.1776,0.8104,0.0688,0.832
13.326060385,-0.1038,0.7671,0.1182,0.783
13.328480385,-0.0722,0.7286,0.1152,0.741
13.33169177,-0.0651,0.6917,0.0966,0.701
13.333669924,-0.0789,0.6767,0.0517,0.683
13.336020078,-0.0857,0.6707,-0.0198,0.676
13.338827693,-0.1015,0.6809,-0.0476,0.690
13.340800616,-0.1423,0.7000,-0.0582,0.717
13.342959078,-0.1585,0.7191,-0.0359,0.737
13.345594462,-0.1632,0.7491,0.0026,0.767
13.349489308,-0.1841,0.7855,0.0344,0.808
13.350226154,-0.2261,0.8268,0.0260,0.858
13.352933616,-0.2824,0.8754,0.0097,0.920
13.355323385,-0.3532,0.9336,0.0085,0.998
13.358330462,-0.4455,1.0003,0.0002,1.095
13.360051385,-0.5557,1.0794,0.0290,1.214
13.362892616,-0.6855,1.1654,0.0817,1.355
13.365459462,-0.8157,1.2476,0.1365,1.497
13.367221616,-0.9384,1.3303,0.1783,1.638
13.369909539,-1.0453,1.3955,0.1910,1.754
13.372284078,-1.1243,1.4351,0.1595,1.830
13.374836385,-1.1853,1.4486,0.0966,1.874
13.376871154,-1.2086,1.4344,0.0260,1.876
13.379494154,-1.2056,1.4014,-0.0422,1.849
13.382241001,-1.1790,1.3436,-0.1092,1.791
13.384251154,-1.1184,1.2763,-0.1659,1.705
13.387617616,-1.0287,1.2003,-0.1949,1.593
13.389258539,-0.9149,1.1070,-0.2480,1.457
13.392020078,-0.7932,1.0088,-0.2881,1.315
13.394672308,-0.6840,0.9274,-0.3068,1.193
13.396985539,-0.5855,0.8554,-0.3051,1.081
13.398813847,-0.4973,0.8014,-0.2770,0.983
13.401378231,-0.4125,0.7606,-0.2308,0.896
13.403487154,-0.3398,0.7324,-0.1661,0.824
13.407755693,-0.2708,0.7222,-0.0938,0.777
13.408865847,-0.2137,0.7195,-0.0235,0.751
13.410902231,-0.1685,0.7224,0.0375,0.743
13.413238462,-0.1311,0.7384,0.0833,0.755
13.415596385,-0.1006,0.7594,0.1101,0.774
13.417912693,-0.0825,0.7838,0.1199,0.797
13.420475385,-0.0693,0.8175,0.1123,0.828
13.427124078,-0.0671,0.8551,0.0908,0.863
13.427844308,-0.0651,0.8962,0.0617,0.901
13.428941231,-0.0722,0.9365,0.0307,0.940
13.430017924,-0.0847,0.9807,-0.0095,0.984
13.439872616,-0.1040,1.0235,-0.0594,1.030
13.440449308,-0.1373,1.0748,-0.0799,1.086
13.440837616,-0.1676,1.1339,-0.0989,1.150
13.441032616,-0.2000,1.1840,-0.1174,1.206
13.442184308,-0.2313,1.2197,-0.1385,1.249
13.444761616,-0.2518,1.2504,-0.1474,1.284
13.449429308,-0.2640,1.2714,-0.1561,1.308
13.449980001,-0.2692,1.2807,-0.1622,1.319
13.451690847,-0.2657,1.2863,-0.1642,1.324
13.454398539,-0.2576,1.2837,-0.1642,1.320
13.456771385,-0.2499,1.2753,-0.1639,1.310
13.458886847,-0.2369,1.2649,-0.1688,1.298
13.461954847,-0.2205,1.2551,-0.1728,1.286
13.464566154,-0.2042,1.2395,-0.1791,1.269
13.466254462,-0.1939,1.2221,-0.1798,1.250
13.468582231,-0.1863,1.2043,-0.1744,1.231
13.471202539,-0.1821,1.1864,-0.1627,1.211
13.473854847,-0.1776,1.1617,-0.1588,1.186
13.475970231,-0.1704,1.1374,-0.1561,1.161
13.478398462,-0.1663,1.1114,-0.1421,1.133
13.481030154,-0.1609,1.0872,-0.1348,1.107
13.48347977,-0.1599,1.0674,-0.1383,1.088
13.485689001,-0.1595,1.0484,-0.1439,1.070
13.488160924,-0.1599,1.0322,-0.1432,1.054
13.490331385,-0.1614,1.0196,-0.1339,1.041
13.492772924,-0.1651,1.0100,-0.1258,1.031
13.496311385,-0.1721,0.9949,-0.1178,1.017
13.498678847,-0.1795,0.9809,-0.1097,1.003
13.500299154,-0.1821,0.9695,-0.1048,0.992
13.502513231,-0.1954,0.9604,-0.0933,0.985
13.505881847,-0.2047,0.9551,-0.0818,0.980
13.507241847,-0.2135,0.9487,-0.0755,0.975
13.509704924,-0.2159,0.9343,-0.0804,0.962
13.512106231,-0.2168,0.9248,-0.0820,0.953
13.515037001,-0.2188,0.9160,-0.0776,0.945
13.516908001,-0.2212,0.9089,-0.0713,0.938
13.519409847,-0.2249,0.9043,-0.0713,0.935
13.52767977,-0.2220,0.9013,-0.0691,0.931
13.528504616,-0.2208,0.8982,-0.0608,0.927
13.528764001,-0.2124,0.9018,-0.0525,0.928
13.529393847,-0.2032,0.9023,-0.0464,0.926
13.535648693,-0.1902,0.9033,-0.0332,0.924
13.536426231,-0.1727,0.9087,-0.0212,0.925
13.536835462,-0.1553,0.9182,-0.0119,0.931
13.543904385,-0.1401,0.9267,-0.0124,0.937
13.54451077,-0.1292,0.9360,-0.0105,0.945
13.544771078,-0.1143,0.9431,-0.0095,0.950
13.547795154,-0.1013,0.9527,-0.0058,0.958
13.548561847,-0.0920,0.9623,-0.0037,0.967
13.550641616,-0.0808,0.9716,-0.0107,0.975
13.555056924,-0.0696,0.9807,-0.0210,0.983
13.556045231,-0.0623,0.9881,-0.0323,0.991
13.558035462,-0.0579,0.9946,-0.0440,0.997
13.560746539,-0.0544,0.9988,-0.0594,1.002
13.564149231,-0.0512,0.9988,-0.0755,1.003
13.565154231,-0.0451,1.0017,-0.0908,1.007
13.567676308,-0.0458,0.9975,-0.1129,1.005
13.570050231,-0.0461,0.9968,-0.1285,1.006
13.572873231,-0.0476,0.9988,-0.1474,1.011
13.574837231,-0.0517,1.0012,-0.1610,1.015
13.577708693,-0.0519,0.9993,-0.1703,1.015
13.580466462,-0.0561,0.9932,-0.1712,1.009
13.582345001,-0.0430,0.9856,-0.1686,1.001
13.584601001,-0.0412,0.9802,-0.1740,0.996
13.586889231,-0.0461,0.9758,-0.1800,0.993
13.589126154,-0.0500,0.9749,-0.1752,0.992
13.59169577,-0.0432,0.9663,-0.1698,0.982
13.594275154,-0.0514,0.9658,-0.1744,0.983
13.596928924,-0.0530,0.9646,-0.1752,0.982
13.599384001,-0.0500,0.9629,-0.1627,0.978
13.601723462,-0.0483,0.9565,-0.1568,0.970
13.60387477,-0.0517,0.9570,-0.1612,0.972
13.606398462,-0.0514,0.9523,-0.1549,0.966
13.60889577,-0.0532,0.9474,-0.1470,0.960
13.61115577,-0.0525,0.9394,-0.1432,0.952
13.613828078,-0.0574,0.9331,-0.1509,0.947
13.615777308,-0.0558,0.9255,-0.1551,0.940
13.618395154,-0.0591,0.9189,-0.1530,0.933
13.620677616,-0.0663,0.9160,-0.1505,0.931
13.622999462,-0.0696,0.9099,-0.1451,0.924
13.625632616,-0.0810,0.9082,-0.1416,0.923
13.627920616,-0.0859,0.9096,-0.1390,0.924
13.634106462,-0.0964,0.9087,-0.1339,0.924
13.635110462,-0.1059,0.9106,-0.1267,0.925
13.635548924,-0.1131,0.9169,-0.1232,0.932
13.637553539,-0.1143,0.9155,-0.1178,0.930
13.644039385,-0.1208,0.9196,-0.1199,0.935
13.644462231,-0.1260,0.9233,-0.1283,0.941
13.644846847,-0.1311,0.9248,-0.1275,0.943
13.650263154,-0.1387,0.9287,-0.1312,0.948
13.650903693,-0.1401,0.9304,-0.1302,0.950
13.651855693,-0.1436,0.9365,-0.1312,0.957
13.654378847,-0.1511,0.9406,-0.1356,0.962
13.656511154,-0.1499,0.9467,-0.1432,0.969
13.659660078,-0.1487,0.9521,-0.1581,0.977
13.663214154,-0.1485,0.9616,-0.1683,0.987
13.664149001,-0.1497,0.9685,-0.1710,0.995
13.666446154,-0.1526,0.9790,-0.1730,1.006
13.669245231,-0.1580,0.9905,-0.1742,1.018
13.671648308,-0.1634,1.0027,-0.1784,1.031
13.673851154,-0.1700,1.0135,-0.1810,1.043
13.676707462,-0.1809,1.0261,-0.1791,1.057
13.679369001,-0.1981,1.0403,-0.1805,1.074
13.680776924,-0.2119,1.0550,-0.1805,1.091
13.683527154,-0.2252,1.0624,-0.1712,1.099
13.686129539,-0.2408,1.0729,-0.1617,1.111
13.688329616,-0.2526,1.0733,-0.1579,1.114
13.691076385,-0.2655,1.0748,-0.1530,1.118
13.694011462,-0.2741,1.0750,-0.1419,1.118
13.695702539,-0.2904,1.0778,-0.1204,1.123
13.697688693,-0.3048,1.0778,-0.0918,1.124
13.700236693,-0.3251,1.0804,-0.0694,1.130
13.704262847,-0.3463,1.0789,-0.0498,1.134
13.705632693,-0.3615,1.0743,-0.0396,1.134
13.707662462,-0.3712,1.0676,-0.0379,1.131
13.710166231,-0.3813,1.0531,-0.0417,1.121
13.712642154,-0.3817,1.0376,-0.0505,1.107
13.714635693,-0.3776,1.0210,-0.0564,1.090
13.717539154,-0.3693,1.0049,-0.0594,1.072
13.719827078,-0.3581,0.9874,-0.0520,1.052
13.722530231,-0.3451,0.9768,-0.0471,1.037
13.72424277,-0.3276,0.9611,-0.0437,1.016
13.726653924,-0.3051,0.9509,-0.0466,1.000
13.730155693,-0.2809,0.9372,-0.0476,0.980
13.732639385,-0.2584,0.9282,-0.0535,0.965
13.734937616,-0.2333,0.9162,-0.0642,0.948
13.738956616,-0.2074,0.9082,-0.0713,0.934
13.739519693,-0.1807,0.9010,-0.0776,0.922
13.740968308,-0.1641,0.8962,-0.0823,0.915
13.743612924,-0.1443,0.8962,-0.0838,0.912
13.746250154,-0.1264,0.8998,-0.0972,0.914
13.748168001,-0.1162,0.9033,-0.0994,0.916
13.750872385,-0.1020,0.9077,-0.1080,0.920
13.753164001,-0.0923,0.9131,-0.1080,0.924
13.755572308,-0.0847,0.9243,-0.1123,0.935
13.758303078,-0.0822,0.9367,-0.1221,0.948
13.760461539,-0.0833,0.9521,-0.1312,0.965
13.762932385,-0.0859,0.9634,-0.1395,0.977
13.765453616,-0.0884,0.9749,-0.1458,0.990
13.76778377,-0.0889,0.9919,-0.1509,1.007
13.77015077,-0.0935,1.0066,-0.1476,1.022
13.772453539,-0.0952,1.0196,-0.1476,1.035
13.775306462,-0.0971,1.0340,-0.1512,1.049
13.777350154,-0.0973,1.0457,-0.1622,1.063
13.77974377,-0.0977,1.0555,-0.1679,1.073
13.782109231,-0.0994,1.0636,-0.1707,1.082
13.784679462,-0.1006,1.0704,-0.1693,1.088
13.786913924,-0.1091,1.0797,-0.1627,1.097
13.789549924,-0.1196,1.0855,-0.1500,1.102
13.792957308,-0.1343,1.0946,-0.1265,1.110
13.794666847,-0.1555,1.1004,-0.1043,1.116
13.796709924,-0.1793,1.1092,-0.0806,1.126
13.799509539,-0.2063,1.1148,-0.0635,1.135
13.803230154,-0.2305,1.1246,-0.0594,1.150
13.804322462,-0.2599,1.1334,-0.0626,1.164
13.806232693,-0.2826,1.1437,-0.0420,1.179
13.809333847,-0.2953,1.1423,0.0026,1.180
13.812303078,-0.3088,1.1390,0.0304,1.180
13.81357077,-0.3111,1.1314,0.0661,1.175
13.816772616,-0.3153,1.1197,0.0908,1.167
13.820064385,-0.3116,1.1043,0.1028,1.152
13.820779462,-0.3029,1.0934,0.0975,1.139
13.823329924,-0.2882,1.0780,0.0754,1.118
13.825641924,-0.2628,1.0620,0.0437,1.095
13.832606847,-0.2261,1.0443,0.0070,1.069
13.83320777,-0.1814,1.0279,-0.0266,1.044
13.833473231,-0.1345,1.0149,-0.0476,1.025
13.839872385,-0.0920,1.0068,-0.0633,1.013
13.840572385,-0.0603,1.0059,-0.0752,1.011
13.840856001,-0.0295,1.0110,-0.0794,1.015
13.842493539,-0.0055,1.0177,-0.0901,1.022
13.849216924,0.0173,1.0264,-0.1016,1.032
13.849763462,0.0340,1.0382,-0.1129,1.045
13.850500924,0.0464,1.0508,-0.1241,1.059
13.853382462,0.0564,1.0601,-0.1383,1.071
13.854759154,0.0613,1.0755,-0.1370,1.086
13.857575693,0.0608,1.0948,-0.1393,1.105
13.860563462,0.0515,1.1085,-0.1470,1.119
13.861768616,0.0379,1.1293,-0.1514,1.140
13.864216078,0.0203,1.1547,-0.1668,1.167
13.867453924,0.0044,1.1779,-0.1856,1.192
13.869910231,-0.0155,1.2101,-0.1852,1.224
13.871595385,-0.0334,1.2470,-0.1771,1.260
13.874497001,-0.0414,1.2761,-0.1817,1.290
13.877370847,-0.0449,1.3096,-0.1583,1.320
13.878844001,-0.0439,1.3277,-0.1388,1.336
13.881105539,-0.0510,1.3618,-0.1170,1.368
13.883554847,-0.0495,1.3806,-0.0955,1.385
13.886021924,-0.0334,1.4000,-0.0782,1.403
13.888289616,-0.0219,1.4227,-0.0557,1.424
13.890884308,-0.0034,1.4403,-0.0457,1.441
13.893988385,0.0032,1.4573,-0.0393,1.458
13.895478154,0.0235,1.4640,-0.0344,1.465
13.89823877,0.0457,1.4718,-0.0291,1.473
13.900475078,0.0671,1.4791,-0.0251,1.481
13.902813231,0.0909,1.4911,-0.0130,1.494
13.905177308,0.1073,1.4992,0.0078,1.503
13.907971078,0.1256,1.5057,0.0188,1.511
13.910467154,0.1393,1.5126,0.0109,1.519
13.912370462,0.1534,1.5218,-0.0053,1.530
13.915113001,0.1666,1.5331,-0.0166,1.542
13.917486462,0.1793,1.5509,-0.0173,1.561
13.919925231,0.1879,1.5700,-0.0134,1.581
13.92212677,0.1949,1.5986,-0.0179,1.611
13.925588693,0.2194,1.6201,-0.0266,1.635
13.929595462,0.2446,1.6401,-0.0342,1.659
13.930921924,0.2688,1.6587,-0.0368,1.681
13.931732693,0.2949,1.6814,-0.0332,1.707
13.934962154,0.3166,1.7005,-0.0284,1.730
13.939943078,0.3379,1.7156,-0.0186,1.749
13.94072277,0.3562,1.7214,-0.0249,1.758
13.941232385,0.3724,1.7273,-0.0473,1.768
13.946278154,0.3909,1.7217,-0.0845,1.768
13.947212616,0.4104,1.7039,-0.1165,1.756
13.94867477,0.4190,1.6811,-0.1683,1.741
13.951302539,0.4197,1.6624,-0.2374,1.731
13.953387154,0.4099,1.6436,-0.3017,1.721
13.955865231,0.4065,1.6171,-0.3557,1.705
13.958236308,0.3946,1.5896,-0.4172,1.690
13.960712308,0.3757,1.5574,-0.4647,1.668
13.963394462,0.3464,1.5280,-0.4994,1.644
13.965629924,0.3208,1.5053,-0.5169,1.624
13.968047154,0.2914,1.4855,-0.5136,1.599
13.970257616,0.2604,1.4649,-0.4982,1.569
13.972813308,0.2446,1.4424,-0.4791,1.539
13.975337539,0.2392,1.4188,-0.4610,1.511
13.977580078,0.2362,1.3960,-0.4432,1.484
13.980016616,0.2323,1.3697,-0.4400,1.457
13.982486539,0.2233,1.3523,-0.4463,1.441
13.98491977,0.2103,1.3328,-0.4586,1.425
13.987657231,0.1952,1.3052,-0.4595,1.397
13.989791385,0.1852,1.2756,-0.4857,1.377
13.992992308,0.1796,1.2407,-0.5273,1.360
13.994230154,0.1668,1.1959,-0.5585,1.330
13.996912308,0.1437,1.1510,-0.5737,1.294
13.999373001,0.1116,1.1139,-0.5658,1.254
14.001762154,0.0708,1.0880,-0.5292,1.212
14.003953308,0.0354,1.0648,-0.4996,1.177
14.006999078,-0.0018,1.0535,-0.4644,1.151
14.010853001,-0.0463,1.0531,-0.4381,1.141
14.013269847,-0.0942,1.0503,-0.4141,1.133
14.014170154,-0.1502,1.0454,-0.4046,1.131
14.016907693,-0.2293,1.0445,-0.4080,1.145
14.018836693,-0.3212,1.0433,-0.4132,1.167
14.020841539,-0.4106,1.0440,-0.4009,1.191
14.023800078,-0.4863,1.0379,-0.4172,1.220
14.030373924,-0.5431,1.0313,-0.4622,1.254
14.031444385,-0.5738,1.0166,-0.4598,1.255
14.032044385,-0.6009,1.0049,-0.4820,1.266
14.033282539,-0.6339,0.9851,-0.5143,1.279
14.039601308,-0.6820,0.9641,-0.5336,1.296
14.040445616,-0.7770,0.9565,-0.5304,1.342
14.040829231,-0.8831,0.9421,-0.5192,1.392
14.046966462,-1.0204,0.9460,-0.4966,1.477
14.047380693,-1.1538,0.9583,-0.4789,1.574
14.047617847,-1.3116,0.9663,-0.4561,1.692
14.051047693,-1.4539,0.9678,-0.4155,1.795
14.052127078,-1.5724,0.9514,-0.3752,1.876
14.054524924,-1.6559,0.9294,-0.3389,1.929
14.057217231,-1.7236,0.8922,-0.3225,1.967
14.059996078,-1.7697,0.8451,-0.3664,1.995
14.06195877,-1.7783,0.7929,-0.3364,1.976
14.064733308,-1.7472,0.7403,-0.2460,1.913
14.067144693,-1.6913,0.6870,-0.1810,1.834
14.069150462,-1.6043,0.6313,-0.1861,1.734
14.072015462,-1.4893,0.5703,-0.2269,1.611
14.074202154,-1.3444,0.5116,-0.2506,1.460
14.076356385,-1.1562,0.4545,-0.2590,1.269
14.078881924,-0.9733,0.4226,-0.2658,1.094
14.083982539,-0.8384,0.4044,-0.2814,0.972
14.085331462,-0.6894,0.3774,-0.2851,0.836
14.086683385,-0.5699,0.3643,-0.2770,0.731
14.088613231,-0.4656,0.3469,-0.2680,0.640
14.092512001,-0.3786,0.3315,-0.2509,0.562
14.093550847,-0.3011,0.3166,-0.2164,0.488
14.095774539,-0.2435,0.3130,-0.2350,0.461
14.098224924,-0.1986,0.3115,-0.2436,0.442
14.100727078,-0.1685,0.3159,-0.2392,0.431
14.103240924,-0.1509,0.3206,-0.2180,0.416
14.105663078,-0.1333,0.3296,-0.2054,0.411
14.108561847,-0.1208,0.3369,-0.1966,0.408
14.110191385,-0.1113,0.3536,-0.1864,0.415
14.112733001,-0.1020,0.3741,-0.1884,0.431
14.115119385,-0.1022,0.3951,-0.1979,0.454
14.117548078,-0.1035,0.4146,-0.2101,0.476
14.120049616,-0.1123,0.4403,-0.2299,0.509
14.122941001,-0.1262,0.4549,-0.2565,0.537
14.129510847,-0.1380,0.4703,-0.2797,0.564
14.130638539,-0.1572,0.4840,-0.3035,0.593
14.131102154,-0.1865,0.4950,-0.3070,0.612
14.132741847,-0.2163,0.5131,-0.3014,0.633
14.137385308,-0.2484,0.5270,-0.3061,0.658
14.138273847,-0.2804,0.5356,-0.3203,0.684
14.139306462,-0.3075,0.5404,-0.3459,0.712
14.145453847,-0.3468,0.5341,-0.3733,0.738
14.145957924,-0.3886,0.5304,-0.4041,0.772
14.146825308,-0.4304,0.5207,-0.4258,0.799
14.149086462,-0.4565,0.5109,-0.4116,0.799
14.151129231,-0.4768,0.4982,-0.4104,0.802
14.153554847,-0.4910,0.4850,-0.4176,0.807
14.156521616,-0.4991,0.4664,-0.4192,0.801
14.158793847,-0.4959,0.4493,-0.4281,0.794
14.160944308,-0.4795,0.4332,-0.4346,0.779
14.163659693,-0.4732,0.4239,-0.4381,0.772
14.166828616,-0.4578,0.4034,-0.4288,0.746
14.168239078,-0.4439,0.3876,-0.4031,0.714
14.170626231,-0.4294,0.3727,-0.3677,0.677
14.173101616,-0.4260,0.3667,-0.3198,0.647
14.175491154,-0.4267,0.3646,-0.2723,0.624
14.177785001,-0.4331,0.3736,-0.2401,0.620
14.180461231,-0.4338,0.3827,-0.2271,0.621
14.182465001,-0.4355,0.3853,-0.2357,0.627
14.185673539,-0.4353,0.3916,-0.2690,0.644
14.188329847,-0.4460,0.3981,-0.3156,0.676
14.190805001,-0.4238,0.3941,-0.3438,0.673
14.192285231,-0.4155,0.3981,-0.3720,0.685
14.19451477,-0.4055,0.4029,-0.3833,0.688
14.196978155,-0.4067,0.4107,-0.3894,0.697
14.19973977,-0.4104,0.4174,-0.3882,0.702
14.202658539,-0.4216,0.4324,-0.3726,0.710
14.204574539,-0.4321,0.4489,-0.3522,0.716
14.207693308,-0.4474,0.4662,-0.3442,0.732
14.209247385,-0.4653,0.4850,-0.3471,0.756
14.211673616,-0.4846,0.5036,-0.3591,0.786
14.213984308,-0.5105,0.5211,-0.3801,0.823
14.216642462,-0.5345,0.5432,-0.3960,0.859
14.218905847,-0.5599,0.5681,-0.4053,0.895
14.221435078,-0.5787,0.5879,-0.4224,0.927
14.224080924,-0.5941,0.6047,-0.4400,0.955
14.225966155,-0.6116,0.6191,-0.4530,0.981
14.22867977,-0.6202,0.6306,-0.4686,1.001
14.231651385,-0.6217,0.6480,-0.4637,1.011
14.235699078,-0.6310,0.6716,-0.4514,1.026
14.236692385,-0.6405,0.6912,-0.4461,1.043
14.238234155,-0.6498,0.7149,-0.4368,1.060
14.247341308,-0.6525,0.7335,-0.4283,1.071
14.248344693,-0.6598,0.7518,-0.4163,1.083
14.249046539,-0.6652,0.7680,-0.4031,1.093
14.249608078,-0.6726,0.7857,-0.3911,1.106
14.249835462,-0.6850,0.8029,-0.3811,1.122
14.252315462,-0.6950,0.8224,-0.3675,1.138
14.254908924,-0.7045,0.8442,-0.3584,1.156
14.257668001,-0.7167,0.8654,-0.3445,1.175
14.264005001,-0.7265,0.8817,-0.3352,1.191
14.264590231,-0.7414,0.8987,-0.3308,1.211
14.264915462,-0.7529,0.9145,-0.3244,1.228
14.266729231,-0.7663,0.9311,-0.3154,1.246
14.269089231,-0.7849,0.9499,-0.3049,1.269
14.271877001,-0.7932,0.9611,-0.2956,1.281
14.273901231,-0.7966,0.9621,-0.2873,1.282
14.276568693,-0.7984,0.9572,-0.2851,1.279
14.279069539,-0.7802,0.9565,-0.2719,1.264
14.281369001,-0.7524,0.9473,-0.2685,1.239
14.283594155,-0.7211,0.9378,-0.2641,1.212
14.286381847,-0.6908,0.9248,-0.2570,1.183
14.288630847,-0.6610,0.9108,-0.2499,1.153
14.290852308,-0.6295,0.9003,-0.2462,1.126
14.293317001,-0.6011,0.8920,-0.2362,1.101
14.296216924,-0.5818,0.8913,-0.2252,1.088
14.298315078,-0.5584,0.8889,-0.2218,1.073
14.300661616,-0.5391,0.8894,-0.2147,1.062
14.303155155,-0.5259,0.8938,-0.2030,1.057
14.307060078,-0.5156,0.9023,-0.1998,1.058
14.308091693,-0.5130,0.9182,-0.1940,1.069
14.310214155,-0.5093,0.9353,-0.1786,1.080
14.312779385,-0.5105,0.9570,-0.1681,1.098
14.315299155,-0.5193,0.9809,-0.1730,1.123
14.317524385,-0.5350,1.0105,-0.1842,1.158
14.320030847,-0.5513,1.0413,-0.2013,1.195
14.323069847,-0.5723,1.0755,-0.2231,1.239
14.324576385,-0.5870,1.1063,-0.2482,1.277
14.327052616,-0.6032,1.1330,-0.2748,1.313
14.329769539,-0.6156,1.1535,-0.3061,1.343
14.335230847,-0.6256,1.1794,-0.3420,1.378
14.335859385,-0.6286,1.1994,-0.3764,1.405
14.337821616,-0.6337,1.2174,-0.4014,1.430
14.341734462,-0.6335,1.2311,-0.4146,1.445
14.342273924,-0.6337,1.2441,-0.4207,1.458
14.343998155,-0.6368,1.2632,-0.4185,1.475
14.346464078,-0.6405,1.2773,-0.4080,1.486
14.350962155,-0.6491,1.2924,-0.3958,1.499
14.35159177,-0.6574,1.3008,-0.3845,1.507
14.353794539,-0.6645,1.3142,-0.3726,1.519
14.356345308,-0.6701,1.3208,-0.3615,1.525
14.358587462,-0.6740,1.3181,-0.3525,1.522
14.360891078,-0.6705,1.3184,-0.3430,1.518
14.363928308,-0.6738,1.3169,-0.3381,1.517
14.365597231,-0.6735,1.3105,-0.3403,1.512
14.368400924,-0.6673,1.3032,-0.3486,1.505
14.370596924,-0.6610,1.2947,-0.3579,1.497
14.372862462,-0.6552,1.2807,-0.3631,1.484
14.375284693,-0.6488,1.2712,-0.3640,1.473
14.37838377,-0.6395,1.2560,-0.3608,1.455
14.380576078,-0.6363,1.2431,-0.3579,1.442
14.383121616,-0.6302,1.2267,-0.3486,1.423
14.385385001,-0.6251,1.2108,-0.3447,1.406
14.387708385,-0.6263,1.1938,-0.3396,1.390
14.389780308,-0.6295,1.1764,-0.3300,1.374
14.392131693,-0.6354,1.1581,-0.3130,1.357
14.39567077,-0.6419,1.1475,-0.2816,1.345
14.397274462,-0.6510,1.1330,-0.2772,1.336
14.399804924,-0.6601,1.1129,-0.2688,1.322
14.402180385,-0.6642,1.0911,-0.2467,1.301
14.404352308,-0.6717,1.0836,-0.2206,1.294
14.40688277,-0.6808,1.0676,-0.2128,1.284
14.409091693,-0.6931,1.0557,-0.2084,1.280
14.413767693,-0.7045,1.0501,-0.1976,1.280
14.414712308,-0.7218,1.0469,-0.1840,1.285
14.416501847,-0.7374,1.0466,-0.1761,1.292
14.418976308,-0.7575,1.0503,-0.1693,1.306
14.422180693,-0.7744,1.0633,-0.1619,1.325
14.423560385,-0.7942,1.0733,-0.1607,1.345
14.426196385,-0.8068,1.0792,-0.1546,1.356
14.428554539,-0.8159,1.0865,-0.1524,1.367
14.435308078,-0.8254,1.0858,-0.1490,1.372
14.436210155,-0.8289,1.0834,-0.1434,1.372
14.436701616,-0.8340,1.0729,-0.1429,1.366
14.446209308,-0.8340,1.0640,-0.1421,1.359
14.447211693,-0.8320,1.0440,-0.1434,1.343
14.447610462,-0.8274,1.0240,-0.1463,1.325
14.447827385,-0.8152,0.9919,-0.1546,1.293
14.448025847,-0.7998,0.9578,-0.1647,1.259
14.450908924,-0.7817,0.9229,-0.1779,1.222
14.453508078,-0.7665,0.8842,-0.1859,1.185
14.455555385,-0.7460,0.8463,-0.1966,1.145
14.457536924,-0.7272,0.8087,-0.2015,1.106
14.459976001,-0.7073,0.7699,-0.2074,1.066
14.462674155,-0.6899,0.7330,-0.2110,1.028
14.46472377,-0.6754,0.7030,-0.2187,0.999
14.467288385,-0.6581,0.6736,-0.2211,0.967
14.469530847,-0.6432,0.6478,-0.2211,0.939
14.472367385,-0.6310,0.6250,-0.2257,0.916
14.475139462,-0.6153,0.6038,-0.2264,0.891
14.47682777,-0.6048,0.5905,-0.2271,0.875
14.47991877,-0.5988,0.5808,-0.2262,0.864
14.481466155,-0.5936,0.5822,-0.2282,0.862
14.484387693,-0.5892,0.5903,-0.2233,0.863
14.486507693,-0.5838,0.5917,-0.2167,0.859
14.489415693,-0.5790,0.6096,-0.2135,0.867
14.492034155,-0.5738,0.6213,-0.2017,0.869
14.493956001,-0.5662,0.6352,-0.1961,0.873
14.496881539,-0.5629,0.6541,-0.1886,0.883
14.498465847,-0.5613,0.6716,-0.1873,0.895
14.501028616,-0.5623,0.6926,-0.1812,0.910
14.504573616,-0.5569,0.7076,-0.1737,0.917
14.505634231,-0.5364,0.7198,-0.1673,0.913
14.508066539,-0.5347,0.7333,-0.1654,0.922
14.510516616,-0.5387,0.7430,-0.1659,0.933
14.513374462,-0.5438,0.7474,-0.1719,0.940
14.515385001,-0.5573,0.7564,-0.1784,0.956
14.51780777,-0.5713,0.7569,-0.1820,0.966
14.525143385,-0.5778,0.7596,-0.1861,0.972
14.525844078,-0.5750,0.7589,-0.1917,0.971
14.526088693,-0.5729,0.7542,-0.1989,0.968
14.527496078,-0.5685,0.7503,-0.2054,0.963
14.532711155,-0.5629,0.7433,-0.2103,0.956
14.533177308,-0.5580,0.7364,-0.2147,0.949
14.534600616,-0.5520,0.7303,-0.2194,0.941
14.540872001,-0.5438,0.7281,-0.2196,0.935
14.541441924,-0.5352,0.7247,-0.2240,0.928
14.541934231,-0.5298,0.7242,-0.2248,0.925
14.545066539,-0.5284,0.7205,-0.2282,0.922
14.546796385,-0.5249,0.7184,-0.2318,0.919
14.549179385,-0.5215,0.7135,-0.2350,0.914
14.551821308,-0.5210,0.7130,-0.2392,0.915
14.553989924,-0.5230,0.7127,-0.2460,0.918
14.556245001,-0.5261,0.7127,-0.2616,0.924
14.558640385,-0.5249,0.7184,-0.2756,0.931
14.562194847,-0.5203,0.7354,-0.2851,0.945
14.563755385,-0.5071,0.7552,-0.2881,0.954
14.566044693,-0.4837,0.7755,-0.2917,0.959
14.570479078,-0.4502,0.7936,-0.3026,0.961
14.571810847,-0.4059,0.8099,-0.3191,0.960
14.573277616,-0.3535,0.8386,-0.3091,0.961
14.575775462,-0.2921,0.8759,-0.2541,0.958
14.579271462,-0.2289,0.9250,-0.1373,0.963
14.580474539,-0.1536,0.9881,0.0378,1.001
14.583265539,-0.0688,1.0767,0.2333,1.104
14.585476924,0.0139,1.1908,0.4092,1.259
14.588388616,0.1053,1.3536,0.5455,1.463
14.590475385,0.1996,1.5236,0.7060,1.691
14.592867078,0.2907,1.6819,1.0324,1.995
14.595635693,0.3587,1.8187,1.4778,2.371
14.59740377,0.4234,1.9411,1.8626,2.723
14.599968924,0.4945,2.0420,2.0060,2.905
14.60235177,0.4935,2.1434,1.6540,2.752
14.604787385,0.4139,2.2275,0.9112,2.442
14.607032616,0.3452,2.2758,0.1199,2.305
14.609890155,0.3264,2.2776,-0.4735,2.349
14.612343462,0.3324,2.2357,-0.7823,2.392
14.614722462,0.3522,2.1549,-0.8888,2.357
14.61754377,0.3440,2.0445,-0.8568,2.243
14.624953308,0.3156,1.9074,-0.7283,2.066
14.625543078,0.2736,1.7528,-0.5475,1.857
14.625804308,0.1866,1.6020,-0.3938,1.660
14.626295693,0.0936,1.4573,-0.2469,1.481
14.631792924,-0.0050,1.3235,-0.1324,1.330
14.632466539,-0.0877,1.2018,-0.0359,1.206
14.633484385,-0.1700,1.0897,0.0605,1.105
14.641492693,-0.2240,0.9876,0.1243,1.020
14.642058231,-0.2809,0.9001,0.1587,0.956
14.642334539,-0.3424,0.8139,0.1611,0.898
14.644784308,-0.4031,0.7337,0.1360,0.848
14.645596308,-0.4717,0.6739,0.1196,0.831
14.64797077,-0.5664,0.6411,0.1350,0.866
14.65068277,-0.6556,0.6269,0.1382,0.918
14.653250155,-0.7423,0.6280,0.1599,0.985
14.655201924,-0.8266,0.6478,0.1521,1.061
14.657772308,-0.8804,0.6699,0.1406,1.115
14.660326847,-0.8795,0.6812,0.1560,1.123
14.662825924,-0.8573,0.6932,0.1770,1.117
14.664912001,-0.8037,0.7037,0.1976,1.086
14.667295385,-0.7509,0.7212,0.2389,1.068
14.669744308,-0.7031,0.7342,0.2103,1.038
14.672359693,-0.6481,0.7310,0.1429,0.987
14.674741308,-0.5976,0.7259,0.0688,0.943
14.678030847,-0.5423,0.7300,-0.0156,0.909
14.679330155,-0.4858,0.7428,-0.0679,0.890
14.681939078,-0.4423,0.7603,-0.1013,0.885
14.684463693,-0.4043,0.7872,-0.1346,0.895
14.687032693,-0.3712,0.8153,-0.1575,0.910
14.689339155,-0.3393,0.8532,-0.1705,0.934
14.69156277,-0.3114,0.8954,-0.1871,0.966
14.694468001,-0.2965,0.9458,-0.2331,1.018
14.696522847,-0.2816,0.9868,-0.2504,1.056
14.69862677,-0.2741,1.0230,-0.2702,1.093
14.701307078,-0.2696,1.0503,-0.2968,1.124
14.703776924,-0.2662,1.0769,-0.3137,1.153
14.705888616,-0.2726,1.1011,-0.3193,1.178
14.708685001,-0.2845,1.1181,-0.3256,1.199
14.711154847,-0.2934,1.1278,-0.3289,1.211
14.713052924,-0.3023,1.1339,-0.3249,1.218
14.715690155,-0.2999,1.1356,-0.3137,1.216
14.718071385,-0.2931,1.1358,-0.2907,1.209
14.72052377,-0.2767,1.1305,-0.2621,1.193
14.723486231,-0.2550,1.1244,-0.2341,1.176
14.72560377,-0.2352,1.1163,-0.2069,1.159
14.732622231,-0.2100,1.1080,-0.1781,1.142
14.733486847,-0.1844,1.1007,-0.1573,1.127
14.73383477,-0.1616,1.0960,-0.1446,1.117
14.739214539,-0.1336,1.0960,-0.1356,1.112
14.739871693,-0.1187,1.0887,-0.1278,1.103
14.740073924,-0.0969,1.0821,-0.1243,1.094
14.741941308,-0.0822,1.0801,-0.1195,1.090
14.74887177,-0.0642,1.0789,-0.1060,1.086
14.749447078,-0.0527,1.0846,-0.0985,1.090
14.74978777,-0.0402,1.0862,-0.0882,1.091
14.752883078,-0.0312,1.0911,-0.0769,1.094
14.75405477,-0.0321,1.0999,-0.0631,1.102
14.756588308,-0.0290,1.1055,-0.0613,1.108
14.759814539,-0.0304,1.1078,-0.0533,1.109
14.761297847,-0.0314,1.1095,-0.0466,1.111
14.763950155,-0.0372,1.1112,-0.0498,1.113
14.766604078,-0.0417,1.1080,-0.0662,1.111
14.769432001,-0.0397,1.1002,-0.0872,1.104
14.771284693,-0.0349,1.0916,-0.1134,1.098
14.773561308,-0.0260,1.0785,-0.1390,1.088
14.777017231,-0.0136,1.0660,-0.1725,1.080
14.778310462,0.0002,1.0501,-0.2082,1.071
14.780618155,0.0183,1.0310,-0.2416,1.059
14.78520377,0.0356,1.0098,-0.2760,1.047
14.78606777,0.0473,0.9898,-0.3083,1.038
14.787893231,0.0613,0.9727,-0.3377,1.031
14.790706462,0.0755,0.9529,-0.3569,1.020
14.793488001,0.0820,0.9387,-0.3671,1.011
14.795058155,0.0872,0.9301,-0.3667,1.004
14.797684308,0.0857,0.9223,-0.3601,0.994
14.79986777,0.0818,0.9204,-0.3457,0.987
14.802437616,0.0736,0.9187,-0.3291,0.979
14.804717616,0.0606,0.9196,-0.3075,0.972
14.807396616,0.0466,0.9243,-0.2863,0.969
14.810042155,0.0279,0.9329,-0.2597,0.969
14.812158231,0.0110,0.9411,-0.2352,0.970
14.814672078,-0.0085,0.9518,-0.2087,0.974
14.817852078,-0.0278,0.9632,-0.1820,0.981
14.819015385,-0.0514,0.9797,-0.1526,0.993
14.821504001,-0.0684,0.9932,-0.1253,1.003
14.826077001,-0.0842,1.0042,-0.1036,1.013
14.827160693,-0.0971,1.0191,-0.0836,1.027
14.829309001,-0.1118,1.0308,-0.0718,1.039
14.831645539,-0.1233,1.0408,-0.0591,1.050
14.840104924,-0.1380,1.0513,-0.0530,1.062
14.840745231,-0.1429,1.0547,-0.0501,1.066
14.841139693,-0.1504,1.0584,-0.0481,1.070
14.841514847,-0.1572,1.0584,-0.0437,1.071
14.848776924,-0.1614,1.0631,-0.0437,1.076
14.85016277,-0.1665,1.0584,-0.0496,1.073
14.850614539,-0.1734,1.0552,-0.0610,1.071
14.850874231,-0.1783,1.0503,-0.0767,1.068
14.853365847,-0.1870,1.0408,-0.0950,1.062
14.85647877,-0.1890,1.0330,-0.1172,1.057
14.857959462,-0.1934,1.0235,-0.1405,1.051
14.860017847,-0.1990,1.0107,-0.1656,1.043
14.862774155,-0.2047,0.9991,-0.1881,1.037
14.865476308,-0.2130,0.9830,-0.2052,1.026
14.867511385,-0.2184,0.9770,-0.2122,1.023
14.869877231,-0.2268,0.9665,-0.2167,1.016
14.872296001,-0.2345,0.9572,-0.2175,1.009
14.875913539,-0.2438,0.9478,-0.2191,1.003
14.87699877,-0.2510,0.9387,-0.2180,0.996
14.880076616,-0.2580,0.9367,-0.2157,0.995
14.881913616,-0.2631,0.9336,-0.2087,0.992
14.885166847,-0.2657,0.9282,-0.1973,0.985
14.887025231,-0.2657,0.9255,-0.1859,0.981
14.889512385,-0.2631,0.9218,-0.1776,0.975
14.892729847,-0.2552,0.9243,-0.1679,0.973
14.893864693,-0.2440,0.9231,-0.1575,0.968
14.89714377,-0.2284,0.9280,-0.1441,0.966
14.899067693,-0.2140,0.9318,-0.1275,0.965
14.901466539,-0.1958,0.9360,-0.1202,0.964
14.903772001,-0.1734,0.9429,-0.1102,0.965
14.906121616,-0.1546,0.9453,-0.1029,0.963
14.908820385,-0.1338,0.9506,-0.0967,0.965
14.910823462,-0.1189,0.9592,-0.0929,0.971
14.913457924,-0.1047,0.9636,-0.0938,0.974
14.915769539,-0.0945,0.9660,-0.0906,0.975
14.918067693,-0.0847,0.9704,-0.0911,0.978
14.920630231,-0.0789,0.9760,-0.0862,0.983
14.924122155,-0.0768,0.9819,-0.0833,0.988
14.926751078,-0.0747,0.9832,-0.0818,0.989
14.927920385,-0.0754,0.9846,-0.0787,0.991
14.930247462,-0.0761,0.9893,-0.0769,0.995
14.937929847,-0.0776,0.9876,-0.0759,0.994
14.938821539,-0.0789,0.9890,-0.0776,0.995
14.93923177,-0.0864,0.9910,-0.0738,0.998
14.939839155,-0.0884,0.9919,-0.0708,0.998
14.946181308,-0.0898,0.9961,-0.0696,1.003
14.946875693,-0.0874,0.9946,-0.0708,1.001
14.947356693,-0.0803,0.9926,-0.0740,0.999
14.954237231,-0.0684,0.9949,-0.0799,1.000
14.954854155,-0.0581,0.9998,-0.0908,1.006
14.95518277,-0.0465,0.9973,-0.1041,1.004
14.958345539,-0.0353,0.9919,-0.1134,0.999
14.959109231,-0.0265,0.9919,-0.1246,1.000
14.961598462,-0.0244,0.9932,-0.1321,1.002
14.964274847,-0.0263,0.9932,-0.1388,1.003
14.966815078,-0.0316,0.9923,-0.1434,1.003
14.968870155,-0.0383,0.9886,-0.1488,1.000
14.971364001,-0.0510,0.9886,-0.1514,1.001
14.975292078,-0.0598,0.9874,-0.1521,1.001
14.97661477,-0.0693,0.9851,-0.1488,0.999
14.978754539,-0.0803,0.9817,-0.1470,0.996
14.98376277,-0.0861,0.9805,-0.1483,0.995
14.984869539,-0.0926,0.9783,-0.1517,0.994
14.985761308,-0.0969,0.9707,-0.1534,0.988
14.988270847,-0.0989,0.9653,-0.1534,0.982
14.99181477,-0.1003,0.9623,-0.1549,0.980
14.993252385,-0.1015,0.9543,-0.1561,0.972
14.995503078,-0.1071,0.9497,-0.1573,0.969
14.997805616,-0.1087,0.9431,-0.1595,0.963
15.001047693,-0.1108,0.9453,-0.1612,0.965
15.002893539,-0.1099,0.9402,-0.1666,0.961
15.005112616,-0.1057,0.9402,-0.1676,0.961
15.008003385,-0.1052,0.9372,-0.1651,0.957
15.009810847,-0.1006,0.9360,-0.1617,0.955
15.012356001,-0.0942,0.9338,-0.1573,0.952
15.015044001,-0.0891,0.9316,-0.1521,0.948
15.017547155,-0.0837,0.9311,-0.1526,0.947
15.020054231,-0.0803,0.9294,-0.1554,0.946
15.022038155,-0.0764,0.9304,-0.1539,0.946
15.024628616,-0.0730,0.9341,-0.1526,0.949
15.026597001,-0.0705,0.9369,-0.1539,0.952
15.029287462,-0.0663,0.9406,-0.1530,0.955
15.037464693,-0.0619,0.9429,-0.1539,0.957
15.038697308,-0.0581,0.9455,-0.1554,0.960
15.039226847,-0.0566,0.9460,-0.1554,0.960
15.03950377,-0.0558,0.9473,-0.1563,0.962
15.048341231,-0.0530,0.9497,-0.1605,0.965
15.049096001,-0.0563,0.9499,-0.1635,0.966
15.049365001,-0.0581,0.9495,-0.1705,0.966
15.049615385,-0.0642,0.9460,-0.1730,0.964
15.051672616,-0.0703,0.9483,-0.1742,0.967
15.053986155,-0.0740,0.9446,-0.1759,0.964
15.055788693,-0.0828,0.9470,-0.1737,0.966
15.057905308,-0.0871,0.9504,-0.1766,0.971
15.060429001,-0.0849,0.9548,-0.1771,0.975
15.06309477,-0.0822,0.9646,-0.1712,0.983
15.065431385,-0.0791,0.9768,-0.1583,0.993
15.067804924,-0.0766,0.9853,-0.1453,0.999
15.070429308,-0.0724,0.9890,-0.1353,1.001
15.072835078,-0.0700,0.9902,-0.1275,1.001
15.075467155,-0.0712,0.9898,-0.1234,1.000
15.077659155,-0.0773,0.9812,-0.1236,0.992
15.079952385,-0.0857,0.9737,-0.1288,0.986
15.08234377,-0.0991,0.9602,-0.1356,0.975
15.084424616,-0.1103,0.9460,-0.1425,0.963
15.087236924,-0.1208,0.9323,-0.1512,0.952
15.09043877,-0.1297,0.9201,-0.1554,0.942
15.091752308,-0.1336,0.9094,-0.1505,0.931
15.094169539,-0.1331,0.9057,-0.1381,0.926
15.096722847,-0.1326,0.8991,-0.1221,0.917
15.099145924,-0.1338,0.8977,-0.1041,0.914
15.10141177,-0.1316,0.8957,-0.0843,0.909
15.10382377,-0.1267,0.8903,-0.0708,0.902
15.107242539,-0.1177,0.8901,-0.0608,0.900
15.108442847,-0.1066,0.8824,-0.0594,0.891
15.111099155,-0.0982,0.8791,-0.0598,0.887
15.113564001,-0.0864,0.8723,-0.0631,0.879
15.116534231,-0.0744,0.8651,-0.0662,0.871
15.118162539,-0.0647,0.8554,-0.0684,0.861
15.12083477,-0.0619,0.8481,-0.0677,0.853
15.123636078,-0.0574,0.8397,-0.0671,0.844
15.125448385,-0.0595,0.8283,-0.0618,0.833
15.128224001,-0.0675,0.8148,-0.0535,0.819
15.130596385,-0.0791,0.8048,-0.0481,0.810
15.136553308,-0.0920,0.7906,-0.0440,0.797
15.137447462,-0.1115,0.7792,-0.0447,0.788
15.139381616,-0.1341,0.7689,-0.0459,0.782
15.145619155,-0.1641,0.7579,-0.0452,0.777
15.146429924,-0.1917,0.7459,-0.0403,0.771
15.146909001,-0.2279,0.7389,-0.0368,0.774
15.147154539,-0.2699,0.7281,-0.0337,0.777
15.152413616,-0.3127,0.7142,-0.0305,0.780
15.152957924,-0.3510,0.6983,-0.0310,0.782
15.154508385,-0.3894,0.6851,-0.0284,0.789
15.156813001,-0.4269,0.6716,-0.0359,0.797
15.159653924,-0.4616,0.6546,-0.0479,0.802
15.162273231,-0.4954,0.6411,-0.0601,0.812
15.166189539,-0.5196,0.6292,-0.0776,0.820
15.167487693,-0.5526,0.6179,-0.1031,0.835
15.169534847,-0.5785,0.6086,-0.1211,0.848
15.171944924,-0.6002,0.6145,-0.1211,0.867
15.175042847,-0.6153,0.6292,-0.1078,0.887
15.176433001,-0.6230,0.6572,-0.0948,0.911
15.178949847,-0.6158,0.6890,-0.0987,0.929
15.181445539,-0.5960,0.7266,-0.1204,0.947
15.183380385,-0.5657,0.7699,-0.1532,0.968
15.185751385,-0.5245,0.8172,-0.1847,0.988
15.189291462,-0.4774,0.8666,-0.2147,1.012
15.190463462,-0.4309,0.9211,-0.2492,1.047
15.19291477,-0.3852,0.9805,-0.2827,1.091
15.195810462,-0.3491,1.0369,-0.3186,1.140
15.198035078,-0.3244,1.0902,-0.3528,1.191
15.200408308,-0.3070,1.1395,-0.3843,1.241
15.202708308,-0.2953,1.1820,-0.3921,1.280
15.206003462,-0.3004,1.2231,-0.3880,1.318
15.207629539,-0.3132,1.2480,-0.3671,1.338
15.209901924,-0.3283,1.2621,-0.3357,1.347
15.212402231,-0.3476,1.2556,-0.3026,1.338
15.215684308,-0.3703,1.2272,-0.2697,1.310
15.217534539,-0.3945,1.1782,-0.2485,1.267
15.219900924,-0.4162,1.1151,-0.2320,1.213
15.222609001,-0.4306,1.0440,-0.2199,1.151
15.22431977,-0.4639,0.9739,-0.2140,1.100
15.227235462,-0.4879,0.9040,-0.2145,1.049
15.229276308,-0.5081,0.8390,-0.2003,1.001
15.236229539,-0.5286,0.7901,-0.1866,0.969
15.236766462,-0.5420,0.7538,-0.1710,0.944
15.237041616,-0.5469,0.7281,-0.1575,0.924
15.243722231,-0.5445,0.7181,-0.1537,0.914
15.244735078,-0.5330,0.7174,-0.1470,0.906
15.245239385,-0.5061,0.7237,-0.1292,0.893
15.245970231,-0.4660,0.7330,-0.1048,0.875
15.251972001,-0.4155,0.7364,-0.0733,0.849
15.252625539,-0.3666,0.7312,-0.0530,0.820
15.25335977,-0.3163,0.7098,-0.0552,0.779
15.256131155,-0.2797,0.6697,-0.0747,0.730
15.258078155,-0.2494,0.6171,-0.1104,0.675
15.260707385,-0.2066,0.5453,-0.1402,0.600
15.263460308,-0.2349,0.4782,-0.2069,0.572
15.273658462,-0.2799,0.3975,-0.2756,0.559
15.274885231,-0.3349,0.3215,-0.3403,0.576
15.276060308,-0.3982,0.2625,-0.3946,0.619
15.276958231,-0.4751,0.2143,-0.4307,0.676
15.277248308,-0.5557,0.1908,-0.4419,0.735
15.277622155,-0.6283,0.1962,-0.4260,0.784
15.279800001,-0.6906,0.2304,-0.3823,0.822
15.282057539,-0.7346,0.2849,-0.3252,0.852
15.284451462,-0.7609,0.3606,-0.2555,0.880
15.287149616,-0.7630,0.4425,-0.1879,0.902
15.289218155,-0.7470,0.5267,-0.1395,0.925
15.291715155,-0.7209,0.6118,-0.1165,0.953
15.294562462,-0.6906,0.6914,-0.1239,0.985
15.296646462,-0.6552,0.7652,-0.1446,1.018
15.299042231,-0.6197,0.8314,-0.1800,1.052
15.301314155,-0.5958,0.9026,-0.2035,1.100
15.304420001,-0.5787,0.9802,-0.2155,1.158
15.306184693,-0.5674,1.0680,-0.2252,1.230
15.308789539,-0.5587,1.1591,-0.2175,1.305
15.311189231,-0.5538,1.2497,-0.1915,1.380
15.313703078,-0.5687,1.3526,-0.1412,1.474
15.315942847,-0.5931,1.4564,-0.1106,1.576
15.318456078,-0.6144,1.5551,-0.0994,1.675
15.329330462,-0.6307,1.6448,-0.0987,1.764
15.329959155,-0.6368,1.7219,-0.1139,1.839
15.330139462,-0.6251,1.7852,-0.1292,1.896
15.330355385,-0.5955,1.8309,-0.1378,1.930
15.330672693,-0.5496,1.8719,-0.1437,1.956
15.333065616,-0.4812,1.8910,-0.1402,1.956
15.335389308,-0.3959,1.8768,-0.1297,1.923
15.337469539,-0.2938,1.8267,-0.1146,1.854
15.339870155,-0.1888,1.7312,-0.0889,1.744
15.342600001,-0.0866,1.5896,-0.0857,1.594
15.344695693,-0.0023,1.4173,-0.1267,1.423
15.347149847,0.0586,1.2395,-0.1856,1.255
15.34965077,0.0867,1.0660,-0.2534,1.099
15.352483693,0.0736,0.9169,-0.3638,0.989
15.35543477,0.0271,0.7916,-0.4439,0.908
15.357303385,-0.0551,0.6963,-0.5006,0.859
15.359341231,-0.1695,0.6413,-0.5418,0.857
15.363099693,-0.3014,0.6126,-0.5770,0.894
15.364405539,-0.4521,0.6218,-0.6330,0.996
15.36679877,-0.6200,0.6763,-0.6948,1.151
15.369116616,-0.7898,0.7777,-0.6975,1.310
15.371653308,-0.9610,0.9274,-0.6494,1.485
15.373975462,-1.1128,1.1039,-0.5672,1.667
15.376669616,-1.2359,1.2832,-0.4747,1.844
15.37874377,-1.3121,1.4603,-0.3926,2.002
15.381299078,-1.3505,1.6047,-0.3191,2.121
15.383549231,-1.3649,1.7212,-0.2580,2.212
15.386118231,-1.3544,1.8092,-0.2182,2.270
15.388361539,-1.3055,1.8691,-0.1796,2.287
15.390898462,-1.2606,1.8910,-0.1879,2.280
15.393392385,-1.2051,1.8759,-0.1942,2.238
15.395981539,-1.1526,1.8397,-0.1924,2.179
15.398198155,-1.0976,1.7759,-0.1969,2.097
15.401322847,-1.0568,1.6985,-0.2040,2.011
15.404331462,-1.0416,1.6157,-0.2211,1.935
15.405201539,-1.0253,1.5321,-0.2394,1.859
15.407491462,-1.0092,1.4486,-0.2574,1.784
15.410257847,-0.9901,1.3699,-0.2558,1.709
15.413595462,-0.9752,1.2979,-0.2478,1.642
15.415178539,-0.9657,1.2350,-0.2475,1.587
15.417375462,-0.9515,1.1735,-0.2271,1.528
15.42039077,-0.9310,1.1160,-0.2231,1.470
15.422239462,-0.9142,1.0636,-0.2284,1.421
15.42463177,-0.9004,1.0177,-0.2292,1.378
15.426928308,-0.8834,0.9688,-0.2534,1.335
15.431565231,-0.8690,0.9180,-0.2719,1.293
15.432178231,-0.8589,0.8693,-0.2772,1.253
15.434680924,-0.8585,0.8265,-0.2475,1.217
15.445737539,-0.8611,0.7892,-0.1969,1.185
15.446026462,-0.8580,0.7447,-0.1622,1.148
15.446256616,-0.8520,0.7000,-0.1630,1.115
15.446403385,-0.8436,0.6531,-0.1864,1.083
15.446558462,-0.8345,0.6079,-0.2022,1.052
15.449677231,-0.8186,0.5630,-0.2140,1.016
15.451956693,-0.8012,0.5190,-0.2399,0.984
15.453669616,-0.7873,0.4720,-0.2627,0.955
15.456096001,-0.7849,0.4223,-0.2529,0.926
15.458344001,-0.7935,0.3623,-0.2191,0.899
15.46123477,-0.8191,0.3084,-0.1598,0.890
15.462943155,-0.8655,0.2519,-0.0743,0.904
15.465399693,-0.9437,0.2099,-0.0046,0.967
15.468236693,-1.0600,0.1766,0.0141,1.075
15.470965308,-1.1944,0.1361,-0.0088,1.202
15.473029847,-1.3260,0.0892,-0.0528,1.330
15.475485847,-1.4551,0.0371,-0.1114,1.460
15.478677308,-1.5538,-0.0182,-0.2057,1.567
15.48003177,-1.6437,-0.0709,-0.3252,1.677
15.482432001,-1.6957,-0.1271,-0.4381,1.756
15.484889539,-1.7015,-0.1792,-0.5182,1.788
15.487308001,-1.6539,-0.2224,-0.5269,1.750
15.489608385,-1.5503,-0.2593,-0.4740,1.642
15.492346539,-1.4047,-0.2903,-0.3750,1.483
15.494912616,-1.2308,-0.3162,-0.2389,1.293
15.496875078,-1.0429,-0.3336,-0.0608,1.097
15.499666462,-0.8338,-0.3453,0.1272,0.911
15.501880924,-0.6149,-0.3670,0.3251,0.786
15.504061539,-0.3979,-0.3874,0.5154,0.758
15.506516078,-0.1917,-0.4076,0.6742,0.811
15.509375693,-0.0062,-0.4113,0.8636,0.957
15.511967385,0.1539,-0.4037,1.0158,1.104
15.513859462,0.2812,-0.4001,1.0710,1.177
15.516673001,0.3645,-0.3822,1.0187,1.147
15.519683693,0.4317,-0.3609,0.9247,1.082
15.520928385,0.5077,-0.3407,0.7619,0.977
15.52366377,0.5726,-0.3072,0.5655,0.861
15.526390847,0.5394,-0.2398,0.5238,0.789
15.528726847,0.5394,-0.1953,0.3633,0.679
15.530742539,0.5519,-0.1543,0.1658,0.597
15.533266462,0.5602,-0.1091,0.0586,0.574
15.540165001,0.5453,-0.0458,-0.0293,0.548
15.54118277,0.5092,0.0289,-0.0857,0.517
15.54184677,0.4742,0.1107,-0.0938,0.496
15.543506847,0.4432,0.1913,-0.0874,0.491
15.551146232,0.4123,0.2737,-0.1187,0.509
15.551974155,0.3589,0.3675,-0.1165,0.527
15.552216924,0.2685,0.4718,-0.1402,0.561
15.55275977,0.1722,0.5570,-0.2096,0.620
15.555623385,0.0975,0.6115,-0.2438,0.665
15.55721077,0.0522,0.6360,-0.3252,0.716
15.560837924,0.0005,0.6518,-0.3044,0.719
15.561971155,-0.0761,0.7037,-0.2445,0.749
15.564452693,-0.1595,0.7518,-0.2280,0.802
15.567381308,-0.2305,0.7916,-0.1800,0.844
15.569667385,-0.2897,0.8172,-0.1199,0.875
15.571705924,-0.3351,0.8265,-0.0620,0.894
15.574197232,-0.3691,0.8258,-0.0030,0.905
15.577593001,-0.4052,0.8209,0.0514,0.917
15.578949616,-0.4362,0.8085,0.1155,0.926
15.581208385,-0.4619,0.7906,0.1732,0.932
15.583680616,-0.4795,0.7752,0.2222,0.938
15.586168078,-0.4959,0.7547,0.2564,0.939
15.588843693,-0.5040,0.7277,0.2767,0.927
15.591677924,-0.5032,0.7027,0.2794,0.908
15.594792693,-0.4942,0.6756,0.2680,0.879
15.59595077,-0.4761,0.6506,0.2415,0.842
15.598280308,-0.4463,0.6292,0.2208,0.802
15.600887693,-0.4140,0.6143,0.2039,0.768
15.603129308,-0.3700,0.6042,0.1951,0.735
15.605772693,-0.3063,0.5964,0.1423,0.685
15.608869001,-0.2215,0.5614,0.0842,0.609
15.610779462,-0.1518,0.5385,0.1028,0.569
15.612661232,-0.0982,0.5207,0.0302,0.531
15.615171385,-0.0344,0.5021,0.0176,0.504
15.618866232,0.0848,0.4573,0.0216,0.466
15.619929539,0.0820,0.4884,0.0417,0.497
15.622317924,0.0381,0.5097,0.0219,0.512
15.624704924,-0.0043,0.5080,-0.0364,0.509
15.627400385,-0.0754,0.5267,0.0004,0.532
15.629624693,-0.1001,0.5502,-0.0212,0.560
15.63221177,-0.1157,0.5754,-0.0675,0.591
15.639799385,-0.1434,0.5974,-0.1080,0.624
15.640668616,-0.1725,0.6194,-0.1260,0.655
15.640960385,-0.1998,0.6445,-0.1570,0.693
15.641772078,-0.2242,0.6751,-0.1898,0.736
15.650745847,-0.2482,0.6961,-0.2360,0.776
15.651616078,-0.2726,0.7086,-0.2768,0.808
15.651866155,-0.3148,0.7498,-0.2934,0.865
15.652255462,-0.3776,0.8006,-0.2974,0.934
15.653499155,-0.4436,0.8449,-0.3054,1.002
15.656199078,-0.4768,0.8681,-0.3130,1.039
15.658462232,-0.5019,0.8977,-0.3132,1.075
15.661029847,-0.5503,0.9409,-0.3115,1.134
15.663173001,-0.5953,0.9729,-0.3044,1.180
15.666061616,-0.6323,0.9988,-0.3091,1.222
15.668374155,-0.6608,1.0196,-0.3237,1.257
15.670513924,-0.6869,1.0415,-0.3284,1.290
15.673456924,-0.7099,1.0552,-0.2983,1.306
15.676379078,-0.7226,1.0643,-0.2927,1.319
15.677800078,-0.7453,1.0870,-0.2965,1.351
15.680157616,-0.7744,1.1053,-0.2921,1.381
15.682669001,-0.8096,1.1234,-0.2732,1.411
15.685117924,-0.8384,1.1414,-0.2680,1.441
15.687401232,-0.8582,1.1547,-0.2704,1.464
15.689938232,-0.8960,1.1771,-0.2739,1.505
15.693000001,-0.9417,1.1957,-0.2814,1.548
15.694728308,-0.9828,1.2106,-0.3073,1.589
15.697186539,-1.0263,1.2176,-0.3476,1.630
15.699496308,-1.0686,1.2216,-0.3816,1.667
15.701963462,-1.1066,1.2211,-0.4158,1.700
15.704243155,-1.1357,1.2176,-0.4419,1.723
15.70686777,-1.1555,1.2101,-0.4615,1.736
15.709753539,-1.1753,1.1922,-0.4688,1.739
15.711493924,-1.1890,1.1728,-0.4637,1.733
15.714228308,-1.2044,1.1493,-0.4579,1.727
15.717688078,-1.2356,1.1354,-0.4470,1.737
15.718973232,-1.2638,1.1183,-0.4224,1.740
15.721716001,-1.2889,1.1124,-0.3836,1.745
15.723732001,-1.3041,1.1021,-0.3506,1.743
15.726036693,-1.3141,1.0927,-0.3193,1.739
15.728390232,-1.3172,1.0862,-0.2821,1.731
15.731542232,-1.3111,1.0772,-0.2436,1.714
15.738295385,-1.3046,1.0711,-0.2255,1.703
15.738991078,-1.2857,1.0596,-0.2084,1.679
15.739571385,-1.2569,1.0438,-0.1670,1.642
15.741051385,-1.2056,1.0154,-0.1297,1.582
15.745260001,-1.1450,0.9827,-0.0941,1.512
15.74590277,-1.0649,0.9450,-0.0750,1.426
15.747654847,-0.9706,0.8962,-0.0679,1.323
15.75381577,-0.8836,0.8488,-0.0638,1.227
15.754644001,-0.8045,0.8143,-0.0586,1.146
15.755083155,-0.7283,0.7865,-0.0440,1.073
15.758957539,-0.6479,0.7608,-0.0251,1.000
15.759565616,-0.5706,0.7413,-0.0244,0.936
15.762129924,-0.5091,0.7268,-0.0298,0.888
15.764667078,-0.4572,0.7086,-0.0417,0.844
15.767380616,-0.4155,0.6963,-0.0584,0.813
15.769332616,-0.3810,0.6863,-0.0767,0.789
15.772287155,-0.3586,0.6844,-0.1016,0.779
15.775482155,-0.3368,0.6858,-0.1221,0.774
15.776852924,-0.3195,0.6961,-0.1483,0.780
15.779050232,-0.3026,0.7091,-0.1749,0.791
15.781614155,-0.2873,0.7342,-0.1957,0.812
15.784192078,-0.2792,0.7575,-0.2118,0.835
15.786410539,-0.2689,0.7862,-0.2201,0.860
15.788820078,-0.2662,0.8192,-0.2199,0.889
15.792337001,-0.2582,0.8500,-0.2120,0.913
15.793683155,-0.2438,0.8889,-0.2091,0.945
15.796367693,-0.2401,0.9238,-0.1840,0.972
15.798450847,-0.2384,0.9563,-0.1766,1.001
15.80131477,-0.2320,0.9861,-0.1737,1.028
15.803327693,-0.2179,1.0125,-0.1579,1.048
15.805962462,-0.2124,1.0382,-0.1637,1.072
15.808480001,-0.2076,1.0535,-0.1502,1.084
15.810377616,-0.2147,1.0559,-0.1419,1.087
15.812968385,-0.2144,1.0406,-0.1292,1.070
15.815590232,-0.2188,1.0254,-0.1185,1.055
15.81836777,-0.2205,1.0017,-0.1139,1.032
15.820009616,-0.2237,0.9702,-0.1155,1.002
15.822768078,-0.2266,0.9311,-0.1158,0.965
15.825243693,-0.2352,0.8908,-0.1246,0.930
15.827311385,-0.2531,0.8456,-0.1278,0.892
15.829938232,-0.2689,0.8080,-0.1263,0.861
15.837938847,-0.2960,0.7774,-0.1236,0.841
15.838527078,-0.3216,0.7523,-0.1178,0.827
15.838889539,-0.3330,0.7386,-0.1104,0.818
15.839448385,-0.3393,0.7337,-0.1062,0.815
15.847083385,-0.3375,0.7349,-0.1034,0.815
15.847748924,-0.3261,0.7349,-0.1009,0.810
15.847945308,-0.3136,0.7425,-0.1038,0.813
15.856633308,-0.2960,0.7486,-0.1041,0.812
15.857236385,-0.2757,0.7494,-0.1050,0.805
15.85748277,-0.2489,0.7591,-0.1050,0.806
15.85771577,-0.2224,0.7640,-0.1013,0.802
15.858760616,-0.1898,0.7687,-0.1006,0.798
15.86085077,-0.1526,0.7647,-0.0972,0.786
15.863555078,-0.1206,0.7547,-0.0969,0.770
15.865924924,-0.0864,0.7466,-0.0897,0.757
15.868261539,-0.0574,0.7342,-0.0811,0.741
15.871081924,-0.0358,0.7200,-0.0659,0.724
15.874210847,-0.0229,0.7056,-0.0515,0.708
15.875374462,-0.0165,0.6841,-0.0373,0.685
15.877969616,-0.0188,0.6704,-0.0207,0.671
15.880686539,-0.0290,0.6513,-0.0073,0.652
15.882900001,-0.0537,0.6387,0.0080,0.641
15.885081308,-0.0874,0.6311,0.0200,0.637
15.888465308,-0.1223,0.6243,0.0290,0.637
15.891322462,-0.1692,0.6267,0.0434,0.651
15.892380078,-0.2184,0.6301,0.0561,0.669
15.894929001,-0.2636,0.6399,0.0708,0.696
15.897575078,-0.3048,0.6516,0.0791,0.724
15.90065177,-0.3463,0.6667,0.0789,0.755
15.903036385,-0.4040,0.7079,0.0532,0.817
15.904922462,-0.4732,0.7772,0.0034,0.910
15.907450155,-0.5259,0.8316,-0.0718,0.987
15.909184616,-0.5576,0.8619,-0.2325,1.053
15.911747385,-0.5629,0.8635,-0.4197,1.113
15.914311385,-0.5496,0.8349,-0.6373,1.185
15.916759462,-0.5301,0.7974,-1.0864,1.448
15.919158155,-0.5120,0.7647,-1.7224,1.953
15.921460924,-0.4717,0.7626,-1.8800,2.083
15.928895693,-0.3793,0.8099,-1.4849,1.733
15.929720693,-0.2152,0.8930,-0.7703,1.199
15.929990847,0.0242,1.0186,0.1788,1.034
15.937463385,0.2839,1.2057,0.8198,1.485
15.938004385,0.4241,1.3799,0.8171,1.659
15.938202462,0.4314,1.5705,0.9024,1.862
15.938398462,0.3342,1.8121,1.0886,2.140
15.945063078,0.2700,2.0325,1.1618,2.357
15.946709001,0.3293,2.1119,0.8937,2.317
15.946903462,0.4510,2.0923,0.4018,2.178
15.948962539,0.5172,2.1002,-0.1429,2.168
15.950160924,0.4877,2.1923,-0.6245,2.331
15.952813847,0.3926,2.3269,-0.9631,2.549
15.957084924,0.3066,2.4535,-0.9953,2.665
15.958185308,0.2206,2.6273,-0.7324,2.736
15.960269001,0.1158,2.8177,-0.4644,2.858
15.962368385,0.0655,2.9565,-0.4554,2.992
15.965328616,0.0650,3.0179,-0.4945,3.059
15.967089539,0.1190,2.9983,-0.4381,3.032
15.969675155,0.2120,2.8688,-0.3706,2.900
15.972165539,0.3398,2.6545,-0.0247,2.676
15.974848616,0.5115,2.4608,0.4788,2.559
15.977001232,0.7869,2.2297,1.0602,2.591
15.97977077,0.9890,2.0242,1.2806,2.591
15.981946232,0.9867,1.8771,1.4145,2.549
15.984145001,0.8460,1.7757,1.4678,2.454
15.986719155,0.6606,1.7230,1.3136,2.265
15.989030462,0.4573,1.7056,1.0952,2.078
15.991324308,0.2434,1.6919,0.7621,1.872
15.993727385,0.0112,1.6680,0.4314,1.723
15.996362155,-0.1893,1.6440,0.1548,1.662
15.998716308,-0.3833,1.6082,-0.0666,1.655
16.001169308,-0.5047,1.5378,-0.1803,1.628
16.003362155,-0.5580,1.4657,-0.1873,1.579
16.006427155,-0.5286,1.3858,-0.1712,1.493
16.008268385,-0.4616,1.3223,-0.1670,1.410
16.010672001,-0.3624,1.2765,-0.1300,1.333
16.013093001,-0.2462,1.2387,-0.1197,1.269
16.015970155,-0.1272,1.2006,-0.1725,1.220
16.017745539,-0.0095,1.1505,-0.2739,1.183
16.020585616,0.0897,1.0987,-0.3853,1.168
16.023207155,0.1681,1.0443,-0.4668,1.156
16.024996693,0.2260,1.0242,-0.4861,1.156
16.02772777,0.2531,1.0122,-0.5772,1.192
16.03006277,0.2478,1.0019,-0.6831,1.238
16.036624924,0.2042,1.0044,-0.7422,1.265
16.037231693,0.1190,1.0291,-0.7818,1.298
16.037507155,-0.0002,1.0657,-0.8231,1.347
16.046985001,-0.1478,1.1002,-0.8627,1.406
16.047869001,-0.3083,1.1363,-0.9459,1.510
16.048253847,-0.4688,1.1677,-0.9802,1.595
16.048477001,-0.6312,1.1943,-0.9394,1.645
16.049124924,-0.7781,1.2253,-0.8676,1.691
16.052573847,-0.9244,1.2536,-0.7722,1.738
16.054486539,-1.0693,1.2923,-0.6809,1.810
16.05633577,-1.2070,1.3196,-0.5942,1.884
16.058632385,-1.3278,1.3401,-0.5226,1.958
16.061327155,-1.4096,1.3403,-0.4630,1.999
16.06403977,-1.4580,1.3259,-0.4078,2.012
16.066074232,-1.4683,1.2956,-0.3701,1.993
16.068860385,-1.4531,1.2563,-0.3426,1.951
16.072059155,-1.4218,1.2116,-0.3577,1.902
16.073109847,-1.3742,1.1576,-0.3816,1.837
16.076240693,-1.3024,1.0911,-0.3833,1.742
16.078504693,-1.2102,1.0115,-0.4253,1.634
16.080698847,-1.1106,0.9304,-0.4586,1.520
16.083699385,-1.0057,0.8522,-0.4950,1.408
16.085582847,-0.9127,0.7845,-0.5262,1.313
16.088235078,-0.8350,0.7232,-0.5583,1.238
16.091412693,-0.7663,0.6751,-0.5744,1.172
16.092800078,-0.7087,0.6389,-0.5834,1.118
16.095211462,-0.6581,0.6211,-0.5976,1.084
16.097578155,-0.6070,0.6115,-0.5968,1.048
16.100288924,-0.5569,0.6213,-0.5765,1.014
16.102495385,-0.5115,0.6389,-0.5472,0.985
16.106184616,-0.4751,0.6680,-0.5106,0.966
16.107228385,-0.4402,0.6981,-0.4761,0.953
16.109816385,-0.4018,0.7327,-0.4398,0.944
16.112057616,-0.3700,0.7740,-0.4039,0.948
16.114435462,-0.3407,0.8139,-0.3680,0.956
16.116857924,-0.3229,0.8549,-0.3247,0.970
16.119490539,-0.3067,0.9035,-0.2719,0.992
16.122097232,-0.2974,0.9555,-0.2143,1.023
16.124036693,-0.2923,1.0079,-0.1630,1.062
16.126393924,-0.2948,1.0538,-0.1312,1.102
16.129045539,-0.2953,1.0946,-0.1143,1.139
16.131105847,-0.2923,1.1290,-0.0938,1.170
16.134662462,-0.2894,1.1542,-0.0965,1.194
16.136079693,-0.2869,1.1773,-0.0913,1.215
16.143531693,-0.2829,1.1922,-0.0811,1.228
16.144331155,-0.2821,1.1967,-0.0818,1.232
16.14473177,-0.2764,1.1876,-0.0882,1.223
16.14647977,-0.2687,1.1771,-0.0938,1.211
16.150289924,-0.2631,1.1628,-0.0948,1.196
16.151240616,-0.2571,1.1454,-0.0923,1.178
16.153672616,-0.2526,1.1181,-0.0767,1.149
16.159829847,-0.2459,1.0885,-0.0561,1.117
16.160926155,-0.2374,1.0662,-0.0335,1.093
16.161552001,-0.2371,1.0326,-0.0061,1.059
16.164653847,-0.2379,0.9981,0.0102,1.026
16.165434232,-0.2328,0.9697,0.0241,0.998
16.167375693,-0.2268,0.9436,0.0324,0.971
16.169838847,-0.2268,0.9208,0.0375,0.949
16.172522847,-0.2249,0.9031,0.0421,0.932
16.174635385,-0.2200,0.8861,0.0449,0.914
16.177107078,-0.2135,0.8705,0.0463,0.897
16.179518539,-0.2063,0.8576,0.0495,0.883
16.181875693,-0.1993,0.8449,0.0449,0.869
16.184445847,-0.1893,0.8356,0.0365,0.858
16.186700001,-0.1814,0.8312,0.0229,0.851
16.189028308,-0.1695,0.8212,0.0176,0.839
16.191771078,-0.1578,0.8170,0.0090,0.832
16.194122232,-0.1406,0.8129,-0.0046,0.825
16.196592308,-0.1267,0.8097,-0.0179,0.820
16.198773001,-0.1145,0.8080,-0.0319,0.817
16.201331693,-0.0998,0.8060,-0.0464,0.814
16.203628924,-0.0852,0.8065,-0.0647,0.814
16.206260308,-0.0761,0.8039,-0.0811,0.812
16.208347385,-0.0647,0.8072,-0.1016,0.816
16.21088277,-0.0570,0.8062,-0.1180,0.817
16.213392924,-0.0495,0.8119,-0.1346,0.825
16.215528001,-0.0442,0.8148,-0.1539,0.830
16.218254847,-0.0414,0.8232,-0.1707,0.842
16.221231078,-0.0361,0.8248,-0.1928,0.848
16.222772001,-0.0346,0.8285,-0.2184,0.857
16.225517847,-0.0361,0.8339,-0.2487,0.871
16.229296693,-0.0319,0.8353,-0.2719,0.879
16.230145308,-0.0248,0.8374,-0.2868,0.885
16.232492001,-0.0180,0.8393,-0.2919,0.889
16.235898462,-0.0127,0.8444,-0.2917,0.893
16.239844616,-0.0055,0.8554,-0.2832,0.901
16.241452616,0.0009,0.8647,-0.2678,0.905
16.242169924,0.0066,0.8754,-0.2494,0.910
16.249716385,0.0151,0.8889,-0.2294,0.918
16.250258155,0.0288,0.9008,-0.2145,0.926
16.250505539,0.0476,0.9018,-0.2074,0.927
16.251752924,0.0594,0.9169,-0.1896,0.938
16.257800385,0.0679,0.9323,-0.1740,0.951
16.258289847,0.0804,0.9474,-0.1728,0.966
16.259220693,0.0960,0.9576,-0.1719,0.978
16.262412078,0.1158,0.9663,-0.1752,0.989
16.26371877,0.1376,0.9737,-0.1786,0.999
16.266296001,0.1651,0.9783,-0.1781,1.008
16.268680924,0.1942,0.9802,-0.1732,1.014
16.271255462,0.2294,0.9785,-0.1635,1.018
16.273894847,0.2636,0.9788,-0.1500,1.025
16.275977847,0.3002,0.9781,-0.1327,1.032
16.278852616,0.3371,0.9724,-0.1141,1.036
16.288159155,0.3743,0.9653,-0.1029,1.040
16.288788078,0.4109,0.9595,-0.0923,1.048
16.289789308,0.4427,0.9483,-0.0862,1.050
16.290688693,0.4679,0.9323,-0.0897,1.047
16.291513308,0.4857,0.9192,-0.0941,1.044
16.293529539,0.4952,0.9013,-0.1016,1.033
16.295214462,0.4940,0.8866,-0.1092,1.021
16.297493616,0.4847,0.8730,-0.1209,1.006
16.300029001,0.4661,0.8598,-0.1336,0.987
16.303516924,0.4339,0.8483,-0.1488,0.964
16.304683462,0.3931,0.8478,-0.1602,0.948
16.307308924,0.3428,0.8527,-0.1635,0.933
16.309616385,0.2881,0.8640,-0.1551,0.924
16.312458539,0.2360,0.8894,-0.1402,0.931
16.314456308,0.1920,0.9225,-0.1288,0.951
16.317355385,0.1505,0.9558,-0.1239,0.975
16.319742232,0.1183,0.9912,-0.1307,1.007
16.321645847,0.0913,1.0245,-0.1483,1.039
16.324005616,0.0699,1.0515,-0.1627,1.066
16.328376616,0.0545,1.0774,-0.1691,1.092
16.328985616,0.0479,1.0987,-0.1617,1.112
16.331381539,0.0476,1.1172,-0.1395,1.127
16.333636078,0.0577,1.1327,-0.1016,1.139
16.339985924,0.0703,1.1386,-0.0610,1.142
16.34081877,0.0933,1.1342,-0.0249,1.138
16.34095577,0.1190,1.1209,0.0004,1.127
16.344416924,0.1402,1.0953,0.0026,1.104
16.347943385,0.1507,1.0567,-0.0242,1.068
16.348265924,0.1463,1.0027,-0.0706,1.016
16.35061177,0.1207,0.9421,-0.1339,0.959
16.355523693,0.0774,0.8796,-0.2035,0.906
16.356037232,0.0054,0.8146,-0.2688,0.858
16.357678155,-0.0857,0.7552,-0.3271,0.827
16.360372693,-0.1900,0.7012,-0.3620,0.812
16.362388385,-0.3009,0.6553,-0.3694,0.810
16.365309308,-0.4148,0.6145,-0.3659,0.827
16.367514232,-0.5286,0.5859,-0.3510,0.864
16.369868924,-0.6463,0.5812,-0.3156,0.925
16.372090539,-0.7472,0.5754,-0.2905,0.987
16.374463462,-0.8415,0.5686,-0.2614,1.049
16.377113924,-0.9086,0.5695,-0.2323,1.097
16.379336001,-0.9671,0.5830,-0.2010,1.147
16.382013847,-0.9845,0.5959,-0.1752,1.164
16.38443977,-0.9776,0.6166,-0.1588,1.167
16.38681977,-0.9491,0.6355,-0.1500,1.152
16.388978155,-0.9081,0.6574,-0.1476,1.131
16.391642847,-0.8576,0.6849,-0.1449,1.107
16.394622232,-0.7991,0.7147,-0.1414,1.081
16.396346847,-0.7118,0.7635,-0.1219,1.051
16.399140693,-0.6188,0.8227,-0.1246,1.037
16.401406155,-0.5213,0.8913,-0.1551,1.044
16.403997924,-0.4255,0.9632,-0.1991,1.072
16.405885924,-0.3368,1.0445,-0.2426,1.124
16.408427462,-0.2628,1.1298,-0.2744,1.192
16.411048385,-0.2081,1.2111,-0.2970,1.264
16.413214232,-0.1580,1.2773,-0.3058,1.323
16.415967693,-0.1275,1.3447,-0.2716,1.378
16.418742232,-0.1150,1.3916,-0.2555,1.420
16.420528693,-0.1040,1.3948,-0.2457,1.420
16.423456078,-0.1187,1.3643,-0.2634,1.395
16.425515155,-0.1416,1.2839,-0.3200,1.331
16.427925924,-0.1888,1.1664,-0.4051,1.249
16.430256001,-0.2587,1.0149,-0.4840,1.154
16.433607155,-0.3615,0.8514,-0.5438,1.073
16.439919462,-0.4954,0.6926,-0.5922,1.037
16.440533616,-0.6403,0.5679,-0.6037,1.047
16.441197001,-0.7681,0.4752,-0.5644,1.065
16.442652693,-0.8870,0.4086,-0.4635,1.081
16.447437924,-1.0016,0.3460,-0.3657,1.121
16.447969924,-1.0961,0.2974,-0.2602,1.165
16.449493539,-1.1546,0.2719,-0.1497,1.196
16.456743155,-1.1604,0.2665,-0.0699,1.193
16.457476693,-1.1145,0.2678,-0.0332,1.147
16.458105616,-1.0260,0.2698,-0.0530,1.062
16.459242539,-0.9049,0.2824,-0.1038,0.954
16.461520924,-0.7637,0.3047,-0.1612,0.838
16.464116078,-0.6132,0.3396,-0.2098,0.732
16.466405847,-0.4744,0.3909,-0.2413,0.660
16.469241616,-0.3677,0.4535,-0.2665,0.642
16.471141616,-0.2911,0.5258,-0.2800,0.663
16.474296078,-0.2540,0.6135,-0.2837,0.722
16.477439385,-0.2559,0.7073,-0.2876,0.805
16.478637616,-0.2958,0.8095,-0.2868,0.908
16.481141847,-0.3579,0.9238,-0.2834,1.030
16.484021616,-0.4465,1.0503,-0.2832,1.176
16.486296693,-0.5377,1.1822,-0.2849,1.330
16.488506539,-0.6405,1.3443,-0.2778,1.515
16.491760693,-0.7258,1.5062,-0.2426,1.689
16.494328385,-0.7981,1.6785,-0.2243,1.872
16.495580078,-0.8387,1.8478,-0.2308,2.042
16.497776308,-0.8418,2.0066,-0.2199,2.187
16.501640385,-0.8045,2.1586,-0.1798,2.311
16.50266677,-0.7199,2.2939,-0.1263,2.408
16.505110155,-0.6161,2.4088,-0.0784,2.488
16.508006155,-0.4981,2.4908,-0.0484,2.541
16.510748924,-0.3568,2.5326,-0.0261,2.558
16.512383155,-0.1981,2.5292,-0.0034,2.537
16.514886232,-0.0319,2.4830,0.0114,2.483
16.517951385,0.1332,2.3843,0.0139,2.388
16.51935977,0.2770,2.2252,0.0060,2.242
16.521785616,0.3894,2.0166,-0.0247,2.054
16.526255078,0.4715,1.7711,-0.0728,1.834
16.527090155,0.4954,1.5167,-0.1502,1.603
16.529724924,0.4745,1.2874,-0.2585,1.396
16.531954232,0.4053,1.0870,-0.3562,1.214
16.540678155,0.2942,0.9282,-0.4263,1.063
16.541304616,0.1486,0.8072,-0.4710,0.946
16.541592385,-0.0314,0.7273,-0.4849,0.875
16.542095155,-0.2333,0.6937,-0.4605,0.865
16.551469847,-0.4583,0.7032,-0.4074,0.933
16.552431385,-0.6889,0.7571,-0.3482,1.081
16.553045001,-0.9183,0.8444,-0.2839,1.279
16.553458232,-1.1247,0.9668,-0.2236,1.500
16.55379177,-1.2533,1.0804,-0.1820,1.665
16.556405232,-1.3693,1.2075,-0.1319,1.830
16.558970155,-1.4458,1.3250,-0.1232,1.965
16.561034232,-1.4851,1.4286,-0.1341,2.065
16.563306462,-1.5024,1.5057,-0.1158,2.130
16.565289616,-1.4861,1.5700,-0.0818,2.163
16.567830462,-1.4308,1.6069,-0.0481,2.152
16.570066539,-1.3442,1.6184,-0.0070,2.104
16.572637847,-1.2496,1.6103,0.0075,2.038
16.575674232,-1.1723,1.5842,0.0055,1.971
16.577205308,-1.1015,1.5370,0.0050,1.891
16.580121001,-1.0416,1.4696,0.0148,1.801
16.582182847,-1.0094,1.3846,0.0146,1.714
16.584704924,-0.9813,1.2881,-0.0179,1.619
16.587195078,-0.9645,1.1894,-0.0219,1.531
16.589592385,-0.9584,1.0965,0.0026,1.456
16.59272277,-0.9530,1.0084,0.0270,1.388
16.594181616,-0.9503,0.9277,-0.0170,1.328
16.596657924,-0.9410,0.8414,-0.0911,1.266
16.59917177,-0.9356,0.7723,-0.1270,1.220
16.601596385,-0.9274,0.7166,-0.1519,1.182
16.604342539,-0.9097,0.6599,-0.1737,1.137
16.606209924,-0.8944,0.6091,-0.1771,1.096
16.609087693,-0.8694,0.5590,-0.2091,1.055
16.611229232,-0.8520,0.5069,-0.2282,1.017
16.614336616,-0.8445,0.4569,-0.2194,0.985
16.617638847,-0.8392,0.4037,-0.2074,0.954
16.619085539,-0.8384,0.3536,-0.2122,0.934
16.620908693,-0.8406,0.2996,-0.2292,0.921
16.623979693,-0.8369,0.2448,-0.2352,0.903
16.626132924,-0.8345,0.1820,-0.2299,0.885
16.628404693,-0.8477,0.1178,-0.2087,0.881
16.630779078,-0.8787,0.0508,-0.1749,0.897
16.638652924,-0.9235,-0.0192,-0.1744,0.940
16.639300693,-0.9815,-0.0917,-0.2492,1.017
16.639719155,-1.0488,-0.1673,-0.3682,1.124
16.640084385,-1.1145,-0.2293,-0.4808,1.235
16.651244385,-1.1548,-0.2811,-0.5621,1.315
16.65194377,-1.1492,-0.3260,-0.6156,1.344
16.652168385,-1.0835,-0.3602,-0.6242,1.301
16.652630232,-0.9733,-0.3905,-0.5976,1.207
16.652997847,-0.8489,-0.4110,-0.5224,1.078
16.65564777,-0.7106,-0.4287,-0.3836,0.914
16.659056001,-0.5699,-0.4464,-0.1737,0.744
16.659839155,-0.4358,-0.4626,0.0712,0.639
16.661680078,-0.3178,-0.4983,0.2960,0.661
16.664249924,-0.2196,-0.5266,0.4830,0.748
16.666707462,-0.1159,-0.5591,0.6407,0.858
16.669004308,-0.0148,-0.5987,0.6874,0.912
16.671431462,0.0789,-0.6111,0.6960,0.930
16.675072385,0.1478,-0.6036,0.6764,0.919
16.676301001,0.1959,-0.5735,0.6036,0.855
16.678616308,0.2434,-0.5335,0.4917,0.765
16.681334155,0.2653,-0.4895,0.3635,0.665
16.683976078,0.3083,-0.4401,0.2301,0.585
16.686393539,0.3254,-0.3842,0.1028,0.514
16.688393847,0.3489,-0.3314,-0.0230,0.482
16.691565001,0.3726,-0.2674,-0.0552,0.462
16.69321577,0.3857,-0.1990,-0.1087,0.447
16.695558847,0.3420,-0.0998,-0.0635,0.362
16.698372078,0.3337,-0.0001,-0.0867,0.345
16.701777232,0.3513,0.1014,-0.0508,0.369
16.703107462,0.3264,0.2077,0.0014,0.387
16.705250462,0.2382,0.3105,-0.0058,0.391
16.707851385,0.1715,0.3924,-0.0513,0.431
16.710167155,0.1512,0.4330,-0.1090,0.471
16.712441001,0.1390,0.4464,-0.1397,0.488
16.714738232,0.0994,0.4840,-0.1251,0.510
16.717168308,0.0107,0.5481,-0.1421,0.566
16.719692001,-0.0820,0.5959,-0.1607,0.623
16.722373616,-0.1616,0.6326,-0.1705,0.675
16.724756078,-0.2296,0.6594,-0.1630,0.717
16.727240078,-0.2789,0.6788,-0.1437,0.748
16.729318232,-0.3212,0.6914,-0.1239,0.772
16.737703078,-0.3549,0.7044,-0.1026,0.795
16.738885001,-0.3894,0.7130,-0.0699,0.815
16.73949877,-0.4182,0.7149,-0.0225,0.829
16.739824924,-0.4374,0.7137,0.0324,0.838
16.749212001,-0.4560,0.7081,0.0920,0.847
16.75008377,-0.4741,0.6986,0.1595,0.859
16.750318539,-0.4879,0.6885,0.2063,0.869
16.750825924,-0.5142,0.6788,0.2342,0.883
16.751062539,-0.5135,0.6639,0.2636,0.880
16.754074539,-0.5193,0.6746,0.2873,0.898
16.757047462,-0.5149,0.6763,0.2939,0.899
16.758611078,-0.4976,0.6690,0.2948,0.884
16.760503385,-0.4839,0.6727,0.2829,0.876
16.763293847,-0.4619,0.6860,0.2696,0.870
16.765544385,-0.4318,0.6946,0.2652,0.860
16.768467155,-0.3791,0.7024,0.2782,0.845
16.770800616,-0.3503,0.7159,0.2680,0.841
16.77434277,-0.3297,0.7235,0.2396,0.830
16.775488616,-0.2603,0.7277,0.2513,0.813
16.777413232,-0.3505,0.7281,0.1431,0.821
16.780306462,-0.3498,0.7205,0.0365,0.802
16.782965847,-0.2911,0.7342,0.0656,0.793
16.784788616,-0.2601,0.7428,0.0207,0.787
16.787392693,-0.2281,0.7699,0.0270,0.803
16.79059477,-0.2452,0.8148,0.0190,0.851
16.791970539,-0.2769,0.8593,0.0498,0.904
16.794440616,-0.3072,0.9180,0.0857,0.972
16.796841001,-0.3451,0.9819,0.0894,1.045
16.799340001,-0.3940,1.0499,0.0905,1.125
16.801911462,-0.4321,1.1048,0.1546,1.196
16.804367693,-0.4768,1.1761,0.2056,1.286
16.807861232,-0.5487,1.2588,0.1793,1.385
16.809057309,-0.6185,1.3201,0.1206,1.463
16.812697001,-0.7192,1.3936,0.0828,1.570
16.813626155,-0.8064,1.4430,0.0539,1.654
16.816363155,-0.9137,1.4813,0.0163,1.741
16.818761232,-0.9933,1.4867,-0.0349,1.788
16.821157539,-1.1017,1.4554,-0.0972,1.828
16.823536385,-1.1524,1.4186,-0.1427,1.833
16.825691462,-1.2300,1.4007,-0.1300,1.869
16.828496693,-1.3199,1.3809,-0.0906,1.912
16.830848924,-1.3966,1.3357,-0.0291,1.933
16.833361001,-1.4658,1.2846,0.0195,1.949
16.836197309,-1.5522,1.2348,0.0607,1.984
16.838006462,-1.5711,1.1593,0.1321,1.957
16.844824309,-1.5474,1.0955,0.2061,1.907
16.845809924,-1.4208,1.0024,0.2161,1.752
16.846178232,-1.2941,0.9641,0.1986,1.626
16.853391155,-1.1259,0.9213,0.1082,1.459
16.853953232,-1.0036,0.9160,0.0009,1.359
16.854169001,-0.8890,0.9035,-0.0913,1.271
16.854916078,-0.7730,0.8837,-0.1622,1.185
16.861173847,-0.6955,0.8696,-0.2301,1.137
16.862050155,-0.6009,0.8510,-0.2699,1.076
16.862353001,-0.5120,0.8432,-0.2983,1.031
16.865276385,-0.4350,0.8356,-0.3352,1.000
16.866665309,-0.3681,0.8293,-0.3718,0.981
16.869076385,-0.3261,0.8314,-0.3987,0.978
16.871758232,-0.2965,0.8363,-0.4209,0.982
16.873986847,-0.2741,0.8405,-0.4297,0.983
16.876793309,-0.2545,0.8442,-0.4344,0.983
16.879451385,-0.2415,0.8522,-0.4312,0.985
16.881662462,-0.2296,0.8628,-0.4278,0.990
16.883681539,-0.2103,0.8733,-0.4197,0.991
16.886173232,-0.1821,0.8805,-0.4129,0.989
16.889584001,-0.1639,0.8876,-0.4039,0.989
16.891034847,-0.1680,0.8998,-0.3850,0.993
16.893432309,-0.1758,0.9128,-0.3643,0.998
16.896389616,-0.1849,0.9243,-0.3415,1.003
16.898252616,-0.2014,0.9392,-0.3017,1.007
16.900987462,-0.2212,0.9506,-0.2546,1.009
16.903271385,-0.2347,0.9597,-0.2187,1.012
16.906856924,-0.2459,0.9678,-0.1903,1.016
16.907931078,-0.2545,0.9702,-0.1698,1.017
16.910245309,-0.2599,0.9714,-0.1502,1.017
16.912577001,-0.2652,0.9744,-0.1383,1.019
16.915196385,-0.2671,0.9688,-0.1339,1.014
16.917469309,-0.2664,0.9576,-0.1275,1.002
16.920321232,-0.2701,0.9426,-0.1197,0.988
16.922832924,-0.2782,0.9304,-0.1123,0.978
16.924625616,-0.2885,0.9171,-0.1092,0.968
16.927548078,-0.2985,0.9043,-0.1121,0.959
16.929653001,-0.3055,0.8903,-0.1085,0.948
16.93217877,-0.3080,0.8723,-0.0987,0.930
16.934246539,-0.3134,0.8556,-0.0918,0.916
16.936876001,-0.3163,0.8402,-0.0831,0.902
16.943987693,-0.3212,0.8278,-0.0706,0.891
16.944847693,-0.3276,0.8104,-0.0591,0.876
16.945656078,-0.3297,0.7918,-0.0501,0.859
16.946259693,-0.3283,0.7740,-0.0405,0.842
16.953949001,-0.3305,0.7545,-0.0244,0.824
16.954713847,-0.3288,0.7342,-0.0163,0.805
16.954981847,-0.3305,0.7163,-0.0088,0.789
16.955942155,-0.3324,0.7014,-0.0002,0.776
16.958978232,-0.3332,0.6834,0.0014,0.760
16.960907155,-0.3351,0.6697,0.0021,0.749
16.963691078,-0.3430,0.6618,0.0026,0.745
16.965483693,-0.3486,0.6541,0.0087,0.741
16.968422155,-0.3473,0.6502,0.0114,0.737
16.970665616,-0.3495,0.6469,0.0134,0.735
16.973041001,-0.3537,0.6478,0.0121,0.738
16.975285232,-0.3637,0.6570,0.0155,0.751
16.978034847,-0.3705,0.6648,0.0180,0.761
16.980865847,-0.3700,0.6780,0.0232,0.773
16.982608616,-0.3754,0.6893,0.0300,0.785
16.985226155,-0.3784,0.7010,0.0332,0.797
16.988776309,-0.3815,0.7144,0.0351,0.811
16.990188078,-0.3898,0.7268,0.0244,0.825
16.992336309,-0.3975,0.7518,0.0151,0.851
16.994805232,-0.4043,0.7701,0.0121,0.870
16.997202847,-0.4067,0.7853,-0.0002,0.884
16.99986277,-0.4074,0.8002,-0.0149,0.898
17.002022155,-0.4031,0.8109,-0.0263,0.906
17.004629001,-0.4001,0.8209,-0.0437,0.914
17.007173232,-0.3954,0.8302,-0.0620,0.922
17.009092616,-0.3877,0.8368,-0.0794,0.926
17.011682539,-0.3801,0.8424,-0.0982,0.929
17.014505847,-0.3730,0.8488,-0.1139,0.934
17.017039078,-0.3661,0.8495,-0.1314,0.934
17.01910777,-0.3610,0.8561,-0.1465,0.941
17.021303385,-0.3584,0.8561,-0.1602,0.942
17.023821001,-0.3566,0.8610,-0.1737,0.948
17.026180001,-0.3556,0.8659,-0.1859,0.954
17.028550539,-0.3544,0.8668,-0.1991,0.957
17.030835078,-0.3547,0.8651,-0.2077,0.958
17.033008309,-0.3559,0.8681,-0.2135,0.962
17.035681847,-0.3554,0.8710,-0.2155,0.965
17.043772616,-0.3530,0.8781,-0.2182,0.971
17.044644001,-0.3525,0.8840,-0.2169,0.976
17.044898462,-0.3515,0.8974,-0.2213,0.989
17.045240001,-0.3515,0.9091,-0.2215,1.000
17.053299155,-0.3591,0.9294,-0.2269,1.022
17.054180693,-0.3635,0.9518,-0.2296,1.044
17.054730847,-0.3693,0.9714,-0.2292,1.064
17.055097924,-0.3894,1.0032,-0.2220,1.099
17.057812924,-0.4278,1.0513,-0.2159,1.155
17.060217539,-0.4451,1.0834,-0.2115,1.190
17.062598232,-0.4567,1.1051,-0.2079,1.214
17.06433077,-0.4734,1.1332,-0.1971,1.244
17.066764309,-0.4817,1.1495,-0.1930,1.261
17.071042232,-0.5017,1.1656,-0.1837,1.282
17.071844924,-0.5124,1.1723,-0.1756,1.291
17.074247078,-0.5279,1.1737,-0.1644,1.297
17.077014155,-0.5291,1.1635,-0.1624,1.288
17.078953616,-0.5222,1.1410,-0.1493,1.264
17.081285847,-0.5098,1.1146,-0.1329,1.233
17.084172616,-0.5147,1.0880,-0.1031,1.208
17.086296616,-0.5035,1.0511,-0.0813,1.168
17.088727155,-0.4879,1.0107,-0.0594,1.124
17.091060924,-0.4721,0.9795,-0.0449,1.088
17.093749539,-0.4572,0.9636,-0.0992,1.071
17.09609577,-0.4532,0.9753,-0.2025,1.094
17.101060616,-0.4434,0.9785,-0.1924,1.091
17.101406847,-0.4150,0.9470,-0.1153,1.040
17.103848309,-0.3979,0.8871,-0.2030,0.993
17.105332616,-0.3984,0.8190,-0.5028,1.040
17.108018847,-0.4169,0.7799,-0.9799,1.320
17.110381616,-0.4092,0.7552,-1.3652,1.613
17.112841001,-0.3400,0.7538,-1.3936,1.620
17.115472078,-0.1893,0.7960,-1.1912,1.445
17.117707462,0.0198,0.8698,-0.9240,1.269
17.12077077,0.2746,0.9560,-0.5888,1.156
17.122497001,0.4984,1.0361,-0.2723,1.182
17.124764078,0.6056,1.1085,-0.3515,1.311
17.127355078,0.5842,1.1994,-0.4535,1.409
17.130037616,0.4803,1.3110,-0.4016,1.453
17.132108001,0.3841,1.4568,-0.1500,1.514
17.135131462,0.3633,1.6255,0.1287,1.671
17.141784924,0.3978,1.7535,0.3095,1.824
17.142856309,0.4463,1.8465,0.4033,1.942
17.143389309,0.4835,1.9245,0.5313,2.054
17.153433539,0.5846,2.0252,0.9014,2.293
17.154100078,0.7244,2.1684,1.3095,2.635
17.154627155,0.8460,2.3025,1.3358,2.793
17.155277539,0.8597,2.3953,1.2494,2.835
17.155757616,0.8798,2.4324,1.2872,2.889
17.156076924,0.8886,2.4400,1.2618,2.887
17.158466462,0.8661,2.4046,0.6859,2.646
17.161598539,0.8434,2.2729,-0.3237,2.446
17.163206462,0.8028,2.0576,-1.3100,2.568
17.165745616,0.7332,1.8363,-1.7483,2.639
17.169148693,0.6633,1.6711,-1.7334,2.497
17.171323462,0.6024,1.6122,-1.4146,2.228
17.173164924,0.5416,1.6953,-0.9455,2.015
17.175525232,0.5282,1.9054,-0.4593,2.030
17.17806777,0.5436,2.2206,0.1570,2.292
17.180259462,0.5959,2.5937,0.6132,2.731
17.182745539,0.6769,3.0030,0.8157,3.185
17.185244924,0.7828,3.3542,0.7612,3.527
17.187540616,0.8919,3.5658,0.6330,3.730
17.190520924,1.0019,3.6569,0.6440,3.846
17.192609847,1.0926,3.6235,0.7597,3.860
17.195092693,1.1544,3.4009,0.8135,3.682
17.197421539,1.2089,3.0242,0.7197,3.335
17.199873539,1.2130,2.5395,0.4241,2.846
17.203520693,1.1586,2.0728,0.0954,2.376
17.20441477,1.0877,1.6811,-0.1810,2.010
17.206892001,0.9394,1.3333,-0.3929,1.678
17.209328078,0.6960,1.0540,-0.4263,1.333
17.211855385,0.4092,0.8395,-0.4062,1.018
17.214416078,0.1390,0.7039,-0.3675,0.806
17.216806539,-0.1448,0.6152,-0.3105,0.704
17.219979078,-0.4282,0.5488,-0.2907,0.754
17.221250539,-0.6693,0.5034,-0.2734,0.881
17.223696001,-0.8897,0.4720,-0.2426,1.036
17.226138539,-1.0791,0.4620,-0.2416,1.198
17.228593539,-1.2070,0.4503,-0.3408,1.333
17.230931693,-1.2945,0.4247,-0.4922,1.449
17.233598155,-1.3272,0.3856,-0.5345,1.482
17.240072616,-1.2767,0.3196,-0.6266,1.458
17.240737924,-1.2030,0.2409,-0.6792,1.402
17.241160001,-1.1433,0.1694,-0.7759,1.392
17.24323977,-1.1120,0.0988,-0.9523,1.467
17.248084078,-1.1098,0.0543,-1.0275,1.513
17.24884277,-1.1506,0.0523,-1.0649,1.569
17.250614462,-1.2179,0.0885,-1.0664,1.621
17.257534539,-1.3127,0.1554,-1.0314,1.677
17.258210462,-1.4311,0.2539,-0.9631,1.744
17.258919462,-1.5543,0.3641,-0.8951,1.830
17.260026539,-1.6793,0.4808,-0.8380,1.937
17.262285847,-1.8010,0.5998,-0.7810,2.053
17.264697232,-1.9051,0.7191,-0.7207,2.160
17.267124309,-1.9831,0.8307,-0.6350,2.242
17.26982777,-2.0180,0.9392,-0.5480,2.292
17.271878462,-2.0123,1.0413,-0.4434,2.309
17.274813616,-1.9647,1.1290,-0.3161,2.288
17.277917309,-1.8767,1.1894,-0.1719,2.229
17.278947385,-1.7670,1.2262,-0.0435,2.151
17.281515462,-1.6432,1.2434,0.0612,2.061
17.284257232,-1.5161,1.2383,0.1453,1.963
17.286633924,-1.3926,1.2108,0.2019,1.856
17.288826232,-1.2823,1.1766,0.2301,1.756
17.291639078,-1.1853,1.1358,0.2342,1.658
17.294133924,-1.0998,1.0960,0.2181,1.568
17.303379155,-1.0185,1.0567,0.1870,1.480
17.303991462,-0.9398,1.0240,0.1380,1.397
17.304537001,-0.8580,0.9865,0.0761,1.310
17.305542232,-0.7798,0.9602,0.0158,1.237
17.306002462,-0.6947,0.9369,-0.0361,1.167
17.308489616,-0.6102,0.9264,-0.0633,1.111
17.310781001,-0.5230,0.9133,-0.1248,1.060
17.312873001,-0.4182,0.8950,-0.1651,1.002
17.315277309,-0.3099,0.8796,-0.1884,0.951
17.317726232,-0.1921,0.8869,-0.1886,0.927
17.32003577,-0.0861,0.8959,-0.1933,0.921
17.322427385,0.0063,0.9128,-0.1835,0.931
17.32511877,0.0728,0.9418,-0.1617,0.958
17.328845001,0.1300,0.9656,-0.1129,0.981
17.329601847,0.1889,0.9809,-0.0806,1.002
17.332140693,0.2372,0.9975,-0.0498,1.027
17.334825539,0.2709,1.0220,-0.0063,1.057
17.336779385,0.2951,1.0589,0.0278,1.100
17.339465616,0.3049,1.0880,0.0661,1.132
17.345782232,0.2968,1.1146,0.0917,1.157
17.346299155,0.2832,1.1381,0.0938,1.176
17.346618232,0.2599,1.1608,0.0896,1.193
17.349434847,0.2313,1.1771,0.0679,1.202
17.351275693,0.2054,1.1838,0.0417,1.202
17.354418539,0.1676,1.1794,0.0083,1.191
17.356408078,0.1280,1.1693,-0.0203,1.176
17.35869177,0.0850,1.1576,-0.0520,1.162
17.360970847,0.0508,1.1400,-0.0718,1.143
17.363585847,0.0166,1.1193,-0.0918,1.123
17.365973924,-0.0116,1.0918,-0.0994,1.096
17.368434232,-0.0361,1.0652,-0.0955,1.070
17.37163477,-0.0544,1.0389,-0.0953,1.045
17.373417232,-0.0656,1.0079,-0.0962,1.015
17.376899385,-0.0735,0.9795,-0.1006,0.987
17.378017616,-0.0798,0.9487,-0.1074,0.958
17.380645847,-0.0889,0.9208,-0.1255,0.934
17.383028309,-0.0898,0.8966,-0.1495,0.913
17.385291693,-0.0942,0.8724,-0.1617,0.892
17.387657847,-0.0979,0.8486,-0.1670,0.870
17.390124309,-0.1050,0.8295,-0.1877,0.857
17.39259177,-0.1084,0.8099,-0.2082,0.843
17.394864385,-0.1145,0.7953,-0.2194,0.833
17.397252385,-0.1245,0.7865,-0.2287,0.829
17.399750847,-0.1316,0.7736,-0.2397,0.820
17.402029539,-0.1365,0.7643,-0.2465,0.815
17.404952693,-0.1455,0.7611,-0.2521,0.815
17.408341539,-0.1580,0.7594,-0.2590,0.818
17.410290462,-0.1712,0.7577,-0.2516,0.817
17.41180677,-0.1805,0.7594,-0.2445,0.818
17.414433001,-0.1856,0.7684,-0.2372,0.825
17.417725924,-0.1883,0.7757,-0.2260,0.830
17.418828385,-0.1851,0.7831,-0.2147,0.833
17.421459078,-0.1802,0.7924,-0.2003,0.837
17.423926539,-0.1739,0.8021,-0.1898,0.842
17.426479078,-0.1580,0.8107,-0.1774,0.845
17.428661616,-0.1374,0.8185,-0.1719,0.848
17.431212924,-0.1135,0.8268,-0.1581,0.849
17.436736924,-0.0837,0.8307,-0.1432,0.847
17.437540078,-0.0563,0.8400,-0.1321,0.852
17.43822677,-0.0304,0.8434,-0.1232,0.853
17.448372924,-0.0055,0.8498,-0.1197,0.858
17.449176309,0.0161,0.8530,-0.1139,0.861
17.449337924,0.0364,0.8593,-0.1158,0.868
17.449477539,0.0528,0.8619,-0.1143,0.871
17.457139462,0.0776,0.8644,-0.1129,0.875
17.457957309,0.0967,0.8688,-0.1097,0.881
17.458367385,0.1185,0.8723,-0.1092,0.887
17.458842232,0.1407,0.8759,-0.1131,0.894
17.460360693,0.1639,0.8773,-0.1192,0.900
17.462632078,0.1840,0.8849,-0.1172,0.911
17.465298155,0.2079,0.8886,-0.1116,0.919
17.46736677,0.2236,0.8957,-0.1085,0.930
17.470391385,0.2462,0.9050,-0.1234,0.946
17.472317232,0.2653,0.9199,-0.1339,0.967
17.475709001,0.2765,0.9336,-0.1363,0.983
17.477247155,0.2919,0.9511,-0.1405,1.005
17.479500385,0.3007,0.9700,-0.1519,1.027
17.481782232,0.3110,0.9924,-0.1670,1.053
17.484223385,0.3168,1.0161,-0.1808,1.080
17.486670155,0.3124,1.0371,-0.1928,1.100
17.48922377,0.3081,1.0531,-0.2038,1.116
17.492653616,0.2883,1.0697,-0.2110,1.128
17.493802232,0.2627,1.0748,-0.2180,1.128
17.496620385,0.2580,1.0738,-0.2194,1.126
17.499330232,0.2313,1.0765,-0.2069,1.120
17.501633616,0.1989,1.0765,-0.1942,1.112
17.503715078,0.1654,1.0645,-0.1830,1.093
17.506161847,0.1260,1.0474,-0.1647,1.068
17.509145539,0.0860,1.0237,-0.1461,1.038
17.510645309,0.0473,0.9930,-0.1285,1.002
17.513376001,0.0186,0.9644,-0.1055,0.970
17.515556693,-0.0118,0.9262,-0.0872,0.930
17.518043693,-0.0453,0.8982,-0.0776,0.903
17.520499462,-0.0679,0.8579,-0.0794,0.864
17.523185539,-0.0903,0.8053,-0.0813,0.814
17.525955385,-0.1143,0.7579,-0.0852,0.771
17.527559078,-0.1418,0.7105,-0.0965,0.731
17.530661616,-0.1824,0.6653,-0.1116,0.699
17.53331977,-0.2293,0.6248,-0.1263,0.677
17.534899693,-0.2838,0.5889,-0.1388,0.668
17.537605924,-0.3435,0.5598,-0.1512,0.674
17.540209924,-0.4120,0.5390,-0.1637,0.698
17.546963155,-0.4763,0.5241,-0.1715,0.729
17.547787385,-0.5431,0.5202,-0.1763,0.772
17.548296616,-0.6109,0.5258,-0.1686,0.823
17.55530777,-0.6708,0.5397,-0.1514,0.874
17.555869924,-0.7192,0.5612,-0.1329,0.922
17.556099385,-0.7578,0.5859,-0.1187,0.965
17.556627155,-0.7761,0.6131,-0.1062,0.995
17.562629539,-0.7739,0.6553,-0.0987,1.019
17.563406232,-0.7516,0.6951,-0.1041,1.029
17.563647462,-0.7162,0.7466,-0.1187,1.041
17.567379385,-0.6693,0.8109,-0.1476,1.062
17.568702539,-0.6163,0.8891,-0.1791,1.097
17.571392309,-0.5592,0.9714,-0.2057,1.140
17.575154155,-0.5017,1.0569,-0.2333,1.193
17.576325539,-0.4465,1.1354,-0.2736,1.250
17.578152924,-0.3926,1.2113,-0.3303,1.315
17.580593309,-0.3386,1.2854,-0.3829,1.383
17.583079155,-0.2867,1.3653,-0.4207,1.457
17.585616693,-0.2518,1.4371,-0.4378,1.523
17.588138539,-0.2293,1.5036,-0.4321,1.581
17.591832924,-0.2030,1.5563,-0.4074,1.622
17.592810847,-0.1653,1.5698,-0.3885,1.626
17.595473309,-0.1257,1.5378,-0.3352,1.579
17.597533924,-0.0857,1.4686,-0.2958,1.501
17.600256924,-0.0427,1.3431,-0.2914,1.375
17.60249877,-0.0006,1.1782,-0.3154,1.220
17.604876924,-0.0018,0.9944,-0.3538,1.055
17.607725232,-0.0334,0.8046,-0.3985,0.898
17.609575693,-0.1269,0.6326,-0.4224,0.771
17.612023385,-0.2457,0.4733,-0.4456,0.695
17.615889001,-0.3940,0.3380,-0.4293,0.674
17.617049309,-0.5677,0.2355,-0.3899,0.728
17.619224385,-0.7544,0.1620,-0.3320,0.840
17.622305924,-0.9340,0.1137,-0.2538,0.974
17.625289616,-1.0912,0.0867,-0.1632,1.107
17.626802232,-1.1958,0.0818,-0.0764,1.201
17.630044001,-1.2510,0.1041,-0.0114,1.255
17.632442232,-1.2364,0.1452,0.0263,1.245
17.63372277,-1.1567,0.2053,0.0324,1.175
17.636283462,-1.0299,0.2910,0.0143,1.070
17.638777309,-0.8723,0.4076,-0.0093,0.963
17.645746847,-0.7024,0.5551,-0.0377,0.896
17.646448924,-0.5359,0.7273,-0.0726,0.906
17.64677477,-0.3933,0.9189,-0.0941,1.004
17.648545847,-0.2848,1.0995,-0.1251,1.143
17.652816924,-0.2205,1.2839,-0.1644,1.313
17.653207385,-0.1685,1.4322,-0.1840,1.454
17.655615078,-0.1548,1.5665,-0.1966,1.586
17.660517616,-0.1676,1.6618,-0.2098,1.683
17.660920693,-0.1942,1.7154,-0.2206,1.740
17.662746539,-0.2382,1.7205,-0.2191,1.751
17.664985232,-0.2829,1.6714,-0.2182,1.709
17.667360693,-0.3251,1.5786,-0.1835,1.622
17.670232001,-0.3740,1.4723,-0.1486,1.526
17.67367877,-0.4118,1.3471,-0.1439,1.416
17.674947693,-0.4358,1.2238,-0.1602,1.309
17.67733577,-0.4541,1.1172,-0.1976,1.222
17.682134232,-0.4632,1.0366,-0.2304,1.159
17.683690847,-0.4676,0.9895,-0.2543,1.124
17.684734539,-0.4668,0.9919,-0.2772,1.131
17.686881924,-0.4688,1.0373,-0.2978,1.177
17.690491155,-0.4653,1.1246,-0.3127,1.257
17.691979155,-0.4725,1.2460,-0.3217,1.371
17.693992616,-0.4809,1.3932,-0.3135,1.507
17.696576924,-0.5079,1.5267,-0.3023,1.637
17.699199155,-0.5410,1.6282,-0.3081,1.743
17.701355385,-0.5736,1.7021,-0.3215,1.825
17.703882155,-0.6056,1.7522,-0.3430,1.885
17.707009847,-0.6339,1.7906,-0.3760,1.936
17.708560001,-0.6624,1.8124,-0.4073,1.972
17.71121577,-0.6967,1.8221,-0.4321,1.998
17.713404616,-0.7260,1.8216,-0.4668,2.016
17.715751155,-0.7534,1.8165,-0.4842,2.025
17.71870777,-0.8025,1.8285,-0.4559,2.048
17.72186277,-0.8457,1.8444,-0.4229,2.073
17.723004078,-0.8839,1.8574,-0.3923,2.094
17.725475155,-0.9078,1.8686,-0.3296,2.103
17.728723078,-0.9168,1.8703,-0.2726,2.101
17.731466462,-0.9075,1.8530,-0.2089,2.074
17.732796385,-0.8767,1.8209,-0.1583,2.027
17.735417847,-0.8294,1.7633,-0.1170,1.952
17.737485847,-0.7712,1.6892,-0.0862,1.859
17.744067693,-0.7050,1.6022,-0.0864,1.753
17.744948616,-0.6432,1.5048,-0.1062,1.640
17.745368385,-0.5827,1.3953,-0.1300,1.518
17.747108924,-0.5335,1.2879,-0.1432,1.401
17.753144385,-0.4979,1.1884,-0.1556,1.298
17.753940385,-0.4632,1.0899,-0.1820,1.198
17.754468385,-0.4397,1.0003,-0.2047,1.112
17.760228924,-0.4272,0.9218,-0.2180,1.039
17.760851693,-0.4238,0.8554,-0.2269,0.981
17.761851155,-0.4194,0.7929,-0.2338,0.927
17.764583693,-0.4348,0.7357,-0.2455,0.889
17.766371693,-0.4597,0.6900,-0.2502,0.866
17.769285924,-0.5017,0.6597,-0.2372,0.862
17.772182155,-0.5406,0.6203,-0.2338,0.855
17.773940616,-0.5843,0.5828,-0.2164,0.853
17.77645077,-0.6310,0.5444,-0.1933,0.856
17.778778847,-0.6782,0.5106,-0.1852,0.869
17.781193924,-0.7197,0.4792,-0.1866,0.885
17.783369232,-0.7678,0.4430,-0.1891,0.906
17.785544693,-0.8105,0.4149,-0.1922,0.931
17.789112078,-0.8396,0.3799,-0.1986,0.943
17.790705847,-0.8709,0.3429,-0.2064,0.958
17.792904309,-0.9041,0.3084,-0.1924,0.974
17.795657539,-0.9420,0.2710,-0.1683,0.995
17.798181232,-0.9923,0.2274,-0.1649,1.031
17.800581924,-1.0622,0.1901,-0.1607,1.091
17.802757309,-1.1492,0.1493,-0.1419,1.167
17.806061001,-1.2501,0.1141,-0.1312,1.262
17.807348693,-1.3624,0.0746,-0.1595,1.374
17.809722539,-1.4653,0.0254,-0.2143,1.481
17.812294462,-1.5394,-0.0292,-0.3061,1.570
17.815660385,-1.5850,-0.0891,-0.3965,1.636
17.817348924,-1.5923,-0.1506,-0.4483,1.661
17.819628001,-1.5696,-0.2168,-0.4432,1.645
17.82208677,-1.5256,-0.2845,-0.3970,1.602
17.824171155,-1.4692,-0.3563,-0.3268,1.547
17.826691693,-1.4025,-0.4125,-0.2629,1.485
17.830612001,-1.3183,-0.4613,-0.0491,1.398
17.831760693,-1.2249,-0.5210,0.1128,1.336
17.833825539,-1.0979,-0.5796,0.2559,1.268
17.836674155,-0.9473,-0.6167,0.4089,1.202
17.843935078,-0.7624,-0.6390,0.5457,1.135
17.844675078,-0.5660,-0.6372,0.6415,1.067
17.845103078,-0.3769,-0.6297,0.6820,1.002
17.854383385,-0.2049,-0.6158,0.6726,0.935
17.855688078,-0.0686,-0.5901,0.6258,0.863
17.856203078,0.0473,-0.5613,0.5447,0.784
17.856436924,0.1430,-0.5259,0.4548,0.710
17.856666462,0.2218,-0.4870,0.3576,0.644
17.857926155,0.3024,-0.4457,0.2677,0.601
17.860914539,0.3718,-0.4089,0.1949,0.586
17.86307177,0.4283,-0.3639,0.1282,0.576
17.864985616,0.4771,-0.3116,0.0756,0.575
17.867661847,0.5069,-0.2596,0.0414,0.571
17.872608078,0.5140,-0.1956,0.0219,0.550
17.873178155,0.5025,-0.1366,-0.0032,0.521
17.874758462,0.4896,-0.0783,-0.0303,0.497
17.877367155,0.4615,-0.0138,-0.0682,0.467
17.879921847,0.4172,0.0569,-0.1155,0.437
17.882005309,0.3648,0.1286,-0.1871,0.430
17.885170155,0.2907,0.1999,-0.2364,0.425
17.887163462,0.2008,0.2746,-0.2187,0.404
17.889289001,0.0906,0.3734,-0.1924,0.430
17.891997616,-0.0170,0.4762,-0.2262,0.527
17.894213616,-0.1157,0.5598,-0.2385,0.619
17.896692078,-0.2205,0.6709,-0.1952,0.733
17.899229309,-0.2983,0.7469,-0.2252,0.835
17.901650847,-0.3442,0.7818,-0.2917,0.903
17.905138462,-0.3908,0.8087,-0.2863,0.943
17.90626777,-0.4313,0.8321,-0.2986,0.984
17.908843693,-0.4609,0.8361,-0.3093,1.004
17.913133616,-0.4798,0.8339,-0.3010,1.008
17.914273001,-0.5059,0.8270,-0.2832,1.010
17.916048001,-0.5166,0.8188,-0.2580,1.002
17.918405309,-0.5220,0.8070,-0.2238,0.987
17.921318539,-0.5289,0.7974,-0.1781,0.973
17.923122539,-0.5369,0.7872,-0.1309,0.962
17.925736309,-0.5428,0.7801,-0.0843,0.954
17.929463462,-0.5482,0.7728,-0.0415,0.948
17.930933616,-0.5487,0.7655,-0.0017,0.942
17.932885001,-0.5503,0.7571,0.0417,0.937
17.935287385,-0.5459,0.7479,0.0791,0.929
17.942515385,-0.5438,0.7337,0.0894,0.918
17.943478232,-0.5350,0.7237,0.1071,0.906
17.943944001,-0.5137,0.7137,0.1174,0.887
17.954682847,-0.4465,0.7345,0.2997,0.910
17.955109309,-0.3964,0.7638,0.3782,0.940
17.955302539,-0.3877,0.7826,0.3356,0.936
17.955670847,-0.3991,0.7997,0.3021,0.943
17.955892385,-0.3852,0.8132,0.2711,0.940
17.957802155,-0.3803,0.8216,0.2426,0.937
17.960167078,-0.3854,0.8227,0.1830,0.927
17.96281177,-0.4038,0.8260,0.1145,0.927
17.964016616,-0.4309,0.8253,0.0383,0.932
17.966288078,-0.4453,0.8227,-0.0170,0.936
17.968961924,-0.4621,0.8190,-0.0684,0.943
17.971368309,-0.4690,0.8121,-0.0906,0.942
17.973653001,-0.4914,0.8141,-0.1074,0.957
17.976391155,-0.5081,0.8158,-0.1192,0.968
17.978842847,-0.5294,0.8202,-0.1239,0.984
17.980808078,-0.5508,0.8224,-0.1292,0.998
17.983709924,-0.5811,0.8365,-0.1370,1.028
17.985884001,-0.6021,0.8390,-0.1774,1.048
17.988625539,-0.6036,0.8288,-0.2074,1.046
17.990769924,-0.6127,0.8305,-0.2409,1.060
17.993346155,-0.6383,0.8556,-0.2562,1.098
17.995686539,-0.6412,0.8674,-0.2778,1.114
17.999285616,-0.6481,0.8854,-0.3061,1.139
18.000721847,-0.6144,0.8607,-0.3264,1.107
18.003945309,-0.6151,0.8842,-0.3440,1.131
18.005055693,-0.6161,0.9077,-0.3635,1.156
18.007438232,-0.6430,0.9467,-0.3699,1.203
18.009942155,-0.6398,0.9697,-0.3680,1.219
18.012628385,-0.6232,0.9697,-0.3677,1.210
18.014698847,-0.6813,1.0396,-0.3452,1.290
18.017234539,-0.7141,1.0858,-0.3135,1.337
18.020346155,-0.7427,1.1268,-0.2785,1.378
18.022176309,-0.7556,1.1566,-0.2448,1.403
18.024576924,-0.7844,1.1908,-0.2215,1.443
18.027093309,-0.8012,1.2176,-0.2189,1.474
18.029370847,-0.8371,1.2485,-0.2323,1.521
18.031632924,-0.8413,1.2497,-0.2465,1.527
18.034268385,-0.8631,1.2604,-0.2553,1.549
18.037101309,-0.9107,1.2926,-0.2734,1.605
18.039128078,-0.9466,1.2971,-0.3119,1.636
18.041482462,-0.9664,1.2858,-0.3391,1.644
18.049329924,-0.9755,1.2670,-0.3562,1.638
18.050308616,-0.9908,1.2485,-0.3631,1.635
18.051037001,-1.0074,1.2306,-0.3671,1.632
18.052934462,-1.0234,1.2141,-0.3694,1.630
18.053336078,-1.0167,1.1906,-0.3603,1.607
18.059648616,-0.9955,1.1701,-0.3163,1.569
18.060344309,-0.9718,1.1559,-0.2595,1.532
18.060868693,-0.9449,1.1393,-0.2274,1.498
18.063620001,-0.9510,1.1483,-0.2094,1.506
18.065152385,-0.9363,1.1398,-0.2089,1.490
18.068017847,-0.9242,1.1307,-0.1991,1.474
18.070133924,-0.8990,1.1112,-0.1828,1.441
18.072649001,-0.8636,1.0813,-0.1590,1.393
18.075078232,-0.8369,1.0599,-0.1319,1.357
18.078200001,-0.8037,1.0291,-0.1055,1.310
18.079654462,-0.7802,1.0005,-0.0828,1.271
18.08249977,-0.7590,0.9739,-0.0528,1.236
18.084729232,-0.7287,0.9414,-0.0237,1.191
18.086946155,-0.6887,0.9062,-0.0154,1.138
18.089632924,-0.6435,0.8700,-0.0263,1.082
18.092027693,-0.5904,0.8321,-0.0510,1.022
18.094649847,-0.5247,0.7911,-0.0752,0.952
18.096812616,-0.4600,0.7508,-0.0818,0.884
18.099535078,-0.3882,0.7135,-0.0823,0.816
18.102817616,-0.3192,0.6788,-0.0864,0.755
18.104148001,-0.2515,0.6455,-0.0923,0.699
18.106343693,-0.1858,0.6150,-0.1013,0.650
18.109202847,-0.1180,0.5873,-0.1151,0.610
18.111611078,-0.0607,0.5681,-0.1275,0.585
18.113636309,-0.0148,0.5556,-0.1339,0.572
18.116346155,0.0276,0.5514,-0.1427,0.570
18.119304309,0.0720,0.5630,-0.1502,0.587
18.120869309,0.0869,0.5691,-0.1639,0.599
18.123349232,0.0945,0.5791,-0.1735,0.612
18.125785616,0.1018,0.6020,-0.1800,0.637
18.128618539,0.0796,0.6313,-0.1910,0.664
18.130725539,0.0564,0.6606,-0.1910,0.690
18.133087078,0.0198,0.6978,-0.1908,0.724
18.135855693,-0.0211,0.7310,-0.1942,0.757
18.137625309,-0.0686,0.7757,-0.1930,0.802
18.140244309,-0.1143,0.8146,-0.1884,0.844
18.142736309,-0.1614,0.8475,-0.1842,0.882
18.149285001,-0.2083,0.8752,-0.1766,0.917
18.150241539,-0.2423,0.9013,-0.1679,0.948
18.150503078,-0.2850,0.9255,-0.1583,0.981
18.160010539,-0.3225,0.9473,-0.1468,1.011
18.160861616,-0.3500,0.9590,-0.1332,1.029
18.161418462,-0.3779,0.9721,-0.1243,1.050
18.161634232,-0.3975,0.9765,-0.1055,1.060
18.161828693,-0.4055,0.9814,-0.0894,1.066
18.165654462,-0.4020,0.9788,-0.0806,1.061
18.16694377,-0.3950,0.9702,-0.0726,1.050
18.169028693,-0.3737,0.9555,-0.0645,1.028
18.171282232,-0.3370,0.9350,-0.0594,0.996
18.173960078,-0.2914,0.9126,-0.0594,0.960
18.176464924,-0.2406,0.8905,-0.0652,0.925
18.178614539,-0.1924,0.8688,-0.0752,0.893
18.181433539,-0.1425,0.8478,-0.0855,0.864
18.185860693,-0.0973,0.8302,-0.0916,0.841
18.187075693,-0.0591,0.8188,-0.0987,0.827
18.188737001,-0.0268,0.8109,-0.1041,0.818
18.191189309,-0.0067,0.8090,-0.1058,0.816
18.193567155,0.0030,0.8087,-0.1111,0.816
18.195611155,0.0075,0.8074,-0.1170,0.816
18.198253539,0.0000,0.8107,-0.1221,0.820
18.201803462,-0.0197,0.8165,-0.1283,0.827
18.203124309,-0.0505,0.8265,-0.1321,0.839
18.205417924,-0.0852,0.8395,-0.1363,0.855
18.208005309,-0.1236,0.8554,-0.1368,0.875
18.210276616,-0.1629,0.8708,-0.1300,0.895
18.213231078,-0.1990,0.8884,-0.1265,0.919
18.215433309,-0.2359,0.9103,-0.1226,0.948
18.218209001,-0.2662,0.9282,-0.1216,0.973
18.219657924,-0.2929,0.9474,-0.1183,0.999
18.222379078,-0.3127,0.9678,-0.1160,1.024
18.224676693,-0.3297,0.9846,-0.1160,1.045
18.228132924,-0.3386,1.0027,-0.1146,1.064
18.229757309,-0.3479,1.0181,-0.1099,1.081
18.231952693,-0.3432,1.0271,-0.0985,1.087
18.238833309,-0.3375,1.0396,-0.0862,1.096
18.239963386,-0.3270,1.0484,-0.0731,1.101
18.240438539,-0.3141,1.0533,-0.0618,1.101
18.248535155,-0.3016,1.0501,-0.0522,1.094
18.249075462,-0.2923,1.0511,-0.0517,1.092
18.249306232,-0.2962,1.0589,-0.0626,1.101
18.249528001,-0.3085,1.0584,-0.0815,1.105
18.255889309,-0.3251,1.0435,-0.0771,1.096
18.256481232,-0.3454,1.0228,-0.0384,1.080
18.257124693,-0.3612,0.9942,-0.0542,1.059
18.259689309,-0.3605,0.9536,-0.1849,1.036
18.260644693,-0.3556,0.9001,-0.4451,1.065
18.263380924,-0.3535,0.8449,-0.7984,1.215
18.265788386,-0.3649,0.8070,-1.1524,1.453
18.268581539,-0.3801,0.8151,-1.2225,1.518
18.270406539,-0.3547,0.8663,-0.9289,1.319
18.272812693,-0.2777,0.9639,-0.3853,1.075
18.276492001,-0.1680,1.0953,0.2137,1.129
18.277563693,-0.0395,1.2197,0.6251,1.371
18.280192078,0.0517,1.3230,0.8052,1.550
18.282627462,0.1036,1.4034,0.8511,1.645
18.285198539,0.1483,1.4684,0.8848,1.721
18.287639155,0.2399,1.5243,0.8569,1.765
18.289771693,0.4123,1.5283,0.6459,1.710
18.292877309,0.6734,1.4987,0.3915,1.689
18.294405616,0.9464,1.4459,0.2103,1.741
18.296984616,1.1732,1.4279,0.0365,1.848
18.300803693,1.3139,1.4810,-0.1695,1.987
18.301961232,1.3657,1.5754,-0.5374,2.153
18.304093232,1.4155,1.6678,-0.8485,2.346
18.30698277,1.3379,1.8099,-0.9124,2.429
18.309389232,1.1595,1.9870,-0.8883,2.466
18.320883078,1.0037,2.1446,-0.9142,2.538
18.321876693,0.8512,2.2656,-0.9520,2.601
18.322669539,0.7109,2.3276,-1.0500,2.651
18.323001232,0.6137,2.3212,-1.1206,2.650
18.323319078,0.5588,2.1917,-1.2638,2.591
18.323558847,0.5369,1.9981,-1.0733,2.331
18.326046462,0.5641,1.7699,-0.7500,2.003
18.328516386,0.4779,1.5917,-0.4268,1.716
18.330809847,0.5770,1.3855,-0.0780,1.503
18.33615177,0.6271,1.2565,0.1455,1.412
18.336571078,0.5995,1.2502,0.3092,1.421
18.337864386,0.4603,1.3674,0.4269,1.505
18.340023386,0.2087,1.5695,0.5384,1.672
18.342467386,-0.0561,1.7815,0.5834,1.875
18.345149924,-0.2806,1.9790,0.5313,2.068
18.347758232,-0.4600,2.1532,0.4167,2.241
18.351766462,-0.5650,2.2727,0.3430,2.367
18.352283386,-0.6104,2.3401,0.3234,2.440
18.354591155,-0.5821,2.3785,0.2520,2.462
18.357913001,-0.4988,2.3648,0.1575,2.422
18.359597539,-0.3835,2.3068,0.1018,2.341
18.361811693,-0.2669,2.2206,0.0971,2.239
18.364485309,-0.1548,2.0925,0.1614,2.104
18.367262847,-0.0901,1.9707,0.2110,1.984
18.369124924,-0.0358,1.8556,0.2682,1.875
18.371668693,0.0650,1.7484,0.3918,1.793
18.374408693,0.1165,1.6252,0.3185,1.660
18.376186155,0.1304,1.5178,0.2079,1.537
18.378678155,0.1521,1.4027,0.1727,1.421
18.381665232,0.1740,1.2870,0.1269,1.305
18.383588309,0.1707,1.1906,0.0439,1.204
18.385913924,0.1737,1.0836,-0.0892,1.101
18.388405001,0.1886,0.9675,-0.2631,1.020
18.391319693,0.1779,0.8603,-0.4476,0.986
18.393097616,0.1360,0.7669,-0.5958,0.981
18.395578462,0.0980,0.6683,-0.7060,0.977
18.397925924,0.0635,0.5668,-0.8206,0.999
18.400577001,0.0083,0.4950,-0.9271,1.051
18.402824309,-0.0659,0.4324,-1.0002,1.092
18.405502539,-0.1539,0.3846,-1.0193,1.100
18.407757847,-0.3349,0.3787,-0.9117,1.043
18.410136693,-0.5269,0.3856,-0.8981,1.110
18.412877924,-0.7336,0.4088,-0.8015,1.161
18.416061232,-0.9620,0.4356,-0.7114,1.273
18.417314462,-1.2787,0.4957,-0.6035,1.498
18.419921924,-1.6483,0.5712,-0.4854,1.811
18.422398539,-2.0253,0.6550,-0.3978,2.165
18.424906462,-2.3018,0.7114,-0.3151,2.430
18.427173001,-2.5293,0.7640,-0.2460,2.654
18.429606155,-2.6740,0.7894,-0.2082,2.796
18.432789309,-2.7240,0.8050,-0.1947,2.847
18.434365309,-2.6803,0.8070,-0.2071,2.807
18.436661309,-2.5461,0.8016,-0.2304,2.679
18.43940277,-2.3424,0.7929,-0.2502,2.486
18.445072078,-2.1171,0.7934,-0.2665,2.277
18.445821924,-1.8934,0.7987,-0.2604,2.071
18.446171155,-1.6742,0.8160,-0.2345,1.877
18.458432924,-1.4482,0.8361,-0.1957,1.684
18.458813616,-1.2173,0.8671,-0.1537,1.502
18.458936078,-0.9833,0.8984,-0.1174,1.337
18.459052616,-0.7570,0.9323,-0.0836,1.204
18.459295078,-0.5655,0.9592,-0.0618,1.115
18.461812693,-0.4150,0.9830,-0.0484,1.068
18.464431155,-0.3014,1.0019,-0.0454,1.047
18.466559462,-0.1919,1.0079,-0.0435,1.027
18.468079462,-0.1123,1.0144,-0.0515,1.022
18.47131977,-0.0681,1.0254,-0.0747,1.030
18.473684001,-0.0470,1.0508,-0.1031,1.057
18.475151078,-0.0409,1.0892,-0.1165,1.096
18.477717924,-0.0530,1.1298,-0.1549,1.142
18.481049539,-0.0805,1.1817,-0.1602,1.195
18.482997232,-0.1096,1.2392,-0.1793,1.257
18.485580001,-0.1355,1.2825,-0.1779,1.302
18.487742462,-0.1516,1.3110,-0.1824,1.332
18.491180693,-0.1518,1.3233,-0.1715,1.343
18.492248616,-0.1373,1.3228,-0.1376,1.337
18.494675078,-0.1187,1.3169,-0.1053,1.326
18.497224386,-0.0910,1.2975,-0.0757,1.303
18.499610462,-0.0581,1.2709,-0.0638,1.274
18.502081309,-0.0221,1.2225,-0.0689,1.225
18.504567155,0.0193,1.1689,-0.0752,1.171
18.507324924,0.0417,1.1293,-0.0422,1.131
18.509274155,0.0618,1.0924,-0.0335,1.095
18.511534232,0.0831,1.0540,-0.0319,1.058
18.514015693,0.0999,1.0161,-0.0391,1.022
18.516409616,0.1080,0.9821,-0.0454,0.989
18.518875155,0.1087,0.9495,-0.0496,0.957
18.522036001,0.1043,0.9120,-0.0606,0.920
18.523926462,0.0887,0.8833,-0.0762,0.891
18.526487462,0.0652,0.8612,-0.0874,0.868
18.528911155,0.0310,0.8446,-0.1001,0.851
18.53238377,-0.0036,0.8341,-0.1148,0.842
18.533529309,-0.0361,0.8297,-0.1292,0.840
18.535842539,-0.0705,0.8295,-0.1412,0.844
18.538166155,-0.1003,0.8293,-0.1549,0.850
18.544952309,-0.1262,0.8293,-0.1705,0.856
18.545521847,-0.1529,0.8341,-0.1810,0.867
18.545816693,-0.1760,0.8381,-0.2003,0.879
18.555971078,-0.1934,0.8365,-0.2199,0.886
18.556866847,-0.2068,0.8329,-0.2304,0.889
18.557510232,-0.2215,0.8327,-0.2352,0.893
18.557726462,-0.2296,0.8325,-0.2360,0.895
18.558094462,-0.2410,0.8319,-0.2397,0.899
18.559640616,-0.2496,0.8341,-0.2360,0.902
18.562448386,-0.2562,0.8358,-0.2252,0.903
18.565257847,-0.2571,0.8378,-0.2184,0.903
18.567143462,-0.2589,0.8414,-0.2128,0.906
18.569435078,-0.2535,0.8351,-0.2054,0.897
18.57293577,-0.2447,0.8344,-0.2050,0.893
18.574128616,-0.2279,0.8300,-0.2013,0.884
18.576683462,-0.2112,0.8270,-0.1961,0.876
18.579311155,-0.1890,0.8260,-0.1928,0.869
18.581538155,-0.1644,0.8260,-0.1908,0.864
18.584009616,-0.1397,0.8273,-0.1868,0.860
18.586357539,-0.1169,0.8314,-0.1844,0.860
18.589595462,-0.0979,0.8349,-0.1812,0.860
18.591380693,-0.0779,0.8390,-0.1810,0.862
18.593848078,-0.0600,0.8439,-0.1833,0.866
18.596029616,-0.0395,0.8466,-0.1881,0.868
18.59890777,-0.0204,0.8537,-0.1937,0.876
18.600906539,-0.0011,0.8563,-0.1952,0.878
18.60324277,0.0217,0.8544,-0.1991,0.878
18.605943693,0.0452,0.8563,-0.2025,0.881
18.608023078,0.0708,0.8559,-0.1998,0.882
18.610493924,0.0980,0.8512,-0.1961,0.879
18.61435577,0.1226,0.8444,-0.1996,0.876
18.615602539,0.1419,0.8356,-0.1935,0.869
18.618526462,0.1598,0.8314,-0.1924,0.868
18.620488924,0.1725,0.8276,-0.1698,0.862
18.622938847,0.1786,0.8273,-0.1544,0.860
18.625432616,0.1774,0.8297,-0.1453,0.861
18.627747693,0.1759,0.8293,-0.1412,0.859
18.630849539,0.1698,0.8302,-0.1302,0.857
18.632348309,0.1563,0.8288,-0.1131,0.851
18.634598539,0.1407,0.8307,-0.0969,0.848
18.637065616,0.1176,0.8281,-0.0926,0.841
18.63964377,0.0880,0.8297,-0.0978,0.840
18.643785309,0.0525,0.8329,-0.1024,0.841
18.644498539,0.0168,0.8397,-0.1026,0.846
18.65130677,-0.0211,0.8454,-0.0987,0.851
18.652463462,-0.0566,0.8547,-0.0913,0.861
18.652865232,-0.0828,0.8642,-0.0818,0.872
18.654473001,-0.1071,0.8735,-0.0715,0.883
18.663756001,-0.1238,0.8861,-0.0589,0.897
18.664699386,-0.1294,0.8974,-0.0428,0.908
18.665147078,-0.1355,0.9082,-0.0305,0.919
18.665375693,-0.1345,0.9225,-0.0239,0.933
18.665921616,-0.1260,0.9313,-0.0288,0.940
18.668151155,-0.1125,0.9436,-0.0340,0.951
18.672267462,-0.0952,0.9497,-0.0408,0.955
18.673274232,-0.0759,0.9660,-0.0525,0.970
18.675573232,-0.0488,0.9837,-0.0679,0.987
18.678299155,-0.0239,1.0066,-0.0696,1.009
18.680776309,0.0073,1.0242,-0.0623,1.026
18.682692693,0.0415,1.0433,-0.0471,1.045
18.685531078,0.0728,1.0582,-0.0227,1.061
18.688700309,0.1018,1.0685,0.0000,1.073
18.689993616,0.1038,1.0662,0.0023,1.071
18.692316001,0.0794,1.0518,-0.0222,1.055
18.695144693,0.0340,1.0249,-0.0659,1.028
18.697249001,-0.0563,0.9890,-0.1378,1.000
18.699643693,-0.1673,0.9421,-0.1924,0.976
18.702256693,-0.2909,0.8869,-0.2191,0.959
18.705204616,-0.4248,0.8307,-0.2382,0.963
18.706914539,-0.5611,0.7787,-0.2534,0.993
18.709580309,-0.7125,0.7354,-0.2609,1.057
18.711956386,-0.8585,0.6878,-0.2683,1.132
18.715180616,-0.9945,0.6282,-0.2783,1.209
18.716609616,-1.1103,0.5686,-0.2655,1.275
18.719379462,-1.2335,0.5214,-0.2516,1.363
18.721665232,-1.3121,0.4777,-0.2331,1.416
18.723836924,-1.3510,0.4396,-0.2167,1.437
18.726408001,-1.3478,0.4034,-0.2110,1.423
18.73014377,-1.2913,0.3773,-0.2120,1.362
18.731054232,-1.1897,0.3626,-0.2101,1.261
18.733539155,-1.0444,0.3548,-0.2213,1.125
18.736173232,-0.8748,0.3665,-0.2308,0.976
18.738629309,-0.7020,0.3975,-0.2264,0.838
18.740947155,-0.5420,0.4538,-0.2071,0.737
18.743321232,-0.4074,0.5341,-0.1861,0.697
18.751388386,-0.3092,0.6338,-0.1756,0.727
18.752389924,-0.2303,0.7459,-0.1693,0.799
18.752873539,-0.1812,0.8730,-0.1710,0.908
18.753135693,-0.1627,1.0181,-0.1810,1.047
18.765244309,-0.1778,1.1991,-0.1886,1.227
18.765998462,-0.2095,1.3914,-0.2282,1.425
18.766494232,-0.2391,1.5770,-0.3235,1.628
18.766787462,-0.2708,1.7735,-0.3259,1.823
18.767005847,-0.2736,1.9636,-0.3225,2.009
18.767740693,-0.3121,2.1170,-0.3207,2.164
18.772298847,-0.2911,2.2003,-0.3098,2.241
18.773147155,-0.2347,2.2211,-0.2143,2.244
18.774314232,-0.1590,2.2006,-0.1080,2.209
18.777519386,-0.0791,2.1293,-0.0422,2.131
18.779815155,0.0037,2.0168,-0.0479,2.017
18.781869309,0.0759,1.8654,-0.1180,1.871
18.785201847,0.1351,1.6981,-0.1942,1.714
18.787633924,0.1622,1.5238,-0.2518,1.553
18.789101847,0.1519,1.3665,-0.2834,1.404
18.791549847,0.1074,1.2318,-0.2974,1.272
18.793651155,0.0312,1.1216,-0.3212,1.167
18.796508616,-0.0556,1.0257,-0.3335,1.080
18.800750539,-0.1536,0.9421,-0.3147,1.005
18.801394462,-0.2587,0.8766,-0.2895,0.959
18.804422232,-0.3596,0.8121,-0.2578,0.925
18.805872616,-0.4604,0.7417,-0.2377,0.905
18.808212386,-0.5592,0.6739,-0.2296,0.905
18.81083877,-0.6532,0.6013,-0.2269,0.916
18.813033232,-0.7467,0.5388,-0.2343,0.950
18.815474539,-0.8389,0.4808,-0.2416,0.997
18.817933539,-0.9332,0.4342,-0.2590,1.061
18.820514847,-1.0183,0.3907,-0.2844,1.127
18.823385001,-1.0976,0.3606,-0.2734,1.187
18.825473309,-1.1604,0.3536,-0.2377,1.236
18.827628924,-1.2068,0.3731,-0.1961,1.278
18.830034155,-1.2340,0.4232,-0.1793,1.317
18.832987693,-1.2391,0.5131,-0.1654,1.351
18.835473232,-1.2222,0.6369,-0.1679,1.388
18.842740693,-1.1958,0.8004,-0.1877,1.451
18.843331078,-1.1618,0.9870,-0.2226,1.541
18.84361077,-1.1345,1.1862,-0.2672,1.663
18.844371078,-1.0915,1.3711,-0.3450,1.786
18.851689232,-1.0742,1.5742,-0.3232,1.933
18.852262847,-1.0805,1.7750,-0.3207,2.103
18.852475386,-1.0679,1.9313,-0.3296,2.231
18.853992693,-1.0444,2.0284,-0.2958,2.301
18.856444001,-1.0113,2.0711,-0.2343,2.317
18.860212386,-0.9628,2.0631,-0.1707,2.283
18.861233001,-0.9039,2.0142,-0.0948,2.210
18.863555462,-0.8501,1.9333,-0.0498,2.113
18.866169616,-0.8061,1.8263,-0.0535,1.997
18.869380001,-0.7651,1.7039,-0.0843,1.870
18.872069924,-0.7246,1.5698,-0.1275,1.734
18.873668001,-0.6866,1.4293,-0.1622,1.594
18.875961924,-0.6628,1.2971,-0.1679,1.466
18.878260309,-0.6461,1.1686,-0.1986,1.350
18.880493924,-0.6312,1.0567,-0.2196,1.250
18.883192078,-0.6319,0.9590,-0.2448,1.174
18.885508924,-0.6395,0.8822,-0.2756,1.124
18.887828693,-0.6510,0.8188,-0.2993,1.088
18.890140386,-0.6612,0.7667,-0.3154,1.060
18.892846232,-0.6822,0.7271,-0.3179,1.047
18.895379155,-0.6980,0.6921,-0.2853,1.024
18.897416001,-0.7094,0.6550,-0.2934,1.009
18.900232001,-0.7153,0.6075,-0.3023,0.986
18.90313877,-0.7314,0.5705,-0.2900,0.972
18.904553001,-0.7548,0.5456,-0.2861,0.974
18.907493001,-0.7805,0.5263,-0.2897,0.985
18.909619155,-0.7984,0.5087,-0.2881,0.990
18.91210377,-0.7973,0.4869,-0.2905,0.978
18.914504078,-0.7814,0.4659,-0.2930,0.956
18.91669977,-0.7519,0.4405,-0.2780,0.915
18.919532924,-0.7194,0.4088,-0.2445,0.863
18.921525309,-0.6833,0.3739,-0.1896,0.802
18.923925616,-0.6603,0.3326,-0.1263,0.750
18.926464924,-0.6544,0.2884,-0.0757,0.719
18.928726462,-0.6669,0.2456,-0.0473,0.712
18.931392386,-0.6855,0.1994,-0.0447,0.715
18.933734847,-0.7167,0.1542,-0.0654,0.736
18.936196386,-0.7529,0.1165,-0.1141,0.770
18.93842377,-0.7875,0.0809,-0.1868,0.813
18.941127155,-0.8103,0.0447,-0.2292,0.843
18.949298155,-0.8238,0.0093,-0.2276,0.855
18.950461232,-0.8159,-0.0274,-0.1991,0.840
18.950841616,-0.7940,-0.0634,-0.1453,0.810
18.951370539,-0.7634,-0.1103,-0.0945,0.777
18.959765309,-0.7278,-0.1567,-0.0606,0.747
18.960705847,-0.6969,-0.2102,-0.0347,0.729
18.961252001,-0.6717,-0.2608,-0.0042,0.721
18.961705616,-0.6528,-0.3072,0.0309,0.722
18.962645001,-0.6095,-0.3470,0.0728,0.705
18.965578847,-0.5475,-0.3898,0.0989,0.679
18.967509924,-0.4858,-0.4271,0.0977,0.654
18.969836386,-0.4290,-0.4636,0.0945,0.639
18.972155693,-0.3652,-0.4890,0.1216,0.622
18.974695386,-0.3165,-0.5068,0.1362,0.613
18.977379693,-0.2792,-0.5123,0.1155,0.595
18.979339462,-0.2261,-0.5142,0.0764,0.567
18.981872001,-0.1704,-0.5009,0.0468,0.531
18.985252386,-0.1074,-0.4809,0.0353,0.494
18.987069924,-0.0407,-0.4526,0.0334,0.456
18.988964078,0.0107,-0.4157,0.0381,0.418
18.992369847,0.0533,-0.3754,0.0260,0.380
18.994420693,0.0997,-0.3343,-0.0114,0.349
18.997515693,0.1434,-0.2850,0.0268,0.320
18.998885847,0.1837,-0.2273,0.0607,0.299
19.002041924,0.1928,-0.1543,0.0671,0.256
19.003842232,0.1913,-0.0773,0.0962,0.228
19.006251462,0.1786,0.0181,0.1033,0.207
19.008866155,0.1530,0.1221,0.0891,0.215
19.011534462,0.1270,0.2123,0.0458,0.252
19.013204386,0.0860,0.2925,0.0014,0.305
19.015660924,0.0417,0.3440,-0.1263,0.369
19.018784309,0.0364,0.3658,-0.2045,0.421
19.020261539,0.0398,0.3912,-0.2213,0.451
19.023128078,0.0119,0.4415,-0.1856,0.479
19.025494155,-0.0332,0.4987,-0.1698,0.528
19.027967462,-0.0810,0.5493,-0.1607,0.578
19.030119693,-0.1260,0.5873,-0.1449,0.618
19.032581616,-0.1736,0.6228,-0.1263,0.659
19.03531177,-0.2110,0.6513,-0.1183,0.695
19.037189232,-0.2550,0.6756,-0.1236,0.733
19.039705309,-0.2923,0.6951,-0.1172,0.763
19.042352386,-0.3072,0.7017,-0.1073,0.774
19.049551078,-0.3288,0.7117,-0.0787,0.788
19.050152309,-0.3500,0.7247,-0.0379,0.806
19.050957616,-0.3703,0.7359,0.0102,0.824
19.060071693,-0.3898,0.7401,0.0624,0.839
19.061110155,-0.4143,0.7486,0.0989,0.861
19.061360078,-0.4316,0.7611,0.1123,0.882
19.06161577,-0.4350,0.7736,0.1157,0.895
19.061842155,-0.4197,0.7720,0.1485,0.891
19.064733847,-0.3966,0.7829,0.1551,0.891
19.066408924,-0.3671,0.7992,0.1719,0.896
19.068677616,-0.3305,0.8216,0.2266,0.914
19.07088777,-0.2909,0.8470,0.2850,0.940
19.07345477,-0.2501,0.8796,0.3202,0.969
19.075913539,-0.2161,0.9094,0.3321,0.992
19.078128001,-0.1900,0.8913,0.2518,0.946
19.080741847,-0.2191,0.9064,0.2088,0.956
19.084155693,-0.2464,0.9741,0.3400,1.061
19.086047693,-0.2625,0.9963,0.1751,1.045
19.087887386,-0.2997,1.0059,-0.0090,1.050
19.090482539,-0.2972,1.0281,-0.0515,1.071
19.092711462,-0.3078,1.0408,-0.1131,1.091
19.095197001,-0.3307,1.0518,-0.1715,1.116
19.097586462,-0.3598,1.0645,-0.1864,1.139
19.101292078,-0.3854,1.0706,-0.2106,1.157
19.102385001,-0.3984,1.0729,-0.2431,1.170
19.104959155,-0.4003,1.0716,-0.2711,1.176
19.107699078,-0.4120,1.0792,-0.2861,1.190
19.109864616,-0.4306,1.0843,-0.2932,1.203
19.112334539,-0.4499,1.0836,-0.3010,1.211
19.114697001,-0.4727,1.0862,-0.3023,1.223
19.117844001,-0.5074,1.0995,-0.2986,1.247
19.119256924,-0.5340,1.1046,-0.2804,1.259
19.121666155,-0.5616,1.1085,-0.2790,1.274
19.124214232,-0.5985,1.1197,-0.2683,1.298
19.126869539,-0.6493,1.1435,-0.2676,1.342
19.129856001,-0.6869,1.1635,-0.2763,1.379
19.131906155,-0.7321,1.1822,-0.2819,1.419
19.134379155,-0.7847,1.2008,-0.2921,1.464
19.136241001,-0.8306,1.2043,-0.3049,1.494
19.138730155,-0.8753,1.2133,-0.3191,1.530
19.14116777,-0.9279,1.2187,-0.3312,1.567
19.14794377,-0.9715,1.2167,-0.3379,1.593
19.148700001,-1.0148,1.2131,-0.3510,1.620
19.148961001,-1.0742,1.2199,-0.3533,1.663
19.157920001,-1.1201,1.2096,-0.3256,1.680
19.158796693,-1.1660,1.2020,-0.2968,1.701
19.159016386,-1.2293,1.2113,-0.2692,1.747
19.159240924,-1.2887,1.2116,-0.2389,1.785
19.160872309,-1.3353,1.2045,-0.1991,1.809
19.163012309,-1.3575,1.1761,-0.1686,1.804
19.166272001,-1.4066,1.1840,-0.1526,1.845
19.168099078,-1.4527,1.2006,-0.1474,1.890
19.169960078,-1.4574,1.1922,-0.1090,1.886
19.172371386,-1.4490,1.1854,-0.0574,1.873
19.175560001,-1.4301,1.1752,-0.0447,1.852
19.177260078,-1.3926,1.1571,-0.0513,1.811
19.179615155,-1.3463,1.1381,-0.0752,1.764
19.182021309,-1.2857,1.1160,-0.0955,1.705
19.184384616,-1.2124,1.0921,-0.1192,1.636
19.186779693,-1.1448,1.0713,-0.1263,1.573
19.189346155,-1.0751,1.0382,-0.1463,1.502
19.192367462,-1.0094,0.9949,-0.1610,1.426
19.19470277,-0.9468,0.9458,-0.1710,1.349
19.196826155,-0.8846,0.8889,-0.1756,1.266
19.200938539,-0.8198,0.8321,-0.1649,1.180
19.202089539,-0.7514,0.7733,-0.1517,1.089
19.203893539,-0.6840,0.7076,-0.1771,1.000
19.206493232,-0.6104,0.6465,-0.1917,0.910
19.208972386,-0.5301,0.5893,-0.2040,0.818
19.210921924,-0.4465,0.5319,-0.2001,0.723
19.213588309,-0.3652,0.4794,-0.1784,0.628
19.215865309,-0.2882,0.4359,-0.1791,0.552
19.218237309,-0.2061,0.3993,-0.1747,0.482
19.220863078,-0.1326,0.3790,-0.1661,0.435
19.223338462,-0.0688,0.3678,-0.1570,0.406
19.225532693,-0.0143,0.3687,-0.1568,0.401
19.228767078,0.0303,0.3802,-0.1526,0.411
19.230644693,0.0610,0.3972,-0.1486,0.428
19.233352386,0.0731,0.4188,-0.1546,0.452
19.234998232,0.0757,0.4484,-0.1639,0.483
19.237485539,0.0792,0.4867,-0.1695,0.521
19.240452693,0.0687,0.5351,-0.1771,0.568
19.243134155,0.0181,0.5775,-0.1868,0.607
19.24495177,-0.0419,0.6250,-0.1915,0.655
19.248021309,-0.0966,0.6783,-0.1903,0.711
19.255281847,-0.1729,0.7256,-0.1898,0.770
19.256061616,-0.2430,0.7643,-0.1905,0.824
19.25634277,-0.3151,0.8095,-0.1791,0.887
19.256833847,-0.3857,0.8495,-0.1600,0.947
19.26719477,-0.4455,0.8835,-0.1405,0.999
19.267883078,-0.4991,0.9184,-0.1221,1.052
19.268091078,-0.5455,0.9431,-0.1018,1.094
19.268441232,-0.5809,0.9623,-0.0815,1.127
19.269539693,-0.6121,0.9851,-0.0601,1.161
19.272111693,-0.6314,1.0000,-0.0430,1.183
19.275841309,-0.6368,1.0073,-0.0319,1.192
19.276428386,-0.6375,1.0177,-0.0183,1.201
19.27860377,-0.6295,1.0245,-0.0075,1.202
19.281080924,-0.6146,1.0281,0.0002,1.198
19.283558539,-0.5970,1.0252,0.0041,1.186
19.28567977,-0.5785,1.0174,0.0095,1.170
19.288221539,-0.5520,1.0059,0.0099,1.147
19.291116693,-0.5296,0.9870,0.0092,1.120
19.292969539,-0.5059,0.9724,0.0041,1.096
19.295231462,-0.4800,0.9580,-0.0007,1.071
19.297920693,-0.4588,0.9367,-0.0037,1.043
19.300644001,-0.4382,0.9124,-0.0110,1.012
19.302691693,-0.4177,0.8879,-0.0110,0.981
19.305016924,-0.4008,0.8576,-0.0151,0.947
19.307905847,-0.3791,0.8305,-0.0203,0.913
19.309753232,-0.3632,0.8029,-0.0296,0.882
19.312420693,-0.3512,0.7792,-0.0354,0.855
19.316171693,-0.3365,0.7552,-0.0388,0.828
19.31730777,-0.3244,0.7364,-0.0408,0.806
19.319913924,-0.3160,0.7261,-0.0422,0.793
19.322202539,-0.3121,0.7176,-0.0533,0.784
19.324838232,-0.3099,0.7154,-0.0699,0.783
19.334214155,-0.3119,0.7191,-0.0850,0.788
19.335586232,-0.3107,0.7261,-0.1021,0.796
19.33609177,-0.3144,0.7366,-0.1199,0.810
19.336587462,-0.3185,0.7515,-0.1199,0.825
19.337066462,-0.3214,0.7680,-0.1158,0.841
19.339480078,-0.3302,0.7855,-0.1146,0.860
19.341316001,-0.3400,0.8104,-0.1226,0.887
19.343395462,-0.3628,0.8449,-0.1500,0.932
19.345986847,-0.3769,0.8824,-0.1766,0.976
19.348489847,-0.3752,0.9045,-0.1519,0.991
19.35063877,-0.3749,0.9220,-0.2089,1.017
19.35319177,-0.3793,0.9304,-0.4549,1.103
19.355702462,-0.3789,0.9329,-0.8120,1.294
19.359493847,-0.3945,0.9404,-1.3505,1.692
19.360540078,-0.4192,0.9597,-1.7263,2.019
19.363549539,-0.4167,0.9966,-1.7202,2.031
19.366382539,-0.3559,1.0526,-1.4570,1.832
19.367545847,-0.2161,1.1181,-1.1297,1.604
19.369967693,-0.0478,1.1754,-0.7796,1.411
19.375052616,0.1434,1.2529,-0.3450,1.307
19.375621232,0.2841,1.3389,-0.0941,1.372
19.377183386,0.2900,1.4435,-0.1964,1.485
19.379812616,0.2267,1.5686,-0.2976,1.613
19.382160616,0.1668,1.7424,-0.0300,1.751
19.384534847,0.1312,1.9639,0.4634,2.022
19.387073616,0.1871,2.1070,0.6009,2.199
19.389355693,0.2783,2.1996,0.5320,2.280
19.391611078,0.3471,2.3047,0.4045,2.366
19.393993309,0.3914,2.4703,0.3334,2.523
19.396575386,0.4507,2.6550,0.4427,2.729
19.398918155,0.5621,2.8067,0.6782,2.942
19.401325847,0.6135,2.9445,0.8667,3.130
19.403774155,0.5653,3.0564,0.7512,3.198
19.406372693,0.4745,3.1131,0.3776,3.172
19.408478232,0.3799,3.1211,-0.0471,3.145
19.411533847,0.3107,3.0517,-0.4847,3.106
19.415246232,0.3137,2.8871,-0.8126,3.016
19.416035693,0.3885,2.6440,-0.8043,2.791
19.418094847,0.5411,2.3571,-0.4920,2.468
19.420606463,0.7139,2.1134,0.1609,2.236
19.423093001,0.9093,1.9433,0.8821,2.320
19.425273309,1.0293,1.8600,1.4236,2.558
19.428017924,1.0745,1.8312,1.6170,2.669
19.430628309,1.0349,1.8290,1.4495,2.553
19.432575078,0.9301,1.7916,1.2291,2.363
19.435205847,0.7659,1.7242,0.9601,2.117
19.437679693,0.5935,1.6218,0.6198,1.835
19.44033077,0.4566,1.4847,0.3104,1.584
19.442359155,0.3256,1.3333,0.0712,1.374
19.445680616,0.2211,1.1777,-0.0796,1.201
19.450324693,0.0972,1.0469,-0.2974,1.093
19.450816616,-0.0319,0.9473,-0.5180,1.080
19.451951693,-0.1167,0.8495,-0.6657,1.086
19.454432693,-0.1409,0.7420,-0.7160,1.041
19.45917177,-0.1394,0.6350,-0.7342,0.981
19.459553616,-0.1570,0.5578,-0.7556,0.952
19.461898463,-0.1760,0.4894,-0.7373,0.902
19.468921616,-0.1741,0.4174,-0.7593,0.884
19.469216693,-0.1914,0.3513,-0.8099,0.903
19.469347463,-0.2484,0.3059,-0.8614,0.947
19.473355155,-0.3272,0.2888,-0.8919,0.993
19.473825924,-0.4348,0.3024,-0.8858,1.032
19.476306155,-0.5704,0.3538,-0.8800,1.107
19.47873877,-0.7275,0.4405,-0.8145,1.178
19.481196386,-0.8780,0.5446,-0.6990,1.247
19.483393309,-1.0131,0.6639,-0.6413,1.371
19.486508386,-1.1844,0.7789,-0.6066,1.542
19.489468693,-1.3715,0.8991,-0.5944,1.744
19.490946232,-1.4917,1.0091,-0.5702,1.889
19.493370847,-1.5699,1.0987,-0.5411,1.991
19.496596001,-1.5914,1.1928,-0.5064,2.052
19.499042463,-1.5662,1.2842,-0.4826,2.082
19.500885232,-1.5293,1.3680,-0.4705,2.105
19.503407693,-1.4821,1.4491,-0.4405,2.119
19.505889232,-1.4350,1.5206,-0.4041,2.130
19.507640386,-1.3798,1.5717,-0.3603,2.122
19.510202847,-1.3307,1.6012,-0.3381,2.109
19.512532309,-1.2874,1.6045,-0.3415,2.085
19.514909616,-1.2628,1.5822,-0.3718,2.058
19.517872078,-1.2430,1.5416,-0.4178,2.024
19.519814847,-1.2300,1.4813,-0.4635,1.980
19.522790155,-1.2242,1.4095,-0.4966,1.932
19.524489001,-1.2119,1.3289,-0.5136,1.870
19.526960309,-1.1976,1.2504,-0.5194,1.808
19.529681232,-1.1667,1.1708,-0.5201,1.733
19.53228777,-1.1247,1.0962,-0.5150,1.653
19.534266847,-1.0688,1.0289,-0.5059,1.567
19.536873232,-1.0048,0.9668,-0.4952,1.480
19.539267386,-0.9266,0.9111,-0.4815,1.386
19.541820693,-0.8382,0.8622,-0.4666,1.290
19.544011463,-0.7465,0.8175,-0.4605,1.199
19.551794463,-0.6424,0.7823,-0.4432,1.105
19.552245924,-0.5508,0.7540,-0.4358,1.030
19.552482232,-0.4634,0.7308,-0.4288,0.966
19.554226232,-0.3754,0.7144,-0.4083,0.904
19.561112001,-0.3021,0.7086,-0.3774,0.858
19.561851155,-0.2357,0.7149,-0.3361,0.824
19.56233877,-0.1832,0.7296,-0.2932,0.807
19.563105616,-0.1499,0.7520,-0.2421,0.804
19.571176078,-0.1304,0.7855,-0.2057,0.822
19.57205177,-0.1280,0.8276,-0.1722,0.855
19.572403078,-0.1355,0.8661,-0.1324,0.887
19.572998539,-0.1511,0.9133,-0.0962,0.931
19.575538232,-0.1781,0.9616,-0.0708,0.981
19.57843977,-0.2115,1.0037,-0.0606,1.028
19.580681539,-0.2496,1.0457,-0.0610,1.077
19.582313001,-0.2931,1.0780,-0.0594,1.119
19.584941539,-0.3354,1.1046,-0.0626,1.156
19.58823077,-0.3786,1.1241,-0.0591,1.188
19.589454847,-0.4138,1.1273,-0.0528,1.202
19.59199477,-0.4453,1.1224,-0.0449,1.208
19.594466539,-0.4727,1.1148,-0.0428,1.212
19.59681177,-0.4949,1.0967,-0.0349,1.204
19.599411386,-0.5100,1.0755,-0.0288,1.191
19.601711693,-0.5196,1.0482,-0.0300,1.170
19.604699693,-0.5196,1.0184,-0.0307,1.144
19.606481847,-0.5156,0.9895,-0.0335,1.116
19.609059386,-0.5068,0.9588,-0.0386,1.085
19.611784078,-0.4922,0.9313,-0.0473,1.054
19.614044693,-0.4714,0.8991,-0.0552,1.017
19.616495386,-0.4507,0.8703,-0.0635,0.982
19.618825924,-0.4192,0.8414,-0.0735,0.943
19.621087693,-0.3871,0.8158,-0.0784,0.906
19.623408693,-0.3510,0.7958,-0.0820,0.874
19.626009232,-0.3132,0.7715,-0.0864,0.837
19.629656386,-0.2831,0.7542,-0.0913,0.811
19.630889232,-0.2508,0.7415,-0.0982,0.789
19.632900078,-0.2244,0.7330,-0.1034,0.773
19.635647693,-0.1988,0.7308,-0.1106,0.765
19.638014463,-0.1712,0.7288,-0.1116,0.757
19.640361616,-0.1480,0.7305,-0.1106,0.754
19.643026232,-0.1233,0.7364,-0.1116,0.755
19.650115078,-0.1057,0.7386,-0.1180,0.755
19.651028309,-0.0869,0.7457,-0.1178,0.760
19.651757847,-0.0710,0.7545,-0.1239,0.768
19.65232677,-0.0583,0.7671,-0.1226,0.779
19.662709001,-0.0502,0.7806,-0.1232,0.792
19.663502232,-0.0461,0.7973,-0.1229,0.808
19.663943463,-0.0409,0.8126,-0.1272,0.824
19.664142539,-0.0314,0.8258,-0.1300,0.837
19.66437577,-0.0214,0.8402,-0.1309,0.851
19.667519078,-0.0116,0.8510,-0.1292,0.861
19.670737539,-0.0031,0.8632,-0.1295,0.873
19.67167877,0.0098,0.8789,-0.1265,0.888
19.673896924,0.0217,0.8866,-0.1327,0.897
19.676329001,0.0324,0.8966,-0.1505,0.910
19.679100309,0.0415,0.9069,-0.1649,0.923
19.68110377,0.0554,0.9126,-0.1630,0.929
19.683577001,0.0699,0.9180,-0.1722,0.937
19.687200693,0.0909,0.9243,-0.1812,0.946
19.688434155,0.1070,0.9272,-0.1844,0.951
19.690991078,0.1211,0.9357,-0.1901,0.962
19.694122232,0.1344,0.9380,-0.1945,0.967
19.696579078,0.1502,0.9446,-0.1930,0.976
19.698249847,0.1700,0.9504,-0.1935,0.985
19.700673309,0.1881,0.9516,-0.1982,0.990
19.703961309,0.2077,0.9531,-0.1982,0.995
19.705575078,0.2296,0.9558,-0.2042,1.004
19.707898155,0.2521,0.9543,-0.2133,1.010
19.710322539,0.2700,0.9497,-0.2240,1.012
19.712664309,0.2902,0.9426,-0.2320,1.013
19.715807463,0.3091,0.9343,-0.2448,1.014
19.718008693,0.3179,0.9252,-0.2573,1.012
19.720947155,0.3230,0.9167,-0.2680,1.008
19.722267386,0.3200,0.9124,-0.2790,1.006
19.724744001,0.3086,0.9103,-0.2974,1.006
19.728329001,0.2907,0.9075,-0.3086,1.002
19.729539155,0.2614,0.9047,-0.3103,0.992
19.73197177,0.2192,0.9148,-0.3010,0.988
19.73497877,0.1756,0.9225,-0.2876,0.982
19.73733577,0.1297,0.9343,-0.2660,0.980
19.739457616,0.0885,0.9397,-0.2429,0.975
19.741708001,0.0501,0.9436,-0.2101,0.968
19.74415177,0.0147,0.9434,-0.1805,0.961
19.750818463,-0.0192,0.9382,-0.1556,0.951
19.751356386,-0.0468,0.9304,-0.1341,0.941
19.751634847,-0.0771,0.9194,-0.1190,0.930
19.764199386,-0.1064,0.9077,-0.1043,0.920
19.764992078,-0.1275,0.8950,-0.1048,0.910
19.765238232,-0.1502,0.8796,-0.1055,0.899
19.765485539,-0.1688,0.8619,-0.1092,0.885
19.765693616,-0.1921,0.8505,-0.1165,0.880
19.76589977,-0.2071,0.8365,-0.1192,0.870
19.768716693,-0.2242,0.8288,-0.1251,0.868
19.772210232,-0.2364,0.8239,-0.1283,0.867
19.773028078,-0.2447,0.8160,-0.1344,0.862
19.775415155,-0.2545,0.8123,-0.1393,0.863
19.777678155,-0.2574,0.8146,-0.1425,0.866
19.780036693,-0.2596,0.8153,-0.1463,0.868
19.78258377,-0.2564,0.8202,-0.1476,0.872
19.784913616,-0.2513,0.8314,-0.1446,0.881
19.787222847,-0.2430,0.8402,-0.1378,0.885
19.789763386,-0.2317,0.8530,-0.1327,0.894
19.792268309,-0.2103,0.8671,-0.1283,0.901
19.794870463,-0.1890,0.8903,-0.1172,0.918
19.796985616,-0.1632,0.9171,-0.0953,0.936
19.800141001,-0.1382,0.9429,-0.0752,0.956
19.803209847,-0.1113,0.9626,-0.0687,0.971
19.804530847,-0.0938,0.9707,-0.0838,0.979
19.806782155,-0.0803,0.9712,-0.1178,0.982
19.809805616,-0.0793,0.9619,-0.1712,0.980
19.811518463,-0.0849,0.9509,-0.2318,0.982
19.814081847,-0.0982,0.9326,-0.2998,0.984
19.816489616,-0.1233,0.9069,-0.3692,0.987
19.819764309,-0.1511,0.8791,-0.4376,0.994
19.821214155,-0.1902,0.8547,-0.4959,1.006
19.823800924,-0.2420,0.8253,-0.5416,1.016
19.826183155,-0.3036,0.7990,-0.5658,1.025
19.829018155,-0.3745,0.7857,-0.5672,1.039
19.830814847,-0.4592,0.7745,-0.5465,1.053
19.833409309,-0.5391,0.7767,-0.5069,1.073
19.836304693,-0.6139,0.7829,-0.4524,1.093
19.838411155,-0.6733,0.8023,-0.3950,1.119
19.84049077,-0.7221,0.8309,-0.3396,1.152
19.847898539,-0.7585,0.8693,-0.2963,1.191
19.848569001,-0.7763,0.9148,-0.2653,1.229
19.848901924,-0.7670,0.9621,-0.2409,1.254
19.850180924,-0.7383,1.0110,-0.2260,1.272
19.860989616,-0.6977,1.0633,-0.2243,1.291
19.861799078,-0.6281,1.1134,-0.2255,1.298
19.86207477,-0.5471,1.1640,-0.2524,1.311
19.862241539,-0.4585,1.2138,-0.2795,1.327
19.862500078,-0.3759,1.2653,-0.3051,1.355
19.865333309,-0.3016,1.3117,-0.3081,1.381
19.867963693,-0.2317,1.3523,-0.2888,1.402
19.870257232,-0.1781,1.3753,-0.2550,1.410
19.871790847,-0.1316,1.3782,-0.2164,1.401
19.874217924,-0.0800,1.3513,-0.1796,1.366
19.876627155,-0.0591,1.2951,-0.1566,1.306
19.878916001,-0.0407,1.2011,-0.1598,1.212
19.881441847,-0.0417,1.0853,-0.1837,1.102
19.885747078,-0.0525,0.9523,-0.2213,0.979
19.886742539,-0.0822,0.8123,-0.2716,0.860
19.888728078,-0.1220,0.6670,-0.3342,0.756
19.891337539,-0.1812,0.5297,-0.4014,0.689
19.893552616,-0.2628,0.4063,-0.4446,0.657
19.896011463,-0.3498,0.3017,-0.4551,0.648
19.898395386,-0.4423,0.2141,-0.4234,0.649
19.901920001,-0.5587,0.1344,-0.3650,0.681
19.90338377,-0.6728,0.0736,-0.2846,0.734
19.905497924,-0.7744,0.0220,-0.2122,0.803
19.908168924,-0.8533,-0.0238,-0.1490,0.867
19.911625924,-0.9261,-0.0632,-0.1236,0.936
19.912941001,-0.9913,-0.1000,-0.1336,1.005
19.915981309,-1.0402,-0.1294,-0.1642,1.061
19.918880001,-1.0666,-0.1520,-0.1891,1.094
19.920273616,-1.0744,-0.1636,-0.2010,1.105
19.922726847,-1.0666,-0.1572,-0.1937,1.095
19.924811463,-1.0456,-0.1326,-0.1566,1.066
19.927077539,-1.0085,-0.0923,-0.1078,1.018
19.929472693,-0.9471,-0.0331,-0.0484,0.949
19.931848616,-0.8543,0.0531,0.0083,0.856
19.934800693,-0.7612,0.1673,0.0598,0.782
19.936808078,-0.6845,0.3113,0.0833,0.757
19.939361847,-0.6244,0.4867,0.0979,0.798
19.94162377,-0.6068,0.6993,0.0615,0.928
19.94405877,-0.6317,0.9467,-0.0368,1.139
19.946441847,-0.7246,1.2372,-0.1761,1.445
19.949096078,-0.8726,1.6455,-0.3166,1.889
19.957797924,-1.0267,2.0591,-0.4861,2.352
19.958988616,-1.1567,2.4314,-0.5988,2.758
19.959647693,-1.2359,2.7579,-0.6515,3.092
19.959986232,-1.2021,2.9623,-0.6112,3.255
19.960744693,-1.0959,3.0589,-0.4172,3.276
19.963321001,-0.9586,3.0904,-0.1800,3.241
19.965740924,-0.7893,3.0740,0.0337,3.174
19.968406232,-0.5965,3.0323,0.1558,3.094
19.970425232,-0.4167,2.9726,0.1506,3.005
19.973019693,-0.2426,2.8996,0.0583,2.910
19.975864309,-0.0874,2.8143,-0.0591,2.816
19.977725616,0.0389,2.7217,-0.2045,2.730
19.98024377,0.1488,2.6079,-0.3235,2.632
19.982651463,0.2365,2.4820,-0.4278,2.530
19.985074847,0.2888,2.3413,-0.4505,2.402
19.987734463,0.3059,2.1984,-0.3962,2.255
19.990064386,0.2793,2.0762,-0.3196,2.119
19.992629847,0.1959,1.9739,-0.2643,2.001
19.994613616,0.0811,1.8732,-0.2455,1.891
19.997491463,-0.0407,1.7826,-0.2409,1.799
20.000847078,-0.1707,1.6907,-0.2482,1.717
20.002001309,-0.2978,1.6024,-0.2573,1.650
20.00443877,-0.4106,1.5141,-0.2536,1.589
20.007058155,-0.5044,1.4234,-0.2329,1.528
20.009760386,-0.5883,1.3315,-0.2003,1.469
20.011744693,-0.6449,1.2343,-0.1617,1.402
20.014389847,-0.6764,1.1354,-0.1385,1.329
20.017352001,-0.7018,1.0464,-0.1207,1.266
20.018909001,-0.7187,0.9668,-0.0880,1.208
20.021285847,-0.7250,0.8969,-0.0476,1.154
20.023717847,-0.7336,0.8281,-0.0293,1.107
20.026269309,-0.7409,0.7596,-0.0203,1.061
20.028542539,-0.7458,0.6965,-0.0154,1.021
20.031009232,-0.7502,0.6397,0.0200,0.986
20.033929309,-0.7568,0.5917,-0.0127,0.961
20.035707693,-0.7500,0.5449,-0.1131,0.934
20.038296078,-0.7480,0.5021,-0.1954,0.922
20.040709847,-0.7348,0.4520,-0.2573,0.900
20.043367463,-0.7270,0.4137,-0.2770,0.881
20.04557577,-0.7180,0.3819,-0.3012,0.867
20.047880924,-0.7024,0.3399,-0.2932,0.834
20.054481847,-0.6982,0.2949,-0.2636,0.802
20.055450463,-0.7057,0.2519,-0.2543,0.791
20.056085847,-0.7265,0.2104,-0.2565,0.799
20.057913924,-0.7534,0.1626,-0.2397,0.807
20.066282155,-0.8012,0.1095,-0.2020,0.834
20.067080386,-0.8778,0.0555,-0.1810,0.898
20.067335693,-0.9787,-0.0001,-0.2138,1.002
20.067811463,-1.0947,-0.0576,-0.2729,1.130
20.069464001,-1.2310,-0.1198,-0.3757,1.293
20.072131693,-1.3705,-0.1916,-0.4896,1.468
20.07485877,-1.5002,-0.2745,-0.5968,1.638
20.076568309,-1.6241,-0.3534,-0.6650,1.790
20.079367155,-1.7162,-0.4384,-0.6699,1.894
20.081820309,-1.7753,-0.5154,-0.6323,1.954
20.08449077,-1.7781,-0.5818,-0.5280,1.944
20.086689924,-1.6918,-0.6219,-0.3662,1.839
20.089195078,-1.5254,-0.6370,-0.1744,1.662
20.091344386,-1.2647,-0.6141,0.0236,1.406
20.09372377,-0.9864,-0.5628,0.2212,1.157
20.096268078,-0.7292,-0.5193,0.3987,0.980
20.098729924,-0.4812,-0.4865,0.5359,0.869
20.101258463,-0.2584,-0.4648,0.6361,0.829
20.104069616,-0.0691,-0.4406,0.6989,0.829
20.106111155,0.0796,-0.4196,0.7169,0.834
20.108764309,0.1820,-0.3940,0.6794,0.806
20.110708924,0.2599,-0.3675,0.6100,0.758
20.113369616,0.3271,-0.3404,0.5184,0.701
20.116547155,0.3843,-0.3167,0.4236,0.654
20.117785539,0.4151,-0.2864,0.3256,0.600
20.12027577,0.4390,-0.2576,0.2261,0.557
20.122778155,0.4547,-0.2230,0.1421,0.526
20.125219463,0.4532,-0.1907,0.0798,0.498
20.127446155,0.4427,-0.1545,0.0378,0.470
20.130294847,0.4136,-0.1120,0.0065,0.429
20.133016924,0.3711,-0.0668,-0.0198,0.378
20.134525539,0.3070,-0.0173,-0.0388,0.310
20.137136386,0.2318,0.0269,-0.0496,0.239
20.139563386,0.1425,0.0785,-0.0699,0.177
20.142112078,0.0542,0.1246,-0.1062,0.172
20.144410155,-0.0339,0.1703,-0.1556,0.233
20.147117309,-0.1226,0.2136,-0.2103,0.324
20.153273616,-0.2042,0.2625,-0.2438,0.412
20.154694155,-0.2860,0.3073,-0.2780,0.504
20.155406155,-0.3647,0.3616,-0.2858,0.588
20.166080924,-0.4362,0.4146,-0.2868,0.667
20.166866847,-0.5035,0.4654,-0.2714,0.737
20.167283693,-0.5662,0.5060,-0.2672,0.805
20.167624924,-0.6026,0.5192,-0.2897,0.847
20.168059463,-0.6605,0.5563,-0.2040,0.887
20.168388386,-0.7113,0.5947,-0.1483,0.939
20.171876386,-0.7480,0.6133,-0.1102,0.973
20.174257847,-0.7705,0.6208,-0.0923,0.994
20.175608309,-0.7795,0.6201,-0.0899,1.000
20.178104386,-0.7776,0.6206,-0.0899,0.999
20.180420001,-0.7632,0.6118,-0.0892,0.982
20.183648616,-0.7495,0.6071,-0.0813,0.968
20.188188078,-0.7324,0.6038,-0.0771,0.952
20.188603078,-0.7062,0.6050,-0.0652,0.932
20.190767463,-0.6673,0.6150,-0.0393,0.908
20.192354232,-0.6307,0.6203,-0.0191,0.885
20.195055693,-0.6034,0.6301,-0.0232,0.873
20.197612616,-0.5769,0.6421,-0.0244,0.864
20.19976277,-0.5335,0.6380,-0.0328,0.832
20.202238539,-0.4641,0.6406,-0.0279,0.792
20.20472377,-0.4358,0.6553,-0.0242,0.787
20.207164924,-0.3947,0.6672,-0.0112,0.775
20.209509847,-0.3527,0.6687,0.0111,0.756
20.211974463,-0.3375,0.6802,0.0412,0.760
20.214518539,-0.3214,0.6932,0.0519,0.766
20.21715177,-0.3116,0.7046,0.0473,0.772
20.219369924,-0.3099,0.7195,0.0227,0.784
20.221692386,-0.3185,0.7354,-0.0134,0.802
20.224152078,-0.3351,0.7515,-0.0430,0.824
20.226305539,-0.3635,0.7676,-0.0620,0.852
20.228736078,-0.3982,0.7853,-0.0774,0.884
20.232582232,-0.4360,0.8107,-0.0962,0.926
20.233759463,-0.4648,0.8344,-0.1223,0.963
20.236275463,-0.5022,0.8524,-0.1544,1.001
20.238605924,-0.5286,0.8622,-0.1771,1.027
20.241093924,-0.5643,0.8805,-0.2038,1.065
20.243644616,-0.5883,0.8954,-0.2248,1.095
20.245996924,-0.6116,0.8984,-0.2406,1.113
20.253453924,-0.6230,0.8942,-0.2646,1.121
20.254013924,-0.6197,0.8894,-0.2976,1.124
20.254610155,-0.5927,0.8773,-0.3320,1.110
20.264733001,-0.5531,0.8686,-0.3631,1.092
20.265743155,-0.4995,0.8554,-0.3962,1.067
20.265942232,-0.4455,0.8461,-0.4153,1.043
20.266238463,-0.4040,0.8495,-0.4170,1.029
20.266574155,-0.3596,0.8486,-0.3899,1.001
20.267165001,-0.3214,0.8502,-0.3611,0.978
20.270190539,-0.3007,0.8619,-0.3171,0.966
20.272550463,-0.2826,0.8671,-0.3386,0.973
20.274632309,-0.2503,0.8561,-0.3268,0.950
20.276922463,-0.2325,0.8512,-0.2963,0.931
20.279398155,-0.2571,0.8724,-0.2760,0.951
20.281742155,-0.2699,0.8849,-0.2629,0.962
20.28405077,-0.3029,0.9113,-0.2441,0.991
20.286622232,-0.3373,0.9390,-0.2318,1.024
20.289754232,-0.3703,0.9578,-0.2299,1.052
20.291549539,-0.4050,0.9729,-0.2336,1.079
20.293814539,-0.4416,0.9876,-0.2338,1.107
20.296363386,-0.4721,1.0019,-0.2294,1.131
20.298904616,-0.5042,1.0128,-0.2218,1.153
20.301558847,-0.5340,1.0230,-0.2211,1.175
20.303779155,-0.5680,1.0308,-0.2213,1.198
20.30648377,-0.5921,1.0350,-0.2218,1.213
20.308253232,-0.6183,1.0354,-0.2199,1.226
20.310680309,-0.6435,1.0398,-0.2238,1.243
20.313136924,-0.6647,1.0428,-0.2311,1.258
20.315830463,-0.6857,1.0471,-0.2352,1.274
20.317907386,-0.7074,1.0601,-0.2416,1.297
20.320444386,-0.7311,1.0733,-0.2416,1.321
20.322932001,-0.7581,1.0946,-0.2364,1.352
20.325260616,-0.7859,1.1158,-0.2336,1.385
20.327793309,-0.8064,1.1459,-0.2196,1.418
20.330157232,-0.8208,1.1705,-0.2064,1.444
20.332623386,-0.8320,1.1915,-0.1971,1.467
20.334857616,-0.8335,1.2043,-0.1933,1.477
20.337627463,-0.8257,1.2250,-0.1881,1.489
20.340313309,-0.8135,1.2380,-0.1854,1.493
20.349278539,-0.7964,1.2451,-0.1884,1.490
20.34977177,-0.7826,1.2448,-0.1966,1.483
20.350189232,-0.7734,1.2341,-0.2162,1.472
20.350655463,-0.7725,1.2162,-0.2287,1.459
20.351664078,-0.7717,1.1894,-0.2548,1.441
20.355412924,-0.7705,1.1517,-0.2631,1.410
20.35637177,-0.7595,1.1048,-0.2636,1.366
20.359178539,-0.7351,1.0496,-0.2592,1.307
20.361563693,-0.7031,0.9939,-0.2478,1.242
20.363714232,-0.6620,0.9360,-0.2418,1.172
20.366414463,-0.6102,0.8777,-0.2238,1.092
20.368713616,-0.5531,0.8263,-0.2035,1.015
20.370919386,-0.4846,0.7801,-0.1828,0.936
20.373192693,-0.4120,0.7361,-0.1698,0.861
20.37565877,-0.3383,0.6981,-0.1659,0.793
20.378102232,-0.2657,0.6606,-0.1673,0.731
20.380593309,-0.1983,0.6308,-0.1866,0.687
20.383317847,-0.1289,0.6064,-0.2008,0.652
20.385503155,-0.0666,0.5917,-0.2087,0.631
20.388374847,-0.0170,0.5756,-0.2191,0.616
20.390114847,0.0179,0.5656,-0.2331,0.612
20.392599155,0.0379,0.5647,-0.2457,0.617
20.39567077,0.0476,0.5668,-0.2548,0.623
20.398040924,0.0430,0.5737,-0.2646,0.633
20.400108309,0.0300,0.5896,-0.2723,0.650
20.402807693,0.0198,0.6110,-0.2785,0.672
20.404733232,-0.0002,0.6338,-0.2819,0.694
20.406994232,-0.0456,0.6574,-0.2863,0.719
20.409538232,-0.1026,0.6932,-0.2893,0.758
20.413342539,-0.1607,0.7286,-0.2895,0.800
20.414409924,-0.2208,0.7694,-0.2914,0.852
20.41691177,-0.2794,0.8034,-0.2895,0.898
20.419675155,-0.3354,0.8273,-0.2851,0.937
20.421928616,-0.3752,0.8481,-0.2721,0.966
20.424041309,-0.4057,0.8656,-0.2509,0.988
20.427212001,-0.4301,0.8764,-0.2296,1.003
20.430069001,-0.4416,0.8822,-0.2106,1.009
20.431119155,-0.4434,0.8815,-0.1982,1.006
20.433760078,-0.4387,0.8786,-0.1896,1.000
20.436466463,-0.4250,0.8791,-0.1820,0.993
20.438812078,-0.4024,0.8779,-0.1776,0.982
20.441042847,-0.3708,0.8735,-0.1737,0.965
20.443415463,-0.3354,0.8693,-0.1749,0.948
20.450206539,-0.2985,0.8615,-0.1754,0.928
20.451210847,-0.2608,0.8551,-0.1798,0.912
20.451610847,-0.2181,0.8426,-0.1779,0.888
20.453718847,-0.1824,0.8314,-0.1747,0.869
20.459370847,-0.1409,0.8221,-0.1605,0.849
20.459739078,-0.0986,0.8092,-0.1395,0.827
20.460300693,-0.0593,0.8014,-0.1148,0.812
20.46973577,-0.0234,0.7962,-0.0880,0.801
20.47037477,-0.0031,0.8014,-0.0547,0.803
20.470898155,0.0127,0.8072,-0.0279,0.808
20.471237232,0.0151,0.8104,-0.0139,0.811
20.472082539,0.0127,0.8178,-0.0168,0.818
20.474703463,-0.0043,0.8258,-0.0335,0.827
20.477297616,-0.0246,0.8273,-0.0662,0.830
20.480452693,-0.0490,0.8285,-0.1094,0.837
20.482032078,-0.0905,0.8307,-0.1556,0.850
20.484373232,-0.1329,0.8309,-0.1930,0.863
20.487834155,-0.1797,0.8339,-0.2194,0.881
20.489157616,-0.2256,0.8421,-0.2445,0.905
20.491745001,-0.2787,0.8615,-0.3168,0.959
20.494028924,-0.3305,0.8917,-0.4730,1.062
20.49661877,-0.3679,0.9089,-0.6709,1.188
20.498910847,-0.3918,0.9057,-0.8267,1.287
20.501245001,-0.4167,0.8808,-0.9387,1.353
20.504453232,-0.4478,0.8576,-1.1126,1.474
20.506396386,-0.4678,0.8610,-1.4521,1.752
20.508612386,-0.4499,0.9106,-1.8523,2.113
20.511207155,-0.3959,1.0000,-2.0424,2.308
20.513396924,-0.3309,1.1100,-1.9848,2.298
20.515787386,-0.2426,1.2465,-1.7011,2.123
20.518350155,-0.1470,1.3955,-1.3061,1.917
20.521113539,-0.0901,1.5583,-0.8861,1.795
20.522976693,-0.0719,1.7652,-0.4835,1.832
20.52548377,-0.0735,2.0037,-0.1521,2.011
20.528099155,-0.0390,2.2052,0.1038,2.208
20.530803078,0.0251,2.5084,0.5540,2.569
20.532771386,0.1439,2.7556,1.3942,3.092
20.535905539,0.2881,2.8976,2.2002,3.650
20.538214847,0.4644,2.9543,2.6316,3.984
20.53979477,0.6606,2.9824,2.8433,4.173
20.542431155,0.8480,3.0259,2.9649,4.320
20.544692386,0.9313,3.0652,2.5767,4.111
20.550673309,0.9665,3.0417,1.5301,3.539
20.551259155,0.9452,2.9411,0.4519,3.122
20.552577539,0.8419,2.7845,-0.3296,2.928
20.562640078,0.7002,2.5800,-0.8683,2.811
20.563417847,0.5893,2.3438,-1.1947,2.696
20.563709847,0.4740,2.0799,-1.2863,2.491
20.563885924,0.3904,1.8243,-1.1915,2.214
20.56405577,0.3249,1.5937,-0.9729,1.895
20.567111693,0.2697,1.3613,-0.6821,1.546
20.570050847,0.2453,1.1759,-0.2546,1.228
20.571084616,0.2273,1.0359,0.0588,1.062
20.573493232,0.1964,0.9518,0.3468,1.032
20.57827577,0.0792,0.9576,0.4218,1.049
20.578855463,-0.0877,1.0193,0.3185,1.071
20.581193924,-0.2408,1.0748,0.1924,1.118
20.583643463,-0.3527,1.1055,0.0917,1.164
20.587489309,-0.4365,1.1170,-0.0073,1.199
20.588644693,-0.5047,1.1325,-0.0872,1.243
20.590696924,-0.5623,1.1540,-0.1502,1.292
20.593061001,-0.5988,1.1786,-0.1913,1.336
20.595417847,-0.6488,1.2155,-0.2783,1.406
20.598015463,-0.6596,1.2446,-0.4127,1.468
20.600200001,-0.6288,1.2672,-0.5531,1.519
20.603661232,-0.6026,1.2971,-0.6831,1.585
20.604978155,-0.6214,1.3343,-0.7100,1.634
20.607363078,-0.6498,1.3860,-0.5958,1.643
20.60994377,-0.7024,1.4419,-0.3708,1.646
20.612584693,-0.7842,1.5004,-0.1187,1.697
20.615607693,-0.8648,1.5607,0.2035,1.796
20.617222155,-0.8995,1.6336,0.4321,1.914
20.620299386,-0.9176,1.6753,0.4221,1.956
20.621719463,-0.9102,1.6919,0.3495,1.953
20.624383463,-0.8697,1.6783,0.2135,1.902
20.628191463,-0.8017,1.6157,0.0095,1.804
20.629313309,-0.7260,1.5211,-0.2187,1.700
20.631501232,-0.6430,1.4100,-0.4488,1.613
20.634372616,-0.5685,1.2868,-0.6513,1.550
20.637120616,-0.5147,1.1659,-0.8204,1.516
20.638781309,-0.4873,1.0615,-0.9459,1.503
20.641147463,-0.4821,0.9716,-1.0019,1.477
20.644284693,-0.4910,0.8908,-1.0132,1.436
20.645914155,-0.5135,0.8321,-0.9690,1.377
20.648298847,-0.5604,0.7950,-0.8730,1.307
20.651191078,-0.6278,0.7906,-0.7730,1.271
20.65833877,-0.7052,0.8065,-0.6829,1.270
20.659159155,-0.7888,0.8395,-0.5988,1.298
20.659520001,-0.8714,0.8849,-0.5216,1.347
20.66650277,-0.9466,0.9378,-0.4661,1.412
20.667215693,-1.0067,0.9905,-0.4319,1.477
20.667389309,-1.0549,1.0403,-0.4016,1.535
20.667552001,-1.0840,1.0829,-0.3699,1.576
20.676624309,-1.0937,1.1188,-0.3403,1.601
20.677598847,-1.0847,1.1468,-0.3147,1.610
20.677886232,-1.0634,1.1684,-0.2968,1.607
20.67815754,-1.0341,1.1813,-0.2763,1.594
20.679496616,-0.9985,1.1896,-0.2546,1.574
20.682164309,-0.9638,1.2043,-0.2240,1.559
20.684528078,-0.9176,1.2057,-0.1879,1.527
20.687300078,-0.8643,1.2050,-0.1505,1.491
20.689374847,-0.8071,1.2011,-0.1180,1.452
20.691967155,-0.7502,1.1852,-0.0828,1.405
20.694408386,-0.6855,1.1584,-0.0530,1.347
20.69681177,-0.6178,1.1286,-0.0471,1.287
20.699351463,-0.5620,1.0980,-0.0669,1.235
20.702385001,-0.5074,1.0680,-0.0938,1.186
20.704096616,-0.4514,1.0376,-0.1348,1.140
20.706376309,-0.3969,1.0035,-0.1803,1.094
20.708779155,-0.3495,0.9724,-0.2191,1.056
20.711546463,-0.3018,0.9394,-0.2558,1.019
20.713753232,-0.2650,0.9101,-0.2863,0.990
20.716091078,-0.2345,0.8913,-0.3103,0.972
20.719348616,-0.2144,0.8740,-0.3330,0.960
20.720713924,-0.1979,0.8607,-0.3496,0.950
20.723182463,-0.1844,0.8493,-0.3667,0.943
20.725640924,-0.1753,0.8368,-0.3776,0.935
20.72793454,-0.1621,0.8253,-0.3845,0.925
20.730496386,-0.1558,0.8180,-0.3869,0.918
20.732804001,-0.1541,0.8119,-0.3843,0.911
20.735458155,-0.1585,0.8139,-0.3740,0.910
20.737496616,-0.1595,0.8126,-0.3650,0.905
20.740123463,-0.1727,0.8195,-0.3533,0.909
20.742481616,-0.1858,0.8224,-0.3391,0.909
20.744952693,-0.2037,0.8312,-0.3217,0.914
20.747817232,-0.2205,0.8444,-0.3035,0.924
20.749878463,-0.2361,0.8554,-0.2816,0.931
20.757136386,-0.2459,0.8640,-0.2609,0.935
20.757904924,-0.2494,0.8693,-0.2418,0.936
20.75817977,-0.2552,0.8730,-0.2394,0.940
20.759168078,-0.2550,0.8737,-0.2343,0.940
20.76554254,-0.2547,0.8684,-0.2352,0.935
20.766044616,-0.2494,0.8586,-0.2348,0.924
20.766501847,-0.2401,0.8486,-0.2292,0.911
20.774532309,-0.2315,0.8383,-0.2233,0.898
20.775243693,-0.2200,0.8251,-0.2213,0.882
20.775567386,-0.2042,0.8123,-0.2171,0.865
20.776499693,-0.1873,0.7938,-0.2171,0.844
20.778497924,-0.1676,0.7853,-0.2182,0.832
20.780916309,-0.1497,0.7748,-0.2201,0.819
20.785097924,-0.1326,0.7667,-0.2287,0.811
20.785810155,-0.1250,0.7606,-0.2364,0.806
20.78831454,-0.1174,0.7552,-0.2443,0.802
20.791555155,-0.1084,0.7557,-0.2506,0.804
20.793117924,-0.0994,0.7622,-0.2538,0.810
20.795460386,-0.0950,0.7687,-0.2560,0.816
20.798037616,-0.0926,0.7801,-0.2616,0.828
20.801948078,-0.0917,0.7853,-0.2692,0.835
20.803023463,-0.0891,0.7941,-0.2758,0.845
20.805023693,-0.0861,0.8006,-0.2807,0.853
20.807603078,-0.0837,0.8092,-0.2861,0.862
20.810194463,-0.0779,0.8158,-0.2909,0.870
20.812273232,-0.0749,0.8219,-0.2942,0.876
20.815092309,-0.0737,0.8281,-0.2995,0.884
20.818648078,-0.0717,0.8353,-0.2986,0.890
20.81968554,-0.0698,0.8419,-0.2963,0.895
20.82201177,-0.0710,0.8446,-0.2853,0.894
20.82447177,-0.0710,0.8470,-0.2758,0.894
20.82690277,-0.0754,0.8475,-0.2641,0.891
20.829268616,-0.0840,0.8481,-0.2555,0.890
20.83182377,-0.0945,0.8498,-0.2482,0.890
20.834187386,-0.1066,0.8505,-0.2394,0.890
20.83639054,-0.1216,0.8493,-0.2382,0.890
20.839128693,-0.1413,0.8446,-0.2392,0.889
20.842780693,-0.1619,0.8407,-0.2475,0.891
20.843992078,-0.1829,0.8378,-0.2534,0.894
20.846350847,-0.2093,0.8365,-0.2602,0.901
20.848757847,-0.2328,0.8374,-0.2676,0.909
20.855598463,-0.2582,0.8386,-0.2763,0.920
20.856396616,-0.2813,0.8405,-0.2893,0.932
20.856857616,-0.3014,0.8368,-0.2976,0.938
20.864432078,-0.3160,0.8397,-0.3037,0.947
20.865464924,-0.3261,0.8397,-0.3081,0.952
20.866141616,-0.3342,0.8395,-0.3103,0.955
20.866830155,-0.3400,0.8407,-0.3054,0.957
20.867703386,-0.3473,0.8426,-0.3068,0.962
20.874046847,-0.3512,0.8414,-0.3137,0.964
20.874873924,-0.3603,0.8414,-0.3217,0.970
20.875847078,-0.3681,0.8388,-0.3271,0.973
20.877353001,-0.3764,0.8378,-0.3300,0.976
20.879906463,-0.3784,0.8316,-0.3322,0.972
20.882413232,-0.3712,0.8253,-0.3359,0.965
20.884840616,-0.3644,0.8178,-0.3371,0.957
20.88734677,-0.3537,0.8092,-0.3513,0.950
20.889570463,-0.3373,0.8070,-0.3694,0.950
20.891877232,-0.3207,0.8072,-0.3708,0.944
20.894636001,-0.3048,0.8160,-0.3543,0.940
20.896888078,-0.2890,0.8241,-0.3349,0.935
20.900550232,-0.2738,0.8365,-0.3210,0.937
20.901580386,-0.2574,0.8519,-0.3030,0.940
20.904017001,-0.2340,0.8674,-0.2807,0.941
20.906714232,-0.2061,0.8835,-0.2578,0.943
20.909637232,-0.1758,0.8962,-0.2392,0.944
20.911917847,-0.1521,0.9062,-0.2289,0.947
20.913633616,-0.1289,0.9162,-0.2269,0.953
20.916917847,-0.1115,0.9248,-0.2357,0.961
20.91862154,-0.0905,0.9326,-0.2504,0.970
20.921216386,-0.0681,0.9418,-0.2683,0.982
20.923484693,-0.0427,0.9499,-0.2873,0.993
20.92599054,-0.0180,0.9572,-0.3023,1.004
20.928452386,0.0026,0.9641,-0.3188,1.015
20.930961924,0.0249,0.9737,-0.3312,1.029
20.933547078,0.0513,0.9805,-0.3377,1.038
20.93518654,0.0767,0.9890,-0.3479,1.051
20.938134232,0.1011,0.9951,-0.3486,1.059
20.940337847,0.1223,0.9958,-0.3506,1.063
20.942691155,0.1393,1.0049,-0.3454,1.072
20.945508078,0.1463,1.0177,-0.3279,1.079
20.954899078,0.1488,1.0293,-0.3249,1.090
20.955752309,0.1554,1.0371,-0.3266,1.098
20.956044309,0.1573,1.0466,-0.3244,1.107
20.965492309,0.1568,1.0584,-0.3296,1.120
20.966865616,0.1510,1.0669,-0.3324,1.128
20.967096078,0.1444,1.0725,-0.3359,1.133
20.967514847,0.1363,1.0799,-0.3417,1.141
20.967739693,0.1329,1.0813,-0.3452,1.143
20.968087463,0.1316,1.0855,-0.3489,1.148
20.968941232,0.1288,1.0860,-0.3540,1.149
20.971494463,0.1295,1.0904,-0.3582,1.155
20.974305924,0.1292,1.1014,-0.3562,1.165
20.97690954,0.1280,1.1139,-0.3525,1.175
20.978731155,0.1295,1.1319,-0.3496,1.192
20.981410463,0.1256,1.1542,-0.3450,1.211
20.983535078,0.1187,1.1833,-0.3345,1.235
20.985888386,0.1034,1.2185,-0.3163,1.263
20.988579078,0.0897,1.2509,-0.2958,1.289
20.990924001,0.0745,1.2858,-0.2680,1.316
20.993023693,0.0633,1.3226,-0.2304,1.344
20.995611463,0.0412,1.3548,-0.1881,1.368
20.998201616,0.0230,1.3836,-0.1570,1.393
21.000394232,0.0017,1.4078,-0.1321,1.414
21.003132309,-0.0141,1.4234,-0.1092,1.428
21.005372693,-0.0339,1.4400,-0.0818,1.443
21.007900616,-0.0542,1.4517,-0.0601,1.454
21.010447078,-0.0681,1.4613,-0.0473,1.464
21.01281477,-0.0857,1.4698,-0.0415,1.473
21.016255078,-0.0917,1.4723,-0.0344,1.476
21.01764277,-0.0991,1.4787,-0.0254,1.482
21.019874232,-0.0998,1.4903,-0.0122,1.494
21.022240693,-0.1022,1.5048,0.0121,1.508
21.024846847,-0.1006,1.5187,0.0326,1.522
21.027162847,-0.0947,1.5375,0.0551,1.541
21.029610232,-0.0884,1.5546,0.0666,1.559
21.032635386,-0.0771,1.5746,0.0756,1.578
21.034180616,-0.0617,1.5944,0.0861,1.598
21.036589924,-0.0558,1.6174,0.1010,1.621
21.039214232,-0.0558,1.6371,0.1192,1.642
21.041971386,-0.0534,1.6594,0.1580,1.668
21.043834463,-0.0542,1.6790,0.2110,1.693
21.046760693,-0.0566,1.7012,0.2469,1.720
21.052776309,-0.0717,1.7300,0.2648,1.752
21.05338254,-0.0933,1.7528,0.2853,1.778
21.054032386,-0.1040,1.7682,0.3051,1.797
21.06215177,-0.1192,1.7857,0.3330,1.820
21.062632309,-0.1429,1.8099,0.3656,1.852
21.06285054,-0.1748,1.8383,0.3806,1.885
21.063261001,-0.2051,1.8668,0.3962,1.919
21.070817847,-0.2357,1.8973,0.4148,1.956
21.071465309,-0.2591,1.9233,0.4238,1.986
21.071987463,-0.2760,1.9502,0.4331,2.017
21.074841001,-0.2960,1.9676,0.4306,2.036
21.075305309,-0.3121,1.9741,0.4129,2.041
21.077715386,-0.3214,1.9792,0.3779,2.040
21.080271386,-0.3249,1.9721,0.3227,2.025
21.082872309,-0.3219,1.9536,0.2562,1.996
21.085093924,-0.3095,1.9218,0.1797,1.955
21.087804078,-0.2892,1.8740,0.0923,1.898
21.090488001,-0.2682,1.8241,-0.0037,1.844
21.092033309,-0.2382,1.7591,-0.1004,1.778
21.094709924,-0.2103,1.6948,-0.2164,1.721
21.096974232,-0.1832,1.6226,-0.3589,1.672
21.09958777,-0.1558,1.5444,-0.4437,1.614
21.101742463,-0.1301,1.4750,-0.4971,1.562
21.104224386,-0.1164,1.4044,-0.5143,1.500
21.106748693,-0.1001,1.3298,-0.5177,1.431
21.109109616,-0.1031,1.2690,-0.5338,1.381
21.111725001,-0.1233,1.2145,-0.5658,1.345
21.114935463,-0.1595,1.1656,-0.6222,1.331
21.116198847,-0.1966,1.1195,-0.6310,1.300
21.119393616,-0.2359,1.0872,-0.6112,1.269
21.121629616,-0.3014,1.0669,-0.6100,1.265
21.124596616,-0.3991,1.0643,-0.5951,1.283
21.126023693,-0.5059,1.0729,-0.5169,1.294
21.128493001,-0.6100,1.0850,-0.4202,1.314
21.131978232,-0.6952,1.0880,-0.3420,1.336
21.133137309,-0.7558,1.0902,-0.2897,1.358
21.13563054,-0.8089,1.0902,-0.2558,1.381
21.138028693,-0.8403,1.0836,-0.2526,1.394
21.140836616,-0.8501,1.0601,-0.3161,1.395
21.142709924,-0.8560,1.0193,-0.3882,1.387
21.145573001,-0.8621,0.9707,-0.4505,1.374
21.152135463,-0.8721,0.9229,-0.4833,1.359
21.153248924,-0.9274,0.8994,-0.4952,1.384
21.153683463,-1.0109,0.8830,-0.4969,1.431
21.155556078,-1.0922,0.8632,-0.4688,1.469
21.16270654,-1.1763,0.8449,-0.4151,1.507
21.163488924,-1.2293,0.8183,-0.3308,1.513
21.163758463,-1.2626,0.7892,-0.2311,1.507
21.16469077,-1.2843,0.7640,-0.1402,1.501
21.167426463,-1.3058,0.7494,-0.0694,1.507
21.169839386,-1.2938,0.7181,-0.0459,1.480
21.173125847,-1.2720,0.6876,-0.0324,1.446
21.17408954,-1.2356,0.6572,-0.0210,1.400
21.177344693,-1.1885,0.6223,0.0011,1.342
21.179517232,-1.1587,0.5876,0.0437,1.300
21.181748924,-1.1325,0.5517,0.0849,1.263
21.184170463,-1.1150,0.5092,0.1099,1.231
21.18620254,-1.1035,0.4701,0.1067,1.204
21.18932777,-1.1022,0.4398,0.0835,1.190
21.191029309,-1.0942,0.4073,0.0444,1.168
21.193409616,-1.0751,0.3760,-0.0142,1.139
21.195763463,-1.0614,0.3509,-0.0799,1.121
21.198859463,-1.0630,0.3238,-0.1497,1.121
21.200600386,-1.0614,0.3033,-0.2006,1.122
21.203145309,-1.0460,0.2781,-0.2313,1.107
21.206088924,-1.0185,0.2576,-0.2506,1.080
21.207859078,-0.9823,0.2421,-0.2429,1.040
21.21065454,-0.9310,0.2297,-0.2418,0.989
21.212799463,-0.8650,0.2190,-0.2399,0.924
21.215619386,-0.7917,0.2077,-0.2323,0.851
21.217428001,-0.7204,0.1969,-0.2248,0.780
21.222093616,-0.6419,0.1894,-0.2150,0.703
21.222905924,-0.5689,0.1852,-0.1986,0.630
21.224732001,-0.4995,0.1799,-0.1796,0.560
21.22730377,-0.4358,0.1782,-0.1614,0.498
21.23078654,-0.3705,0.1787,-0.1378,0.434
21.232012001,-0.3114,0.1771,-0.1062,0.374
21.23438254,-0.2567,0.1801,-0.0818,0.324
21.236928693,-0.2066,0.1855,-0.0623,0.285
21.239572078,-0.1611,0.1926,-0.0225,0.252
21.24167477,-0.1233,0.1999,0.0097,0.235
21.244240078,-0.1013,0.2111,0.0270,0.236
21.247168693,-0.0898,0.2204,0.0390,0.241
21.24907077,-0.0859,0.2273,0.0466,0.247
21.25144777,-0.0781,0.2376,0.0551,0.256
21.253877001,-0.0512,0.2419,0.0595,0.254
21.260528693,-0.0239,0.2423,0.0703,0.253
21.261173616,-0.0018,0.2402,0.0744,0.251
21.261676693,0.0030,0.2470,0.0798,0.260
21.273035463,0.0039,0.2541,0.0773,0.266
21.273828001,0.0044,0.2614,0.0786,0.273
21.274054155,0.0198,0.2665,0.0964,0.284
21.27426277,0.0545,0.2773,0.1211,0.308
21.274464616,0.0486,0.2998,0.1539,0.340
21.276788616,0.0415,0.3010,0.1404,0.335
21.277700001,0.0417,0.2986,0.1418,0.333
21.280616309,0.0368,0.2986,0.1378,0.331
21.282421616,0.0308,0.2984,0.1243,0.325
21.285120309,0.0239,0.3008,0.1111,0.322
21.288024001,0.0088,0.3017,0.1001,0.318
21.289709309,-0.0129,0.3101,0.0950,0.325
21.292110232,-0.0378,0.3130,0.0945,0.329
21.294939155,-0.0781,0.3250,0.0886,0.346
21.297297924,-0.1316,0.3406,0.0761,0.373
21.299442463,-0.1861,0.3562,0.0595,0.406
21.301836386,-0.2340,0.3665,0.0375,0.436
21.304420309,-0.2801,0.3755,0.0153,0.469
21.30662377,-0.3237,0.3851,-0.0024,0.503
21.309309924,-0.3600,0.3912,-0.0188,0.532
21.313151693,-0.3971,0.3963,-0.0222,0.562
21.31408954,-0.4185,0.4021,-0.0214,0.581
21.316594847,-0.4292,0.4049,-0.0132,0.590
21.319171078,-0.4313,0.4061,0.0018,0.592
21.321500924,-0.4275,0.4081,0.0021,0.591
21.323636078,-0.4182,0.4117,-0.0026,0.587
21.326484078,-0.4082,0.4137,-0.0068,0.581
21.329717001,-0.3945,0.4142,-0.0151,0.572
21.331034463,-0.3745,0.4139,-0.0179,0.558
21.333290847,-0.3608,0.4151,-0.0122,0.550
21.335880078,-0.3461,0.4230,-0.0078,0.547
21.338708309,-0.3358,0.4286,-0.0063,0.545
21.341555386,-0.3202,0.4408,-0.0034,0.545
21.343292616,-0.2931,0.4501,-0.0034,0.537
21.351171078,-0.2738,0.4666,-0.0014,0.541
21.351684924,-0.2559,0.4806,-0.0093,0.545
21.352142847,-0.2366,0.4976,-0.0090,0.551
21.356244386,-0.2152,0.5192,-0.0132,0.562
21.356540001,-0.1958,0.5421,-0.0151,0.577
21.358990463,-0.1667,0.5622,-0.0230,0.587
21.360476078,-0.1462,0.5868,-0.0384,0.606
21.367259463,-0.1248,0.6187,-0.0493,0.633
21.367965309,-0.1169,0.6455,-0.0689,0.660
21.368214155,-0.1267,0.6727,-0.0972,0.691
21.369330232,-0.1277,0.6975,-0.1312,0.721
21.371732001,-0.1329,0.7181,-0.1561,0.747
21.374195386,-0.1336,0.7386,-0.1800,0.772
21.37667877,-0.1362,0.7671,-0.1877,0.801
21.379287078,-0.1399,0.7958,-0.1903,0.830
21.381400616,-0.1399,0.8256,-0.1915,0.859
21.384245232,-0.1374,0.8488,-0.1910,0.881
21.386964616,-0.1329,0.8733,-0.1879,0.903
21.388604309,-0.1267,0.8989,-0.1856,0.927
21.390984309,-0.1199,0.9171,-0.1798,0.942
21.39368377,-0.1187,0.9380,-0.1630,0.959
21.396253616,-0.1216,0.9621,-0.1363,0.979
21.398687155,-0.1441,0.9902,-0.1109,1.007
21.400987693,-0.1436,1.0112,-0.0882,1.025
21.403853001,-0.1502,1.0386,-0.0623,1.051
21.405552924,-0.1756,1.0589,-0.0381,1.074
21.40801177,-0.1816,1.0836,-0.0230,1.099
21.410386463,-0.1949,1.1090,-0.0044,1.126
21.412837232,-0.2081,1.1286,0.0062,1.148
21.415184309,-0.2284,1.1451,0.0148,1.168
21.41798954,-0.2559,1.1605,0.0290,1.189
21.420058463,-0.2906,1.1761,0.0430,1.212
21.422228386,-0.3272,1.1935,0.0490,1.238
21.424957001,-0.3556,1.2141,0.0570,1.266
21.427963386,-0.3935,1.2334,0.0581,1.296
21.429524924,-0.4297,1.2478,0.0632,1.321
21.432233847,-0.4788,1.2693,0.0610,1.358
21.435900078,-0.5189,1.2898,0.0635,1.392
21.437022847,-0.5589,1.3117,0.0628,1.427
21.439288078,-0.5943,1.3322,0.0542,1.460
21.441908693,-0.6347,1.3467,0.0321,1.489
21.450041924,-0.6717,1.3645,0.0114,1.521
21.450607078,-0.7067,1.3823,-0.0065,1.553
21.451079155,-0.7374,1.4007,-0.0181,1.583
21.451577847,-0.7717,1.4149,-0.0173,1.612
21.462302847,-0.8010,1.4298,-0.0046,1.639
21.463049847,-0.8271,1.4371,0.0148,1.658
21.463222232,-0.8604,1.4456,0.0346,1.683
21.463493924,-0.9029,1.4657,0.0568,1.722
21.463652309,-0.9471,1.4828,0.0696,1.761
21.46580154,-0.9931,1.4948,0.0884,1.797
21.469251386,-1.0414,1.5064,0.0979,1.834
21.47069854,-1.0991,1.5157,0.1125,1.876
21.473440001,-1.1565,1.5194,0.1152,1.913
21.475345232,-1.2191,1.5302,0.1138,1.960
21.478104924,-1.2841,1.5280,0.1089,1.999
21.480214232,-1.3349,1.5160,0.0710,2.021
21.48285354,-1.3644,1.4762,0.0095,2.010
21.485113616,-1.3747,1.4230,-0.0415,1.979
21.488347463,-1.3647,1.3624,-0.0691,1.930
21.490045924,-1.3617,1.3235,-0.0139,1.899
21.49251754,-1.3419,1.2825,-0.0347,1.857
21.495271078,-1.2889,1.2143,-0.1011,1.774
21.497335155,-1.2061,1.1410,-0.1400,1.666
21.499834847,-1.1184,1.0774,-0.1637,1.562
21.502729232,-1.0221,1.0179,-0.1898,1.455
21.504783463,-0.9137,0.9646,-0.2094,1.345
21.507063155,-0.8000,0.9118,-0.2294,1.235
21.509508309,-0.6911,0.8595,-0.2406,1.129
21.512396924,-0.5953,0.8134,-0.2558,1.040
21.514284616,-0.4961,0.7723,-0.2711,0.957
21.51722954,-0.3923,0.7330,-0.2634,0.872
21.519452693,-0.2936,0.7005,-0.2521,0.800
21.521414847,-0.2014,0.6734,-0.2421,0.743
21.524052924,-0.1162,0.6583,-0.2240,0.705
21.526312309,-0.0363,0.6636,-0.2069,0.696
21.528907155,0.0247,0.6765,-0.1740,0.699
21.531212616,0.0745,0.6930,-0.1383,0.711
21.533967693,0.1074,0.7222,-0.1043,0.738
21.536508078,0.1248,0.7650,-0.0626,0.778
21.538153001,0.1339,0.8180,-0.0107,0.829
21.540663693,0.1302,0.8735,0.0439,0.884
21.548659386,0.1214,0.9333,0.0930,0.946
21.549153309,0.1026,0.9983,0.1460,1.014
21.54940254,0.0618,1.0550,0.1895,1.074
21.550344616,0.0170,1.1048,0.1961,1.122
21.559371386,-0.0290,1.1559,0.2322,1.179
21.560084309,-0.0803,1.1901,0.2454,1.218
21.560620078,-0.1164,1.2055,0.2403,1.235
21.560843155,-0.1389,1.2164,0.2266,1.245
21.562173847,-0.1621,1.2092,0.2081,1.238
21.565146463,-0.1765,1.1884,0.1905,1.216
21.569255463,-0.1832,1.1535,0.1768,1.181
21.569983463,-0.1900,1.1253,0.1639,1.153
21.572208386,-0.1846,1.0934,0.1429,1.118
21.57462654,-0.1697,1.0540,0.1157,1.074
21.576862155,-0.1558,1.0105,0.0857,1.026
21.579151078,-0.1423,0.9741,0.0493,0.986
21.581697847,-0.1275,0.9418,0.0134,0.951
21.584997924,-0.1159,0.9162,-0.0366,0.924
21.586471155,-0.1033,0.8994,-0.0354,0.906
21.588919386,-0.0903,0.8824,-0.0293,0.888
21.591413616,-0.0820,0.8705,-0.0300,0.875
21.593776309,-0.0796,0.8632,-0.0026,0.867
21.59605054,-0.0812,0.8605,0.0021,0.864
21.598637616,-0.0891,0.8551,-0.0063,0.860
21.601585001,-0.1018,0.8617,-0.0300,0.868
21.603392309,-0.1252,0.8768,-0.0642,0.888
21.605844693,-0.1487,0.8996,-0.0906,0.916
21.608425309,-0.1744,0.9201,-0.0957,0.941
21.610847078,-0.1932,0.9375,-0.1148,0.964
21.613172386,-0.2110,0.9480,-0.1526,0.983
21.615796386,-0.2220,0.9588,-0.1852,1.001
21.618153309,-0.2240,0.9719,-0.2077,1.019
21.620154463,-0.2135,0.9812,-0.2110,1.026
21.622828386,-0.1905,0.9910,-0.2010,1.029
21.625227155,-0.1539,0.9970,-0.2215,1.033
21.627867693,-0.1076,0.9919,-0.2599,1.031
21.630021309,-0.0568,0.9942,-0.3056,1.042
21.632742155,-0.0006,0.9988,-0.3489,1.058
21.635554155,0.0410,1.0266,-0.3711,1.092
21.637225001,0.0586,1.0736,-0.4051,1.149
21.639817924,0.0589,1.1419,-0.4295,1.221
21.642200001,0.0594,1.2096,-0.4293,1.285
21.64464777,0.0550,1.2773,-0.4430,1.353
21.647098155,0.0579,1.3369,-0.4789,1.421
21.649996693,0.1209,1.3797,-0.4700,1.463
21.656271463,0.1886,1.4314,-0.3869,1.495
21.65703054,0.2783,1.4940,-0.2215,1.536
21.657459693,0.3741,1.5710,-0.0188,1.615
21.669056386,0.4526,1.6450,0.1837,1.716
21.669924616,0.5712,1.7328,0.4619,1.882
21.670518463,0.6611,1.8307,0.7607,2.090
21.671365001,0.8243,1.8859,0.8819,2.239
21.671743693,0.7974,2.0081,0.7495,2.287
21.672215386,0.7484,2.0841,0.8012,2.355
21.673578232,0.7777,2.1324,0.8895,2.438
21.676891155,0.7596,2.1412,0.8927,2.441
21.677980309,0.5839,2.1628,0.8250,2.387
21.680560001,0.3130,2.1979,0.7236,2.335
21.683597001,0.0938,2.1923,0.5379,2.259
21.685404924,-0.0409,2.1278,0.2958,2.149
21.68784954,-0.1248,2.0049,0.1082,2.012
21.690468616,-0.1604,1.8461,-0.1666,1.861
21.693433616,-0.1951,1.6513,-0.3266,1.695
21.695512616,-0.2340,1.4515,-0.3767,1.518
21.698400309,-0.2701,1.2616,-0.3611,1.340
21.701257616,-0.3083,1.0918,-0.3540,1.188
21.70303854,-0.3449,0.9483,-0.3454,1.067
21.704748386,-0.3759,0.8180,-0.3281,0.958
21.709374463,-0.4001,0.6983,-0.2807,0.852
21.710618155,-0.4223,0.6079,-0.2462,0.780
21.712101001,-0.4394,0.5273,-0.2325,0.725
21.714932693,-0.4460,0.4564,-0.2313,0.679
21.718167693,-0.4418,0.4112,-0.2276,0.645
21.719400309,-0.4397,0.3787,-0.2355,0.626
21.721735155,-0.4523,0.3621,-0.2648,0.637
21.725761001,-0.4676,0.3580,-0.3115,0.666
21.726981309,-0.4660,0.3687,-0.3179,0.674
21.731606847,-0.4783,0.3948,-0.3281,0.702
21.732210847,-0.4834,0.4261,-0.3628,0.739
21.735123155,-0.4907,0.4676,-0.3675,0.771
21.735935386,-0.5569,0.5234,-0.3953,0.860
21.73949354,-0.6193,0.5937,-0.4740,0.980
21.741137924,-0.6466,0.6741,-0.4815,1.051
21.743338155,-0.6828,0.7575,-0.4430,1.112
21.745839155,-0.7314,0.8527,-0.4024,1.193
21.753889232,-0.7427,0.9462,-0.3298,1.247
21.754947693,-0.7537,1.0303,-0.3200,1.316
21.755441309,-0.7578,1.0902,-0.3035,1.362
21.756016001,-0.7453,1.1337,-0.2688,1.383
21.766259463,-0.7236,1.1693,-0.2271,1.394
21.766967078,-0.6955,1.1891,-0.1922,1.391
21.767167463,-0.6508,1.1969,-0.1573,1.371
21.767360309,-0.6176,1.1850,-0.1353,1.343
21.767556078,-0.5934,1.1677,-0.1290,1.316
21.769577924,-0.5814,1.1466,-0.1329,1.292
21.772239386,-0.5738,1.1200,-0.1421,1.266
21.77495477,-0.5778,1.0967,-0.1588,1.250
21.777013924,-0.5741,1.0765,-0.1761,1.233
21.77955754,-0.5552,1.0543,-0.1959,1.208
21.783028924,-0.5279,1.0286,-0.2201,1.177
21.784113309,-0.4910,1.0047,-0.2443,1.145
21.786712924,-0.4439,0.9739,-0.2678,1.103
21.789004924,-0.3874,0.9485,-0.2751,1.061
21.79196654,-0.3204,0.9289,-0.2958,1.026
21.793835463,-0.2466,0.9047,-0.3252,0.993
21.796340001,-0.1734,0.8830,-0.3440,0.963
21.798904386,-0.0966,0.8656,-0.3647,0.944
21.80125577,-0.0229,0.8595,-0.3762,0.938
21.804160078,0.0482,0.8615,-0.3843,0.945
21.80651354,0.1062,0.8686,-0.3857,0.956
21.809044693,0.1568,0.8820,-0.3865,0.976
21.811034232,0.1930,0.9018,-0.3789,0.997
21.813206155,0.2228,0.9287,-0.3675,1.023
21.81657054,0.2494,0.9592,-0.3476,1.050
21.817877309,0.2583,0.9902,-0.3132,1.070
21.82045577,0.2511,1.0210,-0.2858,1.090
21.822929001,0.2385,1.0547,-0.2676,1.114
21.825253924,0.2199,1.0867,-0.2531,1.137
21.827896386,0.1991,1.1126,-0.2478,1.157
21.830357001,0.1712,1.1358,-0.2401,1.173
21.832871386,0.1456,1.1586,-0.2380,1.192
21.835206155,0.1136,1.1713,-0.2357,1.200
21.837389616,0.0833,1.1826,-0.2394,1.209
21.839904309,0.0491,1.1874,-0.2431,1.213
21.842138847,0.0139,1.1810,-0.2529,1.208
21.844800001,-0.0141,1.1742,-0.2660,1.204
21.84719577,-0.0349,1.1605,-0.2788,1.194
21.853515386,-0.0576,1.1463,-0.2895,1.184
21.854826232,-0.0773,1.1295,-0.3010,1.171
21.855084078,-0.0926,1.1080,-0.3051,1.153
21.865427693,-0.1013,1.0899,-0.3026,1.136
21.866252693,-0.1035,1.0643,-0.3007,1.111
21.866491078,-0.1010,1.0420,-0.2956,1.088
21.866819693,-0.0957,1.0122,-0.2958,1.059
21.867179386,-0.0800,0.9834,-0.2993,1.031
21.868558463,-0.0673,0.9531,-0.3124,1.005
21.871172078,-0.0490,0.9238,-0.3300,0.982
21.874648309,-0.0192,0.8938,-0.3457,0.958
21.875761232,0.0073,0.8637,-0.3584,0.935
21.878141309,0.0417,0.8376,-0.3675,0.916
21.88084777,0.0711,0.8104,-0.3787,0.897
21.88306254,0.0972,0.7926,-0.3813,0.885
21.885442155,0.1195,0.7782,-0.3865,0.877
21.888145309,0.1395,0.7711,-0.3901,0.875
21.890976616,0.1490,0.7738,-0.3936,0.881
21.89267977,0.1617,0.7823,-0.3946,0.891
21.89525454,0.1710,0.7929,-0.3918,0.901
21.898454155,0.1786,0.8062,-0.3848,0.911
21.900006232,0.1808,0.8232,-0.3769,0.923
21.902644078,0.1830,0.8407,-0.3689,0.936
21.904837924,0.1840,0.8647,-0.3608,0.955
21.907436078,0.1849,0.8854,-0.3606,0.974
21.909672001,0.1842,0.9079,-0.3626,0.995
21.912188309,0.1774,0.9272,-0.3623,1.011
21.914510155,0.1707,0.9473,-0.3589,1.027
21.916877616,0.1622,0.9683,-0.3538,1.044
21.91977354,0.1566,0.9874,-0.3533,1.060
21.921882155,0.1461,1.0032,-0.3515,1.073
21.924618232,0.1427,1.0161,-0.3543,1.086
21.927730232,0.1358,1.0266,-0.3491,1.093
21.929101001,0.1253,1.0322,-0.3408,1.094
21.93193177,0.1199,1.0361,-0.3347,1.095
21.933749616,0.1129,1.0352,-0.3300,1.092
21.936311463,0.1055,1.0320,-0.3305,1.089
21.938740078,0.1011,1.0230,-0.3330,1.081
21.941152309,0.0962,1.0149,-0.3312,1.072
21.943548924,0.0901,1.0063,-0.3264,1.062
21.945963078,0.0850,0.9970,-0.3259,1.052
21.94854154,0.0816,0.9868,-0.3225,1.041
21.950784309,0.0750,0.9765,-0.3205,1.031
21.953295463,0.0640,0.9688,-0.3166,1.021
21.955666155,0.0501,0.9609,-0.3176,1.013
21.962942463,0.0391,0.9548,-0.3151,1.006
21.96348954,0.0225,0.9470,-0.3142,0.998
21.963767693,0.0075,0.9411,-0.3035,0.989
21.974463463,-0.0043,0.9382,-0.2976,0.984
21.97556154,-0.0197,0.9316,-0.2930,0.977
21.976103386,-0.0285,0.9260,-0.2878,0.970
21.976627078,-0.0365,0.9201,-0.2858,0.964
21.976962463,-0.0414,0.9152,-0.2841,0.959
21.977304078,-0.0451,0.9152,-0.2846,0.959
21.98059054,-0.0468,0.9152,-0.2797,0.958
21.982069001,-0.0473,0.9189,-0.2753,0.960
21.984362847,-0.0512,0.9236,-0.2697,0.964
21.987136617,-0.0532,0.9311,-0.2670,0.970
21.989539693,-0.0605,0.9387,-0.2697,0.979
21.991515693,-0.0686,0.9434,-0.2760,0.985
21.994270155,-0.0810,0.9534,-0.2780,0.996
21.997708386,-0.0935,0.9599,-0.2734,1.002
21.998977309,-0.1120,0.9672,-0.2663,1.009
22.001519463,-0.1287,0.9770,-0.2636,1.020
22.00392254,-0.1429,0.9827,-0.2812,1.032
22.006160924,-0.1634,0.9874,-0.2883,1.041
22.009390847,-0.1797,0.9949,-0.2861,1.051
22.01109754,-0.1949,0.9998,-0.2832,1.057
22.014472924,-0.2027,0.9981,-0.2824,1.057
22.015643078,-0.2128,0.9975,-0.2858,1.059
22.018255693,-0.2166,0.9954,-0.2870,1.058
22.020747078,-0.2191,0.9923,-0.2858,1.056
22.023033309,-0.2130,0.9814,-0.2809,1.043
22.025759155,-0.2130,0.9739,-0.2814,1.036
22.028097309,-0.2071,0.9690,-0.2834,1.031
22.03103077,-0.2081,0.9636,-0.2846,1.026
22.032631463,-0.2137,0.9585,-0.2819,1.022
22.035209309,-0.2217,0.9565,-0.2883,1.023
22.03770554,-0.2259,0.9523,-0.2970,1.023
22.039981617,-0.2349,0.9458,-0.3070,1.022
22.042418463,-0.2347,0.9387,-0.3163,1.018
22.044991386,-0.2337,0.9321,-0.3196,1.013
22.047432693,-0.2308,0.9236,-0.3166,1.003
22.049605847,-0.2320,0.9208,-0.3035,0.997
22.052142463,-0.2289,0.9136,-0.2925,0.986
22.06071354,-0.2286,0.9091,-0.2839,0.979
22.06136677,-0.2291,0.9055,-0.2800,0.975
22.061731693,-0.2337,0.9043,-0.2797,0.975
22.062096386,-0.2333,0.8998,-0.2768,0.970
22.074057924,-0.2374,0.9038,-0.2746,0.974
22.074949309,-0.2417,0.9023,-0.2770,0.974
22.075171155,-0.2466,0.9033,-0.2861,0.979
22.075649232,-0.2466,0.9064,-0.2956,0.985
22.075855155,-0.2426,0.9033,-0.3032,0.983
22.07617877,-0.2361,0.9045,-0.3088,0.984
22.07838277,-0.2242,0.9057,-0.3176,0.986
22.081220309,-0.2149,0.9082,-0.3249,0.988
22.08340277,-0.2005,0.9094,-0.3254,0.986
22.08582677,-0.1924,0.9082,-0.3268,0.984
22.088472309,-0.1837,0.9101,-0.3286,0.985
22.090523386,-0.1770,0.9160,-0.3298,0.990
22.09323054,-0.1721,0.9216,-0.3259,0.993
22.096844693,-0.1700,0.9269,-0.3168,0.994
22.097849617,-0.1732,0.9341,-0.3103,0.999
22.100724617,-0.1781,0.9402,-0.3049,1.004
22.103048617,-0.1846,0.9470,-0.3054,1.012
22.105258155,-0.1949,0.9548,-0.3030,1.020
22.107340386,-0.2083,0.9653,-0.3017,1.033
22.11012677,-0.2156,0.9685,-0.2993,1.036
22.112421617,-0.2303,0.9737,-0.2939,1.043
22.114651693,-0.2423,0.9756,-0.2853,1.045
22.116930232,-0.2466,0.9795,-0.2770,1.047
22.119692386,-0.2508,0.9807,-0.2695,1.048
22.122192924,-0.2513,0.9768,-0.2688,1.044
22.12504777,-0.2459,0.9697,-0.2670,1.035
22.126746463,-0.2403,0.9692,-0.2707,1.035
22.12980254,-0.2328,0.9665,-0.2704,1.030
22.131483463,-0.2244,0.9621,-0.2726,1.025
22.133960386,-0.2168,0.9539,-0.2702,1.015
22.136524386,-0.2047,0.9485,-0.2688,1.007
22.138912617,-0.2012,0.9409,-0.2655,0.998
22.142791155,-0.1966,0.9357,-0.2629,0.992
22.143842463,-0.1907,0.9311,-0.2583,0.985
22.146625309,-0.1886,0.9264,-0.2514,0.978
22.148638232,-0.1893,0.9272,-0.2443,0.977
22.150923463,-0.1921,0.9329,-0.2418,0.983
22.15981977,-0.1990,0.9411,-0.2409,0.992
22.160362232,-0.2051,0.9521,-0.2441,1.004
22.160964001,-0.2112,0.9602,-0.2497,1.014
22.161452386,-0.2171,0.9704,-0.2506,1.025
22.17193077,-0.2161,0.9781,-0.2567,1.034
22.172504924,-0.2124,0.9837,-0.2629,1.040
22.172776309,-0.2012,0.9839,-0.2704,1.040
22.172942463,-0.1895,0.9807,-0.2778,1.037
22.173124309,-0.1795,0.9758,-0.2863,1.033
22.175744693,-0.1624,0.9678,-0.2981,1.026
22.17818777,-0.1485,0.9634,-0.3100,1.023
22.180000386,-0.1324,0.9514,-0.3196,1.012
22.182061232,-0.1180,0.9434,-0.3298,1.006
22.184536078,-0.1031,0.9382,-0.3384,1.003
22.188012617,-0.0920,0.9272,-0.3482,0.995
22.189212309,-0.0835,0.9274,-0.3574,0.997
22.19190954,-0.0756,0.9220,-0.3682,0.996
22.19434677,-0.0693,0.9187,-0.3773,0.996
22.196772924,-0.0615,0.9204,-0.3857,1.000
22.19922954,-0.0549,0.9171,-0.3941,1.000
22.20243477,-0.0525,0.9184,-0.4016,1.004
22.205464617,-0.0507,0.9223,-0.4067,1.009
22.206197847,-0.0490,0.9211,-0.4058,1.008
22.20873177,-0.0463,0.9272,-0.4021,1.012
22.212423386,-0.0493,0.9338,-0.4016,1.018
22.213464693,-0.0507,0.9429,-0.3982,1.025
22.215912617,-0.0558,0.9509,-0.3953,1.031
22.218451078,-0.0624,0.9611,-0.3904,1.039
22.221093847,-0.0717,0.9714,-0.3857,1.048
22.223432617,-0.0798,0.9825,-0.3880,1.059
22.225789232,-0.0869,0.9900,-0.3841,1.065
22.229069617,-0.0969,0.9998,-0.3818,1.075
22.230378155,-0.0991,1.0081,-0.3774,1.081
22.232911693,-0.1010,1.0130,-0.3684,1.083
22.237232078,-0.1031,1.0174,-0.3552,1.082
22.23837354,-0.1059,1.0257,-0.3422,1.086
22.240617309,-0.1054,1.0326,-0.3308,1.089
22.242739155,-0.1054,1.0398,-0.3279,1.095
22.246028386,-0.1057,1.0438,-0.3254,1.098
22.247546155,-0.1062,1.0526,-0.3186,1.105
22.249856693,-0.1101,1.0540,-0.3049,1.103
22.252471078,-0.1167,1.0547,-0.2942,1.101
22.25915877,-0.1204,1.0550,-0.2770,1.097
22.259985309,-0.1264,1.0577,-0.2636,1.097
22.260460693,-0.1378,1.0596,-0.2558,1.099
22.271456386,-0.1492,1.0599,-0.2492,1.099
22.272182155,-0.1599,1.0592,-0.2460,1.099
22.272424309,-0.1725,1.0618,-0.2434,1.103
22.272638155,-0.1853,1.0626,-0.2343,1.104
22.272834463,-0.2051,1.0633,-0.2269,1.106
22.273828693,-0.2168,1.0687,-0.2145,1.111
22.276168386,-0.2254,1.0697,-0.2028,1.112
22.278858847,-0.2313,1.0736,-0.1964,1.116
22.281544078,-0.2320,1.0755,-0.1959,1.118
22.283412386,-0.2242,1.0769,-0.1908,1.116
22.286623693,-0.2142,1.0821,-0.1873,1.119
22.288175693,-0.1995,1.0799,-0.1849,1.114
22.290773001,-0.1841,1.0804,-0.1842,1.111
22.293488924,-0.1702,1.0797,-0.1847,1.109
22.295747386,-0.1565,1.0821,-0.1856,1.109
22.298098232,-0.1404,1.0831,-0.1849,1.108
22.300620924,-0.1228,1.0862,-0.1884,1.109
22.30335454,-0.1120,1.0914,-0.1901,1.114
22.305145847,-0.1033,1.0965,-0.1796,1.116
22.307667078,-0.0884,1.1055,-0.1670,1.122
22.311861924,-0.0724,1.1249,-0.1507,1.137
22.312737232,-0.0563,1.1407,-0.1395,1.151
22.315460078,-0.0419,1.1552,-0.1207,1.162
22.317567463,-0.0334,1.1717,-0.1136,1.178
22.32058277,-0.0290,1.1840,-0.1158,1.190
22.322010232,-0.0244,1.1894,-0.1204,1.196
22.32483477,-0.0321,1.2060,-0.0980,1.210
22.327031155,-0.0463,1.2331,-0.0794,1.236
22.329253232,-0.0610,1.2595,-0.0762,1.263
22.331916924,-0.0766,1.2839,-0.0759,1.288
22.33504277,-0.0982,1.3117,-0.0647,1.317
22.33747477,-0.1194,1.3511,-0.0545,1.357
22.339297847,-0.1453,1.3976,-0.0310,1.405
22.341482463,-0.1712,1.4444,-0.0068,1.455
22.344456309,-0.1981,1.5001,0.0209,1.513
22.346204386,-0.2279,1.5593,0.0554,1.577
22.348581309,-0.2613,1.6215,0.0994,1.645
22.351223155,-0.2941,1.6844,0.1555,1.717
22.358430463,-0.3265,1.7501,0.2240,1.794
22.35912777,-0.3563,1.8116,0.3065,1.872
22.359671155,-0.3808,1.8658,0.3891,1.944
22.364044924,-0.4067,1.9084,0.4805,2.010
22.364307386,-0.4343,1.9474,0.5672,2.074
22.36743177,-0.4572,1.9702,0.6349,2.120
22.367916924,-0.4770,1.9807,0.6867,2.150
22.370068617,-0.4954,1.9765,0.7106,2.158
22.372746155,-0.5061,1.9590,0.7123,2.145
22.37538954,-0.5117,1.9294,0.6960,2.114
22.378342847,-0.5103,1.8915,0.6601,2.067
22.379852001,-0.5066,1.8497,0.6127,2.013
22.382263155,-0.5054,1.8060,0.5480,1.954
22.385113309,-0.4883,1.7477,0.4553,1.871
22.387159693,-0.4749,1.6951,0.3710,1.799
22.389616617,-0.4580,1.6443,0.2667,1.728
22.392324924,-0.4367,1.5893,0.1441,1.654
22.394389232,-0.4084,1.5343,0.0092,1.588
22.396656078,-0.3696,1.4745,-0.1253,1.525
22.39922554,-0.3185,1.4097,-0.2553,1.468
22.402119693,-0.2640,1.3516,-0.3633,1.424
22.404047693,-0.2110,1.2926,-0.4398,1.382
22.40641754,-0.1543,1.2411,-0.4969,1.346
22.40899754,-0.1091,1.1955,-0.5321,1.313
22.411282463,-0.0632,1.1559,-0.5592,1.286
22.413817847,-0.0297,1.1165,-0.5925,1.264
22.416180309,-0.0058,1.0829,-0.6191,1.247
22.41871354,0.0095,1.0587,-0.6317,1.233
22.420725309,0.0124,1.0386,-0.6310,1.215
22.423424617,0.0017,1.0279,-0.6171,1.199
22.425734232,-0.0246,1.0220,-0.6003,1.186
22.427955155,-0.0558,1.0257,-0.5974,1.188
22.430415155,-0.0996,1.0293,-0.6056,1.198
22.432910463,-0.1421,1.0322,-0.6105,1.208
22.435416386,-0.1921,1.0350,-0.6142,1.219
22.437635693,-0.2464,1.0389,-0.6159,1.233
22.440299078,-0.2855,1.0433,-0.6084,1.241
22.443415386,-0.3095,1.0354,-0.5983,1.235
22.445095078,-0.3505,1.0186,-0.5648,1.216
22.447255386,-0.4125,1.0159,-0.4979,1.204
22.449796386,-0.5420,1.0240,-0.4894,1.258
22.45294277,-0.6635,1.0107,-0.4356,1.285
22.454697001,-0.7710,1.0042,-0.3249,1.307
22.457141232,-0.8960,1.0039,-0.2475,1.368
22.46168677,-1.0434,1.0056,-0.2175,1.465
22.462026232,-1.1606,0.9966,-0.1877,1.541
22.464622232,-1.2149,0.9551,-0.1490,1.553
22.470627463,-1.2291,0.8922,-0.0918,1.522
22.471284924,-1.2510,0.8475,-0.0496,1.512
22.471816924,-1.2591,0.8141,-0.0161,1.499
22.474173232,-1.2344,0.7715,0.0060,1.456
22.47853177,-1.1921,0.7279,0.0314,1.397
22.478869617,-1.1343,0.6860,0.0535,1.327
22.481232924,-1.0759,0.6467,0.0644,1.257
22.483824309,-1.0138,0.6201,0.0632,1.190
22.485907693,-0.9417,0.5803,0.0710,1.108
22.48832677,-0.8709,0.5381,0.0871,1.027
22.491060693,-0.8208,0.5141,0.1233,0.976
22.493505001,-0.7656,0.4789,0.1678,0.918
22.495850155,-0.7082,0.4275,0.2076,0.853
22.498435386,-0.6801,0.4021,0.2364,0.825
22.501982463,-0.6547,0.3616,0.2652,0.794
22.503550463,-0.6515,0.3266,0.2772,0.780
22.505235386,-0.6652,0.2952,0.2733,0.777
22.50783977,-0.6828,0.2527,0.2555,0.772
22.510176001,-0.7241,0.2253,0.2354,0.794
22.512799463,-0.8093,0.2343,0.1919,0.864
22.515443386,-0.8972,0.2532,0.1374,0.942
22.518483155,-0.9874,0.2539,0.0407,1.020
22.519872001,-1.0679,0.2465,-0.0447,1.097
22.522292001,-1.1511,0.2463,-0.1202,1.183
22.525042847,-1.2107,0.2343,-0.1920,1.248
22.52721077,-1.2596,0.2307,-0.2570,1.306
22.530477924,-1.2897,0.2334,-0.3107,1.347
22.532421924,-1.2945,0.2353,-0.3312,1.357
22.534969001,-1.2677,0.2285,-0.3244,1.328
22.53669177,-1.2154,0.2243,-0.2961,1.271
22.539296386,-1.1431,0.2165,-0.2567,1.191
22.542732001,-1.0446,0.2211,-0.2020,1.087
22.543953617,-0.9300,0.2243,-0.1453,0.968
22.546293617,-0.8171,0.2258,-0.0857,0.852
22.54923577,-0.7073,0.2295,-0.0293,0.744
22.55198777,-0.6056,0.2323,0.0258,0.649
22.55437754,-0.5110,0.2358,0.0744,0.568
22.556349617,-0.4326,0.2414,0.1226,0.510
22.563355078,-0.3563,0.2453,0.1599,0.461
22.564457001,-0.2885,0.2532,0.2014,0.433
22.565159463,-0.2222,0.2646,0.2528,0.428
22.565792617,-0.1660,0.2722,0.2804,0.425
22.57562654,-0.1164,0.2800,0.2939,0.422
22.576133232,-0.0749,0.2915,0.2946,0.421
22.576309924,-0.0407,0.2949,0.2897,0.415
22.576472078,-0.0209,0.2989,0.2850,0.414
22.577565001,-0.0060,0.3057,0.2836,0.417
22.580298155,0.0086,0.3079,0.2801,0.416
22.583106232,0.0139,0.3089,0.2755,0.414
22.58492954,0.0173,0.3108,0.2720,0.413
22.587498847,0.0151,0.3089,0.2696,0.410
22.589811386,0.0137,0.3145,0.2636,0.411
22.59230654,0.0026,0.3138,0.2599,0.407
22.594396309,-0.0102,0.3120,0.2428,0.395
22.597756386,-0.0219,0.3135,0.2268,0.388
22.600435693,-0.0365,0.3203,0.2171,0.389
22.601826463,-0.0579,0.3271,0.2137,0.395
22.604408693,-0.0789,0.3382,0.2066,0.404
22.607087155,-0.0986,0.3462,0.2014,0.413
22.609314463,-0.1140,0.3585,0.2051,0.428
22.611755693,-0.1353,0.3783,0.2144,0.455
22.614146847,-0.1453,0.3970,0.2188,0.476
22.617568001,-0.1369,0.4132,0.2257,0.490
22.618808617,-0.1646,0.4361,0.2352,0.522
22.621254232,-0.2000,0.4615,0.2342,0.555
22.623892309,-0.2184,0.4711,0.2342,0.570
22.625976001,-0.2310,0.4818,0.2431,0.587
22.628630232,-0.2366,0.4857,0.2494,0.595
22.63118677,-0.2528,0.5104,0.2680,0.629
22.633784693,-0.2615,0.5278,0.2816,0.653
22.635536617,-0.2660,0.5414,0.2850,0.667
22.638109924,-0.2687,0.5409,0.2731,0.663
22.641681847,-0.2291,0.5300,0.2743,0.639
22.643098463,-0.1858,0.5348,0.2775,0.630
22.645319693,-0.1553,0.5402,0.2882,0.632
22.648650847,-0.1883,0.5957,0.3510,0.717
22.650961924,-0.3326,0.7327,0.4074,0.902
22.652512001,-0.3216,0.7373,0.3579,0.880
22.65523054,-0.3444,0.7562,0.3104,0.887
22.66366654,-0.3361,0.7523,0.2520,0.862
22.664418232,-0.3244,0.7486,0.2100,0.842
22.664696693,-0.3603,0.7772,0.2222,0.885
22.665184617,-0.3598,0.7813,0.1956,0.882
22.67476154,-0.3735,0.7918,0.1790,0.894
22.67541877,-0.3782,0.7916,0.1480,0.890
22.67571177,-0.3882,0.8011,0.1272,0.899
22.67618277,-0.3966,0.8132,0.1157,0.912
22.676660924,-0.3996,0.8209,0.0910,0.918
22.680156078,-0.4015,0.8234,0.0605,0.918
22.682349309,-0.4018,0.8258,0.0316,0.919
22.683769309,-0.4008,0.8321,0.0165,0.924
22.686789232,-0.3994,0.8463,0.0136,0.936
22.689168078,-0.3820,0.8500,0.0119,0.932
22.69154254,-0.4013,0.8815,0.0295,0.969
22.693277617,-0.4059,0.8962,0.0383,0.985
22.696206847,-0.4020,0.9099,0.0421,0.996
22.698869617,-0.3940,0.9229,0.0407,1.004
22.70063077,-0.3796,0.9336,0.0386,1.009
22.70316554,-0.3659,0.9431,0.0481,1.013
22.70571977,-0.3566,0.9607,0.0728,1.027
22.707947155,-0.3454,0.9760,0.0962,1.040
22.710240617,-0.3491,0.9963,0.0898,1.060
22.712957309,-0.3283,1.0051,0.1047,1.063
22.715531078,-0.3388,1.0459,0.1087,1.105
22.717550232,-0.3349,1.0682,0.1182,1.126
22.719963693,-0.3253,1.0848,0.1182,1.139
22.722605847,-0.3317,1.1014,0.1292,1.158
22.724777847,-0.3330,1.1224,0.1233,1.177
22.727415078,-0.3476,1.1449,0.1177,1.202
22.729745309,-0.3619,1.1530,0.1015,1.213
22.732132924,-0.4040,1.1684,0.0991,1.240
22.734376693,-0.4245,1.1752,0.0920,1.253
22.737364386,-0.4343,1.1828,0.0933,1.263
22.740464386,-0.4441,1.1786,0.0989,1.263
22.741806463,-0.4511,1.1730,0.1015,1.261
22.744060001,-0.4600,1.1561,0.1133,1.249
22.747254155,-0.4683,1.1214,0.1345,1.223
22.749210155,-0.4570,1.0662,0.1373,1.168
22.751366232,-0.4670,1.1412,0.1113,1.238
22.754196386,-0.4875,1.1342,0.0959,1.238
22.761346155,-0.4719,1.0748,0.0959,1.178
22.762051078,-0.4919,1.0620,0.1006,1.175
22.762442847,-0.4693,1.1139,0.0461,1.210
22.764392617,-0.4472,1.1473,0.0214,1.232
22.77327077,-0.4458,1.1221,0.0131,1.208
22.774492924,-0.4416,1.1104,0.0165,1.195
22.774898463,-0.4436,1.1212,0.0053,1.206
22.77524554,-0.4294,1.1426,-0.0254,1.221
22.77540154,-0.4231,1.1435,-0.0400,1.220
22.777796617,-0.4278,1.1414,-0.0481,1.220
22.780952924,-0.4304,1.1628,-0.0589,1.241
22.783369001,-0.4397,1.1740,-0.0666,1.255
22.785133232,-0.4526,1.1796,-0.0574,1.265
22.788073617,-0.4629,1.1857,-0.0271,1.273
22.790173001,-0.4632,1.1876,-0.0058,1.275
22.792207386,-0.4968,1.2113,0.0212,1.309
22.794815693,-0.5168,1.2216,0.0500,1.327
22.798173924,-0.5284,1.2265,0.0451,1.336
22.799416386,-0.5362,1.2280,0.0365,1.340
22.801777617,-0.5415,1.2306,0.0141,1.345
22.805038463,-0.5440,1.2309,-0.0073,1.346
22.807487155,-0.5455,1.2318,-0.0166,1.347
22.809816078,-0.5435,1.2282,-0.0217,1.343
22.811812078,-0.5431,1.2255,-0.0398,1.341
22.814873924,-0.5364,1.2223,-0.0542,1.336
22.817010155,-0.5252,1.2185,-0.0608,1.328
22.819148078,-0.5149,1.2164,-0.0701,1.323
22.821392693,-0.4983,1.2172,-0.0762,1.317
22.823744693,-0.4790,1.2138,-0.0818,1.307
22.82632954,-0.4575,1.2136,-0.0889,1.300
22.828608924,-0.4336,1.2096,-0.1078,1.289
22.831224693,-0.4138,1.2055,-0.1312,1.281
22.83336254,-0.3935,1.1931,-0.1568,1.266
22.835903386,-0.3637,1.1845,-0.1847,1.253
22.838347463,-0.3393,1.1686,-0.2128,1.235
22.840741309,-0.3156,1.1542,-0.2296,1.218
22.843198155,-0.2902,1.1402,-0.2438,1.202
22.845683463,-0.2652,1.1251,-0.2516,1.183
22.85133977,-0.2303,1.1046,-0.2583,1.158
22.852320001,-0.1979,1.0870,-0.2629,1.136
22.852972078,-0.1634,1.0660,-0.2631,1.110
22.859956617,-0.1223,1.0452,-0.2599,1.084
22.860418463,-0.0842,1.0252,-0.2469,1.058
22.860653617,-0.0381,1.0015,-0.2280,1.028
22.862280924,0.0002,0.9781,-0.2059,1.000
22.869243386,0.0364,0.9565,-0.1781,0.974
22.870212001,0.0650,0.9394,-0.1474,0.953
22.870488924,0.0906,0.9225,-0.1275,0.936
22.87279477,0.1073,0.9094,-0.1053,0.922
22.874201847,0.1232,0.9038,-0.0897,0.917
22.876713232,0.1241,0.8959,-0.0877,0.909
22.879218463,0.1085,0.8842,-0.0980,0.896
22.88173077,0.0796,0.8871,-0.0908,0.895
22.884097617,0.0435,0.8935,-0.0713,0.897
22.886385617,-0.0029,0.9040,-0.0664,0.906
22.888974155,-0.0554,0.9174,-0.0815,0.923
22.891150155,-0.1103,0.9301,-0.1043,0.942
22.893875693,-0.1670,0.9443,-0.1204,0.966
22.897435693,-0.2217,0.9563,-0.1234,0.989
22.898844078,-0.2718,0.9619,-0.1339,1.009
22.900993924,-0.3244,0.9695,-0.1302,1.031
22.903744078,-0.3677,0.9760,-0.1148,1.049
22.906298232,-0.4008,0.9756,-0.1085,1.060
22.908375155,-0.4213,0.9727,-0.1162,1.066
22.91125054,-0.4360,0.9663,-0.1348,1.069
22.913596309,-0.4429,0.9514,-0.1465,1.060
22.915530463,-0.4416,0.9369,-0.1419,1.045
22.917692001,-0.4409,0.9180,-0.1336,1.027
22.920463155,-0.4402,0.8996,-0.1263,1.009
22.92287177,-0.4387,0.8822,-0.1195,0.993
22.925703463,-0.4380,0.8705,-0.1111,0.981
22.927565309,-0.4350,0.8568,-0.1043,0.967
22.93063854,-0.4309,0.8409,-0.1009,0.950
22.932136386,-0.4206,0.8260,-0.0997,0.932
22.935243693,-0.4152,0.8155,-0.1104,0.922
22.937255386,-0.4031,0.8083,-0.1239,0.912
22.939961847,-0.3910,0.8023,-0.1542,0.906
22.941777617,-0.3740,0.8048,-0.1917,0.908
22.945281617,-0.3525,0.8109,-0.2135,0.910
22.951016924,-0.3239,0.8197,-0.2236,0.909
22.951610155,-0.2813,0.8288,-0.2152,0.901
22.951933617,-0.2186,0.8490,-0.1859,0.896
22.962314847,-0.1365,0.8710,-0.1278,0.891
22.963034155,-0.0407,0.8938,-0.0491,0.896
22.963555463,0.0525,0.9220,0.0466,0.925
22.963735386,0.1393,0.9768,0.1604,1.000
22.963901001,0.2099,1.0596,0.3197,1.127
22.966090232,0.2648,1.1689,0.5320,1.311
22.968647155,0.3107,1.2956,0.6762,1.494
22.972225001,0.3582,1.4032,0.5748,1.558
22.973176001,0.3801,1.4880,0.2701,1.559
22.975475386,0.3736,1.5791,-0.0417,1.623
22.978108924,0.3394,1.6832,-0.2609,1.737
22.980431386,0.3068,1.7799,-0.4239,1.855
22.982800078,0.2712,1.8624,-0.5115,1.950
22.98525077,0.2455,1.9329,-0.5570,2.026
22.988093924,0.2467,1.9780,-0.5414,2.066
22.990175155,0.2492,1.9998,-0.4766,2.071
22.99249477,0.2411,2.0010,-0.3591,2.047
22.99507054,0.2220,1.9795,-0.2069,2.003
22.997244617,0.1928,1.9348,-0.0266,1.945
22.99978777,0.1512,1.8707,0.1404,1.882
23.002157309,0.1127,1.7894,0.2716,1.813
23.00467477,0.0823,1.6914,0.3656,1.732
23.006912386,0.0606,1.5795,0.4409,1.641
23.009555693,0.0584,1.4613,0.4763,1.538
23.013065001,0.0530,1.3376,0.4746,1.420
23.014242847,0.0584,1.2050,0.4336,1.282
23.016655693,0.0610,1.0848,0.3950,1.156
23.01951354,0.0764,0.9830,0.3591,1.049
23.02203477,0.0877,0.8876,0.3363,0.953
23.024080386,0.0794,0.8043,0.2831,0.856
23.026510847,0.0454,0.7393,0.2801,0.792
23.029652924,-0.0085,0.6858,0.1797,0.709
23.031145001,-0.0749,0.6392,0.0691,0.647
23.034308386,-0.1360,0.5954,-0.0530,0.613
23.036137001,-0.1816,0.5461,-0.1759,0.602
23.038358847,-0.2273,0.4941,-0.2788,0.611
23.040867693,-0.2667,0.4403,-0.3550,0.625
23.043445001,-0.2965,0.3924,-0.4309,0.654
23.045841309,-0.3163,0.3536,-0.5096,0.696
23.048075078,-0.3412,0.3274,-0.6032,0.766
23.050829309,-0.3566,0.3213,-0.6958,0.845
23.057188924,-0.3740,0.3294,-0.7725,0.919
23.057761232,-0.4052,0.3543,-0.8402,0.998
23.058590463,-0.4382,0.4037,-0.8475,1.036
23.061124693,-0.4567,0.4664,-0.8448,1.068
23.06627077,-0.4741,0.5329,-0.8360,1.099
23.067185309,-0.4939,0.6089,-0.8074,1.125
23.06754677,-0.5191,0.6919,-0.7414,1.139
23.075088078,-0.5382,0.7767,-0.6313,1.136
23.075792309,-0.5692,0.8679,-0.5094,1.156
23.07627977,-0.6202,0.9660,-0.3797,1.209
23.079173924,-0.6913,1.0809,-0.1982,1.298
23.079594847,-0.7588,1.2038,-0.0628,1.424
23.081623155,-0.8142,1.3142,0.0542,1.547
23.084245617,-0.8485,1.4149,0.1091,1.653
23.087353924,-0.8778,1.4884,0.1050,1.731
23.089337001,-0.8807,1.5290,0.0971,1.767
23.091697924,-0.8741,1.5372,0.0640,1.770
23.094063693,-0.8489,1.5064,0.0363,1.730
23.09639977,-0.8068,1.4522,0.0163,1.661
23.098687463,-0.7560,1.3774,0.0281,1.572
23.101203463,-0.7011,1.3017,0.0923,1.481
23.103590847,-0.6496,1.2431,0.2003,1.417
23.10600154,-0.5953,1.1866,0.3205,1.366
23.108813924,-0.5389,1.1263,0.4152,1.316
23.110819155,-0.4778,1.0657,0.4683,1.258
23.113250232,-0.4257,1.0079,0.4725,1.192
23.115598232,-0.3815,0.9585,0.4324,1.119
23.118297309,-0.3400,0.9150,0.3535,1.038
23.120719693,-0.2980,0.8754,0.2513,0.958
23.123727693,-0.2618,0.8434,0.1460,0.895
23.125553847,-0.2298,0.8158,0.0514,0.849
23.128591386,-0.2037,0.8027,-0.0191,0.828
23.129917001,-0.1736,0.7929,-0.0962,0.817
23.132552078,-0.1458,0.7899,-0.1681,0.821
23.13538377,-0.1050,0.7926,-0.2348,0.833
23.137404078,-0.0698,0.8009,-0.2978,0.857
23.139633309,-0.0365,0.8123,-0.3506,0.886
23.142379386,-0.0097,0.8325,-0.3865,0.918
23.145456386,0.0193,0.8625,-0.4073,0.954
23.146809617,0.0482,0.8942,-0.4158,0.987
23.149437847,0.0784,0.9269,-0.4214,1.021
23.151848617,0.1097,0.9580,-0.4234,1.053
23.154085617,0.1402,0.9895,-0.4188,1.084
23.156649001,0.1784,1.0188,-0.4046,1.111
23.159115155,0.2162,1.0484,-0.3843,1.137
23.165360309,0.2458,1.0769,-0.3659,1.164
23.166337924,0.2748,1.0995,-0.3482,1.186
23.167011155,0.2946,1.1246,-0.3322,1.209
23.178701617,0.3124,1.1456,-0.3098,1.227
23.179307693,0.3249,1.1666,-0.2775,1.242
23.179555155,0.3349,1.1842,-0.2541,1.257
23.179949309,0.3476,1.1982,-0.2077,1.265
23.180266232,0.3518,1.2036,-0.1922,1.269
23.181860617,0.3438,1.2028,-0.1859,1.265
23.183991693,0.3264,1.1977,-0.1815,1.255
23.186837232,0.3091,1.1874,-0.1725,1.239
23.187852309,0.2841,1.1759,-0.1610,1.220
23.190120693,0.2524,1.1556,-0.1579,1.193
23.192746155,0.2094,1.1463,-0.1595,1.176
23.195732386,0.1519,1.1412,-0.1619,1.163
23.197413617,0.0872,1.1376,-0.1663,1.153
23.20040777,0.0261,1.1317,-0.1735,1.145
23.202337232,-0.0246,1.1286,-0.1796,1.143
23.204592924,-0.0728,1.1214,-0.1886,1.140
23.20762377,-0.1106,1.1121,-0.1982,1.135
23.210903155,-0.1443,1.0990,-0.2054,1.127
23.212045924,-0.1716,1.0885,-0.2147,1.123
23.214472078,-0.1902,1.0741,-0.2196,1.113
23.217473617,-0.2059,1.0577,-0.2248,1.101
23.219768001,-0.2188,1.0384,-0.2276,1.085
23.221751693,-0.2259,1.0168,-0.2318,1.067
23.224609232,-0.2366,0.9966,-0.2423,1.053
23.22743054,-0.2466,0.9746,-0.2543,1.037
23.228924078,-0.2557,0.9541,-0.2590,1.021
23.231358232,-0.2603,0.9380,-0.2580,1.007
23.233799463,-0.2643,0.9257,-0.2506,0.995
23.236449309,-0.2711,0.9138,-0.2573,0.987
23.238684617,-0.2623,0.9013,-0.2521,0.972
23.241041617,-0.2457,0.8969,-0.2482,0.963
23.24424377,-0.2271,0.8962,-0.2453,0.957
23.245706463,-0.2030,0.8930,-0.2482,0.949
23.248427694,-0.1790,0.8849,-0.2499,0.937
23.250716078,-0.1570,0.8781,-0.2482,0.926
23.252856001,-0.1404,0.8733,-0.2409,0.917
23.255312694,-0.1245,0.8663,-0.2348,0.906
23.25840254,-0.1087,0.8622,-0.2306,0.899
23.264976386,-0.0938,0.8637,-0.2206,0.896
23.26586954,-0.0835,0.8703,-0.2045,0.898
23.266440694,-0.0810,0.8791,-0.1847,0.902
23.274743463,-0.0830,0.8913,-0.1624,0.910
23.275803155,-0.0933,0.9087,-0.1388,0.924
23.27620677,-0.1008,0.9250,-0.1192,0.938
23.276436924,-0.1094,0.9455,-0.0969,0.957
23.277213309,-0.1174,0.9653,-0.0840,0.976
23.27997477,-0.1248,0.9830,-0.0794,0.994
23.282979694,-0.1264,0.9993,-0.0774,1.010
23.284567078,-0.1250,1.0142,-0.0836,1.025
23.286842232,-0.1194,1.0252,-0.0901,1.036
23.28918154,-0.1099,1.0320,-0.0969,1.042
23.292918155,-0.0994,1.0340,-0.1062,1.044
23.294072078,-0.0871,1.0361,-0.1148,1.046
23.296219155,-0.0752,1.0354,-0.1272,1.046
23.298780694,-0.0615,1.0338,-0.1378,1.045
23.301664617,-0.0468,1.0347,-0.1542,1.047
23.303524694,-0.0321,1.0384,-0.1654,1.052
23.306222463,-0.0124,1.0382,-0.1756,1.053
23.308574463,0.0000,1.0386,-0.1877,1.055
23.310904001,0.0137,1.0326,-0.2071,1.053
23.313471386,0.0266,1.0259,-0.2294,1.052
23.315695694,0.0303,1.0212,-0.2455,1.051
23.318220078,0.0347,1.0149,-0.2560,1.047
23.32068154,0.0381,1.0107,-0.2574,1.044
23.323440924,0.0354,1.0054,-0.2578,1.039
23.32631454,0.0305,0.9983,-0.2550,1.031
23.32776954,0.0274,0.9949,-0.2524,1.027
23.33014154,0.0215,0.9883,-0.2499,1.020
23.33283054,0.0124,0.9863,-0.2494,1.017
23.335520309,-0.0029,0.9853,-0.2472,1.016
23.337359386,-0.0178,0.9807,-0.2460,1.011
23.340402232,-0.0302,0.9819,-0.2382,1.011
23.342916694,-0.0432,0.9781,-0.2329,1.006
23.345116001,-0.0537,0.9783,-0.2252,1.005
23.347218463,-0.0612,0.9760,-0.2224,1.003
23.349789617,-0.0612,0.9702,-0.2118,0.995
23.35204377,-0.0615,0.9648,-0.1966,0.987
23.354452309,-0.0661,0.9616,-0.1812,0.981
23.356714463,-0.0671,0.9580,-0.1700,0.975
23.362693617,-0.0642,0.9567,-0.1649,0.973
23.363455386,-0.0632,0.9539,-0.1600,0.969
23.36418777,-0.0617,0.9495,-0.1614,0.965
23.374305232,-0.0617,0.9502,-0.1612,0.966
23.375156386,-0.0581,0.9521,-0.1627,0.968
23.375476386,-0.0561,0.9467,-0.1683,0.963
23.375747078,-0.0530,0.9502,-0.1889,0.970
23.375988386,-0.0473,0.9478,-0.1940,0.969
23.379296386,-0.0375,0.9504,-0.1903,0.970
23.381392309,-0.0353,0.9506,-0.1861,0.969
23.384246463,-0.0223,0.9514,-0.1710,0.967
23.385387078,-0.0116,0.9523,-0.1673,0.967
23.388482847,-0.0095,0.9539,-0.1663,0.968
23.391860617,-0.0029,0.9570,-0.1686,0.972
23.393130463,0.0005,0.9597,-0.1728,0.975
23.395199694,0.0021,0.9648,-0.1722,0.980
23.398282847,0.0024,0.9675,-0.1728,0.983
23.400521001,0.0034,0.9688,-0.1686,0.983
23.402482155,0.0021,0.9707,-0.1700,0.985
23.405306232,-0.0031,0.9734,-0.1756,0.989
23.407708078,-0.0062,0.9744,-0.1798,0.991
23.409704617,-0.0095,0.9756,-0.1859,0.993
23.412721924,-0.0151,0.9785,-0.1930,0.997
23.414523694,-0.0176,0.9834,-0.1952,1.003
23.417037924,-0.0232,0.9837,-0.1969,1.003
23.42010377,-0.0276,0.9895,-0.1966,1.009
23.422036386,-0.0290,0.9932,-0.1989,1.013
23.425354847,-0.0314,0.9986,-0.2050,1.020
23.426658463,-0.0309,0.9995,-0.2091,1.022
23.428942847,-0.0341,0.9958,-0.2131,1.019
23.431723078,-0.0285,0.9958,-0.2162,1.019
23.433968694,-0.0292,0.9975,-0.2182,1.022
23.436168001,-0.0316,0.9932,-0.2177,1.017
23.43888377,-0.0297,0.9905,-0.2150,1.014
23.441868694,-0.0307,0.9893,-0.2047,1.011
23.443440078,-0.0319,0.9898,-0.1930,1.009
23.445901617,-0.0341,0.9910,-0.1835,1.008
23.448535155,-0.0395,0.9912,-0.1798,1.008
23.450961309,-0.0490,0.9900,-0.1837,1.008
23.453409847,-0.0663,0.9905,-0.1877,1.010
23.455728617,-0.0847,0.9907,-0.1910,1.013
23.461661001,-0.1054,0.9926,-0.1854,1.015
23.462121924,-0.1236,0.9983,-0.1768,1.021
23.462844309,-0.1397,1.0054,-0.1659,1.029
23.465421617,-0.1531,1.0125,-0.1595,1.036
23.473120078,-0.1621,1.0164,-0.1566,1.041
23.473529309,-0.1665,1.0196,-0.1605,1.045
23.473699463,-0.1719,1.0212,-0.1673,1.049
23.48056154,-0.1756,1.0210,-0.1717,1.050
23.480895155,-0.1765,1.0210,-0.1752,1.051
23.48103854,-0.1744,1.0191,-0.1849,1.050
23.484601617,-0.1795,1.0174,-0.1964,1.052
23.484877232,-0.1783,1.0112,-0.2054,1.047
23.486895694,-0.1829,1.0086,-0.2020,1.045
23.49169177,-0.1883,1.0054,-0.2003,1.042
23.492738847,-0.2002,1.0027,-0.1957,1.041
23.494177617,-0.2081,0.9983,-0.1893,1.037
23.49672677,-0.2140,0.9881,-0.1837,1.028
23.500014463,-0.2186,0.9809,-0.1840,1.022
23.501325232,-0.2191,0.9707,-0.1864,1.012
23.503923386,-0.2149,0.9592,-0.1884,1.001
23.506195463,-0.2063,0.9467,-0.1886,0.987
23.509271155,-0.1934,0.9341,-0.1913,0.973
23.511243386,-0.1788,0.9206,-0.1957,0.958
23.513862847,-0.1621,0.9094,-0.1966,0.944
23.516646232,-0.1425,0.9003,-0.1969,0.933
23.518485847,-0.1250,0.8884,-0.1959,0.918
23.520593924,-0.1062,0.8801,-0.1979,0.908
23.524501232,-0.0857,0.8798,-0.1986,0.906
23.525578847,-0.0612,0.8808,-0.1917,0.904
23.52851177,-0.0402,0.8777,-0.1849,0.898
23.530720386,-0.0146,0.8761,-0.1788,0.894
23.533397309,0.0034,0.8817,-0.1661,0.897
23.535385001,0.0225,0.8896,-0.1637,0.905
23.537784617,0.0340,0.8930,-0.1614,0.908
23.540001847,0.0424,0.8987,-0.1683,0.915
23.542592078,0.0522,0.9064,-0.1730,0.924
23.545245847,0.0584,0.9136,-0.1656,0.930
23.547496309,0.0601,0.9243,-0.1544,0.939
23.55361454,0.0618,0.9297,-0.1505,0.944
23.554436617,0.0687,0.9414,-0.1497,0.956
23.554956078,0.0728,0.9514,-0.1581,0.967
23.561824309,0.0701,0.9663,-0.1656,0.983
23.562660078,0.0659,0.9776,-0.1693,0.994
23.562889309,0.0584,0.9930,-0.1747,1.010
23.564072617,0.0557,1.0096,-0.1847,1.028
23.571617924,0.0505,1.0205,-0.1937,1.040
23.572268309,0.0422,1.0317,-0.2059,1.053
23.573068001,0.0361,1.0435,-0.2260,1.068
23.573727386,0.0230,1.0479,-0.2389,1.075
23.57617854,0.0127,1.0489,-0.2558,1.080
23.578463078,-0.0058,1.0550,-0.2667,1.088
23.581140309,-0.0229,1.0533,-0.2690,1.087
23.583314463,-0.0409,1.0540,-0.2683,1.088
23.585812386,-0.0598,1.0491,-0.2676,1.084
23.588212309,-0.0793,1.0445,-0.2658,1.081
23.590876078,-0.0954,1.0340,-0.2590,1.070
23.593367078,-0.1101,1.0254,-0.2524,1.062
23.596457232,-0.1257,1.0166,-0.2436,1.053
23.598986155,-0.1394,1.0086,-0.2377,1.046
23.600289617,-0.1539,0.9968,-0.2331,1.035
23.602689309,-0.1667,0.9865,-0.2236,1.025
23.605458463,-0.1839,0.9802,-0.2203,1.021
23.60775454,-0.1954,0.9709,-0.2113,1.013
23.610087694,-0.2091,0.9697,-0.2047,1.013
23.612369232,-0.2210,0.9670,-0.2003,1.012
23.615588309,-0.2352,0.9668,-0.1989,1.015
23.617013309,-0.2447,0.9704,-0.2001,1.021
23.619712617,-0.2513,0.9760,-0.1954,1.027
23.622157232,-0.2526,0.9842,-0.1959,1.035
23.624562847,-0.2433,0.9981,-0.1947,1.046
23.626819694,-0.2349,1.0125,-0.1891,1.056
23.629644001,-0.2249,1.0271,-0.1896,1.068
23.63200954,-0.2119,1.0466,-0.1986,1.086
23.634035155,-0.2005,1.0648,-0.1969,1.101
23.637192924,-0.1886,1.0846,-0.1973,1.118
23.63957177,-0.1846,1.1114,-0.1933,1.143
23.641400694,-0.1812,1.1351,-0.1924,1.165
23.643849847,-0.1712,1.1644,-0.1810,1.191
23.652145847,-0.1670,1.1935,-0.1617,1.216
23.652824924,-0.1558,1.2209,-0.1388,1.239
23.653195155,-0.1434,1.2418,-0.1134,1.255
23.653558847,-0.1240,1.2568,-0.1048,1.267
23.656509232,-0.1140,1.2714,-0.0908,1.280
23.663038155,-0.1064,1.2825,-0.0774,1.289
23.663921232,-0.0964,1.2895,-0.0677,1.295
23.664738232,-0.0896,1.3010,-0.0582,1.305
23.66639354,-0.0835,1.3093,-0.0566,1.313
23.667633924,-0.0786,1.3215,-0.0554,1.325
23.670330463,-0.0744,1.3345,-0.0606,1.338
23.672937924,-0.0696,1.3533,-0.0796,1.357
23.674814847,-0.0707,1.3755,-0.0882,1.380
23.677593847,-0.0654,1.4012,-0.0913,1.406
23.68097754,-0.0593,1.4298,-0.1009,1.435
23.68212254,-0.0554,1.4671,-0.1058,1.472
23.684605847,-0.0532,1.5031,-0.1116,1.508
23.68767854,-0.0554,1.5421,-0.1139,1.547
23.689665001,-0.0632,1.5868,-0.1121,1.592
23.692352694,-0.0749,1.6333,-0.1118,1.639
23.694369001,-0.0923,1.6814,-0.1062,1.687
23.697890232,-0.1091,1.7281,-0.0957,1.734
23.698970155,-0.1238,1.7743,-0.0762,1.780
23.701594463,-0.1378,1.8153,-0.0386,1.821
23.704323463,-0.1497,1.8495,0.0080,1.856
23.706873847,-0.1624,1.8776,0.0603,1.886
23.710137924,-0.1800,1.8959,0.1087,1.908
23.711468309,-0.1981,1.9045,0.1462,1.920
23.714356924,-0.2135,1.9042,0.1763,1.924
23.716245847,-0.2328,1.8947,0.1995,1.919
23.718848924,-0.2562,1.8825,0.2084,1.911
23.721880617,-0.2816,1.8647,0.2007,1.896
23.723615463,-0.3132,1.8412,0.1832,1.877
23.72578554,-0.3427,1.8106,0.1570,1.849
23.728364694,-0.3735,1.7833,0.1255,1.826
23.731096694,-0.3982,1.7493,0.0842,1.796
23.733160386,-0.4096,1.7098,0.0456,1.759
23.735767386,-0.4169,1.6641,0.0016,1.716
23.737925001,-0.4150,1.6220,-0.0381,1.675
23.740287078,-0.4045,1.5700,-0.0850,1.623
23.742699694,-0.3871,1.5167,-0.1263,1.570
23.74534677,-0.3691,1.4671,-0.1668,1.522
23.74750654,-0.3493,1.4163,-0.2062,1.473
23.749800924,-0.3285,1.3624,-0.2460,1.423
23.752301617,-0.3039,1.3149,-0.2763,1.378
23.758399463,-0.2906,1.2675,-0.3035,1.335
23.759211155,-0.2853,1.2225,-0.3486,1.303
23.759796309,-0.2804,1.1813,-0.3711,1.270
23.762612078,-0.2834,1.1423,-0.3571,1.230
23.76692677,-0.2855,1.1095,-0.3510,1.198
23.767808309,-0.2845,1.0736,-0.3694,1.170
23.76999977,-0.2831,1.0382,-0.3918,1.145
23.776477232,-0.2848,1.0076,-0.4090,1.124
23.777766847,-0.2948,0.9883,-0.4183,1.113
23.778252309,-0.3107,0.9592,-0.4127,1.089
23.77902777,-0.3307,0.9367,-0.3829,1.065
23.781188694,-0.3584,0.9157,-0.3289,1.037
23.783693924,-0.3933,0.8959,-0.2323,1.006
23.786233232,-0.4204,0.8737,-0.1877,0.988
23.788577232,-0.4665,0.8542,-0.1774,0.989
23.790725617,-0.5171,0.8256,-0.2022,0.995
23.793495155,-0.5721,0.8048,-0.2306,1.014
23.79689854,-0.6242,0.7777,-0.2282,1.023
23.798030463,-0.6774,0.7528,-0.2404,1.041
23.800476386,-0.7365,0.7281,-0.2404,1.063
23.803065924,-0.8247,0.7147,-0.2614,1.122
23.805316386,-0.9093,0.7002,-0.2917,1.184
23.807868078,-0.9787,0.6900,-0.3075,1.236
23.81030154,-1.0414,0.6807,-0.3058,1.281
23.813401847,-1.0964,0.6751,-0.2788,1.317
23.815002463,-1.1465,0.6695,-0.2392,1.349
23.817327078,-1.1986,0.6597,-0.2006,1.383
23.819833924,-1.2515,0.6531,-0.1924,1.425
23.822296924,-1.2969,0.6465,-0.1835,1.461
23.824593924,-1.3407,0.6333,-0.1889,1.495
23.827320386,-1.3684,0.6218,-0.1719,1.513
23.830020309,-1.3803,0.6113,-0.1378,1.516
23.83179354,-1.3712,0.5881,-0.0923,1.495
23.834925232,-1.3381,0.5588,-0.0379,1.451
23.836836078,-1.2838,0.5290,0.0204,1.389
23.839470155,-1.2044,0.4973,0.0776,1.305
23.841693847,-1.0984,0.4735,0.1196,1.202
23.844158847,-1.0036,0.4540,0.1480,1.111
23.846401001,-0.9161,0.4330,0.1621,1.026
23.848657847,-0.8347,0.4168,0.1602,0.947
23.851321847,-0.7585,0.4007,0.1529,0.871
23.85481477,-0.6813,0.3799,0.1357,0.792
23.85600277,-0.6032,0.3643,0.1099,0.713
23.858431078,-0.5240,0.3438,0.0977,0.634
23.86158677,-0.4453,0.3257,0.0675,0.556
23.868256617,-0.3608,0.3086,0.0432,0.477
23.868959463,-0.2890,0.2940,0.0251,0.413
23.869423463,-0.2156,0.2749,0.0180,0.350
23.879418232,-0.1490,0.2602,0.0151,0.300
23.880319463,-0.0881,0.2432,0.0153,0.259
23.881013232,-0.0270,0.2331,0.0239,0.236
23.881186155,0.0228,0.2224,0.0375,0.227
23.881333847,0.0571,0.2182,0.0507,0.231
23.88226677,0.0860,0.2172,0.0654,0.243
23.884968001,0.1111,0.2172,0.0752,0.255
23.888596078,0.1278,0.2169,0.0810,0.264
23.88991054,0.1414,0.2153,0.0852,0.271
23.892765232,0.1517,0.2187,0.0861,0.280
23.896443386,0.1539,0.2180,0.0773,0.278
23.897060694,0.1481,0.2250,0.0686,0.278
23.899133924,0.1344,0.2341,0.0579,0.276
23.901922232,0.1202,0.2456,0.0514,0.278
23.904266232,0.0948,0.2602,0.0412,0.280
23.906587155,0.0601,0.2761,0.0276,0.284
23.909045847,0.0247,0.2968,0.0139,0.298
23.91145354,-0.0265,0.3208,0.0016,0.322
23.914172386,-0.0803,0.3443,-0.0110,0.354
23.916356309,-0.1423,0.3716,-0.0249,0.399
23.918929309,-0.2005,0.3965,-0.0377,0.446
23.921296001,-0.2562,0.4200,-0.0473,0.494
23.92341454,-0.3029,0.4371,-0.0522,0.534
23.925955386,-0.3466,0.4530,-0.0459,0.572
23.928317001,-0.3798,0.4608,-0.0415,0.599
23.930587386,-0.3982,0.4603,-0.0410,0.610
23.933672924,-0.4038,0.4571,-0.0391,0.611
23.935632617,-0.3999,0.4540,-0.0364,0.606
23.938481847,-0.3803,0.4454,-0.0271,0.586
23.940483078,-0.3581,0.4371,-0.0134,0.565
23.943048924,-0.3256,0.4291,0.0072,0.539
23.94529577,-0.2955,0.4275,0.0361,0.521
23.947672924,-0.2704,0.4271,0.0668,0.510
23.950444924,-0.2545,0.4298,0.0964,0.509
23.95281454,-0.2454,0.4352,0.1220,0.514
23.955023155,-0.2438,0.4454,0.1413,0.527
23.957124617,-0.2489,0.4552,0.1497,0.540
23.959928309,-0.2550,0.4676,0.1541,0.554
23.965711078,-0.2631,0.4823,0.1526,0.570
23.966317924,-0.2696,0.4955,0.1497,0.584
23.96844677,-0.2792,0.5111,0.1455,0.600
23.974107386,-0.2882,0.5288,0.1394,0.618
23.97486554,-0.2950,0.5483,0.1345,0.637
23.975125847,-0.3031,0.5666,0.1338,0.656
23.97762654,-0.3132,0.5928,0.1257,0.682
23.984673309,-0.3256,0.6196,0.1201,0.710
23.98512154,-0.3349,0.6457,0.1169,0.737
23.985439463,-0.3493,0.6721,0.1143,0.766
23.988219694,-0.3619,0.6990,0.1074,0.794
23.988800001,-0.3789,0.7293,0.1013,0.828
23.991581001,-0.3952,0.7596,0.0994,0.862
23.995069847,-0.4101,0.7897,0.1064,0.896
23.995870155,-0.4255,0.8197,0.1204,0.931
23.99831854,-0.4431,0.8505,0.1423,0.970
24.00076154,-0.4570,0.8752,0.1502,0.999
24.003552001,-0.4653,0.8969,0.1809,1.027
24.005452694,-0.4832,0.9223,0.2193,1.064
24.007863155,-0.5005,0.9474,0.2457,1.099
24.010429924,-0.5196,0.9653,0.2638,1.128
24.012725924,-0.5322,0.9851,0.2733,1.153
24.015084386,-0.5499,0.9993,0.2736,1.173
24.018727155,-0.5677,1.0132,0.2713,1.193
24.020643386,-0.5858,1.0261,0.2685,1.212
24.022299463,-0.6032,1.0322,0.2645,1.224
24.025876694,-0.6249,1.0394,0.2611,1.241
24.027321001,-0.6356,1.0413,0.2506,1.245
24.02988254,-0.6451,1.0410,0.2322,1.247
24.032248386,-0.6537,1.0445,0.2159,1.251
24.034978232,-0.6577,1.0410,0.2093,1.249
24.03688677,-0.6689,1.0433,0.2056,1.256
24.03934677,-0.6808,1.0425,0.1700,1.257
24.041799155,-0.6840,1.0364,0.1536,1.251
24.046277232,-0.6915,1.0357,0.1602,1.256
24.04669054,-0.6822,1.0245,0.1436,1.239
24.048930847,-0.6918,1.0257,0.1434,1.246
24.052080309,-0.7036,1.0279,0.1267,1.252
24.055857617,-0.7120,1.0333,0.1333,1.262
24.056493847,-0.7267,1.0389,0.1243,1.274
24.059120617,-0.7476,1.0592,0.1255,1.302
24.063564924,-0.7516,1.0680,0.1357,1.313
24.063912924,-0.7649,1.0811,0.1474,1.333
24.066070847,-0.7766,1.1004,0.1492,1.355
24.073238232,-0.7681,1.0894,0.1272,1.339
24.073688694,-0.7460,1.0748,0.1238,1.314
24.073871155,-0.7472,1.0762,0.1385,1.317
24.075217232,-0.8274,1.1317,0.1329,1.408
24.077792001,-0.8247,1.1327,0.1294,1.407
24.080075155,-0.8714,1.1681,0.1590,1.466
24.083113309,-0.8660,1.1512,0.1590,1.449
24.08583977,-0.8469,1.1295,0.1548,1.420
24.087592617,-0.9144,1.1698,0.1680,1.494
24.089865232,-0.9065,1.1561,0.1587,1.478
24.09242677,-0.9021,1.1466,0.1262,1.464
24.09468154,-0.8785,1.1265,0.1094,1.433
24.09708554,-0.8335,1.0987,0.0842,1.382
24.099801617,-0.7812,1.0699,0.0603,1.326
24.10231077,-0.7304,1.0361,0.0332,1.268
24.104253001,-0.6874,1.0063,-0.0093,1.219
24.107747155,-0.6437,0.9863,-0.0371,1.178
24.11087054,-0.5870,0.9497,-0.0735,1.119
24.111665232,-0.5168,0.9018,-0.0955,1.044
24.11389054,-0.5044,0.9052,-0.1097,1.042
24.116853001,-0.4826,0.9113,-0.1307,1.039
24.119165232,-0.4558,0.9167,-0.1561,1.036
24.121232924,-0.4311,0.9267,-0.1749,1.037
24.124348924,-0.3931,0.9416,-0.1928,1.038
24.127125232,-0.3903,0.9844,-0.2255,1.083
24.128356001,-0.3935,1.0257,-0.2220,1.121
24.131196924,-0.3628,1.0293,-0.2038,1.110
24.134041232,-0.3470,1.0418,-0.2108,1.118
24.135937309,-0.3354,1.0543,-0.1986,1.124
24.138811155,-0.3202,1.0673,-0.1828,1.129
24.140931386,-0.3097,1.0767,-0.1805,1.135
24.143621924,-0.2923,1.0834,-0.1871,1.138
24.145357924,-0.2731,1.0855,-0.1771,1.133
24.14767577,-0.2531,1.0890,-0.1688,1.131
24.150337232,-0.2310,1.0880,-0.1610,1.124
24.152956924,-0.2166,1.0939,-0.1486,1.125
24.155025001,-0.1983,1.0962,-0.1441,1.123
24.157883694,-0.1858,1.1029,-0.1441,1.128
24.163619694,-0.1707,1.0990,-0.1363,1.120
24.164273847,-0.1548,1.0965,-0.1344,1.116
24.164993232,-0.1387,1.0939,-0.1327,1.111
24.16747854,-0.1243,1.0929,-0.1329,1.108
24.175036386,-0.1206,1.0921,-0.1329,1.107
24.175839155,-0.1174,1.0894,-0.1329,1.104
24.176040694,-0.1155,1.0872,-0.1260,1.101
24.17811354,-0.1182,1.0885,-0.1207,1.101
24.180632617,-0.1167,1.0841,-0.1141,1.096
24.18187854,-0.1177,1.0821,-0.1053,1.094
24.18461077,-0.1216,1.0831,-0.1013,1.095
24.186084309,-0.1264,1.0831,-0.0950,1.095
24.188598232,-0.1373,1.0813,-0.0892,1.094
24.191112924,-0.1462,1.0848,-0.0828,1.098
24.193661309,-0.1506,1.0860,-0.0825,1.100
24.195829309,-0.1629,1.0885,-0.0806,1.104
24.198454155,-0.1716,1.0875,-0.0860,1.104
24.201331078,-0.1797,1.0878,-0.0908,1.106
24.203068617,-0.1895,1.0906,-0.0918,1.111
24.205509309,-0.2000,1.0934,-0.0950,1.116
24.20819354,-0.2074,1.0934,-0.1041,1.118
24.21048954,-0.2220,1.0929,-0.1053,1.120
24.212846463,-0.2333,1.0924,-0.1038,1.122
24.215492078,-0.2423,1.0853,-0.1004,1.117
24.217735694,-0.2540,1.0797,-0.0967,1.113
24.219967694,-0.2638,1.0706,-0.0892,1.106
24.222684924,-0.2738,1.0587,-0.0789,1.096
24.225821924,-0.2836,1.0445,-0.0701,1.085
24.227935155,-0.2909,1.0298,-0.0633,1.072
24.229897001,-0.2938,1.0142,-0.0569,1.057
24.232215694,-0.2978,0.9973,-0.0445,1.042
24.23472677,-0.2990,0.9812,-0.0400,1.027
24.23724654,-0.3034,0.9668,-0.0298,1.014
24.239562155,-0.3053,0.9529,-0.0237,1.001
24.242664001,-0.3023,0.9365,-0.0210,0.984
24.244217309,-0.2972,0.9192,-0.0195,0.966
24.246721617,-0.2916,0.8987,-0.0179,0.945
24.249380078,-0.2848,0.8791,-0.0222,0.924
24.251808309,-0.2780,0.8649,-0.0263,0.909
24.254046232,-0.2729,0.8519,-0.0298,0.895
24.25632954,-0.2615,0.8358,-0.0373,0.877
24.26198954,-0.2513,0.8200,-0.0461,0.859
24.262829847,-0.2413,0.8083,-0.0564,0.845
24.263573309,-0.2279,0.7982,-0.0652,0.833
24.26660777,-0.2212,0.7913,-0.0682,0.824
24.271990463,-0.2098,0.7836,-0.0715,0.814
24.27274277,-0.1995,0.7777,-0.0771,0.807
24.273397617,-0.1870,0.7764,-0.0801,0.803
24.279913309,-0.1756,0.7728,-0.0799,0.796
24.280751694,-0.1658,0.7723,-0.0828,0.794
24.281133309,-0.1518,0.7713,-0.0892,0.791
24.283736694,-0.1380,0.7720,-0.0931,0.790
24.28542654,-0.1316,0.7760,-0.0975,0.793
24.287732309,-0.1228,0.7826,-0.1016,0.799
24.291100001,-0.1162,0.7872,-0.1074,0.803
24.293480078,-0.1108,0.7936,-0.1104,0.809
24.295651463,-0.1094,0.8034,-0.1111,0.818
24.297545001,-0.1074,0.8134,-0.1085,0.828
24.300337847,-0.1013,0.8183,-0.1097,0.832
24.302345232,-0.0947,0.8265,-0.1034,0.838
24.304588617,-0.0896,0.8312,-0.1011,0.842
24.307055386,-0.0835,0.8325,-0.0999,0.843
24.309788694,-0.0761,0.8378,-0.0969,0.847
24.311934232,-0.0681,0.8390,-0.0957,0.847
24.31423754,-0.0598,0.8402,-0.0931,0.847
24.316863078,-0.0512,0.8370,-0.0941,0.844
24.319517847,-0.0439,0.8325,-0.0916,0.839
24.321985309,-0.0388,0.8273,-0.0867,0.833
24.325041001,-0.0324,0.8185,-0.0852,0.824
24.326313924,-0.0204,0.8121,-0.0840,0.817
24.32879977,-0.0118,0.8043,-0.0801,0.808
24.331183078,-0.0097,0.7941,-0.0794,0.798
24.333624924,-0.0053,0.7892,-0.0774,0.793
24.335849617,-0.0026,0.7762,-0.0762,0.780
24.338663463,0.0034,0.7692,-0.0724,0.773
24.340864078,0.0019,0.7596,-0.0735,0.763
24.343176386,0.0034,0.7523,-0.0757,0.756
24.34549754,0.0007,0.7401,-0.0713,0.744
24.347984001,-0.0014,0.7335,-0.0703,0.737
24.354775155,-0.0055,0.7244,-0.0689,0.728
24.355899078,-0.0188,0.7193,-0.0694,0.723
24.356315694,-0.0276,0.7132,-0.0675,0.717
24.364843078,-0.0363,0.7039,-0.0701,0.708
24.366034232,-0.0451,0.6956,-0.0708,0.701
24.366604001,-0.0554,0.6924,-0.0713,0.698
24.36695454,-0.0588,0.6893,-0.0715,0.695
24.367208924,-0.0661,0.6856,-0.0724,0.693
24.370408309,-0.0730,0.6809,-0.0711,0.689
24.373112001,-0.0754,0.6756,-0.0679,0.683
24.374940309,-0.0798,0.6719,-0.0642,0.680
24.376792694,-0.0808,0.6678,-0.0623,0.676
24.37959077,-0.0812,0.6643,-0.0603,0.672
24.381659463,-0.0822,0.6602,-0.0557,0.668
24.387510463,-0.0793,0.6570,-0.0561,0.664
24.388261847,-0.0796,0.6548,-0.0569,0.662
24.389054155,-0.0810,0.6502,-0.0569,0.658
24.391711155,-0.0798,0.6480,-0.0545,0.655
24.393542232,-0.0776,0.6457,-0.0515,0.652
24.396197232,-0.0781,0.6455,-0.0496,0.652
24.399108694,-0.0784,0.6497,-0.0447,0.656
24.401087386,-0.0786,0.6502,-0.0440,0.656
24.403208078,-0.0789,0.6585,-0.0412,0.664
24.405857847,-0.0796,0.6641,-0.0442,0.670
24.408062463,-0.0808,0.6756,-0.0508,0.682
24.410508694,-0.0845,0.6885,-0.0554,0.696
24.413096617,-0.0913,0.7002,-0.0579,0.709
24.415569847,-0.1018,0.7132,-0.0601,0.723
24.417677001,-0.1106,0.7266,-0.0613,0.738
24.420297309,-0.1238,0.7405,-0.0579,0.753
24.422971694,-0.1343,0.7577,-0.0564,0.772
24.425062463,-0.1467,0.7711,-0.0533,0.787
24.427743694,-0.1534,0.7845,-0.0522,0.801
24.430145617,-0.1546,0.7965,-0.0542,0.813
24.432200078,-0.1511,0.7967,-0.0528,0.813
24.434895386,-0.1458,0.7987,-0.0533,0.814
24.437479386,-0.1387,0.7938,-0.0530,0.808
24.440681617,-0.1264,0.7916,-0.0508,0.803
24.441968309,-0.1125,0.7794,-0.0454,0.789
24.444225924,-0.0986,0.7699,-0.0391,0.777
24.44675877,-0.0881,0.7579,-0.0303,0.764
24.449505924,-0.0803,0.7428,-0.0281,0.748
24.451384309,-0.0698,0.7320,-0.0261,0.736
24.453982232,-0.0673,0.7237,-0.0247,0.727
24.458466232,-0.0619,0.7066,-0.0251,0.710
24.458864309,-0.0574,0.6941,-0.0266,0.697
24.460979155,-0.0603,0.6851,-0.0310,0.688
24.465556001,-0.0624,0.6746,-0.0354,0.678
24.46612554,-0.0730,0.6658,-0.0410,0.671
24.46881977,-0.0810,0.6585,-0.0466,0.665
24.470787386,-0.0926,0.6502,-0.0498,0.659
24.475151694,-0.1038,0.6487,-0.0564,0.659
24.475601617,-0.1131,0.6441,-0.0613,0.657
24.478121232,-0.1245,0.6413,-0.0701,0.657
24.481224386,-0.1374,0.6364,-0.0752,0.655
24.482848078,-0.1478,0.6340,-0.0784,0.656
24.485171155,-0.1616,0.6304,-0.0855,0.656
24.487833309,-0.1690,0.6345,-0.0880,0.662
24.490171386,-0.1819,0.6348,-0.0885,0.666
24.492498463,-0.1902,0.6380,-0.0889,0.672
24.495281847,-0.2012,0.6445,-0.0899,0.681
24.497904617,-0.2124,0.6555,-0.0936,0.695
24.49983877,-0.2220,0.6672,-0.0953,0.710
24.50225877,-0.2335,0.6829,-0.0989,0.728
24.504701232,-0.2394,0.7010,-0.0969,0.747
24.507161617,-0.2457,0.7244,-0.0982,0.771
24.509308001,-0.2513,0.7401,-0.0978,0.788
24.512820617,-0.2528,0.7608,-0.1011,0.808
24.514488386,-0.2510,0.7833,-0.1018,0.829
24.516713001,-0.2475,0.8027,-0.0994,0.846
24.51899354,-0.2440,0.8214,-0.0960,0.862
24.52205854,-0.2369,0.8400,-0.0897,0.877
24.524684001,-0.2310,0.8581,-0.0750,0.892
24.526956386,-0.2276,0.8744,-0.0589,0.905
24.529141617,-0.2247,0.8933,-0.0437,0.922
24.531302771,-0.2203,0.9131,-0.0286,0.940
24.533513924,-0.2149,0.9274,-0.0193,0.952
24.536113924,-0.2051,0.9382,-0.0146,0.960
24.538473001,-0.1990,0.9511,-0.0086,0.972
24.540853309,-0.1907,0.9555,-0.0083,0.974
24.543381309,-0.1785,0.9548,-0.0149,0.971
24.545835386,-0.1667,0.9487,-0.0274,0.964
24.548282771,-0.1490,0.9380,-0.0430,0.951
24.550655463,-0.1331,0.9182,-0.0552,0.929
24.55390254,-0.1118,0.8922,-0.0623,0.901
24.560495463,-0.0920,0.8625,-0.0689,0.870
24.561509232,-0.0761,0.8256,-0.0669,0.832
24.561768386,-0.0617,0.7843,-0.0718,0.790
24.562581001,-0.0463,0.7408,-0.0669,0.745
24.573552924,-0.0356,0.7088,-0.0633,0.712
24.574439771,-0.0434,0.6921,-0.0787,0.698
24.574851463,-0.0600,0.6868,-0.1073,0.698
24.575150847,-0.0859,0.6978,-0.1622,0.722
24.575437309,-0.1084,0.7132,-0.2392,0.760
24.577135386,-0.1275,0.7273,-0.3244,0.807
24.579440617,-0.1316,0.7273,-0.2927,0.795
24.581642847,-0.1275,0.7168,-0.2240,0.762
24.584342771,-0.1297,0.6895,-0.2643,0.750
24.586842232,-0.1541,0.6550,-0.4532,0.811
24.589022771,-0.2032,0.6169,-0.7070,0.960
24.591317001,-0.2753,0.6075,-0.8236,1.060
24.593980078,-0.3414,0.6196,-0.7379,1.022
24.596431386,-0.4006,0.6802,-0.5925,0.987
24.599627155,-0.4467,0.7762,-0.4107,0.985
24.601294155,-0.4761,0.8908,-0.1185,1.017
24.605290771,-0.5394,1.0259,0.1418,1.168
24.606008001,-0.6415,1.1461,0.1040,1.318
24.608481309,-0.7590,1.2362,-0.0464,1.451
24.61094954,-0.8555,1.3037,-0.2187,1.575
24.614292078,-0.8981,1.3599,-0.3498,1.667
24.615509309,-0.8855,1.4263,-0.4268,1.732
24.618470771,-0.8169,1.5016,-0.4216,1.761
24.622445847,-0.6791,1.5712,-0.3171,1.741
24.623216309,-0.5359,1.6455,-0.1771,1.740
24.625170232,-0.4071,1.7191,-0.0633,1.768
24.628885001,-0.2890,1.7941,0.0449,1.818
24.630360694,-0.1902,1.8893,0.1162,1.902
24.632581232,-0.1272,2.0070,0.0544,2.012
24.635140694,-0.1094,2.1395,-0.1563,2.148
24.637705001,-0.1192,2.2597,-0.4722,2.312
24.64070954,-0.1378,2.3494,-0.7828,2.480
24.64252954,-0.1326,2.4088,-0.9179,2.581
24.644532078,-0.1018,2.4517,-0.8390,2.593
24.64706254,-0.0229,2.4984,-0.5993,2.569
24.649549309,0.1041,2.5523,-0.2292,2.565
24.651791771,0.2595,2.6426,0.2469,2.667
24.654379771,0.4176,2.8036,0.7516,2.932
24.660453001,0.5863,3.0026,1.2154,3.292
24.661112924,0.7085,3.2057,1.4553,3.591
24.661479386,0.7980,3.3789,1.5032,3.783
24.67073354,0.9023,3.4756,1.4245,3.863
24.671274155,0.9741,3.4854,1.1692,3.803
24.671527155,1.0833,3.4119,0.8565,3.681
24.671749924,1.2084,3.2585,0.6207,3.530
24.674102847,1.3088,3.0650,0.4800,3.367
24.67696554,1.4092,2.8414,0.4624,3.205
24.678794232,1.4935,2.6054,0.4136,3.031
24.68071354,1.5294,2.3487,0.2951,2.818
24.68407354,1.5348,2.0792,0.1673,2.590
24.685490232,1.4693,1.8141,0.0656,2.335
24.688041001,1.4507,1.5805,0.0151,2.145
24.690304001,1.3706,1.3755,0.0114,1.942
24.693144001,1.2509,1.2113,0.0532,1.742
24.695349309,1.0774,1.0946,0.1076,1.540
24.697685232,0.8758,1.0196,0.1052,1.348
24.69997454,0.6645,0.9536,0.0427,1.163
24.702934155,0.4835,0.8822,-0.0466,1.007
24.705501617,0.3293,0.8109,-0.1546,0.889
24.707903463,0.1710,0.7349,-0.2723,0.802
24.710143463,0.0274,0.6536,-0.3874,0.760
24.71317754,-0.1084,0.5824,-0.5013,0.776
24.71462654,-0.2494,0.5102,-0.6023,0.828
24.717145309,-0.3782,0.4662,-0.7076,0.928
24.719385617,-0.4639,0.4493,-0.7955,1.025
24.721732617,-0.4939,0.4181,-0.8339,1.055
24.724384078,-0.5623,0.3848,-0.9145,1.140
24.726693617,-0.6498,0.3592,-0.9711,1.222
24.729351155,-0.7556,0.3413,-0.9496,1.261
24.731343463,-0.9363,0.3487,-0.8670,1.323
24.733821924,-1.1489,0.3731,-0.7532,1.424
24.736283771,-1.3926,0.4214,-0.5753,1.565
24.738887078,-1.6542,0.4792,-0.3877,1.765
24.741307771,-1.9009,0.5434,-0.3268,2.004
24.743866463,-2.1066,0.5969,-0.2986,2.210
24.74631754,-2.2142,0.6299,-0.3506,2.329
24.74820954,-2.2224,0.6453,-0.4490,2.357
24.750626463,-2.1641,0.6473,-0.5653,2.328
24.754072386,-2.0605,0.6448,-0.6672,2.260
24.75542654,-1.9290,0.6421,-0.7503,2.167
24.758079078,-1.7837,0.6311,-0.8074,2.057
24.760617001,-1.6090,0.6150,-0.8106,1.904
24.766587694,-1.3922,0.6069,-0.7070,1.675
24.767208078,-1.1585,0.6196,-0.4857,1.401
24.767862463,-0.9193,0.6424,-0.1910,1.138
24.77594954,-0.7116,0.6604,0.1218,0.978
24.776834155,-0.5694,0.6907,0.3395,0.957
24.777284617,-0.4856,0.7252,0.4043,0.962
24.777844694,-0.4572,0.7594,0.3283,0.945
24.785222232,-0.4707,0.7831,0.1680,0.929
24.785936924,-0.4944,0.8114,-0.0061,0.950
24.786386847,-0.5366,0.8519,-0.1617,1.020
24.787035463,-0.5792,0.8847,-0.2902,1.097
24.789633001,-0.6046,0.9180,-0.3838,1.164
24.791647694,-0.6124,0.9443,-0.4468,1.211
24.794013309,-0.6078,0.9737,-0.4781,1.243
24.79658154,-0.5892,0.9993,-0.4886,1.259
24.798906771,-0.5587,1.0281,-0.4756,1.263
24.801514232,-0.5054,1.0333,-0.4917,1.251
24.804003386,-0.4536,1.0555,-0.4014,1.217
24.806107155,-0.4064,1.0943,-0.3317,1.214
24.808619078,-0.3466,1.1249,-0.2942,1.213
24.811225617,-0.2762,1.1507,-0.2040,1.201
24.813470232,-0.2005,1.1882,-0.1280,1.212
24.817287386,-0.1267,1.2099,-0.0724,1.219
24.818645001,-0.0598,1.2380,-0.0227,1.240
24.820713924,-0.0339,1.2709,0.0207,1.272
24.82317754,-0.0332,1.2998,0.1020,1.304
24.825591694,0.0179,1.3133,0.1739,1.325
24.828717924,0.0645,1.3271,0.2171,1.346
24.830291155,0.0897,1.3364,0.2289,1.359
24.832589001,0.1139,1.3250,0.2098,1.346
24.835540386,0.1444,1.2883,0.1580,1.306
24.837590463,0.1705,1.2326,0.0984,1.248
24.840024617,0.1857,1.1605,0.0393,1.176
24.842795155,0.1666,1.0872,-0.0166,1.100
24.844994847,0.1180,1.0242,-0.0703,1.033
24.847339694,0.0620,0.9741,-0.1074,0.982
24.84968954,0.0107,0.9455,-0.1270,0.954
24.852029232,-0.0488,0.9248,-0.1312,0.935
24.854383078,-0.1043,0.9064,-0.1332,0.922
24.856843155,-0.1494,0.8805,-0.1336,0.903
24.859738232,-0.1837,0.8539,-0.1425,0.885
24.866337847,-0.2095,0.8221,-0.1549,0.862
24.867532078,-0.2191,0.7906,-0.1705,0.838
24.867880078,-0.2173,0.7575,-0.1791,0.808
24.877546155,-0.2037,0.7210,-0.1766,0.770
24.878137309,-0.1834,0.6900,-0.1581,0.731
24.878288924,-0.1548,0.6604,-0.1339,0.691
24.878429847,-0.1169,0.6387,-0.1092,0.658
24.879012924,-0.0773,0.6191,-0.0889,0.630
24.88156654,-0.0370,0.6071,-0.0687,0.612
24.884051463,-0.0046,0.6062,-0.0530,0.609
24.885547694,0.0291,0.6162,-0.0454,0.619
24.888477232,0.0652,0.6292,-0.0396,0.634
24.890551463,0.0941,0.6536,-0.0344,0.661
24.892863771,0.1176,0.6839,-0.0293,0.695
24.89571054,0.1385,0.7205,-0.0284,0.734
24.897654232,0.1579,0.7591,-0.0307,0.776
24.900316617,0.1793,0.7974,-0.0263,0.818
24.902500078,0.2062,0.8307,-0.0249,0.856
24.904983771,0.2274,0.8661,-0.0288,0.896
24.907701232,0.2492,0.9023,-0.0398,0.937
24.909866771,0.2627,0.9431,-0.0666,0.981
24.912266847,0.2726,0.9797,-0.0965,1.022
24.914605309,0.2704,1.0117,-0.1295,1.055
24.917067771,0.2534,1.0484,-0.1637,1.091
24.919773617,0.2385,1.0816,-0.1935,1.124
24.922045309,0.2162,1.1083,-0.2250,1.151
24.924743463,0.1771,1.1351,-0.2465,1.175
24.927707386,0.1434,1.1544,-0.2726,1.195
24.929089001,0.1041,1.1723,-0.2932,1.213
24.931618232,0.0706,1.1769,-0.2849,1.213
24.933929001,0.0305,1.1794,-0.2621,1.209
24.937173924,-0.0232,1.1568,-0.2436,1.182
24.939370771,-0.0926,1.1288,-0.2226,1.154
24.941464694,-0.1634,1.0995,-0.1973,1.129
24.944046771,-0.2074,1.0667,-0.1542,1.098
24.945910155,-0.2452,1.0350,-0.1029,1.069
24.948713924,-0.2897,1.0079,-0.0517,1.050
24.950969232,-0.3414,0.9765,-0.0073,1.035
24.95332654,-0.3947,0.9523,0.0214,1.031
24.955693309,-0.4451,0.9231,0.0454,1.026
24.958392078,-0.4944,0.8915,0.0549,1.021
24.964167463,-0.5350,0.8637,0.0437,1.017
24.965038771,-0.5687,0.8327,0.0268,1.009
24.965645847,-0.6029,0.8048,0.0087,1.006
24.968565847,-0.6268,0.7831,-0.0095,1.003
24.979134155,-0.6428,0.7620,-0.0307,0.997
24.979931463,-0.6424,0.7410,-0.0552,0.982
24.980456078,-0.6265,0.7252,-0.0799,0.962
24.980780078,-0.5941,0.7107,-0.1131,0.933
24.981097232,-0.5482,0.6970,-0.1554,0.900
24.982485001,-0.4807,0.6905,-0.2033,0.866
24.986314232,-0.4001,0.6837,-0.2413,0.828
24.987054232,-0.3151,0.6870,-0.2667,0.802
24.989288924,-0.2337,0.7051,-0.2744,0.792
24.992028386,-0.1567,0.7193,-0.2623,0.782
24.994360078,-0.0791,0.7266,-0.2269,0.765
24.996740309,-0.0234,0.7286,-0.1854,0.752
24.999450232,0.0105,0.7179,-0.1532,0.734
25.001610463,0.0263,0.6885,-0.1329,0.702
25.003905232,0.0090,0.6523,-0.1446,0.668
25.006424001,-0.0421,0.6071,-0.1910,0.638
25.009132309,-0.1218,0.5517,-0.2614,0.623
25.011037924,-0.2247,0.4913,-0.3538,0.646
25.013720924,-0.3456,0.4328,-0.4427,0.709
25.016838463,-0.4693,0.3809,-0.5133,0.793
25.018826232,-0.5895,0.3333,-0.5529,0.874
25.020906463,-0.6994,0.3040,-0.5480,0.939
25.023724001,-0.7879,0.2888,-0.4979,0.976
25.026453617,-0.8508,0.2949,-0.4141,0.991
25.028084617,-0.8750,0.3194,-0.3259,0.987
25.030441617,-0.8816,0.3670,-0.2492,0.987
25.033166771,-0.8322,0.4330,-0.1805,0.955
25.036254463,-0.7595,0.5118,-0.1314,0.925
25.037737001,-0.6682,0.6003,-0.1065,0.905
25.040493232,-0.5814,0.6970,-0.0948,0.913
25.042929924,-0.5064,0.8085,-0.1046,0.960
25.04489854,-0.4507,0.9311,-0.1351,1.043
25.04727754,-0.4192,1.0720,-0.1759,1.164
25.04979754,-0.4260,1.2453,-0.2094,1.333
25.052078232,-0.4646,1.4484,-0.2313,1.539
25.054769001,-0.5313,1.6841,-0.2541,1.784
25.057351463,-0.6070,1.9348,-0.2849,2.048
25.063915155,-0.6673,2.1749,-0.2976,2.294
25.064794155,-0.6791,2.3929,-0.2699,2.502
25.065224078,-0.7213,2.5670,-0.2338,2.677
25.067536001,-0.7133,2.6827,-0.1339,2.779
25.075356078,-0.6620,2.7510,-0.0086,2.830
25.077477232,-0.5797,2.7787,0.0969,2.840
25.077979694,-0.4854,2.7720,0.1441,2.818
25.078334155,-0.3842,2.7363,0.1236,2.766
25.078801001,-0.2970,2.6863,0.0004,2.703
25.081908617,-0.2047,2.6487,-0.1712,2.662
25.084666155,-0.1084,2.6137,-0.3345,2.637
25.085672694,0.0037,2.5807,-0.4132,2.614
25.088392309,0.1304,2.5414,-0.3848,2.574
25.090707463,0.2688,2.4722,-0.2627,2.501
25.093117232,0.4002,2.3601,-0.1009,2.396
25.095546232,0.5211,2.1962,0.0390,2.258
25.098426771,0.6019,1.9821,0.1357,2.076
25.100843078,0.6611,1.7325,0.1385,1.859
25.103138463,0.7011,1.4576,0.0649,1.619
25.105558847,0.7036,1.1766,-0.0479,1.372
25.108146155,0.6457,0.9174,-0.1497,1.132
25.110453617,0.5131,0.7088,-0.2255,0.904
25.112831771,0.3286,0.5332,-0.3139,0.701
25.11529854,0.1085,0.3909,-0.3882,0.561
25.117791463,-0.1204,0.2868,-0.4158,0.519
25.119740001,-0.3479,0.2074,-0.3823,0.557
25.122076078,-0.5625,0.1654,-0.3410,0.678
25.125607771,-0.7634,0.1359,-0.2734,0.822
25.126901309,-0.9391,0.1165,-0.1959,0.966
25.129255386,-1.0900,0.1029,-0.1111,1.100
25.132709232,-1.2503,0.1016,-0.0281,1.255
25.135018771,-1.3752,0.1012,0.0368,1.379
25.13656154,-1.4724,0.1144,0.0773,1.479
25.139302155,-1.5313,0.1314,0.0917,1.540
25.14229754,-1.5476,0.1589,0.0962,1.559
25.143746155,-1.5208,0.1899,0.0905,1.535
25.146216078,-1.4683,0.2253,0.0586,1.487
25.149149001,-1.4003,0.2612,0.0002,1.424
25.151281924,-1.3180,0.3017,-0.0715,1.354
25.153597309,-1.2305,0.3457,-0.1461,1.286
25.156048078,-1.1573,0.3978,-0.2159,1.243
25.159007078,-1.0976,0.4564,-0.2734,1.220
25.16065354,-1.0607,0.5251,-0.3264,1.228
25.163251463,-1.0444,0.6042,-0.3782,1.264
25.165545847,-1.0595,0.6853,-0.4099,1.327
25.171075386,-1.0922,0.7682,-0.4224,1.401
25.171763386,-1.1509,0.8512,-0.4571,1.503
25.173911694,-1.2312,0.9443,-0.5091,1.633
25.184556694,-1.3058,1.0212,-0.5497,1.746
25.185405847,-1.3857,1.0943,-0.6189,1.871
25.185623463,-1.4555,1.1556,-0.6457,1.967
25.186128924,-1.4853,1.1789,-0.6716,2.012
25.18632554,-1.4592,1.1608,-0.6701,1.981
25.188022771,-1.3840,1.1063,-0.6310,1.881
25.190475078,-1.2738,1.0203,-0.5688,1.728
25.192435463,-1.1438,0.9323,-0.5018,1.559
25.194532617,-1.0153,0.8417,-0.4319,1.388
25.196983771,-0.8946,0.7477,-0.3620,1.221
25.199609617,-0.7810,0.6538,-0.3037,1.063
25.201600924,-0.6945,0.5570,-0.2585,0.927
25.204663463,-0.6230,0.4635,-0.2329,0.811
25.207183155,-0.5694,0.3692,-0.2169,0.712
25.209176694,-0.5394,0.2779,-0.2145,0.644
25.211485309,-0.5222,0.1789,-0.2091,0.590
25.213763463,-0.5257,0.0867,-0.2180,0.576
25.216289001,-0.5501,0.0003,-0.2621,0.609
25.218427694,-0.6021,-0.0854,-0.2876,0.673
25.221340001,-0.6762,-0.1653,-0.2851,0.752
25.224583078,-0.7556,-0.2475,-0.2956,0.848
25.225849232,-0.8496,-0.3265,-0.3366,0.970
25.228036001,-0.9386,-0.3847,-0.4132,1.095
25.232919155,-1.0048,-0.4257,-0.4828,1.193
25.233838232,-1.0497,-0.4499,-0.5355,1.261
25.235357001,-1.0509,-0.4636,-0.5518,1.274
25.238132924,-0.9950,-0.4802,-0.4884,1.208
25.241359771,-0.9093,-0.4841,-0.3486,1.087
25.242871386,-0.7839,-0.4780,-0.1388,0.929
25.24534654,-0.6432,-0.4772,0.0686,0.804
25.247508309,-0.5054,-0.4751,0.3337,0.770
25.250146232,-0.3640,-0.4660,0.6041,0.845
25.252412386,-0.2168,-0.4513,0.8469,0.984
25.255549232,-0.0896,-0.4113,1.0329,1.115
25.257849309,-0.0109,-0.3634,1.3341,1.383
25.259600617,0.0987,-0.3365,1.4450,1.487
25.261936386,0.1949,-0.3202,1.3500,1.401
25.264786463,0.2529,-0.2852,1.1248,1.188
25.270378232,0.3054,-0.2557,0.8518,0.940
25.271081309,0.3371,-0.2207,0.6000,0.723
25.27242154,0.3540,-0.1814,0.3761,0.547
25.284428694,0.3405,-0.1328,0.1765,0.406
25.285108001,0.3215,-0.0810,0.0615,0.337
25.285292617,0.2858,-0.0221,-0.0354,0.289
25.285708617,0.2595,0.0345,-0.1425,0.298
25.285902771,0.2224,0.1065,-0.1908,0.312
25.286076001,0.1935,0.1843,-0.2138,0.342
25.289434155,0.1446,0.2754,-0.2274,0.385
25.291635386,0.0889,0.3755,-0.2450,0.457
25.293338232,0.0075,0.4750,-0.2590,0.541
25.295535386,-0.0712,0.5705,-0.2663,0.634
25.29870554,-0.1482,0.6565,-0.3132,0.742
25.300480386,-0.2217,0.7179,-0.3613,0.834
25.302896617,-0.2965,0.7699,-0.3899,0.913
25.305416694,-0.3745,0.8148,-0.4009,0.982
25.307773309,-0.4436,0.8424,-0.3972,1.032
25.310215078,-0.5005,0.8691,-0.3748,1.071
25.31271454,-0.5599,0.8886,-0.3413,1.104
25.315545847,-0.6090,0.8987,-0.2921,1.124
25.31733054,-0.6500,0.9031,-0.2333,1.137
25.319801232,-0.6815,0.8966,-0.1651,1.138
25.323739694,-0.6813,0.8637,-0.1207,1.107
25.324763694,-0.7024,0.8566,-0.0293,1.108
25.327048694,-0.6982,0.8351,0.0349,1.089
25.330060078,-0.6896,0.8111,0.0896,1.068
25.332870463,-0.6679,0.7769,0.1416,1.034
25.334634771,-0.6366,0.7435,0.1732,0.994
25.337204694,-0.5967,0.7093,0.1812,0.944
25.339384001,-0.5330,0.6734,0.1700,0.875
25.341926771,-0.4583,0.6438,0.1795,0.810
25.344061924,-0.4047,0.6128,0.1555,0.751
25.347079155,-0.3121,0.6033,0.2386,0.720
25.349248924,-0.1939,0.6250,0.4380,0.787
25.351188386,-0.1103,0.6304,0.4309,0.772
25.353707463,-0.0465,0.6299,0.3713,0.733
25.35709354,-0.0270,0.6316,0.3165,0.707
25.358320078,0.0007,0.6362,0.2571,0.686
25.361047463,0.0154,0.6336,0.1729,0.657
25.363484924,0.0207,0.6289,0.1040,0.638
25.369429847,0.0086,0.6323,0.0427,0.634
25.370016694,-0.0129,0.6338,-0.0364,0.635
25.370864078,-0.0458,0.6401,-0.1067,0.651
25.379676001,-0.0889,0.6426,-0.1579,0.668
25.380553617,-0.1416,0.6499,-0.1966,0.694
25.380762771,-0.1993,0.6636,-0.2087,0.724
25.381089001,-0.2545,0.6697,-0.2323,0.753
25.383767771,-0.3132,0.6816,-0.2448,0.789
25.385621924,-0.3696,0.6865,-0.2629,0.823
25.387985924,-0.4197,0.6905,-0.2790,0.855
25.390424309,-0.4681,0.6924,-0.2834,0.883
25.396358232,-0.5137,0.6961,-0.2819,0.910
25.39666654,-0.5550,0.6988,-0.2832,0.936
25.397113232,-0.5772,0.6961,-0.2685,0.943
25.399273001,-0.6149,0.7139,-0.2392,0.972
25.401760309,-0.6383,0.7320,-0.2062,0.993
25.404368001,-0.6522,0.7491,-0.1784,1.009
25.406869309,-0.6623,0.7704,-0.1534,1.027
25.408940617,-0.6666,0.7969,-0.1336,1.048
25.411562463,-0.6798,0.8302,-0.1116,1.079
25.41442154,-0.6859,0.8630,-0.0889,1.106
25.416119771,-0.6984,0.9087,-0.0747,1.148
25.418785001,-0.7076,0.9531,-0.0657,1.189
25.42118154,-0.7104,0.9934,-0.0642,1.223
25.423514463,-0.7148,1.0313,-0.0706,1.257
25.425794155,-0.7204,1.0673,-0.0943,1.291
25.428643694,-0.6923,1.0708,-0.1407,1.283
25.43100254,-0.7390,1.1386,-0.1901,1.371
25.433074155,-0.7668,1.1752,-0.2565,1.427
25.435510847,-0.8052,1.2141,-0.3296,1.494
25.437981232,-0.8189,1.2145,-0.4165,1.523
25.440298232,-0.8799,1.2602,-0.4796,1.610
25.443223463,-0.9063,1.2721,-0.5378,1.652
25.445372694,-0.9440,1.2923,-0.5878,1.705
25.447643463,-0.9675,1.2830,-0.6247,1.724
25.450111155,-0.9955,1.2822,-0.6476,1.748
25.452465232,-1.0178,1.2856,-0.6536,1.765
25.457001309,-1.0465,1.2874,-0.6225,1.772
25.457632617,-1.0441,1.2663,-0.5858,1.743
25.459640001,-1.0363,1.2492,-0.5543,1.715
25.461929001,-1.0940,1.2822,-0.5115,1.761
25.464512617,-1.1687,1.3313,-0.4417,1.826
25.467020694,-1.2333,1.3616,-0.3606,1.872
25.469411694,-1.2752,1.3760,-0.3105,1.902
25.472614463,-1.3209,1.3902,-0.2726,1.937
25.474378463,-1.3556,1.3997,-0.2333,1.962
25.476716078,-1.3759,1.4100,-0.1861,1.979
25.479178463,-1.3771,1.4107,-0.1402,1.976
25.481438463,-1.3546,1.3936,-0.1097,1.947
25.484028078,-1.3095,1.3531,-0.0955,1.885
25.486454771,-1.2422,1.2986,-0.0904,1.799
25.489024078,-1.1726,1.2290,-0.1029,1.702
25.490954463,-1.1013,1.1444,-0.1167,1.593
25.493306847,-1.0275,1.0535,-0.1314,1.477
25.496973309,-0.9505,0.9576,-0.1526,1.358
25.498481001,-0.8750,0.8563,-0.1324,1.231
25.500764078,-0.7981,0.7584,-0.0850,1.104
25.503526463,-0.7267,0.6719,-0.0381,0.991
25.505852924,-0.6522,0.5915,0.0111,0.881
25.50810154,-0.5911,0.5227,0.0593,0.791
25.510476386,-0.5310,0.4662,0.1064,0.715
25.514064617,-0.4714,0.4244,0.1411,0.650
25.515488078,-0.4067,0.3892,0.1683,0.588
25.517482847,-0.3412,0.3718,0.1844,0.537
25.520064386,-0.2804,0.3636,0.1912,0.497
25.524920924,-0.2186,0.3667,0.1893,0.467
25.525854771,-0.1683,0.3758,0.1729,0.447
25.527413001,-0.1233,0.3895,0.1348,0.430
25.529600694,-0.0977,0.4070,0.0857,0.427
25.532405232,-0.0626,0.4344,0.0099,0.439
25.534373001,-0.0647,0.4515,-0.0405,0.458
25.536912078,-0.0693,0.4759,-0.0591,0.485
25.539076001,-0.0700,0.5048,-0.0613,0.513
25.541556694,-0.0977,0.5302,-0.0750,0.544
25.544324386,-0.1326,0.5534,-0.0782,0.574
25.546732001,-0.1683,0.5852,-0.0813,0.614
25.548779078,-0.2071,0.6164,-0.0860,0.656
25.552556617,-0.2452,0.6455,-0.0920,0.697
25.553995771,-0.2684,0.6724,-0.0948,0.730
25.559990771,-0.2941,0.6988,-0.0867,0.763
25.560659694,-0.3109,0.7359,-0.0764,0.803
25.560866771,-0.3214,0.7638,-0.0635,0.831
25.571836386,-0.3305,0.7934,-0.0584,0.861
25.572716001,-0.3295,0.8190,-0.0566,0.885
25.572876617,-0.3283,0.8542,-0.0554,0.917
25.573149232,-0.3241,0.8859,-0.0525,0.945
25.573400924,-0.3104,0.9225,-0.0547,0.975
25.575261924,-0.2918,0.9614,-0.0589,1.006
25.579043463,-0.2664,0.9958,-0.0675,1.033
25.580905309,-0.2357,1.0293,-0.0811,1.059
25.582705001,-0.2049,1.0575,-0.0894,1.081
25.585353924,-0.1690,1.0846,-0.0982,1.102
25.589009924,-0.1367,1.1041,-0.1043,1.117
25.589962232,-0.1038,1.1141,-0.1067,1.124
25.592677617,-0.0686,1.1175,-0.1080,1.125
25.594889232,-0.0302,1.1165,-0.1046,1.122
25.597248309,0.0039,1.1102,-0.1046,1.115
25.599833847,0.0344,1.0978,-0.0982,1.103
25.602401847,0.0589,1.0826,-0.0938,1.088
25.604464694,0.0708,1.0627,-0.0899,1.069
25.60696554,0.0715,1.0389,-0.0818,1.045
25.609726847,0.0643,1.0122,-0.0743,1.017
25.612357924,0.0368,0.9870,-0.0699,0.990
25.614778463,-0.0004,0.9648,-0.0645,0.967
25.616791386,-0.0473,0.9473,-0.0569,0.950
25.619071694,-0.0998,0.9301,-0.0489,0.937
25.621673232,-0.1570,0.9208,-0.0424,0.935
25.623681232,-0.2152,0.9089,-0.0384,0.935
25.626328694,-0.2657,0.8989,-0.0347,0.938
25.629029924,-0.3134,0.8898,-0.0286,0.944
25.630888309,-0.3510,0.8889,-0.0219,0.956
25.633460617,-0.3877,0.8833,-0.0130,0.965
25.635881001,-0.4094,0.8845,-0.0012,0.975
25.638254155,-0.4250,0.8896,-0.0086,0.986
25.640686847,-0.4409,0.9101,-0.0403,1.012
25.643347771,-0.4485,0.9390,-0.0804,1.044
25.645630847,-0.4544,0.9607,-0.0957,1.067
25.647979386,-0.4499,0.9700,-0.0731,1.072
25.650789001,-0.4387,0.9621,-0.0752,1.060
25.652675771,-0.4378,0.9326,-0.2455,1.059
25.655172924,-0.4360,0.8756,-0.4698,1.085
25.657433617,-0.4248,0.8078,-0.7703,1.194
25.660039386,-0.4038,0.7498,-1.1468,1.428
25.666473309,-0.3491,0.7340,-1.4768,1.686
25.667754771,-0.2464,0.7659,-1.5534,1.749
25.668046771,-0.1262,0.8288,-1.3132,1.558
25.669719463,-0.0204,0.9220,-0.7875,1.213
25.677862232,0.0574,1.0538,-0.1661,1.068
25.678624617,0.1160,1.1996,0.2506,1.231
25.678874155,0.1417,1.3245,0.5447,1.439
25.679422771,0.1111,1.4217,0.7121,1.594
25.682342232,0.0684,1.4708,0.7968,1.674
25.684544617,0.0286,1.5199,0.7952,1.716
25.687092078,0.0086,1.5348,0.6864,1.681
25.689534771,0.0520,1.5162,0.4206,1.574
25.691714771,0.1521,1.4762,0.0021,1.484
25.693747155,0.3068,1.4642,-0.3335,1.533
25.696332924,0.4579,1.5241,-0.5318,1.678
25.69839854,0.5443,1.6643,-0.6386,1.864
25.700952924,0.6068,1.8470,-0.5472,2.020
25.703289232,0.6464,2.0620,-0.2042,2.171
25.705547386,0.6536,2.3159,0.1131,2.409
25.708723771,0.5660,2.5629,0.1695,2.630
25.71165354,0.4766,2.7419,-0.0063,2.783
25.712899771,0.4293,2.8516,-0.3286,2.902
25.715331771,0.3005,2.8507,-0.8822,2.999
25.718167386,0.2438,2.7545,-1.2105,3.019
25.720337617,0.2927,2.6152,-1.1211,2.860
25.722704078,0.3836,2.4874,-0.7044,2.614
25.725170847,0.6375,2.3706,0.0248,2.455
25.728442771,0.8248,2.3450,0.8010,2.612
25.730375155,0.9033,2.3962,1.5615,2.999
25.732336001,0.8968,2.5001,2.1685,3.429
25.734730771,0.7589,2.6064,2.4555,3.660
25.737335078,0.5480,2.6564,2.3388,3.581
25.739656694,0.3857,2.6091,1.8743,3.236
25.742181309,0.2797,2.4668,1.2268,2.769
25.744902847,0.2226,2.2624,0.8186,2.416
25.748127771,0.1942,2.0359,0.4248,2.089
25.749100309,0.1964,1.8106,-0.0498,1.822
25.75176654,0.1933,1.5959,-0.2462,1.626
25.753892617,0.1942,1.4078,-0.2711,1.447
25.756722232,0.1891,1.2514,-0.2670,1.293
25.759085847,0.1833,1.0902,-0.2595,1.136
25.761320924,0.2280,0.9404,-0.2343,0.996
25.763777232,0.2814,0.8151,-0.2245,0.891
25.76625854,0.3405,0.7100,-0.2680,0.832
25.773255463,0.3508,0.6367,-0.4229,0.841
25.773929617,0.3054,0.5800,-0.5714,0.870
25.774305847,0.1961,0.5449,-0.6567,0.876
25.775880386,0.0645,0.5426,-0.6633,0.859
25.785849924,-0.0681,0.5566,-0.6291,0.843
25.78658154,-0.2301,0.5982,-0.5688,0.857
25.787143463,-0.3617,0.6262,-0.6645,0.982
25.787500386,-0.4637,0.6392,-0.7461,1.086
25.788287155,-0.6437,0.6783,-0.7393,1.192
25.789991155,-0.7971,0.7130,-0.8541,1.369
25.792552309,-0.9710,0.7547,-0.8365,1.487
25.794905924,-1.0888,0.7867,-0.8285,1.578
25.79738254,-1.2371,0.8332,-0.8060,1.695
25.79992154,-1.4077,0.8789,-0.7608,1.826
25.802291155,-1.5923,0.9355,-0.6995,1.975
25.804643694,-1.7854,0.9946,-0.6096,2.133
25.807267694,-1.9733,1.0511,-0.5013,2.291
25.810372924,-2.1415,1.0997,-0.4039,2.441
25.811742463,-2.2410,1.1268,-0.3173,2.528
25.814352386,-2.2889,1.1295,-0.2827,2.568
25.817320617,-2.2796,1.1132,-0.2841,2.553
25.819803386,-2.2168,1.0850,-0.3142,2.488
25.82149054,-2.0868,1.0447,-0.3628,2.362
25.824068924,-1.9295,1.0042,-0.4031,2.212
25.827722155,-1.7756,0.9660,-0.4270,2.066
25.828637924,-1.6288,0.9372,-0.4346,1.929
25.831131694,-1.4829,0.9262,-0.4132,1.797
25.833674155,-1.3378,0.9241,-0.3638,1.666
25.836085001,-1.2026,0.9252,-0.3044,1.548
25.838528078,-1.0703,0.9326,-0.2438,1.440
25.840917848,-0.9379,0.9404,-0.1742,1.340
25.843670848,-0.8184,0.9441,-0.1421,1.257
25.845583155,-0.7089,0.9446,-0.1195,1.187
25.848220924,-0.6092,0.9392,-0.1009,1.124
25.850476078,-0.5156,0.9360,-0.0948,1.073
25.852800078,-0.4290,0.9341,-0.1029,1.033
25.855387463,-0.3542,0.9350,-0.1134,1.006
25.857738771,-0.2831,0.9429,-0.1381,0.994
25.863883694,-0.2244,0.9523,-0.1673,0.993
25.864642463,-0.1776,0.9616,-0.1913,0.996
25.86505354,-0.1389,0.9781,-0.2066,1.009
25.867401001,-0.1071,0.9961,-0.2180,1.025
25.873894463,-0.0871,1.0140,-0.2131,1.040
25.874531155,-0.0703,1.0249,-0.2110,1.049
25.874822848,-0.0570,1.0361,-0.2087,1.058
25.882132001,-0.0353,1.0389,-0.2035,1.059
25.883058463,-0.0195,1.0418,-0.1989,1.061
25.883318463,-0.0202,1.0550,-0.1509,1.066
25.884042771,-0.0272,1.0745,-0.1087,1.080
25.886435694,-0.0383,1.0875,-0.0815,1.091
25.888882848,-0.0463,1.0890,-0.0747,1.093
25.891522463,-0.0576,1.0914,-0.0818,1.096
25.893860309,-0.0639,1.0792,-0.0913,1.085
25.896346463,-0.0728,1.0694,-0.0989,1.076
25.898789617,-0.0766,1.0447,-0.0969,1.052
25.901730232,-0.0810,1.0205,-0.1050,1.029
25.903832924,-0.0901,0.9963,-0.1185,1.007
25.905888309,-0.0971,0.9749,-0.1314,0.988
25.908180078,-0.1047,0.9514,-0.1476,0.968
25.910680617,-0.1138,0.9292,-0.1644,0.950
25.913058463,-0.1275,0.9087,-0.1766,0.934
25.915636386,-0.1360,0.8952,-0.1761,0.922
25.918052001,-0.1472,0.8810,-0.1793,0.911
25.920356309,-0.1587,0.8684,-0.1707,0.899
25.922673001,-0.1719,0.8586,-0.1649,0.891
25.925569848,-0.1856,0.8519,-0.1546,0.886
25.927338155,-0.1917,0.8473,-0.1497,0.882
25.929869309,-0.2022,0.8446,-0.1461,0.881
25.93218654,-0.2140,0.8409,-0.1509,0.881
25.93473354,-0.2240,0.8388,-0.1556,0.882
25.937244386,-0.2369,0.8424,-0.1637,0.890
25.939566155,-0.2447,0.8390,-0.1766,0.892
25.942318155,-0.2508,0.8383,-0.1886,0.895
25.944619463,-0.2526,0.8346,-0.1964,0.894
25.946768694,-0.2545,0.8341,-0.2020,0.895
25.949143771,-0.2587,0.8332,-0.2035,0.896
25.952057848,-0.2559,0.8319,-0.1996,0.893
25.954155771,-0.2489,0.8297,-0.1949,0.888
25.956470771,-0.2354,0.8285,-0.1937,0.883
25.959149617,-0.2222,0.8293,-0.1889,0.879
25.961299155,-0.2037,0.8281,-0.1844,0.872
25.963784924,-0.1858,0.8332,-0.1715,0.871
25.966158463,-0.1624,0.8374,-0.1612,0.868
25.971748001,-0.1348,0.8395,-0.1521,0.864
25.972540309,-0.1091,0.8419,-0.1416,0.861
25.973532694,-0.0840,0.8463,-0.1288,0.860
25.983292386,-0.0537,0.8468,-0.1221,0.857
25.984201617,-0.0234,0.8490,-0.1275,0.859
25.98437054,0.0051,0.8490,-0.1172,0.857
25.984524694,0.0303,0.8502,-0.1121,0.858
25.985370771,0.0564,0.8522,-0.1170,0.862
25.987762848,0.0813,0.8547,-0.1265,0.868
25.990567771,0.1048,0.8537,-0.1353,0.871
25.992801924,0.1329,0.8586,-0.1421,0.880
25.994980078,0.1583,0.8563,-0.1458,0.883
25.997376078,0.1812,0.8563,-0.1453,0.887
26.000724694,0.2013,0.8591,-0.1390,0.893
26.002238463,0.2224,0.8612,-0.1319,0.899
26.005470771,0.2431,0.8644,-0.1290,0.907
26.007326771,0.2555,0.8663,-0.1304,0.913
26.009523155,0.2595,0.8671,-0.1451,0.917
26.012073309,0.2646,0.8696,-0.1493,0.921
26.014524001,0.2723,0.8730,-0.1563,0.928
26.016997848,0.2760,0.8817,-0.1624,0.938
26.01915454,0.2741,0.8917,-0.1632,0.947
26.021607155,0.2676,0.9043,-0.1624,0.957
26.025200617,0.2583,0.9196,-0.1534,0.967
26.026473309,0.2446,0.9350,-0.1461,0.977
26.028790463,0.2257,0.9509,-0.1378,0.987
26.031825848,0.2013,0.9658,-0.1290,0.995
26.033880694,0.1737,0.9729,-0.1307,0.997
26.036109309,0.1388,0.9795,-0.1453,1.000
26.038483078,0.1018,0.9746,-0.1570,0.992
26.041481848,0.0613,0.9707,-0.1637,0.986
26.043270771,0.0168,0.9639,-0.1537,0.976
26.045783078,-0.0363,0.9570,-0.1419,0.968
26.048313309,-0.0864,0.9426,-0.1239,0.955
26.050620924,-0.1413,0.9341,-0.0936,0.949
26.053005232,-0.1888,0.9182,-0.0571,0.939
26.055524386,-0.2330,0.9055,-0.0225,0.935
26.062645001,-0.2753,0.8938,0.0067,0.935
26.063257924,-0.3134,0.8803,0.0253,0.935
26.063606463,-0.3458,0.8671,0.0324,0.934
26.065154463,-0.3733,0.8586,0.0316,0.937
26.072190771,-0.3977,0.8461,0.0241,0.935
26.072734771,-0.4128,0.8339,0.0204,0.931
26.072889001,-0.4257,0.8185,0.0146,0.923
26.080547386,-0.4324,0.8060,0.0014,0.915
26.081046232,-0.4318,0.7926,-0.0132,0.903
26.081233617,-0.4329,0.7794,-0.0319,0.892
26.083793001,-0.4257,0.7682,-0.0449,0.879
26.084548386,-0.4220,0.7566,-0.0669,0.869
26.086766771,-0.4180,0.7484,-0.0840,0.861
26.089535694,-0.4174,0.7384,-0.1009,0.854
26.091845232,-0.4218,0.7354,-0.1207,0.856
26.094165232,-0.4197,0.7398,-0.1373,0.862
26.096684309,-0.4160,0.7518,-0.1549,0.873
26.100105924,-0.4067,0.7699,-0.1776,0.889
26.101225309,-0.3952,0.7924,-0.1947,0.907
26.103631386,-0.3798,0.8146,-0.2050,0.922
26.106195694,-0.3632,0.8458,-0.2164,0.946
26.108576078,-0.3468,0.8784,-0.2318,0.972
26.110943771,-0.3365,0.9148,-0.2583,1.008
26.114498463,-0.3302,0.9523,-0.2807,1.046
26.116688924,-0.3272,0.9939,-0.3088,1.091
26.118086232,-0.3241,1.0361,-0.3430,1.139
26.120794155,-0.3293,1.0855,-0.3640,1.191
26.123644924,-0.3444,1.1386,-0.3792,1.248
26.125473924,-0.3566,1.1874,-0.3972,1.302
26.127883771,-0.3722,1.2294,-0.4114,1.349
26.130664078,-0.3842,1.2675,-0.4183,1.389
26.132787463,-0.3850,1.2923,-0.4200,1.412
26.135768617,-0.3857,1.3093,-0.4109,1.425
26.137806155,-0.3842,1.3186,-0.4027,1.431
26.141037617,-0.3715,1.3181,-0.3936,1.425
26.142225848,-0.3488,1.3071,-0.3743,1.404
26.144606848,-0.3168,1.2879,-0.3403,1.369
26.149168001,-0.2743,1.2578,-0.2988,1.322
26.150194155,-0.2228,1.2045,-0.2651,1.253
26.152355694,-0.1690,1.1293,-0.2394,1.167
26.154455463,-0.1262,1.0301,-0.2066,1.058
26.157901848,-0.1031,0.9174,-0.1859,0.942
26.159453232,-0.1101,0.7943,-0.1844,0.823
26.161605617,-0.1490,0.6699,-0.2040,0.716
26.164097924,-0.2022,0.5576,-0.2355,0.638
26.172054463,-0.3090,0.4474,-0.2702,0.607
26.172807771,-0.4854,0.3658,-0.2778,0.668
26.173270155,-0.6840,0.3061,-0.2680,0.796
26.173845617,-0.8669,0.2632,-0.2499,0.940
26.176557001,-1.0339,0.2444,-0.2276,1.086
26.179057617,-1.1795,0.2429,-0.2038,1.221
26.181078463,-1.3041,0.2649,-0.1776,1.343
26.183734771,-1.3698,0.3122,-0.1627,1.414
26.185637617,-1.3779,0.3902,-0.1495,1.440
26.188499386,-1.3204,0.5055,-0.1373,1.421
26.19106654,-1.2056,0.6567,-0.1267,1.379
26.195410463,-1.0639,0.8365,-0.1131,1.358
26.195753001,-0.9254,1.0261,-0.0899,1.385
26.198670232,-0.7984,1.2089,-0.0659,1.450
26.200021001,-0.6750,1.3690,-0.0342,1.527
26.202685848,-0.5492,1.4874,-0.0191,1.586
26.205187694,-0.4602,1.5871,0.0232,1.653
26.207714232,-0.3877,1.6533,0.0488,1.699
26.209765848,-0.3293,1.6760,0.0449,1.709
26.212414232,-0.2914,1.6646,0.0173,1.690
26.215041232,-0.2789,1.6331,-0.0168,1.657
26.217116924,-0.3011,1.5977,-0.0584,1.627
26.219627463,-0.3535,1.5649,-0.0969,1.607
26.222170848,-0.4324,1.5497,-0.1360,1.615
26.224290155,-0.5203,1.5529,-0.1889,1.649
26.226737617,-0.6058,1.5735,-0.2583,1.706
26.229886771,-0.6808,1.6166,-0.3247,1.784
26.232354848,-0.7402,1.6748,-0.3613,1.866
26.234029309,-0.7725,1.7466,-0.3587,1.943
26.236983694,-0.7835,1.8223,-0.3300,2.011
26.240217001,-0.7717,1.9010,-0.2834,2.071
26.241238155,-0.7390,1.9716,-0.2418,2.119
26.244019463,-0.7008,2.0203,-0.2145,2.149
26.246211078,-0.6586,2.0522,-0.1917,2.164
26.248507155,-0.6075,2.0689,-0.1754,2.163
26.251232694,-0.5540,2.0664,-0.1639,2.146
26.253427155,-0.5032,2.0440,-0.1630,2.111
26.25661454,-0.4668,2.0044,-0.1659,2.065
26.258213232,-0.4370,1.9406,-0.1759,1.997
26.260535463,-0.4167,1.8586,-0.1796,1.913
26.262987694,-0.4076,1.7650,-0.1798,1.820
26.269026232,-0.4174,1.6526,-0.1864,1.715
26.269730771,-0.4499,1.5460,-0.1732,1.619
26.270375386,-0.4817,1.4212,-0.1598,1.509
26.280411155,-0.5137,1.2993,-0.1329,1.403
26.281084694,-0.5450,1.1769,-0.1174,1.302
26.281583463,-0.5726,1.0662,-0.1370,1.218
26.281778848,-0.6058,0.9744,-0.1614,1.159
26.282107463,-0.6317,0.8891,-0.1747,1.105
26.285366232,-0.6530,0.8132,-0.1612,1.055
26.28746954,-0.6757,0.7420,-0.1207,1.011
26.290494463,-0.7055,0.6812,-0.0706,0.983
26.292123155,-0.7383,0.6277,-0.0528,0.970
26.294349001,-0.7688,0.5805,-0.0852,0.967
26.297202463,-0.7944,0.5290,-0.1319,0.963
26.298787155,-0.8189,0.4833,-0.1910,0.970
26.301372617,-0.8250,0.4300,-0.2472,0.963
26.304470232,-0.8247,0.3799,-0.2905,0.953
26.306683463,-0.8191,0.3323,-0.3100,0.937
26.308823771,-0.8173,0.2800,-0.3100,0.918
26.311634155,-0.8289,0.2267,-0.3081,0.913
26.313474232,-0.8496,0.1796,-0.3147,0.924
26.31610954,-0.8827,0.1349,-0.3032,0.943
26.318526771,-0.9139,0.0921,-0.2739,0.958
26.320841309,-0.9525,0.0511,-0.2457,0.985
26.323083463,-0.9994,0.0108,-0.2292,1.025
26.325551155,-1.0409,-0.0372,-0.2189,1.064
26.328214155,-1.0700,-0.0827,-0.2082,1.093
26.330842771,-1.0903,-0.1266,-0.2162,1.119
26.332829309,-1.0984,-0.1721,-0.2445,1.138
26.335481309,-1.0910,-0.2173,-0.2778,1.147
26.337609001,-1.0661,-0.2659,-0.2983,1.139
26.340205848,-1.0272,-0.3165,-0.2925,1.114
26.34375354,-0.9764,-0.3670,-0.2570,1.074
26.345457924,-0.9041,-0.4105,-0.1644,1.006
26.347961924,-0.8433,-0.4658,-0.0601,0.965
26.350497617,-0.7637,-0.5175,0.0720,0.925
26.352644078,-0.6615,-0.5601,0.2103,0.892
26.355575386,-0.5506,-0.6055,0.3029,0.873
26.356786463,-0.4365,-0.6388,0.3576,0.852
26.360664309,-0.3183,-0.6695,0.3779,0.832
26.36169354,-0.2056,-0.6732,0.3684,0.794
26.367436309,-0.1155,-0.6539,0.3486,0.750
26.368238155,-0.0407,-0.6297,0.3100,0.703
26.36903454,0.0188,-0.5960,0.2464,0.645
26.382712386,0.0796,-0.5510,0.1819,0.586
26.383480386,0.1172,-0.5021,0.1028,0.526
26.384003694,0.1532,-0.4469,0.0446,0.475
26.384159694,0.1889,-0.3876,-0.0017,0.431
26.384520001,0.2115,-0.3234,-0.0606,0.391
26.384690848,0.2406,-0.2635,-0.1381,0.383
26.38679854,0.2621,-0.1965,-0.1304,0.353
26.390051771,0.2672,-0.1291,-0.1272,0.323
26.390712001,0.2567,-0.0536,-0.1258,0.291
26.392869617,0.2320,0.0375,-0.1073,0.258
26.396153617,0.1996,0.1359,-0.0899,0.258
26.401439463,0.1414,0.2583,-0.0780,0.305
26.401771155,0.0638,0.3706,-0.0908,0.387
26.403117617,-0.0053,0.4571,-0.1725,0.489
26.405112924,-0.0588,0.5219,-0.2413,0.578
26.407470463,-0.1275,0.5854,-0.2404,0.646
26.409919078,-0.2032,0.6421,-0.2670,0.725
26.41249754,-0.2733,0.6888,-0.2932,0.797
26.414673232,-0.3390,0.7266,-0.2949,0.854
26.417052386,-0.3935,0.7564,-0.2990,0.904
26.419525924,-0.4451,0.7755,-0.3056,0.945
26.421868617,-0.4917,0.7913,-0.2970,0.978
26.424402463,-0.5273,0.7994,-0.2819,0.998
26.42706154,-0.5580,0.8011,-0.2580,1.010
26.429567155,-0.5729,0.7918,-0.2445,1.007
26.431668386,-0.5848,0.7865,-0.1859,0.998
26.434663694,-0.6053,0.7936,-0.1185,1.005
26.436575078,-0.6114,0.7894,-0.0654,1.001
26.438923386,-0.6221,0.7838,-0.0017,1.001
26.441199694,-0.6158,0.7696,0.0397,0.986
26.443906155,-0.6100,0.7594,0.0544,0.976
26.446243386,-0.5818,0.7433,0.0370,0.945
26.448502155,-0.5447,0.7298,0.0223,0.911
26.451247386,-0.4971,0.7161,0.0419,0.873
26.454696078,-0.4416,0.7171,0.0975,0.848
26.455587694,-0.3979,0.7240,0.1345,0.837
26.458054771,-0.3581,0.7296,0.1553,0.827
26.460739155,-0.2645,0.7620,0.4092,0.904
26.463107078,-0.2459,0.7848,0.3398,0.890
26.465478771,-0.2071,0.7938,0.2699,0.864
26.467903386,-0.2054,0.7999,0.1863,0.847
26.474168694,-0.2184,0.7969,0.0781,0.830
26.474884617,-0.2240,0.8016,-0.0014,0.832
26.475520309,-0.2301,0.8031,-0.0885,0.840
26.47751454,-0.2459,0.8114,-0.1341,0.858
26.483997309,-0.2657,0.8327,-0.1412,0.885
26.484429848,-0.2862,0.8502,-0.1486,0.909
26.485385232,-0.3168,0.8693,-0.1651,0.940
26.491537848,-0.3624,0.8940,-0.1798,0.981
26.49185054,-0.4138,0.9148,-0.2033,1.024
26.492234463,-0.4673,0.9282,-0.2269,1.064
26.495408694,-0.5198,0.9338,-0.2455,1.097
26.49698654,-0.5799,0.9382,-0.2653,1.134
26.49903754,-0.6395,0.9414,-0.2917,1.175
26.502037848,-0.6959,0.9414,-0.3073,1.210
26.504551078,-0.7432,0.9416,-0.3200,1.242
26.506240694,-0.7826,0.9348,-0.3328,1.264
26.509000617,-0.8152,0.9238,-0.3381,1.278
26.511552386,-0.8436,0.9211,-0.3554,1.299
26.513495386,-0.8513,0.9143,-0.3608,1.300
26.516217848,-0.8576,0.9082,-0.3482,1.297
26.518729232,-0.8516,0.9040,-0.3249,1.284
26.521592617,-0.8504,0.9133,-0.2804,1.279
26.523320309,-0.8415,0.9216,-0.2369,1.270
26.526203078,-0.8257,0.9418,-0.1964,1.268
26.528963078,-0.8264,0.9821,-0.1568,1.293
26.530899078,-0.8040,1.0179,-0.1199,1.303
26.533735463,-0.7651,1.0499,-0.0943,1.303
26.535359463,-0.7343,1.0834,-0.0869,1.312
26.537780078,-0.7080,1.1136,-0.0972,1.323
26.540257001,-0.6845,1.1414,-0.1195,1.336
26.543352617,-0.6791,1.1701,-0.1358,1.360
26.545388309,-0.6708,1.1910,-0.1497,1.375
26.547348309,-0.6926,1.1852,-0.2106,1.389
26.550025617,-0.6884,1.2011,-0.2445,1.406
26.552417232,-0.6952,1.2133,-0.2646,1.423
26.554649001,-0.7073,1.2108,-0.2888,1.432
26.557825232,-0.7162,1.1835,-0.3259,1.421
26.559945001,-0.7472,1.1791,-0.3361,1.436
26.562465617,-0.8037,1.1749,-0.3398,1.463
26.564207386,-0.8702,1.1810,-0.3457,1.507
26.566918848,-0.8929,1.1644,-0.3225,1.502
26.574171771,-0.8907,1.1483,-0.3354,1.491
26.574925001,-0.8819,1.1200,-0.2231,1.443
26.575276924,-0.8799,1.0980,-0.1881,1.420
26.576700617,-0.8739,1.0755,-0.1793,1.397
26.586437848,-0.8665,1.0557,-0.1388,1.373
26.587161617,-0.8585,1.0422,-0.1085,1.355
26.587652694,-0.8625,1.0364,-0.0933,1.352
26.588116386,-0.8655,1.0303,-0.0894,1.349
26.588548924,-0.8729,1.0298,-0.0864,1.353
26.591404078,-0.8829,1.0259,-0.0855,1.356
26.593572001,-0.8907,1.0159,-0.0848,1.354
26.595801848,-0.8902,1.0005,-0.0862,1.342
26.598727771,-0.8827,0.9825,-0.0828,1.323
26.602570232,-0.8653,0.9621,-0.0838,1.297
26.603118771,-0.8357,0.9299,-0.0845,1.253
26.605093232,-0.7900,0.8884,-0.0796,1.191
26.607891078,-0.7497,0.8473,-0.0718,1.134
26.611073924,-0.7052,0.8043,-0.0687,1.072
26.612532386,-0.6500,0.7611,-0.0635,1.003
26.615230155,-0.5943,0.7191,-0.0635,0.935
26.617446848,-0.5384,0.6812,-0.0569,0.870
26.619823386,-0.4805,0.6506,-0.0479,0.810
26.622262232,-0.4265,0.6147,-0.0377,0.749
26.624717232,-0.3757,0.5942,-0.0212,0.703
26.627591771,-0.3305,0.5735,-0.0012,0.662
26.629403155,-0.2836,0.5583,0.0058,0.626
26.631864617,-0.2398,0.5517,0.0050,0.602
26.63431754,-0.2002,0.5512,-0.0032,0.586
26.636938848,-0.1653,0.5551,-0.0173,0.579
26.638931155,-0.1374,0.5619,-0.0381,0.580
26.641971386,-0.1101,0.5739,-0.0569,0.587
26.644082848,-0.0861,0.5925,-0.0792,0.604
26.646412078,-0.0691,0.6157,-0.0953,0.627
26.649014232,-0.0419,0.6413,-0.1106,0.652
26.651405232,-0.0326,0.6692,-0.1202,0.681
26.653623155,-0.0351,0.6921,-0.1332,0.706
26.656014848,-0.0337,0.7205,-0.1490,0.737
26.658431155,-0.0412,0.7496,-0.1568,0.767
26.660895386,-0.0534,0.7806,-0.1666,0.800
26.663193924,-0.0693,0.8167,-0.1715,0.837
26.665497001,-0.0947,0.8470,-0.1730,0.870
26.672418771,-0.1150,0.8766,-0.1820,0.903
26.673121924,-0.1404,0.9087,-0.1663,0.934
26.673484001,-0.1653,0.9387,-0.1397,0.963
26.676082771,-0.1814,0.9646,-0.1270,0.990
26.685036001,-0.1956,0.9851,-0.1258,1.012
26.686003463,-0.2037,0.9986,-0.1332,1.028
26.686695463,-0.2083,1.0105,-0.1514,1.043
26.687125001,-0.2095,1.0135,-0.1617,1.047
26.687513001,-0.2054,1.0144,-0.1551,1.047
26.690396386,-0.2002,1.0156,-0.1432,1.045
26.69224254,-0.1902,1.0086,-0.1292,1.034
26.694469001,-0.1768,0.9926,-0.1192,1.015
26.697013924,-0.1611,0.9758,-0.1062,0.995
26.699956924,-0.1441,0.9560,-0.0955,0.972
26.70231454,-0.1306,0.9289,-0.0882,0.942
26.703986232,-0.1206,0.9059,-0.0864,0.918
26.706848617,-0.1155,0.8828,-0.0911,0.895
26.709787463,-0.1150,0.8598,-0.0929,0.872
26.71138154,-0.1123,0.8412,-0.0931,0.854
26.714208309,-0.1155,0.8268,-0.0864,0.839
26.71664154,-0.1174,0.8074,-0.0813,0.820
26.718962848,-0.1220,0.7913,-0.0740,0.804
26.721079463,-0.1252,0.7755,-0.0669,0.788
26.723603771,-0.1287,0.7657,-0.0631,0.779
26.726516617,-0.1264,0.7518,-0.0550,0.764
26.72899854,-0.1245,0.7415,-0.0442,0.753
26.730951694,-0.1201,0.7315,-0.0328,0.742
26.733316309,-0.1164,0.7237,-0.0195,0.733
26.735824078,-0.1103,0.7203,-0.0065,0.729
26.738072078,-0.1069,0.7186,0.0018,0.726
26.740580001,-0.0986,0.7215,0.0107,0.728
26.743476924,-0.0893,0.7284,0.0160,0.734
26.745282848,-0.0859,0.7345,0.0219,0.740
26.747699771,-0.0825,0.7471,0.0212,0.752
26.750081309,-0.0759,0.7594,0.0119,0.763
26.752763771,-0.0779,0.7755,0.0009,0.779
26.755654848,-0.0812,0.7901,-0.0198,0.795
26.757349848,-0.0871,0.8078,-0.0359,0.813
26.76291054,-0.0964,0.8253,-0.0303,0.831
26.76400954,-0.1015,0.8414,-0.0274,0.848
26.764780309,-0.1079,0.8566,-0.0276,0.864
26.772456309,-0.1187,0.8696,-0.0293,0.878
26.772792694,-0.1248,0.8866,-0.0347,0.896
26.773075078,-0.1350,0.8998,-0.0466,0.911
26.774085848,-0.1462,0.9094,-0.0557,0.923
26.780464924,-0.1602,0.9204,-0.0613,0.936
26.781192924,-0.1719,0.9301,-0.0669,0.948
26.781582848,-0.1785,0.9387,-0.0718,0.958
26.784964001,-0.1890,0.9492,-0.0662,0.970
26.785925617,-0.2107,0.9753,-0.0711,1.000
26.788604386,-0.2401,1.0051,-0.0948,1.038
26.792755155,-0.2638,1.0240,-0.1219,1.064
26.793524001,-0.2794,1.0361,-0.1216,1.080
26.795980924,-0.2882,1.0338,-0.1575,1.085
26.798971771,-0.3078,1.0237,-0.2827,1.106
26.801039463,-0.3581,1.0027,-0.5213,1.185
26.803079386,-0.4544,1.0007,-0.9428,1.448
26.806201309,-0.5809,1.0247,-1.4432,1.863
26.809210848,-0.6664,1.0741,-1.5688,2.015
26.810287078,-0.6742,1.1495,-1.2315,1.815
26.813265001,-0.6630,1.2160,-0.6738,1.540
26.815265848,-0.5990,1.2700,-0.2800,1.432
26.817765617,-0.4152,1.2961,0.1385,1.368
26.819908617,-0.2671,1.2783,0.2079,1.322
26.823118155,-0.2147,1.2353,0.0903,1.257
26.82605854,-0.3419,1.3019,0.1875,1.359
26.827202771,-0.5325,1.4356,0.7509,1.705
26.82977054,-0.5811,1.5109,1.3378,2.100
26.832201309,-0.3488,1.4559,1.4260,2.068
26.835163694,0.0102,1.3477,0.9980,1.677
26.837213617,0.4048,1.2854,0.6256,1.486
26.839463771,0.7992,1.2685,0.2946,1.528
26.842400078,1.1258,1.3338,0.2466,1.763
26.843928001,1.2553,1.4708,0.5147,2.001
26.846661848,1.0645,1.6914,0.5880,2.083
26.849232617,0.7468,1.9292,0.3498,2.098
26.851575694,0.4486,2.1451,-0.1656,2.198
26.853911155,0.1898,2.2988,-0.8730,2.466
26.856956924,-0.0722,2.3873,-1.6088,2.880
26.86328554,-0.2865,2.4144,-2.0899,3.206
26.86431454,-0.3591,2.3809,-1.9315,3.087
26.864829617,-0.3349,2.3027,-1.5243,2.782
26.866452924,-0.2298,2.3124,-0.8532,2.476
26.873055078,-0.0211,2.3943,0.0861,2.396
26.873848001,0.1705,2.5653,0.9449,2.739
26.874095694,0.2688,2.7689,1.4763,3.149
26.876690771,0.3645,2.8956,1.6962,3.376
26.877586771,0.5123,2.9279,1.6524,3.401
26.880572001,0.6007,2.9394,1.2471,3.249
26.883435771,0.6271,2.9010,0.9347,3.112
26.884981001,0.6408,2.8190,0.6787,2.969
26.887551386,0.7027,2.6878,0.3305,2.798
26.891451694,0.8020,2.5221,0.0434,2.647
26.892364309,0.9152,2.2991,-0.2308,2.485
26.894515078,1.0288,2.0296,-0.5357,2.338
26.897294771,1.0904,1.7227,-0.6682,2.145
26.900371463,1.0523,1.4843,-0.6515,1.933
26.902164386,0.9569,1.2802,-0.5492,1.690
26.904823386,0.7806,1.1214,-0.4097,1.426
26.907279463,0.5436,1.0105,-0.2670,1.178
26.909331463,0.3161,0.9392,-0.1307,1.000
26.911721232,0.0776,0.9040,0.0165,0.907
26.914393309,-0.1883,0.8910,0.1040,0.917
26.916537001,-0.4250,0.8835,0.1575,0.993
26.918840078,-0.5976,0.8737,0.1277,1.066
26.921452924,-0.7742,0.8615,0.0581,1.160
26.924611771,-0.8993,0.8463,-0.0430,1.236
26.926164309,-0.9603,0.8107,-0.1425,1.265
26.928529617,-1.0402,0.7764,-0.3415,1.342
26.931107155,-1.0768,0.7324,-0.5194,1.402
26.934155386,-1.0732,0.6807,-0.6755,1.439
26.936142463,-1.0573,0.6338,-0.7664,1.452
26.938494771,-1.0477,0.5717,-0.8327,1.455
26.94117454,-1.0900,0.5329,-0.8646,1.490
26.94310654,-1.1433,0.5029,-0.8883,1.533
26.945531155,-1.2310,0.4894,-0.8661,1.583
26.948057617,-1.3481,0.4882,-0.8213,1.652
26.950356078,-1.4819,0.5043,-0.7647,1.742
26.952760924,-1.6261,0.5300,-0.7261,1.858
26.955287078,-1.7565,0.5639,-0.6941,1.971
26.957715694,-1.8704,0.5986,-0.6731,2.076
26.960064078,-1.9386,0.6267,-0.6618,2.142
26.962911155,-1.9564,0.6525,-0.6366,2.158
26.964808694,-1.9310,0.6724,-0.6474,2.145
26.969959078,-1.8675,0.7019,-0.6564,2.100
26.970981309,-1.7614,0.7371,-0.6215,2.008
26.972044694,-1.6207,0.7872,-0.6019,1.900
26.983168694,-1.4802,0.8351,-0.5475,1.786
26.983788001,-1.3493,0.8801,-0.4798,1.681
26.984259386,-1.2274,0.9223,-0.4087,1.589
26.984621232,-1.1135,0.9602,-0.3386,1.509
26.984899386,-1.0078,0.9942,-0.2729,1.442
26.987120001,-0.9093,1.0203,-0.2169,1.384
26.988887155,-0.8184,1.0435,-0.1740,1.337
26.99121754,-0.7309,1.0673,-0.1534,1.303
26.993590771,-0.6525,1.0826,-0.1544,1.273
26.996024924,-0.5816,1.0943,-0.1737,1.251
26.99845354,-0.5052,1.1053,-0.1945,1.231
27.000759155,-0.4306,1.1146,-0.2213,1.215
27.003496386,-0.3547,1.1237,-0.2455,1.204
27.005897617,-0.2855,1.1273,-0.2734,1.195
27.007956924,-0.2186,1.1342,-0.2927,1.192
27.010825617,-0.1562,1.1356,-0.3030,1.186
27.013050232,-0.0982,1.1410,-0.2934,1.182
27.015534155,-0.0417,1.1463,-0.2795,1.181
27.017980078,0.0073,1.1507,-0.2585,1.179
27.020098463,0.0562,1.1505,-0.2294,1.175
27.022426848,0.0911,1.1486,-0.1910,1.168
27.02496554,0.1202,1.1495,-0.1434,1.165
27.027344694,0.1409,1.1593,-0.0862,1.171
27.029741232,0.1532,1.1771,-0.0242,1.187
27.032347771,0.1651,1.1717,-0.0090,1.183
27.034599771,0.1777,1.1491,-0.0146,1.163
27.037108386,0.1800,1.1286,-0.0051,1.143
27.040574771,0.1710,1.1076,0.0014,1.121
27.041871771,0.1614,1.0838,0.0014,1.096
27.044395155,0.1495,1.0587,0.0095,1.069
27.04765854,0.1309,1.0273,0.0072,1.036
27.049294771,0.1029,0.9998,-0.0098,1.005
27.051568001,0.0699,0.9783,-0.0222,0.981
27.054012694,0.0349,0.9619,-0.0303,0.963
27.057054232,0.0009,0.9485,-0.0384,0.949
27.058672309,-0.0356,0.9387,-0.0489,0.941
27.061250771,-0.0666,0.9285,-0.0610,0.933
27.063724001,-0.0986,0.9192,-0.0740,0.927
27.069899078,-0.1287,0.9094,-0.0938,0.923
27.070692924,-0.1506,0.8971,-0.1111,0.916
27.070914463,-0.1653,0.8842,-0.1185,0.907
27.079132924,-0.1795,0.8730,-0.1414,0.902
27.079751386,-0.1829,0.8576,-0.1586,0.891
27.079943463,-0.1865,0.8363,-0.1693,0.873
27.088018155,-0.1868,0.8197,-0.1808,0.860
27.088880924,-0.1873,0.8053,-0.1942,0.849
27.089201848,-0.1856,0.7909,-0.2047,0.838
27.089847694,-0.1846,0.7740,-0.2189,0.825
27.090756001,-0.1881,0.7601,-0.2287,0.816
27.092556617,-0.1934,0.7459,-0.2289,0.804
27.095467386,-0.2056,0.7361,-0.2325,0.799
27.097957232,-0.2166,0.7291,-0.2350,0.796
27.099583694,-0.2347,0.7277,-0.2336,0.799
27.102015155,-0.2510,0.7308,-0.2215,0.804
27.104591155,-0.2696,0.7352,-0.2084,0.810
27.107152078,-0.2890,0.7442,-0.1908,0.821
27.109555463,-0.3034,0.7575,-0.1756,0.835
27.111972386,-0.3212,0.7772,-0.1619,0.856
27.114147078,-0.3334,0.7982,-0.1509,0.878
27.116657309,-0.3419,0.8185,-0.1441,0.899
27.119071463,-0.3390,0.8370,-0.1456,0.915
27.121518771,-0.3354,0.8559,-0.1451,0.931
27.123830232,-0.3234,0.8733,-0.1497,0.943
27.126489309,-0.3102,0.8837,-0.1627,0.951
27.129364001,-0.2899,0.8989,-0.1747,0.960
27.13414254,-0.2680,0.9038,-0.1833,0.960
27.134776694,-0.2398,0.9120,-0.1905,0.962
27.136182155,-0.2088,0.9152,-0.1994,0.960
27.139725848,-0.1756,0.9164,-0.2074,0.956
27.140768694,-0.1458,0.9143,-0.2196,0.952
27.143171078,-0.1145,0.9082,-0.2329,0.944
27.14567854,-0.0828,0.9045,-0.2416,0.940
27.147972309,-0.0563,0.8952,-0.2478,0.931
27.150682463,-0.0283,0.8884,-0.2445,0.922
27.152913309,-0.0034,0.8810,-0.2320,0.911
27.155710463,0.0137,0.8740,-0.2220,0.902
27.157587771,0.0296,0.8642,-0.2050,0.889
27.160668694,0.0461,0.8535,-0.1928,0.876
27.162841925,0.0594,0.8421,-0.1812,0.863
27.165060925,0.0677,0.8234,-0.1774,0.845
27.16741454,0.0757,0.8107,-0.1771,0.833
27.169936001,0.0794,0.7924,-0.1815,0.817
27.176234155,0.0823,0.7733,-0.1935,0.801
27.176858848,0.0823,0.7508,-0.1930,0.780
27.177228386,0.0872,0.7333,-0.1928,0.763
27.179812001,0.0887,0.7149,-0.1808,0.743
27.189304694,0.0894,0.7010,-0.1642,0.726
27.190038848,0.0897,0.6860,-0.1483,0.708
27.190267771,0.0901,0.6734,-0.1368,0.693
27.190456309,0.0923,0.6604,-0.1275,0.679
27.192687771,0.0923,0.6485,-0.1131,0.665
27.193755386,0.0923,0.6424,-0.0960,0.656
27.196279463,0.0943,0.6409,-0.0771,0.652
27.198428617,0.0945,0.6474,-0.0623,0.657
27.201271155,0.0909,0.6641,-0.0664,0.674
27.203421309,0.0840,0.6946,-0.0972,0.706
27.208973232,0.0664,0.7352,-0.1292,0.749
27.209526848,0.0479,0.7804,-0.1537,0.797
27.210677925,0.0215,0.8378,-0.1810,0.857
27.213628617,-0.0021,0.9003,-0.2003,0.922
27.215567771,-0.0263,0.9653,-0.2071,0.988
27.217960694,-0.0488,1.0354,-0.2255,1.061
27.220451386,-0.0626,1.1009,-0.2264,1.126
27.223149925,-0.0950,1.1710,-0.2208,1.195
27.225031078,-0.1318,1.2402,-0.2199,1.266
27.228001848,-0.1758,1.2991,-0.2208,1.329
27.23059854,-0.2186,1.3471,-0.2218,1.383
27.232492694,-0.2613,1.3811,-0.2248,1.423
27.235511694,-0.3031,1.4014,-0.2260,1.452
27.238408001,-0.3402,1.4048,-0.2196,1.462
27.239875694,-0.3705,1.3883,-0.2180,1.453
27.242384617,-0.3874,1.3636,-0.2187,1.434
27.246413232,-0.4013,1.3217,-0.2372,1.402
27.247249925,-0.4071,1.2678,-0.2670,1.358
27.249239078,-0.4106,1.2064,-0.2870,1.306
27.252475771,-0.4055,1.1475,-0.3005,1.254
27.254894771,-0.3933,1.0902,-0.3044,1.198
27.256553001,-0.3791,1.0301,-0.3005,1.138
27.25915754,-0.3600,0.9724,-0.2961,1.078
27.261487771,-0.3368,0.9201,-0.3000,1.025
27.264327463,-0.3121,0.8735,-0.3179,0.981
27.266285232,-0.2983,0.8270,-0.3442,0.944
27.268972078,-0.2918,0.7899,-0.3662,0.918
27.275393309,-0.2934,0.7559,-0.3804,0.896
27.276589309,-0.3029,0.7349,-0.3865,0.884
27.277148078,-0.3216,0.7184,-0.3799,0.874
27.278229848,-0.3500,0.7184,-0.3628,0.878
27.28766654,-0.3830,0.7242,-0.3373,0.886
27.288484386,-0.4113,0.7510,-0.3005,0.907
27.28873754,-0.4348,0.7967,-0.2607,0.944
27.288935694,-0.4458,0.8635,-0.2155,0.995
27.290804001,-0.4467,0.9480,-0.1700,1.062
27.292379386,-0.4248,1.0499,-0.1111,1.138
27.296359155,-0.3766,1.1540,-0.0503,1.215
27.297265848,-0.3124,1.2504,0.0102,1.289
27.300104078,-0.2347,1.3289,0.0679,1.351
27.302190771,-0.1504,1.3785,0.1220,1.392
27.305508078,-0.0696,1.3904,0.1632,1.402
27.307031771,0.0049,1.3467,0.1772,1.358
27.309673001,0.0542,1.2544,0.1387,1.263
27.312774232,0.0608,1.1116,0.0393,1.114
27.31450254,0.0261,0.9318,-0.0962,0.937
27.316784309,-0.0510,0.7391,-0.2360,0.778
27.319770848,-0.2032,0.5759,-0.3704,0.714
27.321782848,-0.3842,0.4549,-0.4556,0.750
27.32395854,-0.5818,0.3531,-0.4673,0.826
27.326616309,-0.7658,0.2810,-0.4339,0.924
27.328968001,-0.9249,0.2111,-0.3748,1.020
27.331094463,-1.0776,0.1461,-0.2837,1.124
27.333792309,-1.2183,0.0867,-0.1837,1.235
27.336252078,-1.3290,0.0371,-0.0831,1.332
27.338492309,-1.3857,-0.0018,-0.0070,1.386
27.340859771,-1.3800,-0.0306,0.0263,1.381
27.343414155,-1.3155,-0.0548,0.0188,1.317
27.345864001,-1.2034,-0.0558,-0.0186,1.205
27.348482232,-1.0595,-0.0370,-0.0840,1.063
27.350673925,-0.9016,0.0056,-0.1624,0.916
27.353149848,-0.7558,0.0831,-0.2372,0.797
27.355237232,-0.6317,0.1999,-0.2878,0.722
27.357770848,-0.5408,0.3436,-0.3225,0.717
27.360682155,-0.4939,0.5221,-0.3433,0.796
27.366407694,-0.4863,0.7364,-0.3667,0.956
27.367387155,-0.5201,1.0051,-0.3890,1.197
27.368052925,-0.6249,1.3577,-0.4483,1.560
27.374569617,-0.7776,1.7815,-0.5876,2.031
27.375145848,-0.9239,2.2043,-0.6724,2.483
27.375320078,-1.0311,2.6052,-0.8025,2.915
27.377559771,-1.0595,2.9169,-0.7766,3.199
27.383893617,-1.0018,3.1365,-0.5467,3.338
27.384804925,-0.8843,3.2709,-0.1842,3.393
27.385315386,-0.7253,3.3323,0.1785,3.415
27.387298155,-0.5482,3.3422,0.4912,3.422
27.389101925,-0.3838,3.3137,0.6556,3.400
27.391648617,-0.2466,3.2567,0.6347,3.327
27.394450771,-0.1282,3.1622,0.4770,3.201
27.396164617,-0.0326,3.0286,0.2423,3.038
27.398567463,0.0324,2.8507,-0.0352,2.851
27.40115354,0.0484,2.6662,-0.3254,2.686
27.411006463,0.0811,2.4442,-0.5213,2.500
27.412252694,0.1216,2.2140,-0.6271,2.304
27.412826463,0.1363,2.0058,-0.6415,2.110
27.413379386,0.1337,1.8248,-0.6347,1.937
27.414358155,0.0975,1.6802,-0.6296,1.797
27.415988925,0.0459,1.5590,-0.5976,1.670
27.417919386,-0.0207,1.4608,-0.5334,1.555
27.420497925,-0.0866,1.3762,-0.4523,1.451
27.422771771,-0.1763,1.3103,-0.3904,1.379
27.425539694,-0.2689,1.2476,-0.3615,1.326
27.428024694,-0.3681,1.1896,-0.3459,1.292
27.429923078,-0.4673,1.1332,-0.3219,1.267
27.432545309,-0.5499,1.0673,-0.2719,1.231
27.43524954,-0.6251,0.9951,-0.1886,1.190
27.437117309,-0.6879,0.9282,-0.1016,1.160
27.439949309,-0.7488,0.8649,-0.0547,1.145
27.442711463,-0.8166,0.8248,-0.0296,1.161
27.444755155,-0.8573,0.7752,-0.0408,1.157
27.447059155,-0.8669,0.7156,-0.0706,1.126
27.449749309,-0.8787,0.6643,-0.0926,1.105
27.452845925,-0.8802,0.6143,-0.0926,1.077
27.454084309,-0.8653,0.5532,-0.1300,1.035
27.456794848,-0.8541,0.4894,-0.1341,0.993
27.46326254,-0.8352,0.4156,-0.1360,0.943
27.463926155,-0.8350,0.3543,-0.1094,0.914
27.464168617,-0.8338,0.2964,-0.1087,0.892
27.466196001,-0.8377,0.2460,-0.1085,0.880
27.470243771,-0.8355,0.1950,-0.1263,0.867
27.471153617,-0.8345,0.1391,-0.1530,0.860
27.473390771,-0.8445,0.0774,-0.1703,0.865
27.476118463,-0.8741,0.0252,-0.1952,0.896
27.481352694,-0.9065,-0.0395,-0.2252,0.935
27.481794771,-0.9481,-0.1193,-0.2863,0.998
27.483422155,-0.9997,-0.2097,-0.3571,1.082
27.488876001,-1.0686,-0.2955,-0.4080,1.181
27.489516386,-1.1443,-0.3876,-0.4414,1.286
27.490559155,-1.2232,-0.4670,-0.4593,1.388
27.493580617,-1.2923,-0.5505,-0.4679,1.481
27.495504078,-1.3439,-0.6534,-0.4754,1.568
27.497420078,-1.3183,-0.7482,-0.3748,1.561
27.500097848,-1.2675,-0.8531,-0.2438,1.547
27.503137848,-1.2030,-0.9615,-0.1654,1.549
27.505077232,-1.0546,-1.0341,-0.0620,1.478
27.507273848,-0.8985,-1.0900,0.1071,1.417
27.510176078,-0.6969,-1.1215,0.2765,1.349
27.511967155,-0.4966,-1.1338,0.4060,1.303
27.514342771,-0.3124,-1.1100,0.4619,1.242
27.517802848,-0.1316,-1.0802,0.4856,1.192
27.521991386,0.0117,-1.0341,0.4681,1.135
27.522586848,0.1346,-0.9784,0.4260,1.076
27.524379463,0.2331,-0.9151,0.3584,1.010
27.527164694,0.3196,-0.8459,0.2874,0.949
27.528992925,0.3914,-0.7707,0.2010,0.887
27.531573232,0.4632,-0.6923,0.1683,0.850
27.535699078,0.5113,-0.6187,0.1180,0.811
27.536453925,0.5341,-0.5423,0.1285,0.772
27.538787078,0.5716,-0.4727,0.1167,0.751
27.541850232,0.5636,-0.3956,0.0522,0.691
27.543755155,0.5683,-0.3280,-0.0359,0.657
27.546263463,0.5267,-0.2374,0.0141,0.578
27.548623463,0.5218,-0.1277,-0.0070,0.537
27.550825925,0.4962,-0.0124,-0.0319,0.497
27.553197617,0.4239,0.1007,-0.0090,0.436
27.555578463,0.3557,0.2004,-0.0198,0.409
27.558617848,0.2775,0.3042,-0.0452,0.414
27.564080078,0.1903,0.3836,-0.0811,0.436
27.564780925,0.1114,0.4577,-0.0989,0.481
27.565469925,0.0401,0.5109,-0.1246,0.527
27.577201232,-0.0458,0.5534,-0.1642,0.579
27.57791754,-0.1506,0.5773,-0.2164,0.635
27.578069925,-0.2557,0.6103,-0.2504,0.708
27.578383771,-0.3623,0.6411,-0.2739,0.786
27.578514848,-0.4472,0.6641,-0.2783,0.848
27.579627771,-0.5228,0.6767,-0.2726,0.898
27.582026155,-0.5831,0.6883,-0.2660,0.940
27.584416386,-0.6293,0.6965,-0.2438,0.970
27.586682463,-0.6730,0.7142,-0.2052,1.003
27.590304001,-0.7113,0.7352,-0.1654,1.036
27.592116925,-0.7465,0.7520,-0.1204,1.066
27.594075694,-0.7727,0.7669,-0.0857,1.092
27.596697848,-0.8198,0.7906,-0.0550,1.140
27.59912154,-0.8198,0.8202,0.0039,1.160
27.601340309,-0.8164,0.8481,0.0722,1.179
27.604119386,-0.8084,0.8854,0.1248,1.205
27.606196309,-0.7866,0.9140,0.1663,1.217
27.609535078,-0.7565,0.9316,0.1793,1.213
27.611015078,-0.7182,0.9416,0.1846,1.199
27.613573925,-0.6459,0.9367,0.1700,1.150
27.616048694,-0.5438,0.9248,0.1201,1.080
27.618275386,-0.4565,0.8693,0.0712,0.984
27.620636694,-0.3168,0.8612,0.1374,0.928
27.623870463,-0.2762,0.8715,0.2224,0.941
27.626222463,-0.2215,0.8905,0.1331,0.927
27.627848386,-0.1954,0.8979,0.0307,0.919
27.630283771,-0.1712,0.9057,-0.0276,0.922
27.633584386,-0.1269,0.9184,-0.0728,0.930
27.635281309,-0.0969,0.9216,-0.1092,0.933
27.637868386,-0.1059,0.9426,-0.1505,0.960
27.640288386,-0.1169,0.9604,-0.1973,0.987
27.643004001,-0.1182,0.9670,-0.2448,1.005
27.644847771,-0.1245,0.9753,-0.2736,1.021
27.647546848,-0.1551,0.9966,-0.3046,1.054
27.649680617,-0.2014,1.0119,-0.3408,1.087
27.652231463,-0.2699,1.0326,-0.3855,1.135
27.65430654,-0.3405,1.0452,-0.4204,1.177
27.659665848,-0.4502,1.0741,-0.4365,1.244
27.660739463,-0.5492,1.0882,-0.4486,1.299
27.661706771,-0.6686,1.1181,-0.4334,1.373
27.66455354,-0.7881,1.1491,-0.4067,1.452
27.67324254,-0.8902,1.1773,-0.3769,1.523
27.674026848,-0.9877,1.2020,-0.3459,1.594
27.674597617,-1.0873,1.2185,-0.3135,1.663
27.674889848,-1.1846,1.2285,-0.2521,1.725
27.687084001,-1.2682,1.2306,-0.2788,1.789
27.687759386,-1.3080,1.2380,-0.2057,1.813
27.688157001,-1.3278,1.2404,-0.1661,1.825
27.688347694,-1.3272,1.2372,-0.1517,1.821
27.688507771,-1.3185,1.2294,-0.1470,1.809
27.688667078,-1.2864,1.2199,-0.1481,1.779
27.691441001,-1.2354,1.1967,-0.1434,1.726
27.694800001,-1.1876,1.1828,-0.1441,1.682
27.695669232,-1.1228,1.1552,-0.1478,1.618
27.698091771,-1.0788,1.1419,-0.1558,1.579
27.700493001,-1.0324,1.1195,-0.1566,1.531
27.702484617,-1.0097,1.1188,-0.1397,1.513
27.705172078,-0.9706,1.0980,-0.1373,1.472
27.708896694,-0.9381,1.0801,-0.1486,1.438
27.709839694,-0.9178,1.0673,-0.1532,1.416
27.712183694,-0.9061,1.0631,-0.1595,1.406
27.716141001,-0.9014,1.0669,-0.1852,1.409
27.718102848,-0.8936,1.0778,-0.2113,1.416
27.719803463,-0.8809,1.0787,-0.2323,1.412
27.722675463,-0.8770,1.0862,-0.1710,1.407
27.725350155,-0.8819,1.0836,-0.1229,1.403
27.726731463,-0.8897,1.0818,-0.0999,1.404
27.729196617,-0.9044,1.0745,-0.0657,1.406
27.731572925,-0.9183,1.0680,-0.0850,1.411
27.734036078,-0.9270,1.0550,-0.1258,1.410
27.736503771,-0.9351,1.0354,-0.1351,1.402
27.739108617,-0.9408,1.0135,-0.1316,1.389
27.741907694,-0.9403,0.9858,-0.1267,1.368
27.743691386,-0.9276,0.9541,-0.1280,1.337
27.746203694,-0.9056,0.9192,-0.1368,1.298
27.74880154,-0.8734,0.8786,-0.1432,1.247
27.751834771,-0.8369,0.8388,-0.1395,1.193
27.753306848,-0.7966,0.8004,-0.1304,1.137
27.756463463,-0.7383,0.7628,-0.1178,1.068
27.758647771,-0.6728,0.7284,-0.1050,0.997
27.760486848,-0.5970,0.6963,-0.0953,0.922
27.763355386,-0.5166,0.6680,-0.0818,0.848
27.770661232,-0.4416,0.6478,-0.0694,0.787
27.771668001,-0.3720,0.6333,-0.0538,0.736
27.772118232,-0.3051,0.6223,-0.0435,0.694
27.781414155,-0.2423,0.6147,-0.0347,0.662
27.78212654,-0.1875,0.6120,-0.0307,0.641
27.782300001,-0.1397,0.6131,-0.0373,0.630
27.782461232,-0.0971,0.6215,-0.0479,0.631
27.782747771,-0.0686,0.6329,-0.0638,0.640
27.785167386,-0.0522,0.6521,-0.0764,0.659
27.787821848,-0.0517,0.6729,-0.0792,0.679
27.79078954,-0.0556,0.6988,-0.0774,0.705
27.792791463,-0.0495,0.7364,-0.0684,0.741
27.794452694,-0.0691,0.7662,-0.0596,0.772
27.796722463,-0.1022,0.7950,-0.0286,0.802
27.799578771,-0.1378,0.8293,-0.0100,0.841
27.801424925,-0.1709,0.8593,-0.0049,0.876
27.803918155,-0.2032,0.8903,0.0009,0.913
27.806401309,-0.2477,0.9143,-0.0024,0.947
27.808574771,-0.2897,0.9380,0.0048,0.982
27.811665925,-0.3173,0.9546,0.0121,1.006
27.81392954,-0.3337,0.9668,0.0192,1.023
27.816345232,-0.3402,0.9695,0.0085,1.027
27.81843354,-0.3386,0.9651,-0.0088,1.023
27.821360694,-0.3324,0.9560,-0.0263,1.013
27.824446155,-0.3276,0.9514,-0.0435,1.007
27.825699078,-0.3163,0.9460,-0.0628,0.999
27.828980925,-0.3048,0.9429,-0.0806,0.994
27.830744617,-0.2862,0.9397,-0.1178,0.989
27.833101925,-0.2599,0.9429,-0.0833,0.982
27.836053848,-0.2533,0.9385,-0.0869,0.976
27.837642771,-0.2374,0.9450,-0.0965,0.979
27.840616001,-0.2181,0.9455,-0.1038,0.976
27.843345617,-0.1976,0.9465,-0.1118,0.973
27.845200925,-0.1856,0.9426,-0.1143,0.967
27.848661001,-0.1736,0.9394,-0.1199,0.963
27.850751078,-0.1653,0.9414,-0.1258,0.964
27.852229848,-0.1624,0.9360,-0.1297,0.959
27.854726155,-0.1546,0.9301,-0.1419,0.953
27.857333617,-0.1553,0.9248,-0.1573,0.951
27.859518463,-0.1509,0.9150,-0.1744,0.944
27.861839078,-0.1487,0.9087,-0.1940,0.941
27.865398232,-0.1460,0.8952,-0.2175,0.933
27.866663694,-0.1474,0.8830,-0.2348,0.925
27.868940925,-0.1474,0.8661,-0.2511,0.914
27.871690848,-0.1482,0.8547,-0.2595,0.905
27.877657617,-0.1523,0.8376,-0.2607,0.890
27.87831054,-0.1553,0.8239,-0.2548,0.876
27.879067771,-0.1543,0.8067,-0.2467,0.858
27.892642771,-0.1511,0.7901,-0.2311,0.837
27.893204078,-0.1458,0.7752,-0.2150,0.818
27.893448001,-0.1394,0.7626,-0.2017,0.801
27.893654463,-0.1385,0.7577,-0.1859,0.792
27.893864925,-0.1382,0.7596,-0.1647,0.789
27.89405754,-0.1416,0.7664,-0.1476,0.793
27.896749001,-0.1467,0.7782,-0.1383,0.804
27.900725001,-0.1465,0.7906,-0.1283,0.814
27.901294848,-0.1443,0.8046,-0.1207,0.826
27.905135463,-0.1504,0.8334,-0.1419,0.859
27.90554654,-0.1607,0.8740,-0.1824,0.907
27.907700001,-0.1670,0.9189,-0.2255,0.961
27.90989454,-0.1607,0.9543,-0.2636,1.003
27.913183155,-0.1472,0.9739,-0.3540,1.047
27.915390848,-0.1282,0.9702,-0.4873,1.093
27.917163463,-0.1123,0.9436,-0.6829,1.170
27.919497001,-0.0930,0.8974,-0.9269,1.294
27.922565925,-0.0630,0.8483,-1.1719,1.448
27.924392309,-0.0102,0.8175,-1.3442,1.573
27.927023386,0.0598,0.8260,-1.4693,1.687
27.929494848,0.1561,0.8651,-1.4593,1.704
27.932235694,0.2655,0.9252,-1.2487,1.577
27.934117309,0.3518,0.9905,-0.9173,1.395
27.937325001,0.4141,1.0652,-0.5966,1.289
27.940418232,0.4263,1.1459,-0.3277,1.266
27.941656386,0.4099,1.2465,-0.1434,1.320
27.943982155,0.4132,1.3716,-0.0498,1.433
27.946520617,0.4603,1.5126,0.0600,1.582
27.949711694,0.5043,1.7058,0.1751,1.787
27.951608078,0.5492,1.9155,0.2526,2.009
27.953858232,0.5439,2.1129,0.1824,2.189
27.956450848,0.5632,2.2944,0.1565,2.368
27.958307078,0.5895,2.4964,0.2778,2.580
27.960807078,0.6552,2.6841,0.5990,2.827
27.964688078,0.6951,2.8358,0.9388,3.067
27.965592309,0.7302,2.9287,1.3204,3.295
27.967894771,0.7432,2.9323,1.5867,3.416
27.977903694,0.6345,2.8719,1.5291,3.315
27.978455155,0.5329,2.7610,0.9191,2.958
27.978757001,0.4733,2.5627,0.2386,2.617
27.978933925,0.4342,2.2802,-0.3923,2.354
27.980689309,0.3596,1.9392,-1.1537,2.285
27.990597925,0.2956,1.6084,-1.4933,2.215
27.991321925,0.2096,1.3343,-1.3230,1.891
27.99155054,0.1239,1.1576,-0.8685,1.452
27.992093232,-0.0060,1.0760,-0.2514,1.105
27.992495771,-0.1655,1.1036,0.3752,1.177
27.994601001,-0.3449,1.2031,0.9437,1.567
27.998189617,-0.5177,1.3286,1.2557,1.900
27.999148617,-0.6437,1.4273,1.2603,2.010
28.001616001,-0.6835,1.4720,1.0419,1.929
28.004193925,-0.6496,1.4696,0.8240,1.806
28.006638848,-0.5778,1.4576,0.6300,1.690
28.009267078,-0.4907,1.4488,0.4548,1.596
28.011604078,-0.4038,1.4517,0.2261,1.524
28.013966232,-0.2188,1.5097,0.3202,1.559
28.016247694,-0.0473,1.5546,0.1231,1.560
28.018660386,0.1260,1.5932,-0.0642,1.599
28.021157232,0.2897,1.6182,-0.2932,1.670
28.023488309,0.4224,1.6347,-0.4715,1.753
28.025831078,0.5548,1.6296,-0.5951,1.821
28.030405925,0.6555,1.6057,-0.6987,1.870
28.031386771,0.6992,1.5590,-0.7512,1.866
28.033060309,0.6636,1.5104,-0.7887,1.829
28.035685617,0.6012,1.4561,-0.7864,1.761
28.039082232,0.5108,1.3967,-0.7581,1.669
28.040170463,0.3748,1.3413,-0.7354,1.575
28.042731771,0.2020,1.2951,-0.7229,1.497
28.04514254,0.0037,1.2548,-0.7151,1.444
28.047595771,-0.1958,1.2077,-0.7281,1.424
28.050035694,-0.4057,1.1761,-0.7442,1.450
28.052905617,-0.6102,1.1463,-0.7468,1.498
28.056128925,-0.8177,1.1151,-0.7273,1.562
28.057229925,-0.9994,1.0887,-0.6626,1.620
28.059574848,-1.1524,1.0636,-0.5846,1.674
28.062237001,-1.2957,1.0443,-0.4700,1.729
28.064787771,-1.4323,1.0273,-0.3589,1.799
28.066888309,-1.5776,1.0117,-0.2453,1.890
28.069415694,-1.6632,0.9975,-0.1419,1.945
28.076152386,-1.7047,0.9758,-0.0706,1.965
28.07693054,-1.7084,0.9546,-0.0596,1.958
28.077640309,-1.6833,0.9264,-0.0901,1.923
28.089278232,-1.6468,0.8905,-0.1429,1.878
28.090243771,-1.5960,0.8579,-0.2045,1.823
28.090825617,-1.5271,0.8293,-0.2634,1.758
28.091018848,-1.4518,0.7955,-0.3222,1.687
28.091184617,-1.3686,0.7647,-0.3926,1.616
28.091501617,-1.2841,0.7335,-0.4547,1.547
28.094084001,-1.2086,0.7107,-0.5152,1.494
28.09684554,-1.1392,0.6888,-0.5639,1.446
28.098611155,-1.0519,0.6780,-0.5886,1.383
28.100659078,-0.9613,0.6707,-0.5983,1.316
28.104636078,-0.8870,0.6776,-0.6403,1.287
28.108207771,-0.8135,0.6829,-0.6413,1.241
28.108454848,-0.7507,0.6900,-0.6330,1.200
28.110301925,-0.6933,0.7076,-0.6119,1.164
28.113117848,-0.6339,0.7345,-0.5695,1.125
28.115359771,-0.5762,0.7708,-0.5152,1.092
28.117600309,-0.5335,0.8080,-0.4461,1.066
28.12014954,-0.4991,0.8517,-0.3769,1.057
28.122181001,-0.4744,0.8891,-0.3168,1.056
28.124761925,-0.4563,0.9277,-0.2516,1.064
28.127613617,-0.4497,0.9663,-0.2108,1.086
28.129970848,-0.4585,1.0059,-0.1752,1.119
28.132077232,-0.4707,1.0420,-0.1579,1.154
28.134518463,-0.4795,1.0789,-0.1324,1.188
28.13795854,-0.4947,1.1095,-0.1290,1.222
28.139175463,-0.5003,1.1325,-0.1170,1.244
28.141691155,-0.5098,1.1542,-0.1174,1.267
28.144104309,-0.5140,1.1666,-0.1207,1.281
28.146523386,-0.5123,1.1735,-0.1160,1.286
28.148946771,-0.5030,1.1717,-0.1292,1.282
28.151293001,-0.4846,1.1617,-0.1319,1.266
28.154374848,-0.4676,1.1449,-0.1425,1.245
28.156230232,-0.4409,1.1197,-0.1490,1.213
28.158765848,-0.4071,1.0980,-0.1570,1.181
28.161492694,-0.3782,1.0753,-0.1593,1.151
28.164146771,-0.3510,1.0557,-0.1639,1.125
28.165868309,-0.3207,1.0261,-0.1602,1.087
28.168595155,-0.2904,0.9963,-0.1558,1.049
28.174506232,-0.2664,0.9663,-0.1500,1.014
28.175177001,-0.2401,0.9397,-0.1439,0.980
28.175845001,-0.2212,0.9143,-0.1251,0.949
28.178947386,-0.1995,0.8879,-0.1111,0.917
28.186113232,-0.1826,0.8628,-0.0994,0.887
28.187095078,-0.1667,0.8402,-0.0918,0.861
28.187491694,-0.1518,0.8197,-0.0850,0.838
28.18789354,-0.1411,0.8043,-0.0789,0.820
28.18968954,-0.1277,0.7869,-0.0808,0.801
28.192780694,-0.1238,0.7745,-0.0874,0.789
28.195263155,-0.1233,0.7638,-0.1050,0.781
28.197115078,-0.1248,0.7582,-0.1288,0.779
28.199402848,-0.1285,0.7552,-0.1514,0.781
28.20196254,-0.1331,0.7489,-0.1776,0.781
28.204260925,-0.1394,0.7479,-0.2077,0.789
28.206618463,-0.1401,0.7454,-0.2341,0.794
28.209167694,-0.1378,0.7435,-0.2585,0.799
28.212268386,-0.1331,0.7430,-0.2723,0.802
28.213785925,-0.1248,0.7461,-0.2780,0.806
28.216483078,-0.1115,0.7501,-0.2788,0.808
28.219065232,-0.0989,0.7564,-0.2726,0.810
28.221271078,-0.0835,0.7622,-0.2609,0.810
28.224051771,-0.0659,0.7692,-0.2480,0.811
28.22623754,-0.0505,0.7748,-0.2357,0.811
28.228476925,-0.0351,0.7808,-0.2257,0.814
28.230826771,-0.0190,0.7897,-0.2133,0.818
28.234041925,-0.0029,0.7967,-0.2030,0.822
28.235867386,0.0130,0.8097,-0.1896,0.832
28.238135463,0.0249,0.8260,-0.1766,0.845
28.240699386,0.0389,0.8383,-0.1610,0.854
28.24325754,0.0476,0.8507,-0.1474,0.865
28.245552694,0.0577,0.8663,-0.1385,0.879
28.247712925,0.0726,0.8845,-0.1283,0.897
28.250268001,0.0829,0.9001,-0.1199,0.912
28.252572309,0.0911,0.9140,-0.1141,0.926
28.25556654,0.1053,0.9292,-0.1097,0.942
28.257280078,0.1221,0.9375,-0.1058,0.951
28.259958463,0.1376,0.9485,-0.1016,0.964
28.265649925,0.1593,0.9504,-0.1001,0.969
28.26631854,0.1849,0.9555,-0.0918,0.978
28.267440617,0.2050,0.9578,-0.0796,0.983
28.275737001,0.2231,0.9592,-0.0757,0.988
28.276112694,0.2467,0.9604,-0.0745,0.994
28.276281232,0.2688,0.9531,-0.0767,0.993
28.283657848,0.2878,0.9394,-0.0823,0.986
28.285113925,0.3066,0.9277,-0.0899,0.981
28.285635771,0.3193,0.9106,-0.0967,0.970
28.285916078,0.3277,0.8917,-0.1065,0.956
28.286608617,0.3293,0.8735,-0.1192,0.941
28.288608001,0.3277,0.8542,-0.1300,0.924
28.291501232,0.3205,0.8381,-0.1376,0.908
28.294413232,0.3086,0.8260,-0.1376,0.892
28.295868001,0.2897,0.8192,-0.1316,0.879
28.298213232,0.2670,0.8180,-0.1216,0.869
28.301022463,0.2411,0.8241,-0.1118,0.866
28.303343155,0.2091,0.8295,-0.1050,0.862
28.305560078,0.1812,0.8419,-0.1046,0.868
28.308116694,0.1505,0.8559,-0.1078,0.876
28.31120254,0.1172,0.8708,-0.1199,0.887
28.312940001,0.0838,0.8791,-0.1444,0.895
28.315291155,0.0515,0.8913,-0.1698,0.909
28.319438771,0.0279,0.8979,-0.1942,0.919
28.320151463,0.0009,0.9033,-0.2167,0.929
28.322642155,-0.0192,0.9101,-0.2308,0.939
28.32505754,-0.0388,0.9126,-0.2438,0.945
28.328279463,-0.0525,0.9145,-0.2541,0.951
28.329939771,-0.0705,0.9182,-0.2611,0.957
28.332441848,-0.0825,0.9194,-0.2524,0.957
28.336395771,-0.0933,0.9201,-0.2331,0.954
28.337683463,-0.1020,0.9182,-0.2069,0.947
28.339414155,-0.1113,0.9194,-0.1800,0.943
28.343100694,-0.1184,0.9184,-0.1595,0.940
28.345665232,-0.1204,0.9118,-0.1419,0.931
28.347201925,-0.1189,0.9033,-0.1263,0.920
28.349492309,-0.1182,0.8933,-0.1190,0.909
28.352020694,-0.1103,0.8803,-0.1183,0.895
28.353645848,-0.1038,0.8654,-0.1204,0.880
28.356438771,-0.1008,0.8470,-0.1307,0.863
28.359612001,-0.1033,0.8273,-0.1409,0.845
28.361453309,-0.1096,0.8102,-0.1563,0.832
28.363714155,-0.1231,0.7892,-0.1686,0.816
28.366081925,-0.1382,0.7650,-0.1754,0.797
28.368854848,-0.1602,0.7430,-0.1763,0.780
28.370665848,-0.1853,0.7181,-0.1693,0.761
28.373116617,-0.2159,0.6905,-0.1563,0.740
28.375750232,-0.2482,0.6646,-0.1532,0.726
28.382616617,-0.2829,0.6389,-0.1695,0.719
28.383369925,-0.3261,0.6086,-0.2062,0.721
28.383765617,-0.3822,0.5854,-0.2553,0.744
28.392532925,-0.4480,0.5679,-0.3019,0.784
28.393144617,-0.5186,0.5593,-0.3457,0.837
28.393396925,-0.5919,0.5561,-0.3750,0.895
28.393540309,-0.6608,0.5588,-0.3850,0.947
28.395688309,-0.7185,0.5735,-0.3716,0.992
28.397012002,-0.7649,0.5991,-0.3494,1.032
28.401901848,-0.7964,0.6320,-0.3203,1.066
28.402775078,-0.8066,0.6780,-0.2885,1.092
28.404477232,-0.8108,0.7300,-0.2573,1.121
28.406964925,-0.7910,0.7880,-0.2260,1.139
28.409940617,-0.7526,0.8490,-0.2006,1.152
28.411470463,-0.7018,0.9084,-0.1749,1.161
28.414259694,-0.6508,0.9653,-0.1622,1.175
28.416624925,-0.5988,1.0212,-0.1642,1.195
28.424047155,-0.5499,1.0662,-0.1771,1.213
28.424828078,-0.5128,1.1055,-0.2038,1.236
28.425345309,-0.4805,1.1290,-0.2128,1.245
28.426841309,-0.4616,1.1468,-0.2094,1.254
28.428418232,-0.4580,1.1568,-0.1966,1.260
28.431077848,-0.4548,1.1493,-0.1852,1.250
28.433411694,-0.4639,1.1258,-0.1793,1.231
28.435852925,-0.4846,1.0967,-0.1830,1.213
28.438948309,-0.5066,1.0682,-0.1979,1.199
28.440417925,-0.5308,1.0408,-0.2194,1.189
28.443036386,-0.5524,1.0212,-0.2355,1.185
28.445238463,-0.5685,1.0112,-0.2367,1.184
28.448020386,-0.5741,1.0056,-0.2304,1.181
28.450429309,-0.5689,1.0105,-0.2189,1.180
28.452723463,-0.5464,1.0093,-0.2052,1.166
28.455200309,-0.5142,1.0032,-0.1949,1.144
28.457583078,-0.4668,0.9778,-0.1898,1.100
28.460006155,-0.4269,0.9331,-0.1984,1.045
28.462391463,-0.3735,0.8656,-0.2152,0.967
28.464865309,-0.3309,0.7789,-0.2382,0.879
28.471206463,-0.2980,0.6816,-0.2790,0.795
28.47203454,-0.2826,0.5854,-0.3228,0.726
28.472562155,-0.2869,0.4933,-0.3628,0.676
28.474644078,-0.3195,0.4070,-0.3897,0.648
28.479059078,-0.3782,0.3345,-0.4129,0.652
28.47936954,-0.4555,0.2700,-0.4305,0.682
28.481551078,-0.5406,0.2180,-0.4458,0.734
28.487905309,-0.6381,0.1855,-0.4363,0.795
28.488420925,-0.7229,0.1835,-0.4041,0.848
28.488804386,-0.7891,0.2141,-0.3596,0.893
28.491552309,-0.8380,0.2817,-0.3161,0.939
28.493622771,-0.8562,0.3858,-0.2783,0.979
28.496000309,-0.8529,0.5239,-0.2543,1.033
28.498719078,-0.8343,0.6970,-0.2431,1.114
28.501373925,-0.8101,0.8913,-0.2362,1.227
28.503155771,-0.7940,1.1053,-0.2482,1.383
28.505643155,-0.7895,1.3387,-0.2562,1.575
28.508666848,-0.7922,1.5732,-0.2909,1.785
28.510472309,-0.7919,1.7718,-0.3699,1.976
28.512996617,-0.7705,1.9304,-0.3901,2.115
28.515451078,-0.7835,2.0789,-0.3958,2.257
28.518216002,-0.7888,2.1966,-0.4207,2.372
28.520818155,-0.7924,2.2954,-0.4305,2.466
28.522974155,-0.7888,2.3824,-0.4221,2.545
28.526309002,-0.7734,2.4612,-0.3906,2.609
28.527817848,-0.7480,2.5174,-0.3587,2.651
28.530272309,-0.7169,2.5592,-0.3079,2.675
28.532592694,-0.6833,2.5788,-0.2362,2.678
28.536809232,-0.6547,2.5783,-0.1871,2.667
28.538911155,-0.6314,2.5558,-0.1756,2.639
28.539942232,-0.6251,2.5187,-0.1886,2.602
28.541928617,-0.6060,2.4481,-0.2308,2.532
28.544336078,-0.6151,2.3657,-0.2917,2.462
28.546778463,-0.6535,2.2807,-0.3494,2.398
28.550529617,-0.6850,2.1805,-0.3904,2.319
28.55166254,-0.7172,2.0787,-0.3999,2.235
28.553913848,-0.7285,1.9704,-0.4151,2.141
28.559295155,-0.7390,1.8688,-0.4200,2.053
28.559975694,-0.7488,1.7691,-0.3850,1.959
28.561310771,-0.7546,1.6814,-0.3237,1.871
28.563604694,-0.7568,1.5966,-0.2570,1.786
28.566243463,-0.7472,1.5138,-0.2084,1.701
28.568245848,-0.7524,1.4444,-0.1854,1.639
28.570845848,-0.7673,1.3870,-0.1752,1.595
28.573395078,-0.7721,1.3369,-0.1600,1.552
28.579114232,-0.7658,1.2851,-0.1407,1.503
28.579697002,-0.7407,1.2241,-0.0872,1.433
28.580443771,-0.7131,1.1488,-0.0433,1.353
28.587550232,-0.6640,1.0689,-0.0263,1.259
28.588011386,-0.6227,0.9853,-0.0235,1.166
28.588143386,-0.5911,0.9057,-0.0307,1.082
28.590212078,-0.5594,0.8258,-0.0373,0.998
28.597499694,-0.5431,0.7528,-0.0381,0.929
28.598400386,-0.5426,0.6895,-0.0361,0.878
28.598871155,-0.5487,0.6252,-0.0244,0.832
28.60024954,-0.5606,0.5698,-0.0088,0.799
28.602026463,-0.5848,0.5211,0.0048,0.783
28.604648386,-0.6207,0.4740,-0.0114,0.781
28.608059463,-0.6612,0.4337,-0.0471,0.792
28.609319694,-0.6975,0.3932,-0.0769,0.804
28.612166848,-0.7211,0.3511,-0.1034,0.809
28.614489925,-0.7318,0.3120,-0.1229,0.805
28.617308694,-0.7304,0.2665,-0.1239,0.787
28.619308002,-0.7123,0.2089,-0.1134,0.751
28.621695078,-0.6996,0.1463,-0.1013,0.722
28.624005232,-0.6984,0.0855,-0.0867,0.709
28.626441617,-0.7190,0.0294,-0.0711,0.723
28.628839463,-0.7595,-0.0278,-0.0484,0.762
28.631426232,-0.8164,-0.0837,-0.0237,0.821
28.633686232,-0.8907,-0.1310,-0.0161,0.900
28.63623754,-0.9664,-0.1836,-0.0349,0.984
28.638691078,-1.0253,-0.2391,-0.0933,1.057
28.64131054,-1.0722,-0.2967,-0.1715,1.126
28.643097617,-1.1010,-0.3534,-0.2374,1.180
28.645731771,-1.1096,-0.4179,-0.2751,1.217
28.648114463,-1.0930,-0.4853,-0.2546,1.223
28.651099078,-1.0642,-0.5631,-0.1913,1.219
28.65281054,-1.0043,-0.6465,-0.0711,1.197
28.655333002,-0.8895,-0.7189,0.1245,1.150
28.658043771,-0.7392,-0.7872,0.3148,1.125
28.660126155,-0.5834,-0.8442,0.4488,1.120
28.662736309,-0.4128,-0.8785,0.5181,1.100
28.665848694,-0.2567,-0.8785,0.5576,1.072
28.667535463,-0.1208,-0.8531,0.5426,1.018
28.669681309,-0.0176,-0.8061,0.4798,0.938
28.672257617,0.0598,-0.7425,0.3754,0.834
28.67886554,0.1185,-0.6663,0.2582,0.724
28.67949354,0.1627,-0.5876,0.1478,0.627
28.679871386,0.2040,-0.5112,0.0549,0.553
28.691538771,0.2331,-0.4338,-0.0198,0.493
28.692266155,0.2536,-0.3617,-0.0855,0.450
28.692716694,0.2688,-0.2884,-0.1265,0.414
28.693028078,0.2760,-0.2212,-0.1573,0.387
28.693221617,0.2680,-0.1560,-0.1791,0.358
28.69402954,0.2421,-0.0935,-0.2180,0.339
28.696446848,0.2079,-0.0243,-0.2245,0.307
28.699145925,0.1554,0.0569,-0.2226,0.277
28.70097754,0.0820,0.1503,-0.2082,0.270
28.70344154,-0.0023,0.2488,-0.2169,0.330
28.70693454,-0.1099,0.3567,-0.2013,0.424
28.70825054,-0.2293,0.4630,-0.2438,0.571
28.710785232,-0.3165,0.5321,-0.2714,0.676
28.713824078,-0.4040,0.5933,-0.2485,0.760
28.715791078,-0.4721,0.6311,-0.2374,0.823
28.717981309,-0.5105,0.6497,-0.2224,0.856
28.721464925,-0.5318,0.6529,-0.1935,0.864
28.723863771,-0.5413,0.6462,-0.1556,0.857
28.72508954,-0.5408,0.6404,-0.1134,0.846
28.727548617,-0.5384,0.6338,-0.0679,0.834
28.73009754,-0.5362,0.6262,-0.0191,0.825
28.733164694,-0.5289,0.6194,0.0285,0.815
28.734913617,-0.5179,0.6150,0.0749,0.807
28.737769232,-0.5049,0.6059,0.1138,0.797
28.740470232,-0.4900,0.5984,0.1411,0.786
28.742204309,-0.4770,0.5905,0.1639,0.777
28.74462154,-0.4595,0.5798,0.1853,0.763
28.748667386,-0.4516,0.5756,0.2047,0.760
28.749375694,-0.4463,0.5784,0.2122,0.761
28.751726771,-0.4275,0.5651,0.2007,0.736
28.755126848,-0.4011,0.5521,0.1824,0.706
28.756784386,-0.3864,0.5509,0.1604,0.692
28.759139155,-0.3671,0.5468,0.1301,0.671
28.76161854,-0.3470,0.5481,0.1282,0.661
28.763863386,-0.3265,0.5625,0.1680,0.672
28.766402463,-0.3227,0.5622,0.1795,0.673
28.768599078,-0.3185,0.5656,0.1627,0.669
28.771239463,-0.2452,0.6017,0.4180,0.773
28.777599155,-0.2459,0.6159,0.3129,0.733
28.778388694,-0.2479,0.6340,0.2364,0.721
28.780597925,-0.2638,0.6511,0.1676,0.722
28.780815463,-0.2853,0.6719,0.1184,0.740
28.787835155,-0.3173,0.6902,0.0845,0.764
28.788266463,-0.3571,0.7142,0.0598,0.801
28.788482771,-0.4155,0.7401,0.0349,0.849
28.795382232,-0.4583,0.7720,0.0163,0.898
28.796051771,-0.5145,0.8078,-0.0044,0.958
28.796379694,-0.5662,0.8358,-0.0205,1.010
28.799548386,-0.6195,0.8679,-0.0545,1.068
28.800164078,-0.6742,0.8905,-0.1004,1.121
28.802624309,-0.7213,0.8974,-0.1190,1.158
28.804845925,-0.7744,0.9099,-0.1283,1.202
28.807155694,-0.8226,0.9162,-0.1446,1.240
28.809668925,-0.8677,0.9289,-0.1742,1.283
28.81234554,-0.9000,0.9326,-0.2110,1.313
28.814854463,-0.9254,0.9360,-0.2338,1.337
28.817089002,-0.9310,0.9343,-0.2802,1.348
28.819607155,-0.9000,0.9180,-0.3007,1.320
28.823601002,-0.8618,0.9067,-0.3186,1.291
28.824948694,-0.8186,0.9013,-0.3340,1.263
28.826736925,-0.7875,0.9069,-0.3240,1.244
28.829053232,-0.7480,0.9157,-0.3100,1.222
28.831478463,-0.7060,0.9252,-0.2856,1.198
28.833842155,-0.6542,0.9313,-0.2629,1.168
28.836208002,-0.6036,0.9372,-0.2453,1.141
28.839381925,-0.5664,0.9434,-0.2269,1.124
28.840913617,-0.5340,0.9470,-0.2108,1.107
28.843418771,-0.5098,0.9555,-0.1994,1.101
28.846059078,-0.5059,0.9760,-0.1691,1.112
28.848410463,-0.5028,0.9944,-0.1241,1.121
28.850640309,-0.5028,1.0100,-0.0965,1.132
28.853479463,-0.5061,1.0247,-0.0882,1.146
28.856067155,-0.5112,1.0428,-0.0776,1.164
28.857983694,-0.5123,1.0567,-0.0764,1.177
28.860312694,-0.5186,1.0645,-0.0965,1.188
28.86360554,-0.5245,1.0731,-0.1123,1.200
28.865055155,-0.5350,1.0836,-0.1353,1.216
28.867464309,-0.5494,1.0904,-0.1624,1.232
28.870664925,-0.5721,1.0887,-0.1663,1.241
28.876117925,-0.5914,1.0902,-0.2482,1.265
28.876948386,-0.5976,1.0965,-0.2397,1.272
28.877634848,-0.6129,1.0973,-0.2497,1.281
28.879563694,-0.6225,1.0909,-0.2618,1.283
28.889614463,-0.6317,1.0853,-0.2648,1.283
28.890054463,-0.6422,1.0806,-0.2604,1.284
28.890441309,-0.6605,1.0799,-0.2514,1.291
28.890636309,-0.6831,1.0821,-0.2429,1.303
28.891596694,-0.7004,1.0880,-0.2308,1.314
28.894158232,-0.7253,1.0941,-0.2152,1.330
28.89720954,-0.7514,1.1083,-0.1976,1.354
28.899481848,-0.7776,1.1244,-0.1820,1.379
28.901268309,-0.8017,1.1370,-0.1656,1.401
28.903949848,-0.8320,1.1584,-0.1483,1.434
28.906130232,-0.8582,1.1671,-0.1370,1.455
28.908637925,-0.8814,1.1737,-0.1309,1.474
28.911915771,-0.9009,1.1733,-0.1192,1.484
28.913537232,-0.9163,1.1666,-0.1058,1.487
28.915759463,-0.9227,1.1507,-0.0975,1.478
28.918384309,-0.9261,1.1241,-0.0913,1.459
28.920671694,-0.9232,1.0885,-0.0831,1.430
28.922944617,-0.9144,1.0440,-0.0838,1.390
28.925541848,-0.8836,0.9834,-0.0864,1.325
28.929959386,-0.8428,0.9131,-0.0913,1.246
28.93070654,-0.7788,0.8402,-0.1074,1.151
28.932733617,-0.6982,0.7689,-0.1167,1.045
28.93560154,-0.6034,0.6990,-0.1297,0.932
28.938331771,-0.5096,0.6369,-0.1363,0.827
28.940022463,-0.4245,0.5856,-0.1332,0.735
28.942344078,-0.3427,0.5470,-0.1255,0.658
28.944919694,-0.2677,0.5153,-0.1121,0.591
28.947562771,-0.1958,0.4920,-0.1004,0.539
28.94962254,-0.1316,0.4811,-0.0860,0.506
28.952208309,-0.0752,0.4811,-0.0764,0.493
28.95501754,-0.0260,0.4916,-0.0745,0.498
28.956708309,0.0127,0.5134,-0.0738,0.519
28.959436386,0.0349,0.5439,-0.0750,0.550
28.962034232,0.0412,0.5844,-0.0771,0.591
28.964438155,0.0330,0.6320,-0.0776,0.638
28.966870232,0.0098,0.6849,-0.0828,0.690
28.969083078,-0.0236,0.7479,-0.0813,0.753
28.971766463,-0.0668,0.8090,-0.0833,0.816
28.973646232,-0.1277,0.8668,-0.0864,0.880
28.976265002,-0.1914,0.9241,-0.0877,0.948
28.983664925,-0.2506,0.9721,-0.0818,1.007
28.984664002,-0.2960,1.0103,-0.0745,1.055
28.984977848,-0.3319,1.0413,-0.0750,1.096
28.986468925,-0.3766,1.0543,-0.0887,1.123
28.996140002,-0.4101,1.0526,-0.0992,1.134
28.997334232,-0.4267,1.0389,-0.1155,1.129
28.997717309,-0.4294,1.0198,-0.1288,1.114
28.998073309,-0.4301,1.0005,-0.1397,1.098
28.998704002,-0.4292,0.9830,-0.1395,1.082
29.000338771,-0.4245,0.9629,-0.1376,1.061
29.004994463,-0.4192,0.9416,-0.1209,1.038
29.00542954,-0.4052,0.9225,-0.1190,1.015
29.007697309,-0.3928,0.9077,-0.1136,0.995
29.010100617,-0.3740,0.8947,-0.1053,0.975
29.012782232,-0.3535,0.8886,-0.1038,0.962
29.014572309,-0.3293,0.8852,-0.0972,0.949
29.017243694,-0.3043,0.8847,-0.0882,0.940
29.019721232,-0.2745,0.8813,-0.0750,0.926
29.021858155,-0.2417,0.8835,-0.0603,0.918
29.024322848,-0.2044,0.8857,-0.0491,0.910
29.027249925,-0.1673,0.8947,-0.0388,0.911
29.029280309,-0.1320,0.9038,-0.0391,0.914
29.031457617,-0.0942,0.9115,-0.0440,0.917
29.03419754,-0.0556,0.9241,-0.0522,0.927
29.037554771,-0.0256,0.9343,-0.0662,0.937
29.038784925,0.0073,0.9473,-0.0787,0.951
29.041123463,0.0315,0.9572,-0.0926,0.962
29.043811155,0.0528,0.9680,-0.1090,0.976
29.046358848,0.0689,0.9758,-0.1207,0.986
29.048305925,0.0789,0.9802,-0.1321,0.992
29.051590155,0.0823,0.9853,-0.1339,0.998
29.05390554,0.0829,0.9817,-0.1353,0.994
29.055676078,0.0801,0.9751,-0.1304,0.987
29.058041925,0.0684,0.9697,-0.1267,0.980
29.060658848,0.0557,0.9595,-0.1207,0.969
29.06306554,0.0410,0.9478,-0.1131,0.955
29.066176309,0.0259,0.9338,-0.1041,0.940
29.067880617,0.0058,0.9176,-0.0967,0.923
29.074528002,-0.0065,0.9001,-0.0969,0.905
29.075314155,-0.0219,0.8817,-0.1016,0.888
29.075652925,-0.0276,0.8598,-0.1082,0.867
29.077448309,-0.0197,0.8370,-0.0978,0.843
29.082591694,-0.0139,0.8227,-0.0999,0.829
29.083008078,-0.0087,0.8062,-0.1065,0.813
29.084557309,-0.0034,0.7931,-0.1080,0.800
29.092364309,0.0037,0.7853,-0.1060,0.792
29.093026463,0.0139,0.7808,-0.0877,0.786
29.093540078,0.0127,0.7838,-0.0997,0.790
29.095499386,0.0100,0.7955,-0.1356,0.807
29.096686848,0.0026,0.8018,-0.1627,0.818
29.099496694,-0.0062,0.7904,-0.0892,0.795
29.102089232,-0.0090,0.7728,-0.0274,0.773
29.104477925,-0.0280,0.7584,-0.1241,0.769
29.106091463,-0.0742,0.7479,-0.4640,0.883
29.108771386,-0.1453,0.7554,-1.0324,1.288
29.111681617,-0.2193,0.7820,-1.5077,1.713
29.113472386,-0.2652,0.8300,-1.5196,1.752
29.115908002,-0.2995,0.9357,-1.1512,1.513
29.12009754,-0.3058,1.0716,-0.5807,1.257
29.121355694,-0.3011,1.2026,-0.1146,1.245
29.123516002,-0.2582,1.3017,0.1727,1.338
29.125894463,-0.2415,1.3496,0.2264,1.390
29.128290848,-0.2958,1.3880,0.0190,1.419
29.130814771,-0.4737,1.5109,-0.0664,1.585
29.13310254,-0.5135,1.5923,0.0165,1.673
29.135444309,-0.4047,1.6748,0.1275,1.728
29.138136925,-0.1695,1.7561,0.1208,1.768
29.140074155,0.1139,1.7999,-0.0021,1.803
29.142852694,0.3384,1.8517,-0.1187,1.886
29.145132078,0.5015,1.9131,-0.1239,1.982
29.147323463,0.6186,1.9788,0.0532,2.074
29.149701925,0.6569,2.0491,0.2745,2.169
29.152995386,0.6496,2.1148,0.3596,2.241
29.154512078,0.5693,2.1591,0.2330,2.245
29.157035694,0.4317,2.1615,-0.0447,2.205
29.159500694,0.2865,2.1651,-0.4144,2.223
29.162132078,0.1884,2.1466,-0.7273,2.274
29.164497848,0.1204,2.1449,-0.9313,2.341
29.166727771,0.0965,2.1248,-0.9806,2.342
29.169255078,0.1314,2.1085,-0.7866,2.254
29.171392617,0.2152,2.1270,-0.3543,2.167
29.173722463,0.3068,2.1913,0.1621,2.219
29.176291694,0.4036,2.2245,0.6415,2.350
29.182136078,0.4640,2.2373,1.0407,2.511
29.182941925,0.4926,2.2567,1.3805,2.691
29.184524925,0.4717,2.2853,1.6237,2.843
29.194243078,0.4221,2.3198,1.6596,2.883
29.195087155,0.3738,2.3452,1.4325,2.773
29.195472694,0.3704,2.3396,1.0744,2.601
29.195686771,0.4107,2.3081,0.6696,2.438
29.195884694,0.4838,2.2220,0.2743,2.291
29.197812617,0.5846,2.0841,0.0339,2.165
29.200965617,0.6848,1.9076,-0.1321,2.031
29.203287155,0.7403,1.7186,-0.1879,1.881
29.205007694,0.7435,1.5250,-0.1742,1.705
29.207655771,0.6946,1.3499,-0.1514,1.526
29.210384386,0.5976,1.1910,-0.1400,1.340
29.21243354,0.4600,1.0550,-0.1463,1.160
29.215372078,0.3103,0.9243,-0.1178,0.982
29.21774954,0.1500,0.8178,-0.1263,0.841
29.219680925,-0.0234,0.7210,-0.1563,0.738
29.221940002,-0.2140,0.6485,-0.2106,0.715
29.224776925,-0.4223,0.5954,-0.2397,0.768
29.226968694,-0.6265,0.5534,-0.2721,0.879
29.229375155,-0.7849,0.5302,-0.3037,0.995
29.232393232,-0.9503,0.5175,-0.3562,1.139
29.234313002,-1.0903,0.5060,-0.4414,1.280
29.236659463,-1.2274,0.5116,-0.5003,1.421
29.238917617,-1.3451,0.5185,-0.5495,1.543
29.241583078,-1.4570,0.5183,-0.5534,1.642
29.24477354,-1.5618,0.5276,-0.5369,1.734
29.246840002,-1.6668,0.5421,-0.4984,1.822
29.248707694,-1.7971,0.5724,-0.3750,1.923
29.251419694,-1.9474,0.6184,-0.2583,2.059
29.253388386,-2.0854,0.6665,-0.2240,2.201
29.256273309,-2.1804,0.7058,-0.2397,2.304
29.258336002,-2.2188,0.7259,-0.3244,2.357
29.260645232,-2.1939,0.7349,-0.4549,2.358
29.263183771,-2.1110,0.7298,-0.6144,2.317
29.265648309,-1.9987,0.7247,-0.7659,2.260
29.272282771,-1.8762,0.7300,-0.8639,2.191
29.27320654,-1.7507,0.7526,-0.8932,2.105
29.273643078,-1.6129,0.7950,-0.8565,1.992
29.275197309,-1.4868,0.8510,-0.7656,1.876
29.281659155,-1.3619,0.9071,-0.6631,1.766
29.282130155,-1.2486,0.9548,-0.5548,1.667
29.28239754,-1.1465,0.9981,-0.4628,1.589
29.289760386,-1.0578,1.0303,-0.3877,1.527
29.290771463,-0.9850,1.0545,-0.3281,1.480
29.291002771,-0.9078,1.0708,-0.2827,1.432
29.291836309,-0.8362,1.0836,-0.2558,1.392
29.294349848,-0.7693,1.0924,-0.2441,1.358
29.296772309,-0.7040,1.0906,-0.2482,1.322
29.299645617,-0.6314,1.0838,-0.2623,1.281
29.301636309,-0.5515,1.0792,-0.2660,1.241
29.304009925,-0.4646,1.0624,-0.2914,1.196
29.306706771,-0.3822,1.0457,-0.3415,1.165
29.309019078,-0.2970,1.0277,-0.3906,1.139
29.311323155,-0.2119,1.0184,-0.4039,1.116
29.313743155,-0.1304,1.0112,-0.4060,1.097
29.316171771,-0.0473,1.0051,-0.4018,1.083
29.318636309,0.0256,1.0188,-0.3818,1.088
29.321076002,0.0950,1.0317,-0.3569,1.096
29.32350654,0.1542,1.0410,-0.3168,1.099
29.32574254,0.2118,1.0466,-0.2763,1.103
29.328018463,0.2585,1.0508,-0.2478,1.110
29.330835463,0.2888,1.0564,-0.2159,1.116
29.333059155,0.3063,1.0611,-0.1768,1.119
29.335670771,0.3115,1.0685,-0.1539,1.124
29.337902771,0.3093,1.0757,-0.1353,1.127
29.340946155,0.2925,1.0848,-0.1272,1.131
29.343584694,0.2827,1.0911,-0.1139,1.133
29.345405309,0.2729,1.0924,-0.1041,1.131
29.347717002,0.2580,1.0860,-0.0916,1.120
29.350193925,0.2287,1.0821,-0.0759,1.109
29.352648694,0.1940,1.0731,-0.0574,1.092
29.35467854,0.1570,1.0636,-0.0368,1.076
29.357518155,0.1118,1.0538,-0.0266,1.060
29.359934232,0.0740,1.0408,-0.0256,1.044
29.362260386,0.0352,1.0279,-0.0328,1.029
29.364470848,0.0049,1.0132,-0.0284,1.014
29.371092694,-0.0268,1.0027,-0.0286,1.003
29.371823155,-0.0544,0.9825,-0.0393,0.985
29.37260154,-0.0791,0.9651,-0.0528,0.970
29.374054232,-0.0996,0.9431,-0.0559,0.950
29.385627155,-0.1133,0.9180,-0.0610,0.927
29.386200617,-0.1304,0.8928,-0.0642,0.905
29.38668154,-0.1455,0.8583,-0.0726,0.874
29.386862463,-0.1575,0.8258,-0.0885,0.845
29.387164617,-0.1734,0.7913,-0.0962,0.816
29.388702155,-0.1958,0.7613,-0.1172,0.795
29.390841925,-0.2237,0.7349,-0.1416,0.781
29.393175386,-0.2477,0.7086,-0.1627,0.768
29.395474848,-0.2775,0.6881,-0.1759,0.762
29.398150463,-0.3053,0.6721,-0.1840,0.761
29.400562232,-0.3300,0.6565,-0.1810,0.757
29.402892078,-0.3527,0.6499,-0.1730,0.759
29.40567054,-0.3803,0.6443,-0.1617,0.765
29.408839771,-0.4047,0.6397,-0.1507,0.772
29.410071386,-0.4204,0.6418,-0.1456,0.781
29.412467771,-0.4360,0.6469,-0.1378,0.792
29.415231463,-0.4478,0.6525,-0.1263,0.801
29.41745854,-0.4595,0.6655,-0.1129,0.817
29.419804309,-0.4697,0.6758,-0.1053,0.830
29.422356078,-0.4746,0.6937,-0.0987,0.846
29.425351771,-0.4807,0.7119,-0.0962,0.864
29.434666771,-0.4770,0.7296,-0.0975,0.877
29.435355463,-0.4744,0.7515,-0.0967,0.894
29.435925002,-0.4705,0.7725,-0.0980,0.910
29.436887155,-0.4597,0.7962,-0.0994,0.925
29.438029617,-0.4460,0.8183,-0.1004,0.937
29.440116078,-0.4311,0.8446,-0.1004,0.954
29.441515386,-0.4125,0.8681,-0.0957,0.966
29.443840078,-0.3808,0.8925,-0.0885,0.974
29.446528617,-0.3491,0.9111,-0.0923,0.980
29.448713002,-0.3237,0.9306,-0.1006,0.990
29.45095454,-0.2955,0.9531,-0.1087,1.004
29.453640002,-0.2587,0.9760,-0.1232,1.017
29.456135155,-0.2147,0.9876,-0.1324,1.019
29.458403078,-0.1660,0.9930,-0.1490,1.018
29.460872694,-0.1180,0.9991,-0.1500,1.017
29.463335463,-0.0773,1.0030,-0.1554,1.018
29.466340386,-0.0349,1.0030,-0.1644,1.017
29.467838463,0.0042,0.9995,-0.1683,1.014
29.470323155,0.0437,0.9926,-0.1719,1.008
29.47290554,0.0823,0.9863,-0.1766,1.005
29.479089617,0.1223,0.9805,-0.1781,1.004
29.479788694,0.1478,0.9709,-0.1759,0.998
29.480144386,0.1630,0.9619,-0.1744,0.991
29.489422848,0.1784,0.9467,-0.1803,0.980
29.489910771,0.1845,0.9257,-0.1920,0.963
29.490128925,0.1808,0.9020,-0.2028,0.942
29.490592694,0.1430,0.8654,-0.2094,0.902
29.491870848,0.0916,0.8236,-0.2267,0.859
29.494622463,0.0200,0.7750,-0.2436,0.813
29.496843463,-0.0686,0.7249,-0.2578,0.772
29.499330771,-0.1648,0.6736,-0.2714,0.745
29.501829848,-0.2743,0.6294,-0.2863,0.744
29.504042771,-0.3935,0.5815,-0.3056,0.766
29.506385002,-0.5152,0.5341,-0.3159,0.807
29.508844002,-0.6326,0.4985,-0.3086,0.863
29.511303155,-0.7346,0.4640,-0.2863,0.915
29.514080002,-0.8306,0.4347,-0.2634,0.974
29.516147463,-0.9117,0.4134,-0.2385,1.029
29.518677617,-0.9808,0.3960,-0.2128,1.079
29.521130232,-1.0285,0.3877,-0.1901,1.115
29.524729617,-1.0485,0.3848,-0.1728,1.130
29.525727078,-1.0437,0.3902,-0.1681,1.127
29.528271155,-1.0069,0.3951,-0.1737,1.096
29.532235463,-0.9476,0.4098,-0.1954,1.051
29.533391463,-0.8704,0.4324,-0.2101,0.994
29.535454463,-0.7751,0.4652,-0.2177,0.930
29.538463463,-0.6730,0.5131,-0.2208,0.875
29.540885925,-0.5711,0.5730,-0.2108,0.836
29.542768309,-0.4737,0.6482,-0.1964,0.826
29.54540554,-0.3871,0.7288,-0.1871,0.846
29.547893925,-0.3183,0.8167,-0.1812,0.895
29.550680386,-0.2540,0.9155,-0.1766,0.966
29.552670848,-0.2042,1.0224,-0.1779,1.058
29.555303078,-0.1667,1.1407,-0.1833,1.167
29.557476002,-0.1497,1.2705,-0.1768,1.291
29.559707078,-0.1458,1.4149,-0.1686,1.432
29.562968002,-0.1474,1.5544,-0.1761,1.571
29.565565002,-0.1509,1.6832,-0.1928,1.701
29.567524002,-0.1539,1.7965,-0.2145,1.816
29.569693309,-0.1511,1.8915,-0.1812,1.906
29.57247354,-0.1632,1.9690,-0.1300,1.980
29.575120386,-0.1665,2.0002,-0.1046,2.010
29.576780309,-0.1318,1.9839,-0.0728,1.990
29.586500925,-0.1194,1.9329,-0.0613,1.938
29.587308002,-0.1233,1.8283,-0.0897,1.835
29.588204386,-0.1052,1.6844,-0.1226,1.692
29.588629925,-0.0954,1.5248,-0.1483,1.535
29.589159771,-0.0928,1.3629,-0.1612,1.375
29.598018463,-0.1164,1.2126,-0.1766,1.231
29.598846155,-0.1436,1.0687,-0.1847,1.094
29.599052002,-0.1856,0.9326,-0.1830,0.968
29.599265309,-0.2212,0.7913,-0.1913,0.844
29.600562848,-0.2792,0.6553,-0.1847,0.736
29.602885232,-0.3608,0.5190,-0.2001,0.663
29.606514463,-0.4648,0.3895,-0.2255,0.647
29.608108617,-0.5965,0.2553,-0.2595,0.699
29.61032654,-0.7609,0.1188,-0.2974,0.826
29.613603694,-0.9503,-0.0157,-0.3075,0.999
29.615245309,-1.1546,-0.1413,-0.2905,1.199
29.617511771,-1.3465,-0.2535,-0.2599,1.395
29.620163694,-1.5228,-0.3458,-0.2025,1.575
29.623555771,-1.6493,-0.4101,-0.1368,1.705
29.624999155,-1.7229,-0.4518,-0.0838,1.783
29.628106232,-1.7350,-0.4665,-0.0533,1.797
29.629820694,-1.6656,-0.4504,-0.0268,1.726
29.632707078,-1.5135,-0.3961,-0.0132,1.565
29.634381617,-1.3109,-0.2843,0.0119,1.341
29.637097309,-1.0888,-0.1208,0.0623,1.097
29.639671771,-0.8702,0.0823,0.1294,0.884
29.641563155,-0.6871,0.3057,0.1954,0.777
29.64415354,-0.5240,0.5395,0.2767,0.801
29.646729309,-0.4194,0.7936,0.2878,0.943
29.648913309,-0.3789,1.0487,0.2273,1.138
29.651827155,-0.3835,1.3245,0.1506,1.387
29.653980617,-0.4653,1.6856,0.0603,1.750
29.656814232,-0.5980,2.1009,-0.0263,2.185
29.658627771,-0.7421,2.4943,-0.1483,2.607
29.661203078,-0.8641,2.8121,-0.2157,2.950
29.664680002,-0.9295,3.0452,-0.2030,3.190
29.665865617,-0.9291,3.1728,-0.0774,3.307
29.668328309,-0.8760,3.2047,0.0898,3.323
29.670811771,-0.7859,3.1627,0.2012,3.265
29.673304078,-0.6726,3.0687,0.2245,3.150
29.675424694,-0.5464,2.9308,0.1670,2.986
29.677975155,-0.4160,2.7593,0.0576,2.791
29.686101232,-0.2865,2.5637,-0.0591,2.580
29.687251155,-0.1624,2.3466,-0.1568,2.357
29.68763054,-0.0595,2.1300,-0.2413,2.144
29.688096079,0.0046,1.9380,-0.3035,1.962
29.699980002,0.0274,1.7799,-0.3324,1.811
29.700872925,0.0075,1.6662,-0.3457,1.702
29.701360002,-0.0696,1.5888,-0.3601,1.631
29.701877232,-0.1651,1.5388,-0.3464,1.586
29.702247079,-0.2748,1.5016,-0.3384,1.564
29.702659771,-0.3845,1.4738,-0.3391,1.560
29.707880925,-0.4851,1.4412,-0.3535,1.561
29.709004694,-0.5653,1.3967,-0.3538,1.548
29.709527463,-0.6176,1.3352,-0.3196,1.505
29.711546232,-0.6491,1.2553,-0.2653,1.438
29.714182232,-0.6659,1.1630,-0.2397,1.361
29.716336002,-0.6759,1.0613,-0.2683,1.287
29.719083155,-0.6857,0.9621,-0.3171,1.223
29.722776694,-0.6869,0.8688,-0.3615,1.165
29.723711155,-0.6666,0.7589,-0.5103,1.132
29.72608654,-0.6298,0.6506,-0.6489,1.114
29.728652309,-0.5972,0.5632,-0.7139,1.088
29.731200617,-0.5620,0.4752,-0.7219,1.031
29.73330554,-0.5259,0.3944,-0.7014,0.961
29.736119771,-0.4993,0.3243,-0.6657,0.893
29.739065848,-0.4844,0.2674,-0.6298,0.838
29.740596617,-0.4746,0.2197,-0.5919,0.790
29.74297854,-0.4634,0.1715,-0.5487,0.738
29.745552925,-0.4653,0.1298,-0.4915,0.689
29.74805854,-0.4739,0.0865,-0.4160,0.636
29.750295463,-0.5037,0.0406,-0.2919,0.584
29.752778232,-0.5687,0.0019,-0.1476,0.588
29.755475386,-0.6726,-0.0419,-0.0112,0.674
29.757493925,-0.8308,-0.0800,0.0698,0.838
29.760400386,-1.0231,-0.1177,0.0421,1.031
29.762388386,-1.2459,-0.1445,-0.0687,1.256
29.765507386,-1.5095,-0.1641,-0.2636,1.541
29.767206771,-1.7411,-0.1865,-0.4119,1.799
29.770718155,-1.9009,-0.1960,-0.4559,1.965
29.773296309,-1.9710,-0.1936,-0.4258,2.026
29.774320925,-1.9428,-0.1811,-0.3520,1.983
29.776911079,-1.8149,-0.1662,-0.2502,1.840
29.783987771,-1.6097,-0.1440,-0.1327,1.622
29.784926155,-1.3861,-0.1203,-0.0166,1.391
29.785411771,-1.1772,-0.0966,0.0998,1.185
29.786405309,-0.9855,-0.0717,0.2103,1.010
29.796908617,-0.8020,-0.0427,0.3132,0.862
29.79814654,-0.6217,-0.0131,0.4020,0.741
29.798368694,-0.4492,0.0173,0.5377,0.701
29.798665617,-0.2999,0.0411,0.6419,0.710
29.799331155,-0.1783,0.0650,0.7165,0.741
29.800972079,-0.0800,0.0929,0.7546,0.764
29.803879694,0.0230,0.1019,0.7260,0.733
29.805711694,0.0613,0.1335,0.6887,0.704
29.808173002,0.1041,0.1422,0.6713,0.694
29.810278848,0.1292,0.1484,0.5589,0.592
29.813007694,0.1453,0.1530,0.4409,0.489
29.815103155,0.1312,0.1637,0.3305,0.391
29.818297232,0.1013,0.1757,0.2325,0.309
29.821549925,0.0525,0.1962,0.1541,0.255
29.822432002,-0.0078,0.2131,0.0889,0.231
29.825033617,-0.0710,0.2343,0.0272,0.246
29.829844002,-0.1467,0.2607,-0.0361,0.301
29.83116254,-0.2186,0.2898,-0.0897,0.374
29.832322771,-0.2894,0.3243,-0.1358,0.455
29.835023079,-0.3584,0.3531,-0.1886,0.537
29.838502232,-0.4140,0.3821,-0.2421,0.613
29.83959354,-0.4514,0.4002,-0.2453,0.651
29.842084002,-0.4805,0.4200,-0.2421,0.683
29.844532386,-0.4993,0.4356,-0.2338,0.703
29.847079463,-0.4988,0.4454,-0.2248,0.705
29.849148079,-0.4881,0.4523,-0.2126,0.699
29.851888386,-0.4746,0.4654,-0.2001,0.694
29.854344309,-0.4639,0.4855,-0.1908,0.698
29.856477848,-0.4480,0.5038,-0.1961,0.702
29.859012309,-0.4390,0.5276,-0.2131,0.719
29.863359386,-0.4436,0.5524,-0.2385,0.748
29.864996079,-0.4509,0.5715,-0.2692,0.776
29.866499155,-0.4597,0.5901,-0.2934,0.803
29.868977848,-0.4709,0.6133,-0.3107,0.833
29.871747386,-0.4849,0.6375,-0.3105,0.859
29.873451155,-0.5015,0.6631,-0.3061,0.886
29.875840309,-0.5222,0.7081,-0.2851,0.925
29.878128694,-0.5401,0.7498,-0.2560,0.959
29.885520694,-0.5480,0.8011,-0.2182,0.995
29.886317925,-0.5574,0.8490,-0.1805,1.032
29.886671079,-0.5536,0.9006,-0.1383,1.066
29.887572925,-0.5613,0.9646,-0.0982,1.120
29.890132694,-0.5631,1.0350,-0.0459,1.179
29.892317617,-0.5629,1.1119,-0.0026,1.246
29.896077617,-0.5457,1.1757,0.0281,1.296
29.897292386,-0.5266,1.2480,0.0908,1.358
29.90047054,-0.5208,1.3262,0.1599,1.434
29.90260954,-0.5369,1.3946,0.1988,1.508
29.904634771,-0.5743,1.4596,0.2296,1.585
29.90712554,-0.6068,1.5106,0.2540,1.648
29.909455155,-0.6517,1.5441,0.2765,1.699
29.91211054,-0.7104,1.5646,0.3002,1.744
29.914101617,-0.7763,1.5619,0.3107,1.772
29.916573002,-0.8284,1.5385,0.3151,1.775
29.919878771,-0.8970,1.5211,0.3092,1.793
29.921998771,-0.9540,1.4787,0.2892,1.783
29.923904079,-1.0102,1.4381,0.2482,1.775
29.926746771,-1.0468,1.3753,0.1917,1.739
29.928817232,-1.0781,1.3213,0.1467,1.712
29.931283155,-1.0930,1.2634,0.0940,1.673
29.933649232,-1.0905,1.1933,0.0407,1.617
29.93723754,-1.0719,1.1193,-0.0296,1.550
29.938516694,-1.0414,1.0366,-0.1009,1.473
29.940884002,-0.9975,0.9660,-0.1605,1.398
29.943456309,-0.9388,0.8928,-0.2348,1.317
29.94618254,-0.8662,0.8185,-0.2792,1.224
29.948430771,-0.7891,0.7652,-0.2788,1.134
29.950633232,-0.7157,0.7288,-0.2460,1.051
29.953611155,-0.6461,0.7176,-0.2143,0.989
29.955217002,-0.5831,0.7224,-0.1913,0.948
29.957667155,-0.5208,0.7415,-0.1717,0.922
29.960155155,-0.4826,0.7843,-0.1332,0.930
29.962726232,-0.4497,0.8239,-0.1546,0.951
29.964862232,-0.4248,0.8544,-0.1898,0.973
29.967834848,-0.4118,0.8903,-0.1984,1.001
29.975052925,-0.4013,0.9264,-0.2054,1.030
29.975941002,-0.4011,0.9668,-0.1933,1.064
29.976246155,-0.4064,1.0079,-0.1866,1.103
29.976953309,-0.4148,1.0438,-0.1852,1.138
29.986816386,-0.4257,1.0799,-0.1833,1.175
29.98728154,-0.4316,1.1080,-0.1935,1.205
29.987467694,-0.4385,1.1307,-0.2040,1.230
29.987873309,-0.4406,1.1461,-0.2122,1.246
29.990767771,-0.4338,1.1576,-0.2094,1.254
29.992780617,-0.4199,1.1640,-0.2035,1.254
29.993793617,-0.4064,1.1671,-0.1935,1.251
29.996459079,-0.3850,1.1679,-0.1849,1.244
29.998874848,-0.3623,1.1715,-0.1756,1.239
30.001026463,-0.3363,1.1703,-0.1676,1.229
30.004265309,-0.3085,1.1666,-0.1668,1.218
30.006077309,-0.2799,1.1581,-0.1666,1.203
30.008295079,-0.2571,1.1517,-0.1691,1.192
30.010669002,-0.2349,1.1424,-0.1705,1.179
30.013290771,-0.2159,1.1342,-0.1761,1.168
30.015484002,-0.2042,1.1263,-0.1833,1.159
30.017925309,-0.1881,1.1188,-0.2033,1.153
30.020227155,-0.1824,1.1156,-0.1930,1.147
30.02277354,-0.1976,1.1181,-0.1647,1.147
30.025549232,-0.2256,1.1263,-0.1400,1.157
30.027772002,-0.2669,1.1376,-0.1239,1.175
30.030503771,-0.3097,1.1498,-0.1104,1.196
30.032697232,-0.3549,1.1600,-0.1009,1.217
30.036033925,-0.4028,1.1730,-0.0933,1.244
30.037779694,-0.4511,1.1820,-0.0906,1.268
30.039743155,-0.4959,1.1896,-0.0885,1.292
30.042010155,-0.5352,1.1964,-0.0782,1.313
30.044600386,-0.5716,1.1935,-0.0615,1.325
30.047657925,-0.6034,1.1891,-0.0464,1.334
30.049512694,-0.6290,1.1840,-0.0373,1.341
30.052536925,-0.6510,1.1742,-0.0284,1.343
30.054261232,-0.6722,1.1654,-0.0110,1.345
30.056525309,-0.6928,1.1544,0.0111,1.346
30.059063079,-0.7099,1.1426,0.0207,1.345
30.06135354,-0.7202,1.1246,0.0221,1.336
30.063694232,-0.7283,1.1109,0.0209,1.329
30.066136617,-0.7353,1.0943,0.0192,1.319
30.073498232,-0.7318,1.0725,0.0185,1.299
30.074057848,-0.7187,1.0479,0.0009,1.271
30.074279694,-0.6994,1.0230,-0.0142,1.239
30.075854848,-0.6745,0.9958,-0.0324,1.203
30.087444309,-0.6461,0.9697,-0.0452,1.166
30.088480925,-0.6121,0.9460,-0.0589,1.128
30.088875463,-0.5721,0.9260,-0.0726,1.091
30.089107463,-0.5245,0.9094,-0.0845,1.053
30.089475079,-0.4805,0.8945,-0.0899,1.019
30.09048954,-0.4272,0.8789,-0.0943,0.982
30.095044079,-0.3666,0.8622,-0.0985,0.942
30.096057848,-0.3188,0.8559,-0.1060,0.919
30.097455155,-0.2850,0.8493,-0.1146,0.903
30.100028617,-0.2510,0.8486,-0.1187,0.893
30.102285925,-0.2220,0.8507,-0.1239,0.888
30.104512002,-0.2076,0.8595,-0.1304,0.894
30.107184079,-0.2044,0.8679,-0.1363,0.902
30.109627079,-0.1973,0.8728,-0.1405,0.906
30.111858232,-0.1895,0.8813,-0.1353,0.912
30.114269925,-0.1846,0.8903,-0.1432,0.920
30.11701454,-0.1788,0.8942,-0.1407,0.923
30.119435463,-0.1821,0.9055,-0.1427,0.935
30.121726463,-0.1868,0.9126,-0.1425,0.942
30.125250848,-0.1958,0.9208,-0.1402,0.952
30.128474155,-0.2122,0.9329,-0.1341,0.966
30.129295386,-0.2289,0.9465,-0.1275,0.982
30.131728617,-0.2580,0.9567,-0.1241,0.999
30.133734155,-0.2882,0.9746,-0.1265,1.024
30.136390232,-0.3209,0.9849,-0.1327,1.044
30.138694771,-0.3483,0.9979,-0.1400,1.066
30.141662771,-0.3703,1.0030,-0.1416,1.078
30.143618463,-0.3894,1.0024,-0.1351,1.084
30.146016386,-0.4038,0.9993,-0.1329,1.086
30.148591771,-0.4189,0.9991,-0.1412,1.093
30.151550155,-0.4304,0.9981,-0.1446,1.096
30.152874848,-0.4380,1.0056,-0.1353,1.105
30.155834232,-0.4350,1.0081,-0.1258,1.105
30.160041232,-0.4194,1.0044,-0.1155,1.095
30.160855386,-0.3984,0.9954,-0.1058,1.077
30.162640002,-0.3776,0.9819,-0.0885,1.056
30.16515854,-0.3630,0.9727,-0.0628,1.040
30.167718771,-0.3493,0.9634,-0.0312,1.025
30.170039771,-0.3398,0.9558,-0.0051,1.014
30.172385232,-0.3363,0.9560,-0.0032,1.013
30.175030155,-0.3302,0.9595,-0.0298,1.015
30.180497617,-0.3195,0.9760,-0.0911,1.031
30.180959694,-0.3014,0.9993,-0.1788,1.059
30.182593848,-0.2594,1.0217,-0.2732,1.089
30.190869925,-0.2014,1.0371,-0.3543,1.114
30.191836002,-0.1233,1.0496,-0.4314,1.141
30.191989232,-0.0378,1.0594,-0.4866,1.166
30.192207463,0.0464,1.0821,-0.5226,1.203
30.194531771,0.1185,1.1410,-0.5257,1.262
30.196106155,0.1922,1.2148,-0.5074,1.330
30.199225002,0.2541,1.3049,-0.3862,1.384
30.201222155,0.2976,1.4056,-0.2595,1.460
30.203402155,0.3716,1.4915,-0.1441,1.544
30.205893002,0.4857,1.5735,0.0232,1.647
30.208871155,0.5925,1.6694,0.1704,1.780
30.21074954,0.6799,1.7826,0.2410,1.923
30.21333054,0.7530,1.8969,0.3346,2.068
30.215992925,0.8104,2.0252,0.4942,2.237
30.218839694,0.8665,2.1373,0.5834,2.379
30.220437848,0.9450,2.3032,0.5294,2.545
30.223201002,1.0440,2.3660,0.7024,2.680
30.225275079,0.9818,2.4221,0.7524,2.720
30.228065309,0.9340,2.4146,0.7791,2.704
30.230066155,0.9191,2.3317,0.7304,2.611
30.232496309,0.8661,2.2026,0.6097,2.444
30.234959386,0.7637,2.0137,0.3847,2.188
30.237699386,0.6320,1.8372,0.1716,1.950
30.239812694,0.5306,1.6562,-0.0026,1.739
30.242442771,0.4551,1.4787,-0.1654,1.556
30.244639771,0.3918,1.2893,-0.2902,1.378
30.24726654,0.3377,1.1207,-0.3736,1.229
30.251283771,0.2919,1.0039,-0.3426,1.100
30.252268002,0.2294,0.8446,-0.4761,0.996
30.254342463,0.1478,0.6860,-0.5248,0.876
30.256737848,0.0589,0.5458,-0.5022,0.744
30.259433848,-0.0344,0.4324,-0.4828,0.649
30.261408925,-0.1355,0.3396,-0.4476,0.578
30.264131771,-0.2403,0.2726,-0.4566,0.584
30.266906155,-0.3185,0.2234,-0.4752,0.614
30.269265232,-0.3886,0.1955,-0.4871,0.653
30.271321002,-0.4394,0.1806,-0.5201,0.704
30.273807079,-0.4705,0.1847,-0.5338,0.735
30.275915079,-0.4922,0.2113,-0.5264,0.751
30.278278848,-0.4942,0.2676,-0.5101,0.759
30.281333617,-0.4776,0.3245,-0.5057,0.768
30.287228309,-0.4421,0.3867,-0.5187,0.784
30.287886771,-0.3769,0.4540,-0.5226,0.788
30.288244002,-0.3612,0.5263,-0.5118,0.818
30.29909354,-0.3630,0.6135,-0.4109,0.823
30.300216002,-0.3901,0.7179,-0.3833,0.902
30.300723386,-0.4441,0.8434,-0.2607,0.988
30.301078463,-0.5711,0.9858,-0.1519,1.149
30.301269232,-0.7670,1.1486,0.0825,1.384
30.302397617,-0.8836,1.3379,0.3092,1.633
30.304876617,-0.9992,1.4810,0.2379,1.802
30.30772954,-1.1154,1.5835,0.1646,1.944
30.309525848,-1.2207,1.6186,0.0837,2.029
30.312319386,-1.3121,1.6145,-0.0230,2.081
30.314522232,-1.3668,1.5698,-0.0513,2.082
30.316728617,-1.3871,1.4987,-0.0476,2.043
30.319384694,-1.4040,1.4230,-0.0386,1.999
30.321756617,-1.4074,1.3318,-0.0212,1.938
30.325320079,-1.3857,1.2343,-0.0110,1.856
30.326480694,-1.3268,1.1321,-0.0065,1.744
30.329170155,-1.2344,1.0338,-0.0191,1.610
30.331505617,-1.1231,0.9521,-0.0461,1.473
30.333872002,-0.9989,0.8866,-0.0860,1.338
30.336429232,-0.8739,0.8305,-0.1278,1.212
30.338816694,-0.7432,0.7808,-0.1661,1.091
30.341192002,-0.6237,0.7368,-0.2013,0.986
30.343476617,-0.5064,0.7000,-0.2323,0.895
30.34618154,-0.3901,0.6741,-0.2646,0.823
30.350036309,-0.2780,0.6616,-0.2932,0.775
30.351056386,-0.1888,0.6521,-0.3347,0.757
30.353306463,-0.1167,0.6499,-0.3762,0.760
30.35582254,-0.0554,0.6555,-0.4207,0.781
30.358136386,-0.0031,0.6741,-0.4566,0.814
30.360496386,0.0412,0.7100,-0.4759,0.856
30.363207079,0.0929,0.7469,-0.5057,0.907
30.367278155,0.1412,0.7823,-0.5336,0.957
30.368251463,0.1877,0.8212,-0.5604,1.012
30.370410463,0.2325,0.8551,-0.5788,1.058
30.372492386,0.2734,0.8989,-0.5541,1.091
30.374828694,0.3054,0.9580,-0.5047,1.125
30.377224386,0.3161,1.0147,-0.4715,1.163
30.379712925,0.3117,1.0704,-0.4446,1.200
30.386836925,0.3105,1.1193,-0.4176,1.234
30.387197232,0.3222,1.1642,-0.3877,1.269
30.387505925,0.3252,1.1984,-0.3675,1.295
30.400387694,0.3291,1.2238,-0.3782,1.322
30.401128386,0.3173,1.2390,-0.3887,1.337
30.401705309,0.3179,1.2502,-0.3755,1.344
30.401939694,0.3122,1.2565,-0.3515,1.342
30.402152386,0.2990,1.2565,-0.3222,1.331
30.402383155,0.2849,1.2467,-0.2876,1.311
30.404984386,0.2719,1.2338,-0.2573,1.289
30.406249309,0.2721,1.2141,-0.2284,1.265
30.408434463,0.2692,1.1898,-0.2094,1.238
30.411332309,0.2660,1.1635,-0.1935,1.209
30.413629925,0.2511,1.1379,-0.1886,1.180
30.416047079,0.2157,1.1144,-0.1847,1.150
30.418095771,0.1639,1.1039,-0.1952,1.133
30.420755463,0.1116,1.0921,-0.2196,1.120
30.423644694,0.0613,1.0787,-0.2502,1.109
30.426466463,0.0166,1.0633,-0.2837,1.101
30.427974771,-0.0229,1.0443,-0.3147,1.091
30.430429232,-0.0583,1.0254,-0.3415,1.082
30.432706155,-0.0915,1.0073,-0.3554,1.072
30.435244079,-0.1243,0.9914,-0.3608,1.062
30.437575771,-0.1572,0.9746,-0.3631,1.052
30.440493848,-0.1878,0.9590,-0.3611,1.042
30.448890848,-0.2175,0.9453,-0.3569,1.034
30.449444079,-0.2386,0.9338,-0.3464,1.024
30.450243463,-0.2580,0.9208,-0.3379,1.014
30.451237848,-0.2801,0.9103,-0.3320,1.009
30.45190254,-0.3002,0.8977,-0.3366,1.005
30.454490848,-0.3060,0.8871,-0.3249,0.993
30.457639079,-0.3072,0.8796,-0.3173,0.984
30.459255463,-0.3018,0.8724,-0.3088,0.973
30.462461232,-0.2909,0.8619,-0.3098,0.961
30.464722232,-0.2606,0.8532,-0.3081,0.944
30.466347463,-0.2222,0.8456,-0.3037,0.926
30.469086848,-0.1834,0.8374,-0.3023,0.909
30.473037848,-0.1443,0.8276,-0.3035,0.893
30.473825925,-0.1057,0.8180,-0.3110,0.881
30.476227771,-0.0724,0.8119,-0.3117,0.873
30.478646463,-0.0478,0.8097,-0.3142,0.870
30.484301309,-0.0270,0.8072,-0.3135,0.866
30.484829848,-0.0127,0.8129,-0.3105,0.870
30.485614155,-0.0136,0.8229,-0.3063,0.878
30.488359463,-0.0170,0.8341,-0.2958,0.885
30.493973617,-0.0309,0.8498,-0.2851,0.897
30.494605925,-0.0478,0.8649,-0.2741,0.909
30.495718771,-0.0703,0.8889,-0.2623,0.929
30.502301848,-0.0910,0.9108,-0.2570,0.951
30.502725232,-0.1106,0.9311,-0.2536,0.971
30.503067079,-0.1243,0.9539,-0.2497,0.994
30.506262463,-0.1345,0.9721,-0.2455,1.012
30.507373617,-0.1401,0.9868,-0.2499,1.028
30.509921309,-0.1365,1.0007,-0.2607,1.043
30.51225854,-0.1360,1.0079,-0.2744,1.053
30.514851694,-0.1277,1.0137,-0.2814,1.060
30.517165848,-0.1243,1.0205,-0.2873,1.067
30.519640079,-0.1201,1.0224,-0.2893,1.069
30.521946771,-0.1138,1.0271,-0.2930,1.074
30.524298463,-0.1040,1.0320,-0.2968,1.079
30.526829002,-0.0989,1.0315,-0.2946,1.077
30.529097848,-0.0901,1.0289,-0.2995,1.075
30.531584079,-0.0854,1.0273,-0.3014,1.074
30.533872079,-0.0822,1.0198,-0.3044,1.067
30.536764694,-0.0781,1.0171,-0.3103,1.066
30.538968925,-0.0766,1.0091,-0.3091,1.058
30.541142463,-0.0732,1.0035,-0.3110,1.053
30.543620694,-0.0715,0.9968,-0.3115,1.047
30.547783771,-0.0649,0.9905,-0.3051,1.038
30.548819694,-0.0574,0.9830,-0.2998,1.029
30.550864386,-0.0481,0.9712,-0.2925,1.015
30.553359694,-0.0361,0.9634,-0.2907,1.007
30.555717848,-0.0244,0.9536,-0.2890,0.997
30.55798254,-0.0072,0.9399,-0.2905,0.984
30.560930232,0.0078,0.9304,-0.2934,0.976
30.563262848,0.0193,0.9243,-0.2968,0.971
30.565592694,0.0328,0.9169,-0.3017,0.966
30.56790954,0.0391,0.9099,-0.3058,0.961
30.575638232,0.0442,0.9084,-0.3086,0.960
30.576324386,0.0389,0.9075,-0.3147,0.961
30.576644925,0.0342,0.9047,-0.3179,0.960
30.577401309,0.0263,0.9124,-0.3205,0.967
30.591407079,0.0144,0.9192,-0.3252,0.975
30.593197309,-0.0004,0.9299,-0.3271,0.986
30.593618155,-0.0134,0.9404,-0.3264,0.996
30.593765848,-0.0276,0.9534,-0.3244,1.007
30.59392154,-0.0361,0.9651,-0.3207,1.018
30.594065848,-0.0470,0.9778,-0.3161,1.029
30.594168079,-0.0593,0.9851,-0.3107,1.035
30.599546232,-0.0705,0.9883,-0.3037,1.036
30.600171079,-0.0747,0.9930,-0.2944,1.038
30.602681617,-0.0808,0.9951,-0.2870,1.039
30.605681002,-0.0864,0.9924,-0.2795,1.035
30.606480694,-0.0884,0.9902,-0.2741,1.031
30.609441232,-0.0945,0.9846,-0.2729,1.026
30.611516694,-0.0964,0.9851,-0.2726,1.027
30.613802232,-0.0989,0.9768,-0.2772,1.020
30.616387463,-0.1022,0.9712,-0.2849,1.017
30.618844309,-0.1069,0.9636,-0.2878,1.011
30.621720694,-0.1089,0.9619,-0.2878,1.010
30.623183155,-0.1118,0.9546,-0.2914,1.004
30.625609848,-0.1150,0.9527,-0.2965,1.004
30.628182232,-0.1133,0.9529,-0.3019,1.006
30.630870232,-0.1159,0.9531,-0.3066,1.008
30.633475463,-0.1180,0.9534,-0.3139,1.011
30.635890463,-0.1199,0.9539,-0.3168,1.012
30.638232386,-0.1211,0.9543,-0.3228,1.015
30.64003054,-0.1208,0.9563,-0.3244,1.017
30.642664925,-0.1180,0.9595,-0.3277,1.021
30.645110848,-0.1133,0.9607,-0.3232,1.020
30.647555079,-0.1111,0.9648,-0.3142,1.021
30.649746155,-0.1120,0.9641,-0.3002,1.016
30.653072002,-0.1094,0.9692,-0.2907,1.018
30.654967771,-0.1106,0.9732,-0.2895,1.021
30.657064694,-0.1118,0.9763,-0.2870,1.024
30.659776079,-0.1147,0.9727,-0.2870,1.021
30.662007079,-0.1228,0.9737,-0.2816,1.021
30.664383694,-0.1287,0.9692,-0.2785,1.017
30.667042848,-0.1331,0.9646,-0.2783,1.013
30.671558848,-0.1338,0.9585,-0.2814,1.008
30.672276002,-0.1311,0.9518,-0.2849,1.002
30.674239386,-0.1243,0.9424,-0.2914,0.994
30.676151155,-0.1196,0.9360,-0.2937,0.988
30.683656925,-0.1125,0.9304,-0.2963,0.983
30.684370848,-0.1062,0.9223,-0.2963,0.975
30.684768002,-0.0994,0.9204,-0.3014,0.974
30.68716154,-0.0950,0.9145,-0.3066,0.969
30.693689309,-0.0930,0.9157,-0.3132,0.972
30.694576617,-0.0961,0.9184,-0.3215,0.978
30.69494154,-0.0954,0.9229,-0.3324,0.986
30.695432925,-0.0979,0.9269,-0.3447,0.994
30.701979771,-0.0991,0.9357,-0.3540,1.005
30.702660079,-0.0977,0.9369,-0.3664,1.011
30.703087079,-0.0998,0.9455,-0.3792,1.024
30.705766155,-0.0959,0.9502,-0.3843,1.029
30.707605925,-0.0945,0.9518,-0.3911,1.033
30.710178155,-0.0896,0.9511,-0.3980,1.035
30.712464925,-0.0891,0.9539,-0.4027,1.039
30.715021309,-0.0920,0.9588,-0.3987,1.042
30.71742554,-0.0971,0.9621,-0.3904,1.043
30.720689617,-0.1001,0.9668,-0.3813,1.044
30.722005925,-0.1062,0.9690,-0.3764,1.045
30.724446848,-0.1125,0.9768,-0.3773,1.053
30.727058848,-0.1196,0.9768,-0.3785,1.054
30.729486848,-0.1277,0.9763,-0.3806,1.056
30.731971386,-0.1343,0.9788,-0.3789,1.058
30.734526232,-0.1423,0.9809,-0.3808,1.062
30.737698155,-0.1470,0.9827,-0.3818,1.064
30.739219386,-0.1536,0.9802,-0.3848,1.064
30.74155754,-0.1511,0.9785,-0.3860,1.063
30.744016617,-0.1516,0.9756,-0.3894,1.061
30.747009925,-0.1478,0.9763,-0.3911,1.062
30.74875754,-0.1416,0.9714,-0.3936,1.058
30.751345232,-0.1353,0.9724,-0.3926,1.057
30.753999694,-0.1277,0.9756,-0.3874,1.057
30.755805848,-0.1272,0.9744,-0.3894,1.057
30.758444079,-0.1308,0.9768,-0.3885,1.059
30.762404309,-0.1365,0.9741,-0.3811,1.055
30.763803694,-0.1462,0.9763,-0.3750,1.056
30.765633309,-0.1575,0.9800,-0.3684,1.059
30.769319386,-0.1673,0.9834,-0.3584,1.060
30.771521309,-0.1768,0.9832,-0.3457,1.057
30.77290554,-0.1829,0.9839,-0.3315,1.054
30.775612617,-0.1851,0.9883,-0.3119,1.053
30.77781754,-0.1888,0.9902,-0.2981,1.051
30.780055694,-0.1832,0.9910,-0.2932,1.050
30.782329232,-0.1732,0.9934,-0.2893,1.049
30.784989232,-0.1595,0.9881,-0.2942,1.043
30.790506848,-0.1455,0.9853,-0.3044,1.041
30.791384386,-0.1329,0.9851,-0.3127,1.042
30.793264617,-0.1213,0.9825,-0.3168,1.039
30.794532079,-0.1113,0.9800,-0.3156,1.036
30.800580002,-0.1033,0.9781,-0.3058,1.030
30.801254463,-0.0964,0.9795,-0.2925,1.027
30.801869617,-0.0886,0.9814,-0.2790,1.024
30.809356386,-0.0822,0.9809,-0.2663,1.020
30.809912309,-0.0800,0.9827,-0.2616,1.020
30.810219079,-0.0803,0.9849,-0.2607,1.022
30.812346848,-0.0781,0.9924,-0.2543,1.027
30.813728386,-0.0812,1.0030,-0.2480,1.036
30.816081232,-0.0825,1.0091,-0.2357,1.040
30.818627694,-0.0817,1.0217,-0.2187,1.048
30.820829002,-0.0798,1.0328,-0.1996,1.055
30.823313309,-0.0717,1.0433,-0.1879,1.062
30.826364617,-0.0626,1.0425,-0.1788,1.060
30.828384002,-0.0483,1.0376,-0.1817,1.055
30.830844694,-0.0307,1.0342,-0.1901,1.052
30.833203155,-0.0160,1.0284,-0.1959,1.047
30.836473232,-0.0031,1.0252,-0.2038,1.045
30.837821309,0.0083,1.0237,-0.2087,1.045
30.840479694,0.0149,1.0245,-0.2084,1.046
30.842988925,0.0200,1.0269,-0.2118,1.049
30.845592386,0.0239,1.0293,-0.2131,1.051
30.847504617,0.0232,1.0369,-0.2069,1.058
30.850166155,0.0156,1.0457,-0.2047,1.066
30.85298954,0.0009,1.0575,-0.2069,1.078
30.854879694,-0.0197,1.0694,-0.2033,1.089
30.857084617,-0.0344,1.0853,-0.2084,1.106
30.859774155,-0.0522,1.0995,-0.2220,1.123
30.862069002,-0.0679,1.1188,-0.2436,1.147
30.864590771,-0.0728,1.1381,-0.2609,1.170
30.867088386,-0.0742,1.1659,-0.2719,1.200
30.869411694,-0.0810,1.1977,-0.2853,1.234
30.87154654,-0.0849,1.2329,-0.2946,1.270
30.874645617,-0.0845,1.2719,-0.3054,1.311
30.876743771,-0.0771,1.3105,-0.3105,1.349
30.882840694,-0.0712,1.3477,-0.2981,1.382
30.883456309,-0.0607,1.3767,-0.2851,1.407
30.884600309,-0.0512,1.4072,-0.2562,1.431
30.88617754,-0.0483,1.4351,-0.2138,1.452
30.897668925,-0.0434,1.4610,-0.1530,1.470
30.898464079,-0.0351,1.4857,-0.0857,1.489
30.899045848,-0.0334,1.5038,-0.0340,1.505
30.899469002,-0.0388,1.5153,0.0085,1.516
30.899786848,-0.0488,1.5241,0.0532,1.526
30.900673232,-0.0668,1.5292,0.0877,1.533
30.904643771,-0.0950,1.5274,0.1120,1.534
30.905128694,-0.1313,1.5248,0.1226,1.535
30.907846232,-0.1670,1.5246,0.1294,1.539
30.910583386,-0.2054,1.5274,0.1374,1.547
30.912554463,-0.2499,1.5229,0.1402,1.550
30.915296694,-0.2934,1.5260,0.1421,1.560
30.918740694,-0.3302,1.5334,0.1497,1.576
30.919817925,-0.3598,1.5458,0.1656,1.596
30.922207463,-0.3813,1.5556,0.1797,1.612
30.925086771,-0.3884,1.5639,0.2076,1.625
30.927287694,-0.3833,1.5702,0.2286,1.632
30.929404617,-0.3703,1.5700,0.2413,1.631
30.932235463,-0.3479,1.5642,0.2567,1.623
30.935346232,-0.3216,1.5568,0.2543,1.610
30.936867386,-0.2983,1.5411,0.2418,1.588
30.939476925,-0.2813,1.5187,0.2230,1.561
30.941967463,-0.2677,1.4960,0.1802,1.530
30.944354155,-0.2552,1.4742,0.1373,1.502
30.946505232,-0.2445,1.4456,0.1038,1.470
30.948951771,-0.2396,1.4178,0.0612,1.439
30.951883694,-0.2352,1.3948,0.0134,1.415
30.953597925,-0.2325,1.3697,-0.0368,1.390
30.956242463,-0.2333,1.3438,-0.0899,1.367
30.95889454,-0.2303,1.3159,-0.1427,1.344
30.961330463,-0.2330,1.2912,-0.1924,1.326
30.963496079,-0.2317,1.2651,-0.2364,1.308
30.966248002,-0.2296,1.2365,-0.2760,1.288
30.968726463,-0.2308,1.2150,-0.3079,1.274
30.970617002,-0.2281,1.1866,-0.3277,1.252
30.973302232,-0.2293,1.1588,-0.3410,1.229
30.976655771,-0.2366,1.1358,-0.3426,1.210
30.977854232,-0.2442,1.1102,-0.3464,1.188
30.980124386,-0.2475,1.0853,-0.3440,1.165
30.982740386,-0.2531,1.0513,-0.3256,1.129
30.989323079,-0.2618,1.0240,-0.3132,1.102
30.990129925,-0.2829,1.0022,-0.3063,1.086
30.991035771,-0.3065,0.9741,-0.3105,1.067
31.003346232,-0.3395,0.9541,-0.3173,1.061
31.004201925,-0.3700,0.9338,-0.3342,1.059
31.004527694,-0.3991,0.9220,-0.3755,1.073
31.004822463,-0.4439,0.9155,-0.4368,1.107
31.005107694,-0.5037,0.9111,-0.4901,1.151
31.005565232,-0.5550,0.9028,-0.5224,1.181
31.006636694,-0.6070,0.8984,-0.5292,1.206
31.011777309,-0.6463,0.8781,-0.5128,1.205
31.012616617,-0.7290,0.8735,-0.4935,1.240
31.013884002,-0.8772,0.8803,-0.4886,1.335
31.016553002,-1.0307,0.8842,-0.4708,1.437
31.019123386,-1.1573,0.8688,-0.4535,1.516
31.021075386,-1.2579,0.8579,-0.4288,1.582
31.023718156,-1.3188,0.8341,-0.3882,1.608
31.026016617,-1.3579,0.8072,-0.3310,1.614
31.028278232,-1.3796,0.7823,-0.3002,1.614
31.031137309,-1.3835,0.7523,-0.2663,1.597
31.034325309,-1.3735,0.7230,-0.2294,1.569
31.035519386,-1.3581,0.6890,-0.1852,1.534
31.038065848,-1.3256,0.6504,-0.1449,1.484
31.040628925,-1.2745,0.6028,-0.1151,1.415
31.043056386,-1.2413,0.5917,-0.0510,1.376
31.045369002,-1.2049,0.5775,-0.0699,1.338
31.047839694,-1.1529,0.5376,-0.1094,1.277
31.05034254,-1.0971,0.4941,-0.1302,1.210
31.052431771,-1.0495,0.4573,-0.1370,1.153
31.055104617,-0.9994,0.4219,-0.1329,1.093
31.057547156,-0.9613,0.3912,-0.1199,1.045
31.059772309,-0.9173,0.3634,-0.0978,0.992
31.062346848,-0.8682,0.3418,-0.0731,0.936
31.064799463,-0.8147,0.3222,-0.0496,0.878
31.06794954,-0.7700,0.3057,-0.0266,0.829
31.069637617,-0.7280,0.2989,0.0095,0.787
31.07329454,-0.6957,0.2991,0.0209,0.758
31.074421309,-0.6671,0.3010,0.0202,0.732
31.077264694,-0.6363,0.3066,0.0223,0.707
31.079155386,-0.6129,0.3198,0.0304,0.692
31.081825848,-0.5983,0.3371,0.0747,0.691
31.088024617,-0.5872,0.3597,0.1145,0.698
31.088667079,-0.5746,0.3853,0.1578,0.710
31.089044079,-0.5685,0.4176,0.1873,0.730
31.09911454,-0.5562,0.4484,0.2203,0.748
31.099829232,-0.5410,0.4659,0.1907,0.739
31.099978463,-0.5259,0.4892,0.1805,0.741
31.100117002,-0.5159,0.5187,0.1814,0.754
31.100782848,-0.5088,0.5453,0.1875,0.769
31.102926156,-0.4963,0.5698,0.1853,0.778
31.105783386,-0.4756,0.5840,0.1765,0.774
31.108654463,-0.4483,0.5905,0.1702,0.761
31.110240079,-0.4136,0.5856,0.1580,0.734
31.112975771,-0.3793,0.5837,0.1485,0.712
31.115163156,-0.3402,0.5793,0.1462,0.688
31.117725925,-0.2955,0.5637,0.1311,0.650
31.120178232,-0.2613,0.5395,0.1101,0.609
31.122728309,-0.2310,0.5234,0.1028,0.581
31.124965002,-0.2010,0.5038,0.1091,0.553
31.127185848,-0.1781,0.4882,0.1204,0.533
31.130313848,-0.1472,0.4618,0.1013,0.495
31.132623771,-0.1150,0.4479,0.1125,0.476
31.134896925,-0.1069,0.4347,0.1248,0.465
31.137369232,-0.1174,0.4284,0.1275,0.462
31.140177002,-0.1192,0.4179,0.1035,0.447
31.142259463,-0.1103,0.4119,0.1057,0.439
31.144166156,-0.0938,0.4090,0.1301,0.439
31.14686654,-0.0656,0.4007,0.1272,0.426
31.149973309,-0.0507,0.4032,0.1321,0.427
31.151923156,-0.0365,0.4073,0.1264,0.428
31.154025925,-0.0029,0.3951,0.1125,0.411
31.156285925,-0.0004,0.4127,0.1262,0.432
31.158722771,0.0149,0.4198,0.1324,0.440
31.161069309,0.0440,0.4230,0.1292,0.444
31.163713848,0.0476,0.4337,0.1236,0.453
31.166356694,0.0479,0.4468,0.1047,0.461
31.168224617,0.0403,0.4638,0.0842,0.473
31.170706463,0.0286,0.4792,0.0588,0.484
31.173223463,0.0179,0.4877,0.0297,0.489
31.175693848,-0.0070,0.5102,0.0139,0.510
31.178819694,-0.0204,0.5214,-0.0070,0.522
31.180858463,-0.0265,0.5239,-0.0364,0.526
31.187112079,-0.0705,0.5568,-0.0528,0.564
31.18800254,-0.0869,0.5768,-0.0752,0.588
31.188355386,-0.0926,0.5798,-0.1006,0.596
31.199998463,-0.1171,0.6066,-0.1090,0.627
31.200950848,-0.1490,0.6343,-0.1158,0.662
31.20114954,-0.1611,0.6518,-0.1327,0.684
31.201328002,-0.1692,0.6680,-0.1421,0.704
31.201515386,-0.1765,0.6825,-0.1470,0.720
31.202225925,-0.1802,0.6968,-0.1495,0.735
31.205190232,-0.1676,0.7024,-0.1373,0.735
31.208621309,-0.1667,0.7184,-0.1183,0.747
31.209466232,-0.1599,0.7379,-0.0975,0.761
31.212869925,-0.1567,0.7594,-0.0813,0.780
31.214600002,-0.1438,0.7774,-0.0708,0.794
31.217055463,-0.1401,0.7938,-0.0669,0.809
31.21905454,-0.1504,0.8114,-0.0759,0.829
31.221441617,-0.1208,0.7929,-0.1050,0.809
31.223820925,-0.0586,0.7615,-0.1414,0.777
31.226130156,-0.1646,0.8737,-0.0860,0.893
31.22855054,-0.2175,0.9485,-0.0540,0.975
31.23192554,-0.2303,0.9741,-0.0613,1.003
31.23384954,-0.2235,0.9914,-0.0936,1.021
31.235893848,-0.2137,1.0037,-0.1283,1.034
31.23905454,-0.2032,1.0128,-0.1437,1.043
31.241092386,-0.1983,1.0273,-0.1468,1.057
31.243778463,-0.1912,1.0410,-0.1507,1.069
31.24562154,-0.1893,1.0564,-0.1661,1.086
31.249069848,-0.1858,1.0676,-0.1654,1.096
31.25036554,-0.1888,1.0829,-0.1490,1.109
31.253217925,-0.2066,1.0902,-0.1221,1.116
31.255388617,-0.2098,1.1014,-0.1053,1.126
31.257637002,-0.2100,1.1136,-0.0820,1.136
31.260440002,-0.2230,1.1209,-0.0515,1.144
31.262722232,-0.2256,1.1197,-0.0210,1.142
31.265996079,-0.2391,1.1273,0.0085,1.152
31.267320694,-0.2557,1.1268,0.0297,1.156
31.269561002,-0.2731,1.1261,0.0463,1.160
31.272103771,-0.2953,1.1227,0.0630,1.163
31.274771079,-0.3326,1.1253,0.0732,1.176
31.276789848,-0.3596,1.1216,0.0696,1.180
31.279710156,-0.3864,1.1216,0.0703,1.188
31.285988925,-0.4169,1.1268,0.0698,1.204
31.286766771,-0.4495,1.1337,0.0705,1.222
31.287016694,-0.4846,1.1430,0.0708,1.243
31.297527079,-0.5220,1.1540,0.0671,1.268
31.298151079,-0.5567,1.1612,0.0659,1.289
31.298375694,-0.5797,1.1617,0.0574,1.300
31.298879156,-0.6029,1.1603,0.0461,1.308
31.299152925,-0.6202,1.1608,0.0351,1.317
31.301581848,-0.6314,1.1537,0.0241,1.315
31.304710232,-0.6623,1.1698,0.0316,1.345
31.306971386,-0.6705,1.1654,0.0239,1.345
31.308127694,-0.6769,1.1635,0.0244,1.346
31.310372617,-0.6774,1.1598,0.0204,1.343
31.312924309,-0.6794,1.1556,0.0180,1.341
31.315417925,-0.6838,1.1566,0.0192,1.344
31.317634232,-0.6950,1.1581,0.0251,1.351
31.320272694,-0.6994,1.1596,0.0170,1.354
31.32313854,-0.7013,1.1547,0.0119,1.351
31.325613848,-0.7038,1.1532,0.0134,1.351
31.327663079,-0.7082,1.1540,0.0176,1.354
31.330077309,-0.7155,1.1528,0.0102,1.357
31.332464002,-0.7150,1.1454,0.0031,1.350
31.334718463,-0.7057,1.1398,0.0021,1.341
31.337279156,-0.6879,1.1249,0.0004,1.319
31.339680617,-0.6620,1.1132,0.0004,1.295
31.343047771,-0.6237,1.1029,-0.0086,1.267
31.344746771,-0.5799,1.0872,-0.0251,1.232
31.348199079,-0.5362,1.0738,-0.0530,1.201
31.349670156,-0.4973,1.0626,-0.0852,1.176
31.352705925,-0.4639,1.0569,-0.1153,1.160
31.354335079,-0.4338,1.0503,-0.1437,1.145
31.356864617,-0.4033,1.0469,-0.1707,1.135
31.35980254,-0.3786,1.0526,-0.1903,1.135
31.361531771,-0.3598,1.0562,-0.2033,1.134
31.364439079,-0.3458,1.0680,-0.2103,1.142
31.366062771,-0.3363,1.0801,-0.2126,1.151
31.368491771,-0.3314,1.0921,-0.2098,1.160
31.371720386,-0.3270,1.1043,-0.2025,1.169
31.377013848,-0.3256,1.1183,-0.1964,1.181
31.377466232,-0.3239,1.1273,-0.1903,1.188
31.378054156,-0.3204,1.1370,-0.1866,1.196
31.385189309,-0.3165,1.1437,-0.1791,1.200
31.385881309,-0.3083,1.1454,-0.1703,1.198
31.386656002,-0.2997,1.1488,-0.1549,1.197
31.388376386,-0.2899,1.1500,-0.1397,1.194
31.396146771,-0.2777,1.1456,-0.1365,1.187
31.396894463,-0.2636,1.1444,-0.1270,1.181
31.397110156,-0.2379,1.1449,-0.1038,1.174
31.397553232,-0.2124,1.1451,-0.0892,1.168
31.400495156,-0.1870,1.1395,-0.0738,1.157
31.403151079,-0.1616,1.1321,-0.0550,1.145
31.405543694,-0.1536,1.1205,-0.0379,1.132
31.406928002,-0.1529,1.1065,-0.0179,1.117
31.409329309,-0.1539,1.0931,0.0043,1.104
31.41234954,-0.1697,1.0797,0.0346,1.093
31.414738771,-0.1902,1.0674,0.0649,1.086
31.418138463,-0.2198,1.0559,0.0877,1.082
31.419216002,-0.2615,1.0450,0.0998,1.082
31.422289309,-0.3055,1.0369,0.0933,1.085
31.423840079,-0.3571,1.0308,0.0828,1.094
31.426509309,-0.4099,1.0273,0.0722,1.108
31.428955079,-0.4673,1.0193,0.0700,1.123
31.431219463,-0.5120,1.0144,0.0666,1.138
31.433663079,-0.5555,1.0012,0.0637,1.147
31.436349925,-0.5829,0.9898,0.0581,1.150
31.438727156,-0.6104,0.9737,0.0495,1.150
31.440768617,-0.6375,0.9578,0.0432,1.151
31.443707771,-0.6649,0.9448,0.0319,1.156
31.445797002,-0.6857,0.9341,0.0202,1.159
31.448573309,-0.7048,0.9243,0.0067,1.162
31.456083463,-0.7141,0.9089,-0.0063,1.156
31.456870848,-0.7150,0.8857,-0.0210,1.138
31.457251079,-0.7050,0.8668,-0.0284,1.118
31.459567386,-0.6874,0.8488,-0.0332,1.093
31.460361925,-0.6603,0.8263,-0.0428,1.059
31.462665848,-0.6278,0.8102,-0.0513,1.026
31.464857925,-0.5862,0.7931,-0.0552,0.988
31.467348694,-0.5426,0.7792,-0.0571,0.951
31.46985354,-0.4939,0.7769,-0.0701,0.923
31.472180309,-0.4360,0.7850,-0.0862,0.902
31.474429002,-0.3637,0.8095,-0.0945,0.892
31.477056617,-0.2934,0.8549,-0.0808,0.907
31.482792925,-0.2249,0.8994,-0.0420,0.928
31.483487771,-0.1572,0.9426,0.0095,0.956
31.483985232,-0.0940,0.9832,0.0630,0.990
31.486810771,-0.0370,1.0198,0.1148,1.027
31.490446848,0.0093,1.0594,0.1788,1.074
31.491393309,0.0491,1.1007,0.2580,1.132
31.493997309,0.0823,1.1554,0.3390,1.207
31.498989309,0.0987,1.2218,0.4302,1.299
31.499280694,0.1141,1.2912,0.4627,1.376
31.50129454,0.1356,1.3508,0.4541,1.432
31.504417617,0.1722,1.3911,0.3864,1.454
31.505833925,0.2226,1.4119,0.3034,1.461
31.508264309,0.2543,1.4398,0.2477,1.483
31.510864002,0.2541,1.4691,0.1343,1.497
31.513265848,0.2377,1.4845,-0.0161,1.503
31.515337617,0.1982,1.4906,-0.0908,1.506
31.518139463,0.1519,1.4933,-0.1441,1.508
31.520789309,0.1176,1.4843,-0.1849,1.500
31.522592694,0.1021,1.4608,-0.2159,1.480
31.525257617,0.1041,1.4281,-0.2499,1.453
31.527504617,0.0997,1.3976,-0.2986,1.433
31.530249309,0.0962,1.3685,-0.2824,1.401
31.532451463,0.0953,1.3286,-0.3232,1.371
31.535037309,0.0899,1.2730,-0.3550,1.325
31.537268617,0.0887,1.1999,-0.3384,1.250
31.539505848,0.0982,1.1200,-0.2925,1.162
31.542048309,0.1029,1.0487,-0.2401,1.081
31.545200079,0.0985,0.9937,-0.1497,1.010
31.54672554,0.0916,0.9585,-0.0173,0.963
31.549179386,0.0757,0.9255,0.0537,0.930
31.55184654,0.0503,0.9047,0.1099,0.913
31.554462232,0.0090,0.8954,0.1429,0.907
31.556393617,-0.0527,0.9033,0.1772,0.922
31.558996617,-0.1441,0.9208,0.1924,0.952
31.561834463,-0.2268,0.9458,0.1858,0.990
31.563759156,-0.2960,0.9648,0.1756,1.024
31.566291463,-0.3544,0.9858,0.1294,1.056
31.568832079,-0.4062,0.9983,0.0732,1.080
31.571275079,-0.4507,1.0096,0.0134,1.106
31.573509925,-0.4814,1.0152,-0.0598,1.125
31.576015694,-0.4966,1.0177,-0.1104,1.138
31.581253925,-0.4961,1.0132,-0.1614,1.140
31.581829002,-0.4983,0.9939,-0.2047,1.130
31.583169848,-0.5037,0.9714,-0.2399,1.120
31.585419079,-0.5007,0.9497,-0.2434,1.101
31.591211463,-0.4932,0.9343,-0.2338,1.082
31.591664694,-0.4812,0.9187,-0.2262,1.061
31.592559694,-0.4702,0.9033,-0.2292,1.044
31.600308079,-0.4778,0.9001,-0.2460,1.048
31.600756925,-0.4991,0.9099,-0.2648,1.071
31.600981309,-0.5247,0.9182,-0.2732,1.092
31.602623771,-0.5631,0.9326,-0.2804,1.125
31.604708925,-0.6107,0.9558,-0.2819,1.169
31.607340386,-0.6466,0.9942,-0.2558,1.213
31.609588617,-0.6915,1.0333,-0.2394,1.266
31.612160002,-0.7476,1.0664,-0.2445,1.325
31.614321925,-0.8066,1.0941,-0.2352,1.379
31.616883694,-0.8690,1.1104,-0.2243,1.428
31.620363156,-0.9124,1.1234,-0.2071,1.462
31.621711386,-0.9476,1.1346,-0.1979,1.491
31.624098771,-0.9630,1.1317,-0.2003,1.499
31.627083463,-0.9647,1.1239,-0.2033,1.495
31.629523771,-0.9359,1.0967,-0.2131,1.457
31.63147754,-0.8667,1.0592,-0.2140,1.385
31.634048002,-0.7678,1.0191,-0.2171,1.294
31.637179386,-0.6596,0.9881,-0.2120,1.207
31.638528309,-0.5526,0.9658,-0.2050,1.131
31.641323386,-0.4490,0.9331,-0.1942,1.054
31.643562771,-0.3551,0.9038,-0.1793,0.987
31.646077925,-0.2723,0.8723,-0.1742,0.930
31.648387156,-0.2014,0.8381,-0.1954,0.884
31.650992309,-0.1362,0.8053,-0.2150,0.845
31.653514463,-0.0833,0.7816,-0.2357,0.821
31.65550254,-0.0427,0.7645,-0.2597,0.809
31.658433848,-0.0031,0.7575,-0.2837,0.809
31.660441232,0.0215,0.7669,-0.3019,0.825
31.66282554,0.0384,0.7818,-0.3176,0.845
31.665169925,0.0510,0.7980,-0.3381,0.868
31.669689309,0.0601,0.8327,-0.3484,0.905
31.670870156,0.0633,0.8661,-0.3659,0.942
31.672244309,0.0687,0.9015,-0.3874,0.984
31.675107079,0.0650,0.9385,-0.3965,1.021
31.678417925,0.0652,0.9819,-0.4029,1.063
31.679605309,0.0726,1.0140,-0.4083,1.095
31.681991386,0.0823,1.0431,-0.4268,1.130
31.684641002,0.1006,1.0704,-0.4246,1.156
31.690904694,0.1178,1.0978,-0.4146,1.179
31.69156154,0.1260,1.1121,-0.4221,1.196
31.691904925,0.1297,1.1281,-0.3987,1.203
31.702466771,0.1211,1.1424,-0.3631,1.205
31.70364654,0.1011,1.1593,-0.3289,1.209
31.703898232,0.0796,1.1708,-0.2856,1.208
31.70435354,0.0589,1.1862,-0.2421,1.212
31.704569232,0.0393,1.1962,-0.2057,1.214
31.706955694,0.0244,1.2036,-0.1737,1.216
31.709179694,0.0122,1.2062,-0.1493,1.215
31.712308925,0.0051,1.2113,-0.1258,1.218
31.713185848,-0.0009,1.2087,-0.1082,1.214
31.715948002,-0.0102,1.2038,-0.0892,1.207
31.718158463,-0.0285,1.2008,-0.0776,1.204
31.720356694,-0.0473,1.1974,-0.0718,1.201
31.723203386,-0.0724,1.1935,-0.0774,1.198
31.725235386,-0.1006,1.1891,-0.0923,1.197
31.727855463,-0.1226,1.1777,-0.1185,1.190
31.730414463,-0.1421,1.1622,-0.1502,1.180
31.732700309,-0.1604,1.1500,-0.1908,1.177
31.735474232,-0.1772,1.1358,-0.2276,1.172
31.737350848,-0.1944,1.1148,-0.2567,1.160
31.739991079,-0.2088,1.0980,-0.2780,1.152
31.742400694,-0.2237,1.0765,-0.2907,1.137
31.744772386,-0.2347,1.0580,-0.2990,1.124
31.747113002,-0.2442,1.0394,-0.3083,1.111
31.749797848,-0.2515,1.0233,-0.3147,1.100
31.753684002,-0.2522,1.0081,-0.3179,1.087
31.754496079,-0.2475,0.9863,-0.3293,1.069
31.757064617,-0.2415,0.9692,-0.3442,1.056
31.759355156,-0.2377,0.9511,-0.3535,1.042
31.764065309,-0.2310,0.9292,-0.3531,1.020
31.764943771,-0.2220,0.9115,-0.3562,1.004
31.766708386,-0.2081,0.8873,-0.3596,0.980
31.769106232,-0.1914,0.8661,-0.3557,0.956
31.771827156,-0.1748,0.8458,-0.3476,0.931
31.773670463,-0.1567,0.8283,-0.3417,0.910
31.776909232,-0.1409,0.8121,-0.3320,0.889
31.778487156,-0.1269,0.8043,-0.3161,0.873
31.780967079,-0.1113,0.8004,-0.2942,0.860
31.783266848,-0.1001,0.8009,-0.2714,0.852
31.788196309,-0.0913,0.8074,-0.2469,0.849
31.788751463,-0.0859,0.8200,-0.2228,0.854
31.790688309,-0.0881,0.8316,-0.2054,0.861
31.797153002,-0.0861,0.8498,-0.1917,0.875
31.79780954,-0.0898,0.8659,-0.1705,0.887
31.798102232,-0.0905,0.8871,-0.1530,0.905
31.800252386,-0.0891,0.9077,-0.1476,0.924
31.806935156,-0.0854,0.9267,-0.1488,0.942
31.807674463,-0.0812,0.9438,-0.1495,0.959
31.807911079,-0.0812,0.9651,-0.1558,0.981
31.810307771,-0.0773,0.9812,-0.1712,0.999
31.812032925,-0.0649,0.9979,-0.1864,1.017
31.814707463,-0.0476,1.0081,-0.2064,1.030
31.817125925,-0.0288,1.0137,-0.2313,1.040
31.819462848,-0.0031,1.0166,-0.2514,1.047
31.821757617,0.0207,1.0161,-0.2660,1.051
31.824619079,0.0447,1.0098,-0.2824,1.049
31.827076079,0.0738,1.0032,-0.2934,1.048
31.829323771,0.1060,0.9973,-0.3032,1.048
31.831881232,0.1421,0.9883,-0.3117,1.046
31.835521848,0.1737,0.9812,-0.3179,1.046
31.836305848,0.2047,0.9721,-0.3203,1.044
31.838991694,0.2397,0.9623,-0.3188,1.042
31.842040925,0.2721,0.9531,-0.3184,1.041
31.843980002,0.3007,0.9424,-0.3149,1.038
31.847839156,0.3225,0.9414,-0.3110,1.043
31.848604309,0.3459,0.9357,-0.3002,1.042
31.851580079,0.3626,0.9313,-0.2897,1.041
31.853293002,0.3745,0.9304,-0.2746,1.040
31.855752925,0.3816,0.9272,-0.2618,1.036
31.859790156,0.3869,0.9236,-0.2469,1.031
31.860582771,0.3923,0.9255,-0.2306,1.031
31.863102848,0.3990,0.9262,-0.2159,1.031
31.865667079,0.3987,0.9262,-0.2082,1.030
31.868202771,0.4041,0.9299,-0.1989,1.033
31.870088002,0.4053,0.9316,-0.1898,1.034
31.872822848,0.3960,0.9380,-0.1808,1.034
31.875095771,0.3789,0.9455,-0.1749,1.033
31.877474156,0.3571,0.9546,-0.1784,1.035
31.879784309,0.3320,0.9670,-0.1868,1.039
31.882281925,0.3032,0.9737,-0.1984,1.039
31.889053232,0.2765,0.9790,-0.2054,1.038
31.890180309,0.2446,0.9858,-0.2128,1.038
31.890431771,0.2194,0.9917,-0.2182,1.039
31.900508002,0.1959,0.9939,-0.2224,1.037
31.901114771,0.1710,0.9998,-0.2287,1.040
31.901282156,0.1517,1.0012,-0.2360,1.040
31.901423694,0.1267,1.0030,-0.2431,1.040
31.901572309,0.1070,1.0076,-0.2467,1.043
31.904759771,0.0816,1.0100,-0.2497,1.044
31.906285617,0.0615,1.0096,-0.2492,1.042
31.909446848,0.0393,1.0088,-0.2423,1.038
31.911009617,0.0222,1.0091,-0.2382,1.037
31.913616617,-0.0067,1.0084,-0.2341,1.035
31.915948079,-0.0270,1.0061,-0.2336,1.033
31.918367463,-0.0514,1.0027,-0.2274,1.029
31.920678848,-0.0756,1.0044,-0.2269,1.032
31.923325848,-0.0966,1.0007,-0.2228,1.030
31.925977848,-0.1223,1.0005,-0.2135,1.030
31.92862254,-0.1446,1.0024,-0.2001,1.032
31.931139156,-0.1604,1.0049,-0.1866,1.035
31.932867156,-0.1788,1.0030,-0.1828,1.035
31.935152694,-0.1937,1.0022,-0.1873,1.038
31.937548925,-0.2079,1.0007,-0.1896,1.040
31.940089309,-0.2235,1.0051,-0.1915,1.047
31.942661617,-0.2347,1.0051,-0.1881,1.049
31.945486232,-0.2440,1.0042,-0.1847,1.050
31.947832079,-0.2528,0.9988,-0.1837,1.046
31.950628694,-0.2613,0.9942,-0.1800,1.044
31.951999156,-0.2664,0.9886,-0.1779,1.039
31.954733232,-0.2696,0.9783,-0.1766,1.030
31.957564617,-0.2701,0.9685,-0.1793,1.021
31.959912925,-0.2645,0.9604,-0.1881,1.014
31.961818232,-0.2533,0.9529,-0.1982,1.006
31.964301309,-0.2410,0.9431,-0.2091,0.996
31.96751854,-0.2276,0.9367,-0.2171,0.988
31.968976386,-0.2152,0.9280,-0.2245,0.979
31.971507079,-0.1942,0.9206,-0.2294,0.968
31.973815463,-0.1776,0.9143,-0.2333,0.960
31.976544002,-0.1585,0.9106,-0.2369,0.954
31.978664002,-0.1458,0.9091,-0.2374,0.951
31.981748002,-0.1311,0.9084,-0.2416,0.949
31.986601848,-0.1208,0.9091,-0.2394,0.948
31.987339771,-0.1094,0.9133,-0.2385,0.950
31.988433002,-0.0940,0.9216,-0.2369,0.956
31.990727386,-0.0852,0.9289,-0.2377,0.963
31.996444002,-0.0784,0.9345,-0.2406,0.968
31.997081232,-0.0707,0.9453,-0.2348,0.977
31.998044617,-0.0666,0.9578,-0.2301,0.987
32.00365854,-0.0563,0.9639,-0.2329,0.993
32.004167694,-0.0476,0.9641,-0.2411,0.995
32.005160079,-0.0341,0.9607,-0.2436,0.992
32.007706771,-0.0192,0.9602,-0.2387,0.990
32.009865002,-0.0021,0.9560,-0.2362,0.985
32.01261454,0.0112,0.9543,-0.2336,0.983
32.01492654,0.0237,0.9555,-0.2267,0.982
32.017079771,0.0389,0.9548,-0.2126,0.979
32.019599463,0.0520,0.9578,-0.2042,0.981
32.022185002,0.0610,0.9563,-0.2025,0.979
32.02452154,0.0699,0.9611,-0.2030,0.985
32.026965617,0.0771,0.9646,-0.2020,0.989
32.029784386,0.0767,0.9727,-0.2062,0.997
32.031837002,0.0762,0.9795,-0.2066,1.004
32.034006156,0.0769,0.9839,-0.2057,1.008
32.036431694,0.0740,0.9924,-0.2087,1.017
32.039015694,0.0708,0.9968,-0.2135,1.022
32.041527156,0.0671,1.0017,-0.2211,1.028
32.04389854,0.0659,1.0098,-0.2282,1.037
32.046326156,0.0598,1.0119,-0.2336,1.040
32.049690463,0.0501,1.0223,-0.2380,1.051
32.050984925,0.0381,1.0261,-0.2399,1.054
32.053485848,0.0186,1.0317,-0.2392,1.059
32.056008002,-0.0034,1.0394,-0.2411,1.067
32.058485232,-0.0326,1.0428,-0.2494,1.073
32.060887771,-0.0603,1.0457,-0.2567,1.078
32.063362156,-0.0947,1.0496,-0.2597,1.085
32.06603454,-0.1289,1.0540,-0.2562,1.092
32.067789848,-0.1611,1.0538,-0.2487,1.095
32.070888694,-0.1868,1.0582,-0.2336,1.100
32.072988002,-0.2117,1.0538,-0.2152,1.096
32.075206771,-0.2325,1.0482,-0.2003,1.092
32.077715079,-0.2499,1.0443,-0.1866,1.090
32.080330232,-0.2564,1.0361,-0.1730,1.081
32.082753925,-0.2594,1.0284,-0.1644,1.073
32.084694232,-0.2557,1.0142,-0.1666,1.059
32.087722463,-0.2479,1.0027,-0.1766,1.048
32.095504002,-0.2406,0.9886,-0.1881,1.035
32.096204694,-0.2322,0.9778,-0.2006,1.025
32.096434232,-0.2230,0.9621,-0.2062,1.009
32.097488079,-0.2122,0.9499,-0.2157,0.997
32.107414232,-0.2000,0.9367,-0.2224,0.983
32.108218156,-0.1861,0.9236,-0.2311,0.970
32.108452386,-0.1748,0.9120,-0.2350,0.958
32.108599156,-0.1580,0.9033,-0.2374,0.947
32.109041309,-0.1374,0.8974,-0.2336,0.937
32.112138156,-0.1162,0.8894,-0.2299,0.926
32.114821848,-0.0854,0.8805,-0.2325,0.915
32.117116002,-0.0551,0.8717,-0.2338,0.904
32.118528079,-0.0214,0.8686,-0.2260,0.898
32.121241002,0.0102,0.8679,-0.2184,0.895
32.123641617,0.0368,0.8740,-0.2064,0.899
32.125878463,0.0586,0.8833,-0.2022,0.908
32.128295079,0.0825,0.8966,-0.2035,0.923
32.131100309,0.0969,0.9106,-0.2122,0.940
32.132916925,0.1046,0.9345,-0.2228,0.966
32.135554232,0.1114,0.9548,-0.2341,0.989
32.138208694,0.1099,0.9853,-0.2448,1.021
32.140431079,0.1078,1.0142,-0.2499,1.050
32.142708386,0.1036,1.0459,-0.2546,1.081
32.145464386,0.0950,1.0826,-0.2597,1.117
32.148514848,0.0825,1.1216,-0.2707,1.157
32.150229309,0.0715,1.1596,-0.2763,1.194
32.152183386,0.0569,1.1959,-0.2672,1.227
32.154762771,0.0415,1.2367,-0.2574,1.264
32.157459771,0.0266,1.2702,-0.2443,1.294
32.159562232,0.0114,1.2971,-0.2377,1.319
32.162075694,-0.0062,1.3215,-0.2301,1.341
32.164953617,-0.0199,1.3335,-0.2169,1.351
32.166785848,-0.0334,1.3496,-0.1991,1.365
32.169176694,-0.0468,1.3643,-0.1817,1.377
32.171744386,-0.0619,1.3782,-0.1712,1.390
32.174052386,-0.0700,1.3944,-0.1668,1.406
32.176684617,-0.0784,1.4121,-0.1663,1.424
32.179314232,-0.0800,1.4302,-0.1556,1.441
32.181536617,-0.0796,1.4463,-0.1397,1.455
32.183660309,-0.0779,1.4620,-0.1129,1.468
32.186164694,-0.0710,1.4745,-0.0855,1.479
32.192696925,-0.0666,1.4889,-0.0545,1.491
32.193533002,-0.0558,1.4913,-0.0134,1.492
32.194134232,-0.0414,1.4936,0.0281,1.494
32.195751156,-0.0290,1.4915,0.0717,1.494
32.207115079,-0.0253,1.4920,0.1099,1.496
32.207872309,-0.0256,1.4891,0.1357,1.495
32.208066232,-0.0344,1.4891,0.1570,1.498
32.208543463,-0.0481,1.4869,0.1541,1.496
32.208855079,-0.0510,1.4945,0.1849,1.507
32.211051694,-0.0574,1.5043,0.2112,1.520
32.21262154,-0.0671,1.5126,0.2086,1.528
32.215689617,-0.0896,1.5229,0.1781,1.536
32.217528925,-0.1089,1.5331,0.1531,1.545
32.219962463,-0.1316,1.5444,0.1355,1.556
32.222427386,-0.1521,1.5516,0.1397,1.565
32.22447354,-0.1748,1.5646,0.1587,1.582
32.227439771,-0.1824,1.5658,0.2003,1.589
32.229828617,-0.1716,1.5583,0.2340,1.585
32.231802232,-0.1478,1.5463,0.2454,1.573
32.234212079,-0.1135,1.5227,0.2237,1.543
32.237018232,-0.0768,1.4974,0.1875,1.511
32.240156309,-0.0329,1.4684,0.1749,1.479
32.241389309,0.0009,1.4454,0.1619,1.454
32.244549925,0.0303,1.4232,0.1373,1.430
32.247781309,0.0566,1.4063,0.1120,1.412
32.248856002,0.0726,1.3929,0.0722,1.397
32.251077232,0.0675,1.3831,0.0522,1.386
32.253772386,0.0645,1.3826,0.0332,1.385
32.256188925,0.0484,1.3797,0.0099,1.381
32.259089309,0.0312,1.3772,-0.0081,1.378
32.261155079,0.0093,1.3736,-0.0254,1.374
32.264200694,-0.0143,1.3678,-0.0408,1.368
32.265651771,-0.0432,1.3538,-0.0559,1.356
32.268327156,-0.0730,1.3447,-0.0828,1.349
32.271727463,-0.1015,1.3322,-0.1253,1.342
32.27321354,-0.1257,1.3238,-0.1676,1.340
32.275743156,-0.1409,1.3122,-0.2101,1.336
32.278483079,-0.1455,1.2968,-0.2492,1.329
32.280923694,-0.1441,1.2765,-0.2804,1.315
32.282683463,-0.1355,1.2509,-0.3049,1.295
32.285022156,-0.1264,1.2255,-0.3310,1.276
32.292307079,-0.1150,1.1984,-0.3596,1.256
32.293191079,-0.0954,1.1625,-0.3764,1.226
32.293706156,-0.0861,1.1268,-0.3916,1.196
32.294899079,-0.0791,1.0958,-0.4029,1.170
32.302151463,-0.0808,1.0680,-0.4087,1.146
32.303223386,-0.0952,1.0489,-0.4121,1.131
32.303660079,-0.1138,1.0291,-0.4006,1.110
32.310731771,-0.1453,1.0128,-0.3901,1.095
32.31150554,-0.1905,0.9970,-0.3897,1.087
32.311931386,-0.2447,0.9858,-0.3913,1.089
32.312416694,-0.2918,0.9670,-0.3885,1.082
32.314203694,-0.3281,0.9429,-0.3899,1.072
32.31624254,-0.3515,0.9152,-0.3958,1.057
32.318669233,-0.3728,0.8864,-0.4070,1.044
32.321151694,-0.3847,0.8473,-0.4679,1.042
32.323568002,-0.3977,0.7992,-0.5362,1.041
32.325925925,-0.4108,0.7684,-0.5672,1.040
32.32839454,-0.4378,0.7506,-0.5778,1.043
32.330881233,-0.4756,0.7422,-0.5665,1.048
32.333309309,-0.5230,0.7391,-0.5285,1.048
32.335614848,-0.5664,0.7352,-0.5101,1.059
32.338350848,-0.6559,0.7398,-0.4889,1.103
32.340410848,-0.7817,0.7557,-0.4740,1.186
32.343299156,-0.9393,0.7713,-0.4607,1.300
32.345656386,-1.1096,0.7813,-0.4337,1.425
32.347689309,-1.2486,0.7787,-0.3975,1.524
32.350263156,-1.3744,0.7743,-0.3342,1.612
32.352592079,-1.4678,0.7552,-0.2792,1.674
32.355018463,-1.5520,0.7300,-0.2299,1.730
32.357269002,-1.6153,0.6990,-0.1877,1.770
32.359923463,-1.6486,0.6692,-0.1586,1.786
32.363213002,-1.6591,0.6311,-0.1370,1.780
32.364530156,-1.6334,0.5835,-0.1172,1.738
32.367084079,-1.5848,0.5346,-0.1036,1.676
32.371237848,-1.5128,0.4777,-0.0997,1.589
32.372055463,-1.4159,0.4202,-0.1073,1.481
32.374370156,-1.3041,0.3709,-0.1180,1.361
32.376724617,-1.1897,0.3289,-0.1223,1.240
32.380483386,-1.0719,0.2932,-0.1199,1.118
32.381470233,-0.9591,0.2710,-0.1021,1.002
32.384161002,-0.8401,0.2544,-0.0726,0.881
32.393779386,-0.7321,0.2468,-0.0379,0.774
32.394659156,-0.6276,0.2411,-0.0090,0.672
32.395259463,-0.5459,0.2421,0.0134,0.597
32.395703771,-0.4783,0.2439,0.0688,0.541
32.395951694,-0.4162,0.2436,0.0935,0.491
32.406713925,-0.3549,0.2453,0.1038,0.444
32.407527156,-0.3065,0.2468,0.1074,0.408
32.407745233,-0.2667,0.2576,0.1006,0.384
32.407915771,-0.2371,0.2639,0.0884,0.366
32.408081848,-0.2210,0.2815,0.0766,0.366
32.411135079,-0.2159,0.2974,0.0598,0.372
32.414762233,-0.2161,0.3220,0.0400,0.390
32.415312002,-0.2166,0.3445,0.0200,0.407
32.417795463,-0.2147,0.3658,-0.0021,0.424
32.420837309,-0.2168,0.3902,-0.0286,0.447
32.42228954,-0.2175,0.4176,-0.0525,0.474
32.424840925,-0.2196,0.4442,-0.0801,0.502
32.428841617,-0.2171,0.4654,-0.1270,0.529
32.429632694,-0.2159,0.4815,-0.1546,0.550
32.432529002,-0.2305,0.5170,-0.1486,0.585
32.435109002,-0.2464,0.5483,-0.1497,0.619
32.437531771,-0.2499,0.5705,-0.1556,0.642
32.439198771,-0.2596,0.5889,-0.1642,0.664
32.441886156,-0.2648,0.6059,-0.1803,0.685
32.444317309,-0.2736,0.6184,-0.1861,0.701
32.44680154,-0.2867,0.6348,-0.1781,0.719
32.449272386,-0.2953,0.6429,-0.1732,0.728
32.451524617,-0.2904,0.6455,-0.1583,0.725
32.454153848,-0.2782,0.6473,-0.1458,0.719
32.456160617,-0.2699,0.6455,-0.1402,0.714
32.458467079,-0.2567,0.6418,-0.1493,0.707
32.461421309,-0.2408,0.6343,-0.1600,0.697
32.463791694,-0.2240,0.6245,-0.1663,0.684
32.471756694,-0.2088,0.6166,-0.1717,0.673
32.472531156,-0.1990,0.6120,-0.1725,0.666
32.472934848,-0.1746,0.5991,-0.1691,0.647
32.473279463,-0.1555,0.5879,-0.1693,0.631
32.475794463,-0.1619,0.5837,-0.1617,0.627
32.480069848,-0.1763,0.5793,-0.1549,0.625
32.480544386,-0.1834,0.5627,-0.1554,0.612
32.48247754,-0.1841,0.5495,-0.1561,0.600
32.485112925,-0.1748,0.5358,-0.1534,0.584
32.488855386,-0.1585,0.5204,-0.1500,0.564
32.490203156,-0.1397,0.5114,-0.1437,0.549
32.492460309,-0.1147,0.5009,-0.1309,0.530
32.497332079,-0.0910,0.4936,-0.1165,0.515
32.497859694,-0.0717,0.4908,-0.1053,0.507
32.49960954,-0.0570,0.4889,-0.1011,0.502
32.501847771,-0.0427,0.4911,-0.1055,0.504
32.504369002,-0.0344,0.4962,-0.1229,0.512
32.506740079,-0.0385,0.5131,-0.1486,0.536
32.509358463,-0.0446,0.5246,-0.1774,0.556
32.511585233,-0.0549,0.5412,-0.2108,0.583
32.513970771,-0.0719,0.5635,-0.2331,0.614
32.516494848,-0.0815,0.5866,-0.2595,0.647
32.520177233,-0.0940,0.6145,-0.2783,0.681
32.521251463,-0.1064,0.6394,-0.3005,0.714
32.523767694,-0.1218,0.6651,-0.3193,0.748
32.526142463,-0.1365,0.6909,-0.3371,0.781
32.528520079,-0.1511,0.7154,-0.3589,0.815
32.530985002,-0.1683,0.7398,-0.3704,0.844
32.533503463,-0.1853,0.7626,-0.3808,0.872
32.536868925,-0.2000,0.7841,-0.3862,0.897
32.537994463,-0.2186,0.8083,-0.3823,0.920
32.540783771,-0.2417,0.8288,-0.3743,0.941
32.543521002,-0.2574,0.8522,-0.3540,0.958
32.545959079,-0.2696,0.8740,-0.3345,0.974
32.547947694,-0.2869,0.8964,-0.3163,0.993
32.550378463,-0.2962,0.9206,-0.2990,1.012
32.553288694,-0.3121,0.9392,-0.2804,1.029
32.555189925,-0.3256,0.9570,-0.2616,1.044
32.557455771,-0.3400,0.9763,-0.2426,1.062
32.559909309,-0.3598,0.9970,-0.2201,1.083
32.562088309,-0.3724,1.0168,-0.1994,1.101
32.564708694,-0.3854,1.0366,-0.1808,1.121
32.569401925,-0.3989,1.0515,-0.1722,1.138
32.570241233,-0.4108,1.0699,-0.1676,1.158
32.572192002,-0.4294,1.0838,-0.1612,1.177
32.574664386,-0.4578,1.0962,-0.1493,1.197
32.578047079,-0.4644,1.1088,-0.1368,1.210
32.579222848,-0.4753,1.1283,-0.1190,1.230
32.581972925,-0.4814,1.1379,-0.1041,1.240
32.58421354,-0.4839,1.1423,-0.0936,1.244
32.590631771,-0.4863,1.1432,-0.0864,1.245
32.591421617,-0.4930,1.1395,-0.0687,1.243
32.591763694,-0.4963,1.1270,-0.0422,1.232
32.600112079,-0.5115,1.1200,-0.0181,1.231
32.600406848,-0.5322,1.1141,-0.0024,1.235
32.600669309,-0.5606,1.1036,-0.0034,1.238
32.600822233,-0.5939,1.0985,-0.0188,1.249
32.608593617,-0.6332,1.0918,-0.0422,1.263
32.609323463,-0.6730,1.0916,-0.0675,1.284
32.609498463,-0.7162,1.0936,-0.0855,1.310
32.61053054,-0.7700,1.1034,-0.0955,1.349
32.613166156,-0.8210,1.1156,-0.0943,1.388
32.615536925,-0.8690,1.1268,-0.0840,1.425
32.61778554,-0.9163,1.1386,-0.0654,1.463
32.62009354,-0.9638,1.1498,-0.0505,1.501
32.622680002,-1.0024,1.1591,-0.0349,1.533
32.625084617,-1.0407,1.1677,-0.0249,1.564
32.627408079,-1.0779,1.1730,-0.0173,1.593
32.629790848,-1.1150,1.1794,-0.0124,1.623
32.632389617,-1.1497,1.1782,-0.0151,1.646
32.634797233,-1.1783,1.1759,-0.0251,1.665
32.636942233,-1.1970,1.1605,-0.0513,1.668
32.639477309,-1.2105,1.1388,-0.0771,1.664
32.641873309,-1.2021,1.1151,-0.0985,1.643
32.644368386,-1.1785,1.0867,-0.1192,1.607
32.646707694,-1.1494,1.0513,-0.1351,1.564
32.649451386,-1.1050,1.0119,-0.1453,1.505
32.652111463,-1.0578,0.9763,-0.1481,1.447
32.65383354,-1.0121,0.9338,-0.1509,1.385
32.656795463,-0.9666,0.8962,-0.1395,1.326
32.660306848,-0.9214,0.8561,-0.1209,1.264
32.661246848,-0.8750,0.8195,-0.1080,1.204
32.663528002,-0.8350,0.7867,-0.0874,1.151
32.665984925,-0.7984,0.7671,-0.0713,1.109
32.668927771,-0.7712,0.7506,-0.0574,1.078
32.671639694,-0.7478,0.7408,-0.0415,1.053
32.673503079,-0.7287,0.7410,-0.0288,1.040
32.675860309,-0.7153,0.7496,-0.0127,1.036
32.678063386,-0.7052,0.7650,0.0087,1.040
32.680456309,-0.6989,0.7831,0.0283,1.050
32.688833309,-0.6943,0.8041,0.0525,1.064
32.689540079,-0.6918,0.8268,0.0688,1.080
32.689932079,-0.6957,0.8481,0.0791,1.100
32.690299079,-0.6975,0.8723,0.0898,1.120
32.703682233,-0.7016,0.8908,0.0933,1.138
32.704267463,-0.7029,0.9038,0.0828,1.148
32.704515079,-0.7020,0.9171,0.0607,1.157
32.704738233,-0.6923,0.9241,0.0473,1.156
32.704932694,-0.6803,0.9285,0.0329,1.152
32.705465925,-0.6598,0.9321,0.0170,1.142
32.708639156,-0.6393,0.9272,-0.0019,1.126
32.710769002,-0.6188,0.9189,-0.0239,1.108
32.711716309,-0.5914,0.9069,-0.0533,1.084
32.714271694,-0.5611,0.9018,-0.0825,1.065
32.717602771,-0.5210,0.8989,-0.1085,1.045
32.718870233,-0.4854,0.8917,-0.1327,1.024
32.721711694,-0.4465,0.8786,-0.1502,0.997
32.724346156,-0.4099,0.8630,-0.1532,0.968
32.72651354,-0.3677,0.8554,-0.1476,0.943
32.728807386,-0.3239,0.8530,-0.1275,0.921
32.731320309,-0.2862,0.8595,-0.0972,0.911
32.734481848,-0.2510,0.8674,-0.0535,0.905
32.736200617,-0.2186,0.8786,-0.0046,0.905
32.738357309,-0.1993,0.8969,0.0351,0.919
32.741190463,-0.1934,0.9124,0.0593,0.934
32.743621848,-0.1986,0.9329,0.0566,0.955
32.745747156,-0.2110,0.9523,0.0339,0.976
32.748273925,-0.2220,0.9768,0.0055,1.002
32.751017925,-0.2366,1.0005,-0.0391,1.029
32.753045002,-0.2506,1.0249,-0.1162,1.061
32.755590771,-0.2520,1.0487,-0.1781,1.093
32.757817925,-0.2415,1.0741,-0.1964,1.118
32.760178771,-0.2179,1.1032,-0.1732,1.138
32.762685309,-0.1886,1.1261,-0.1158,1.148
32.764960309,-0.1572,1.1568,-0.0323,1.168
32.767369309,-0.1140,1.1931,0.0512,1.200
32.769811386,-0.0661,1.2318,0.1187,1.239
32.772391694,-0.0199,1.2758,0.1725,1.288
32.775885925,0.0161,1.3171,0.2091,1.334
32.776879771,0.0381,1.3592,0.1856,1.372
32.779541848,0.0559,1.3978,0.1067,1.403
32.781819156,0.0647,1.4256,0.0146,1.427
32.784664694,0.0657,1.4393,-0.0620,1.442
32.786519386,0.0577,1.4442,-0.1155,1.450
32.790227079,0.0401,1.4322,-0.1661,1.442
32.79684554,0.0291,1.3995,-0.1881,1.412
32.797411694,0.0078,1.3680,-0.1663,1.378
32.79765454,-0.0192,1.3401,-0.1556,1.349
32.80777354,-0.0319,1.3091,-0.1570,1.319
32.808480309,-0.0393,1.2753,-0.1339,1.283
32.809087694,-0.0666,1.2375,-0.1207,1.245
32.809303079,-0.0954,1.2050,-0.1046,1.213
32.809701617,-0.1155,1.1759,-0.0422,1.182
32.810525309,-0.1159,1.1488,0.0397,1.155
32.813149925,-0.1211,1.1246,0.1076,1.136
32.815532694,-0.1115,1.0904,0.1402,1.105
32.817956925,-0.0977,1.0638,0.2186,1.090
32.820476079,-0.0977,1.0420,0.2433,1.075
32.822796002,-0.1022,1.0179,0.1673,1.037
32.825300002,-0.1199,0.9910,0.0756,1.001
32.82749754,-0.1809,0.9683,-0.0261,0.985
32.830057233,-0.2943,0.9646,-0.1090,1.014
32.833419386,-0.4189,0.9807,-0.1290,1.074
32.834781925,-0.5208,0.9979,-0.1563,1.136
32.837208617,-0.6046,1.0128,-0.1947,1.195
32.839574848,-0.6713,1.0212,-0.2318,1.244
32.842137925,-0.7238,1.0289,-0.2604,1.285
32.844743771,-0.7656,1.0338,-0.2699,1.314
32.847114848,-0.8049,1.0445,-0.2636,1.345
32.849963463,-0.8452,1.0596,-0.2301,1.375
32.851642771,-0.8814,1.0711,-0.1842,1.399
32.854127386,-0.9193,1.0778,-0.1302,1.423
32.856813002,-0.9437,1.0757,-0.0330,1.431
32.859496079,-0.9202,1.0855,0.0668,1.425
32.861548925,-0.8625,1.1019,0.1966,1.413
32.863706156,-0.8066,1.0980,0.1781,1.374
32.866134156,-0.7519,1.0916,0.0789,1.328
32.868492694,-0.6959,1.0865,0.0006,1.290
32.871009233,-0.6463,1.0685,-0.0820,1.251
32.874764309,-0.5923,1.0466,-0.1481,1.212
32.876295694,-0.5438,1.0210,-0.1940,1.173
32.878825233,-0.4912,0.9954,-0.2206,1.132
32.881047463,-0.4285,0.9656,-0.2362,1.082
32.883696079,-0.3693,0.9380,-0.2665,1.043
32.88557854,-0.3041,0.9069,-0.3005,1.003
32.888616002,-0.2475,0.8781,-0.3393,0.973
32.895147463,-0.1917,0.8663,-0.3733,0.963
32.895844694,-0.1434,0.8532,-0.3955,0.951
32.896230156,-0.0994,0.8397,-0.4148,0.942
32.898417309,-0.0626,0.8227,-0.4258,0.928
32.905091463,-0.0304,0.8121,-0.4272,0.918
32.905986848,-0.0026,0.8070,-0.4216,0.911
32.906473233,0.0166,0.8041,-0.4151,0.905
32.912703771,0.0266,0.8136,-0.4151,0.914
32.91305354,0.0337,0.8344,-0.4183,0.934
32.913219694,0.0332,0.8663,-0.4253,0.966
32.914568309,0.0303,0.8991,-0.4288,0.997
32.920031771,0.0249,0.9329,-0.4239,1.025
32.920577617,0.0166,0.9653,-0.3997,1.045
32.921754771,0.0110,0.9919,-0.3833,1.063
32.924279694,0.0161,1.0119,-0.3701,1.078
32.926342463,0.0247,1.0264,-0.3518,1.085
32.929133233,0.0324,1.0406,-0.3249,1.091
32.932524002,0.0391,1.0557,-0.2895,1.095
32.933914848,0.0498,1.0711,-0.2555,1.102
32.936378771,0.0591,1.0846,-0.2199,1.108
32.938745617,0.0603,1.0939,-0.1861,1.111
32.941072617,0.0591,1.1058,-0.1600,1.119
32.943461925,0.0557,1.1172,-0.1314,1.126
32.945737617,0.0503,1.1295,-0.1043,1.135
32.949112694,0.0320,1.1437,-0.0813,1.147
32.950508079,0.0168,1.1573,-0.0623,1.159
32.95325454,-0.0104,1.1605,-0.0515,1.162
32.955452309,-0.0339,1.1603,-0.0491,1.162
32.957921848,-0.0561,1.1605,-0.0589,1.163
32.960707694,-0.0810,1.1549,-0.0735,1.160
32.962712694,-0.1064,1.1426,-0.0862,1.151
32.965383771,-0.1272,1.1295,-0.0945,1.141
32.967483771,-0.1450,1.1172,-0.1011,1.131
32.970153925,-0.1627,1.1043,-0.1038,1.121
32.973301309,-0.1837,1.0909,-0.1013,1.111
32.975001925,-0.2012,1.0848,-0.1016,1.108
32.977312079,-0.2200,1.0725,-0.0987,1.099
32.979904002,-0.2359,1.0643,-0.1029,1.095
32.982007079,-0.2591,1.0538,-0.1073,1.090
32.984389233,-0.2816,1.0396,-0.1153,1.083
32.987240386,-0.3072,1.0247,-0.1297,1.078
32.989272925,-0.3349,1.0156,-0.1461,1.079
32.995702771,-0.3677,1.0051,-0.1691,1.084
32.996342771,-0.3979,0.9958,-0.1877,1.089
32.99669454,-0.4275,0.9834,-0.2064,1.092
33.006635079,-0.4644,0.9809,-0.2271,1.109
33.007331694,-0.4879,0.9692,-0.2573,1.115
33.007595079,-0.5044,0.9558,-0.2841,1.117
33.007876925,-0.5124,0.9378,-0.3068,1.112
33.008232309,-0.5120,0.9204,-0.3212,1.101
33.011564925,-0.5019,0.8989,-0.3315,1.082
33.014432925,-0.4783,0.8796,-0.3310,1.055
33.016394156,-0.4463,0.8588,-0.3228,1.020
33.018344617,-0.3989,0.8414,-0.3115,0.982
33.020553925,-0.3435,0.8276,-0.2953,0.943
33.023383079,-0.2862,0.8192,-0.2772,0.911
33.025174156,-0.2240,0.8139,-0.2631,0.884
33.028079694,-0.1700,0.8180,-0.2490,0.872
33.030513925,-0.1269,0.8232,-0.2304,0.864
33.032622156,-0.0930,0.8346,-0.2145,0.867
33.034950156,-0.0649,0.8510,-0.2022,0.877
33.03764154,-0.0434,0.8693,-0.1908,0.891
33.040140925,-0.0353,0.8917,-0.1812,0.911
33.042163771,-0.0260,0.9231,-0.1742,0.940
33.044616079,-0.0285,0.9460,-0.1676,0.961
33.048268925,-0.0326,0.9714,-0.1725,0.987
33.049523386,-0.0368,0.9968,-0.1759,1.013
33.051782771,-0.0427,1.0147,-0.1740,1.030
33.054416309,-0.0507,1.0386,-0.1725,1.054
33.056734848,-0.0554,1.0594,-0.1735,1.075
33.059741233,-0.0570,1.0713,-0.1740,1.087
33.06173854,-0.0600,1.0811,-0.1624,1.095
33.064673925,-0.0605,1.0897,-0.1544,1.102
33.066279386,-0.0581,1.0973,-0.1581,1.110
33.068716694,-0.0488,1.0983,-0.1668,1.112
33.071458156,-0.0390,1.0941,-0.1776,1.109
33.073852079,-0.0290,1.0853,-0.1952,1.103
33.076230463,-0.0139,1.0723,-0.2057,1.092
33.078692386,0.0005,1.0604,-0.2260,1.084
33.085614156,0.0210,1.0425,-0.2355,1.069
33.086263771,0.0352,1.0261,-0.2465,1.056
33.08670254,0.0538,1.0049,-0.2529,1.038
33.093517233,0.0679,0.9837,-0.2526,1.018
33.094016079,0.0724,0.9648,-0.2560,1.001
33.094240617,0.0733,0.9487,-0.2511,0.984
33.09603454,0.0699,0.9299,-0.2536,0.966
33.103000002,0.0635,0.9106,-0.2578,0.949
33.103839079,0.0496,0.8920,-0.2621,0.931
33.104018848,0.0330,0.8805,-0.2667,0.921
33.106700694,0.0086,0.8668,-0.2707,0.908
33.107380002,-0.0183,0.8588,-0.2716,0.901
33.110373925,-0.0458,0.8581,-0.2702,0.901
33.112211694,-0.0796,0.8566,-0.2676,0.901
33.114940309,-0.1106,0.8507,-0.2658,0.898
33.116930848,-0.1404,0.8532,-0.2639,0.904
33.119539771,-0.1648,0.8524,-0.2660,0.908
33.122351463,-0.1863,0.8510,-0.2667,0.911
33.124155156,-0.2051,0.8483,-0.2639,0.912
33.126630233,-0.2224,0.8498,-0.2604,0.916
33.129170233,-0.2317,0.8500,-0.2524,0.916
33.132459694,-0.2394,0.8524,-0.2382,0.917
33.133948309,-0.2413,0.8573,-0.2233,0.918
33.137457925,-0.2408,0.8591,-0.2131,0.917
33.139221617,-0.2382,0.8622,-0.2069,0.918
33.141284617,-0.2291,0.8647,-0.2013,0.917
33.143677309,-0.2212,0.8656,-0.1971,0.915
33.147286848,-0.2110,0.8684,-0.1989,0.915
33.14828254,-0.2037,0.8728,-0.1998,0.918
33.150903463,-0.1924,0.8744,-0.2008,0.918
33.153364309,-0.1826,0.8781,-0.2042,0.920
33.155744002,-0.1719,0.8845,-0.2069,0.925
33.157985309,-0.1636,0.8905,-0.2074,0.929
33.160770233,-0.1509,0.9010,-0.2042,0.936
33.16366154,-0.1353,0.9075,-0.1996,0.939
33.165456386,-0.1192,0.9184,-0.1930,0.946
33.167684309,-0.1003,0.9233,-0.1864,0.947
33.17025354,-0.0810,0.9316,-0.1768,0.952
33.172641617,-0.0617,0.9329,-0.1712,0.950
33.174976309,-0.0419,0.9360,-0.1768,0.953
33.17780654,-0.0219,0.9372,-0.1861,0.956
33.184261617,-0.0055,0.9357,-0.1986,0.957
33.185306233,0.0139,0.9348,-0.2118,0.959
33.185784309,0.0268,0.9367,-0.2211,0.963
33.188627463,0.0435,0.9375,-0.2257,0.965
33.19507454,0.0533,0.9404,-0.2350,0.971
33.195700386,0.0666,0.9394,-0.2385,0.971
33.196217002,0.0767,0.9470,-0.2360,0.979
33.196436694,0.0885,0.9470,-0.2323,0.979
33.199852386,0.0948,0.9506,-0.2289,0.982
33.201292617,0.1029,0.9529,-0.2167,0.983
33.205775386,0.1134,0.9543,-0.1994,0.981
33.206466463,0.1214,0.9555,-0.1859,0.981
33.209433617,0.1339,0.9527,-0.1771,0.978
33.211029925,0.1465,0.9516,-0.1686,0.977
33.213514233,0.1573,0.9527,-0.1703,0.980
33.215655694,0.1725,0.9473,-0.1844,0.980
33.218463694,0.1845,0.9409,-0.1984,0.979
33.220786463,0.1969,0.9397,-0.2120,0.983
33.222935771,0.2101,0.9414,-0.2171,0.989
33.225528386,0.2213,0.9426,-0.2089,0.990
33.228220002,0.2348,0.9450,-0.1879,0.992
33.230432925,0.2446,0.9450,-0.1614,0.989
33.233094233,0.2487,0.9411,-0.1332,0.982
33.235138233,0.2469,0.9341,-0.1139,0.973
33.237826233,0.2365,0.9206,-0.0948,0.955
33.239960617,0.2218,0.8959,-0.0855,0.927
33.242888309,0.1942,0.8766,-0.0923,0.903
33.244756617,0.1603,0.8556,-0.1074,0.877
33.247253002,0.1163,0.8253,-0.1078,0.840
33.249688309,0.0618,0.7938,-0.1102,0.804
33.252399771,-0.0041,0.7667,-0.1111,0.775
33.254800694,-0.0742,0.7359,-0.1221,0.750
33.257546233,-0.1599,0.7083,-0.1376,0.739
33.25978954,-0.2547,0.6841,-0.1461,0.744
33.262900002,-0.3424,0.6724,-0.1381,0.767
33.264127694,-0.4378,0.6590,-0.1251,0.801
33.266693617,-0.5120,0.6511,-0.1036,0.835
33.270486463,-0.5721,0.6443,-0.0815,0.866
33.271369617,-0.6158,0.6394,-0.0559,0.889
33.27386954,-0.6400,0.6416,-0.0324,0.907
33.276407079,-0.6415,0.6409,-0.0222,0.907
33.279705617,-0.6197,0.6421,-0.0207,0.893
33.280977925,-0.5799,0.6387,-0.0181,0.863
33.283491694,-0.5184,0.6369,-0.0075,0.821
33.285938156,-0.4404,0.6333,0.0018,0.771
33.288345617,-0.3591,0.6257,0.0011,0.721
33.291605617,-0.2834,0.6187,-0.0296,0.681
33.293364386,-0.2224,0.6126,-0.0929,0.658
33.299232079,-0.1824,0.6003,-0.1766,0.652
33.299969925,-0.1639,0.5942,-0.2692,0.673
33.300746156,-0.1695,0.5954,-0.3718,0.722
33.309167386,-0.1956,0.6047,-0.4502,0.779
33.310004309,-0.2420,0.6233,-0.5103,0.841
33.31018154,-0.3023,0.6480,-0.5345,0.893
33.310474233,-0.3773,0.6881,-0.5304,0.947
33.318056925,-0.4683,0.7410,-0.5077,1.013
33.318787694,-0.5606,0.7994,-0.4563,1.078
33.319114463,-0.6498,0.8622,-0.3838,1.146
33.319741617,-0.7318,0.9248,-0.3088,1.219
33.321939771,-0.8005,0.9797,-0.2341,1.287
33.32455754,-0.8504,1.0291,-0.1570,1.344
33.327026848,-0.8804,1.0704,-0.0908,1.389
33.329384079,-0.8839,1.0948,-0.0391,1.408
33.331640386,-0.8655,1.1032,-0.0017,1.402
33.334072079,-0.8196,1.0918,0.0332,1.366
33.337074233,-0.7556,1.0624,0.0488,1.305
33.33902954,-0.6843,1.0171,0.0476,1.227
33.341483079,-0.6051,0.9548,0.0258,1.131
33.345032694,-0.5335,0.8808,-0.0078,1.030
33.346201848,-0.4717,0.7997,-0.0628,0.931
33.348487771,-0.4206,0.7159,-0.1258,0.840
33.351184925,-0.3742,0.6331,-0.1847,0.758
33.353538848,-0.3710,0.5588,-0.2409,0.713
33.355763771,-0.3784,0.4896,-0.2753,0.677
33.35820654,-0.4006,0.4303,-0.2934,0.657
33.360702463,-0.4272,0.3758,-0.2976,0.642
33.36301054,-0.4644,0.3355,-0.3012,0.647
33.365885233,-0.5054,0.3091,-0.3030,0.665
33.368117233,-0.5415,0.2891,-0.3088,0.687
33.370405309,-0.5790,0.2886,-0.3088,0.717
33.373545233,-0.6023,0.2964,-0.2944,0.733
33.375214233,-0.6161,0.3238,-0.2732,0.748
33.378217848,-0.6209,0.3714,-0.2567,0.768
33.379789848,-0.6104,0.4384,-0.2573,0.794
33.382474156,-0.5883,0.5170,-0.2748,0.830
33.384844002,-0.5557,0.6047,-0.3030,0.875
33.387268386,-0.5154,0.6939,-0.3413,0.929
33.389690156,-0.4714,0.7838,-0.3776,0.990
33.393215463,-0.4206,0.8852,-0.3982,1.058
33.400068694,-0.3798,0.9861,-0.4074,1.133
33.400969617,-0.3505,1.0939,-0.4065,1.218
33.401201309,-0.3309,1.2145,-0.3978,1.320
33.401679771,-0.3234,1.3357,-0.3760,1.425
33.409338156,-0.3378,1.4605,-0.3501,1.539
33.410024309,-0.3579,1.5793,-0.3286,1.652
33.410259386,-0.3817,1.6770,-0.3119,1.748
33.411178771,-0.3945,1.7423,-0.2983,1.811
33.413342848,-0.3923,1.7677,-0.2837,1.833
33.417753617,-0.3793,1.7691,-0.2467,1.826
33.419505309,-0.3581,1.7510,-0.2245,1.801
33.420720079,-0.3197,1.7005,-0.2098,1.743
33.42327454,-0.2713,1.6336,-0.2062,1.669
33.425699694,-0.2137,1.5465,-0.2169,1.576
33.428091694,-0.1587,1.4528,-0.2380,1.481
33.430298848,-0.1103,1.3480,-0.2618,1.378
33.433020386,-0.0786,1.2395,-0.2639,1.270
33.435617309,-0.0574,1.1374,-0.2821,1.173
33.437652925,-0.0539,1.0477,-0.2974,1.090
33.440532079,-0.0752,0.9821,-0.2927,1.028
33.442908309,-0.1022,0.9362,-0.2919,0.986
33.444914848,-0.1660,0.9243,-0.2814,0.980
33.447779694,-0.2510,0.9426,-0.2734,1.013
33.449988002,-0.3571,0.9963,-0.2807,1.095
33.452177925,-0.4725,1.0729,-0.2863,1.207
33.454864925,-0.5697,1.1535,-0.2792,1.316
33.457211079,-0.6500,1.2299,-0.2592,1.415
33.460344617,-0.7120,1.2937,-0.2560,1.499
33.461780079,-0.7516,1.3391,-0.2812,1.561
33.46445754,-0.7805,1.3643,-0.3196,1.604
33.466966156,-0.7947,1.3780,-0.3566,1.630
33.469564386,-0.8030,1.3851,-0.3615,1.641
33.471755771,-0.8025,1.3960,-0.3738,1.653
33.474080386,-0.8025,1.4266,-0.4104,1.688
33.477230848,-0.8120,1.4635,-0.4666,1.737
33.485466848,-0.8240,1.5180,-0.5084,1.800
33.486286848,-0.8457,1.5817,-0.5150,1.866
33.486974848,-0.8816,1.6480,-0.4673,1.927
33.487565848,-0.9266,1.7068,-0.3833,1.980
33.488596309,-0.9591,1.7484,-0.2963,2.016
33.490792002,-0.9715,1.7713,-0.2320,2.034
33.494792079,-0.9840,1.7815,-0.1930,2.044
33.495339386,-0.9852,1.7679,-0.1859,2.032
33.498129925,-0.9657,1.7291,-0.1991,1.990
33.500223694,-0.9168,1.6526,-0.2348,1.904
33.504905848,-0.8543,1.5460,-0.2732,1.787
33.505639156,-0.8350,1.4677,-0.2895,1.713
33.508011771,-0.8079,1.3846,-0.3119,1.633
33.511994771,-0.7751,1.2886,-0.3235,1.538
33.512393925,-0.7446,1.1931,-0.3305,1.445
33.514912309,-0.7294,1.1085,-0.3277,1.367
33.517604694,-0.7309,1.0425,-0.3135,1.311
33.51952954,-0.7387,0.9876,-0.2942,1.268
33.522182156,-0.7480,0.9418,-0.2711,1.233
33.524672925,-0.7619,0.8971,-0.2467,1.203
33.527077233,-0.7849,0.8674,-0.2248,1.191
33.529260694,-0.8130,0.8388,-0.2069,1.186
33.532552309,-0.8403,0.8132,-0.1873,1.184
33.534524309,-0.8613,0.7811,-0.1749,1.176
33.536516925,-0.8699,0.7496,-0.1607,1.159
33.538811463,-0.8716,0.7203,-0.1493,1.141
33.541428925,-0.8814,0.6941,-0.1395,1.131
33.543949002,-0.8907,0.6658,-0.1300,1.120
33.546131463,-0.8921,0.6413,-0.1174,1.105
33.548541617,-0.8883,0.6140,-0.0813,1.083
33.55112154,-0.8783,0.5930,-0.0417,1.061
33.553471156,-0.8692,0.5737,-0.0307,1.042
33.555915771,-0.8604,0.5607,-0.0491,1.028
33.558149233,-0.8423,0.5424,-0.0862,1.006
33.560912925,-0.8335,0.5260,-0.1226,0.993
33.562985233,-0.8203,0.5023,-0.1402,0.972
33.567941617,-0.8157,0.4755,-0.1588,0.957
33.568435463,-0.8194,0.4501,-0.2042,0.957
33.570328386,-0.8331,0.4214,-0.3005,0.981
33.573019694,-0.8653,0.3916,-0.4163,1.037
33.575922771,-0.9127,0.3572,-0.5096,1.105
33.577610771,-0.9635,0.3162,-0.5487,1.153
33.57997754,-1.0038,0.2698,-0.5365,1.170
33.58269054,-1.0265,0.2104,-0.5043,1.163
33.584756617,-1.0339,0.1452,-0.4698,1.145
33.587114848,-1.0109,0.0750,-0.4358,1.103
33.590318156,-0.9836,0.0064,-0.3892,1.058
33.596084925,-0.9498,-0.0700,-0.3127,1.002
33.596892925,-0.9117,-0.1487,-0.2162,0.949
33.597266771,-0.8580,-0.2281,-0.1174,0.895
33.599482848,-0.7961,-0.3020,-0.0286,0.852
33.607608386,-0.7502,-0.3959,0.0104,0.848
33.608125233,-0.6796,-0.4883,0.1057,0.843
33.608352694,-0.5916,-0.5818,0.1939,0.852
33.60896254,-0.5137,-0.6586,0.1956,0.858
33.61178154,-0.4185,-0.7162,0.2242,0.859
33.61475731,-0.3151,-0.7429,0.2369,0.841
33.617894463,-0.2110,-0.7425,0.2245,0.804
33.618650848,-0.1135,-0.7226,0.1930,0.756
33.620797848,-0.0304,-0.6788,0.1483,0.695
33.624626463,0.0332,-0.6185,0.0966,0.627
33.625804617,0.0857,-0.5542,0.0434,0.562
33.628202463,0.1421,-0.4836,-0.0049,0.504
33.630613848,0.1917,-0.4128,-0.0440,0.457
33.633257925,0.2409,-0.3351,-0.0601,0.417
33.635327694,0.2868,-0.2654,-0.1104,0.406
33.638018463,0.3110,-0.1899,-0.0852,0.374
33.640792925,0.3277,-0.1112,-0.0815,0.355
33.642747386,0.3347,-0.0299,-0.0877,0.347
33.645244617,0.3086,0.0711,-0.0735,0.325
33.647592925,0.2812,0.1652,-0.0508,0.330
33.65067754,0.2362,0.2851,-0.0901,0.381
33.652516925,0.1719,0.4093,-0.0901,0.453
33.654947463,0.0980,0.5231,-0.1009,0.542
33.657333925,0.0469,0.6028,-0.1752,0.629
33.659714156,-0.0014,0.6667,-0.2047,0.697
33.662254848,-0.0696,0.7352,-0.2047,0.766
33.664478156,-0.1353,0.7869,-0.2157,0.827
33.667139771,-0.2037,0.8276,-0.2262,0.882
33.669298463,-0.2731,0.8573,-0.2389,0.931
33.671712925,-0.3349,0.8766,-0.2362,0.968
33.675536079,-0.3830,0.8798,-0.2469,0.991
33.676768002,-0.4206,0.8671,-0.2308,0.991
33.679054156,-0.4763,0.8686,-0.1849,1.008
33.681685848,-0.5076,0.8512,-0.1532,1.003
33.684295463,-0.5403,0.8393,-0.1102,1.004
33.686503386,-0.5648,0.8192,-0.0740,0.998
33.688625233,-0.5904,0.7982,-0.0412,0.994
33.695342771,-0.6048,0.7736,-0.0132,0.982
33.69616554,-0.6183,0.7518,0.0102,0.973
33.696550233,-0.6200,0.7315,0.0285,0.959
33.69883231,-0.6214,0.7100,0.0483,0.945
33.706936617,-0.6188,0.7005,0.0779,0.938
33.707848925,-0.6046,0.6941,0.1171,0.928
33.708317848,-0.6109,0.6885,0.1514,0.933
33.708564002,-0.5096,0.6511,0.2003,0.851
33.710138463,-0.4118,0.6639,0.4311,0.892
33.712498848,-0.4411,0.7324,0.4164,0.951
33.716498156,-0.4536,0.7474,0.3591,0.945
33.717420002,-0.4282,0.7368,0.2927,0.901
33.719759694,-0.4024,0.7322,0.2154,0.863
33.722699463,-0.3903,0.7184,0.1182,0.826
33.72546131,-0.4082,0.7070,0.0219,0.817
33.727214463,-0.4316,0.7176,-0.0293,0.838
33.729592694,-0.4439,0.7237,-0.0679,0.852
33.733286771,-0.4558,0.7252,-0.1058,0.863
33.734429233,-0.4910,0.7438,-0.1080,0.898
33.73678931,-0.5325,0.7652,-0.1236,0.940
33.739583694,-0.5755,0.7811,-0.1368,0.980
33.74165354,-0.6227,0.7948,-0.1595,1.022
33.744844002,-0.6610,0.7931,-0.1937,1.050
33.746802463,-0.6884,0.7872,-0.2177,1.068
33.749162848,-0.7162,0.7757,-0.2333,1.081
33.75116531,-0.7374,0.7535,-0.2423,1.082
33.753571156,-0.7612,0.7389,-0.2504,1.090
33.756351771,-0.7649,0.7184,-0.2595,1.081
33.758664079,-0.7656,0.7042,-0.2655,1.074
33.760820925,-0.7639,0.6934,-0.2832,1.070
33.76350131,-0.7663,0.6968,-0.3061,1.080
33.766748925,-0.7568,0.6961,-0.3354,1.082
33.76806154,-0.7451,0.7014,-0.3628,1.086
33.770880079,-0.7321,0.7105,-0.3860,1.091
33.773326463,-0.7097,0.7244,-0.3982,1.089
33.775298848,-0.6766,0.7361,-0.4163,1.083
33.77782954,-0.6535,0.7579,-0.4293,1.089
33.780348617,-0.6424,0.7962,-0.4334,1.111
33.782711079,-0.6326,0.8327,-0.4481,1.138
33.785177002,-0.6298,0.8724,-0.4659,1.173
33.787657925,-0.6432,0.9184,-0.4808,1.220
33.794307694,-0.6596,0.9639,-0.4796,1.263
33.79534031,-0.6779,1.0140,-0.4764,1.309
33.795707694,-0.6906,1.0580,-0.4774,1.351
33.798172925,-0.7057,1.0927,-0.4826,1.387
33.80893731,-0.7185,1.1209,-0.4884,1.418
33.810177848,-0.7385,1.1468,-0.4837,1.447
33.810623386,-0.7630,1.1679,-0.4777,1.475
33.810830848,-0.7915,1.1817,-0.4644,1.496
33.81112031,-0.8218,1.1974,-0.4502,1.521
33.811788079,-0.8545,1.2138,-0.4332,1.546
33.81410931,-0.8923,1.2318,-0.4153,1.577
33.816517617,-0.9323,1.2507,-0.3901,1.608
33.818636694,-0.9740,1.2697,-0.3696,1.642
33.821315771,-1.0104,1.2842,-0.3579,1.673
33.823799771,-1.0390,1.2939,-0.3464,1.695
33.825866233,-1.0642,1.2986,-0.3289,1.711
33.829078771,-1.0798,1.3008,-0.3093,1.719
33.831771386,-1.0964,1.2951,-0.2888,1.721
33.833140386,-1.0964,1.2827,-0.2692,1.709
33.835906771,-1.0924,1.2616,-0.2529,1.688
33.838481925,-1.0763,1.2294,-0.2289,1.650
33.840790771,-1.0573,1.1896,-0.2035,1.605
33.843063694,-1.0346,1.1463,-0.1705,1.554
33.845576617,-1.0090,1.0978,-0.1358,1.497
33.84894831,-0.9791,1.0438,-0.1118,1.435
33.850106233,-0.9435,0.9834,-0.0852,1.365
33.852464694,-0.9068,0.9171,-0.0620,1.291
33.855724694,-0.8648,0.8556,-0.0335,1.217
33.857651771,-0.8184,0.7924,-0.0114,1.139
33.859792386,-0.7702,0.7271,0.0099,1.059
33.862326463,-0.7211,0.6711,0.0232,0.985
33.865254156,-0.6682,0.6162,0.0432,0.910
33.867207463,-0.6119,0.5656,0.0530,0.835
33.869659694,-0.5471,0.5207,0.0527,0.757
33.872187694,-0.4879,0.4855,0.0510,0.690
33.874416386,-0.4287,0.4542,0.0463,0.626
33.87658931,-0.3733,0.4328,0.0402,0.573
33.879615694,-0.3156,0.4151,0.0334,0.523
33.881973925,-0.2623,0.4068,0.0232,0.485
33.883990848,-0.2159,0.4046,0.0127,0.459
33.886393617,-0.1898,0.4083,-0.0014,0.450
33.893888694,-0.1660,0.4191,-0.0198,0.451
33.894972002,-0.1504,0.4373,-0.0347,0.464
33.895692386,-0.1443,0.4579,-0.0540,0.483
33.896361233,-0.1438,0.4826,-0.0671,0.508
33.90708531,-0.1502,0.5153,-0.0869,0.544
33.907972002,-0.1555,0.5517,-0.1106,0.584
33.908153925,-0.1692,0.5856,-0.1329,0.624
33.908310848,-0.1819,0.6245,-0.1507,0.668
33.908786771,-0.2019,0.6651,-0.1610,0.713
33.910457233,-0.2222,0.7083,-0.1602,0.759
33.913280386,-0.2384,0.7489,-0.1612,0.802
33.916870463,-0.2557,0.7894,-0.1542,0.844
33.917604925,-0.2689,0.8278,-0.1441,0.882
33.921118771,-0.2809,0.8600,-0.1209,0.913
33.923106233,-0.2892,0.8930,-0.0997,0.944
33.924769617,-0.2997,0.9267,-0.0843,0.978
33.927200694,-0.2972,0.9536,-0.0764,1.002
33.929628386,-0.2904,0.9734,-0.0771,1.019
33.931977848,-0.2757,0.9883,-0.0759,1.029
33.93463331,-0.2618,0.9951,-0.0699,1.031
33.93696431,-0.2447,0.9949,-0.0633,1.026
33.939395156,-0.2349,0.9876,-0.0554,1.017
33.941690463,-0.2347,0.9746,-0.0454,1.003
33.944729617,-0.2328,0.9521,-0.0412,0.981
33.947606771,-0.2249,0.9176,-0.0445,0.946
33.949031386,-0.2193,0.8773,-0.0650,0.907
33.951509233,-0.2130,0.8390,-0.0929,0.871
33.953952002,-0.1990,0.7997,-0.1309,0.834
33.956425617,-0.1863,0.7589,-0.1803,0.802
33.95864031,-0.1753,0.7273,-0.1771,0.769
33.96172254,-0.1627,0.7032,-0.1260,0.733
33.96419331,-0.1518,0.6819,-0.0960,0.705
33.96595354,-0.1378,0.6641,-0.0916,0.684
33.968517233,-0.1216,0.6490,-0.1069,0.669
33.971127694,-0.1087,0.6362,-0.1214,0.657
33.973928386,-0.1047,0.6271,-0.1223,0.647
33.975783386,-0.1026,0.6287,-0.1248,0.649
33.978070848,-0.1038,0.6304,-0.1290,0.652
33.980564002,-0.1089,0.6369,-0.1253,0.658
33.982891694,-0.1145,0.6497,-0.1158,0.670
33.985507079,-0.1206,0.6678,-0.0969,0.685
33.987759386,-0.1257,0.6846,-0.0769,0.700
33.993729233,-0.1331,0.7012,-0.0517,0.716
33.994495156,-0.1380,0.7222,-0.0251,0.736
33.995712002,-0.1583,0.7571,-0.0354,0.774
34.007440694,-0.1979,0.8097,-0.1013,0.840
34.008124386,-0.2394,0.8625,-0.1957,0.916
34.008405233,-0.2741,0.8959,-0.2509,0.970
34.00871754,-0.3021,0.9040,-0.3901,1.030
34.009381617,-0.3153,0.8982,-0.5988,1.125
34.009891156,-0.3261,0.8747,-0.9308,1.318
34.012704694,-0.3390,0.8463,-1.4216,1.689
34.014944079,-0.3285,0.8295,-1.8837,2.084
34.016566771,-0.2562,0.8383,-1.9823,2.167
34.019649848,-0.1287,0.8991,-1.6911,1.920
34.021487771,0.0244,0.9900,-1.1891,1.547
34.023969002,0.1642,1.1107,-0.6611,1.303
34.026234156,0.3103,1.2411,-0.3188,1.318
34.030004079,0.4365,1.4081,0.0568,1.475
34.031019156,0.4575,1.6489,0.3535,1.747
34.033716617,0.3776,1.9433,0.5161,2.046
34.036203079,0.2795,2.1845,0.6068,2.284
34.038406848,0.1930,2.3124,0.4673,2.367
34.041357002,0.1991,2.3235,0.2741,2.348
34.043573233,0.2919,2.2956,0.2826,2.331
34.047139386,0.4402,2.2863,0.5775,2.399
34.048104617,0.5695,2.3093,0.9596,2.565
34.050294156,0.6459,2.4009,1.0695,2.707
34.052775463,0.6042,2.5169,0.9105,2.744
34.055320079,0.5737,2.5937,0.6822,2.743
34.057805233,0.5685,2.5891,0.3715,2.677
34.060167386,0.5387,2.4859,-0.0850,2.545
34.063200925,0.5003,2.2993,-0.4561,2.397
34.06476031,0.3741,2.0303,-0.8411,2.229
34.067785925,0.2494,1.7273,-1.1278,2.078
34.07010554,0.1671,1.4124,-1.2416,1.888
34.072149233,0.1239,1.1417,-1.1747,1.643
34.07497054,0.1265,0.9651,-0.8870,1.317
34.080062233,0.0838,0.8505,-0.4837,0.982
34.081333617,-0.0542,0.9020,0.0663,0.906
34.082010233,-0.2716,1.1095,0.6444,1.311
34.08444254,-0.5580,1.3990,0.9953,1.805
34.086685233,-0.8003,1.7317,1.0204,2.163
34.089433233,-0.9424,2.0696,0.8714,2.435
34.091232079,-0.9776,2.3850,0.7087,2.673
34.093980002,-0.8687,2.7127,0.6300,2.917
34.10006931,-0.6405,3.0476,0.6176,3.175
34.100869617,-0.3579,3.3643,0.6617,3.447
34.102046848,-0.0407,3.5676,0.6850,3.633
34.112920617,0.4263,3.6373,0.8343,3.756
34.113951079,0.9553,3.5668,0.8601,3.791
34.114177848,1.4055,3.3230,0.6356,3.664
34.114393233,1.7454,2.9518,0.4211,3.455
34.114678233,1.8893,2.5111,0.2228,3.150
34.116665002,1.9252,2.0494,-0.0352,2.812
34.118819771,1.8028,1.6098,-0.2233,2.427
34.121070463,1.4449,1.2497,-0.2595,1.928
34.122640617,0.9907,1.0168,-0.4539,1.490
34.124953925,0.7596,0.8495,-0.4908,1.241
34.127363156,0.3941,0.7349,-0.4070,0.928
34.129755463,0.0990,0.6658,-0.4011,0.784
34.132151079,-0.1946,0.6174,-0.4378,0.781
34.135321848,-0.4451,0.5578,-0.5199,0.883
34.137623156,-0.6109,0.5034,-0.5695,0.975
34.139424617,-0.8208,0.4787,-0.6794,1.168
34.142196617,-0.9845,0.4459,-0.7605,1.322
34.145569848,-1.1247,0.4083,-0.8483,1.467
34.146841925,-1.2466,0.3883,-0.8842,1.577
34.149227694,-1.3512,0.3692,-0.8167,1.621
34.151790771,-1.4756,0.3506,-0.7435,1.689
34.154504925,-1.6041,0.3362,-0.6765,1.773
34.156611463,-1.7150,0.3284,-0.6171,1.852
34.15908654,-1.8071,0.3377,-0.5360,1.915
34.161171771,-1.9202,0.3578,-0.4857,2.013
34.163745848,-2.0238,0.3872,-0.4920,2.118
34.16612154,-2.1093,0.4247,-0.5316,2.216
34.168696925,-2.1599,0.4713,-0.5839,2.287
34.171244002,-2.1988,0.5283,-0.6259,2.346
34.173517925,-2.1853,0.5756,-0.6792,2.360
34.17580131,-2.1289,0.6245,-0.7386,2.338
34.178433925,-2.0492,0.6739,-0.7358,2.279
34.180476386,-1.9437,0.7217,-0.7053,2.190
34.183755463,-1.8230,0.7757,-0.6748,2.093
34.18544654,-1.6810,0.8244,-0.6426,1.979
34.188279771,-1.5284,0.8754,-0.5881,1.857
34.190427694,-1.3651,0.9353,-0.5103,1.732
34.193064694,-1.2114,0.9919,-0.4176,1.620
34.199294463,-1.0661,1.0364,-0.3142,1.520
34.199860079,-0.9412,1.0657,-0.2122,1.438
34.20045731,-0.8420,1.0878,-0.1251,1.381
34.212743079,-0.7670,1.1023,-0.0708,1.345
34.213315079,-0.7262,1.1080,-0.0631,1.326
34.213778233,-0.7045,1.1205,-0.0784,1.326
34.213948079,-0.6913,1.1342,-0.1131,1.333
34.214116079,-0.6862,1.1466,-0.1474,1.344
34.214814463,-0.6720,1.1608,-0.1928,1.355
34.218067694,-0.6577,1.1573,-0.2306,1.351
34.219929617,-0.6379,1.1603,-0.2385,1.345
34.221710156,-0.6100,1.1561,-0.2555,1.332
34.224097233,-0.5653,1.1481,-0.2543,1.305
34.22644131,-0.5171,1.1321,-0.2399,1.268
34.22878031,-0.4683,1.1083,-0.2196,1.223
34.231081233,-0.4169,1.0831,-0.2006,1.178
34.233758156,-0.3498,1.0596,-0.1693,1.129
34.236142156,-0.2841,1.0354,-0.1272,1.081
34.238342156,-0.2203,1.0186,-0.0726,1.045
34.24137754,-0.1546,0.9973,-0.0200,1.009
34.24320154,-0.1074,0.9993,0.0373,1.006
34.24580931,-0.0630,0.9946,0.0835,1.000
34.247975079,-0.0188,0.9934,0.1208,1.001
34.251395694,0.0105,1.0107,0.1474,1.021
34.253541002,0.0384,1.0205,0.1781,1.037
34.25540154,0.0577,1.0293,0.1939,1.049
34.258447463,0.0789,1.0317,0.2086,1.056
34.260576617,0.0990,1.0338,0.2164,1.061
34.262874771,0.1190,1.0289,0.2298,1.061
34.265155694,0.1432,1.0215,0.2350,1.058
34.267472386,0.1627,1.0110,0.2303,1.050
34.269946463,0.1771,0.9988,0.2044,1.035
34.272828386,0.1886,0.9926,0.1616,1.023
34.275443694,0.1940,0.9878,0.1008,1.012
34.278016617,0.1947,0.9795,0.0307,0.999
34.279522848,0.1928,0.9709,-0.0352,0.990
34.282211771,0.1879,0.9629,-0.0967,0.986
34.28509854,0.1833,0.9504,-0.1470,0.979
34.28698554,0.1730,0.9399,-0.1893,0.974
34.289268002,0.1656,0.9248,-0.2218,0.965
34.291861925,0.1607,0.9033,-0.2418,0.949
34.297899386,0.1526,0.8847,-0.2604,0.935
34.299184002,0.1444,0.8603,-0.2721,0.914
34.299617925,0.1356,0.8383,-0.2816,0.895
34.301931694,0.1270,0.8116,-0.2890,0.871
34.309312925,0.1241,0.7916,-0.2912,0.853
34.310088386,0.1167,0.7667,-0.2885,0.827
34.310679386,0.1074,0.7510,-0.2816,0.809
34.311279694,0.0948,0.7349,-0.2765,0.791
34.31382154,0.0852,0.7264,-0.2729,0.781
34.317007771,0.0769,0.7125,-0.2702,0.766
34.318840386,0.0687,0.7073,-0.2723,0.761
34.32135454,0.0659,0.6961,-0.2702,0.750
34.323016002,0.0682,0.6878,-0.2653,0.740
34.325247156,0.0733,0.6825,-0.2627,0.735
34.327743694,0.0860,0.6751,-0.2541,0.726
34.329928925,0.1021,0.6732,-0.2475,0.724
34.332833848,0.1197,0.6699,-0.2401,0.722
34.335359386,0.1381,0.6724,-0.2338,0.725
34.337377002,0.1537,0.6776,-0.2264,0.731
34.339672694,0.1742,0.6797,-0.2203,0.735
34.34242154,0.1889,0.6851,-0.2164,0.743
34.344628925,0.2018,0.6949,-0.2133,0.754
34.346923771,0.2147,0.7056,-0.2128,0.768
34.349526848,0.2233,0.7151,-0.2115,0.778
34.351950233,0.2355,0.7249,-0.2077,0.790
34.354131079,0.2429,0.7361,-0.2047,0.802
34.356710156,0.2462,0.7482,-0.1954,0.812
34.359228925,0.2460,0.7615,-0.1903,0.823
34.361437233,0.2372,0.7725,-0.1868,0.829
34.363884925,0.2323,0.7897,-0.1754,0.842
34.366287386,0.2282,0.8041,-0.1656,0.852
34.368785617,0.2248,0.8192,-0.1622,0.865
34.371318463,0.2140,0.8393,-0.1593,0.881
34.373726771,0.2035,0.8566,-0.1588,0.895
34.376055771,0.1957,0.8737,-0.1568,0.909
34.378263694,0.1886,0.8889,-0.1537,0.922
34.380775694,0.1871,0.8982,-0.1468,0.929
34.383474848,0.1903,0.9064,-0.1405,0.937
34.38885631,0.2008,0.9111,-0.1339,0.943
34.389453002,0.2133,0.9115,-0.1309,0.945
34.391013002,0.2257,0.9148,-0.1336,0.952
34.39779054,0.2323,0.9131,-0.1414,0.953
34.398098463,0.2426,0.9148,-0.1579,0.959
34.398267694,0.2478,0.9152,-0.1679,0.963
34.39991231,0.2494,0.9113,-0.1766,0.961
34.407491079,0.2531,0.9103,-0.1771,0.961
34.40804531,0.2524,0.9028,-0.1737,0.953
34.408276002,0.2411,0.8996,-0.1505,0.943
34.411239694,0.2269,0.9028,-0.1360,0.941
34.41267331,0.2062,0.9026,-0.1344,0.936
34.414783463,0.1812,0.9035,-0.1405,0.932
34.417868925,0.1521,0.9062,-0.1481,0.931
34.419319771,0.1180,0.9096,-0.1556,0.930
34.42178131,0.0825,0.9133,-0.1647,0.932
34.424440925,0.0501,0.9184,-0.1670,0.935
34.426717848,0.0122,0.9211,-0.1725,0.937
34.428941925,-0.0265,0.9248,-0.1740,0.941
34.431605925,-0.0642,0.9262,-0.1756,0.945
34.434286771,-0.0998,0.9264,-0.1737,0.948
34.436154771,-0.1357,0.9257,-0.1700,0.951
34.438703771,-0.1655,0.9206,-0.1617,0.949
34.441240694,-0.1963,0.9157,-0.1530,0.949
34.443663079,-0.2230,0.9064,-0.1329,0.943
34.445871156,-0.2445,0.8957,-0.1034,0.934
34.448846848,-0.2680,0.8835,-0.0645,0.925
34.451566771,-0.2873,0.8679,-0.0268,0.915
34.45312431,-0.3083,0.8556,0.0070,0.909
34.455834156,-0.3312,0.8376,0.0272,0.901
34.457944386,-0.3498,0.8175,0.0365,0.890
34.460339463,-0.3700,0.7985,0.0361,0.881
34.462945925,-0.3906,0.7752,0.0246,0.868
34.465603079,-0.4071,0.7520,0.0067,0.855
34.468027694,-0.4180,0.7286,-0.0142,0.840
34.470000386,-0.4355,0.7066,-0.0440,0.831
34.47269631,-0.4548,0.6885,-0.0799,0.829
34.475901002,-0.4717,0.6663,-0.1211,0.825
34.477285002,-0.4914,0.6418,-0.1476,0.822
34.480135463,-0.5103,0.6277,-0.1639,0.825
34.482395771,-0.5377,0.6187,-0.1740,0.838
34.485935694,-0.5657,0.6106,-0.1824,0.852
34.48758654,-0.5887,0.6069,-0.1982,0.868
34.495604617,-0.6102,0.6159,-0.2252,0.896
34.496062848,-0.6227,0.6331,-0.2685,0.928
34.496716386,-0.6335,0.6592,-0.3219,0.969
34.497328002,-0.6386,0.6993,-0.3662,1.015
34.501490771,-0.6412,0.7506,-0.3801,1.058
34.501953233,-0.6430,0.8083,-0.3743,1.099
34.50379731,-0.6493,0.8686,-0.3587,1.142
34.506357617,-0.6370,0.9301,-0.3547,1.182
34.509633617,-0.6234,0.9981,-0.3426,1.226
34.511000925,-0.6063,1.0669,-0.3386,1.273
34.513384694,-0.5729,1.1202,-0.3361,1.302
34.518943079,-0.5562,1.1794,-0.2748,1.333
34.519346463,-0.5484,1.2294,-0.2392,1.367
34.520731079,-0.5389,1.2483,-0.2187,1.377
34.523041617,-0.5261,1.2395,-0.2252,1.365
34.525644386,-0.5120,1.1857,-0.2578,1.317
34.527633617,-0.5012,1.1032,-0.3100,1.251
34.530371386,-0.5022,1.0110,-0.3716,1.188
34.532661925,-0.5140,0.9233,-0.4165,1.136
34.535208386,-0.5410,0.8605,-0.4324,1.105
34.53762131,-0.5787,0.8221,-0.4053,1.084
34.540023386,-0.6132,0.8146,-0.3442,1.076
34.542315156,-0.6388,0.8293,-0.2629,1.079
34.544605617,-0.6535,0.8547,-0.1833,1.091
34.54729454,-0.6544,0.8876,-0.1214,1.109
34.549389002,-0.6461,0.9189,-0.0867,1.127
34.551671386,-0.6249,0.9404,-0.0776,1.132
34.554326156,-0.5939,0.9567,-0.0965,1.130
34.55680431,-0.5680,0.9714,-0.1339,1.133
34.55910531,-0.5423,0.9898,-0.1776,1.142
34.561535463,-0.5220,1.0242,-0.2138,1.169
34.564516002,-0.5286,1.0750,-0.2480,1.223
34.56632654,-0.5580,1.1442,-0.2699,1.301
34.56862831,-0.5843,1.2236,-0.2574,1.380
34.57094431,-0.6070,1.3056,-0.2329,1.459
34.573820002,-0.6197,1.3885,-0.2155,1.536
34.57605731,-0.6181,1.4747,-0.2062,1.612
34.578603156,-0.5995,1.5600,-0.2025,1.683
34.580944925,-0.5721,1.6413,-0.1871,1.748
34.58388431,-0.5387,1.7124,-0.1659,1.803
34.585583694,-0.5007,1.7696,-0.1395,1.844
34.588086233,-0.4663,1.8118,-0.1253,1.875
34.592578848,-0.4423,1.8558,-0.1316,1.912
34.592896386,-0.4236,1.9001,-0.1507,1.953
34.59529754,-0.4216,1.9436,-0.1717,1.996
34.59789354,-0.4294,1.9721,-0.1984,2.028
34.600490848,-0.4472,1.9976,-0.2409,2.061
34.602631386,-0.4739,2.0144,-0.2974,2.091
34.605092694,-0.4930,2.0203,-0.3264,2.105
34.609391463,-0.5186,2.0181,-0.3249,2.109
34.609792925,-0.5438,2.0068,-0.3156,2.103
34.612344079,-0.5782,1.9900,-0.2942,2.093
34.614509925,-0.6219,1.9648,-0.2663,2.078
34.616904617,-0.6803,1.9250,-0.2499,2.057
34.619398156,-0.7453,1.8695,-0.2478,2.028
34.622118848,-0.8186,1.8021,-0.2199,1.992
34.624193925,-0.8916,1.7356,-0.1917,1.961
34.627156079,-0.9566,1.6609,-0.1903,1.926
34.629212002,-1.0251,1.5863,-0.1966,1.899
34.632576925,-1.0668,1.5104,-0.2010,1.860
34.633848079,-1.0881,1.4354,-0.1759,1.810
34.636554771,-1.0881,1.3653,-0.1324,1.751
34.638890848,-1.0763,1.3003,-0.0975,1.691
34.641263079,-1.0432,1.2367,-0.0906,1.620
34.643619156,-0.9997,1.1720,-0.0978,1.544
34.646496617,-0.9454,1.1107,-0.0836,1.461
34.649046771,-0.8897,1.0445,-0.0235,1.372
34.650910848,-0.8257,0.9707,0.0136,1.274
34.653483771,-0.7673,0.8969,0.0111,1.180
34.65580431,-0.7180,0.8327,-0.0073,1.099
34.657991694,-0.6833,0.7687,-0.0088,1.028
34.66064954,-0.6657,0.7154,-0.0065,0.977
34.663558848,-0.6559,0.6614,-0.0323,0.932
34.665576079,-0.6449,0.6040,-0.0784,0.887
34.66764131,-0.6461,0.5561,-0.1558,0.867
34.670432079,-0.6459,0.5057,-0.2062,0.846
34.673532386,-0.6645,0.4582,-0.2201,0.837
34.675060386,-0.6871,0.4063,-0.2122,0.826
34.677606463,-0.7131,0.3545,-0.1998,0.821
34.680157233,-0.7512,0.3017,-0.1949,0.833
34.682243386,-0.7971,0.2483,-0.2045,0.860
34.684587771,-0.8496,0.1967,-0.2325,0.903
34.687096694,-0.8953,0.1440,-0.2986,0.955
34.694376925,-0.9356,0.0851,-0.3708,1.010
34.695211463,-0.9733,0.0254,-0.4111,1.057
34.695639694,-0.9992,-0.0390,-0.4060,1.079
34.69668831,-1.0295,-0.0935,-0.4123,1.113
34.706849617,-1.0590,-0.1474,-0.4486,1.159
34.70758431,-1.0824,-0.2002,-0.4903,1.205
34.708416002,-1.0979,-0.2547,-0.5218,1.242
34.708813848,-1.0971,-0.3109,-0.5323,1.258
34.709048694,-1.0854,-0.3683,-0.4994,1.250
34.711706771,-1.0497,-0.4201,-0.4043,1.201
34.714810848,-0.9929,-0.4753,-0.2646,1.132
34.715968386,-0.9386,-0.5384,-0.1253,1.089
34.718352617,-0.8562,-0.5994,0.0493,1.046
34.72106531,-0.7653,-0.6581,0.1986,1.029
34.723488617,-0.6442,-0.7113,0.3200,1.012
34.725374771,-0.5112,-0.7509,0.4180,1.000
34.728370156,-0.3735,-0.7676,0.4866,0.983
34.731367463,-0.2569,-0.7683,0.5210,0.963
34.733188617,-0.1636,-0.7455,0.5399,0.935
34.735125002,-0.0615,-0.7187,0.5252,0.892
34.73776931,0.0268,-0.6768,0.4944,0.839
34.740354156,0.1104,-0.6278,0.4253,0.766
34.742511771,0.1898,-0.5755,0.3102,0.681
34.745059694,0.2482,-0.5168,0.1979,0.607
34.748493617,0.2881,-0.4541,0.1128,0.549
34.749709233,0.3132,-0.3854,0.0339,0.498
34.75209854,0.3415,-0.3250,-0.0317,0.473
34.754674233,0.3557,-0.2613,-0.0936,0.451
34.756979156,0.3567,-0.1978,-0.1598,0.438
34.759499079,0.3584,-0.1298,-0.2399,0.450
34.762215386,0.3373,-0.0521,-0.2560,0.427
34.765298156,0.3017,0.0277,-0.2881,0.418
34.766646156,0.2448,0.1198,-0.2974,0.403
34.769204002,0.1740,0.2204,-0.2814,0.398
34.771839463,0.0789,0.3364,-0.2697,0.438
34.773876617,-0.0170,0.4428,-0.2574,0.512
34.776312925,-0.1035,0.5207,-0.2868,0.603
34.781231463,-0.1739,0.5688,-0.3291,0.680
34.781893617,-0.2557,0.6191,-0.3289,0.746
34.783356925,-0.3314,0.6597,-0.3352,0.811
34.786058771,-0.4011,0.6905,-0.3286,0.864
34.789331694,-0.4624,0.7147,-0.3091,0.906
34.790768694,-0.5193,0.7359,-0.2873,0.945
34.793253848,-0.5741,0.7454,-0.2629,0.977
34.795614463,-0.6176,0.7547,-0.2059,0.997
34.802664925,-0.6564,0.7615,-0.1351,1.014
34.803470233,-0.6906,0.7647,-0.0577,1.032
34.803936617,-0.6987,0.7533,-0.0100,1.027
34.81536654,-0.7374,0.7701,0.0817,1.069
34.816016002,-0.7570,0.7715,0.1365,1.090
34.816252002,-0.7781,0.7752,0.1873,1.114
34.816503463,-0.7783,0.7687,0.2217,1.116
34.816734233,-0.7712,0.7569,0.2296,1.105
34.817402771,-0.7465,0.7386,0.2184,1.073
34.819707386,-0.7082,0.7249,0.2152,1.036
34.822945848,-0.6603,0.7063,0.2301,0.994
34.824480386,-0.6109,0.6819,0.2338,0.945
34.826868002,-0.5890,0.6614,0.2224,0.913
34.830287694,-0.5252,0.6621,0.3568,0.917
34.831534463,-0.4541,0.6699,0.4565,0.929
34.833979156,-0.4265,0.6821,0.3530,0.879
34.836648694,-0.4128,0.6834,0.2914,0.850
34.839302463,-0.4020,0.6814,0.2200,0.821
34.841304002,-0.3989,0.6809,0.1575,0.805
34.844447694,-0.4108,0.6802,0.1018,0.801
34.847276002,-0.4229,0.6858,0.0642,0.808
34.849859463,-0.4350,0.7017,0.0337,0.826
34.851555079,-0.4534,0.7200,0.0341,0.852
34.85364831,-0.4839,0.7433,0.0314,0.887
34.857023079,-0.5091,0.7457,0.0016,0.903
34.858873233,-0.5406,0.7417,-0.0261,0.918
34.860818463,-0.5706,0.7391,-0.0608,0.936
34.863542156,-0.6146,0.7398,-0.0957,0.967
34.865513925,-0.6574,0.7428,-0.1236,1.000
34.867947387,-0.7097,0.7449,-0.1526,1.040
34.870524925,-0.7730,0.7615,-0.1776,1.100
34.872897233,-0.8355,0.7764,-0.1973,1.158
34.875289925,-0.9021,0.7860,-0.2059,1.214
34.877831156,-0.9542,0.8018,-0.2103,1.264
34.880393925,-0.9960,0.8146,-0.2082,1.303
34.882694233,-1.0202,0.8260,-0.2164,1.330
34.885491387,-1.0185,0.8351,-0.2231,1.336
34.887733848,-1.0099,0.8502,-0.2215,1.339
34.894692925,-0.9840,0.8784,-0.2145,1.336
34.895221925,-0.9288,0.9038,-0.2047,1.312
34.895746771,-0.8477,0.9287,-0.2010,1.273
34.903555463,-0.7802,0.9567,-0.2003,1.251
34.90419454,-0.7397,0.9937,-0.2094,1.256
34.904438463,-0.7092,1.0317,-0.2169,1.271
34.904820387,-0.6926,1.0631,-0.2292,1.289
34.906484079,-0.6950,1.0924,-0.2721,1.323
34.909338233,-0.6728,1.1337,-0.2885,1.349
34.913168925,-0.6561,1.1696,-0.2917,1.372
34.915290848,-0.6503,1.2048,-0.3081,1.403
34.91639454,-0.6498,1.2304,-0.3281,1.430
34.918638771,-0.6589,1.2495,-0.3491,1.455
34.921128002,-0.6673,1.2602,-0.3628,1.471
34.923185925,-0.6642,1.2661,-0.3711,1.477
34.925866156,-0.6568,1.2649,-0.3823,1.476
34.928501848,-0.6468,1.2600,-0.3841,1.467
34.93068031,-0.6354,1.2521,-0.3804,1.455
34.932956694,-0.6151,1.2399,-0.3694,1.433
34.936399079,-0.5955,1.2316,-0.3557,1.414
34.939461002,-0.5811,1.2216,-0.3401,1.395
34.94054554,-0.5689,1.2148,-0.3163,1.378
34.942838463,-0.5582,1.2096,-0.2921,1.364
34.945953848,-0.5520,1.2020,-0.2709,1.350
34.947386463,-0.5550,1.2003,-0.2487,1.346
34.95006431,-0.5569,1.1974,-0.2269,1.340
34.952373233,-0.5636,1.1999,-0.2087,1.342
34.954836079,-0.5767,1.1959,-0.1933,1.342
34.957283771,-0.5929,1.1896,-0.1886,1.342
34.959941848,-0.6156,1.1903,-0.2008,1.355
34.962429002,-0.6370,1.1813,-0.1817,1.354
34.964341002,-0.6566,1.1681,-0.1593,1.349
34.966822233,-0.6686,1.1463,-0.1474,1.335
34.969388387,-0.6717,1.1205,-0.1356,1.313
34.97173054,-0.6703,1.0811,-0.1232,1.278
34.974180925,-0.6577,1.0386,-0.1207,1.235
34.976582848,-0.6381,0.9861,-0.1155,1.180
34.979556387,-0.6081,0.9348,-0.0972,1.119
34.98124154,-0.5689,0.8803,-0.0869,1.052
34.983927156,-0.5269,0.8316,-0.0764,0.987
34.986169925,-0.4844,0.7889,-0.0606,0.928
34.98849854,-0.4436,0.7494,-0.0464,0.872
34.991039694,-0.3969,0.7151,-0.0342,0.819
34.993705925,-0.3510,0.6785,-0.0244,0.764
34.999174463,-0.3063,0.6548,-0.0102,0.723
35.000017617,-0.2667,0.6364,-0.0042,0.690
35.000852617,-0.2301,0.6231,0.0021,0.664
35.010402771,-0.1958,0.6203,0.0031,0.650
35.01118131,-0.1655,0.6220,0.0043,0.644
35.011509233,-0.1418,0.6323,-0.0005,0.648
35.011750156,-0.1238,0.6474,-0.0056,0.659
35.013591079,-0.1155,0.6692,-0.0086,0.679
35.015582848,-0.1120,0.6937,-0.0037,0.703
35.01782531,-0.1211,0.7271,0.0000,0.737
35.020364617,-0.1257,0.7615,0.0090,0.772
35.022499156,-0.1308,0.7987,0.0170,0.809
35.024563079,-0.1529,0.8341,0.0207,0.848
35.028387463,-0.1793,0.8642,0.0176,0.883
35.029596079,-0.2037,0.8913,0.0165,0.914
35.032304079,-0.2286,0.9148,0.0070,0.943
35.034526233,-0.2503,0.9355,-0.0034,0.968
35.037382463,-0.2660,0.9504,-0.0144,0.987
35.038943771,-0.2865,0.9599,-0.0259,1.002
35.042493925,-0.3051,0.9634,-0.0324,1.011
35.043964002,-0.3188,0.9570,-0.0335,1.009
35.046272079,-0.3111,0.9531,-0.0354,1.003
35.048787694,-0.3051,0.9426,-0.0354,0.991
35.051426848,-0.2997,0.9336,-0.0300,0.981
35.054086463,-0.2892,0.9252,-0.0249,0.970
35.056155694,-0.2878,0.9220,-0.0261,0.966
35.058463463,-0.2824,0.9238,-0.0296,0.966
35.061688694,-0.2716,0.9204,-0.0422,0.961
35.063384002,-0.2594,0.9157,-0.0525,0.953
35.065628617,-0.2408,0.9216,-0.0687,0.955
35.068075463,-0.2252,0.9206,-0.0764,0.951
35.070735463,-0.2051,0.9255,-0.0820,0.952
35.073143387,-0.1826,0.9280,-0.0904,0.950
35.075556002,-0.1599,0.9333,-0.0999,0.952
35.077547387,-0.1308,0.9357,-0.1148,0.952
35.080384387,-0.1079,0.9421,-0.1321,0.957
35.083102463,-0.0861,0.9465,-0.1483,0.962
35.085250771,-0.0671,0.9509,-0.1617,0.967
35.087503463,-0.0439,0.9534,-0.1744,0.970
35.08979231,-0.0295,0.9576,-0.1868,0.976
35.092554463,-0.0158,0.9560,-0.1930,0.975
35.098874771,-0.0062,0.9541,-0.2054,0.976
35.100107079,0.0068,0.9441,-0.2128,0.968
35.100423694,0.0219,0.9313,-0.2228,0.958
35.112131463,0.0349,0.9150,-0.2220,0.942
35.11306654,0.0428,0.9001,-0.2191,0.927
35.113307694,0.0424,0.8820,-0.2159,0.909
35.113528387,0.0412,0.8605,-0.2108,0.887
35.113732617,0.0405,0.8390,-0.2017,0.864
35.113950771,0.0354,0.8178,-0.1961,0.842
35.116414848,0.0237,0.7969,-0.1884,0.819
35.119684617,0.0090,0.7816,-0.1852,0.803
35.121082233,-0.0111,0.7708,-0.1781,0.791
35.123723463,-0.0319,0.7618,-0.1693,0.781
35.126248079,-0.0561,0.7591,-0.1568,0.777
35.128627463,-0.0854,0.7601,-0.1437,0.778
35.130927079,-0.1167,0.7674,-0.1327,0.788
35.133677925,-0.1448,0.7787,-0.1232,0.802
35.13576831,-0.1748,0.7924,-0.1143,0.819
35.137995463,-0.1988,0.8067,-0.1041,0.837
35.140627156,-0.2268,0.8283,-0.0916,0.864
35.14413631,-0.2462,0.8522,-0.0799,0.891
35.145332387,-0.2608,0.8759,-0.0669,0.916
35.14833454,-0.2720,0.8950,-0.0469,0.937
35.150666771,-0.2797,0.9164,-0.0256,0.958
35.153258233,-0.2826,0.9406,-0.0030,0.982
35.155356925,-0.2816,0.9602,0.0192,1.001
35.158512002,-0.2753,0.9773,0.0351,1.016
35.161465233,-0.2664,0.9939,0.0444,1.030
35.162679387,-0.2569,1.0096,0.0495,1.043
35.164806156,-0.2471,1.0235,0.0532,1.054
35.167323156,-0.2335,1.0382,0.0566,1.066
35.169489002,-0.2200,1.0464,0.0458,1.070
35.172324002,-0.2166,1.0543,0.0067,1.076
35.174435771,-0.2256,1.0701,-0.0083,1.094
35.177057002,-0.2396,1.0760,-0.0433,1.103
35.179350156,-0.2496,1.0708,-0.1183,1.106
35.181697925,-0.2567,1.0528,-0.2020,1.102
35.184047156,-0.2555,1.0273,-0.2702,1.093
35.18664131,-0.2442,0.9958,-0.3166,1.073
35.188768387,-0.2188,0.9543,-0.3823,1.051
35.191689617,-0.1924,0.9136,-0.5704,1.094
35.198043694,-0.1712,0.8884,-0.8231,1.223
35.198857233,-0.1431,0.8857,-1.0037,1.346
35.199109925,-0.0913,0.9131,-0.9555,1.325
35.201479156,-0.0053,0.9616,-0.6513,1.161
35.209881848,0.1163,1.0200,-0.1602,1.039
35.210870463,0.2643,1.0697,0.3647,1.161
35.211074848,0.3934,1.0909,0.6771,1.343
35.21128031,0.4628,1.1088,0.7824,1.434
35.214288079,0.4596,1.1100,0.7627,1.423
35.21625054,0.3787,1.1337,0.7106,1.391
35.218469002,0.2387,1.2038,0.6383,1.383
35.220003156,0.1204,1.2854,0.5489,1.403
35.222495463,0.0911,1.3399,0.4529,1.417
35.224844002,0.1614,1.3604,0.3549,1.415
35.227113233,0.2441,1.3592,0.2203,1.398
35.229660387,0.3228,1.3455,0.2396,1.404
35.23233054,0.4102,1.3645,0.2760,1.451
35.235063771,0.4752,1.4163,0.2491,1.515
35.237216925,0.4866,1.4945,0.0598,1.573
35.239487771,0.4869,1.5830,-0.0972,1.659
35.243126463,0.4573,1.6767,-0.2478,1.756
35.24428154,0.3931,1.7622,-0.4288,1.856
35.247543694,0.3322,1.8412,-0.6330,1.975
35.249412387,0.2465,1.9103,-0.8527,2.106
35.251815079,0.1830,1.9595,-1.0608,2.236
35.25371054,0.1647,1.9888,-1.2277,2.343
35.256246848,0.1505,2.0284,-1.3442,2.438
35.25974954,0.1691,2.0557,-1.3366,2.458
35.260866463,0.2082,2.0904,-1.2054,2.422
35.263491079,0.2888,2.1188,-1.0016,2.361
35.26604931,0.4407,2.1728,-0.6689,2.316
35.268574848,0.5641,2.2632,-0.2599,2.347
35.270625925,0.7319,2.3501,0.2200,2.471
35.273261848,0.9110,2.4173,0.5992,2.652
35.275918156,1.0381,2.4576,0.7507,2.771
35.27776031,1.1020,2.5003,0.7468,2.833
35.280216387,1.0999,2.4980,0.8257,2.852
35.282928002,1.0249,2.4864,0.7976,2.805
35.285024617,0.9152,2.4598,0.7024,2.717
35.28794031,0.7823,2.3799,0.6036,2.577
35.290395694,0.6895,2.2888,0.4431,2.431
35.296575694,0.6066,2.1400,0.3009,2.245
35.29724431,0.5318,1.9756,0.2335,2.059
35.297588002,0.4561,1.7918,0.1878,1.858
35.300302463,0.3916,1.6022,0.0854,1.652
35.30687354,0.3254,1.4141,-0.0281,1.451
35.307853848,0.2482,1.2492,-0.0750,1.276
35.308103694,0.1705,1.0962,-0.1563,1.120
35.315197233,0.1172,0.9578,-0.2323,0.992
35.31567354,0.0230,0.8405,-0.3274,0.902
35.315917617,-0.0798,0.7486,-0.3740,0.841
35.316614463,-0.1702,0.6802,-0.3855,0.800
35.319894463,-0.2628,0.6252,-0.4155,0.795
35.321308079,-0.3542,0.5871,-0.4358,0.812
35.32386254,-0.4418,0.5712,-0.4796,0.867
35.326248925,-0.5282,0.5458,-0.4637,0.890
35.328579079,-0.5899,0.5192,-0.4830,0.922
35.331216387,-0.6381,0.4980,-0.5236,0.964
35.333916002,-0.6825,0.4850,-0.5854,1.022
35.33584131,-0.7370,0.4645,-0.6024,1.059
35.33812654,-0.8426,0.4577,-0.5888,1.125
35.342203156,-0.9796,0.4638,-0.5800,1.229
35.343252387,-1.1431,0.4999,-0.4319,1.320
35.34564554,-1.3439,0.5453,-0.3855,1.501
35.348130848,-1.5785,0.6091,-0.2829,1.715
35.350887156,-1.8387,0.6732,-0.2110,1.969
35.352756617,-2.0891,0.7393,-0.1378,2.220
35.355337617,-2.2774,0.8027,-0.1476,2.419
35.35755354,-2.4169,0.8461,-0.1600,2.566
35.360223694,-2.5371,0.8507,-0.2534,2.688
35.362504002,-2.5808,0.8481,-0.3522,2.739
35.365780387,-2.5308,0.8341,-0.4466,2.702
35.367598156,-2.4118,0.8104,-0.5118,2.595
35.369681617,-2.2428,0.7929,-0.5485,2.441
35.37220254,-2.0436,0.7853,-0.5465,2.256
35.375579694,-1.8328,0.8036,-0.5062,2.064
35.376648925,-1.6212,0.8363,-0.4319,1.875
35.379365925,-1.4189,0.8747,-0.3462,1.702
35.38185331,-1.2251,0.9094,-0.2604,1.548
35.384180694,-1.0642,0.9367,-0.1942,1.431
35.386682771,-0.9188,0.9553,-0.1385,1.333
35.389001617,-0.8000,0.9724,-0.0941,1.263
35.396075156,-0.7040,0.9856,-0.0669,1.213
35.396806771,-0.6263,1.0022,-0.0522,1.183
35.397295694,-0.5548,1.0171,-0.0571,1.160
35.398999387,-0.4951,1.0394,-0.0728,1.154
35.407042233,-0.4455,1.0594,-0.1018,1.154
35.407885002,-0.4047,1.0816,-0.1388,1.163
35.408327156,-0.3498,1.1027,-0.1752,1.170
35.408722463,-0.3092,1.1221,-0.2194,1.184
35.410627079,-0.2611,1.1307,-0.2567,1.189
35.412921617,-0.1990,1.1402,-0.2621,1.187
35.415829617,-0.1369,1.1493,-0.2770,1.190
35.418580079,-0.0742,1.1510,-0.2968,1.191
35.420565617,-0.0099,1.1314,-0.3256,1.177
35.422725617,0.0505,1.1232,-0.2480,1.151
35.425158848,0.0862,1.1366,-0.1728,1.153
35.427447079,0.1160,1.1515,-0.1239,1.164
35.430004617,0.1383,1.1603,-0.0669,1.170
35.43220431,0.1498,1.1635,-0.0332,1.174
35.434811694,0.1502,1.1791,0.0004,1.189
35.437220617,0.1639,1.1828,0.0324,1.194
35.43976531,0.1971,1.1705,0.0241,1.187
35.441899387,0.2187,1.1635,0.0214,1.184
35.44501754,0.2380,1.1507,0.0246,1.175
35.447304002,0.2460,1.1356,0.0321,1.162
35.449569925,0.2516,1.1288,0.0402,1.157
35.451466848,0.2521,1.1195,0.0525,1.149
35.45402254,0.2527,1.1016,0.0547,1.132
35.456385848,0.2531,1.0865,0.0456,1.117
35.458735156,0.2497,1.0636,0.0365,1.093
35.461215387,0.2406,1.0415,0.0173,1.069
35.464005002,0.2224,1.0259,-0.0037,1.050
35.466388002,0.1961,1.0086,-0.0219,1.028
35.468451387,0.1605,0.9961,-0.0417,1.010
35.471100925,0.1219,0.9819,-0.0654,0.992
35.47469631,0.0899,0.9716,-0.0808,0.979
35.475645617,0.0550,0.9590,-0.0860,0.964
35.478014771,0.0259,0.9438,-0.0941,0.949
35.480612387,-0.0038,0.9311,-0.1016,0.937
35.48314531,-0.0297,0.9174,-0.1058,0.924
35.485242848,-0.0558,0.9013,-0.1067,0.909
35.487696925,-0.0771,0.8830,-0.1151,0.894
35.494698156,-0.1018,0.8661,-0.1348,0.882
35.495434233,-0.1182,0.8510,-0.1358,0.870
35.495814771,-0.1248,0.8300,-0.1307,0.849
35.500128925,-0.1264,0.8126,-0.1312,0.833
35.500337617,-0.1320,0.7943,-0.1341,0.816
35.502832617,-0.1329,0.7845,-0.1458,0.809
35.504628002,-0.1336,0.7755,-0.1637,0.804
35.512501233,-0.1324,0.7643,-0.1796,0.796
35.51290254,-0.1287,0.7538,-0.1786,0.785
35.513091387,-0.1201,0.7479,-0.1728,0.777
35.514181233,-0.1138,0.7435,-0.1670,0.770
35.516774233,-0.1054,0.7384,-0.1647,0.764
35.518895463,-0.0889,0.7317,-0.1735,0.757
35.52396831,-0.0715,0.7244,-0.1833,0.751
35.524682233,-0.0574,0.7254,-0.1933,0.753
35.526185848,-0.0393,0.7305,-0.2010,0.759
35.528618233,-0.0251,0.7359,-0.2098,0.766
35.531659463,-0.0111,0.7447,-0.2157,0.775
35.533381002,-0.0029,0.7594,-0.2077,0.787
35.535899771,0.0068,0.7750,-0.2020,0.801
35.538442848,0.0149,0.7889,-0.1991,0.814
35.540748002,0.0308,0.8006,-0.1994,0.826
35.543531156,0.0464,0.8078,-0.2015,0.834
35.54575631,0.0706,0.8155,-0.1989,0.842
35.548386848,0.0929,0.8251,-0.1893,0.852
35.550272079,0.1163,0.8339,-0.1847,0.862
35.553303694,0.1421,0.8437,-0.1833,0.875
35.555610156,0.1684,0.8554,-0.1798,0.890
35.558032387,0.1982,0.8705,-0.1742,0.910
35.560076925,0.2228,0.8873,-0.1656,0.930
35.562957925,0.2480,0.9067,-0.1583,0.953
35.56489354,0.2683,0.9306,-0.1602,0.982
35.568422771,0.2785,0.9563,-0.1686,1.010
35.569999387,0.2893,0.9812,-0.1854,1.040
35.572055156,0.2909,1.0110,-0.2006,1.071
35.574629848,0.2949,1.0431,-0.2167,1.105
35.57750954,0.2968,1.0765,-0.2196,1.138
35.58001754,0.2909,1.1065,-0.2182,1.165
35.581972617,0.2800,1.1339,-0.2040,1.186
35.584407387,0.2692,1.1633,-0.1854,1.208
35.586753925,0.2583,1.1869,-0.1679,1.226
35.594176694,0.2394,1.2040,-0.1507,1.237
35.59489454,0.2138,1.2082,-0.1441,1.235
35.59510654,0.1793,1.1991,-0.1446,1.221
35.596717848,0.1405,1.1826,-0.1453,1.200
35.603131387,0.0962,1.1584,-0.1551,1.173
35.603555694,0.0498,1.1288,-0.1673,1.142
35.603744925,0.0078,1.0924,-0.1686,1.105
35.612916694,-0.0341,1.0533,-0.1605,1.066
35.613879156,-0.0712,1.0144,-0.1385,1.026
35.614200002,-0.0945,0.9688,-0.1099,0.980
35.614737002,-0.1264,0.9218,-0.0767,0.934
35.615715387,-0.1636,0.8810,-0.0430,0.897
35.617814771,-0.2068,0.8434,-0.0156,0.868
35.622489617,-0.2550,0.8090,0.0029,0.848
35.623204387,-0.3080,0.7728,0.0173,0.832
35.62521354,-0.3623,0.7457,0.0295,0.830
35.628465233,-0.4162,0.7191,0.0395,0.832
35.632236079,-0.4697,0.6975,0.0470,0.842
35.632975463,-0.5203,0.6767,0.0522,0.855
35.634965002,-0.5555,0.6602,0.0532,0.864
35.637538233,-0.5885,0.6467,0.0537,0.876
35.640033002,-0.6119,0.6348,0.0434,0.883
35.64215731,-0.6251,0.6299,0.0370,0.888
35.644544002,-0.6319,0.6250,0.0165,0.889
35.647752002,-0.6300,0.6174,-0.0144,0.882
35.649358848,-0.6176,0.6103,-0.0461,0.869
35.651747694,-0.6068,0.6015,-0.0780,0.858
35.654287079,-0.5976,0.5922,-0.1065,0.848
35.65654954,-0.5909,0.5884,-0.1329,0.844
35.658909848,-0.6032,0.5881,-0.1705,0.859
35.661487771,-0.6188,0.5854,-0.1945,0.874
35.664323156,-0.6212,0.5817,-0.2040,0.875
35.666089848,-0.6281,0.5791,-0.2377,0.887
35.668672079,-0.6432,0.5800,-0.2844,0.912
35.671070156,-0.6593,0.5871,-0.3139,0.937
35.673503156,-0.6698,0.6077,-0.3168,0.958
35.675817925,-0.6669,0.6362,-0.3051,0.971
35.678643079,-0.6476,0.6736,-0.2824,0.976
35.681081848,-0.6149,0.7179,-0.2592,0.980
35.683053233,-0.5706,0.7680,-0.2387,0.986
35.685652387,-0.5184,0.8139,-0.2333,0.993
35.68812831,-0.4670,0.8642,-0.2289,1.009
35.690326463,-0.4177,0.9189,-0.2306,1.035
35.69356531,-0.3698,0.9648,-0.2448,1.062
35.695560002,-0.3378,1.0125,-0.2218,1.090
35.702257848,-0.3160,1.0550,-0.2264,1.124
35.703002848,-0.3114,1.0934,-0.2385,1.162
35.703492925,-0.3176,1.1170,-0.2469,1.187
35.715698233,-0.3381,1.1290,-0.2472,1.204
35.716405925,-0.3801,1.1200,-0.2350,1.206
35.716809925,-0.4399,1.1004,-0.2138,1.204
35.717217925,-0.5015,1.0708,-0.1759,1.195
35.717636925,-0.5606,1.0345,-0.1356,1.184
35.717895079,-0.6165,0.9944,-0.1038,1.175
35.719425617,-0.6698,0.9609,-0.0694,1.173
35.722887387,-0.7223,0.9301,-0.0447,1.179
35.723820387,-0.7653,0.9113,-0.0266,1.190
35.726639463,-0.7991,0.9084,-0.0259,1.210
35.728827771,-0.8210,0.9216,-0.0319,1.235
35.73122954,-0.8308,0.9570,-0.0415,1.268
35.733764617,-0.8306,1.0105,-0.0510,1.309
35.736523387,-0.8198,1.0848,-0.0603,1.361
35.738629233,-0.7788,1.1835,-0.0589,1.418
35.741390156,-0.7583,1.2991,-0.0666,1.506
35.743877925,-0.7544,1.4151,-0.0675,1.605
35.747003387,-0.7409,1.5392,-0.0586,1.709
35.748237233,-0.7202,1.6616,-0.0433,1.812
35.750725002,-0.6980,1.7755,-0.0242,1.908
35.753054156,-0.6693,1.8749,-0.0205,1.991
35.755544694,-0.6246,1.9599,-0.0039,2.057
35.757893002,-0.5706,2.0198,0.0522,2.100
35.760322848,-0.5019,2.0445,0.1164,2.108
35.76330131,-0.4096,2.0219,0.1646,2.070
35.765184694,-0.2958,1.9445,0.1839,1.975
35.768314463,-0.1768,1.8185,0.1795,1.836
35.77027631,-0.0630,1.6499,0.1534,1.658
35.773660079,0.0496,1.4593,0.1140,1.465
35.775078848,0.1341,1.2572,0.0458,1.265
35.777568925,0.1996,1.0515,-0.0701,1.073
35.779813002,0.2243,0.8615,-0.1679,0.906
35.782349233,0.1759,0.7054,-0.2329,0.763
35.784397233,0.0762,0.5773,-0.2802,0.646
35.787403079,-0.0610,0.4887,-0.3112,0.583
35.789421848,-0.2179,0.4191,-0.3151,0.568
35.792308694,-0.3828,0.3739,-0.2934,0.610
35.79460031,-0.5545,0.3555,-0.2680,0.711
35.801161925,-0.7246,0.3641,-0.2394,0.846
35.801860925,-0.8792,0.4014,-0.2143,0.990
35.802099387,-1.0036,0.4671,-0.1856,1.122
35.812836925,-1.1057,0.5681,-0.1632,1.254
35.813606848,-1.1816,0.7058,-0.1573,1.385
35.814024925,-1.2284,0.8798,-0.1817,1.522
35.814210771,-1.2494,1.0885,-0.2196,1.672
35.814374156,-1.2577,1.3208,-0.2785,1.845
35.815563771,-1.2486,1.5565,-0.3486,2.026
35.81921054,-1.2203,1.7694,-0.4102,2.188
35.821049848,-1.1704,1.9369,-0.4490,2.307
35.823205925,-1.1228,2.0738,-0.4048,2.393
35.82552654,-1.0824,2.1615,-0.3095,2.437
35.827888002,-1.0463,2.2033,-0.2175,2.449
35.830035079,-1.0138,2.2027,-0.1368,2.429
35.83265731,-0.9911,2.1700,-0.0684,2.387
35.83522931,-0.9740,2.1006,-0.0102,2.315
35.837480925,-0.9620,1.9921,0.0390,2.213
35.840165925,-0.9566,1.8532,0.0882,2.087
35.842614463,-0.9608,1.7005,0.1194,1.957
35.845527694,-0.9659,1.5578,0.1067,1.836
35.84711631,-0.9666,1.4234,0.0500,1.721
35.849367771,-0.9561,1.2984,-0.0354,1.613
35.852391079,-0.9258,1.1686,-0.1278,1.496
35.854673617,-0.8848,1.0496,-0.2203,1.390
35.856793848,-0.8380,0.9390,-0.3115,1.297
35.85933731,-0.7912,0.8344,-0.3811,1.211
35.862233002,-0.7290,0.7268,-0.4891,1.140
35.86405754,-0.6889,0.6350,-0.5245,1.074
35.866440694,-0.6722,0.5658,-0.5101,1.016
35.869034771,-0.6537,0.4957,-0.4630,0.942
35.871750156,-0.6481,0.4405,-0.4502,0.904
35.873781617,-0.6461,0.3783,-0.4637,0.881
35.87611731,-0.6571,0.3218,-0.5001,0.886
35.878899694,-0.6779,0.2637,-0.5592,0.917
35.880814233,-0.6999,0.2077,-0.6230,0.960
35.88349454,-0.7157,0.1510,-0.6620,0.987
35.887312002,-0.7434,0.0914,-0.6689,1.004
35.888912694,-0.7653,0.0315,-0.6471,1.003
35.890801848,-0.7826,-0.0260,-0.5988,0.986
35.893136925,-0.8149,-0.0888,-0.5470,0.985
35.899146233,-0.8494,-0.1536,-0.5091,1.002
35.900301002,-0.8929,-0.2112,-0.5243,1.057
35.900892002,-0.9554,-0.2682,-0.5809,1.150
35.91300431,-1.0197,-0.3253,-0.6515,1.253
35.91376531,-1.0742,-0.3690,-0.7083,1.339
35.914342848,-1.1003,-0.4098,-0.7346,1.385
35.914604925,-1.0920,-0.4445,-0.6992,1.371
35.915111079,-1.0392,-0.4787,-0.5865,1.286
35.915325848,-0.9610,-0.5142,-0.3980,1.160
35.917147079,-0.8711,-0.5491,-0.1686,1.043
35.92013054,-0.7621,-0.5838,0.0952,0.965
35.921644694,-0.6542,-0.6202,0.3212,0.957
35.924258463,-0.5340,-0.6556,0.5284,0.997
35.927896387,-0.4177,-0.7028,0.6605,1.051
35.928908617,-0.2762,-0.7313,0.7334,1.072
35.931550848,-0.1619,-0.7364,0.8110,1.107
35.93430954,-0.0710,-0.7184,0.8382,1.106
35.936760694,0.0320,-0.7001,0.7859,1.053
35.938799771,0.1178,-0.6717,0.6964,0.975
35.941384079,0.1791,-0.6241,0.5729,0.866
35.944095387,0.2071,-0.5571,0.4383,0.739
35.946152694,0.2387,-0.5102,0.2953,0.636
35.948643156,0.2597,-0.4624,0.1741,0.558
35.95112654,0.2827,-0.4020,0.0891,0.499
35.953893617,0.2949,-0.3451,-0.0119,0.454
35.955751156,0.2990,-0.2766,-0.1121,0.422
35.958531387,0.2819,-0.2021,-0.1341,0.372
35.96115231,0.2841,-0.1298,-0.1737,0.357
35.962922463,0.2760,-0.0548,-0.2040,0.348
35.965214156,0.2839,0.0440,-0.1278,0.314
35.967735694,0.2683,0.1317,-0.1185,0.321
35.969980387,0.2215,0.2089,-0.1651,0.346
35.972774848,0.1465,0.2822,-0.2240,0.389
35.975162156,0.0694,0.3460,-0.2917,0.458
35.977690771,-0.0148,0.4019,-0.3582,0.539
35.979819463,-0.0874,0.4474,-0.3911,0.601
35.98244431,-0.1453,0.4808,-0.4358,0.665
35.98644031,-0.2071,0.5123,-0.4256,0.698
35.987484925,-0.2559,0.5309,-0.4532,0.743
35.990309002,-0.3258,0.5556,-0.4078,0.762
35.992070463,-0.3915,0.5920,-0.3433,0.788
35.994735079,-0.4453,0.6213,-0.2965,0.820
35.996946771,-0.4910,0.6426,-0.2472,0.846
35.999281002,-0.5286,0.6538,-0.1808,0.860
36.007215079,-0.5518,0.6623,-0.1036,0.868
36.007903463,-0.5713,0.6685,-0.0259,0.880
36.00814654,-0.5976,0.6834,0.0361,0.908
36.008973233,-0.6193,0.6944,0.1001,0.936
36.019124617,-0.6491,0.7161,0.1353,0.976
36.020117002,-0.6577,0.7266,0.1595,0.993
36.020505002,-0.6598,0.7320,0.1702,1.000
36.020849925,-0.6496,0.7379,0.1660,0.997
36.021155387,-0.6232,0.7373,0.1462,0.976
36.023712694,-0.5997,0.7420,0.1470,0.965
36.025643387,-0.5438,0.7420,0.1213,0.928
36.027974848,-0.4753,0.7401,0.1196,0.888
36.03070031,-0.4502,0.7181,0.0933,0.853
36.033852617,-0.3158,0.7156,0.2107,0.810
36.035136387,-0.2545,0.7584,0.2063,0.826
36.03736931,-0.2625,0.7767,0.1180,0.828
36.041000925,-0.2628,0.7855,0.0449,0.830
36.042858463,-0.2423,0.7921,0.0276,0.829
36.044839156,-0.2242,0.7941,0.0265,0.826
36.047114848,-0.2027,0.8060,0.0053,0.831
36.049841617,-0.1927,0.8175,-0.0251,0.840
36.052223079,-0.1853,0.8316,-0.0615,0.854
36.055161848,-0.1856,0.8437,-0.0867,0.868
36.056952925,-0.2066,0.8710,-0.0948,0.900
36.060195694,-0.2364,0.8966,-0.1053,0.933
36.061596002,-0.2767,0.9318,-0.1090,0.978
36.064088617,-0.3412,0.9675,-0.1109,1.032
36.066597848,-0.4185,1.0107,-0.1199,1.100
36.068940617,-0.4914,1.0454,-0.1321,1.163
36.072169925,-0.5569,1.0704,-0.1712,1.219
36.073907079,-0.6227,1.0946,-0.2159,1.278
36.076424694,-0.6833,1.1100,-0.2499,1.327
36.079927463,-0.7329,1.1227,-0.2956,1.373
36.081407463,-0.7727,1.1295,-0.3322,1.408
36.083521002,-0.8299,1.1342,-0.3259,1.443
36.085950848,-0.8914,1.1451,-0.4027,1.506
36.088488925,-0.9235,1.1620,-0.3776,1.532
36.090872079,-0.9542,1.1817,-0.3671,1.563
36.093342771,-0.9838,1.1935,-0.3554,1.587
36.096278848,-1.0060,1.2045,-0.3305,1.604
36.098071156,-1.0234,1.2141,-0.3107,1.618
36.105540387,-1.0129,1.2172,-0.2878,1.609
36.106467771,-0.9957,1.2133,-0.2711,1.593
36.106821617,-0.9771,1.2082,-0.2607,1.576
36.108607156,-0.9517,1.2052,-0.2534,1.556
36.113951771,-0.9232,1.1935,-0.2514,1.530
36.11438031,-0.8981,1.1842,-0.2550,1.508
36.114802233,-0.8731,1.1730,-0.2658,1.486
36.123082463,-0.8464,1.1547,-0.2663,1.456
36.123594771,-0.8133,1.1354,-0.2627,1.421
36.123805233,-0.7779,1.1185,-0.2578,1.387
36.124424925,-0.7585,1.1027,-0.2824,1.368
36.126964925,-0.7434,1.0918,-0.2925,1.353
36.129312002,-0.7221,1.0741,-0.2736,1.323
36.131771079,-0.6999,1.0577,-0.2516,1.293
36.134144617,-0.6813,1.0403,-0.2367,1.266
36.136840925,-0.6630,1.0338,-0.2280,1.249
36.139172079,-0.6566,1.0266,-0.2098,1.237
36.142991387,-0.6586,1.0208,-0.1933,1.230
36.144190233,-0.6738,1.0181,-0.1903,1.236
36.146735464,-0.6936,1.0181,-0.1849,1.246
36.148989233,-0.7129,1.0156,-0.1700,1.252
36.151257848,-0.7348,1.0112,-0.1437,1.258
36.153402233,-0.7537,1.0125,-0.1187,1.268
36.155882156,-0.7758,1.0098,-0.0948,1.277
36.159821617,-0.7924,1.0081,-0.0677,1.284
36.161251079,-0.8074,0.9983,-0.0424,1.285
36.16320831,-0.8171,0.9890,-0.0181,1.283
36.165556617,-0.8157,0.9770,0.0026,1.273
36.168087387,-0.8120,0.9539,0.0127,1.253
36.170372079,-0.8028,0.9260,0.0107,1.226
36.172695771,-0.7842,0.8952,0.0060,1.190
36.176355694,-0.7539,0.8598,-0.0014,1.143
36.177680002,-0.7157,0.8224,-0.0049,1.090
36.180185002,-0.6703,0.7813,-0.0051,1.029
36.18242154,-0.6193,0.7466,0.0072,0.970
36.185393925,-0.5643,0.7122,0.0158,0.909
36.187797617,-0.5066,0.6788,0.0256,0.847
36.189986233,-0.4470,0.6511,0.0373,0.791
36.196517233,-0.3931,0.6284,0.0532,0.743
36.197434848,-0.3346,0.6069,0.0649,0.696
36.198112694,-0.2829,0.5925,0.0768,0.661
36.199321002,-0.2401,0.5828,0.0859,0.636
36.20868554,-0.1976,0.5779,0.0971,0.618
36.209169617,-0.1632,0.5766,0.0950,0.607
36.209395464,-0.1350,0.5768,0.0793,0.598
36.209581925,-0.1069,0.5840,0.0612,0.597
36.21203354,-0.0793,0.5935,0.0378,0.600
36.214568387,-0.0600,0.6064,0.0185,0.610
36.216574233,-0.0430,0.6233,-0.0110,0.625
36.218300079,-0.0321,0.6465,-0.0310,0.648
36.220750156,-0.0234,0.6748,-0.0274,0.676
36.22492154,-0.0195,0.7054,-0.0328,0.706
36.225566156,-0.0302,0.7366,-0.0464,0.739
36.228010156,-0.0388,0.7622,-0.0535,0.765
36.230836079,-0.0574,0.7982,-0.0561,0.802
36.233620002,-0.0891,0.8349,-0.0647,0.842
36.235219079,-0.1131,0.8777,-0.0747,0.888
36.23792531,-0.1436,0.9148,-0.0894,0.930
36.240200925,-0.1756,0.9567,-0.1123,0.979
36.242781848,-0.2066,0.9914,-0.1405,1.022
36.245011771,-0.2308,1.0252,-0.1668,1.064
36.24760154,-0.2464,1.0471,-0.1884,1.092
36.24997331,-0.2555,1.0582,-0.2038,1.107
36.252314233,-0.2608,1.0662,-0.2208,1.120
36.254927694,-0.2569,1.0669,-0.2348,1.122
36.258322771,-0.2491,1.0638,-0.2399,1.119
36.25943454,-0.2342,1.0562,-0.2469,1.110
36.262437925,-0.2091,1.0433,-0.2311,1.089
36.26474154,-0.1778,1.0252,-0.2171,1.063
36.267196002,-0.1492,1.0035,-0.2118,1.036
36.269207694,-0.1189,0.9800,-0.2059,1.008
36.271643464,-0.0874,0.9539,-0.1928,0.977
36.275194848,-0.0593,0.9311,-0.1742,0.949
36.27632254,-0.0314,0.9120,-0.1575,0.926
36.27889231,-0.0097,0.9015,-0.1429,0.913
36.281619156,0.0105,0.8952,-0.1260,0.904
36.28376654,0.0310,0.8876,-0.1111,0.895
36.286079156,0.0510,0.8886,-0.0955,0.895
36.288992002,0.0662,0.8898,-0.0796,0.896
36.291846156,0.0767,0.8896,-0.0635,0.895
36.293251694,0.0829,0.8945,-0.0464,0.900
36.295671079,0.0762,0.9008,-0.0293,0.905
36.298192694,0.0671,0.9079,-0.0063,0.910
36.304536387,0.0482,0.9189,0.0151,0.920
36.305121002,0.0183,0.9348,0.0383,0.936
36.30560154,-0.0173,0.9502,0.0617,0.952
36.318147387,-0.0696,0.9697,0.0894,0.976
36.318986848,-0.1294,0.9893,0.1152,1.004
36.319168002,-0.1912,1.0105,0.1380,1.038
36.319339079,-0.2491,1.0230,0.1580,1.065
36.319494848,-0.3029,1.0333,0.1688,1.090
36.319954771,-0.3584,1.0415,0.1753,1.115
36.323045617,-0.4008,1.0466,0.1768,1.135
36.325918848,-0.4362,1.0438,0.1734,1.144
36.326926156,-0.4634,1.0415,0.1609,1.151
36.329428617,-0.4807,1.0369,0.1280,1.150
36.332479694,-0.4900,1.0308,0.1157,1.147
36.334159387,-0.4914,1.0233,0.1033,1.140
36.336502848,-0.4824,1.0119,0.0642,1.123
36.33933231,-0.4656,1.0007,0.0439,1.105
36.341548079,-0.4397,0.9839,0.0276,1.078
36.343997848,-0.4104,0.9621,0.0188,1.046
36.346516617,-0.3854,0.9404,0.0041,1.016
36.34920131,-0.3542,0.9131,-0.0156,0.979
36.351141848,-0.3283,0.8869,-0.0349,0.946
36.354200387,-0.3065,0.8600,-0.0510,0.914
36.356054464,-0.2953,0.8393,-0.0815,0.893
36.358623771,-0.3009,0.8319,-0.1288,0.894
36.360883156,-0.3116,0.8325,-0.1759,0.906
36.364128694,-0.3253,0.8234,-0.2038,0.908
36.365877002,-0.3363,0.7965,-0.1976,0.887
36.368704002,-0.3556,0.7579,-0.1901,0.858
36.370754156,-0.3798,0.7174,-0.2697,0.855
36.374747387,-0.4038,0.6890,-0.5429,0.966
36.376122464,-0.4160,0.6932,-0.9379,1.238
36.37777854,-0.4089,0.7359,-1.2328,1.493
36.380665002,-0.3677,0.8172,-1.2035,1.500
36.383231464,-0.2938,0.9171,-0.8932,1.313
36.385322156,-0.2035,1.0252,-0.4671,1.145
36.38788831,-0.1043,1.1124,-0.1129,1.123
36.390631464,0.0039,1.1679,0.1133,1.173
36.39395454,0.0337,1.2326,0.2156,1.252
36.394780617,-0.0278,1.3003,0.2923,1.333
36.397043464,-0.0473,1.3286,0.3540,1.376
36.40283231,0.0655,1.2998,0.3176,1.340
36.403454848,0.2988,1.2367,0.2149,1.290
36.404488925,0.5567,1.1982,0.0507,1.322
36.413200617,0.8148,1.2201,-0.2271,1.485
36.413923156,1.0261,1.2778,-0.4649,1.703
36.414370848,1.1101,1.3685,-0.3543,1.797
36.414744694,1.0415,1.5776,-0.0310,1.891
36.41677331,0.9284,1.8219,0.0442,2.045
36.418402156,0.7612,2.0335,-0.2475,2.185
36.421432079,0.5278,2.2353,-0.8625,2.453
36.42377331,0.2873,2.3692,-1.7163,2.940
36.42589054,0.0933,2.4286,-2.2093,3.284
36.428559771,-0.0952,2.4351,-2.3205,3.365
36.431912387,-0.1714,2.3970,-2.0342,3.149
36.433046848,-0.1382,2.3567,-1.4837,2.788
36.435582156,0.0012,2.3228,-0.7554,2.442
36.437941233,0.1707,2.4046,0.2887,2.428
36.440504002,0.1824,2.6166,1.3842,2.966
36.442845002,0.0960,2.7815,2.1066,3.491
36.445360694,0.0454,2.8746,2.2815,3.670
36.448299771,-0.0038,2.9477,1.9608,3.540
36.450074156,-0.0671,2.9469,1.6838,3.395
36.452560694,-0.1164,2.8798,1.3483,3.182
36.455217848,-0.1082,2.7630,1.0856,2.971
36.457530464,-0.0368,2.6154,0.7568,2.723
36.459735771,0.0769,2.4229,0.4221,2.461
36.462322848,0.2204,2.2020,0.0771,2.214
36.464738464,0.3848,1.9504,-0.2189,2.000
36.467241848,0.5309,1.6924,-0.2958,1.798
36.469434771,0.6105,1.4999,-0.2651,1.641
36.472838233,0.6467,1.3345,-0.2313,1.501
36.474142156,0.6601,1.1999,-0.1647,1.379
36.476532925,0.6382,1.0902,-0.0972,1.267
36.47937354,0.6030,1.0035,-0.0405,1.171
36.481825925,0.5553,0.9355,0.0111,1.088
36.483681617,0.5025,0.8740,0.0246,1.008
36.486310233,0.4422,0.8170,-0.0344,0.930
36.488648694,0.3776,0.7638,-0.1617,0.867
36.494690848,0.3215,0.7168,-0.2993,0.841
36.495464925,0.2609,0.6741,-0.4510,0.852
36.495679694,0.2040,0.6250,-0.6164,0.901
36.503371694,0.1036,0.5922,-0.7833,0.987
36.503764387,-0.0006,0.5578,-0.9284,1.083
36.503939771,-0.1113,0.5334,-1.0356,1.170
36.507284925,-0.2296,0.5316,-1.0327,1.184
36.507706848,-0.3449,0.5339,-1.1029,1.273
36.512423079,-0.4558,0.5412,-1.1175,1.323
36.512975694,-0.5672,0.5593,-1.0818,1.343
36.514925233,-0.6852,0.5937,-1.0234,1.367
36.517807694,-0.8000,0.6338,-0.8968,1.359
36.520364925,-0.9319,0.6816,-0.8448,1.431
36.522510848,-1.0627,0.7335,-0.7153,1.476
36.524676079,-1.2225,0.8036,-0.5614,1.567
36.527666233,-1.3957,0.8857,-0.4209,1.706
36.530814464,-1.5716,0.9632,-0.3377,1.874
36.531972694,-1.7514,1.0364,-0.2655,2.052
36.534402233,-1.9127,1.1032,-0.1871,2.216
36.537397617,-2.0448,1.1596,-0.1365,2.355
36.53958531,-2.1401,1.1894,-0.1111,2.451
36.541712925,-2.1839,1.2136,-0.0997,2.500
36.544097002,-2.1770,1.2197,-0.1006,2.497
36.546922848,-2.1326,1.2104,-0.1136,2.455
36.549350771,-2.0558,1.1891,-0.1376,2.379
36.55119754,-1.9442,1.1459,-0.1673,2.263
36.553862464,-1.7932,1.0941,-0.1903,2.109
36.559610771,-1.6204,1.0298,-0.2079,1.931
36.560179464,-1.4374,0.9653,-0.2228,1.746
36.561489617,-1.2466,0.8954,-0.2301,1.552
36.563444387,-1.0578,0.8349,-0.2431,1.369
36.565699694,-0.8848,0.7958,-0.2380,1.214
36.56837631,-0.7390,0.7680,-0.2341,1.091
36.570628694,-0.6165,0.7349,-0.2392,0.989
36.572957925,-0.5181,0.7119,-0.2574,0.917
36.575792079,-0.4378,0.6930,-0.2763,0.865
36.577916925,-0.3717,0.6802,-0.2965,0.830
36.581088694,-0.3207,0.6709,-0.3210,0.810
36.582629848,-0.2769,0.6746,-0.3476,0.808
36.585121002,-0.2396,0.6804,-0.3599,0.806
36.587507694,-0.2032,0.6944,-0.3750,0.815
36.589805848,-0.1736,0.7139,-0.3874,0.831
36.592285002,-0.1523,0.7398,-0.3892,0.850
36.595281002,-0.1282,0.7789,-0.3750,0.874
36.597993848,-0.0784,0.8293,-0.3552,0.906
36.599619771,-0.0612,0.8749,-0.3433,0.942
36.60272931,-0.0639,0.9294,-0.3163,0.984
36.61196254,-0.0586,0.9802,-0.2932,1.025
36.612772079,-0.0439,1.0264,-0.2770,1.064
36.613035387,-0.0434,1.0785,-0.2502,1.108
36.613355387,-0.0522,1.1388,-0.2133,1.160
36.613995464,-0.0419,1.1806,-0.1610,1.192
36.616367771,-0.0334,1.2075,-0.1104,1.213
36.61923231,-0.0216,1.2314,-0.0787,1.234
36.621664079,-0.0038,1.2463,-0.0476,1.247
36.623541925,-0.0014,1.2595,-0.0210,1.260
36.625942464,0.0068,1.2695,0.0060,1.270
36.628967771,0.0176,1.2619,0.0241,1.262
36.630791694,0.0303,1.2418,0.0229,1.242
36.633164694,0.0498,1.2089,0.0114,1.210
36.635792079,0.0659,1.1647,-0.0002,1.167
36.638215771,0.0706,1.1195,-0.0127,1.122
36.64054131,0.0675,1.0720,-0.0317,1.075
36.643367079,0.0596,1.0303,-0.0540,1.033
36.645388925,0.0437,0.9890,-0.0752,0.993
36.647818848,0.0284,0.9511,-0.0901,0.956
36.650472079,0.0114,0.9176,-0.1114,0.924
36.652707156,-0.0002,0.8840,-0.1285,0.893
36.654966156,-0.0121,0.8542,-0.1416,0.866
36.657727387,-0.0219,0.8297,-0.1524,0.844
36.659954464,-0.0292,0.8043,-0.1644,0.821
36.662441925,-0.0312,0.7816,-0.1747,0.802
36.664638464,-0.0324,0.7603,-0.1893,0.784
36.667031771,-0.0295,0.7469,-0.2038,0.775
36.66954554,-0.0265,0.7308,-0.2162,0.763
36.671871771,-0.0239,0.7224,-0.2329,0.759
36.674261848,-0.0197,0.7166,-0.2765,0.768
36.677652002,-0.0102,0.7142,-0.2697,0.763
36.679436002,-0.0060,0.7105,-0.2639,0.758
36.681607464,-0.0004,0.7132,-0.2685,0.762
36.684082771,0.0051,0.7198,-0.2643,0.767
36.686478233,0.0158,0.7335,-0.2494,0.775
36.688726848,0.0225,0.7494,-0.2423,0.788
36.691275387,0.0349,0.7606,-0.2416,0.799
36.69876554,0.0401,0.7762,-0.2421,0.814
36.699329848,0.0473,0.7938,-0.2438,0.832
36.699659694,0.0538,0.8083,-0.2478,0.847
36.701632617,0.0577,0.8221,-0.2567,0.863
36.709451771,0.0643,0.8329,-0.2592,0.875
36.709934848,0.0664,0.8446,-0.2616,0.887
36.710075771,0.0650,0.8561,-0.2607,0.897
36.710308925,0.0610,0.8625,-0.2618,0.903
36.71704554,0.0566,0.8700,-0.2690,0.912
36.717872387,0.0479,0.8733,-0.2795,0.918
36.718121233,0.0396,0.8813,-0.2897,0.929
36.720713617,0.0320,0.8873,-0.2956,0.936
36.722331771,0.0179,0.8933,-0.3000,0.942
36.72515054,0.0046,0.9013,-0.2963,0.949
36.728814848,-0.0124,0.9108,-0.2934,0.957
36.72996531,-0.0288,0.9182,-0.2909,0.964
36.732490771,-0.0449,0.9245,-0.2976,0.972
36.735184387,-0.0595,0.9309,-0.3010,0.980
36.737161617,-0.0728,0.9385,-0.3068,0.990
36.739640617,-0.0791,0.9424,-0.3032,0.993
36.741882464,-0.0822,0.9387,-0.2925,0.987
36.745094464,-0.0800,0.9392,-0.2775,0.983
36.746694233,-0.0679,0.9329,-0.2548,0.969
36.749120387,-0.0517,0.9269,-0.2308,0.957
36.751642771,-0.0285,0.9189,-0.2113,0.943
36.754306771,-0.0036,0.9059,-0.1924,0.926
36.756568617,0.0200,0.8935,-0.1844,0.913
36.759592617,0.0471,0.8793,-0.1761,0.898
36.762041617,0.0736,0.8610,-0.1742,0.882
36.763632694,0.0936,0.8417,-0.1768,0.865
36.766158848,0.1131,0.8221,-0.1776,0.849
36.768564387,0.1292,0.8031,-0.1793,0.833
36.770889925,0.1360,0.7806,-0.1859,0.814
36.773700617,0.1402,0.7657,-0.1877,0.801
36.775694464,0.1344,0.7486,-0.1884,0.784
36.778064387,0.1192,0.7333,-0.1891,0.767
36.780316617,0.1013,0.7232,-0.1833,0.753
36.78358554,0.0813,0.7166,-0.1754,0.742
36.78650954,0.0545,0.7142,-0.1573,0.733
36.787568694,0.0266,0.7125,-0.1446,0.727
36.790081925,0.0054,0.7142,-0.1265,0.725
36.792779464,-0.0180,0.7193,-0.1151,0.729
36.795535464,-0.0375,0.7273,-0.1013,0.735
36.797841617,-0.0476,0.7361,-0.0908,0.743
36.799918771,-0.0556,0.7466,-0.0784,0.753
36.807566848,-0.0537,0.7601,-0.0586,0.764
36.808395156,-0.0495,0.7731,-0.0398,0.776
36.80884254,-0.0339,0.7906,-0.0281,0.792
36.809256002,-0.0124,0.8099,-0.0212,0.810
36.81743731,0.0158,0.8276,-0.0188,0.828
36.817943079,0.0396,0.8481,-0.0207,0.849
36.818131079,0.0594,0.8668,-0.0400,0.870
36.81896654,0.0838,0.8840,-0.0747,0.891
36.821219387,0.1074,0.9023,-0.1329,0.918
36.823695156,0.1109,0.9133,-0.1957,0.941
36.828113002,0.1083,0.9287,-0.2599,0.970
36.828933617,0.0950,0.9470,-0.3215,1.005
36.831217848,0.0715,0.9660,-0.3682,1.036
36.833620387,0.0371,0.9800,-0.3999,1.059
36.835958233,-0.0173,0.9932,-0.4165,1.077
36.838067694,-0.0938,1.0032,-0.4305,1.096
36.840672617,-0.1793,1.0152,-0.4170,1.112
36.843228694,-0.2745,1.0215,-0.3857,1.126
36.84556531,-0.3752,1.0284,-0.3303,1.143
36.847892002,-0.4709,1.0328,-0.2621,1.165
36.850527771,-0.5657,1.0364,-0.1866,1.195
36.853165617,-0.6561,1.0357,-0.1180,1.232
36.85570154,-0.7409,1.0315,-0.0631,1.272
36.857865848,-0.8068,1.0257,-0.0222,1.305
36.859998848,-0.8580,1.0210,0.0062,1.334
36.86250131,-0.8883,1.0196,0.0185,1.352
36.86483231,-0.9019,1.0223,-0.0012,1.363
36.867827387,-0.8914,1.0191,-0.0493,1.355
36.87024654,-0.8555,1.0191,-0.1006,1.334
36.87303854,-0.7971,1.0130,-0.1534,1.298
36.874848387,-0.7185,1.0022,-0.1812,1.246
36.877607771,-0.6317,0.9783,-0.2106,1.183
36.879502233,-0.5382,0.9453,-0.2352,1.113
36.882088925,-0.4451,0.8901,-0.2550,1.027
36.884404387,-0.3659,0.8288,-0.2723,0.946
36.886530156,-0.3109,0.7638,-0.2900,0.874
36.889410156,-0.2811,0.6902,-0.3156,0.809
36.891805848,-0.2753,0.6110,-0.3496,0.756
36.894095079,-0.2958,0.5236,-0.3877,0.716
36.896266848,-0.3402,0.4408,-0.4136,0.694
36.898784002,-0.4001,0.3574,-0.4268,0.686
36.908138464,-0.4725,0.2832,-0.4272,0.697
36.908631694,-0.5838,0.2043,-0.4370,0.757
36.909088387,-0.7106,0.1195,-0.4640,0.857
36.909482464,-0.8357,0.0433,-0.4591,0.954
36.920529233,-0.9449,-0.0206,-0.4398,1.042
36.921486233,-1.0316,-0.0734,-0.4158,1.115
36.921958771,-1.0991,-0.0971,-0.3774,1.166
36.922394156,-1.1235,-0.0937,-0.3222,1.173
36.92286131,-1.0981,-0.0492,-0.2502,1.127
36.923348387,-1.0209,0.0394,-0.1889,1.039
36.925877617,-0.9065,0.1669,-0.1341,0.931
36.928285925,-0.7702,0.3301,-0.1013,0.844
36.930856617,-0.6368,0.5263,-0.0872,0.831
36.93229054,-0.5203,0.7438,-0.1016,0.913
36.934889848,-0.4297,0.9837,-0.1474,1.083
36.937083694,-0.3720,1.2358,-0.2220,1.310
36.939555771,-0.3623,1.5341,-0.2956,1.604
36.942093925,-0.3982,1.8481,-0.3552,1.924
36.94492131,-0.4705,2.1813,-0.3997,2.267
36.947176079,-0.5322,2.4630,-0.3926,2.550
36.949574156,-0.5531,2.6589,-0.3552,2.739
36.952528079,-0.5452,2.7547,-0.1982,2.815
36.954186233,-0.5028,2.7591,-0.0291,2.805
36.956826233,-0.4243,2.6690,0.0882,2.704
36.960276617,-0.3265,2.5001,0.0971,2.523
36.961192694,-0.1973,2.2790,0.0260,2.288
36.963606771,-0.0791,2.0528,-0.0953,2.056
36.96621731,0.0239,1.8514,-0.2416,1.867
36.968922848,0.0992,1.7034,-0.3618,1.744
36.971468079,0.1385,1.6105,-0.4421,1.676
36.973792925,0.1393,1.5786,-0.4906,1.659
36.976773617,0.1074,1.5996,-0.5152,1.684
36.978350464,0.0469,1.6736,-0.5050,1.749
36.98100154,-0.0405,1.7782,-0.4244,1.829
36.98508954,-0.1443,1.8923,-0.3132,1.923
36.986053233,-0.2557,1.9875,-0.1901,2.013
36.988305848,-0.3698,2.0381,-0.0808,2.073
36.99189754,-0.4690,2.0582,0.0043,2.111
36.993972925,-0.5520,2.0471,0.0476,2.121
36.995442156,-0.6139,2.0237,0.0461,2.115
36.99850154,-0.6705,1.9907,0.0270,2.101
37.007743464,-0.7174,1.9482,-0.0210,2.076
37.00844031,-0.7583,1.9057,-0.1148,2.054
37.00876254,-0.7976,1.8642,-0.2203,2.040
37.00905354,-0.8271,1.8309,-0.2748,2.028
37.009668387,-0.8413,1.7869,-0.2660,1.993
37.012494848,-0.8380,1.7315,-0.2399,1.939
37.015175387,-0.8115,1.6655,-0.2143,1.865
37.017204925,-0.7786,1.5940,-0.1830,1.783
37.021944617,-0.7374,1.5043,-0.1519,1.682
37.022635771,-0.6884,1.4014,-0.1214,1.566
37.024257925,-0.6735,1.3213,-0.0586,1.484
37.029889233,-0.7097,1.2719,-0.0186,1.457
37.030309925,-0.6943,1.1874,-0.0496,1.376
37.031556694,-0.6774,1.0939,-0.1134,1.292
37.033720925,-0.6691,1.0086,-0.1670,1.222
37.036286156,-0.6584,0.9272,-0.2035,1.155
37.038372079,-0.6528,0.8505,-0.2091,1.092
37.040979079,-0.6476,0.7826,-0.2115,1.038
37.043366156,-0.6449,0.7215,-0.2313,0.995
37.045971387,-0.6415,0.6636,-0.2667,0.961
37.048362771,-0.6391,0.6103,-0.2841,0.928
37.050868617,-0.6391,0.5588,-0.2702,0.891
37.053124387,-0.6417,0.5148,-0.2695,0.866
37.055567771,-0.6383,0.4682,-0.3058,0.849
37.059414156,-0.6383,0.4237,-0.3513,0.843
37.060738848,-0.6491,0.3832,-0.4070,0.857
37.063071387,-0.6496,0.3404,-0.4498,0.860
37.06525731,-0.6463,0.2989,-0.4810,0.859
37.068320002,-0.6415,0.2539,-0.5035,0.854
37.070126464,-0.6246,0.2053,-0.5220,0.840
37.07286654,-0.6121,0.1552,-0.5257,0.822
37.075900694,-0.6021,0.1036,-0.5123,0.797
37.077289925,-0.6034,0.0513,-0.4991,0.785
37.079532079,-0.6124,0.0008,-0.4869,0.782
37.082435387,-0.6354,-0.0473,-0.4456,0.778
37.085738233,-0.6940,-0.0963,-0.3816,0.798
37.087224925,-0.7854,-0.1413,-0.3249,0.862
37.089790156,-0.9061,-0.1811,-0.3191,0.978
37.091875694,-1.0329,-0.2149,-0.3613,1.115
37.093889002,-1.1594,-0.2524,-0.4119,1.256
37.096567464,-1.2733,-0.2892,-0.4507,1.381
37.09906954,-1.3607,-0.3272,-0.4583,1.473
37.105848002,-1.4325,-0.3612,-0.4514,1.545
37.10642131,-1.4812,-0.3981,-0.4421,1.596
37.106906848,-1.4856,-0.4504,-0.3562,1.593
37.119772387,-1.4348,-0.5053,-0.2580,1.543
37.120889925,-1.3421,-0.5610,-0.1351,1.461
37.121098771,-1.2279,-0.6129,0.0043,1.372
37.121294464,-1.0856,-0.6598,0.1514,1.279
37.121641617,-0.9288,-0.6896,0.2887,1.192
37.121953233,-0.7621,-0.6964,0.4020,1.108
37.12356531,-0.5907,-0.6828,0.5068,1.035
37.126845925,-0.4187,-0.6527,0.6053,0.984
37.127810156,-0.2584,-0.6134,0.6996,0.966
37.130156617,-0.1128,-0.5740,0.7612,0.960
37.132870464,0.0114,-0.5366,0.7746,0.942
37.13495631,0.1141,-0.4990,0.7355,0.896
37.13737631,0.2118,-0.4702,0.6466,0.827
37.139968079,0.2807,-0.4404,0.5179,0.735
37.14201354,0.3349,-0.4089,0.3828,0.653
37.14478154,0.3628,-0.3693,0.2584,0.579
37.147464617,0.3718,-0.3274,0.1587,0.520
37.149756002,0.3671,-0.2775,0.0710,0.466
37.151951464,0.3545,-0.2237,0.0058,0.419
37.15436831,0.3268,-0.1678,-0.0354,0.369
37.15835054,0.2878,-0.1101,-0.0774,0.318
37.159410233,0.2397,-0.0490,-0.1178,0.272
37.161827464,0.1756,0.0115,-0.1537,0.234
37.166680387,0.1058,0.0687,-0.1868,0.225
37.167667387,0.0352,0.1295,-0.2103,0.249
37.168818233,-0.0405,0.1894,-0.2411,0.309
37.171282464,-0.1150,0.2414,-0.2792,0.387
37.175086848,-0.1881,0.2908,-0.3247,0.475
37.176039156,-0.2633,0.3450,-0.3608,0.564
37.17860254,-0.3422,0.3993,-0.3773,0.647
37.180928617,-0.4272,0.4676,-0.3552,0.726
37.184111079,-0.5088,0.5421,-0.2907,0.798
37.185895464,-0.5814,0.6145,-0.1966,0.869
37.188208694,-0.6356,0.6780,-0.1141,0.936
37.191371156,-0.6696,0.7046,-0.1344,0.981
37.192978233,-0.6896,0.7254,-0.1053,1.006
37.195309848,-0.7082,0.7417,-0.0608,1.027
37.197919771,-0.7221,0.7506,-0.0200,1.042
37.205683464,-0.7373,0.7569,0.0036,1.057
37.20621854,-0.7488,0.7474,0.0165,1.058
37.206502156,-0.7558,0.7337,0.0195,1.054
37.208062771,-0.7572,0.7188,0.0141,1.044
37.210515387,-0.7521,0.7032,0.0176,1.030
37.213117848,-0.7524,0.6995,0.0251,1.028
37.214769002,-0.7460,0.6949,0.0314,1.020
37.219938848,-0.7223,0.6949,0.0461,1.003
37.220928079,-0.6999,0.6965,0.0607,0.989
37.221756079,-0.6640,0.6983,0.0840,0.967
37.227860387,-0.6391,0.7100,0.1182,0.963
37.228853233,-0.5992,0.7110,0.1526,0.942
37.229264002,-0.5350,0.7149,0.2054,0.916
37.23170654,-0.4881,0.7237,0.2132,0.899
37.233681002,-0.4663,0.7337,0.1979,0.892
37.236766233,-0.4509,0.7591,0.1993,0.905
37.238857233,-0.4421,0.7792,0.1821,0.914
37.241295464,-0.4443,0.7901,0.1543,0.919
37.243891771,-0.4560,0.8002,0.1280,0.930
37.246241848,-0.4700,0.8132,0.0903,0.944
37.248902771,-0.4912,0.8263,0.0456,0.962
37.250731079,-0.5084,0.8351,-0.0030,0.978
37.253088387,-0.5357,0.8437,-0.0437,1.000
37.257157002,-0.5701,0.8561,-0.0774,1.031
37.258187387,-0.6007,0.8676,-0.1031,1.060
37.26056654,-0.6342,0.8791,-0.1139,1.090
37.265473002,-0.6771,0.9031,-0.1048,1.134
37.266479156,-0.6984,0.9082,-0.1185,1.152
37.267967771,-0.7031,0.9118,-0.0945,1.155
37.270284694,-0.7118,0.9131,-0.0978,1.162
37.273580002,-0.7275,0.9155,-0.0901,1.173
37.27525731,-0.7302,0.9136,-0.0713,1.172
37.277261848,-0.7192,0.9174,-0.0584,1.167
37.279727694,-0.6671,0.9040,-0.0484,1.125
37.282119464,-0.5909,0.8847,-0.0349,1.064
37.284412387,-0.5025,0.8666,-0.0156,1.002
37.286953617,-0.4080,0.8514,0.0197,0.944
37.289490156,-0.3190,0.8432,0.0507,0.903
37.292564387,-0.2413,0.8434,0.0749,0.880
37.29520154,-0.1746,0.8430,0.0910,0.866
37.297692925,-0.1306,0.8570,0.1324,0.877
37.299722156,-0.1079,0.8532,0.0458,0.861
37.301509233,-0.0544,0.8884,0.0815,0.894
37.304179387,-0.0337,0.9208,0.0510,0.923
37.30906154,-0.0430,0.9555,0.0070,0.957
37.309693848,-0.0705,0.9946,-0.0366,0.998
37.311584002,-0.1218,1.0403,-0.0906,1.051
37.314063694,-0.1763,1.0785,-0.1556,1.104
37.319331464,-0.2459,1.1278,-0.2274,1.176
37.319954233,-0.3176,1.1745,-0.2912,1.251
37.32045754,-0.3869,1.2077,-0.3471,1.315
37.327281002,-0.4637,1.2497,-0.3987,1.391
37.328019771,-0.5359,1.2858,-0.4388,1.461
37.328296387,-0.6026,1.3145,-0.4644,1.519
37.330663771,-0.6556,1.3313,-0.4805,1.560
37.332553233,-0.7006,1.3506,-0.4801,1.595
37.334986156,-0.7353,1.3587,-0.4663,1.614
37.337732002,-0.7653,1.3643,-0.4463,1.627
37.33989631,-0.7879,1.3645,-0.4209,1.631
37.342700694,-0.8108,1.3555,-0.3980,1.629
37.345044002,-0.8338,1.3482,-0.3687,1.627
37.347669002,-0.8650,1.3487,-0.3454,1.639
37.349455694,-0.8953,1.3487,-0.3179,1.650
37.352919464,-0.9117,1.3376,-0.2885,1.644
37.354757002,-0.9217,1.3220,-0.2599,1.632
37.357195464,-0.9173,1.3032,-0.2357,1.611
37.359445002,-0.8963,1.2842,-0.2184,1.581
37.362068002,-0.8723,1.2553,-0.2013,1.542
37.364491079,-0.8457,1.2216,-0.1835,1.497
37.366464387,-0.8164,1.1918,-0.1707,1.455
37.368974848,-0.7905,1.1556,-0.1561,1.409
37.372268387,-0.7583,1.1219,-0.1465,1.362
37.373668387,-0.7255,1.0813,-0.1383,1.309
37.376422848,-0.6940,1.0425,-0.1275,1.259
37.378838771,-0.6684,1.0051,-0.1141,1.212
37.381046156,-0.6373,0.9663,-0.0955,1.162
37.383490464,-0.6009,0.9282,-0.0828,1.109
37.38595731,-0.5629,0.8837,-0.0759,1.050
37.388747771,-0.5201,0.8417,-0.0666,0.992
37.390819387,-0.4824,0.7974,-0.0664,0.934
37.393035464,-0.4434,0.7587,-0.0664,0.881
37.39599354,-0.4069,0.7212,-0.0633,0.831
37.398356925,-0.3649,0.6895,-0.0618,0.783
37.400272002,-0.3312,0.6516,-0.0618,0.734
37.403125848,-0.3009,0.6171,-0.0586,0.689
37.409752387,-0.2660,0.5866,-0.0594,0.647
37.41080531,-0.2394,0.5598,-0.0574,0.612
37.41106031,-0.2093,0.5353,-0.0554,0.577
37.412769925,-0.1800,0.5129,-0.0510,0.546
37.422881617,-0.1492,0.5011,-0.0545,0.526
37.423989233,-0.1238,0.4904,-0.0503,0.508
37.424412925,-0.1028,0.4792,-0.0466,0.492
37.424667156,-0.0854,0.4696,-0.0430,0.479
37.425075156,-0.0761,0.4669,-0.0279,0.474
37.427656387,-0.0654,0.4718,-0.0437,0.478
37.430050771,-0.0696,0.4840,-0.0386,0.490
37.431414233,-0.0837,0.5009,-0.0130,0.508
37.433811694,-0.1135,0.5278,-0.0142,0.540
37.436549848,-0.1534,0.5649,-0.0119,0.585
37.438877002,-0.1963,0.6059,-0.0119,0.637
37.441041541,-0.2464,0.6565,-0.0205,0.702
37.443951464,-0.2980,0.7039,-0.0349,0.765
37.446496387,-0.3495,0.7477,-0.0540,0.827
37.448367771,-0.3933,0.7877,-0.0691,0.883
37.451138848,-0.4370,0.8283,-0.0759,0.940
37.453476617,-0.4700,0.8561,-0.0789,0.980
37.455753617,-0.4891,0.8766,-0.0806,1.007
37.45886931,-0.5037,0.8898,-0.0752,1.025
37.460666848,-0.5115,0.8984,-0.0755,1.037
37.463188002,-0.5203,0.9035,-0.0787,1.046
37.465399694,-0.5254,0.9035,-0.0806,1.048
37.468180694,-0.5249,0.9013,-0.0815,1.046
37.470372694,-0.5257,0.8962,-0.0874,1.043
37.472850541,-0.5198,0.8805,-0.0933,1.027
37.474969848,-0.5164,0.8632,-0.0938,1.010
37.477412002,-0.5098,0.8405,-0.0901,0.987
37.479932387,-0.5010,0.8214,-0.0820,0.966
37.482355464,-0.4914,0.7985,-0.0757,0.941
37.484618464,-0.4781,0.7748,-0.0762,0.914
37.487784002,-0.4648,0.7523,-0.0724,0.887
37.48940531,-0.4532,0.7364,-0.0711,0.868
37.492067156,-0.4423,0.7159,-0.0789,0.845
37.494422156,-0.4285,0.6870,-0.0836,0.814
37.496960002,-0.4116,0.6587,-0.0843,0.781
37.499687079,-0.3969,0.6304,-0.0838,0.750
37.50178531,-0.3847,0.6035,-0.0848,0.721
37.509114848,-0.3671,0.5866,-0.0838,0.697
37.509695464,-0.3519,0.5661,-0.0848,0.672
37.509943156,-0.3383,0.5563,-0.0855,0.657
37.515291156,-0.3272,0.5527,-0.0906,0.649
37.516220002,-0.3283,0.5703,-0.0936,0.665
37.516981925,-0.3512,0.5984,-0.0885,0.699
37.519732002,-0.3896,0.6294,-0.1216,0.750
37.520714771,-0.4465,0.6646,-0.1561,0.816
37.523047156,-0.5081,0.7091,-0.1747,0.890
37.525793848,-0.5674,0.7489,-0.3692,1.010
37.528172617,-0.6274,0.7785,-0.7642,1.258
37.530220694,-0.6720,0.8016,-1.2499,1.630
37.532851156,-0.6882,0.8370,-1.5978,1.931
37.535299771,-0.6645,0.8845,-1.6838,2.015
37.537678233,-0.6016,0.9499,-1.6317,1.982
37.540224617,-0.5049,1.0012,-1.5064,1.878
37.542591694,-0.3664,1.0445,-1.3364,1.735
37.545310771,-0.2007,1.0846,-1.1602,1.601
37.547188694,-0.0468,1.1249,-1.0344,1.529
37.549653541,0.0623,1.1796,-0.9629,1.524
37.552502156,0.0992,1.2795,-0.9254,1.582
37.554708387,0.0586,1.4466,-0.8653,1.687
37.557114464,0.0014,1.6562,-0.6464,1.778
37.559756925,0.0643,1.8412,-0.2502,1.859
37.561805617,0.2245,1.9673,0.0647,1.981
37.564590541,0.3337,2.0804,0.1136,2.110
37.566601617,0.4321,2.1566,0.2953,2.219
37.569873002,0.5316,2.2842,0.5328,2.405
37.571243694,0.5963,2.4910,0.6116,2.633
37.573741541,0.6112,2.7014,0.5501,2.824
37.576522771,0.5625,2.9017,0.4665,2.992
37.578744617,0.5744,3.0747,0.7751,3.222
37.581361233,0.6528,3.1817,1.2671,3.486
37.583577925,0.6513,3.2224,1.3700,3.562
37.585946464,0.6291,3.2047,0.9274,3.395
37.588146771,0.5392,3.1155,-0.1062,3.164
37.590570156,0.5218,2.8851,-0.8858,3.063
37.593433848,0.4584,2.5861,-1.4986,3.024
37.595691079,0.6240,2.2133,-1.5631,2.780
37.598176002,0.8724,1.8554,-0.8472,2.218
37.600373925,0.9802,1.6208,0.1091,1.897
37.604408387,1.1334,1.5023,1.0381,2.149
37.605148079,1.1561,1.5585,1.7879,2.639
37.607751694,0.9024,1.7784,2.3219,3.061
37.611631694,0.5509,2.0366,2.5449,3.306
37.612499079,0.2304,2.2052,2.3781,3.251
37.614667156,0.0198,2.2656,1.8338,2.915
37.617331464,-0.1277,2.2397,1.3523,2.619
37.621189541,-0.1914,2.1163,0.6745,2.229
37.622312925,-0.1979,1.8947,0.0642,1.906
37.62470431,-0.1602,1.6474,-0.2162,1.669
37.627060002,-0.1013,1.4488,-0.3454,1.493
37.629578771,-0.0332,1.2492,-0.4067,1.314
37.631713233,0.0464,1.0638,-0.5387,1.193
37.634160694,0.1339,0.9115,-0.6023,1.101
37.636569925,0.1710,0.7892,-0.7708,1.116
37.639095771,0.2357,0.6580,-0.9848,1.208
37.641382771,0.2527,0.5356,-1.1600,1.302
37.644311156,0.2541,0.4288,-1.2946,1.387
37.646191156,0.2038,0.3590,-1.3508,1.412
37.648617848,0.1421,0.3406,-1.3322,1.382
37.651228387,0.0564,0.3406,-1.2695,1.316
37.654323694,-0.0185,0.3567,-1.1815,1.234
37.656026848,-0.1287,0.4002,-1.1353,1.211
37.658376694,-0.2980,0.4694,-0.9770,1.124
37.661111464,-0.5054,0.5588,-0.8734,1.153
37.663039464,-0.6810,0.6631,-0.7945,1.239
37.665458848,-0.8452,0.7650,-0.7302,1.354
37.669370233,-1.0283,0.8764,-0.6704,1.508
37.670354464,-1.2017,0.9697,-0.6657,1.682
37.674967694,-1.3893,1.0582,-0.6569,1.866
37.675452387,-1.5547,1.1370,-0.5919,2.015
37.678355387,-1.6931,1.2111,-0.5216,2.146
37.680172694,-1.7895,1.2695,-0.4514,2.240
37.682459771,-1.8335,1.3108,-0.3708,2.284
37.685943464,-1.8711,1.3371,-0.2865,2.318
37.687389233,-1.8895,1.3445,-0.2040,2.328
37.689750156,-1.8963,1.3333,-0.1468,2.323
37.692092387,-1.8814,1.3142,-0.1280,2.299
37.694515464,-1.8457,1.2770,-0.1297,2.248
37.697139694,-1.7858,1.2229,-0.1539,2.170
37.699488694,-1.7069,1.1584,-0.2122,2.074
37.707139771,-1.6036,1.0772,-0.3098,1.956
37.707867156,-1.4958,0.9956,-0.4060,1.842
37.70852931,-1.3752,0.9148,-0.4947,1.724
37.709051694,-1.2577,0.8461,-0.5790,1.623
37.724543464,-1.1457,0.7811,-0.6499,1.531
37.725519771,-1.0378,0.7357,-0.6960,1.450
37.72571731,-0.9368,0.7017,-0.7170,1.373
37.725874848,-0.8431,0.6736,-0.7183,1.296
37.72616131,-0.7544,0.6567,-0.6985,1.220
37.726417848,-0.6759,0.6504,-0.6631,1.149
37.726733233,-0.5990,0.6531,-0.6137,1.078
37.728142464,-0.5296,0.6655,-0.5578,1.017
37.730978541,-0.4668,0.6881,-0.4987,0.970
37.73395731,-0.4069,0.7161,-0.4363,0.932
37.735625002,-0.3481,0.7454,-0.3774,0.905
37.737920694,-0.2985,0.7806,-0.3240,0.896
37.740461233,-0.2559,0.8285,-0.2770,0.910
37.743460079,-0.2171,0.8747,-0.2345,0.931
37.744988694,-0.1873,0.9187,-0.1991,0.958
37.747341541,-0.1683,0.9644,-0.1644,0.993
37.750116079,-0.1653,1.0042,-0.1336,1.026
37.752465617,-0.1721,1.0454,-0.1082,1.065
37.754962541,-0.1721,1.0882,-0.0645,1.104
37.757742848,-0.1905,1.1175,-0.0484,1.135
37.760151387,-0.2156,1.1432,-0.0274,1.164
37.761958771,-0.2510,1.1605,-0.0112,1.187
37.764637002,-0.2904,1.1771,0.0050,1.212
37.767248617,-0.3290,1.1784,-0.0012,1.223
37.769258233,-0.3673,1.1642,-0.0053,1.221
37.77267731,-0.4052,1.1398,-0.0093,1.210
37.774419079,-0.4362,1.1078,-0.0078,1.191
37.777519771,-0.4676,1.0765,-0.0032,1.174
37.778960002,-0.4891,1.0389,-0.0083,1.148
37.781533233,-0.5054,1.0047,-0.0100,1.125
37.784212617,-0.5128,0.9702,-0.0149,1.097
37.786037925,-0.5191,0.9375,-0.0186,1.072
37.788696002,-0.5130,0.9087,-0.0210,1.044
37.791118464,-0.5061,0.8796,-0.0256,1.015
37.793320617,-0.4912,0.8542,-0.0312,0.986
37.795723079,-0.4707,0.8368,-0.0415,0.961
37.798334848,-0.4519,0.8207,-0.0498,0.938
37.806809848,-0.4338,0.8107,-0.0517,0.921
37.807744925,-0.3984,0.8053,-0.0545,0.900
37.808312002,-0.3637,0.8016,-0.0517,0.882
37.808773233,-0.3276,0.8034,-0.0476,0.869
37.815059694,-0.2918,0.8163,-0.0396,0.868
37.815652387,-0.2559,0.8270,-0.0284,0.866
37.816012079,-0.2181,0.8395,-0.0212,0.868
37.825379387,-0.1819,0.8517,-0.0170,0.871
37.826118156,-0.1518,0.8630,-0.0207,0.876
37.826395771,-0.1228,0.8686,-0.0300,0.878
37.827095694,-0.0986,0.8761,-0.0481,0.883
37.827677541,-0.0837,0.8828,-0.0708,0.890
37.829462464,-0.0747,0.8894,-0.0899,0.897
37.832186541,-0.0712,0.8922,-0.1094,0.902
37.834620617,-0.0722,0.9003,-0.1199,0.911
37.836640079,-0.0789,0.9055,-0.1295,0.918
37.839738771,-0.0857,0.9057,-0.1365,0.920
37.842748694,-0.0991,0.9084,-0.1419,0.925
37.84420831,-0.1155,0.9052,-0.1488,0.925
37.846664002,-0.1287,0.9050,-0.1514,0.927
37.849018848,-0.1446,0.9006,-0.1539,0.925
37.851608694,-0.1555,0.8966,-0.1579,0.924
37.853716387,-0.1678,0.8882,-0.1602,0.918
37.856364617,-0.1802,0.8840,-0.1637,0.917
37.859490848,-0.1841,0.8737,-0.1705,0.909
37.860839771,-0.1837,0.8628,-0.1761,0.900
37.863417925,-0.1863,0.8522,-0.1784,0.890
37.86580131,-0.1858,0.8432,-0.1840,0.883
37.868047156,-0.1788,0.8305,-0.1905,0.871
37.870627771,-0.1667,0.8178,-0.1945,0.857
37.873298156,-0.1531,0.8080,-0.1973,0.846
37.875856925,-0.1394,0.7999,-0.1940,0.835
37.877776002,-0.1182,0.7897,-0.1940,0.822
37.880650233,-0.0991,0.7808,-0.1979,0.812
37.88285231,-0.0817,0.7745,-0.2008,0.804
37.885157848,-0.0576,0.7718,-0.2047,0.801
37.887293848,-0.0412,0.7652,-0.2047,0.793
37.891172002,-0.0221,0.7620,-0.2054,0.790
37.892374541,-0.0031,0.7554,-0.2045,0.783
37.895230848,0.0135,0.7535,-0.2010,0.780
37.897768925,0.0324,0.7545,-0.2079,0.783
37.899513925,0.0452,0.7596,-0.2115,0.790
37.904180002,0.0640,0.7696,-0.2110,0.801
37.904678771,0.0840,0.7818,-0.2006,0.812
37.906946464,0.0994,0.8041,-0.1891,0.832
37.916644079,0.1109,0.8248,-0.1800,0.851
37.917202233,0.1229,0.8519,-0.1871,0.881
37.917426848,0.1334,0.8756,-0.2057,0.909
37.917903694,0.1356,0.9003,-0.2296,0.939
37.918620387,0.1337,0.9245,-0.2546,0.968
37.921614233,0.1304,0.9518,-0.2744,0.999
37.924224387,0.1297,0.9773,-0.2878,1.027
37.926336079,0.1302,1.0010,-0.2958,1.052
37.928404925,0.1280,1.0233,-0.2978,1.073
37.931258541,0.1312,1.0354,-0.2968,1.085
37.933378541,0.1283,1.0471,-0.2832,1.092
37.937502848,0.1197,1.0596,-0.2631,1.098
37.938082233,0.1134,1.0636,-0.2538,1.099
37.940455694,0.1036,1.0577,-0.2418,1.090
37.943197848,0.0906,1.0410,-0.2294,1.070
37.945480617,0.0813,1.0156,-0.2171,1.042
37.947710771,0.0677,0.9878,-0.2006,1.010
37.950188387,0.0566,0.9558,-0.1873,0.976
37.952894156,0.0430,0.9196,-0.1737,0.937
37.955174541,0.0268,0.8781,-0.1642,0.894
37.958475387,0.0039,0.8361,-0.1570,0.851
37.959811387,-0.0244,0.7865,-0.1488,0.801
37.962234848,-0.0588,0.7359,-0.1514,0.754
37.964730541,-0.1038,0.6865,-0.1661,0.714
37.967252002,-0.1580,0.6382,-0.1903,0.684
37.969674541,-0.2268,0.5979,-0.2208,0.676
37.972446233,-0.2995,0.5637,-0.2631,0.690
37.975441617,-0.3745,0.5353,-0.3063,0.722
37.976527079,-0.4553,0.5190,-0.3317,0.766
37.979419464,-0.5352,0.5123,-0.3349,0.813
37.98162831,-0.6097,0.5209,-0.3156,0.862
37.983914156,-0.6752,0.5358,-0.2849,0.908
37.98635231,-0.7223,0.5622,-0.2494,0.949
37.988790233,-0.7495,0.5952,-0.2245,0.983
37.991112617,-0.7541,0.6271,-0.2101,1.003
37.993495387,-0.7465,0.6667,-0.2077,1.022
37.996028002,-0.7123,0.7012,-0.2089,1.021
38.003978233,-0.6698,0.7354,-0.2187,1.018
38.004575079,-0.6197,0.7780,-0.2313,1.021
38.005032387,-0.5685,0.8227,-0.2475,1.030
38.006326233,-0.5235,0.8781,-0.2627,1.055
38.014395694,-0.4922,0.9443,-0.2719,1.099
38.01514531,-0.4702,1.0208,-0.2678,1.155
38.015653617,-0.4595,1.1014,-0.2460,1.219
38.015974771,-0.4567,1.1803,-0.2264,1.286
38.022911079,-0.4521,1.2551,-0.2167,1.352
38.023410156,-0.4470,1.3201,-0.2271,1.412
38.023618848,-0.4269,1.3653,-0.2526,1.453
38.024902848,-0.4028,1.3978,-0.2614,1.478
38.027172694,-0.3793,1.4224,-0.2570,1.494
38.029961617,-0.3454,1.4288,-0.2443,1.490
38.032651464,-0.2936,1.4085,-0.2323,1.457
38.034360387,-0.2291,1.3616,-0.2238,1.399
38.037050541,-0.1504,1.2961,-0.2224,1.324
38.039455694,-0.0803,1.2045,-0.2423,1.231
38.041631156,-0.0167,1.0936,-0.2739,1.127
38.04404931,0.0379,0.9690,-0.3088,1.018
38.046936925,0.0726,0.8414,-0.3422,0.911
38.049192002,0.0762,0.7149,-0.3640,0.806
38.051383079,0.0457,0.5957,-0.3745,0.705
38.054042233,-0.0239,0.4901,-0.3789,0.620
38.057208925,-0.1248,0.3995,-0.3806,0.566
38.05866431,-0.2487,0.3238,-0.3677,0.549
38.061027079,-0.3852,0.2658,-0.3422,0.580
38.063471694,-0.5276,0.2199,-0.3212,0.656
38.065903156,-0.6661,0.1915,-0.2883,0.751
38.069120002,-0.7932,0.1730,-0.2499,0.849
38.071029848,-0.8960,0.1666,-0.2071,0.935
38.073874156,-0.9640,0.1673,-0.1647,0.992
38.075461848,-1.0206,0.1813,-0.1397,1.046
38.077911464,-1.0392,0.1984,-0.1260,1.065
38.080582156,-1.0316,0.2258,-0.1283,1.064
38.083087771,-1.0033,0.2625,-0.1370,1.046
38.085088617,-0.9579,0.3166,-0.1488,1.020
38.087899694,-0.9046,0.3867,-0.1644,0.997
38.090057925,-0.8538,0.4708,-0.1815,0.992
38.092306464,-0.8154,0.5781,-0.1982,1.019
38.095100079,-0.7851,0.7042,-0.2201,1.077
38.097411079,-0.7656,0.8493,-0.2401,1.168
38.099994771,-0.7524,1.0051,-0.2580,1.282
38.102387156,-0.7558,1.1871,-0.2921,1.437
38.110969233,-0.7590,1.3674,-0.3193,1.596
38.111695464,-0.7565,1.5436,-0.3291,1.750
38.112129925,-0.7541,1.7239,-0.3205,1.909
38.112593002,-0.7373,1.9047,-0.3428,2.071
38.124817541,-0.6855,2.0694,-0.3820,2.213
38.125782848,-0.6244,2.2331,-0.3708,2.348
38.125998233,-0.5584,2.3943,-0.3469,2.483
38.126355464,-0.4983,2.5397,-0.3079,2.606
38.126974233,-0.4402,2.6564,-0.2550,2.705
38.127435771,-0.3842,2.7520,-0.2003,2.786
38.129779079,-0.3414,2.8180,-0.1429,2.842
38.132303464,-0.2948,2.8502,-0.0860,2.867
38.133329541,-0.2466,2.8568,-0.0503,2.868
38.135794541,-0.2059,2.8255,-0.0317,2.833
38.139486233,-0.1729,2.7584,-0.0207,2.764
38.140734233,-0.1421,2.6389,-0.0119,2.643
38.143240079,-0.1341,2.4596,-0.0168,2.463
38.145813848,-0.1578,2.2357,-0.0349,2.242
38.147977925,-0.2081,1.9900,-0.1067,2.004
38.150774233,-0.2733,1.7696,-0.2208,1.804
38.152792925,-0.3684,1.6042,-0.3718,1.687
38.156503156,-0.4712,1.4925,-0.4495,1.628
38.157832387,-0.5782,1.4251,-0.4547,1.604
38.16003631,-0.6874,1.3875,-0.4349,1.608
38.164603771,-0.7856,1.3662,-0.3965,1.625
38.165326771,-0.8672,1.3552,-0.3279,1.642
38.167171464,-0.9330,1.3436,-0.2350,1.653
38.169838541,-0.9764,1.3301,-0.1285,1.655
38.173069233,-0.9964,1.3081,-0.0420,1.645
38.174356617,-0.9987,1.2788,0.0058,1.623
38.176977848,-0.9776,1.2365,0.0092,1.576
38.181175387,-0.9454,1.1842,-0.0088,1.515
38.182361233,-0.9021,1.1195,-0.0305,1.438
38.184471464,-0.8496,1.0496,-0.0552,1.351
38.187083771,-0.7944,0.9709,-0.0789,1.257
38.189540002,-0.7297,0.8942,-0.1011,1.159
38.191309925,-0.6742,0.8195,-0.1251,1.069
38.194211694,-0.6246,0.7461,-0.1519,0.985
38.196346464,-0.5853,0.6807,-0.1830,0.916
38.199070233,-0.5560,0.6252,-0.2162,0.864
38.201379156,-0.5389,0.5747,-0.2257,0.820
38.203744387,-0.5247,0.5300,-0.2147,0.776
38.210405617,-0.5123,0.4811,-0.2236,0.737
38.211278541,-0.5071,0.4364,-0.2271,0.707
38.211700387,-0.5123,0.3972,-0.2558,0.697
38.212972387,-0.5213,0.3672,-0.2885,0.700
38.222759694,-0.5291,0.3408,-0.3284,0.710
38.223438464,-0.5261,0.3071,-0.3716,0.714
38.223706464,-0.5123,0.2688,-0.4202,0.715
38.223917617,-0.5005,0.2311,-0.4454,0.709
38.225424925,-0.4891,0.1847,-0.4244,0.673
38.228396925,-0.4888,0.1381,-0.3887,0.640
38.231331694,-0.4991,0.1014,-0.3618,0.625
38.232159771,-0.5340,0.0611,-0.3259,0.629
38.234579079,-0.5967,0.0193,-0.2616,0.652
38.237011771,-0.6971,-0.0143,-0.1984,0.725
38.239647771,-0.8257,-0.0411,-0.1766,0.845
38.241990771,-0.9664,-0.0621,-0.2042,0.990
38.244488617,-1.1135,-0.0819,-0.2870,1.153
38.247017233,-1.2469,-0.1091,-0.3885,1.311
38.249194464,-1.3612,-0.1379,-0.4857,1.452
38.251761541,-1.4434,-0.1753,-0.5737,1.563
38.254041541,-1.4893,-0.2214,-0.6313,1.633
38.256439464,-1.4865,-0.2730,-0.6264,1.636
38.258951464,-1.4534,-0.3246,-0.5490,1.587
38.261439771,-1.3847,-0.3675,-0.4178,1.492
38.263845002,-1.3029,-0.4098,-0.2494,1.388
38.266195694,-1.1961,-0.4597,-0.0811,1.284
38.268641002,-1.0485,-0.4968,0.0724,1.162
38.27192931,-0.8721,-0.5175,0.2205,1.038
38.273208617,-0.6831,-0.5230,0.3459,0.927
38.275774233,-0.5054,-0.5090,0.4553,0.850
38.278804694,-0.3427,-0.4890,0.5382,0.804
38.282272387,-0.2098,-0.4597,0.5824,0.771
38.283698771,-0.0942,-0.4264,0.5897,0.734
38.288319387,-0.0004,-0.3986,0.5471,0.677
38.289503156,0.0728,-0.3649,0.4695,0.599
38.290166464,0.1307,-0.3365,0.3728,0.519
38.292580079,0.1784,-0.3004,0.2655,0.439
38.296439464,0.2220,-0.2706,0.1700,0.389
38.29760431,0.2562,-0.2349,0.0886,0.359
38.29984431,0.2758,-0.2012,0.0260,0.342
38.303063079,0.2932,-0.1706,-0.0166,0.340
38.306778464,0.3035,-0.1326,-0.0542,0.336
38.307948617,0.3061,-0.0937,-0.0792,0.330
38.310866771,0.2951,-0.0539,-0.0787,0.310
38.320155771,0.2723,-0.0052,-0.0691,0.281
38.321273925,0.2345,0.0411,-0.0669,0.247
38.321514156,0.1764,0.0916,-0.0745,0.212
38.321732079,0.1053,0.1530,-0.1085,0.215
38.321941848,0.0179,0.2092,-0.1561,0.262
38.324643156,-0.0849,0.2714,-0.1854,0.339
38.327527387,-0.1905,0.3392,-0.2189,0.446
38.329743387,-0.2916,0.4046,-0.2426,0.555
38.331200925,-0.3869,0.4569,-0.2775,0.660
38.333465233,-0.4695,0.5074,-0.2753,0.744
38.336082848,-0.5606,0.5691,-0.2702,0.843
38.338623464,-0.6347,0.6162,-0.2846,0.929
38.340690233,-0.6896,0.6397,-0.2763,0.980
38.34329331,-0.7148,0.6360,-0.2680,0.994
38.345746156,-0.7218,0.6208,-0.2311,0.980
38.347915464,-0.7275,0.6110,-0.1612,0.964
38.350632694,-0.7302,0.6079,-0.0980,0.955
38.353276617,-0.7202,0.5933,-0.0440,0.934
38.355632694,-0.7018,0.5779,-0.0014,0.909
38.357894156,-0.6759,0.5595,0.0329,0.878
38.360624387,-0.6444,0.5395,0.0519,0.842
38.362999464,-0.6144,0.5224,0.0675,0.809
38.365043771,-0.5811,0.5078,0.0871,0.777
38.367463464,-0.5576,0.4997,0.0805,0.753
38.370863079,-0.5247,0.4823,0.0845,0.718
38.372330541,-0.4988,0.4828,0.0947,0.701
38.374772925,-0.4734,0.4831,0.0747,0.680
38.377088002,-0.4223,0.4796,0.0686,0.643
38.379619387,-0.3901,0.4823,0.0519,0.623
38.38244131,-0.3656,0.4901,0.0358,0.613
38.384494771,-0.3424,0.5001,0.0241,0.607
38.387324079,-0.3300,0.5090,0.0053,0.607
38.389808925,-0.3312,0.5167,0.0006,0.614
38.391794771,-0.3370,0.5288,-0.0119,0.627
38.394109233,-0.3337,0.5348,-0.0528,0.633
38.397369233,-0.3283,0.5416,-0.0601,0.636
38.398915771,-0.3449,0.5703,-0.0713,0.670
38.401004925,-0.3576,0.6023,-0.0784,0.705
38.408012002,-0.3700,0.6352,-0.0857,0.740
38.408860079,-0.3906,0.6711,-0.0755,0.780
38.409260002,-0.4269,0.7154,-0.0838,0.837
38.421383771,-0.4590,0.7562,-0.0920,0.889
38.422443464,-0.4939,0.7948,-0.1043,0.942
38.422821233,-0.5306,0.8430,-0.1239,1.004
38.423019156,-0.5723,0.8982,-0.1329,1.073
38.423205925,-0.6034,0.9394,-0.1486,1.126
38.423567156,-0.6535,0.9944,-0.1642,1.201
38.42597731,-0.6882,1.0326,-0.1871,1.255
38.428442156,-0.7204,1.0687,-0.2115,1.306
38.429822771,-0.7395,1.0948,-0.2320,1.341
38.432457925,-0.7427,1.1156,-0.2748,1.368
38.435719156,-0.7404,1.1221,-0.2660,1.370
38.437782233,-0.7336,1.1383,-0.2618,1.379
38.439707156,-0.7048,1.1447,-0.2570,1.369
38.442331694,-0.6498,1.1414,-0.2438,1.336
38.44508131,-0.5870,1.1263,-0.2274,1.290
38.446918541,-0.5135,1.1002,-0.2147,1.233
38.449636079,-0.4446,1.0676,-0.2045,1.174
38.453332617,-0.3822,1.0435,-0.1871,1.127
38.45431731,-0.3412,1.0252,-0.1590,1.092
38.456712694,-0.3029,1.0112,-0.1216,1.063
38.459772617,-0.2648,0.9963,-0.0833,1.034
38.46198531,-0.2264,0.9844,-0.0508,1.011
38.463816002,-0.1990,0.9773,-0.0176,0.997
38.466635387,-0.1841,0.9727,0.0092,0.990
38.469726156,-0.1790,0.9744,0.0223,0.991
38.471147771,-0.1853,0.9765,0.0353,0.995
38.473337541,-0.2027,0.9765,0.0353,0.998
38.476330464,-0.2273,0.9809,0.0253,1.007
38.478463387,-0.2559,0.9865,0.0046,1.019
38.481465002,-0.2904,0.9878,-0.0188,1.030
38.483609002,-0.3249,0.9907,-0.0449,1.044
38.486704617,-0.3640,0.9912,-0.0715,1.058
38.487983079,-0.4013,0.9919,-0.1006,1.075
38.490310771,-0.4334,0.9907,-0.1251,1.089
38.494738848,-0.4660,0.9893,-0.1483,1.104
38.495826771,-0.4905,0.9856,-0.1710,1.114
38.497669848,-0.5130,0.9814,-0.1854,1.123
38.500263156,-0.5318,0.9790,-0.1982,1.132
38.504284925,-0.5536,0.9768,-0.2094,1.142
38.505922233,-0.5687,0.9790,-0.2191,1.153
38.507917848,-0.5809,0.9825,-0.2224,1.163
38.515503771,-0.5988,0.9917,-0.2329,1.182
38.51659731,-0.6156,1.0022,-0.2355,1.200
38.517056079,-0.6314,1.0174,-0.2294,1.219
38.517490156,-0.6481,1.0357,-0.2213,1.242
38.522481848,-0.6544,1.0589,-0.2091,1.262
38.52310031,-0.6728,1.0875,-0.1937,1.293
38.525705233,-0.6918,1.1175,-0.1730,1.326
38.526694541,-0.7087,1.1459,-0.1493,1.356
38.528727464,-0.7234,1.1801,-0.1258,1.390
38.531081848,-0.7336,1.2038,-0.1050,1.414
38.533698156,-0.7395,1.2314,-0.0938,1.439
38.536068079,-0.7397,1.2429,-0.0836,1.449
38.538578233,-0.7358,1.2546,-0.0799,1.457
38.540930848,-0.7250,1.2578,-0.0882,1.454
38.54341231,-0.7101,1.2485,-0.1106,1.441
38.54558831,-0.6940,1.2285,-0.1356,1.417
38.548206848,-0.6735,1.2075,-0.1583,1.392
38.550693848,-0.6498,1.1803,-0.1815,1.360
38.552815387,-0.6263,1.1430,-0.2006,1.319
38.555463156,-0.6011,1.1060,-0.2196,1.278
38.557900694,-0.5685,1.0657,-0.2362,1.231
38.560244079,-0.5335,1.0223,-0.2511,1.180
38.562684925,-0.4961,0.9802,-0.2636,1.130
38.565326771,-0.4544,0.9357,-0.2760,1.076
38.567654233,-0.4062,0.8942,-0.2824,1.022
38.569754464,-0.3571,0.8505,-0.2819,0.965
38.57262131,-0.3018,0.8070,-0.2744,0.904
38.575196925,-0.2477,0.7664,-0.2658,0.848
38.577250464,-0.1778,0.7315,-0.2553,0.795
38.579493848,-0.1138,0.6983,-0.2448,0.749
38.582293541,-0.0632,0.6680,-0.2355,0.711
38.585021848,-0.0183,0.6426,-0.2240,0.681
38.586635464,0.0137,0.6208,-0.2010,0.653
38.589210464,0.0410,0.6050,-0.1761,0.631
38.591967387,0.0454,0.5979,-0.1507,0.618
38.594275156,0.0494,0.5949,-0.1178,0.608
38.596349925,0.0340,0.6057,-0.0713,0.611
38.598961541,0.0037,0.6187,-0.0618,0.622
38.604811156,-0.0424,0.6362,-0.0493,0.640
38.605697541,-0.1010,0.6599,-0.0291,0.668
38.606028387,-0.1697,0.6888,-0.0039,0.709
38.609572002,-0.2457,0.7168,0.0221,0.758
38.612880387,-0.3200,0.7393,0.0260,0.806
38.613326541,-0.3842,0.7589,-0.0105,0.851
38.615805002,-0.4487,0.7787,0.0036,0.899
38.621915694,-0.5084,0.7990,0.0192,0.947
38.622470464,-0.5560,0.8212,0.0212,0.992
38.623013233,-0.5806,0.8439,0.0180,1.024
38.626208925,-0.5809,0.8659,0.0095,1.043
38.627771387,-0.5531,0.8822,-0.0132,1.041
38.630582541,-0.5079,0.8933,-0.0017,1.028
38.633073925,-0.4595,0.9087,0.0324,1.019
38.635458541,-0.4008,0.9255,0.0510,1.010
38.63737231,-0.3319,0.9411,0.0430,0.999
38.640274541,-0.2574,0.9599,0.0223,0.994
38.643357848,-0.1783,0.9758,0.0058,0.992
38.64463331,-0.1082,0.9881,0.0014,0.994
38.647043387,-0.0370,1.0030,-0.0049,1.004
38.649433233,0.0315,1.0147,-0.0039,1.015
38.651884617,0.0877,1.0193,0.0109,1.023
38.654734771,0.1234,1.0210,0.0302,1.029
38.657527464,0.1304,1.0242,0.0375,1.033
38.660417541,0.0997,1.0184,0.0176,1.023
38.661499079,0.0479,1.0128,-0.0227,1.014
38.664200617,-0.0104,1.0079,-0.0701,1.010
38.666633925,-0.0719,1.0007,-0.1121,1.010
38.668872387,-0.1316,0.9951,-0.1400,1.013
38.671161848,-0.1875,0.9881,-0.1526,1.017
38.673713925,-0.2382,0.9790,-0.1598,1.020
38.676903771,-0.2792,0.9663,-0.1605,1.019
38.678387694,-0.3146,0.9487,-0.1610,1.012
38.681042541,-0.3361,0.9306,-0.1624,1.003
38.684699464,-0.3495,0.9120,-0.1637,0.990
38.685930771,-0.3549,0.8938,-0.1815,0.979
38.688334848,-0.3619,0.8891,-0.2308,0.987
38.690665617,-0.3656,0.8828,-0.2546,0.989
38.693179079,-0.3525,0.8744,-0.2350,0.972
38.695496387,-0.3319,0.8617,-0.3075,0.973
38.69816131,-0.3229,0.8568,-0.5504,1.068
38.705225233,-0.3239,0.8630,-0.9418,1.318
38.706007156,-0.3381,0.8954,-1.4444,1.733
38.706978464,-0.3610,0.9329,-1.8372,2.092
38.719634156,-0.3630,0.9856,-1.8595,2.136
38.720853002,-0.3253,1.0447,-1.7134,2.033
38.721088387,-0.2582,1.1148,-1.6613,2.017
38.721571464,-0.1627,1.1737,-1.6010,1.992
38.721836387,-0.0244,1.2006,-1.3926,1.839
38.722011156,0.1106,1.1908,-1.1218,1.640
38.722312694,0.2233,1.1717,-0.9289,1.512
38.724338541,0.3026,1.1982,-0.6176,1.382
38.726650233,0.3899,1.2923,-0.1425,1.357
38.729201618,0.5536,1.4175,0.2853,1.548
38.731568387,0.8619,1.5062,0.6581,1.856
38.733964387,1.1905,1.6282,0.8792,2.200
38.736256618,1.4588,1.8080,1.1017,2.571
38.738657541,1.5783,2.1104,1.5987,3.082
38.742093848,1.5814,2.4537,1.9722,3.523
38.743562541,1.4175,2.7784,1.8672,3.635
38.74616131,1.1106,3.0913,1.2347,3.509
38.748500387,0.6955,3.3999,0.1793,3.475
38.750920387,0.3552,3.6330,-1.0230,3.791
38.754252387,0.0792,3.7216,-2.1306,4.289
38.756592925,-0.1201,3.6724,-2.5482,4.471
38.759229541,-0.1678,3.4957,-2.0664,4.064
38.760351464,-0.1022,3.1881,-1.4844,3.518
38.763174156,0.0482,2.8739,-0.4039,2.903
38.765409618,0.2458,2.6345,0.6044,2.714
38.76812831,0.4185,2.4803,1.2366,2.803
38.770208618,0.4864,2.3860,1.4404,2.829
38.773072925,0.5378,2.2919,1.3579,2.718
38.775153618,0.5983,2.1449,1.0979,2.483
38.777444618,0.6480,1.9128,0.7260,2.146
38.780612387,0.6846,1.6108,0.2765,1.772
38.782236002,0.6743,1.2898,-0.0168,1.456
38.784903464,0.5614,1.0445,-0.2106,1.204
38.787224387,0.4043,0.8637,-0.4031,1.035
38.791879156,0.2033,0.7244,-0.5010,0.904
38.79263731,-0.0167,0.6301,-0.5541,0.839
38.79434831,-0.2289,0.5654,-0.4801,0.776
38.797345925,-0.4632,0.5463,-0.2951,0.775
38.800613618,-0.6947,0.5488,-0.1082,0.892
38.801773541,-0.9095,0.5676,0.0554,1.073
38.804340002,-1.1033,0.6140,0.2333,1.284
38.806639079,-1.2811,0.6690,0.3342,1.483
38.813510233,-1.4162,0.7212,0.3982,1.638
38.814195156,-1.4890,0.7477,0.3989,1.713
38.814458771,-1.5091,0.7491,0.3943,1.730
38.825647387,-1.4497,0.7333,0.4062,1.675
38.826678848,-1.3884,0.6905,0.1436,1.557
38.826950848,-1.3456,0.6345,-0.0965,1.491
38.827157233,-1.3307,0.5775,-0.2683,1.475
38.827800925,-1.3439,0.5321,-0.4470,1.513
38.827996618,-1.3517,0.4828,-0.5656,1.543
38.830497002,-1.3740,0.4559,-0.6303,1.579
38.832743464,-1.4308,0.4435,-0.6946,1.651
38.835049618,-1.5083,0.4528,-0.7483,1.743
38.837450156,-1.5978,0.4752,-0.7852,1.843
38.841646771,-1.6852,0.5265,-0.7725,1.927
38.842510541,-1.7756,0.6211,-0.7307,2.018
38.844823156,-1.8431,0.7508,-0.6592,2.096
38.847553848,-1.8638,0.8737,-0.5974,2.143
38.849841848,-1.8533,0.9924,-0.5567,2.175
38.852661618,-1.8235,1.0955,-0.5334,2.193
38.854802464,-1.7685,1.1931,-0.5113,2.194
38.857909233,-1.7148,1.2810,-0.4842,2.195
38.85942031,-1.6523,1.3741,-0.4668,2.199
38.861929925,-1.5633,1.4491,-0.4229,2.173
38.864282771,-1.4814,1.5190,-0.3494,2.150
38.866688079,-1.3744,1.5621,-0.3095,2.104
38.869179464,-1.2491,1.5886,-0.2672,2.038
38.871850771,-1.1323,1.5886,-0.2191,1.963
38.875454848,-1.0041,1.5788,-0.1766,1.879
38.876437233,-0.8653,1.5639,-0.1476,1.793
38.87939331,-0.7243,1.5209,-0.1390,1.690
38.881239771,-0.5804,1.4564,-0.1637,1.576
38.884049848,-0.4329,1.3851,-0.1877,1.463
38.885740079,-0.2904,1.3152,-0.1986,1.361
38.888413848,-0.1683,1.2504,-0.2162,1.280
38.890968925,-0.0626,1.1913,-0.2196,1.213
38.893102464,0.0320,1.1312,-0.2231,1.153
38.895713925,0.1251,1.0778,-0.2308,1.109
38.903889002,0.2020,1.0184,-0.2411,1.066
38.904341233,0.2590,0.9599,-0.2729,1.031
38.904604079,0.2968,0.9101,-0.3135,1.007
38.905023464,0.3154,0.8625,-0.3496,0.983
38.914146848,0.3135,0.8234,-0.3645,0.953
38.914768079,0.2983,0.7962,-0.3633,0.925
38.915031387,0.2748,0.7829,-0.3659,0.907
38.915262156,0.2382,0.7736,-0.3760,0.892
38.916957618,0.1898,0.7774,-0.3899,0.890
38.919510848,0.1356,0.7909,-0.4006,0.897
38.922600079,0.0792,0.8055,-0.4202,0.912
38.924516694,0.0230,0.8293,-0.4524,0.945
38.927011694,-0.0361,0.8488,-0.4183,0.947
38.929447771,-0.0928,0.8742,-0.3574,0.949
38.931698156,-0.1492,0.8962,-0.3156,0.962
38.934054156,-0.2066,0.9157,-0.2883,0.982
38.93679631,-0.2567,0.9375,-0.2736,1.010
38.938969002,-0.3026,0.9495,-0.2653,1.031
38.941335079,-0.3386,0.9551,-0.2721,1.049
38.943786848,-0.3656,0.9621,-0.2844,1.068
38.946586464,-0.3835,0.9551,-0.2976,1.071
38.948906541,-0.3933,0.9465,-0.3112,1.071
38.952101002,-0.3954,0.9333,-0.3188,1.063
38.953606848,-0.3938,0.9180,-0.3279,1.051
38.956858464,-0.3850,0.9015,-0.3340,1.036
38.958189925,-0.3698,0.8813,-0.3261,1.010
38.960565925,-0.3488,0.8579,-0.3163,0.979
38.963677233,-0.3234,0.8349,-0.3147,0.949
38.965877233,-0.2929,0.8141,-0.3127,0.920
38.968190233,-0.2611,0.7860,-0.3127,0.885
38.970461848,-0.2357,0.7643,-0.3086,0.857
38.973733541,-0.2056,0.7442,-0.3103,0.832
38.975069233,-0.1812,0.7286,-0.3244,0.818
38.977600002,-0.1607,0.7127,-0.3308,0.802
38.980082848,-0.1446,0.7044,-0.3405,0.796
38.982346541,-0.1304,0.6958,-0.3599,0.794
38.984612079,-0.1177,0.6851,-0.3726,0.789
38.98737631,-0.1079,0.6814,-0.3853,0.790
38.989563771,-0.1035,0.6776,-0.3913,0.789
38.991997925,-0.1018,0.6778,-0.4014,0.794
38.994765848,-0.1043,0.6841,-0.4095,0.804
39.002090848,-0.1035,0.6865,-0.4146,0.809
39.002821925,-0.1040,0.6961,-0.4185,0.819
39.003042156,-0.1038,0.7058,-0.4188,0.827
39.004849002,-0.1047,0.7184,-0.4167,0.837
39.015285002,-0.1108,0.7354,-0.4095,0.849
39.016254156,-0.1162,0.7503,-0.3994,0.858
39.016618233,-0.1233,0.7733,-0.3890,0.874
39.016935079,-0.1333,0.7943,-0.3804,0.891
39.017226156,-0.1446,0.8183,-0.3694,0.909
39.019673541,-0.1551,0.8356,-0.3579,0.922
39.021060079,-0.1614,0.8568,-0.3430,0.937
39.023449233,-0.1690,0.8723,-0.3310,0.948
39.02566431,-0.1756,0.8833,-0.3222,0.956
39.028515464,-0.1768,0.8922,-0.3119,0.962
39.031232387,-0.1797,0.8979,-0.2993,0.963
39.033336387,-0.1778,0.9023,-0.2961,0.966
39.035488387,-0.1732,0.9003,-0.2953,0.963
39.039384694,-0.1734,0.9047,-0.3035,0.970
39.041584387,-0.1725,0.9050,-0.3083,0.971
39.042735387,-0.1734,0.9038,-0.3132,0.972
39.045175694,-0.1744,0.9033,-0.3110,0.971
39.047777925,-0.1793,0.8996,-0.3083,0.968
39.049839464,-0.1829,0.8959,-0.3061,0.964
39.052418233,-0.1905,0.8930,-0.3049,0.963
39.055964618,-0.2025,0.8917,-0.3024,0.963
39.057099464,-0.2122,0.8886,-0.2988,0.961
39.059588694,-0.2240,0.8835,-0.2970,0.959
39.062231156,-0.2394,0.8833,-0.2921,0.961
39.064863694,-0.2555,0.8845,-0.2905,0.965
39.067101925,-0.2694,0.8835,-0.2883,0.968
39.069289233,-0.2831,0.8837,-0.2890,0.972
39.072625925,-0.2946,0.8854,-0.2885,0.977
39.074001541,-0.3029,0.8840,-0.2907,0.979
39.076464002,-0.3090,0.8847,-0.2942,0.982
39.079166541,-0.3129,0.8847,-0.3019,0.986
39.081488387,-0.3111,0.8842,-0.3024,0.985
39.083811694,-0.3036,0.8861,-0.3014,0.984
39.08624831,-0.2960,0.8857,-0.3005,0.981
39.088950848,-0.2816,0.8854,-0.2937,0.974
39.090795694,-0.2631,0.8840,-0.2909,0.967
39.093714541,-0.2403,0.8766,-0.2902,0.954
39.095960925,-0.2154,0.8715,-0.2974,0.946
39.098059156,-0.1816,0.8619,-0.3030,0.932
39.100772618,-0.1467,0.8544,-0.3051,0.919
39.110041541,-0.1106,0.8463,-0.3079,0.907
39.11125231,-0.0742,0.8417,-0.3049,0.898
39.111713925,-0.0385,0.8426,-0.3117,0.899
39.112151694,-0.0060,0.8424,-0.3161,0.900
39.112550464,0.0266,0.8432,-0.3242,0.904
39.123686464,0.0586,0.8505,-0.3349,0.916
39.124612925,0.0823,0.8568,-0.3498,0.929
39.125059079,0.1050,0.8642,-0.3599,0.942
39.125474848,0.1319,0.8737,-0.3620,0.955
39.12573231,0.1551,0.8810,-0.3684,0.967
39.128139771,0.1744,0.8886,-0.3760,0.980
39.131381925,0.1873,0.8954,-0.3797,0.990
39.132194464,0.1984,0.9087,-0.3799,1.005
39.134388002,0.2022,0.9211,-0.3816,1.017
39.136993618,0.2010,0.9355,-0.3946,1.035
39.138957925,0.1922,0.9514,-0.4078,1.053
39.14160931,0.1830,0.9644,-0.4232,1.069
39.144196618,0.1833,0.9668,-0.4517,1.083
39.146941233,0.1684,0.9807,-0.4216,1.081
39.14864031,0.1478,1.0054,-0.3962,1.091
39.151540618,0.1356,1.0281,-0.3787,1.104
39.153761002,0.1160,1.0520,-0.3631,1.119
39.155956079,0.0909,1.0799,-0.3486,1.138
39.158303156,0.0645,1.1011,-0.3352,1.153
39.163376387,0.0396,1.1273,-0.3298,1.175
39.16454931,0.0095,1.1524,-0.3235,1.197
39.165719464,-0.0204,1.1786,-0.3095,1.219
39.168304079,-0.0468,1.1964,-0.2963,1.233
39.171824387,-0.0710,1.2084,-0.2827,1.243
39.172981002,-0.0933,1.2176,-0.2699,1.251
39.175261233,-0.1167,1.2282,-0.2457,1.258
39.177809925,-0.1331,1.2380,-0.2231,1.265
39.180343156,-0.1541,1.2492,-0.1984,1.274
39.18284531,-0.1760,1.2592,-0.1715,1.283
39.185242464,-0.1951,1.2693,-0.1427,1.292
39.188464618,-0.2168,1.2758,-0.1131,1.299
39.189842848,-0.2293,1.2765,-0.0855,1.300
39.19247631,-0.2406,1.2765,-0.0606,1.300
39.194740618,-0.2401,1.2712,-0.0449,1.294
39.197498541,-0.2364,1.2602,-0.0412,1.283
39.199990464,-0.2289,1.2441,-0.0386,1.266
39.202163464,-0.2152,1.2282,-0.0408,1.248
39.204837002,-0.1983,1.2126,-0.0368,1.229
39.206582771,-0.1732,1.1959,-0.0317,1.209
39.209377925,-0.1514,1.1817,-0.0315,1.192
39.211453848,-0.1260,1.1723,-0.0330,1.179
39.217576079,-0.0982,1.1654,-0.0263,1.170
39.21869231,-0.0724,1.1600,-0.0296,1.163
39.219188387,-0.0486,1.1622,-0.0400,1.164
39.227343156,-0.0304,1.1726,-0.0323,1.173
39.228108618,-0.0185,1.1889,-0.0284,1.189
39.22844431,-0.0070,1.2136,-0.0225,1.214
39.228745002,-0.0067,1.2455,-0.0244,1.246
39.230519387,-0.0053,1.2866,-0.0232,1.287
39.233319387,-0.0143,1.3315,-0.0176,1.332
39.237266156,-0.0176,1.3821,-0.0168,1.382
39.237999464,-0.0280,1.4381,-0.0061,1.438
39.241091771,-0.0437,1.4908,-0.0058,1.491
39.243123079,-0.0642,1.5514,-0.0090,1.553
39.245139156,-0.0842,1.6115,-0.0181,1.614
39.247459464,-0.1066,1.6711,-0.0239,1.675
39.250396694,-0.1243,1.7205,-0.0291,1.725
39.252436925,-0.1460,1.7752,0.0463,1.782
39.255265848,-0.1695,1.8397,0.1174,1.851
39.257164925,-0.1961,1.9086,0.1937,1.928
39.260110464,-0.2220,1.9795,0.2667,2.010
39.262279387,-0.2413,2.0528,0.3324,2.093
39.264433002,-0.2628,2.1192,0.3838,2.170
39.267527156,-0.2787,2.1668,0.4250,2.226
39.270476002,-0.2992,2.2131,0.4685,2.282
39.271846848,-0.3173,2.2416,0.5091,2.320
39.274149618,-0.3368,2.2536,0.5394,2.342
39.276602848,-0.3624,2.2516,0.5496,2.346
39.279407079,-0.3796,2.2277,0.5616,2.329
39.28154131,-0.4018,2.1891,0.5672,2.297
39.283997541,-0.4201,2.1421,0.5480,2.251
39.287368002,-0.4402,2.0792,0.4893,2.181
39.288560694,-0.4551,2.0083,0.3977,2.097
39.291296694,-0.4526,1.9284,0.2836,2.001
39.293651771,-0.4324,1.8419,0.1558,1.898
39.296025541,-0.4033,1.7528,0.0185,1.799
39.29920031,-0.3684,1.6569,-0.1162,1.701
39.300909925,-0.3317,1.5678,-0.2426,1.621
39.307907464,-0.2897,1.4838,-0.3550,1.553
39.309064925,-0.2440,1.4068,-0.4583,1.500
39.309495771,-0.2107,1.3415,-0.5527,1.466
39.311016002,-0.1800,1.2742,-0.5883,1.415
39.318399694,-0.1572,1.2145,-0.6198,1.373
39.318874848,-0.1499,1.1598,-0.7217,1.374
39.319015694,-0.1380,1.1085,-0.7310,1.335
39.320821541,-0.1333,1.0738,-0.7137,1.296
39.322966848,-0.1411,1.0438,-0.7515,1.294
39.325136694,-0.1632,1.0135,-0.8057,1.305
39.328029848,-0.2051,0.9861,-0.8509,1.319
39.329483156,-0.2640,0.9683,-0.8204,1.296
39.332298233,-0.3361,0.9656,-0.7144,1.247
39.335469925,-0.4223,0.9741,-0.5983,1.219
39.337315079,-0.5108,0.9886,-0.4910,1.216
39.339650541,-0.6065,1.0047,-0.3838,1.235
39.341656387,-0.6879,1.0073,-0.3369,1.265
39.344920079,-0.7483,1.0035,-0.3215,1.292
39.346415079,-0.7832,0.9863,-0.3522,1.308
39.348993002,-0.8198,0.9636,-0.4073,1.329
39.351563387,-0.8613,0.9436,-0.4828,1.366
39.353922848,-0.9251,0.9243,-0.5180,1.407
39.356195771,-0.9964,0.9064,-0.5213,1.444
39.358914464,-1.0607,0.8793,-0.4715,1.456
39.361435771,-1.1115,0.8651,-0.3733,1.457
39.363499771,-1.1441,0.8409,-0.3037,1.452
39.365998233,-1.1573,0.8036,-0.2318,1.428
39.368356079,-1.1618,0.7628,-0.1612,1.399
39.370488387,-1.1582,0.7176,-0.1073,1.367
39.373079156,-1.1636,0.6941,-0.0855,1.358
39.375734541,-1.1683,0.6792,-0.0654,1.353
39.378364079,-1.1602,0.6480,-0.0349,1.329
39.380284387,-1.1426,0.6206,-0.0112,1.300
39.382784925,-1.1131,0.5837,0.0090,1.257
39.385168002,-1.0908,0.5539,0.0268,1.224
39.387599156,-1.0663,0.5153,0.0510,1.185
39.390056387,-1.0463,0.4713,0.0779,1.150
39.392337848,-1.0314,0.4307,0.0847,1.121
39.394940618,-1.0329,0.4009,0.0833,1.111
39.397298771,-1.0344,0.3683,0.0684,1.100
39.399750771,-1.0319,0.3418,0.0358,1.088
39.407637925,-1.0202,0.3228,-0.0021,1.070
39.40836531,-0.9952,0.3028,-0.0393,1.041
39.408758771,-0.9997,0.2822,-0.0992,1.043
39.409491694,-0.9869,0.2634,-0.1486,1.032
39.422358233,-0.9589,0.2481,-0.1722,1.005
39.423103387,-0.9154,0.2358,-0.1830,0.963
39.423309233,-0.8606,0.2273,-0.1808,0.908
39.423484694,-0.7900,0.2227,-0.1768,0.840
39.423941541,-0.7267,0.2199,-0.1728,0.779
39.424146541,-0.6649,0.2182,-0.1649,0.719
39.429324002,-0.6007,0.2169,-0.1505,0.656
39.429820079,-0.5384,0.2187,-0.1255,0.594
39.43092431,-0.4842,0.2204,-0.1094,0.543
39.433448002,-0.4248,0.2206,-0.0799,0.485
39.436791771,-0.3708,0.2287,-0.0459,0.438
39.437978464,-0.3221,0.2341,-0.0137,0.398
39.440446233,-0.2753,0.2360,0.0107,0.363
39.443217925,-0.2310,0.2429,0.0288,0.336
39.445378771,-0.1917,0.2502,0.0483,0.319
39.44771331,-0.1590,0.2529,0.0610,0.305
39.451775464,-0.1320,0.2509,0.0661,0.291
39.452824925,-0.1145,0.2519,0.0635,0.284
39.454931156,-0.0915,0.2465,0.0530,0.268
39.458000925,-0.0759,0.2432,0.0530,0.260
39.460414464,-0.0673,0.2453,0.0525,0.260
39.462305618,-0.0566,0.2397,0.0502,0.251
39.464802464,-0.0473,0.2336,0.0502,0.244
39.468546541,-0.0326,0.2307,0.0532,0.239
39.469741618,-0.0358,0.2274,0.0617,0.238
39.471936925,-0.0258,0.2255,0.0671,0.237
39.475317848,-0.0288,0.2241,0.0813,0.240
39.477583387,-0.0353,0.2262,0.0957,0.248
39.481258464,-0.0139,0.2292,0.1231,0.260
39.481671464,-0.0495,0.2402,0.1106,0.269
39.485572387,-0.0579,0.2250,0.1006,0.253
39.486959771,-0.0803,0.2346,0.0945,0.265
39.488900925,-0.1047,0.2419,0.0933,0.280
39.491297233,-0.1226,0.2519,0.0864,0.293
39.493689925,-0.1458,0.2639,0.0773,0.311
39.496141233,-0.1807,0.2800,0.0698,0.340
39.498804925,-0.2249,0.3012,0.0671,0.382
39.506440079,-0.2582,0.3184,0.0579,0.414
39.507256387,-0.2848,0.3284,0.0493,0.437
39.507653541,-0.3085,0.3420,0.0351,0.462
39.508179464,-0.3277,0.3513,0.0276,0.481
39.518673541,-0.3265,0.3553,0.0192,0.483
39.519194464,-0.3229,0.3599,0.0153,0.484
39.519390771,-0.3330,0.3807,0.0207,0.506
39.519787156,-0.3297,0.3958,0.0258,0.516
39.520182771,-0.3176,0.4029,0.0276,0.514
39.523282156,-0.2972,0.4083,0.0427,0.507
39.525898464,-0.2680,0.4163,0.0502,0.498
39.527597618,-0.2569,0.4376,0.0640,0.511
39.531845848,-0.2396,0.4493,0.0656,0.513
39.532638156,-0.2193,0.4549,0.0617,0.509
39.534664925,-0.2100,0.4650,0.0498,0.513
39.536839079,-0.2042,0.4767,0.0393,0.520
39.539350848,-0.1858,0.4867,0.0337,0.522
39.542137541,-0.1648,0.5004,0.0297,0.528
39.544084925,-0.1741,0.5221,0.0176,0.551
39.546741233,-0.1732,0.5393,0.0083,0.566
39.549105541,-0.1770,0.5637,0.0043,0.591
39.551562771,-0.1875,0.5866,-0.0017,0.616
39.553769618,-0.2010,0.6159,-0.0042,0.648
39.55648431,-0.2103,0.6443,-0.0130,0.678
39.55922131,-0.2117,0.6680,-0.0242,0.701
39.561027079,-0.2228,0.7058,-0.0303,0.741
39.563675156,-0.2210,0.7264,-0.0559,0.761
39.566147464,-0.2203,0.7469,-0.0743,0.782
39.568422156,-0.2254,0.7718,-0.0901,0.809
39.570800387,-0.2506,0.7906,-0.1134,0.837
39.573289848,-0.2611,0.8146,-0.1358,0.866
39.575657002,-0.2733,0.8368,-0.1539,0.894
39.582934156,-0.2726,0.8512,-0.1903,0.914
39.583300002,-0.2787,0.8828,-0.1982,0.947
39.583446541,-0.2757,0.9160,-0.1866,0.975
39.585066156,-0.2591,0.9424,-0.1810,0.994
39.587479156,-0.2533,0.9732,-0.1683,1.020
39.590273848,-0.2538,1.0030,-0.1624,1.047
39.592784387,-0.2382,1.0223,-0.1612,1.062
39.59513731,-0.2215,1.0350,-0.1683,1.072
39.597400618,-0.2149,1.0562,-0.1581,1.089
39.604571464,-0.2237,1.0725,-0.1509,1.106
39.605212694,-0.2051,1.0736,-0.1288,1.101
39.605811387,-0.1883,1.0875,-0.0992,1.108
39.607081848,-0.1704,1.1002,-0.0718,1.116
39.614354233,-0.1539,1.1039,-0.0503,1.116
39.61515331,-0.1553,1.1232,-0.0144,1.134
39.615309233,-0.1616,1.1327,0.0104,1.144
39.622353848,-0.1704,1.1437,0.0304,1.157
39.622766464,-0.1853,1.1581,0.0405,1.173
39.622920002,-0.2012,1.1654,0.0397,1.183
39.626305002,-0.2235,1.1752,0.0446,1.197
39.626793233,-0.2477,1.1866,0.0397,1.213
39.628500618,-0.2757,1.1940,0.0321,1.226
39.631061848,-0.3034,1.1971,0.0383,1.236
39.633521925,-0.3588,1.2358,0.0334,1.287
39.636538848,-0.4047,1.2495,0.0378,1.314
39.638255771,-0.4374,1.2651,0.0442,1.339
39.641249002,-0.4790,1.2842,0.0419,1.371
39.643189002,-0.5145,1.2863,0.0324,1.386
39.645471387,-0.5415,1.2912,0.0258,1.400
39.648015079,-0.5594,1.2912,0.0080,1.407
39.650771156,-0.5685,1.2807,-0.0073,1.401
39.653560925,-0.5775,1.2661,-0.0254,1.392
39.655772002,-0.5939,1.2665,-0.0259,1.399
39.658509848,-0.6092,1.2719,-0.0286,1.411
39.659932925,-0.6151,1.2656,-0.0156,1.407
39.662615156,-0.6205,1.2607,-0.0166,1.405
39.664992387,-0.6170,1.2455,-0.0176,1.390
39.667450771,-0.6212,1.2431,-0.0151,1.390
39.669673002,-0.6286,1.2397,-0.0078,1.390
39.672542464,-0.6354,1.2380,-0.0102,1.392
39.675230156,-0.6461,1.2355,-0.0254,1.394
39.677204387,-0.6564,1.2380,-0.0422,1.402
39.679785848,-0.6708,1.2385,-0.0449,1.409
39.683022541,-0.6818,1.2429,-0.0489,1.418
39.684072002,-0.6984,1.2478,-0.0577,1.431
39.686419464,-0.7148,1.2572,-0.0610,1.448
39.688814464,-0.7334,1.2742,-0.0701,1.472
39.692249618,-0.7492,1.2812,-0.0894,1.487
39.693842771,-0.7632,1.2903,-0.1050,1.503
39.696504002,-0.7730,1.3028,-0.1114,1.519
39.69995731,-0.7844,1.3174,-0.1074,1.537
39.701101618,-0.7873,1.3279,-0.1082,1.548
39.703355079,-0.7871,1.3364,-0.1174,1.555
39.706373233,-0.7881,1.3474,-0.1288,1.566
39.713240618,-0.7844,1.3496,-0.1409,1.567
39.713698848,-0.7763,1.3528,-0.1521,1.567
39.713924002,-0.7714,1.3523,-0.1607,1.565
39.715523079,-0.7646,1.3489,-0.1622,1.559
39.725279079,-0.7423,1.3320,-0.1763,1.535
39.725753002,-0.7089,1.3061,-0.1849,1.498
39.725902541,-0.6730,1.2773,-0.1866,1.456
39.726034771,-0.6254,1.2424,-0.1952,1.405
39.727593002,-0.5729,1.2062,-0.1998,1.350
39.730788002,-0.5124,1.1674,-0.2054,1.291
39.732940925,-0.4567,1.1268,-0.2143,1.235
39.73553231,-0.3977,1.0936,-0.2103,1.182
39.737078541,-0.3427,1.0518,-0.2017,1.124
39.741004079,-0.2927,1.0174,-0.1873,1.075
39.741994464,-0.2496,0.9849,-0.1661,1.030
39.744526541,-0.2110,0.9597,-0.1458,0.993
39.747046233,-0.1886,0.9404,-0.1295,0.968
39.749337002,-0.1781,0.9294,-0.1183,0.954
39.751766848,-0.1765,0.9180,-0.1116,0.941
39.754355464,-0.1934,0.9152,-0.1011,0.941
39.758080387,-0.2188,0.9152,-0.0806,0.944
39.758979771,-0.2564,0.9138,-0.0557,0.951
39.761305925,-0.3051,0.9201,-0.0361,0.970
39.764100694,-0.3563,0.9238,-0.0203,0.990
39.766964618,-0.3959,0.9329,-0.0056,1.013
39.768986233,-0.4487,0.9345,0.0072,1.037
39.771630541,-0.5032,0.9318,0.0244,1.059
39.774073848,-0.5482,0.9287,0.0470,1.079
39.775788618,-0.5897,0.9236,0.0696,1.098
39.778268079,-0.6209,0.9152,0.0886,1.109
39.780756387,-0.6447,0.9091,0.1103,1.120
39.783284387,-0.6649,0.9047,0.1345,1.131
39.785394156,-0.6818,0.8964,0.1275,1.133
39.790379771,-0.6918,0.8857,0.1250,1.131
39.791204694,-0.6913,0.8724,0.1131,1.119
39.792626771,-0.6828,0.8537,0.1008,1.098
39.795907694,-0.6717,0.8361,0.0801,1.076
39.79939231,-0.6586,0.8180,0.0537,1.052
39.800753618,-0.6447,0.7965,0.0246,1.025
39.80242531,-0.6200,0.7760,-0.0049,0.993
39.806633925,-0.5963,0.7613,-0.0398,0.968
39.808054233,-0.5625,0.7469,-0.0574,0.937
39.809645541,-0.5298,0.7279,-0.0862,0.904
39.812331387,-0.4944,0.7051,-0.1065,0.868
39.820135387,-0.4572,0.6829,-0.1165,0.830
39.820893618,-0.4245,0.6623,-0.1260,0.797
39.821189618,-0.3931,0.6525,-0.1505,0.777
39.821744079,-0.3703,0.6560,-0.1881,0.776
39.832738464,-0.3398,0.6678,-0.2052,0.777
39.833541541,-0.3053,0.6834,-0.2033,0.776
39.833972079,-0.2692,0.7007,-0.2115,0.780
39.83416831,-0.2386,0.7142,-0.2240,0.786
39.834360079,-0.2093,0.7296,-0.2267,0.792
39.836300925,-0.1807,0.7452,-0.2218,0.798
39.839719771,-0.1555,0.7674,-0.2238,0.814
39.840947387,-0.1324,0.7965,-0.2106,0.834
39.843895079,-0.1031,0.8300,-0.1864,0.857
39.84562131,-0.0707,0.8644,-0.1566,0.881
39.84815631,-0.0346,0.8930,-0.1427,0.905
39.850427156,0.0066,0.9269,-0.1542,0.940
39.853057002,0.0482,0.9632,-0.1913,0.983
39.856298233,0.0987,0.9912,-0.2746,1.033
39.857794771,0.1378,1.0471,-0.3816,1.123
39.860314464,0.1964,1.1002,-0.3510,1.171
39.864622464,0.2712,1.1412,-0.4659,1.262
39.865719156,0.3345,1.2069,-0.5120,1.353
39.867450156,0.3620,1.3064,-0.5216,1.453
39.870095464,0.3366,1.4219,-0.5414,1.558
39.873098233,0.3428,1.5157,-0.5387,1.645
39.874728618,0.3980,1.5966,-0.5077,1.722
39.877020694,0.4598,1.6748,-0.3880,1.780
39.881438464,0.5632,1.7538,-0.2423,1.858
39.88229231,0.6564,1.8234,-0.1676,1.945
39.884365925,0.7823,1.9306,-0.2054,2.093
39.887139464,0.7808,2.0794,0.0258,2.221
39.889990233,0.8455,2.2160,0.3288,2.395
39.891757233,0.8480,2.3620,0.5824,2.576
39.894795771,0.8746,2.4764,0.7949,2.744
39.897795694,0.8707,2.5385,0.8968,2.830
39.898924002,0.7945,2.5226,0.8802,2.787
39.90144931,0.5961,2.4854,0.7991,2.678
39.906110771,0.3708,2.4104,0.7199,2.543
39.907265541,0.2015,2.2797,0.6305,2.374
39.909415156,0.1009,2.1092,0.5415,2.180
39.911135464,0.0288,1.9069,0.4458,1.959
39.917840694,-0.0363,1.7163,0.3703,1.756
39.918954771,-0.0994,1.5211,0.3029,1.554
39.920788694,-0.1660,1.3425,0.2330,1.373
39.921059694,-0.2284,1.1887,0.2191,1.230
39.925927156,-0.2974,1.0422,0.2137,1.105
39.926319464,-0.3852,0.8933,0.1218,0.980
39.927732079,-0.4439,0.7333,-0.0479,0.858
39.935934156,-0.4866,0.5681,-0.1190,0.757
39.936375387,-0.5401,0.4654,-0.1136,0.722
39.936704694,-0.5657,0.3948,-0.1080,0.698
39.937657925,-0.5569,0.3396,-0.1453,0.668
39.940124387,-0.5340,0.3184,-0.1761,0.646
39.942293002,-0.4846,0.2977,-0.2077,0.605
39.944702156,-0.4282,0.2854,-0.2385,0.567
39.947187156,-0.3696,0.2819,-0.2683,0.537
39.949413541,-0.2962,0.2871,-0.2885,0.503
39.951969541,-0.2247,0.3115,-0.3212,0.501
39.95581631,-0.1834,0.3460,-0.2634,0.472
39.956649848,-0.1597,0.3797,-0.2861,0.502
39.959151387,-0.1252,0.4119,-0.3960,0.585
39.961774771,-0.1365,0.4557,-0.3743,0.605
39.964323771,-0.1521,0.5290,-0.3433,0.649
39.966345925,-0.1604,0.6062,-0.3882,0.738
39.968726848,-0.1898,0.6834,-0.4258,0.827
39.972208079,-0.2489,0.7577,-0.4586,0.920
39.973658541,-0.3270,0.8281,-0.4730,1.008
39.97601631,-0.4071,0.9013,-0.4085,1.070
39.98041231,-0.4814,0.9886,-0.5365,1.223
39.981209233,-0.5362,1.0450,-0.5900,1.314
39.983605848,-0.5560,1.0834,-0.5438,1.334
39.986014156,-0.5636,1.1092,-0.5306,1.353
39.988421541,-0.5785,1.1295,-0.5111,1.368
39.990434156,-0.5958,1.1437,-0.4813,1.376
39.993270848,-0.6124,1.1559,-0.4502,1.383
39.996065002,-0.6344,1.1708,-0.4229,1.397
39.998890156,-0.6505,1.1810,-0.3882,1.403
40.000108002,-0.6661,1.1920,-0.3452,1.408
40.003680694,-0.6791,1.2023,-0.3054,1.414
40.006082541,-0.6887,1.2080,-0.2751,1.417
40.007560925,-0.6874,1.2108,-0.2485,1.414
40.009865541,-0.6740,1.2048,-0.2220,1.398
40.017141618,-0.6447,1.1913,-0.2017,1.370
40.01818531,-0.5995,1.1671,-0.1913,1.326
40.018864618,-0.5418,1.1349,-0.1815,1.271
40.019392002,-0.4832,1.1088,-0.1763,1.222
40.028172618,-0.4160,1.0780,-0.1859,1.170
40.028934233,-0.3461,1.0477,-0.2084,1.123
40.029531695,-0.2760,1.0177,-0.2445,1.082
40.029736618,-0.2093,0.9910,-0.2961,1.055
40.031996002,-0.1529,0.9688,-0.3403,1.038
40.034435079,-0.1057,0.9527,-0.3865,1.034
40.036243079,-0.0644,0.9436,-0.4290,1.039
40.038887387,-0.0326,0.9390,-0.4635,1.048
40.041380002,-0.0139,0.9460,-0.4928,1.067
40.043705925,0.0051,0.9521,-0.5113,1.081
40.045898156,0.0179,0.9651,-0.5204,1.097
40.04827331,0.0266,0.9751,-0.5177,1.104
40.050684387,0.0300,0.9878,-0.5033,1.109
40.054286156,0.0293,1.0012,-0.4815,1.111
40.055511079,0.0279,1.0135,-0.4505,1.109
40.057867079,0.0222,1.0217,-0.4176,1.104
40.060529925,0.0139,1.0335,-0.3811,1.102
40.063806464,0.0039,1.0422,-0.3459,1.098
40.066097848,-0.0067,1.0523,-0.3135,1.098
40.067855464,-0.0223,1.0594,-0.2841,1.097
40.071495156,-0.0395,1.0650,-0.2585,1.097
40.072917002,-0.0630,1.0708,-0.2413,1.099
40.075321541,-0.0845,1.0785,-0.2236,1.105
40.077410233,-0.1115,1.0829,-0.2089,1.108
40.07990931,-0.1304,1.0838,-0.1954,1.109
40.082168695,-0.1499,1.0870,-0.1840,1.113
40.084721618,-0.1621,1.0813,-0.1719,1.107
40.087626771,-0.1688,1.0757,-0.1644,1.101
40.089366233,-0.1725,1.0676,-0.1586,1.093
40.091866848,-0.1655,1.0584,-0.1542,1.082
40.095687771,-0.1560,1.0499,-0.1519,1.072
40.096594156,-0.1423,1.0340,-0.1566,1.055
40.099042771,-0.1353,1.0166,-0.1568,1.038
40.101537925,-0.1223,1.0035,-0.1635,1.024
40.103883156,-0.1079,0.9888,-0.1749,1.010
40.106277002,-0.0954,0.9749,-0.1879,0.997
40.108742541,-0.0784,0.9602,-0.2096,0.986
40.116864618,-0.0510,0.9441,-0.2567,0.980
40.117403771,-0.0385,0.9336,-0.2648,0.971
40.117994541,-0.0337,0.9236,-0.2672,0.962
40.118770156,-0.0270,0.9155,-0.2785,0.957
40.132627464,-0.0204,0.9067,-0.2832,0.950
40.133536618,-0.0202,0.9038,-0.2763,0.945
40.133834464,-0.0207,0.8959,-0.2795,0.939
40.134010771,-0.0141,0.8952,-0.2888,0.941
40.134307387,-0.0127,0.8920,-0.3019,0.942
40.134468079,-0.0146,0.8964,-0.3117,0.949
40.13670931,-0.0114,0.9010,-0.3151,0.955
40.13938831,-0.0090,0.9059,-0.3107,0.958
40.14015331,-0.0109,0.9162,-0.3023,0.965
40.142340618,-0.0083,0.9272,-0.2961,0.973
40.144868079,-0.0067,0.9323,-0.2888,0.976
40.147270771,-0.0031,0.9382,-0.2812,0.979
40.149565618,0.0009,0.9441,-0.2721,0.983
40.153120002,0.0032,0.9504,-0.2643,0.986
40.154359387,0.0061,0.9555,-0.2614,0.991
40.157102464,0.0061,0.9595,-0.2639,0.995
40.159636387,0.0081,0.9599,-0.2678,0.997
40.161955464,0.0105,0.9604,-0.2744,0.999
40.164597541,0.0107,0.9648,-0.2783,1.004
40.166775771,0.0127,0.9626,-0.2868,1.005
40.170268002,0.0149,0.9607,-0.2932,1.005
40.171538771,0.0149,0.9527,-0.3012,0.999
40.173869925,0.0122,0.9502,-0.3044,0.998
40.176204925,0.0154,0.9448,-0.3083,0.994
40.17872531,0.0154,0.9385,-0.3103,0.989
40.181175387,0.0144,0.9299,-0.3132,0.981
40.183632925,0.0200,0.9252,-0.3179,0.978
40.18667731,0.0242,0.9196,-0.3196,0.974
40.188214848,0.0323,0.9140,-0.3168,0.968
40.190733002,0.0359,0.9075,-0.3154,0.961
40.193272925,0.0473,0.9008,-0.3122,0.955
40.195883079,0.0579,0.9006,-0.3112,0.955
40.19785631,0.0645,0.8977,-0.3112,0.952
40.200901618,0.0687,0.8930,-0.3093,0.947
40.203092695,0.0720,0.8920,-0.3075,0.946
40.205047771,0.0711,0.8952,-0.3030,0.948
40.207759771,0.0675,0.9026,-0.2974,0.953
40.210184079,0.0613,0.9035,-0.2861,0.950
40.216621848,0.0533,0.9091,-0.2719,0.950
40.217132387,0.0422,0.9164,-0.2583,0.953
40.217960695,0.0281,0.9194,-0.2387,0.950
40.227516079,0.0154,0.9301,-0.2299,0.958
40.228395695,-0.0031,0.9353,-0.2233,0.962
40.22869331,-0.0219,0.9450,-0.2203,0.971
40.228875079,-0.0372,0.9467,-0.2191,0.972
40.22904431,-0.0566,0.9536,-0.2189,0.980
40.23222531,-0.0764,0.9558,-0.2206,0.984
40.234847771,-0.0901,0.9597,-0.2245,0.990
40.236825002,-0.1006,0.9611,-0.2260,0.992
40.239131695,-0.1111,0.9639,-0.2282,0.997
40.241331695,-0.1199,0.9611,-0.2311,0.996
40.244410541,-0.1255,0.9541,-0.2455,0.993
40.246118771,-0.1280,0.9478,-0.2565,0.990
40.248603387,-0.1248,0.9406,-0.2658,0.985
40.25251331,-0.1164,0.9316,-0.2729,0.978
40.253313002,-0.1062,0.9218,-0.2807,0.969
40.25579331,-0.0947,0.9106,-0.2951,0.962
40.258229848,-0.0869,0.9079,-0.3014,0.961
40.261075156,-0.0781,0.9064,-0.3037,0.959
40.263176079,-0.0744,0.9033,-0.3010,0.955
40.265789541,-0.0710,0.9067,-0.2927,0.955
40.267992002,-0.0740,0.9169,-0.2921,0.965
40.270231695,-0.0847,0.9255,-0.2930,0.974
40.272824079,-0.0950,0.9375,-0.2905,0.986
40.275807079,-0.1113,0.9527,-0.2856,1.001
40.277950541,-0.1282,0.9678,-0.2792,1.015
40.280143464,-0.1436,0.9856,-0.2716,1.032
40.282323464,-0.1572,1.0000,-0.2629,1.046
40.285611464,-0.1697,1.0140,-0.2548,1.059
40.286971695,-0.1772,1.0266,-0.2499,1.071
40.289551771,-0.1793,1.0338,-0.2487,1.078
40.292147079,-0.1883,1.0406,-0.2469,1.086
40.294512387,-0.1898,1.0443,-0.2462,1.090
40.296661848,-0.1888,1.0445,-0.2441,1.089
40.299298156,-0.1819,1.0435,-0.2418,1.086
40.30602531,-0.1753,1.0373,-0.2372,1.078
40.306846541,-0.1646,1.0320,-0.2311,1.070
40.30710131,-0.1553,1.0177,-0.2313,1.055
40.308815079,-0.1448,1.0068,-0.2338,1.044
40.316291464,-0.1367,0.9961,-0.2374,1.033
40.316773541,-0.1289,0.9844,-0.2404,1.021
40.317255771,-0.1248,0.9719,-0.2431,1.010
40.324930156,-0.1184,0.9614,-0.2413,0.998
40.325472695,-0.1152,0.9539,-0.2421,0.991
40.325735387,-0.1111,0.9474,-0.2494,0.986
40.325991695,-0.1074,0.9460,-0.2663,0.989
40.32802431,-0.1052,0.9426,-0.2865,0.991
40.330630541,-0.0973,0.9460,-0.2978,0.997
40.333206464,-0.0905,0.9492,-0.3091,1.002
40.335677848,-0.0869,0.9548,-0.3217,1.011
40.337805848,-0.0845,0.9626,-0.3317,1.022
40.340043387,-0.0825,0.9688,-0.3369,1.029
40.342315771,-0.0796,0.9778,-0.3401,1.038
40.345508695,-0.0808,0.9844,-0.3359,1.043
40.347655771,-0.0766,0.9865,-0.3369,1.045
40.351284695,-0.0754,0.9883,-0.3417,1.048
40.352616387,-0.0781,0.9919,-0.3494,1.055
40.35477731,-0.0822,0.9942,-0.3594,1.060
40.357336387,-0.0845,0.9968,-0.3662,1.065
40.360752002,-0.0917,0.9968,-0.3760,1.069
40.362274848,-0.0928,0.9966,-0.3841,1.072
40.36462031,-0.0950,0.9934,-0.3843,1.069
40.368387771,-0.0977,0.9923,-0.3750,1.065
40.369531464,-0.0994,0.9863,-0.3631,1.056
40.371755695,-0.0959,0.9834,-0.3547,1.050
40.37414831,-0.0917,0.9783,-0.3459,1.042
40.37693631,-0.0905,0.9724,-0.3440,1.035
40.379002771,-0.0884,0.9670,-0.3405,1.029
40.381494156,-0.0847,0.9641,-0.3391,1.025
40.384764618,-0.0908,0.9619,-0.3391,1.024
40.386025618,-0.0917,0.9636,-0.3373,1.025
40.388400925,-0.0977,0.9641,-0.3352,1.025
40.391011387,-0.1001,0.9644,-0.3320,1.025
40.393480695,-0.1038,0.9675,-0.3291,1.027
40.395693618,-0.1079,0.9660,-0.3284,1.026
40.398207695,-0.1111,0.9616,-0.3335,1.024
40.40120031,-0.1123,0.9597,-0.3366,1.023
40.402828618,-0.1192,0.9629,-0.3342,1.026
40.405539464,-0.1243,0.9700,-0.3312,1.032
40.408648695,-0.1289,0.9776,-0.3271,1.039
40.410531387,-0.1343,0.9923,-0.3193,1.051
40.412582156,-0.1374,1.0022,-0.3095,1.058
40.41498531,-0.1387,1.0107,-0.3023,1.064
40.420697002,-0.1404,1.0122,-0.2956,1.064
40.421300618,-0.1450,1.0154,-0.2956,1.067
40.422226233,-0.1470,1.0171,-0.2930,1.069
40.430565848,-0.1551,1.0154,-0.2888,1.067
40.431075695,-0.1653,1.0152,-0.2907,1.069
40.431273925,-0.1753,1.0198,-0.2944,1.076
40.432443156,-0.1844,1.0230,-0.3005,1.082
40.439282541,-0.1966,1.0286,-0.2995,1.089
40.440134541,-0.2074,1.0333,-0.3002,1.096
40.440609541,-0.2200,1.0384,-0.2998,1.103
40.441303079,-0.2366,1.0445,-0.3044,1.113
40.443985618,-0.2562,1.0450,-0.3088,1.119
40.446180387,-0.2718,1.0479,-0.3147,1.127
40.449022541,-0.2860,1.0520,-0.3144,1.135
40.451484618,-0.2985,1.0538,-0.3135,1.139
40.453508079,-0.3058,1.0531,-0.3024,1.138
40.455937925,-0.3134,1.0562,-0.2927,1.140
40.459144002,-0.3095,1.0564,-0.2844,1.137
40.460980925,-0.3036,1.0582,-0.2785,1.136
40.463412079,-0.2934,1.0569,-0.2680,1.129
40.465684925,-0.2792,1.0557,-0.2595,1.122
40.468132079,-0.2564,1.0487,-0.2514,1.108
40.470803387,-0.2364,1.0420,-0.2490,1.097
40.473141541,-0.2159,1.0313,-0.2455,1.082
40.475452387,-0.1956,1.0193,-0.2462,1.067
40.477575464,-0.1758,1.0149,-0.2467,1.059
40.480335771,-0.1585,1.0100,-0.2553,1.054
40.483650464,-0.1465,1.0115,-0.2648,1.056
40.484902848,-0.1360,1.0186,-0.2695,1.062
40.487600618,-0.1285,1.0315,-0.2719,1.074
40.489828695,-0.1206,1.0520,-0.2688,1.093
40.492217848,-0.1162,1.0753,-0.2631,1.113
40.494464925,-0.1164,1.0995,-0.2490,1.133
40.497138233,-0.1182,1.1278,-0.2325,1.158
40.500202156,-0.1152,1.1561,-0.2248,1.183
40.501737233,-0.1113,1.1773,-0.2196,1.203
40.504255464,-0.1074,1.2048,-0.2096,1.228
40.506818464,-0.1015,1.2292,-0.1942,1.249
40.509209848,-0.0940,1.2581,-0.1766,1.274
40.511735156,-0.0845,1.2793,-0.1659,1.293
40.514145848,-0.0761,1.3012,-0.1441,1.311
40.52082031,-0.0869,1.3152,-0.1207,1.324
40.521739464,-0.0805,1.3391,-0.0818,1.344
40.522377925,-0.0710,1.3633,-0.0428,1.366
40.523758848,-0.0759,1.3814,-0.0222,1.384
40.53204431,-0.0917,1.4032,0.0048,1.406
40.533049618,-0.1171,1.4200,0.0361,1.425
40.533251079,-0.1446,1.4391,0.0796,1.449
40.533433618,-0.1741,1.4496,0.1192,1.465
40.537039464,-0.2142,1.4740,0.1826,1.501
40.537757002,-0.2533,1.5023,0.2391,1.542
40.540407156,-0.2914,1.5258,0.2946,1.581
40.542470541,-0.3253,1.5495,0.3293,1.617
40.54507331,-0.3571,1.5710,0.3656,1.652
40.54752031,-0.3817,1.5932,0.3935,1.685
40.549925233,-0.4018,1.6103,0.4141,1.711
40.552202771,-0.4162,1.6240,0.4265,1.730
40.554698541,-0.4245,1.6331,0.4409,1.744
40.557491464,-0.4269,1.6418,0.4570,1.757
40.559603079,-0.4243,1.6443,0.4798,1.765
40.562153233,-0.4194,1.6438,0.4927,1.767
40.564733618,-0.3996,1.6306,0.4895,1.749
40.566766848,-0.3761,1.6157,0.4781,1.726
40.569121233,-0.3451,1.5884,0.4380,1.683
40.571614464,-0.3195,1.5570,0.3857,1.636
40.574282848,-0.2934,1.5229,0.3386,1.587
40.576330156,-0.2699,1.4864,0.2848,1.537
40.579302771,-0.2477,1.4454,0.2191,1.483
40.581354848,-0.2247,1.4114,0.1333,1.435
40.583698771,-0.2044,1.3734,0.0346,1.389
40.586053002,-0.1976,1.3371,-0.0713,1.354
40.588464695,-0.1802,1.3056,-0.1607,1.328
40.591703464,-0.1099,1.2730,-0.2478,1.301
40.593195079,-0.0659,1.2409,-0.3386,1.288
40.595684695,-0.0349,1.2094,-0.4085,1.277
40.600303695,-0.0148,1.1786,-0.4535,1.263
40.601015387,0.0030,1.1519,-0.4891,1.251
40.602894464,0.0215,1.1283,-0.5206,1.243
40.605351771,0.0359,1.1002,-0.5443,1.228
40.60805331,0.0491,1.0765,-0.5543,1.212
40.610049848,0.0571,1.0577,-0.5521,1.194
40.612617925,0.0613,1.0459,-0.5527,1.185
40.616667771,0.0545,1.0322,-0.5514,1.172
40.617722771,0.0408,1.0247,-0.5492,1.163
40.620112387,0.0235,1.0159,-0.5238,1.143
40.624577618,-0.0197,1.0056,-0.5353,1.139
40.625196002,-0.0732,0.9963,-0.5045,1.119
40.627367464,-0.1380,0.9970,-0.4160,1.089
40.629680387,-0.2140,1.0049,-0.3522,1.086
40.63239231,-0.2931,1.0184,-0.3181,1.106
40.634363387,-0.3684,1.0313,-0.3186,1.141
40.636729618,-0.4406,1.0366,-0.3232,1.172
40.640068002,-0.5000,1.0371,-0.3438,1.202
40.641544387,-0.5487,1.0273,-0.3904,1.228
40.643906541,-0.5625,0.9954,-0.4293,1.221
40.646507079,-0.5862,0.9732,-0.4801,1.233
40.649194771,-0.6276,0.9590,-0.5015,1.251
40.652102771,-0.6869,0.9455,-0.4989,1.271
40.654112618,-0.7409,0.9311,-0.4813,1.284
40.656691156,-0.8022,0.9145,-0.4490,1.297
40.658416002,-0.8636,0.9026,-0.4167,1.317
40.660949002,-0.9547,0.8959,-0.3921,1.367
40.663323156,-1.0512,0.8828,-0.3471,1.416
40.665647156,-1.1271,0.8640,-0.2819,1.448
40.668620695,-1.1883,0.8486,-0.2071,1.475
40.671123695,-1.2320,0.8241,-0.1446,1.489
40.674669541,-1.2608,0.7985,-0.0877,1.495
40.676073541,-1.2808,0.7680,-0.0424,1.494
40.677880387,-1.2818,0.7317,0.0039,1.476
40.680981541,-1.2606,0.6973,0.0272,1.441
40.682844925,-1.2520,0.6648,0.0966,1.421
40.68483331,-1.2413,0.6411,0.0825,1.400
40.687418464,-1.1970,0.5805,0.0146,1.330
40.690102771,-1.1602,0.5276,-0.0026,1.275
40.692193002,-1.1213,0.4780,-0.0146,1.219
40.694708925,-1.0852,0.4298,-0.0227,1.167
40.698356925,-1.0488,0.3816,-0.0359,1.117
40.699679771,-1.0125,0.3336,-0.0469,1.067
40.701931464,-0.9808,0.2942,-0.0557,1.025
40.705118771,-0.9417,0.2593,-0.0538,0.978
40.707058464,-0.9107,0.2341,-0.0620,0.942
40.709705002,-0.8770,0.2182,-0.0650,0.906
40.711782541,-0.8406,0.2087,-0.0589,0.868
40.719536925,-0.8068,0.2067,-0.0550,0.835
40.720503079,-0.7695,0.2118,-0.0471,0.800
40.720784618,-0.7341,0.2221,-0.0347,0.768
40.721277541,-0.7013,0.2297,-0.0254,0.738
40.730128618,-0.6630,0.2468,-0.0149,0.708
40.730704695,-0.6307,0.2583,-0.0105,0.682
40.730882156,-0.5941,0.2700,-0.0056,0.653
40.731186233,-0.5638,0.2912,-0.0046,0.635
40.734024925,-0.5266,0.3040,0.0241,0.609
40.735556695,-0.4856,0.3166,0.0432,0.581
40.739234464,-0.4380,0.3135,0.0581,0.542
40.740222771,-0.3847,0.3130,0.0708,0.501
40.742993618,-0.3270,0.3130,0.0847,0.461
40.745432002,-0.2869,0.3138,0.0966,0.436
40.748215387,-0.2645,0.3228,0.0810,0.425
40.75016431,-0.2377,0.3247,0.0547,0.406
40.752599079,-0.2442,0.3582,0.0996,0.445
40.755696387,-0.2543,0.3975,0.1285,0.489
40.757505848,-0.3170,0.4828,0.1546,0.598
40.759942464,-0.3097,0.4869,0.1521,0.597
40.762258464,-0.3016,0.4796,0.1316,0.582
40.76466531,-0.2899,0.4722,0.1035,0.564
40.767165848,-0.2843,0.4718,0.0779,0.556
40.769563771,-0.2652,0.4615,0.0671,0.537
40.772145618,-0.2499,0.4430,0.0500,0.511
40.774196387,-0.2271,0.4286,0.0258,0.486
40.777240618,-0.2175,0.4244,0.0143,0.477
40.77954031,-0.2303,0.4415,0.0180,0.498
40.781742233,-0.2188,0.4344,0.0229,0.487
40.784567079,-0.2017,0.4261,0.0165,0.472
40.786661925,-0.1846,0.4200,0.0129,0.459
40.789076695,-0.1772,0.4239,0.0148,0.460
40.79245331,-0.1793,0.4381,0.0324,0.474
40.794134464,-0.1707,0.4491,0.0414,0.482
40.797103771,-0.1546,0.4491,0.0412,0.477
40.798282541,-0.1446,0.4559,0.0351,0.480
40.801056079,-0.1326,0.4596,0.0283,0.479
40.803305233,-0.1240,0.4652,0.0281,0.482
40.805774233,-0.1233,0.4735,0.0251,0.490
40.80913731,-0.1392,0.4864,0.0121,0.506
40.810726464,-0.1502,0.4924,-0.0032,0.515
40.817861541,-0.1534,0.4904,-0.0163,0.514
40.818611156,-0.1819,0.5114,-0.0176,0.543
40.819030541,-0.2193,0.5437,-0.0276,0.587
40.829041002,-0.2384,0.5507,-0.0493,0.602
40.830031387,-0.2501,0.5581,-0.0745,0.616
40.830323771,-0.2729,0.5724,-0.0948,0.641
40.830712002,-0.2873,0.5879,-0.1129,0.664
40.830909848,-0.2902,0.5949,-0.1324,0.675
40.832627695,-0.3004,0.6005,-0.1449,0.687
40.834362464,-0.3139,0.6155,-0.1579,0.709
40.837192387,-0.3067,0.6150,-0.1774,0.710
40.839222156,-0.3036,0.6182,-0.1856,0.713
40.841859156,-0.2941,0.6159,-0.1898,0.708
40.844431387,-0.2916,0.6267,-0.1861,0.716
40.846814848,-0.2874,0.6338,-0.1798,0.719
40.849115079,-0.2755,0.6338,-0.1717,0.712
40.851693618,-0.2457,0.6264,-0.1732,0.695
40.854784002,-0.2447,0.6385,-0.1556,0.701
40.856167079,-0.2161,0.6385,-0.1509,0.691
40.858934848,-0.2010,0.6480,-0.1360,0.692
40.861157618,-0.1732,0.6485,-0.1346,0.685
40.863715771,-0.1636,0.6687,-0.1190,0.699
40.866101925,-0.1504,0.6804,-0.1092,0.705
40.868578156,-0.1467,0.6921,-0.1094,0.716
40.871537618,-0.1318,0.7000,-0.1097,0.721
40.873162156,-0.1320,0.7179,-0.1058,0.738
40.875631387,-0.1260,0.7335,-0.1109,0.752
40.878134541,-0.1167,0.7459,-0.1202,0.765
40.880772618,-0.1059,0.7577,-0.1324,0.776
40.882947387,-0.0994,0.7718,-0.1432,0.791
40.88544431,-0.0961,0.7845,-0.1558,0.806
40.887999387,-0.1028,0.7953,-0.1610,0.818
40.890138464,-0.1145,0.8055,-0.1693,0.831
40.892607079,-0.1152,0.8221,-0.1630,0.846
40.895991387,-0.1206,0.8370,-0.1542,0.860
40.897354541,-0.1255,0.8576,-0.1421,0.878
40.899781925,-0.1299,0.8789,-0.1253,0.897
40.902357002,-0.1362,0.9050,-0.1031,0.921
40.904720925,-0.1460,0.9292,-0.0845,0.944
40.907138771,-0.1562,0.9567,-0.0654,0.972
40.909940618,-0.1714,0.9830,-0.0481,0.999
40.917416079,-0.1893,1.0100,-0.0323,1.028
40.918253541,-0.2071,1.0394,-0.0195,1.060
40.918819079,-0.2301,1.0615,-0.0110,1.086
40.930937233,-0.2552,1.0848,-0.0061,1.114
40.931899771,-0.2838,1.1119,-0.0065,1.148
40.932272618,-0.3111,1.1374,-0.0093,1.179
40.93256831,-0.3395,1.1566,-0.0137,1.206
40.932860695,-0.3666,1.1833,-0.0186,1.239
40.933032002,-0.3994,1.2092,-0.0268,1.274
40.933568387,-0.4321,1.2387,-0.0359,1.312
40.93666531,-0.4673,1.2614,-0.0481,1.346
40.938225541,-0.5037,1.2910,-0.0579,1.387
40.940570848,-0.5333,1.3228,-0.0701,1.428
40.945926156,-0.5680,1.3526,-0.0840,1.469
40.946839464,-0.6009,1.3821,-0.0916,1.510
40.94840531,-0.6379,1.4168,-0.0980,1.557
40.950288618,-0.6759,1.4493,-0.1034,1.602
40.953547695,-0.7131,1.4808,-0.1109,1.647
40.955306771,-0.7463,1.5134,-0.1158,1.691
40.957484387,-0.7871,1.5453,-0.1165,1.738
40.960408925,-0.8289,1.5727,-0.1046,1.781
40.963197925,-0.8765,1.5993,-0.0782,1.825
40.965098233,-0.9207,1.6174,-0.0433,1.862
40.967257925,-0.9713,1.6257,-0.0070,1.894
40.970585541,-1.0170,1.6198,0.0281,1.913
40.971902233,-1.0575,1.6130,0.0421,1.929
40.974690156,-1.0930,1.5935,0.0346,1.933
40.976959387,-1.1191,1.5639,0.0195,1.923
40.980051156,-1.1250,1.5221,-0.0139,1.893
40.982018771,-1.1030,1.4637,-0.0533,1.833
40.984303387,-1.0661,1.4002,-0.0862,1.762
40.986742848,-1.0097,1.3313,-0.1267,1.676
40.989151464,-0.9579,1.2734,-0.1478,1.600
40.991436002,-0.8941,1.2164,-0.1409,1.516
40.995500002,-0.8254,1.1644,-0.1644,1.437
40.996629002,-0.7419,1.1090,-0.1982,1.349
40.998793002,-0.6615,1.0645,-0.2079,1.270
41.003679464,-0.5914,1.0322,-0.2213,1.210
41.004518464,-0.5235,1.0059,-0.2423,1.160
41.005838233,-0.4590,0.9805,-0.2618,1.114
41.00865331,-0.4050,0.9595,-0.2770,1.078
41.010926771,-0.3530,0.9448,-0.2890,1.049
41.016937618,-0.2958,0.9323,-0.2912,1.021
41.01756131,-0.2328,0.9218,-0.2974,0.996
41.018152079,-0.1704,0.9213,-0.3044,0.985
41.02907631,-0.1026,0.9269,-0.2988,0.979
41.030312002,-0.0414,0.9375,-0.2734,0.977
41.030526541,0.0170,0.9546,-0.2372,0.984
41.030879695,0.0694,0.9781,-0.1903,0.999
41.031066848,0.1176,1.0091,-0.1316,1.024
41.032552925,0.1526,1.0354,-0.0808,1.050
41.035556618,0.1849,1.0631,-0.0207,1.079
41.036981233,0.2103,1.0821,0.0507,1.104
41.039576079,0.2306,1.0953,0.1045,1.124
41.042048925,0.2345,1.1019,0.1516,1.137
41.044730464,0.2108,1.1083,0.1734,1.141
41.046645541,0.1719,1.1063,0.1656,1.132
41.049177618,0.1275,1.0951,0.1436,1.112
41.052378771,0.0696,1.0811,0.1243,1.090
41.054097618,-0.0004,1.0662,0.1055,1.071
41.056640925,-0.0752,1.0440,0.0644,1.049
41.059188002,-0.1597,1.0326,0.0449,1.046
41.061720387,-0.2361,1.0181,0.0281,1.045
41.063585848,-0.3029,1.0035,0.0244,1.048
41.066281848,-0.3527,0.9763,0.0058,1.038
41.069852925,-0.3835,0.9429,-0.0095,1.018
41.071266771,-0.4015,0.9140,-0.0132,0.998
41.073887695,-0.4036,0.8796,-0.0227,0.968
41.077973848,-0.4001,0.8419,-0.0276,0.933
41.080340695,-0.3852,0.8141,-0.0198,0.901
41.081302464,-0.3652,0.7877,-0.0098,0.868
41.084045002,-0.3476,0.7662,0.0070,0.841
41.086035079,-0.3302,0.7571,0.0227,0.826
41.087687079,-0.3116,0.7376,0.0363,0.802
41.090392079,-0.2906,0.7171,0.0576,0.776
41.092810848,-0.2816,0.6949,0.0532,0.752
41.095695464,-0.2716,0.6727,0.0493,0.727
41.097714464,-0.2601,0.6504,0.0488,0.702
41.100425618,-0.2522,0.6345,0.0522,0.685
41.103094848,-0.2482,0.6257,0.0442,0.675
41.104635771,-0.2457,0.6299,0.0029,0.676
41.107343156,-0.2430,0.6553,-0.0564,0.701
41.11565231,-0.2426,0.6995,-0.1309,0.752
41.116548079,-0.2330,0.7528,-0.2143,0.817
41.116950848,-0.2193,0.7992,-0.2981,0.881
41.11744431,-0.1875,0.8437,-0.3520,0.933
41.126508387,-0.1455,0.8824,-0.3833,0.973
41.127360002,-0.0837,0.9269,-0.3599,0.998
41.127956002,-0.0014,0.9790,-0.2514,1.011
41.12819231,0.1092,1.0613,-0.0310,1.067
41.12871331,0.2372,1.1659,0.2322,1.212
41.131947156,0.3726,1.2905,0.4299,1.410
41.133620079,0.4742,1.4393,0.5851,1.624
41.136134233,0.4994,1.6108,0.7832,1.859
41.139396618,0.4559,1.7860,0.8601,2.034
41.14088531,0.3880,1.9352,0.8005,2.130
41.143796002,0.3252,2.0540,0.6722,2.186
41.145567464,0.2670,2.1417,0.5533,2.228
41.148428002,0.2033,2.2091,0.4223,2.258
41.150673541,0.1554,2.2518,0.3476,2.284
41.15294031,0.1058,2.2563,0.2834,2.277
41.155283771,0.0603,2.2233,0.1973,2.233
41.158341618,0.0247,2.1654,0.1565,2.171
41.160875387,-0.0263,2.0833,0.1164,2.087
41.162578771,-0.0759,1.9714,0.0813,1.975
41.164928002,-0.1260,1.8351,0.0272,1.840
41.168297925,-0.1509,1.6924,-0.0288,1.699
41.169647156,-0.1578,1.5448,-0.0838,1.555
41.172381233,-0.1534,1.3946,-0.1617,1.412
41.174852079,-0.1421,1.2421,-0.2480,1.275
41.177185002,-0.1367,1.0811,-0.2814,1.125
41.179411079,-0.1233,0.9223,-0.3105,0.981
41.182153233,-0.1226,0.7894,-0.2841,0.848
41.185194541,-0.1387,0.6841,-0.2409,0.738
41.186783464,-0.1665,0.6084,-0.2292,0.671
41.18911331,-0.1988,0.5519,-0.2352,0.632
41.191930464,-0.2382,0.5111,-0.2380,0.612
41.194864002,-0.2736,0.4862,-0.2607,0.616
41.196537925,-0.3102,0.4713,-0.3179,0.648
41.198940925,-0.3407,0.4689,-0.3757,0.691
41.201944387,-0.3598,0.4771,-0.4153,0.728
41.203484925,-0.3708,0.4982,-0.4176,0.748
41.206273925,-0.3810,0.5321,-0.3929,0.763
41.208693233,-0.4043,0.5808,-0.3428,0.786
41.211003695,-0.4329,0.6494,-0.2844,0.831
41.213424618,-0.4886,0.7176,-0.2585,0.906
41.221561618,-0.5592,0.7924,-0.2313,0.997
41.222519464,-0.6265,0.8651,-0.1622,1.080
41.223011079,-0.7018,0.9341,-0.1324,1.176
41.223398464,-0.7539,1.0237,-0.0762,1.274
41.226052695,-0.8269,1.1046,-0.0885,1.383
41.230300925,-0.9235,1.1703,-0.1568,1.499
41.231096925,-1.0006,1.2160,-0.2050,1.588
41.232554156,-1.0537,1.2350,-0.2562,1.644
41.240150233,-1.0898,1.2326,-0.2934,1.671
41.241254771,-1.0856,1.2084,-0.3139,1.654
41.241583156,-1.0500,1.1615,-0.3291,1.600
41.243597233,-0.9794,1.1072,-0.3345,1.516
41.244390771,-0.8916,1.0477,-0.3324,1.415
41.247100079,-0.7893,0.9905,-0.3193,1.306
41.249782464,-0.6871,0.9416,-0.2942,1.202
41.252103695,-0.5831,0.8928,-0.2618,1.098
41.254401618,-0.4844,0.8549,-0.2233,1.008
41.25729731,-0.3862,0.8202,-0.1864,0.926
41.259362233,-0.2970,0.7926,-0.1539,0.860
41.261462848,-0.2188,0.7731,-0.1441,0.816
41.264049848,-0.1502,0.7652,-0.1486,0.794
41.267549618,-0.0917,0.7650,-0.1607,0.787
41.268778848,-0.0405,0.7738,-0.1793,0.795
41.271064925,-0.0014,0.7911,-0.2057,0.817
41.273673618,0.0308,0.8192,-0.2255,0.850
41.276085233,0.0510,0.8532,-0.2453,0.889
41.278388387,0.0662,0.8996,-0.2641,0.940
41.281438541,0.0918,0.9355,-0.3035,0.988
41.284385541,0.1190,0.9665,-0.3219,1.026
41.285657002,0.1285,1.0024,-0.3315,1.064
41.288205541,0.1363,1.0317,-0.3479,1.097
41.29071731,0.1409,1.0615,-0.3601,1.130
41.293223464,0.1481,1.0816,-0.3711,1.153
41.295479464,0.1568,1.1078,-0.3631,1.176
41.297960925,0.1570,1.1298,-0.3342,1.189
41.300713925,0.1490,1.1488,-0.3230,1.203
41.302475156,0.1385,1.1686,-0.3154,1.218
41.304964079,0.1202,1.1796,-0.3005,1.223
41.308837541,0.1021,1.1920,-0.2741,1.227
41.309650464,0.0829,1.2006,-0.2445,1.228
41.311982541,0.0547,1.2008,-0.2220,1.222
41.314474464,0.0259,1.1991,-0.2175,1.219
41.322218156,-0.0070,1.1894,-0.2098,1.208
41.323186541,-0.0372,1.1798,-0.2052,1.198
41.323612002,-0.0776,1.1705,-0.2091,1.192
41.324255156,-0.1177,1.1674,-0.2122,1.192
41.335155079,-0.1521,1.1586,-0.2113,1.187
41.335763772,-0.1748,1.1500,-0.2098,1.182
41.335964695,-0.1895,1.1374,-0.2128,1.172
41.336154848,-0.2051,1.1212,-0.2184,1.161
41.336574464,-0.2135,1.1043,-0.2238,1.147
41.339327772,-0.2205,1.0892,-0.2274,1.134
41.341612079,-0.2273,1.0736,-0.2343,1.122
41.343576618,-0.2328,1.0552,-0.2377,1.106
41.345799772,-0.2364,1.0389,-0.2436,1.093
41.348642464,-0.2442,1.0233,-0.2516,1.082
41.350699772,-0.2477,1.0042,-0.2595,1.066
41.353116695,-0.2528,0.9812,-0.2658,1.048
41.355728002,-0.2555,0.9578,-0.2651,1.026
41.358493618,-0.2435,0.9345,-0.2609,1.000
41.360289541,-0.2264,0.9091,-0.2665,0.974
41.362707156,-0.2005,0.8845,-0.2758,0.948
41.365314772,-0.1719,0.8644,-0.2741,0.923
41.367875464,-0.1360,0.8430,-0.2883,0.901
41.370034848,-0.0908,0.8190,-0.3007,0.877
41.37270031,-0.0456,0.8039,-0.3023,0.860
41.375449618,-0.0043,0.7967,-0.3010,0.852
41.377337233,0.0324,0.7960,-0.3000,0.851
41.37989231,0.0643,0.7946,-0.2988,0.851
41.382044925,0.0833,0.8060,-0.2726,0.855
41.384512925,0.0962,0.8236,-0.2441,0.864
41.387068695,0.0980,0.8463,-0.2282,0.882
41.389381618,0.0948,0.8696,-0.2189,0.902
41.391788002,0.0899,0.8945,-0.2115,0.924
41.39425331,0.0857,0.9128,-0.2208,0.943
41.396716618,0.0825,0.9316,-0.2292,0.963
41.399775464,0.0733,0.9595,-0.2203,0.987
41.401488002,0.0711,0.9868,-0.2276,1.015
41.404330848,0.0728,1.0035,-0.2411,1.035
41.406321541,0.0764,1.0117,-0.2634,1.048
41.408919079,0.0818,1.0164,-0.2849,1.059
41.411169233,0.0923,1.0210,-0.2970,1.067
41.413589848,0.1034,1.0224,-0.3051,1.072
41.422326156,0.1183,1.0279,-0.3086,1.080
41.423092079,0.1346,1.0252,-0.3154,1.081
41.423364618,0.1549,1.0181,-0.3244,1.080
41.423603079,0.1759,1.0105,-0.3207,1.075
41.434368079,0.1920,1.0047,-0.3163,1.071
41.434978464,0.2135,0.9983,-0.3110,1.067
41.435168618,0.2267,0.9868,-0.3063,1.058
41.435592695,0.2389,0.9776,-0.3056,1.052
41.435870541,0.2441,0.9663,-0.3070,1.043
41.438439464,0.2438,0.9619,-0.3042,1.038
41.440577618,0.2353,0.9534,-0.3032,1.028
41.442281233,0.2276,0.9480,-0.2978,1.019
41.444736618,0.2152,0.9446,-0.2876,1.011
41.447317618,0.1952,0.9409,-0.2765,1.000
41.449301002,0.1777,0.9399,-0.2627,0.992
41.452084695,0.1579,0.9336,-0.2511,0.980
41.454303772,0.1314,0.9331,-0.2421,0.973
41.457200002,0.1053,0.9357,-0.2341,0.970
41.459253541,0.0796,0.9365,-0.2276,0.967
41.461597925,0.0545,0.9365,-0.2182,0.963
41.46409331,0.0328,0.9402,-0.2106,0.964
41.466708387,0.0102,0.9450,-0.2094,0.968
41.468806464,-0.0104,0.9450,-0.2077,0.968
41.471659387,-0.0276,0.9483,-0.2057,0.971
41.474830772,-0.0498,0.9567,-0.1954,0.978
41.476160925,-0.0656,0.9634,-0.1820,0.983
41.478784387,-0.0852,0.9716,-0.1788,0.992
41.482006541,-0.1045,0.9785,-0.1903,1.002
41.483305541,-0.1233,0.9868,-0.2010,1.015
41.485917233,-0.1467,0.9932,-0.2047,1.025
41.488381541,-0.1704,0.9963,-0.2079,1.032
41.490740618,-0.1907,0.9993,-0.2082,1.038
41.493255079,-0.2122,1.0042,-0.2059,1.047
41.495704002,-0.2335,1.0054,-0.1971,1.051
41.498756925,-0.2489,1.0073,-0.1849,1.054
41.500239695,-0.2645,1.0047,-0.1740,1.053
41.502612695,-0.2753,1.0035,-0.1642,1.053
41.505115772,-0.2801,0.9970,-0.1656,1.049
41.507656002,-0.2894,0.9923,-0.1833,1.050
41.509892618,-0.2892,0.9874,-0.1979,1.048
41.512861618,-0.2857,0.9770,-0.2028,1.038
41.519419079,-0.2799,0.9663,-0.2017,1.026
41.520473541,-0.2696,0.9572,-0.2089,1.016
41.521043387,-0.2533,0.9478,-0.2228,1.006
41.522885925,-0.2364,0.9353,-0.2374,0.994
41.53092031,-0.2173,0.9236,-0.2467,0.980
41.531820079,-0.2010,0.9143,-0.2472,0.968
41.531965541,-0.1856,0.9101,-0.2413,0.960
41.532113618,-0.1741,0.9052,-0.2329,0.951
41.533785541,-0.1634,0.9067,-0.2264,0.949
41.536689925,-0.1585,0.9082,-0.2199,0.948
41.543173002,-0.1590,0.9103,-0.2171,0.949
41.543573618,-0.1570,0.9160,-0.2126,0.953
41.543820387,-0.1514,0.9182,-0.2087,0.954
41.547688002,-0.1465,0.9201,-0.2066,0.954
41.548511695,-0.1373,0.9264,-0.2047,0.959
41.550608695,-0.1250,0.9294,-0.2054,0.960
41.553359079,-0.1057,0.9338,-0.2077,0.962
41.555888002,-0.0933,0.9353,-0.2087,0.963
41.557928387,-0.0749,0.9365,-0.2118,0.963
41.560302156,-0.0574,0.9385,-0.2175,0.965
41.563525925,-0.0453,0.9392,-0.2152,0.965
41.566254772,-0.0239,0.9375,-0.2126,0.962
41.567809848,-0.0102,0.9378,-0.2110,0.961
41.570385925,0.0049,0.9385,-0.2189,0.964
41.572668002,0.0173,0.9436,-0.2338,0.972
41.574928618,0.0284,0.9478,-0.2509,0.981
41.577725541,0.0440,0.9536,-0.2653,0.991
41.579690541,0.0538,0.9656,-0.2672,1.003
41.58207331,0.0643,0.9749,-0.2709,1.014
41.584797002,0.0671,0.9830,-0.2707,1.022
41.586995156,0.0713,0.9993,-0.2704,1.038
41.589446541,0.0708,1.0068,-0.2699,1.045
41.592110464,0.0724,1.0137,-0.2723,1.052
41.594381233,0.0669,1.0223,-0.2729,1.060
41.597653925,0.0633,1.0281,-0.2709,1.065
41.598896002,0.0550,1.0357,-0.2736,1.073
41.601431464,0.0447,1.0396,-0.2692,1.075
41.603867387,0.0356,1.0459,-0.2565,1.078
41.606420695,0.0247,1.0459,-0.2429,1.074
41.608748002,0.0139,1.0496,-0.2248,1.073
41.611079772,0.0098,1.0496,-0.2189,1.072
41.617541233,0.0042,1.0471,-0.2255,1.071
41.618301002,0.0039,1.0433,-0.2289,1.068
41.618729233,0.0049,1.0431,-0.2343,1.069
41.620693541,0.0049,1.0386,-0.2406,1.066
41.626196618,0.0095,1.0345,-0.2506,1.064
41.626555156,0.0119,1.0320,-0.2580,1.064
41.628370848,0.0132,1.0269,-0.2578,1.059
41.634517002,0.0176,1.0224,-0.2560,1.054
41.635318772,0.0203,1.0159,-0.2541,1.047
41.635719695,0.0228,1.0122,-0.2492,1.043
41.638407387,0.0228,1.0066,-0.2406,1.035
41.639887464,0.0222,0.9979,-0.2331,1.025
41.642301002,0.0247,0.9902,-0.2196,1.015
41.645861925,0.0235,0.9832,-0.2120,1.006
41.647767772,0.0239,0.9770,-0.2054,0.999
41.64967731,0.0281,0.9702,-0.2045,0.992
41.652745618,0.0308,0.9663,-0.2094,0.989
41.655146848,0.0389,0.9646,-0.2164,0.989
41.65712131,0.0435,0.9683,-0.2269,0.995
41.659492387,0.0424,0.9781,-0.2336,1.006
41.661767156,0.0440,0.9858,-0.2374,1.015
41.664644618,0.0452,1.0005,-0.2469,1.032
41.667279772,0.0473,1.0152,-0.2616,1.049
41.669428387,0.0517,1.0308,-0.2812,1.070
41.673440618,0.0591,1.0469,-0.2883,1.088
41.674650156,0.0626,1.0674,-0.2816,1.106
41.676185002,0.0626,1.0916,-0.2726,1.127
41.678653002,0.0610,1.1200,-0.2574,1.151
41.68098031,0.0520,1.1571,-0.2411,1.183
41.683473925,0.0410,1.1922,-0.2301,1.215
41.685782772,0.0225,1.2380,-0.2480,1.263
41.688518233,0.0026,1.2781,-0.2643,1.305
41.690717848,-0.0165,1.3240,-0.2807,1.354
41.693100002,-0.0385,1.3655,-0.2976,1.398
41.695537002,-0.0542,1.4088,-0.3105,1.444
41.697900925,-0.0649,1.4568,-0.3061,1.490
41.700205848,-0.0615,1.5053,-0.2829,1.533
41.703005233,-0.0546,1.5549,-0.2531,1.576
41.706011464,-0.0549,1.6028,-0.2128,1.618
41.707598848,-0.0568,1.6425,-0.1539,1.651
41.710030848,-0.0691,1.6795,-0.0901,1.683
41.717431156,-0.0849,1.7146,-0.0227,1.717
41.718401002,-0.1091,1.7445,0.0466,1.749
41.718924695,-0.1446,1.7708,0.1136,1.780
41.719522233,-0.1873,1.7913,0.1683,1.809
41.726289002,-0.2357,1.8065,0.2135,1.834
41.726714156,-0.2801,1.8143,0.2531,1.853
41.727075464,-0.3237,1.8207,0.2775,1.870
41.734754848,-0.3623,1.8195,0.2778,1.876
41.73528831,-0.4050,1.8190,0.2706,1.883
41.735843156,-0.4406,1.8155,0.2811,1.889
41.736586772,-0.4732,1.8085,0.3129,1.895
41.739104387,-0.4954,1.8078,0.3547,1.908
41.74123231,-0.5115,1.7987,0.4167,1.916
41.744665618,-0.5166,1.7818,0.4893,1.919
41.746282848,-0.5100,1.7642,0.5455,1.916
41.748713002,-0.4922,1.7442,0.5802,1.903
41.751381541,-0.4741,1.7200,0.6014,1.883
41.754719464,-0.4592,1.6978,0.6068,1.861
41.756253233,-0.4539,1.6743,0.6024,1.836
41.758333848,-0.4558,1.6538,0.5897,1.814
41.760840925,-0.4663,1.6382,0.5701,1.796
41.763187387,-0.4793,1.6243,0.5352,1.776
41.765607772,-0.4875,1.6069,0.4963,1.751
41.768459772,-0.4986,1.5871,0.4404,1.721
41.771176618,-0.5042,1.5665,0.3715,1.687
41.772847387,-0.5010,1.5456,0.2841,1.649
41.775613002,-0.4951,1.5182,0.1930,1.608
41.778030772,-0.4751,1.4806,0.1006,1.558
41.780317002,-0.4374,1.4393,-0.0024,1.504
41.782459387,-0.3950,1.3902,-0.1097,1.449
41.78494931,-0.3412,1.3438,-0.2091,1.402
41.78810831,-0.2873,1.2891,-0.2939,1.353
41.78964131,-0.2279,1.2321,-0.3708,1.307
41.792461541,-0.1712,1.1713,-0.4373,1.262
41.79762531,-0.1226,1.1097,-0.5025,1.224
41.79829631,-0.0820,1.0533,-0.5253,1.180
41.799413002,-0.0537,1.0035,-0.5446,1.143
41.801753002,-0.0346,0.9599,-0.5676,1.116
41.804903772,-0.0341,0.9245,-0.5700,1.087
41.806399387,-0.0446,0.8925,-0.5504,1.050
41.809198848,-0.0663,0.8728,-0.5406,1.029
41.816759387,-0.0938,0.8402,-0.5301,0.998
41.81788931,-0.1201,0.8202,-0.4810,0.958
41.818146233,-0.1543,0.8014,-0.4676,0.941
41.818828695,-0.1976,0.7769,-0.4507,0.920
41.826405618,-0.2398,0.7613,-0.4290,0.906
41.827270848,-0.2723,0.7364,-0.4051,0.884
41.827554848,-0.3048,0.7203,-0.4074,0.882
41.828248079,-0.3285,0.7034,-0.4141,0.880
41.830366772,-0.3398,0.6924,-0.4146,0.876
41.83344031,-0.3515,0.6895,-0.4160,0.879
41.83564031,-0.3554,0.6623,-0.4234,0.863
41.837815156,-0.4036,0.6529,-0.4185,0.874
41.840291464,-0.4705,0.6431,-0.3953,0.889
41.842722464,-0.5608,0.6441,-0.3450,0.921
41.84527331,-0.6757,0.6487,-0.2895,0.980
41.847302464,-0.7961,0.6626,-0.2443,1.064
41.850197541,-0.8956,0.6765,-0.2122,1.142
41.853102156,-0.9779,0.6849,-0.1886,1.209
41.854612002,-1.0348,0.6939,-0.1732,1.258
41.857086772,-1.0940,0.6983,-0.1542,1.307
41.85951331,-1.1377,0.7014,-0.1309,1.343
41.862311772,-1.1711,0.6912,-0.1275,1.366
41.864297541,-1.1983,0.6746,-0.1211,1.380
41.86689731,-1.2173,0.6523,-0.1146,1.386
41.870070772,-1.2268,0.6282,-0.1046,1.382
41.871671464,-1.2266,0.5957,-0.0892,1.367
41.874851387,-1.2166,0.5627,-0.0706,1.342
41.876930848,-1.1956,0.5434,-0.0613,1.315
41.879858464,-1.1653,0.5190,-0.0377,1.276
41.88128431,-1.1152,0.4820,-0.0090,1.215
41.884809925,-1.0400,0.4445,0.0055,1.131
41.886175387,-0.9559,0.4161,0.0075,1.043
41.888556925,-0.8594,0.3932,0.0244,0.945
41.891302541,-0.7742,0.3816,0.0395,0.864
41.893430464,-0.6908,0.3758,0.0588,0.789
41.895812387,-0.6176,0.3724,0.0828,0.726
41.898807387,-0.5538,0.3748,0.1169,0.679
41.901163695,-0.4900,0.3774,0.1541,0.637
41.903809618,-0.4206,0.3802,0.1949,0.600
41.905335387,-0.3630,0.3799,0.2237,0.571
41.908117925,-0.3085,0.3829,0.2447,0.549
41.911257925,-0.2515,0.3834,0.2604,0.527
41.912742464,-0.2047,0.3867,0.2713,0.515
41.915056079,-0.1599,0.3897,0.2780,0.505
41.917628618,-0.1220,0.3975,0.2829,0.503
41.924202848,-0.0938,0.4056,0.2878,0.506
41.925155772,-0.0732,0.4142,0.2853,0.508
41.925435387,-0.0605,0.4259,0.2826,0.515
41.93742531,-0.0581,0.4393,0.2750,0.522
41.938829541,-0.0542,0.4530,0.2501,0.520
41.939243695,-0.0546,0.4618,0.2005,0.506
41.939596695,-0.0635,0.4762,0.2012,0.521
41.939908925,-0.0864,0.5021,0.2147,0.553
41.940207387,-0.1255,0.5316,0.2233,0.590
41.941658464,-0.1453,0.5441,0.2051,0.599
41.944787079,-0.1719,0.5658,0.1910,0.621
41.946213002,-0.1983,0.5891,0.2074,0.655
41.948749925,-0.2242,0.6091,0.2007,0.679
41.952284387,-0.2438,0.6240,0.1886,0.696
41.953553618,-0.2576,0.6336,0.1781,0.707
41.955925848,-0.2713,0.6525,0.1678,0.726
41.958865848,-0.2887,0.6697,0.1627,0.747
41.961276079,-0.3026,0.6816,0.1509,0.761
41.963349233,-0.3060,0.6858,0.1378,0.764
41.965819772,-0.3124,0.6885,0.1321,0.767
41.96904031,-0.3176,0.6914,0.1143,0.769
41.970698772,-0.3234,0.6863,0.0996,0.765
41.973291695,-0.3288,0.6807,0.0957,0.762
41.97541631,-0.3321,0.6746,0.0852,0.757
41.977885618,-0.3339,0.6646,0.0747,0.747
41.981171387,-0.3272,0.6455,0.0624,0.726
41.983319079,-0.3285,0.6401,0.0612,0.722
41.985724695,-0.3486,0.6504,0.0681,0.741
41.987475464,-0.3432,0.6406,0.0647,0.730
41.990018156,-0.3437,0.6355,0.0619,0.725
41.992374156,-0.3430,0.6338,0.0642,0.723
41.994953002,-0.3365,0.6257,0.0598,0.713
41.997204387,-0.3307,0.6196,0.0527,0.704
41.999677925,-0.3234,0.6094,0.0551,0.692
42.002056618,-0.3185,0.6086,0.0483,0.689
42.004367156,-0.3063,0.6042,0.0407,0.679
42.00676431,-0.2970,0.6013,0.0390,0.672
42.010207464,-0.2918,0.6003,0.0370,0.669
42.011744002,-0.2848,0.6089,0.0324,0.673
42.013995156,-0.2753,0.6138,0.0281,0.673
42.016857541,-0.2662,0.6220,0.0319,0.677
42.024407079,-0.2503,0.6231,0.0234,0.672
42.025303772,-0.2357,0.6308,0.0178,0.674
42.025564925,-0.2191,0.6404,0.0151,0.677
42.025940695,-0.1976,0.6450,0.0050,0.675
42.037178772,-0.1793,0.6558,-0.0056,0.680
42.038248079,-0.1632,0.6658,-0.0146,0.686
42.03844931,-0.1448,0.6785,-0.0188,0.694
42.038709925,-0.1269,0.6973,-0.0286,0.709
42.038872925,-0.1128,0.7130,-0.0317,0.723
42.041799772,-0.0938,0.7305,-0.0379,0.737
42.044168079,-0.0796,0.7510,-0.0473,0.757
42.045058848,-0.0712,0.7696,-0.0554,0.775
42.047751387,-0.0691,0.7882,-0.0642,0.794
42.051617618,-0.0673,0.8058,-0.0743,0.812
42.052744618,-0.0691,0.8183,-0.0823,0.825
42.055333618,-0.0719,0.8316,-0.0920,0.840
42.057557925,-0.0871,0.8458,-0.0955,0.856
42.059958464,-0.0996,0.8630,-0.0867,0.873
42.061982233,-0.1035,0.8808,-0.0696,0.890
42.064583079,-0.1089,0.8969,-0.0545,0.905
42.067194464,-0.1152,0.9192,-0.0400,0.927
42.069814848,-0.1218,0.9404,-0.0244,0.949
42.071960618,-0.1275,0.9614,-0.0142,0.970
42.074314848,-0.1389,0.9842,0.0006,0.994
42.076744695,-0.1492,1.0051,0.0173,1.016
42.079129541,-0.1621,1.0284,0.0312,1.042
42.081766464,-0.1770,1.0464,0.0419,1.062
42.08504831,-0.1921,1.0674,0.0486,1.086
42.086178848,-0.2122,1.0816,0.0527,1.104
42.088572695,-0.2396,1.1023,0.0530,1.129
42.091471464,-0.2699,1.1197,0.0490,1.153
42.093633848,-0.3031,1.1383,0.0434,1.179
42.095871695,-0.3405,1.1535,0.0409,1.203
42.098714848,-0.3754,1.1649,0.0402,1.225
42.101062541,-0.4118,1.1798,0.0370,1.250
42.103079772,-0.4516,1.1933,0.0302,1.276
42.106366541,-0.4949,1.2099,0.0253,1.307
42.109719464,-0.5301,1.2245,0.0214,1.334
42.110974848,-0.5599,1.2311,0.0263,1.353
42.112926464,-0.5978,1.2448,0.0216,1.381
42.115744002,-0.6232,1.2488,0.0202,1.396
42.122449233,-0.6354,1.2392,0.0183,1.393
42.12336931,-0.6542,1.2480,0.0151,1.409
42.123854233,-0.6730,1.2495,0.0204,1.419
42.125172618,-0.6831,1.2421,0.0183,1.418
42.135990772,-0.6713,1.2260,-0.0007,1.398
42.136951464,-0.6449,1.2113,-0.0263,1.373
42.137479772,-0.6170,1.1850,-0.0466,1.337
42.137663695,-0.5834,1.1561,-0.0635,1.297
42.138069618,-0.5513,1.1330,-0.0782,1.262
42.140059156,-0.5273,1.1239,-0.0606,1.243
42.142811079,-0.5064,1.1165,-0.0559,1.227
42.14458831,-0.4947,1.1151,-0.0804,1.223
42.146374464,-0.4727,1.1041,-0.0989,1.205
42.150401618,-0.4553,1.1016,-0.1006,1.196
42.151712618,-0.4411,1.1043,-0.0901,1.193
42.154305618,-0.4329,1.1046,-0.0980,1.190
42.156459387,-0.4409,1.1270,-0.0836,1.213
42.158776695,-0.4572,1.1544,-0.0811,1.244
42.16098531,-0.4883,1.1866,-0.0561,1.284
42.163780695,-0.5091,1.2216,-0.0457,1.324
42.165970541,-0.5105,1.2551,-0.0486,1.356
42.168443772,-0.4983,1.2776,-0.0405,1.372
42.170862848,-0.4778,1.2883,-0.0520,1.375
42.173117618,-0.4509,1.2870,-0.0694,1.366
42.175629848,-0.4250,1.2881,-0.0918,1.359
42.178064079,-0.4080,1.2874,-0.1073,1.355
42.180476695,-0.3869,1.2807,-0.1109,1.342
42.183871772,-0.3705,1.2751,-0.1243,1.334
42.18520531,-0.3468,1.2672,-0.1519,1.323
42.187458464,-0.3393,1.2653,-0.1554,1.319
42.190145848,-0.3381,1.2653,-0.1532,1.319
42.192757002,-0.3442,1.2629,-0.1556,1.318
42.194981002,-0.3473,1.2578,-0.1673,1.316
42.197771464,-0.3495,1.2488,-0.1879,1.310
42.200253002,-0.3542,1.2397,-0.2150,1.307
42.201927079,-0.3503,1.2287,-0.2338,1.299
42.204424079,-0.3427,1.2148,-0.2494,1.287
42.207187079,-0.3324,1.1935,-0.2602,1.266
42.209715772,-0.3132,1.1654,-0.2665,1.236
42.211799772,-0.2890,1.1412,-0.2660,1.207
42.220660695,-0.2618,1.1090,-0.2567,1.168
42.221374464,-0.2325,1.0755,-0.2338,1.125
42.221829618,-0.2083,1.0386,-0.2138,1.081
42.222678156,-0.1851,1.0022,-0.1901,1.037
42.224170772,-0.1692,0.9678,-0.1683,0.997
42.23500131,-0.1560,0.9329,-0.1449,0.957
42.235665848,-0.1499,0.9050,-0.1263,0.926
42.235901848,-0.1369,0.8786,-0.1058,0.895
42.236105002,-0.1264,0.8547,-0.0936,0.869
42.236553233,-0.1299,0.8361,-0.0840,0.850
42.238367387,-0.1418,0.8175,-0.0767,0.833
42.24216931,-0.1660,0.8114,-0.0647,0.831
42.242957618,-0.1939,0.8072,-0.0687,0.833
42.245353002,-0.2268,0.8043,-0.0505,0.837
42.248127464,-0.2587,0.8065,-0.0591,0.849
42.25052931,-0.3016,0.8116,-0.0936,0.871
42.252628079,-0.3503,0.8175,-0.1106,0.896
42.255690848,-0.4013,0.8278,-0.1026,0.926
42.258626848,-0.4483,0.8353,-0.0980,0.953
42.259828925,-0.4844,0.8432,-0.0929,0.977
42.262885541,-0.5161,0.8451,-0.0920,0.995
42.26500831,-0.5396,0.8458,-0.0889,1.007
42.267234848,-0.5613,0.8432,-0.0880,1.017
42.269713848,-0.5726,0.8358,-0.0857,1.017
42.272308387,-0.5762,0.8258,-0.0815,1.010
42.274799387,-0.5816,0.8109,-0.0787,1.001
42.276771772,-0.5797,0.7929,-0.0787,0.985
42.279401848,-0.5738,0.7772,-0.0796,0.969
42.282801848,-0.5672,0.7564,-0.0823,0.949
42.283881618,-0.5623,0.7389,-0.0850,0.932
42.286439079,-0.5531,0.7228,-0.0864,0.914
42.289104695,-0.5345,0.7063,-0.0906,0.890
42.291395156,-0.5242,0.6837,-0.0982,0.867
42.293782541,-0.5115,0.6655,-0.1092,0.846
42.296981848,-0.4995,0.6502,-0.1207,0.829
42.299179464,-0.4863,0.6352,-0.1316,0.811
42.300878541,-0.4776,0.6245,-0.1351,0.798
42.303376387,-0.4702,0.6182,-0.1381,0.789
42.306632002,-0.4685,0.6166,-0.1493,0.789
42.308552695,-0.4660,0.6194,-0.1654,0.793
42.311109541,-0.4634,0.6201,-0.1847,0.796
42.313205618,-0.4634,0.6292,-0.1994,0.806
42.319792002,-0.4644,0.6385,-0.2133,0.818
42.320762848,-0.4646,0.6513,-0.2233,0.831
42.322038233,-0.4641,0.6597,-0.2292,0.839
42.323612079,-0.4707,0.6746,-0.2318,0.855
42.33337331,-0.4709,0.6893,-0.2323,0.867
42.334060618,-0.4781,0.7037,-0.2329,0.882
42.334281925,-0.4807,0.7198,-0.2329,0.896
42.334497541,-0.4854,0.7352,-0.2306,0.911
42.334980618,-0.4861,0.7454,-0.2233,0.917
42.337048618,-0.4900,0.7518,-0.2171,0.923
42.340178464,-0.4902,0.7603,-0.2103,0.929
42.341949618,-0.4866,0.7664,-0.2006,0.930
42.344288925,-0.4795,0.7694,-0.1856,0.925
42.346927156,-0.4749,0.7762,-0.1754,0.927
42.349120695,-0.4702,0.7833,-0.1663,0.929
42.351592695,-0.4697,0.7904,-0.1742,0.936
42.35416931,-0.4746,0.8102,-0.1935,0.959
42.356894233,-0.4788,0.8383,-0.2213,0.990
42.358682541,-0.4798,0.8696,-0.2465,1.023
42.361097002,-0.4695,0.8910,-0.2526,1.038
42.365280002,-0.4472,0.9038,-0.2341,1.035
42.366376925,-0.4080,0.9126,-0.1971,1.019
42.368641618,-0.3535,0.9280,-0.1703,1.008
42.371555695,-0.2899,0.9443,-0.1828,1.005
42.373444002,-0.2196,0.9778,-0.1852,1.019
42.375874156,-0.1458,1.0305,-0.1610,1.053
42.378070541,-0.0732,1.1034,-0.1229,1.113
42.381924925,-0.0131,1.1977,-0.0176,1.198
42.382985541,0.0337,1.3233,0.1180,1.329
42.385733848,0.0862,1.4718,0.2792,1.501
42.390092695,0.2296,1.6073,0.5306,1.708
42.390915079,0.4202,1.7491,0.8423,1.986
42.392570464,0.6431,1.8954,1.1611,2.314
42.394985541,0.8532,2.0354,1.2268,2.525
42.398334541,0.9440,2.2318,1.0302,2.633
42.399800695,0.9631,2.4121,0.5469,2.654
42.402312002,0.8900,2.6371,-0.3635,2.807
42.404726772,0.9697,2.7936,-1.0581,3.141
42.407260925,0.9523,2.8695,-1.2225,3.261
42.409622233,1.0884,2.8805,-1.0454,3.252
42.412370156,1.2008,2.7752,-0.7156,3.107
42.415083464,1.3056,2.5761,-0.2091,2.896
42.416884387,1.3699,2.3254,0.2604,2.711
42.419475464,1.3899,2.0266,0.5846,2.526
42.421629233,1.3364,1.7359,0.7658,2.321
42.428098541,1.2394,1.4726,0.8276,2.095
42.428552925,1.1111,1.2534,0.8154,1.863
42.428928618,0.9455,1.1055,0.7360,1.630
42.441053002,0.7388,0.9998,0.6198,1.389
42.441973002,0.5267,0.9084,0.6014,1.210
42.442368387,0.3105,0.8246,0.6987,1.125
42.442917541,0.0901,0.7545,0.6764,1.017
42.443130464,-0.1308,0.7024,0.6281,0.951
42.443353618,-0.3178,0.6732,0.4979,0.896
42.44565731,-0.4544,0.6531,0.3319,0.862
42.448526233,-0.5625,0.6360,0.1685,0.866
42.450480925,-0.6456,0.5986,0.0537,0.882
42.452855464,-0.6722,0.5485,-0.0134,0.868
42.45602531,-0.6967,0.5180,-0.1118,0.875
42.457605002,-0.7174,0.4864,-0.2355,0.898
42.460016925,-0.7383,0.4538,-0.3163,0.923
42.462605848,-0.7285,0.4398,-0.2634,0.891
42.464903387,-0.6943,0.4366,-0.2573,0.860
42.467732387,-0.6410,0.4496,-0.2587,0.825
42.470999387,-0.5631,0.4610,-0.2709,0.777
42.472892079,-0.4866,0.4747,-0.2834,0.736
42.474423695,-0.4416,0.5092,-0.2028,0.704
42.477300079,-0.4052,0.5598,-0.1517,0.708
42.480923772,-0.4177,0.6438,-0.0720,0.771
42.482233233,-0.4861,0.7237,-0.0445,0.873
42.484519387,-0.5662,0.8405,0.0640,1.015
42.488894772,-0.6032,0.9680,0.0060,1.141
42.489903772,-0.6577,1.0743,-0.1356,1.267
42.491899695,-0.6950,1.1524,-0.2853,1.376
42.494054848,-0.7145,1.2189,-0.4344,1.478
42.497409925,-0.7360,1.2553,-0.5672,1.562
42.498801848,-0.7524,1.2702,-0.6515,1.614
42.501229848,-0.7600,1.2578,-0.7258,1.639
42.503676618,-0.7621,1.2257,-0.7666,1.634
42.506459079,-0.7656,1.1866,-0.7624,1.605
42.509243387,-0.7727,1.1442,-0.6999,1.548
42.511085848,-0.7783,1.1002,-0.6000,1.475
42.517950541,-0.7839,1.0606,-0.4810,1.404
42.518756695,-0.7795,1.0230,-0.3452,1.332
42.519260079,-0.7529,0.9919,-0.2025,1.262
42.52074831,-0.7180,0.9680,-0.0645,1.207
42.527507079,-0.6779,0.9418,0.0525,1.162
42.527884387,-0.6363,0.9211,0.1357,1.128
42.528196618,-0.5885,0.8989,0.1732,1.088
42.535726772,-0.5396,0.8828,0.1778,1.050
42.536462541,-0.4912,0.8666,0.1634,1.009
42.536727464,-0.4411,0.8570,0.1350,0.973
42.537233002,-0.3957,0.8522,0.1064,0.946
42.539574464,-0.3574,0.8514,0.0744,0.926
42.542737925,-0.3241,0.8586,0.0400,0.919
42.544639695,-0.2938,0.8720,0.0124,0.920
42.555115156,-0.2701,0.8903,-0.0198,0.931
42.556553618,-0.2459,0.9099,-0.0594,0.944
42.557404695,-0.2247,0.9378,-0.0969,0.969
42.557908002,-0.2066,0.9644,-0.1416,0.996
42.558398772,-0.1898,1.0005,-0.1961,1.037
42.558989541,-0.1704,1.0338,-0.2472,1.077
42.561677541,-0.1478,1.0596,-0.3042,1.112
42.563687695,-0.1213,1.0831,-0.3503,1.145
42.567204387,-0.0938,1.1014,-0.3757,1.168
42.56844431,-0.0542,1.1209,-0.3946,1.190
42.571119387,-0.0219,1.1309,-0.4065,1.202
42.573354772,0.0151,1.1414,-0.4041,1.211
42.576240925,0.0571,1.1488,-0.3877,1.214
42.579446464,0.0985,1.1532,-0.3647,1.213
42.580723079,0.1395,1.1500,-0.3364,1.206
42.58312131,0.1740,1.1483,-0.3081,1.202
42.585775156,0.2069,1.1486,-0.2846,1.201
42.58822131,0.2336,1.1432,-0.2641,1.196
42.590388925,0.2531,1.1432,-0.2490,1.197
42.59263331,0.2646,1.1376,-0.2350,1.191
42.596006772,0.2697,1.1339,-0.2206,1.186
42.597322849,0.2683,1.1273,-0.2038,1.177
42.599953849,0.2521,1.1207,-0.1933,1.165
42.602338772,0.2226,1.1153,-0.1828,1.152
42.604801541,0.1864,1.1088,-0.1728,1.138
42.607181002,0.1434,1.1063,-0.1656,1.128
42.609732079,0.1009,1.1021,-0.1610,1.118
42.617224002,0.0571,1.1011,-0.1607,1.114
42.619815772,0.0127,1.0931,-0.1632,1.105
42.620441618,-0.0260,1.0892,-0.1670,1.102
42.620705618,-0.0626,1.0813,-0.1622,1.095
42.621451079,-0.0928,1.0757,-0.1524,1.090
42.624121849,-0.1211,1.0657,-0.1400,1.082
42.62671731,-0.1421,1.0571,-0.1307,1.075
42.628768618,-0.1595,1.0489,-0.1263,1.068
42.631022541,-0.1697,1.0410,-0.1219,1.062
42.633488387,-0.1753,1.0249,-0.1174,1.046
42.636986772,-0.1795,1.0147,-0.1197,1.037
42.638441618,-0.1721,1.0010,-0.1219,1.023
42.640746849,-0.1646,0.9863,-0.1251,1.008
42.643698849,-0.1526,0.9707,-0.1334,0.992
42.645919387,-0.1425,0.9516,-0.1421,0.973
42.647993002,-0.1326,0.9387,-0.1481,0.959
42.650648002,-0.1260,0.9269,-0.1581,0.949
42.653241849,-0.1243,0.9169,-0.1644,0.940
42.655257925,-0.1208,0.9087,-0.1707,0.932
42.657871464,-0.1180,0.9026,-0.1747,0.927
42.66020831,-0.1147,0.9001,-0.1735,0.924
42.662804925,-0.1111,0.8959,-0.1691,0.918
42.665173925,-0.1059,0.8933,-0.1632,0.914
42.667601233,-0.1040,0.8891,-0.1554,0.909
42.670718156,-0.1015,0.8894,-0.1437,0.907
42.672243464,-0.0989,0.8886,-0.1334,0.904
42.674712925,-0.0886,0.8910,-0.1263,0.904
42.678903464,-0.0789,0.8930,-0.1229,0.905
42.679760079,-0.0679,0.8996,-0.1214,0.910
42.682673541,-0.0551,0.9087,-0.1255,0.919
42.684611387,-0.0446,0.9182,-0.1248,0.928
42.687675464,-0.0295,0.9274,-0.1241,0.936
42.689133925,-0.0148,0.9378,-0.1246,0.946
42.691818156,0.0007,0.9465,-0.1265,0.955
42.694225541,0.0142,0.9570,-0.1232,0.965
42.696533233,0.0340,0.9632,-0.1180,0.971
42.698928695,0.0513,0.9714,-0.1165,0.980
42.701439695,0.0699,0.9763,-0.1146,0.986
42.704063772,0.0850,0.9851,-0.1180,0.996
42.706632618,0.1046,0.9865,-0.1167,0.999
42.708847387,0.1209,0.9919,-0.1174,1.006
42.714262541,0.1349,0.9934,-0.1155,1.009
42.714813925,0.1530,0.9946,-0.1148,1.013
42.715565618,0.1635,0.9961,-0.1151,1.016
42.719147772,0.1781,0.9966,-0.1151,1.019
42.725906849,0.1866,0.9946,-0.1239,1.020
42.726421233,0.1930,0.9898,-0.1341,1.017
42.726790541,0.2008,0.9890,-0.1427,1.019
42.732657541,0.2062,0.9853,-0.1481,1.017
42.732956925,0.2111,0.9788,-0.1465,1.012
42.733092002,0.2157,0.9758,-0.1425,1.009
42.735233849,0.2187,0.9721,-0.1414,1.006
42.737146541,0.2194,0.9683,-0.1437,1.003
42.739931695,0.2159,0.9639,-0.1486,0.999
42.742589541,0.2108,0.9629,-0.1607,0.999
42.744842541,0.2006,0.9565,-0.1766,0.993
42.746996925,0.1881,0.9546,-0.1976,0.993
42.74939631,0.1668,0.9543,-0.2215,0.994
42.753104079,0.1425,0.9527,-0.2416,0.993
42.754280925,0.1141,0.9495,-0.2560,0.990
42.756656079,0.0843,0.9511,-0.2631,0.990
42.759438233,0.0569,0.9499,-0.2667,0.988
42.761730156,0.0308,0.9518,-0.2585,0.987
42.764119464,0.0100,0.9558,-0.2426,0.986
42.766674156,-0.0070,0.9592,-0.2187,0.984
42.769670233,-0.0223,0.9648,-0.1949,0.985
42.771398849,-0.0332,0.9724,-0.1676,0.987
42.773731695,-0.0395,0.9763,-0.1419,0.987
42.776108618,-0.0434,0.9827,-0.1204,0.991
42.778525925,-0.0412,0.9851,-0.1043,0.991
42.781044002,-0.0363,0.9856,-0.0926,0.991
42.784323387,-0.0309,0.9883,-0.0911,0.993
42.787101925,-0.0234,0.9870,-0.0929,0.992
42.788246541,-0.0148,0.9832,-0.1006,0.988
42.790714464,-0.0097,0.9832,-0.1109,0.989
42.794377925,-0.0067,0.9817,-0.1195,0.989
42.795506464,-0.0087,0.9834,-0.1246,0.991
42.797899772,-0.0106,0.9825,-0.1275,0.991
42.800771695,-0.0151,0.9821,-0.1309,0.991
42.802679695,-0.0209,0.9805,-0.1351,0.990
42.805645618,-0.0265,0.9776,-0.1412,0.988
42.807897925,-0.0358,0.9716,-0.1478,0.983
42.810756002,-0.0424,0.9623,-0.1595,0.976
42.812415156,-0.0439,0.9523,-0.1715,0.969
42.81470131,-0.0461,0.9458,-0.1803,0.964
42.823982464,-0.0486,0.9357,-0.1861,0.955
42.824606464,-0.0493,0.9243,-0.1889,0.945
42.825412695,-0.0463,0.9176,-0.1986,0.940
42.825789925,-0.0407,0.9087,-0.2138,0.934
42.83433631,-0.0395,0.9020,-0.2177,0.929
42.835083387,-0.0300,0.8982,-0.2177,0.925
42.835356618,-0.0288,0.8910,-0.2177,0.918
42.835527695,-0.0248,0.8901,-0.2206,0.917
42.837034772,-0.0236,0.8905,-0.2184,0.917
42.838443079,-0.0214,0.8894,-0.2175,0.916
42.841246156,-0.0223,0.8908,-0.2206,0.918
42.843677002,-0.0244,0.8954,-0.2187,0.922
42.845993002,-0.0253,0.9006,-0.2215,0.928
42.84863631,-0.0272,0.9075,-0.2233,0.935
42.852254464,-0.0316,0.9124,-0.2208,0.939
42.853075464,-0.0334,0.9187,-0.2164,0.944
42.855587772,-0.0321,0.9250,-0.2054,0.948
42.858306156,-0.0270,0.9323,-0.1959,0.953
42.860499156,-0.0197,0.9392,-0.1844,0.957
42.86286131,-0.0075,0.9455,-0.1679,0.960
42.86559331,0.0068,0.9495,-0.1524,0.962
42.867712387,0.0237,0.9563,-0.1393,0.967
42.870322541,0.0430,0.9641,-0.1351,0.974
42.872368618,0.0635,0.9695,-0.1263,0.980
42.875262541,0.0848,0.9734,-0.1202,0.984
42.878887464,0.1073,0.9744,-0.1214,0.988
42.87974931,0.1234,0.9732,-0.1263,0.989
42.882294541,0.1337,0.9621,-0.1373,0.981
42.884927464,0.1412,0.9572,-0.1512,0.979
42.886878156,0.1365,0.9490,-0.1632,0.973
42.889535695,0.1185,0.9390,-0.1784,0.963
42.893884387,0.0941,0.9294,-0.1961,0.955
42.894809002,0.0566,0.9167,-0.2147,0.943
42.897203387,0.0081,0.9050,-0.2260,0.933
42.899476695,-0.0481,0.8977,-0.2311,0.928
42.902098849,-0.1050,0.8928,-0.2269,0.927
42.904123772,-0.1575,0.8938,-0.2089,0.931
42.90672431,-0.2044,0.8947,-0.1796,0.935
42.908958233,-0.2420,0.8998,-0.1383,0.942
42.911197233,-0.2745,0.9064,-0.0960,0.952
42.913568002,-0.3041,0.9089,-0.0476,0.960
42.915943772,-0.3263,0.9106,-0.0068,0.967
42.92263231,-0.3461,0.9124,0.0212,0.976
42.923758464,-0.3668,0.9118,0.0365,0.984
42.92422531,-0.3833,0.9079,0.0442,0.986
42.939138772,-0.3984,0.9018,0.0421,0.987
42.939855387,-0.4138,0.8933,0.0434,0.985
42.94003231,-0.4287,0.8805,0.0368,0.980
42.940181541,-0.4443,0.8659,0.0309,0.974
42.940484618,-0.4604,0.8473,0.0127,0.964
42.940748618,-0.4741,0.8276,-0.0163,0.954
42.940913618,-0.4863,0.8050,-0.0561,0.942
42.946327464,-0.4937,0.7841,-0.0989,0.932
42.947182541,-0.5042,0.7638,-0.1358,0.925
42.947594772,-0.5145,0.7482,-0.1602,0.922
42.949777849,-0.5257,0.7415,-0.1712,0.925
42.951955695,-0.5306,0.7303,-0.1800,0.920
42.95497331,-0.5266,0.7252,-0.1824,0.915
42.957687772,-0.5133,0.7168,-0.1812,0.900
42.959694233,-0.4902,0.7156,-0.1828,0.886
42.96203731,-0.4634,0.7151,-0.1854,0.872
42.964517618,-0.4338,0.7203,-0.1793,0.860
42.966885618,-0.4013,0.7300,-0.1644,0.849
42.969384695,-0.3666,0.7457,-0.1419,0.843
42.971547079,-0.3358,0.7655,-0.1127,0.843
42.97396531,-0.3041,0.7801,-0.0933,0.842
42.976516387,-0.2764,0.7950,-0.0838,0.846
42.978594233,-0.2487,0.8141,-0.0943,0.856
42.981185233,-0.2230,0.8316,-0.1078,0.868
42.984116925,-0.1932,0.8544,-0.1160,0.884
42.985948079,-0.1725,0.8768,-0.1090,0.900
42.988324925,-0.1450,0.8996,-0.0936,0.916
42.990727156,-0.1248,0.9192,-0.0857,0.932
42.992978233,-0.1074,0.9382,-0.1046,0.950
42.995377541,-0.0994,0.9495,-0.1381,0.965
42.997901925,-0.0984,0.9539,-0.1840,0.976
43.000617618,-0.1022,0.9583,-0.2301,0.991
43.002672925,-0.1074,0.9551,-0.2641,0.997
43.005680002,-0.1272,0.9473,-0.2868,0.998
43.007671156,-0.1523,0.9357,-0.2819,0.989
43.00996431,-0.1900,0.9152,-0.2688,0.973
43.012602772,-0.2394,0.8779,-0.2636,0.947
43.022532387,-0.3060,0.8305,-0.2587,0.922
43.023920387,-0.3869,0.7782,-0.2629,0.908
43.02422131,-0.4683,0.7298,-0.2709,0.908
43.024675156,-0.5587,0.6763,-0.2775,0.920
43.025105002,-0.6564,0.6329,-0.2734,0.952
43.032421925,-0.7421,0.5994,-0.2753,0.993
43.032916695,-0.8152,0.5754,-0.2553,1.030
43.033380387,-0.8787,0.5654,-0.2377,1.072
43.034212618,-0.9168,0.5632,-0.2057,1.095
43.036274464,-0.9505,0.5788,-0.1605,1.124
43.038924618,-0.9554,0.6030,-0.1178,1.136
43.042333925,-0.9547,0.6382,-0.0811,1.151
43.043585002,-0.9342,0.6812,-0.0582,1.158
43.046192618,-0.9021,0.7293,-0.0412,1.161
43.048561541,-0.8604,0.7808,-0.0422,1.163
43.050862464,-0.8079,0.8419,-0.0542,1.168
43.053953233,-0.7456,0.9089,-0.0764,1.178
43.055792387,-0.6864,0.9905,-0.1031,1.210
43.058212618,-0.6347,1.0743,-0.1351,1.255
43.060454772,-0.5948,1.1689,-0.1668,1.322
43.063434156,-0.5426,1.2656,-0.1779,1.388
43.065614233,-0.5198,1.3620,-0.1861,1.470
43.067943464,-0.5012,1.4432,-0.1710,1.537
43.070150772,-0.4765,1.5150,-0.1209,1.593
43.072894156,-0.4321,1.5710,-0.0657,1.631
43.075251772,-0.3845,1.5937,-0.0188,1.640
43.07748931,-0.3170,1.5803,0.0419,1.612
43.079928618,-0.2503,1.5329,0.0732,1.555
43.083297925,-0.1714,1.4424,0.0861,1.455
43.084599156,-0.0915,1.3112,0.0722,1.316
43.087296387,-0.0129,1.1437,0.0114,1.144
43.089740002,0.0547,0.9590,-0.0501,0.962
43.092179156,0.0926,0.7704,-0.1136,0.784
43.094504925,0.1002,0.5986,-0.1976,0.638
43.097065925,0.0715,0.4471,-0.2658,0.525
43.099849925,0.0100,0.3210,-0.3401,0.468
43.101582464,-0.0768,0.2180,-0.3972,0.460
43.104139772,-0.1890,0.1419,-0.4265,0.488
43.106661849,-0.3141,0.1027,-0.4226,0.536
43.109239387,-0.4453,0.1007,-0.3872,0.599
43.11145331,-0.5748,0.1335,-0.3235,0.673
43.114021618,-0.6945,0.2033,-0.2460,0.764
43.120265002,-0.7968,0.2991,-0.1659,0.867
43.121006464,-0.8748,0.4179,-0.1069,0.975
43.121461849,-0.9214,0.5570,-0.0608,1.078
43.13171731,-0.9542,0.7195,-0.0330,1.196
43.132669849,-0.9566,0.8957,-0.0266,1.311
43.132928925,-0.9464,1.0865,-0.0433,1.442
43.133351464,-0.9249,1.2825,-0.0926,1.584
43.133746772,-0.9073,1.4967,-0.1451,1.756
43.136034156,-0.8843,1.7049,-0.2042,1.931
43.13870931,-0.8550,1.8901,-0.2746,2.093
43.141110849,-0.8516,2.0726,-0.3171,2.263
43.142518541,-0.8529,2.2282,-0.3689,2.414
43.144873849,-0.8462,2.3364,-0.3960,2.516
43.14753331,-0.8238,2.3887,-0.3906,2.557
43.150177541,-0.7917,2.3929,-0.3603,2.546
43.152333925,-0.7560,2.3589,-0.3137,2.497
43.154775695,-0.7221,2.2914,-0.3103,2.422
43.157263156,-0.6862,2.1987,-0.3438,2.329
43.159538156,-0.6673,2.0916,-0.3955,2.231
43.162175156,-0.6598,1.9763,-0.4449,2.131
43.164425541,-0.6424,1.8551,-0.4617,2.017
43.166853618,-0.6290,1.7424,-0.4774,1.913
43.169802464,-0.6244,1.6436,-0.4696,1.820
43.172500002,-0.6324,1.5614,-0.4563,1.745
43.175021618,-0.6508,1.4901,-0.4425,1.685
43.176379079,-0.6750,1.4302,-0.4295,1.639
43.179059772,-0.6975,1.3648,-0.4167,1.588
43.18228831,-0.7190,1.3019,-0.3899,1.538
43.183521233,-0.7260,1.2287,-0.3594,1.472
43.185957233,-0.7229,1.1463,-0.3066,1.389
43.188512002,-0.7199,1.0633,-0.2524,1.309
43.190976695,-0.7169,0.9776,-0.2323,1.234
43.193989541,-0.7013,0.9057,-0.2521,1.173
43.196228618,-0.7011,0.8414,-0.2792,1.130
43.199528925,-0.7104,0.7826,-0.2925,1.097
43.200348079,-0.7143,0.7333,-0.3044,1.068
43.203263079,-0.7064,0.6763,-0.3410,1.036
43.205455156,-0.6908,0.6245,-0.3853,1.008
43.207805541,-0.6762,0.5707,-0.4381,0.987
43.210191695,-0.6764,0.5234,-0.4535,0.968
43.212794772,-0.6850,0.4767,-0.4180,0.933
43.215504925,-0.7018,0.4391,-0.3510,0.899
43.217951156,-0.7488,0.4000,-0.2770,0.893
43.220158156,-0.8154,0.3692,-0.2201,0.922
43.222422156,-0.9039,0.3350,-0.1852,0.982
43.229252695,-1.0085,0.2910,-0.1710,1.063
43.229935156,-1.1194,0.2441,-0.1740,1.159
43.230180618,-1.2330,0.1964,-0.1928,1.263
43.239218849,-1.3324,0.1417,-0.2284,1.359
43.239788925,-1.4274,0.0743,-0.2814,1.457
43.240001233,-1.5093,-0.0050,-0.3550,1.550
43.240615079,-1.5841,-0.0984,-0.4204,1.642
43.241341002,-1.6370,-0.2019,-0.4777,1.717
43.244514464,-1.6845,-0.3067,-0.5101,1.787
43.246310772,-1.7094,-0.4117,-0.5155,1.832
43.248743387,-1.6886,-0.5068,-0.4688,1.824
43.251327387,-1.6129,-0.5862,-0.3643,1.754
43.253959772,-1.4707,-0.6549,-0.2218,1.625
43.256037233,-1.2943,-0.6973,-0.0815,1.472
43.25823231,-1.1282,-0.7233,0.0437,1.341
43.260963079,-0.9105,-0.7316,0.2240,1.189
43.263817618,-0.6840,-0.7284,0.3535,1.060
43.265741541,-0.4712,-0.7113,0.4612,0.970
43.268151387,-0.2677,-0.6808,0.5538,0.918
43.270814233,-0.1079,-0.6395,0.6119,0.892
43.273701618,0.0344,-0.5911,0.6237,0.860
43.275393002,0.1539,-0.5449,0.5955,0.822
43.277721002,0.2567,-0.4941,0.5377,0.774
43.280090849,0.3382,-0.4416,0.4416,0.710
43.282409541,0.4002,-0.3884,0.3225,0.644
43.285061233,0.4351,-0.3297,0.1939,0.579
43.287346772,0.4549,-0.2728,0.0724,0.535
43.289791079,0.4432,-0.2190,-0.0557,0.497
43.292458233,0.4337,-0.1597,-0.1178,0.477
43.294940618,0.4190,-0.0971,-0.1686,0.462
43.29697631,0.4016,-0.0346,-0.2138,0.456
43.299363464,0.3836,0.0277,-0.2411,0.454
43.301668695,0.3589,0.0960,-0.2504,0.448
43.304516695,0.3210,0.1696,-0.2653,0.450
43.306864002,0.2670,0.2509,-0.2827,0.463
43.309305233,0.1700,0.3646,-0.2609,0.479
43.311661925,0.0631,0.4843,-0.2465,0.547
43.314000695,-0.0612,0.6225,-0.2091,0.660
43.316126541,-0.1912,0.7571,-0.2006,0.806
43.318777849,-0.2965,0.8527,-0.1976,0.924
43.321348695,-0.3901,0.9231,-0.1728,1.017
43.328067079,-0.4553,0.9621,-0.1579,1.076
43.328780079,-0.4917,0.9732,-0.1539,1.101
43.329016618,-0.5164,0.9616,-0.1502,1.102
43.338602156,-0.5298,0.9487,-0.1078,1.092
43.339473618,-0.5582,0.9467,-0.0479,1.100
43.339958541,-0.5697,0.9326,-0.0130,1.093
43.340632695,-0.5816,0.9218,0.0421,1.091
43.340995772,-0.5890,0.9057,0.0908,1.084
43.343396618,-0.5972,0.8866,0.1355,1.078
43.345138849,-0.5965,0.8666,0.1749,1.067
43.347703079,-0.5855,0.8341,0.2084,1.040
43.349821541,-0.5687,0.8021,0.2220,1.008
43.352947156,-0.5538,0.7687,0.2124,0.971
43.355169925,-0.5315,0.7347,0.1932,0.927
43.357086233,-0.5061,0.6975,0.1641,0.877
43.359551695,-0.4555,0.6506,0.1329,0.805
43.362481925,-0.4269,0.6166,0.1331,0.762
43.364386156,-0.4071,0.5798,0.0329,0.709
43.36694531,-0.3635,0.5698,0.0610,0.679
43.369773541,-0.3031,0.5700,0.1991,0.676
43.372694541,-0.2731,0.5840,0.2885,0.706
43.37435331,-0.2466,0.5866,0.2161,0.672
43.376485233,-0.2337,0.5832,0.1881,0.656
43.380440079,-0.2117,0.5747,0.1753,0.637
43.381308002,-0.2083,0.5703,0.1529,0.626
43.383932925,-0.2110,0.5635,0.1236,0.614
43.38692031,-0.2475,0.5644,0.0732,0.621
43.389476002,-0.2687,0.5644,0.0400,0.626
43.392085925,-0.2985,0.5717,0.0183,0.645
43.393825541,-0.3232,0.5808,0.0023,0.665
43.396916618,-0.3424,0.5866,-0.0019,0.679
43.398522233,-0.3635,0.5917,-0.0186,0.695
43.400636618,-0.3796,0.5977,-0.0242,0.708
43.403184079,-0.4074,0.6113,-0.0254,0.735
43.405638156,-0.4329,0.6248,-0.0261,0.761
43.407876925,-0.4673,0.6421,-0.0254,0.795
43.410582772,-0.5076,0.6683,-0.0195,0.839
43.417648925,-0.5382,0.6914,-0.0176,0.876
43.418872618,-0.5655,0.7130,-0.0528,0.912
43.41946131,-0.5669,0.7132,-0.0960,0.916
43.419928387,-0.5772,0.7240,-0.1038,0.932
43.427940002,-0.5867,0.7435,-0.1026,0.953
43.428539156,-0.5746,0.7552,-0.0957,0.954
43.429177541,-0.5335,0.7633,-0.1006,0.937
43.429809002,-0.4893,0.7669,-0.1055,0.916
43.432654772,-0.4313,0.7713,-0.0982,0.889
43.434343464,-0.3705,0.7650,-0.0836,0.854
43.437725002,-0.2999,0.7652,-0.0687,0.825
43.439793002,-0.2328,0.7671,-0.0615,0.804
43.441767156,-0.1963,0.7799,-0.0520,0.806
43.445206541,-0.1748,0.7882,-0.0496,0.809
43.447030541,-0.1793,0.8062,-0.0545,0.828
43.448820618,-0.1970,0.8293,-0.0603,0.855
43.451380695,-0.2359,0.8615,-0.0855,0.897
43.45478831,-0.2767,0.8840,-0.1219,0.934
43.456014772,-0.3214,0.9087,-0.1754,0.980
43.458479464,-0.3559,0.9196,-0.2177,1.010
43.461181925,-0.4140,0.9473,-0.2555,1.065
43.46343731,-0.4434,0.9583,-0.2809,1.093
43.465677618,-0.4875,0.9886,-0.3181,1.147
43.468282156,-0.5235,1.0122,-0.3454,1.191
43.471051387,-0.5447,1.0186,-0.3669,1.212
43.472949541,-0.5765,1.0338,-0.3708,1.240
43.475485002,-0.6016,1.0482,-0.3671,1.263
43.479592618,-0.6246,1.0636,-0.3587,1.285
43.480733002,-0.6437,1.0801,-0.3476,1.305
43.482793002,-0.6630,1.0906,-0.3340,1.319
43.485403695,-0.6791,1.1041,-0.3219,1.336
43.487711079,-0.6840,1.1158,-0.3088,1.345
43.48992831,-0.6877,1.1276,-0.2958,1.353
43.492642541,-0.7055,1.1424,-0.2753,1.371
43.496067079,-0.7287,1.1628,-0.2469,1.394
43.497448387,-0.7565,1.1891,-0.2094,1.425
43.499667772,-0.7819,1.2160,-0.1710,1.456
43.502502233,-0.8049,1.2453,-0.1373,1.489
43.504807695,-0.8320,1.2756,-0.1104,1.527
43.506803464,-0.8548,1.3091,-0.0923,1.566
43.509291695,-0.8709,1.3374,-0.0855,1.598
43.512504925,-0.8855,1.3678,-0.0769,1.631
43.514056618,-0.8968,1.3885,-0.0694,1.654
43.516549541,-0.9007,1.3958,-0.0677,1.663
43.518830849,-0.8936,1.3953,-0.0728,1.659
43.525077233,-0.8821,1.3694,-0.0811,1.631
43.525968618,-0.8565,1.3286,-0.0962,1.584
43.527310541,-0.8279,1.2749,-0.1065,1.524
43.528848079,-0.7847,1.2120,-0.1026,1.448
43.537153233,-0.7324,1.1405,-0.0892,1.358
43.538236079,-0.6701,1.0676,-0.0713,1.263
43.538496387,-0.6063,0.9932,-0.0461,1.165
43.53902931,-0.5450,0.9208,-0.0247,1.070
43.541626772,-0.4947,0.8486,-0.0114,0.982
43.54281631,-0.4497,0.7792,-0.0073,0.900
43.545879387,-0.3950,0.7159,-0.0119,0.818
43.547824925,-0.3481,0.6597,-0.0235,0.746
43.550231156,-0.2974,0.6040,-0.0552,0.676
43.553799079,-0.2596,0.5698,-0.0210,0.627
43.554918233,-0.2557,0.5463,-0.0117,0.603
43.557465618,-0.2757,0.5356,-0.0188,0.603
43.561641233,-0.2997,0.5353,-0.0344,0.614
43.562696079,-0.3202,0.5453,-0.0724,0.636
43.569079464,-0.3432,0.5625,-0.1106,0.668
43.569851772,-0.3668,0.5933,-0.1432,0.712
43.570276695,-0.3830,0.6289,-0.1663,0.755
43.572551464,-0.3966,0.6690,-0.1835,0.799
43.574631772,-0.4104,0.7061,-0.2052,0.842
43.577812618,-0.4220,0.7471,-0.2201,0.886
43.578897618,-0.4299,0.7867,-0.2299,0.926
43.58146831,-0.4304,0.8160,-0.2369,0.953
43.584226464,-0.4253,0.8363,-0.2416,0.969
43.586271156,-0.4131,0.8559,-0.2387,0.980
43.588573233,-0.3959,0.8630,-0.2374,0.979
43.591571079,-0.3759,0.8656,-0.2345,0.972
43.595223772,-0.3530,0.8619,-0.2269,0.959
43.596110233,-0.3314,0.8563,-0.2218,0.945
43.598580695,-0.3127,0.8514,-0.2157,0.932
43.601064695,-0.3018,0.8444,-0.2062,0.920
43.603407772,-0.2970,0.8334,-0.1903,0.905
43.605860618,-0.2902,0.8276,-0.1754,0.894
43.608173233,-0.2843,0.8214,-0.1579,0.883
43.611818541,-0.2789,0.8202,-0.1458,0.879
43.612733849,-0.2750,0.8197,-0.1312,0.874
43.615153233,-0.2716,0.8221,-0.1258,0.875
43.617817002,-0.2689,0.8229,-0.1219,0.874
43.619989541,-0.2643,0.8285,-0.1160,0.877
43.622520002,-0.2603,0.8346,-0.1085,0.881
43.624946849,-0.2531,0.8417,-0.0980,0.884
43.628596002,-0.2423,0.8463,-0.0857,0.884
43.629619156,-0.2369,0.8514,-0.0757,0.887
43.634123387,-0.2296,0.8576,-0.0615,0.890
43.634660387,-0.2298,0.8568,-0.0542,0.889
43.636782541,-0.2335,0.8586,-0.0675,0.892
43.639178849,-0.2438,0.8576,-0.0559,0.893
43.641845002,-0.2526,0.8517,-0.0237,0.889
43.645341541,-0.2625,0.8451,0.0011,0.885
43.646430464,-0.2785,0.8376,0.0180,0.883
43.648939695,-0.3031,0.8268,0.0288,0.881
43.652345618,-0.3307,0.8200,0.0383,0.885
43.653834233,-0.3684,0.8314,0.0370,0.910
43.656077925,-0.4285,0.8720,-0.0124,0.972
43.658611156,-0.4986,0.9260,-0.1434,1.061
43.661401541,-0.5562,0.9563,-0.2611,1.137
43.663329541,-0.5850,0.9529,-0.3473,1.171
43.665988925,-0.5923,0.9077,-0.5064,1.196
43.668799464,-0.5701,0.8165,-0.6983,1.216
43.670713233,-0.5233,0.7119,-0.9266,1.280
43.673158772,-0.4560,0.6597,-1.1378,1.392
43.675582464,-0.3805,0.6387,-1.3261,1.520
43.677946849,-0.2543,0.6594,-1.3674,1.539
43.68030131,-0.0886,0.7347,-1.0850,1.313
43.682696925,0.0635,0.8400,-0.5651,1.014
43.685320079,0.1561,0.9758,-0.0620,0.990
43.687724925,0.1607,1.1344,0.2569,1.174
43.689885618,0.0923,1.2951,0.3265,1.339
43.693069849,-0.0099,1.4407,0.2655,1.465
43.694962541,-0.1313,1.5773,0.2433,1.601
43.697102541,-0.2423,1.6932,0.1416,1.716
43.699815079,-0.2606,1.7386,-0.0610,1.759
43.702000387,-0.1609,1.7268,-0.1707,1.743
43.705192618,0.0088,1.7058,-0.1123,1.710
43.707237618,0.2350,1.7186,0.1250,1.739
43.710350233,0.4805,1.7747,0.3544,1.872
43.711691464,0.6667,1.8754,0.4526,2.041
43.714149541,0.7244,2.0186,0.5315,2.210
43.716579387,0.7293,2.1966,0.6202,2.396
43.719375695,0.7132,2.3475,0.7121,2.555
43.721622464,0.6939,2.4435,0.6024,2.611
43.724097233,0.6467,2.4877,0.2152,2.579
43.730489002,0.5676,2.4779,-0.2746,2.557
43.731547079,0.4735,2.3941,-0.6978,2.538
43.732327464,0.4209,2.2729,-0.8649,2.468
43.733463772,0.4099,2.1337,-0.8448,2.331
43.745443695,0.4114,1.9883,-0.6909,2.145
43.745955695,0.4474,1.8779,-0.3184,1.956
43.746109925,0.4854,1.8500,0.1919,1.922
43.746265925,0.4632,1.9445,0.6847,2.113
43.746514849,0.3501,2.1324,1.0199,2.390
43.749055079,0.2849,2.3631,1.1590,2.647
43.751252002,0.3026,2.5898,1.0844,2.824
43.753416925,0.3682,2.8055,0.8902,2.966
43.755022849,0.4561,2.9846,0.6508,3.089
43.757509002,0.5890,3.1006,0.4761,3.192
43.760013541,0.7349,3.1446,0.4094,3.255
43.762395695,0.8790,3.1078,0.4360,3.259
43.764830156,1.0205,2.9993,0.5318,3.212
43.768206464,1.1446,2.8121,0.5631,3.088
43.769562772,1.2091,2.5439,0.5322,2.866
43.772234849,1.2550,2.2458,0.4272,2.608
43.774484387,1.2299,1.9211,0.1038,2.283
43.77718531,1.1654,1.5928,-0.3228,2.000
43.779349925,0.9831,1.2998,-0.6137,1.741
43.782228695,0.7854,1.0562,-0.6999,1.491
43.785222156,0.6035,0.8896,-0.9161,1.412
43.786636618,0.3733,0.7457,-0.9259,1.246
43.78921731,0.1544,0.6399,-0.8621,1.085
43.792976387,-0.0675,0.5761,-0.8370,1.018
43.79439731,-0.3039,0.5507,-0.8749,1.078
43.796303464,-0.5168,0.5241,-0.8817,1.149
43.798641618,-0.7092,0.5060,-0.9408,1.282
43.801518464,-0.8621,0.4957,-1.0161,1.422
43.803412695,-0.9675,0.4869,-1.0363,1.499
43.806029233,-1.0917,0.4701,-1.1248,1.636
43.809616695,-1.2371,0.4347,-1.0980,1.710
43.810754156,-1.4276,0.4086,-1.0652,1.827
43.813228618,-1.6689,0.3902,-0.9951,1.982
43.817797233,-1.9063,0.3811,-0.8903,2.138
43.81928831,-2.1196,0.4039,-0.8404,2.316
43.820687695,-2.3614,0.4002,-0.4317,2.434
43.822900079,-2.6004,0.4027,-0.3975,2.661
43.830932002,-2.7802,0.4012,-0.4617,2.847
43.831521233,-2.8503,0.4034,-0.5404,2.929
43.832176695,-2.8107,0.4119,-0.6059,2.905
43.832736387,-2.6761,0.4198,-0.6692,2.790
43.841546849,-2.5039,0.4364,-0.7288,2.644
43.842092695,-2.3236,0.4755,-0.7515,2.488
43.842302772,-2.1420,0.5253,-0.7379,2.326
43.842482156,-1.9532,0.6023,-0.6813,2.154
43.844996079,-1.7639,0.6995,-0.5646,1.980
43.847659156,-1.5831,0.7877,-0.4009,1.813
43.850947464,-1.4069,0.8568,-0.2152,1.661
43.851883079,-1.2554,0.9106,-0.0368,1.551
43.854844387,-1.1255,0.9499,0.1006,1.476
43.856970849,-1.0180,0.9785,0.2264,1.430
43.859289233,-0.9363,0.9979,0.3281,1.407
43.861170464,-0.8819,1.0177,0.4001,1.405
43.863921541,-0.8501,1.0408,0.4492,1.417
43.866918541,-0.8308,1.0626,0.4744,1.430
43.868428387,-0.8177,1.0811,0.4717,1.435
43.870973618,-0.7783,1.1095,0.4678,1.434
43.873774464,-0.7497,1.1402,0.4118,1.425
43.876220387,-0.7080,1.1449,0.3241,1.385
43.878711387,-0.6500,1.1419,0.2313,1.334
43.880801541,-0.5858,1.1398,0.1345,1.289
43.883832618,-0.5140,1.1283,0.0307,1.240
43.885462541,-0.4382,1.1139,-0.0340,1.197
43.888195695,-0.3500,1.1004,-0.0747,1.157
43.890342156,-0.2613,1.1072,-0.1073,1.143
43.89278131,-0.1704,1.0995,-0.1304,1.120
43.89508031,-0.0742,1.0867,-0.1425,1.099
43.897775387,0.0073,1.0528,-0.1644,1.066
43.900000079,0.0759,1.0291,-0.1901,1.049
43.902216695,0.1363,1.0212,-0.2264,1.055
43.905017926,0.1866,1.0100,-0.2443,1.056
43.907355079,0.2269,1.0027,-0.2445,1.057
43.909629618,0.2590,0.9870,-0.2521,1.051
43.912015387,0.2729,0.9770,-0.2639,1.048
43.914814541,0.2760,0.9697,-0.2609,1.041
43.917018233,0.2744,0.9607,-0.2399,1.028
43.919505541,0.2795,0.9531,-0.2017,1.013
43.921755695,0.2756,0.9487,-0.1598,1.001
43.929549002,0.2672,0.9480,-0.1292,0.993
43.930114541,0.2587,0.9416,-0.1090,0.983
43.930349002,0.2472,0.9331,-0.0999,0.970
43.932179464,0.2292,0.9378,-0.0967,0.970
43.938134541,0.2074,0.9385,-0.1055,0.967
43.938524695,0.1861,0.9355,-0.1241,0.962
43.938769849,0.1637,0.9304,-0.1383,0.955
43.947350541,0.1405,0.9238,-0.1570,0.948
43.947912079,0.1226,0.9169,-0.1791,0.942
43.948114772,0.1139,0.9031,-0.1961,0.931
43.94831631,0.1087,0.8896,-0.2054,0.919
43.950899464,0.1121,0.8724,-0.2079,0.904
43.952905002,0.1234,0.8561,-0.2064,0.889
43.955746541,0.1363,0.8376,-0.2047,0.873
43.958210772,0.1549,0.8219,-0.1991,0.860
43.960443464,0.1766,0.8034,-0.1954,0.845
43.962530849,0.1926,0.7853,-0.1889,0.830
43.966038541,0.2096,0.7736,-0.1868,0.823
43.967327079,0.2299,0.7608,-0.1842,0.816
43.969934464,0.2502,0.7489,-0.1844,0.811
43.972453233,0.2719,0.7376,-0.1844,0.808
43.975093618,0.2961,0.7291,-0.1879,0.809
43.976985926,0.3181,0.7228,-0.1920,0.813
43.979721849,0.3438,0.7240,-0.1891,0.823
43.982674233,0.3645,0.7212,-0.1871,0.829
43.984202849,0.3811,0.7244,-0.1871,0.840
43.986711387,0.3960,0.7254,-0.1937,0.849
43.98934431,0.4090,0.7315,-0.2003,0.862
43.991540695,0.4180,0.7340,-0.2038,0.869
43.993838464,0.4251,0.7327,-0.2113,0.873
43.996333618,0.4234,0.7300,-0.2304,0.875
43.999667695,0.4151,0.7273,-0.2372,0.870
44.001148618,0.4004,0.7268,-0.2416,0.864
44.004016695,0.3838,0.7224,-0.2450,0.854
44.006362156,0.3552,0.7161,-0.2416,0.835
44.008747079,0.3313,0.7037,-0.2355,0.813
44.010814772,0.2907,0.6897,-0.2299,0.783
44.020241541,0.2416,0.6709,-0.2155,0.745
44.020897002,0.1884,0.6550,-0.1933,0.708
44.021172079,0.1270,0.6416,-0.1602,0.673
44.021431387,0.0731,0.6304,-0.1172,0.645
44.03078531,0.0127,0.6208,-0.0799,0.626
44.031735464,-0.0542,0.6128,-0.0510,0.617
44.03256931,-0.1287,0.6174,-0.0377,0.632
44.032911464,-0.1976,0.6264,-0.0349,0.658
44.033238772,-0.2608,0.6409,-0.0408,0.693
44.036145618,-0.3121,0.6663,-0.0491,0.737
44.037312079,-0.3530,0.6926,-0.0662,0.780
44.040669233,-0.3786,0.7266,-0.0850,0.824
44.042008926,-0.3923,0.7674,-0.1013,0.868
44.044452387,-0.3935,0.8153,-0.1102,0.912
44.04704431,-0.3894,0.8612,-0.1129,0.952
44.049559387,-0.3776,0.9189,-0.1073,0.999
44.051695156,-0.3615,0.9788,-0.0967,1.048
44.054422541,-0.3515,1.0354,-0.0887,1.097
44.05669731,-0.3234,1.0951,-0.0610,1.143
44.059370233,-0.3023,1.1522,-0.0547,1.193
44.061843156,-0.2836,1.2050,-0.0489,1.239
44.064060079,-0.2538,1.2529,-0.0400,1.279
44.066464002,-0.2233,1.2937,-0.0168,1.313
44.068933926,-0.1905,1.3289,0.0080,1.342
44.071212618,-0.1521,1.3418,0.0212,1.351
44.073746541,-0.1082,1.3350,0.0324,1.340
44.076654541,-0.0796,1.3012,0.0393,1.304
44.07861231,-0.0703,1.2290,0.0405,1.232
44.081692387,-0.0537,1.1330,0.0173,1.134
44.083108079,-0.0722,1.0039,-0.0227,1.007
44.085526156,-0.1294,0.8724,-0.0767,0.885
44.088230849,-0.2428,0.7371,-0.1719,0.795
44.093971772,-0.4104,0.6091,-0.2604,0.779
44.095400618,-0.5501,0.4960,-0.3244,0.809
44.096103079,-0.6903,0.3909,-0.3659,0.874
44.09890431,-0.8538,0.2919,-0.3987,0.986
44.100092387,-1.0258,0.2190,-0.4158,1.128
44.102777926,-1.1707,0.1593,-0.4119,1.251
44.105141618,-1.2960,0.1183,-0.3782,1.355
44.107267387,-1.3698,0.0955,-0.3176,1.409
44.111914849,-1.3859,0.0958,-0.2599,1.413
44.112836002,-1.3393,0.1273,-0.1989,1.360
44.114999079,-1.2242,0.1924,-0.1397,1.247
44.116841002,-1.0556,0.2854,-0.0931,1.097
44.119546849,-0.8582,0.4095,-0.0557,0.952
44.126238464,-0.6659,0.5507,-0.0361,0.865
44.12717331,-0.4807,0.7105,-0.0191,0.858
44.127497618,-0.3229,0.8886,-0.0086,0.945
44.12988431,-0.2000,1.0689,-0.0293,1.088
44.134287464,-0.1155,1.2788,-0.0601,1.285
44.135051156,-0.0668,1.4871,-0.0987,1.492
44.136479695,-0.0737,1.7163,-0.1239,1.722
44.143218156,-0.1033,1.9409,-0.1651,1.951
44.144128387,-0.1590,2.1810,-0.1509,2.192
44.144474156,-0.2394,2.3916,-0.1530,2.408
44.145837002,-0.2897,2.5260,-0.1290,2.546
44.148395772,-0.2987,2.5819,-0.0452,2.600
44.150661926,-0.2775,2.5570,0.0579,2.573
44.153258233,-0.2438,2.4720,0.1483,2.488
44.156092387,-0.2010,2.3398,0.1839,2.356
44.157976079,-0.1599,2.1828,0.1558,2.194
44.160212002,-0.1125,2.0058,0.0801,2.011
44.162927772,-0.0600,1.8395,-0.0222,1.841
44.165140618,-0.0176,1.7112,-0.1400,1.717
44.167829002,0.0122,1.6306,-0.2511,1.650
44.170649233,0.0247,1.6142,-0.3377,1.649
44.172674156,0.0219,1.6518,-0.3789,1.695
44.174849926,-0.0014,1.7130,-0.3804,1.755
44.17725631,-0.0444,1.8001,-0.3430,1.833
44.179893618,-0.0959,1.8886,-0.2765,1.911
44.182259695,-0.1250,1.9790,-0.2199,1.995
44.184562849,-0.1499,2.0540,-0.1651,2.066
44.187386849,-0.1614,2.1072,-0.1327,2.118
44.189652002,-0.1646,2.1281,-0.1241,2.138
44.192009002,-0.1634,2.1195,-0.1253,2.129
44.194456002,-0.1597,2.0885,-0.1407,2.099
44.197272926,-0.1697,2.0261,-0.1505,2.039
44.199015156,-0.1914,1.9406,-0.1598,1.957
44.201480926,-0.2361,1.8385,-0.1695,1.861
44.203830541,-0.3021,1.7254,-0.1820,1.761
44.206201541,-0.3820,1.5993,-0.1735,1.653
44.20879631,-0.4588,1.4828,-0.1554,1.560
44.211500387,-0.5364,1.3758,-0.1405,1.483
44.213632695,-0.6100,1.2805,-0.1260,1.424
44.21646431,-0.6679,1.1971,-0.0962,1.374
44.218334156,-0.7178,1.1195,-0.0410,1.330
44.220878464,-0.7553,1.0433,0.0036,1.288
44.223518541,-0.7763,0.9683,0.0014,1.241
44.225516926,-0.7900,0.9023,-0.0398,1.200
44.228501002,-0.7714,0.8312,-0.0769,1.137
44.23443631,-0.7448,0.7571,-0.1104,1.068
44.235284079,-0.7145,0.6876,-0.1719,1.006
44.236075156,-0.6698,0.6145,-0.2804,0.951
44.238162156,-0.6356,0.5521,-0.3773,0.923
44.249909849,-0.5972,0.4833,-0.4244,0.878
44.250859387,-0.5664,0.4198,-0.4405,0.831
44.251296387,-0.5592,0.3685,-0.4427,0.803
44.251635387,-0.5618,0.3220,-0.4160,0.770
44.251794849,-0.5829,0.2756,-0.3787,0.748
44.252075079,-0.6107,0.2290,-0.3694,0.750
44.257854464,-0.6519,0.1880,-0.3410,0.759
44.258897618,-0.7111,0.1425,-0.2443,0.765
44.259351387,-0.8068,0.1048,-0.1840,0.834
44.261705849,-0.9432,0.0718,-0.2829,0.987
44.264347156,-1.0927,0.0315,-0.4314,1.175
44.266290849,-1.2454,-0.0111,-0.5995,1.382
44.269369002,-1.3837,-0.0730,-0.7386,1.570
44.271516926,-1.4753,-0.1557,-0.7889,1.680
44.273610772,-1.5196,-0.2666,-0.7468,1.714
44.276371387,-1.5557,-0.4033,-0.6168,1.721
44.27985231,-1.5731,-0.5596,-0.5003,1.743
44.281172618,-1.5364,-0.7108,-0.4067,1.741
44.28342931,-1.3777,-0.8144,-0.2331,1.617
44.285849233,-1.1785,-0.9102,-0.0520,1.490
44.288262541,-0.9239,-0.9539,0.0759,1.330
44.290479079,-0.6610,-0.9470,0.2152,1.175
44.293169233,-0.4297,-0.9104,0.3454,1.064
44.296629541,-0.2308,-0.8550,0.4385,0.988
44.297682156,-0.0649,-0.7863,0.4739,0.920
44.300448079,0.0659,-0.7064,0.4572,0.844
44.30292431,0.1644,-0.6288,0.4043,0.765
44.305444002,0.2392,-0.5530,0.2526,0.653
44.307437849,0.3179,-0.4674,0.1732,0.591
44.310368695,0.3692,-0.4096,0.1856,0.582
44.313565233,0.4076,-0.3470,0.0185,0.536
44.314795079,0.4681,-0.2964,-0.0232,0.555
44.317424079,0.5015,-0.2444,-0.0855,0.564
44.320266156,0.5123,-0.1851,-0.0776,0.550
44.322326464,0.5534,-0.1122,-0.0142,0.565
44.324517849,0.5532,-0.0353,0.0316,0.555
44.332937541,0.5197,0.0301,0.0332,0.522
44.333508926,0.4617,0.0997,0.0341,0.474
44.333884695,0.3970,0.1652,0.0344,0.431
44.334263464,0.3119,0.2329,0.0278,0.390
44.343164079,0.2094,0.3052,0.0085,0.370
44.343608079,0.0978,0.3675,-0.0193,0.381
44.343782849,-0.0095,0.4219,-0.0417,0.424
44.344251387,-0.1010,0.4674,-0.0412,0.480
44.351437233,-0.1832,0.5078,-0.0266,0.540
44.351888002,-0.2587,0.5449,-0.0007,0.603
44.352296079,-0.3163,0.5703,0.0129,0.652
44.355436695,-0.3647,0.5822,0.0473,0.689
44.356317926,-0.4018,0.5868,0.1010,0.718
44.358173002,-0.4282,0.5889,0.1458,0.743
44.360738541,-0.4490,0.5903,0.1949,0.767
44.363034772,-0.4637,0.5898,0.2415,0.788
44.36658931,-0.4668,0.5837,0.2660,0.793
44.368473541,-0.4753,0.5915,0.2645,0.804
44.370657849,-0.4768,0.5996,0.2580,0.808
44.373507079,-0.4756,0.6135,0.2515,0.816
44.375213849,-0.4756,0.6329,0.2320,0.825
44.378975464,-0.4616,0.6457,0.2030,0.819
44.379808926,-0.4373,0.6499,0.1719,0.802
44.382283772,-0.4123,0.6474,0.1373,0.780
44.384899464,-0.3451,0.6318,0.0984,0.727
44.387720926,-0.3290,0.6401,0.0659,0.723
44.389574772,-0.3121,0.6411,0.0116,0.713
44.39196931,-0.3109,0.6385,-0.0134,0.710
44.396023387,-0.3261,0.6634,-0.0557,0.741
44.397136002,-0.2874,0.7042,0.1245,0.771
44.399360002,-0.2217,0.7291,0.1260,0.772
44.401756926,-0.1673,0.7398,0.0473,0.760
44.403962849,-0.1387,0.7692,-0.0170,0.782
44.406278541,-0.1394,0.8018,-0.0508,0.815
44.408840695,-0.1389,0.8183,-0.0689,0.833
44.412105926,-0.1516,0.8386,-0.0906,0.857
44.413836695,-0.1443,0.8581,-0.1209,0.878
44.416648695,-0.1318,0.8708,-0.1468,0.893
44.418712079,-0.1277,0.8852,-0.1686,0.910
44.421478464,-0.1362,0.9047,-0.1852,0.933
44.423621849,-0.1734,0.9421,-0.1910,0.977
44.425915695,-0.2112,0.9716,-0.1868,1.012
44.433700387,-0.2555,1.0027,-0.1749,1.049
44.434848926,-0.3136,1.0347,-0.1526,1.092
44.435235387,-0.3820,1.0631,-0.1327,1.137
44.435756618,-0.4567,1.0894,-0.1129,1.187
44.445794849,-0.5394,1.1112,-0.1087,1.240
44.446870541,-0.6310,1.1319,-0.1251,1.302
44.44712831,-0.7197,1.1493,-0.1458,1.364
44.447357233,-0.8110,1.1620,-0.1908,1.430
44.447569849,-0.8958,1.1640,-0.2248,1.486
44.449915079,-0.9791,1.1705,-0.2609,1.548
44.453117849,-1.0725,1.1903,-0.3168,1.633
44.454898772,-1.1723,1.2011,-0.3650,1.718
44.456860618,-1.2535,1.2096,-0.4148,1.791
44.460831156,-1.3176,1.2101,-0.4607,1.847
44.465298772,-1.3982,1.2087,-0.4971,1.914
44.465833926,-1.4858,1.2120,-0.5184,1.986
44.466678156,-1.5403,1.1882,-0.5150,2.012
44.469740387,-1.5890,1.2248,-0.5282,2.075
44.471656618,-1.6229,1.2399,-0.4901,2.100
44.473918541,-1.6370,1.2568,-0.4598,2.114
44.476422849,-1.6214,1.2463,-0.4378,2.091
44.478930541,-1.6107,1.2485,-0.4248,2.082
44.481228387,-1.6652,1.3362,-0.4381,2.180
44.483783387,-1.6586,1.3682,-0.4070,2.188
44.486077618,-1.5911,1.3608,-0.4011,2.132
44.488408079,-1.5266,1.3513,-0.4224,2.082
44.491148079,-1.4744,1.3508,-0.4099,2.041
44.493284079,-1.4091,1.3215,-0.3877,1.970
44.495918772,-1.3575,1.2954,-0.3850,1.916
44.498395156,-1.2776,1.2541,-0.3960,1.834
44.500475079,-1.1914,1.1922,-0.4107,1.735
44.50292431,-1.1001,1.1168,-0.4241,1.624
44.505279387,-1.0062,1.0335,-0.4216,1.503
44.507747156,-0.9100,0.9599,-0.3997,1.382
44.511321926,-0.8074,0.8798,-0.3869,1.255
44.512470156,-0.7150,0.7889,-0.4170,1.143
44.515044618,-0.6344,0.7000,-0.4353,1.040
44.517620002,-0.5589,0.6194,-0.4402,0.943
44.520149002,-0.4956,0.5419,-0.4324,0.852
44.522141849,-0.4418,0.4752,-0.4219,0.774
44.524972079,-0.4036,0.4114,-0.4073,0.706
44.531496618,-0.3747,0.3572,-0.3877,0.647
44.532508002,-0.3551,0.3130,-0.3582,0.594
44.533481002,-0.3449,0.2791,-0.3244,0.550
44.535701233,-0.3498,0.2507,-0.2917,0.520
44.543273233,-0.3612,0.2376,-0.2450,0.497
44.544103079,-0.3542,0.2434,-0.1986,0.473
44.544634772,-0.3705,0.2497,-0.1497,0.471
44.544851464,-0.3891,0.2665,-0.0967,0.481
44.546765233,-0.3971,0.2961,-0.0410,0.497
44.548509618,-0.4213,0.3343,0.0065,0.538
44.552731156,-0.4541,0.3767,0.0463,0.592
44.553553849,-0.4930,0.4310,0.0700,0.659
44.555786233,-0.5403,0.4989,0.0828,0.740
44.558326541,-0.5963,0.5747,0.0854,0.833
44.560815387,-0.6525,0.6546,0.0871,0.928
44.563216926,-0.7148,0.7340,0.0935,1.029
44.565684695,-0.7705,0.8016,0.0928,1.116
44.568482772,-0.8123,0.8512,0.0742,1.179
44.575697618,-0.8504,0.8930,0.0568,1.234
44.576590233,-0.8648,0.9187,0.0290,1.262
44.57725731,-0.8650,0.9299,-0.0181,1.270
44.57828031,-0.8415,0.9257,-0.0547,1.252
44.580517618,-0.8012,0.9069,-0.0901,1.214
44.582411387,-0.7416,0.8781,-0.1255,1.156
44.584675695,-0.6705,0.8439,-0.1521,1.089
44.58706531,-0.5965,0.8109,-0.1656,1.020
44.589723464,-0.5196,0.7764,-0.1771,0.951
44.592129002,-0.4560,0.7484,-0.1928,0.897
44.594223695,-0.3987,0.7230,-0.2062,0.851
44.596771156,-0.3517,0.7012,-0.2206,0.815
44.599461618,-0.3192,0.6930,-0.2187,0.794
44.601950849,-0.3192,0.7232,-0.2098,0.818
44.603991695,-0.3405,0.7769,-0.2113,0.874
44.606678772,-0.3659,0.8155,-0.1376,0.904
44.609908387,-0.3987,0.8209,-0.0591,0.915
44.61136831,-0.4637,0.7813,-0.1074,0.915
44.613765849,-0.5562,0.7163,-0.2621,0.944
44.616435079,-0.6488,0.6560,-0.7938,1.217
44.618614156,-0.7199,0.6450,-1.6638,1.924
44.621164618,-0.7541,0.6909,-2.3044,2.521
44.623598849,-0.7331,0.7862,-2.2471,2.491
44.630109233,-0.6717,0.8933,-1.7062,2.040
44.630799464,-0.6023,1.0142,-1.1695,1.661
44.631374541,-0.5660,1.1256,-0.8155,1.501
44.633265233,-0.5296,1.2380,-0.5446,1.452
44.640483464,-0.4858,1.3408,-0.3643,1.472
44.641001926,-0.4192,1.4610,-0.2741,1.544
44.641131156,-0.3212,1.5624,-0.0965,1.598
44.648994156,-0.2025,1.6760,0.0808,1.690
44.64929731,-0.0639,1.8146,0.2951,1.840
44.649588618,0.1070,2.0149,0.5706,2.097
44.650060387,0.3357,2.2585,0.7847,2.414
44.652395464,0.6347,2.4544,0.9896,2.721
44.654845233,0.9171,2.5609,1.1441,2.951
44.659360387,1.0477,2.7186,1.4716,3.264
44.660122464,1.1979,2.8966,1.7404,3.585
44.662014849,1.1893,3.1011,1.5831,3.679
44.664426772,1.1094,3.2511,1.3612,3.695
44.667188926,1.1067,3.3503,1.4374,3.810
44.669299079,1.0163,3.4305,1.2603,3.793
44.671612926,1.0009,3.4446,0.8623,3.689
44.674609849,0.9005,3.3345,0.3256,3.469
44.677108002,0.7251,3.1385,-0.4011,3.246
44.678756695,0.5676,2.8779,-1.1993,3.169
44.681386156,0.5702,2.5949,-1.6841,3.146
44.683972002,0.6850,2.2506,-1.9466,3.053
44.686682156,0.8201,1.9443,-1.4332,2.551
44.688719772,0.9909,1.6958,-0.4048,2.005
44.691316695,1.1844,1.5651,0.5948,2.051
44.693312695,1.2418,1.6660,1.1015,2.352
44.696056387,1.1160,1.9147,1.2046,2.522
44.698672695,0.8052,2.2089,1.0490,2.574
44.700566772,0.4786,2.4803,0.7129,2.625
44.703662233,0.2022,2.6362,0.3390,2.666
44.705357618,0.0195,2.6567,0.1145,2.659
44.707951387,-0.1213,2.5581,0.1413,2.565
44.710382849,-0.0324,2.3692,0.2212,2.380
44.712618772,0.1104,2.1688,-0.0422,2.172
44.71534431,0.1568,1.8763,-0.2897,1.905
44.717828695,0.1989,1.5614,-0.6357,1.698
44.719976926,0.2448,1.2416,-0.8129,1.504
44.722475464,0.2126,0.9788,-0.8378,1.306
44.724837002,0.0816,0.7904,-0.8213,1.143
44.729233618,-0.0698,0.6934,-0.5518,0.889
44.729948618,-0.2615,0.6453,-0.2634,0.744
44.740702541,-0.5181,0.6223,-0.0738,0.813
44.741312387,-0.8037,0.6413,0.0784,1.031
44.74185231,-1.0551,0.6778,0.1514,1.263
44.742057541,-1.2337,0.6895,0.1776,1.424
44.742825618,-1.4213,0.6885,0.2103,1.593
44.743808079,-1.5359,0.6602,0.1768,1.681
44.746318156,-1.6158,0.6017,0.0938,1.727
44.749066156,-1.6479,0.5167,-0.0288,1.727
44.751515695,-1.6146,0.4132,-0.2033,1.679
44.753676387,-1.5433,0.3049,-0.3918,1.621
44.756375387,-1.4441,0.2031,-0.5790,1.569
44.758631772,-1.3221,0.1237,-0.7032,1.503
44.760880002,-1.2156,0.0843,-0.8201,1.469
44.763417618,-1.1406,0.1014,-0.8976,1.455
44.766880002,-1.1082,0.1789,-0.9443,1.467
44.768185618,-1.1122,0.2917,-0.9440,1.488
44.770426849,-1.1487,0.4288,-0.9128,1.529
44.773395772,-1.2090,0.5730,-0.8619,1.591
44.775685541,-1.2789,0.7144,-0.8094,1.674
44.777908079,-1.3514,0.8488,-0.7400,1.759
44.780779695,-1.4227,0.9817,-0.6616,1.851
44.783780079,-1.4888,1.0997,-0.5726,1.937
44.785189233,-1.5235,1.2062,-0.4828,2.002
44.787304002,-1.5215,1.2863,-0.3999,2.032
44.790163772,-1.4909,1.3443,-0.3252,2.034
44.792455079,-1.4147,1.3699,-0.2714,1.988
44.795067695,-1.3141,1.3704,-0.2392,1.914
44.79747331,-1.1907,1.3464,-0.2143,1.810
44.800156002,-1.0586,1.3117,-0.1856,1.696
44.801791772,-0.9200,1.2744,-0.1524,1.579
44.805109002,-0.7868,1.2294,-0.1102,1.464
44.808462849,-0.6628,1.1859,-0.0652,1.360
44.810009541,-0.5492,1.1423,-0.0288,1.268
44.811435156,-0.4427,1.1011,0.0004,1.187
44.814637233,-0.3430,1.0535,0.0183,1.108
44.817404387,-0.2479,1.0054,0.0129,1.036
44.818838541,-0.1688,0.9590,-0.0114,0.974
44.821336387,-0.1028,0.9079,-0.0447,0.915
44.824585849,-0.0525,0.8603,-0.0982,0.867
44.825854772,-0.0121,0.8139,-0.1465,0.827
44.828519772,0.0183,0.7715,-0.1945,0.796
44.830906156,0.0323,0.7357,-0.2399,0.775
44.837018772,0.0377,0.7083,-0.2788,0.762
44.837703156,0.0330,0.6839,-0.3017,0.748
44.838009926,0.0242,0.6716,-0.3079,0.739
44.850992079,0.0070,0.6707,-0.3044,0.737
44.851983079,-0.0216,0.6797,-0.2942,0.741
44.852186464,-0.0542,0.7012,-0.2804,0.757
44.852604926,-0.0764,0.7324,-0.2636,0.782
44.852785618,-0.0926,0.7750,-0.2389,0.816
44.853070156,-0.1020,0.8246,-0.2145,0.858
44.855909849,-0.1050,0.8815,-0.1898,0.908
44.85839231,-0.0989,0.9355,-0.1586,0.954
44.859575387,-0.0896,0.9932,-0.1204,1.004
44.862112079,-0.0747,1.0457,-0.0782,1.051
44.865603464,-0.0525,1.0978,-0.0435,1.100
44.867154233,-0.0295,1.1437,-0.0210,1.144
44.869969849,-0.0085,1.1835,-0.0154,1.184
44.872188618,0.0114,1.2199,-0.0107,1.220
44.874732926,0.0261,1.2495,-0.0100,1.250
44.876661849,0.0396,1.2714,-0.0053,1.272
44.879610849,0.0484,1.2783,0.0097,1.279
44.883597541,0.0508,1.2678,0.0272,1.269
44.884351464,0.0464,1.2476,0.0449,1.249
44.886488618,0.0349,1.2133,0.0607,1.215
44.888940079,0.0078,1.1679,0.0691,1.170
44.891881618,-0.0300,1.1102,0.0612,1.112
44.894109002,-0.0732,1.0489,0.0409,1.052
44.89618531,-0.1223,0.9924,0.0146,1.000
44.899229541,-0.1741,0.9357,-0.0086,0.952
44.900670772,-0.2228,0.8869,-0.0288,0.915
44.903606772,-0.2643,0.8402,-0.0449,0.882
44.905890464,-0.2992,0.7921,-0.0552,0.849
44.90878431,-0.3256,0.7518,-0.0687,0.822
44.910448618,-0.3407,0.7091,-0.0843,0.791
44.913350772,-0.3488,0.6658,-0.1055,0.759
44.915817849,-0.3454,0.6252,-0.1307,0.726
44.917575464,-0.3326,0.5891,-0.1546,0.694
44.920154849,-0.3158,0.5563,-0.1754,0.663
44.923908387,-0.2958,0.5255,-0.1957,0.634
44.925980387,-0.2760,0.4992,-0.2091,0.608
44.927480618,-0.2625,0.4784,-0.2203,0.588
44.930615772,-0.2466,0.4610,-0.2243,0.569
44.937893849,-0.2347,0.4538,-0.2250,0.558
44.938417233,-0.2266,0.4493,-0.2201,0.549
44.938845002,-0.2205,0.4530,-0.2115,0.546
44.939362156,-0.2166,0.4659,-0.1945,0.549
44.949397926,-0.2119,0.4836,-0.1737,0.556
44.950145541,-0.2088,0.5048,-0.1530,0.567
44.950865541,-0.2051,0.5304,-0.1292,0.583
44.951274772,-0.2044,0.5625,-0.1026,0.607
44.951639387,-0.2012,0.6015,-0.0820,0.640
44.954866541,-0.1968,0.6455,-0.0620,0.678
44.957290233,-0.1954,0.6926,-0.0454,0.721
44.958500387,-0.1881,0.7379,-0.0271,0.762
44.962728002,-0.1770,0.7841,-0.0088,0.804
44.963769926,-0.1607,0.8321,0.0080,0.848
44.966021618,-0.1418,0.8761,0.0229,0.888
44.968399079,-0.1152,0.9167,0.0388,0.925
44.971304618,-0.0896,0.9555,0.0442,0.961
44.973645541,-0.0649,0.9844,0.0256,0.987
44.975422156,-0.0390,1.0086,-0.0310,1.010
44.978113233,-0.0207,1.0237,-0.1160,1.030
44.981460387,-0.0180,1.0391,-0.2171,1.062
44.982763387,-0.0265,1.0571,-0.3205,1.105
44.985289541,-0.0361,1.0778,-0.4195,1.157
44.987811156,-0.0456,1.1160,-0.4752,1.214
44.990448079,-0.0656,1.1684,-0.5050,1.275
44.992472387,-0.0938,1.2185,-0.5269,1.331
44.995476695,-0.1169,1.2614,-0.5418,1.378
44.99802931,-0.1416,1.3019,-0.5663,1.427
44.999569926,-0.1546,1.3198,-0.5067,1.422
45.002266772,-0.1781,1.3384,-0.4260,1.416
45.004504618,-0.2002,1.3343,-0.3473,1.393
45.006969541,-0.2276,1.3115,-0.2660,1.357
45.009736695,-0.2591,1.2602,-0.1903,1.301
45.011942849,-0.2874,1.1889,-0.1251,1.230
45.014270772,-0.3190,1.1011,-0.0780,1.149
45.016554849,-0.3461,1.0042,-0.0594,1.064
45.019125849,-0.3759,0.9040,-0.0638,0.981
45.022593926,-0.4155,0.8027,-0.0908,0.908
45.023815156,-0.4690,0.7056,-0.1376,0.858
45.026300387,-0.5322,0.6131,-0.1849,0.833
45.028579387,-0.6085,0.5385,-0.2038,0.838
45.035904079,-0.6926,0.4654,-0.2294,0.865
45.036546464,-0.7758,0.3946,-0.2502,0.906
45.036957002,-0.8548,0.3364,-0.2487,0.952
45.050431156,-0.9158,0.2917,-0.2341,0.989
45.051215695,-0.9608,0.2600,-0.1982,1.015
45.051429849,-0.9750,0.2421,-0.1635,1.018
45.051637849,-0.9571,0.2365,-0.1278,0.994
45.051841233,-0.9014,0.2541,-0.1048,0.942
45.052027464,-0.8228,0.2910,-0.0855,0.877
45.052852926,-0.7238,0.3541,-0.0694,0.809
45.057454233,-0.6225,0.4456,-0.0538,0.767
45.058144926,-0.5264,0.5619,-0.0410,0.771
45.059922849,-0.4544,0.6770,-0.0146,0.816
45.062517002,-0.4067,0.7785,0.0080,0.878
45.064781233,-0.3696,0.8532,0.0251,0.930
45.067044926,-0.3454,0.9108,0.0270,0.974
45.069643464,-0.3402,0.9318,0.0072,0.992
45.072022464,-0.3605,0.9248,-0.0379,0.993
45.074325849,-0.3933,0.8879,-0.1290,0.980
45.077270464,-0.4285,0.8321,-0.2406,0.966
45.079306849,-0.4939,0.7545,-0.3566,0.970
45.08158131,-0.5625,0.6837,-0.4510,0.994
45.084353233,-0.6249,0.6296,-0.5152,1.026
45.086648002,-0.6742,0.6020,-0.5448,1.055
45.08960031,-0.7101,0.6147,-0.5465,1.087
45.091261926,-0.7197,0.6714,-0.5189,1.113
45.093779464,-0.7026,0.7564,-0.4708,1.135
45.097177233,-0.6657,0.8759,-0.4158,1.176
45.098447156,-0.6221,1.0119,-0.3799,1.247
45.101268926,-0.5653,1.1713,-0.3577,1.349
45.103561849,-0.5112,1.3413,-0.3484,1.477
45.106090156,-0.4737,1.5323,-0.3244,1.636
45.109089849,-0.4565,1.7445,-0.3352,1.834
45.111597618,-0.4409,1.9236,-0.4302,2.020
45.113591695,-0.4378,2.0925,-0.4483,2.184
45.11545331,-0.4604,2.2634,-0.4363,2.351
45.11815331,-0.4875,2.3927,-0.4297,2.479
45.121408695,-0.5044,2.4754,-0.4114,2.560
45.124078541,-0.5098,2.5129,-0.3860,2.593
45.125174156,-0.5054,2.5043,-0.3403,2.577
45.128308695,-0.5035,2.4659,-0.2986,2.534
45.134322233,-0.5181,2.4141,-0.2851,2.485
45.135205233,-0.5396,2.3526,-0.3049,2.433
45.136027772,-0.5741,2.2993,-0.3324,2.393
45.144066541,-0.6219,2.2478,-0.3689,2.361
45.144838849,-0.6745,2.2076,-0.4165,2.346
45.144987772,-0.7265,2.1833,-0.4622,2.347
45.145126464,-0.7781,2.1742,-0.4928,2.361
45.152657002,-0.8079,2.1624,-0.4737,2.357
45.153354233,-0.8179,2.1397,-0.4016,2.326
45.153530541,-0.8233,2.1087,-0.3061,2.284
45.15418431,-0.8242,2.0608,-0.2196,2.230
45.156449849,-0.8264,1.9988,-0.1639,2.169
45.158934156,-0.8308,1.9189,-0.1381,2.096
45.161448387,-0.8357,1.8223,-0.1393,2.010
45.163682541,-0.8352,1.7074,-0.1546,1.907
45.165853002,-0.8276,1.5803,-0.1681,1.792
45.168937541,-0.8133,1.4517,-0.1728,1.673
45.171225849,-0.7932,1.3291,-0.1681,1.557
45.173812926,-0.7754,1.2148,-0.1627,1.450
45.176162541,-0.7556,1.1129,-0.1514,1.354
45.178462541,-0.7436,1.0233,-0.1297,1.272
45.180546849,-0.7346,0.9421,-0.1069,1.199
45.183002233,-0.7202,0.8700,-0.0906,1.133
45.185825849,-0.7120,0.8119,-0.0669,1.082
45.187818541,-0.7145,0.7671,-0.0324,1.049
45.190322849,-0.6967,0.7188,-0.0342,1.002
45.192678849,-0.6684,0.6631,-0.0447,0.943
45.195845849,-0.6439,0.6133,-0.0699,0.892
45.197278541,-0.6286,0.5728,-0.1246,0.859
45.199892618,-0.6097,0.5280,-0.1879,0.828
45.202185618,-0.6004,0.4867,-0.2369,0.808
45.204697003,-0.5939,0.4452,-0.2837,0.795
45.207131387,-0.5736,0.3965,-0.3171,0.766
45.20968531,-0.5420,0.3448,-0.3677,0.740
45.212985003,-0.5130,0.2851,-0.3972,0.709
45.214216926,-0.4907,0.2243,-0.4141,0.680
45.216804618,-0.4756,0.1589,-0.4136,0.650
45.219363464,-0.4795,0.0946,-0.3992,0.631
45.221904079,-0.4922,0.0282,-0.3918,0.630
45.223963695,-0.5369,-0.0431,-0.3918,0.666
45.226770156,-0.6227,-0.1133,-0.3667,0.731
45.231532387,-0.7514,-0.1746,-0.3503,0.847
45.232347156,-0.9073,-0.2327,-0.3848,1.013
45.233649849,-1.0642,-0.2864,-0.5067,1.213
45.240461233,-1.2079,-0.3402,-0.6577,1.417
45.241045003,-1.3131,-0.4015,-0.7887,1.583
45.241268618,-1.3703,-0.4665,-0.8600,1.684
45.243999772,-1.3712,-0.5307,-0.8077,1.678
45.251912079,-1.3612,-0.6234,-0.6685,1.640
45.253021541,-1.3163,-0.7133,-0.4854,1.574
45.253494464,-1.2398,-0.8012,-0.2651,1.500
45.253769233,-1.1259,-0.8726,-0.0682,1.426
45.255862233,-0.9522,-0.9239,0.1385,1.334
45.257701849,-0.7478,-0.9353,0.3244,1.241
45.260797541,-0.5271,-0.9031,0.4968,1.158
45.262781233,-0.3237,-0.8433,0.6454,1.110
45.264782156,-0.1541,-0.7636,0.7453,1.078
45.267732003,-0.0393,-0.6670,0.7993,1.042
45.269926849,0.0638,-0.5699,0.7863,0.973
45.27216031,0.1465,-0.4851,0.7302,0.889
45.274446541,0.2106,-0.4030,0.6337,0.780
45.27830831,0.2611,-0.3339,0.5054,0.660
45.279286541,0.3091,-0.2694,0.3915,0.567
45.282508079,0.3496,-0.2048,0.3237,0.519
45.284453926,0.3750,-0.1487,0.2305,0.465
45.286968079,0.3941,-0.0856,0.1627,0.435
45.289579156,0.4158,-0.0290,0.1087,0.431
45.291861233,0.4229,0.0208,0.0527,0.427
45.293834464,0.4132,0.0770,-0.0019,0.420
45.296251695,0.3958,0.1425,-0.0095,0.421
45.298664387,0.3643,0.2111,-0.0780,0.428
45.301792387,0.2793,0.2993,-0.0239,0.410
45.304229849,0.2028,0.3746,-0.1026,0.438
45.306129233,0.0926,0.4566,-0.1563,0.491
45.30851631,-0.0288,0.5365,-0.1705,0.564
45.311247695,-0.1548,0.6008,-0.1756,0.645
45.312985233,-0.2562,0.6401,-0.2057,0.720
45.315748079,-0.3283,0.6494,-0.2341,0.764
45.318120926,-0.3994,0.6614,-0.1917,0.796
45.320518541,-0.4702,0.6670,-0.1573,0.831
45.322824926,-0.5240,0.6646,-0.1319,0.857
45.325404003,-0.5550,0.6377,-0.1139,0.853
45.330456926,-0.5748,0.6075,-0.0972,0.842
45.331054464,-0.6002,0.5820,-0.0696,0.839
45.333500003,-0.6181,0.5537,-0.0442,0.831
45.335736079,-0.6410,0.5372,-0.0205,0.837
45.34447231,-0.6528,0.5155,-0.0024,0.832
45.345527387,-0.6708,0.5074,0.0124,0.841
45.345720926,-0.6784,0.4931,0.0293,0.839
45.345897003,-0.6822,0.4820,0.0375,0.836
45.347912387,-0.7011,0.4926,0.0530,0.858
45.350283772,-0.6933,0.4845,0.0505,0.847
45.353917541,-0.6835,0.4733,0.0473,0.833
45.354777233,-0.6715,0.4720,0.0493,0.822
45.356380926,-0.6686,0.4620,0.0549,0.815
45.35894131,-0.6818,0.4633,0.0535,0.826
45.361352618,-0.6615,0.4650,0.0505,0.810
45.364191772,-0.5983,0.4820,0.2333,0.803
45.366648926,-0.5524,0.4982,0.2359,0.780
45.368760618,-0.5071,0.5097,0.1900,0.744
45.370896618,-0.4157,0.4725,0.0984,0.637
45.373659772,-0.4490,0.5234,0.0808,0.694
45.375996079,-0.4311,0.5307,0.0265,0.684
45.378254772,-0.4392,0.5537,-0.0139,0.707
45.380868079,-0.4474,0.5756,-0.0626,0.732
45.383634156,-0.4439,0.5901,-0.0962,0.745
45.386030849,-0.4553,0.6152,-0.1024,0.772
45.388786156,-0.4627,0.6248,-0.0911,0.783
45.390723772,-0.4807,0.6450,-0.0848,0.809
45.393008079,-0.4993,0.6665,-0.0987,0.839
45.395077541,-0.5179,0.6932,-0.1111,0.872
45.397759387,-0.5552,0.7264,-0.1195,0.922
45.400003772,-0.6029,0.7618,-0.1414,0.982
45.402600079,-0.6332,0.7767,-0.1873,1.019
45.405629233,-0.6603,0.7841,-0.2243,1.049
45.407685849,-0.6822,0.7969,-0.2529,1.079
45.410310772,-0.6950,0.8009,-0.2883,1.099
45.412075464,-0.6928,0.8011,-0.3179,1.106
45.414654849,-0.6891,0.8048,-0.3640,1.120
45.416982849,-0.6862,0.8139,-0.3736,1.128
45.41951631,-0.6740,0.8270,-0.3652,1.128
45.421624695,-0.6512,0.8395,-0.3491,1.118
45.42451331,-0.6070,0.8514,-0.3268,1.096
45.430776926,-0.5638,0.8686,-0.3144,1.082
45.431572003,-0.5179,0.8928,-0.2914,1.072
45.431900926,-0.4824,0.9223,-0.2562,1.072
45.433966849,-0.4526,0.9588,-0.2196,1.083
45.440772695,-0.4455,0.9846,-0.1973,1.099
45.441819464,-0.4245,1.0177,-0.2260,1.126
45.442005233,-0.4094,1.0645,-0.2033,1.158
45.448481618,-0.4055,1.1104,-0.2047,1.200
45.449330233,-0.4192,1.1552,-0.2231,1.249
45.449592926,-0.4370,1.1889,-0.2565,1.292
45.451441541,-0.4483,1.2162,-0.2927,1.329
45.453320695,-0.4644,1.2350,-0.3274,1.359
45.455357849,-0.4981,1.2446,-0.3655,1.389
45.457935695,-0.5347,1.2463,-0.3934,1.412
45.460799156,-0.5818,1.2383,-0.4004,1.426
45.462795772,-0.6335,1.2297,-0.3926,1.438
45.46526031,-0.6994,1.2192,-0.3823,1.457
45.468607156,-0.7553,1.2069,-0.3745,1.472
45.469890849,-0.8061,1.1925,-0.3650,1.485
45.472603695,-0.8526,1.1789,-0.3543,1.497
45.474956695,-0.8956,1.1671,-0.3428,1.511
45.477310233,-0.9237,1.1579,-0.3354,1.519
45.479810849,-0.9476,1.1515,-0.3298,1.527
45.482431464,-0.9666,1.1493,-0.3230,1.536
45.484764618,-0.9776,1.1537,-0.3207,1.546
45.487011695,-0.9918,1.1628,-0.3159,1.561
45.489394233,-1.0006,1.1723,-0.2981,1.570
45.49170031,-1.0111,1.1838,-0.2829,1.582
45.494047695,-1.0131,1.1955,-0.2643,1.589
45.496401233,-1.0150,1.2023,-0.2448,1.592
45.500631387,-1.0146,1.2015,-0.2284,1.589
45.502024618,-1.0099,1.1989,-0.1998,1.580
45.504907156,-1.0029,1.1779,-0.1873,1.558
45.506895156,-0.9803,1.1444,-0.1744,1.517
45.508561233,-0.9545,1.1007,-0.1598,1.466
45.510829618,-0.9178,1.0452,-0.1407,1.398
45.513520079,-0.8674,0.9807,-0.1174,1.315
45.515879464,-0.8040,0.9133,-0.0931,1.220
45.518220387,-0.7283,0.8486,-0.0645,1.120
45.520561541,-0.6547,0.7818,-0.0368,1.020
45.523069233,-0.5824,0.7184,-0.0179,0.925
45.52917631,-0.5173,0.6558,-0.0021,0.835
45.53006931,-0.4595,0.5998,0.0080,0.756
45.530722464,-0.4018,0.5505,0.0180,0.682
45.532735387,-0.3468,0.5082,0.0268,0.616
45.538511464,-0.2936,0.4738,0.0288,0.558
45.539059387,-0.2487,0.4496,0.0319,0.515
45.539953233,-0.2002,0.4305,0.0263,0.476
45.546995772,-0.1551,0.4235,0.0131,0.451
45.547349618,-0.1206,0.4271,-0.0024,0.444
45.547829849,-0.1103,0.4324,-0.0232,0.447
45.549575464,-0.1145,0.4501,-0.0239,0.465
45.551803387,-0.1380,0.4864,-0.0183,0.506
45.554292079,-0.1695,0.5336,-0.0237,0.560
45.557029849,-0.2081,0.5861,-0.0307,0.623
45.559256695,-0.2550,0.6401,-0.0424,0.690
45.561710772,-0.3060,0.6995,-0.0628,0.766
45.563974233,-0.3624,0.7506,-0.0852,0.838
45.566926541,-0.4113,0.8039,-0.0967,0.908
45.568659464,-0.4544,0.8547,-0.1043,0.974
45.571330156,-0.4956,0.8996,-0.1106,1.033
45.574158541,-0.5193,0.9409,-0.1180,1.081
45.582417541,-0.5345,0.9697,-0.1251,1.114
45.583578464,-0.5396,0.9924,-0.1336,1.138
45.584198464,-0.5387,1.0066,-0.1397,1.150
45.584752618,-0.5296,1.0191,-0.1334,1.156
45.58569231,-0.5179,1.0205,-0.1295,1.152
45.588663387,-0.5005,1.0203,-0.1267,1.144
45.592203772,-0.4798,1.0161,-0.1239,1.131
45.592865233,-0.4427,1.0079,-0.1185,1.107
45.595304387,-0.4111,0.9910,-0.1167,1.079
45.597675079,-0.3757,0.9704,-0.1192,1.047
45.600466156,-0.3437,0.9460,-0.1151,1.013
45.60262931,-0.3085,0.9277,-0.1139,0.984
45.605345618,-0.2787,0.9050,-0.1143,0.954
45.608376387,-0.2482,0.8842,-0.1106,0.925
45.609618772,-0.2222,0.8612,-0.1099,0.896
45.612099079,-0.1990,0.8374,-0.1038,0.867
45.614720079,-0.1739,0.8083,-0.0941,0.832
45.617079079,-0.1518,0.7833,-0.0894,0.803
45.619496079,-0.1394,0.7594,-0.0897,0.777
45.62175731,-0.1250,0.7371,-0.0882,0.753
45.627638464,-0.1147,0.7161,-0.0864,0.730
45.628291695,-0.1054,0.6970,-0.0855,0.710
45.62939331,-0.1022,0.6807,-0.0852,0.694
45.634712003,-0.1071,0.6758,-0.0720,0.688
45.635159079,-0.1311,0.6897,-0.0720,0.706
45.636582849,-0.1716,0.7171,-0.0623,0.740
45.638801618,-0.2181,0.7417,0.0034,0.773
45.644315695,-0.2674,0.7652,0.1304,0.821
45.644591387,-0.3095,0.7764,0.1277,0.846
45.645873233,-0.3784,0.7948,-0.1979,0.902
45.649020618,-0.4653,0.8163,-0.7559,1.206
45.651187156,-0.5653,0.8524,-1.2387,1.606
45.654175387,-0.6386,0.9257,-1.3689,1.772
45.656038772,-0.6645,1.0303,-1.1446,1.677
45.658032618,-0.6234,1.1302,-0.7430,1.489
45.660213233,-0.5184,1.2124,-0.3680,1.369
45.663054233,-0.3563,1.2832,-0.0535,1.333
45.665772695,-0.2014,1.3513,0.2007,1.381
45.667499156,-0.1446,1.4232,0.3728,1.478
45.669939156,-0.2222,1.5404,0.5086,1.637
45.672660926,-0.3395,1.6970,0.8164,1.914
45.675033541,-0.3684,1.8360,1.2389,2.245
45.677267464,-0.2809,1.9292,1.4629,2.437
45.679929003,-0.1169,1.9783,1.3561,2.401
45.682296695,0.0610,2.0284,0.9726,2.250
45.684433618,0.2521,2.0965,0.6525,2.210
45.687085003,0.4337,2.1984,0.3542,2.269
45.689500618,0.5876,2.2807,0.1658,2.361
45.691798849,0.6164,2.3794,0.1453,2.462
45.694100387,0.5321,2.4910,0.0817,2.549
45.696804926,0.4265,2.5937,-0.1241,2.631
45.699511695,0.3741,2.6682,-0.4532,2.732
45.701368387,0.2377,2.7156,-0.9804,2.897
45.704857233,0.1991,2.6851,-1.4365,3.052
45.707492003,0.1998,2.5585,-1.6962,3.076
45.708811695,0.2623,2.3589,-1.5739,2.848
45.710920618,0.3308,2.1016,-1.2138,2.449
45.714079387,0.4537,1.8211,-0.7691,2.028
45.71666431,0.5729,1.5961,-0.2184,1.710
45.71825631,0.7649,1.3909,0.2071,1.601
45.721393618,0.9262,1.2064,0.4663,1.591
45.723474464,0.9765,1.0435,0.5821,1.543
45.728227387,0.9923,0.9136,0.6258,1.487
45.72876831,1.0012,0.7877,0.6554,1.433
45.731587464,0.8529,0.7379,0.6454,1.299
45.740593849,0.5907,0.7577,0.5997,1.133
45.740973541,0.3264,0.7965,0.5142,1.003
45.741098772,0.1062,0.8307,0.3579,0.911
45.74122931,-0.0724,0.8570,0.1739,0.877
45.742492079,-0.2140,0.8810,-0.0232,0.907
45.745144926,-0.3319,0.9301,-0.1817,1.004
45.74754931,-0.4194,1.0103,-0.3335,1.144
45.74976031,-0.4529,1.1129,-0.4505,1.283
45.751874849,-0.4472,1.2402,-0.5695,1.436
45.754630849,-0.4143,1.3973,-0.6809,1.609
45.756990156,-0.3766,1.5744,-0.7419,1.781
45.759177618,-0.3430,1.7762,-0.7598,1.962
45.761607772,-0.3314,1.9981,-0.7249,2.151
45.765606233,-0.3677,2.2040,-0.6892,2.338
45.76638131,-0.3877,2.3741,-0.6296,2.487
45.768874849,-0.3365,2.5050,-0.3322,2.549
45.771425233,-0.2522,2.5407,-0.1153,2.556
45.773868387,-0.1683,2.4898,0.0691,2.496
45.77608431,-0.0991,2.3745,0.2044,2.385
45.779004926,-0.0393,2.2180,0.3023,2.239
45.781317541,-0.0185,2.0430,0.3757,2.077
45.784146849,-0.0446,1.8639,0.4108,1.909
45.786036079,-0.1162,1.6939,0.4113,1.747
45.788536695,-0.2088,1.5187,0.3666,1.576
45.790946541,-0.3121,1.3643,0.2927,1.430
45.793721618,-0.4334,1.2272,0.1737,1.313
45.796603695,-0.5797,1.1183,0.0278,1.260
45.798488618,-0.7339,1.0261,-0.1283,1.268
45.800228695,-0.8382,0.9233,-0.3070,1.284
45.803165541,-0.9132,0.8180,-0.4476,1.305
45.806931772,-1.0370,0.7333,-0.4632,1.352
45.807890233,-1.1367,0.6418,-0.5338,1.410
45.810068387,-1.2755,0.5617,-0.5431,1.496
45.812845618,-1.4562,0.4918,-0.5115,1.620
45.81495731,-1.6573,0.4198,-0.5128,1.785
45.817318541,-1.8032,0.3433,-0.5226,1.908
45.819750233,-1.9232,0.2607,-0.5169,2.008
45.827320695,-2.0062,0.1666,-0.5409,2.085
45.828209233,-2.0527,0.0911,-0.5560,2.129
45.828657541,-2.0380,0.0130,-0.5870,2.121
45.830082849,-1.9891,-0.0488,-0.6364,2.089
45.837255772,-1.8997,-0.0819,-0.6741,2.017
45.837822464,-1.7600,-0.0819,-0.6858,1.891
45.838180079,-1.5880,-0.0404,-0.6813,1.728
45.844372003,-1.3964,0.0413,-0.6618,1.546
45.844756695,-1.2117,0.1568,-0.6237,1.372
45.844888387,-1.0378,0.2886,-0.5724,1.220
45.846272695,-0.8731,0.4219,-0.5194,1.100
45.848839387,-0.7324,0.5517,-0.4828,1.036
45.850827695,-0.6068,0.6670,-0.4542,1.010
45.853525618,-0.5156,0.7736,-0.4324,1.025
45.856118464,-0.4409,0.8656,-0.4170,1.057
45.858082849,-0.3906,0.9602,-0.4183,1.118
45.860763772,-0.3664,1.0503,-0.4283,1.192
45.864305233,-0.3710,1.1344,-0.4425,1.273
45.865457618,-0.3828,1.2180,-0.4446,1.352
45.86792031,-0.4167,1.2988,-0.4583,1.439
45.871265926,-0.4683,1.3919,-0.4451,1.535
45.873496695,-0.5315,1.4831,-0.4197,1.630
45.875624695,-0.5846,1.5678,-0.4067,1.722
45.878345233,-0.6339,1.6374,-0.3748,1.795
45.881757233,-0.6552,1.6631,-0.3533,1.822
45.883166156,-0.6486,1.6482,-0.3489,1.805
45.885246541,-0.6016,1.5905,-0.3801,1.742
45.88788531,-0.5252,1.4943,-0.3450,1.621
45.890692926,-0.4648,1.4198,-0.2937,1.523
45.892850772,-0.3979,1.3440,-0.2746,1.428
45.894798464,-0.3244,1.2658,-0.2618,1.333
45.89824031,-0.2408,1.1908,-0.2521,1.241
45.899268387,-0.1614,1.1168,-0.2467,1.155
45.901610772,-0.0828,1.0491,-0.2426,1.080
45.904226156,-0.0106,0.9853,-0.2360,1.013
45.906442156,0.0528,0.9299,-0.2257,0.958
45.908893541,0.1106,0.8824,-0.2079,0.913
45.911283387,0.1600,0.8412,-0.1917,0.878
45.913803387,0.1866,0.8202,-0.1651,0.857
45.916186464,0.2140,0.7960,-0.1581,0.839
45.918674156,0.2257,0.7769,-0.1432,0.822
45.925816926,0.2194,0.7650,-0.1285,0.806
45.926589618,0.2079,0.7596,-0.1074,0.795
45.926918156,0.1852,0.7628,-0.0931,0.790
45.929158772,0.1537,0.7662,-0.0855,0.786
45.940111387,0.1167,0.7762,-0.0801,0.789
45.940978541,0.0736,0.7838,-0.0838,0.792
45.941289233,0.0298,0.7953,-0.0975,0.802
45.941462156,-0.0111,0.8041,-0.1082,0.811
45.941617003,-0.0514,0.8116,-0.1136,0.821
45.942682233,-0.0910,0.8180,-0.1131,0.831
45.944952926,-0.1228,0.8253,-0.1134,0.842
45.947445618,-0.1543,0.8305,-0.1074,0.852
45.949802772,-0.1819,0.8351,-0.1058,0.861
45.95248931,-0.2076,0.8407,-0.0999,0.872
45.954988079,-0.2259,0.8402,-0.0967,0.875
45.957050233,-0.2438,0.8370,-0.0938,0.877
45.959669233,-0.2562,0.8353,-0.0904,0.878
45.963115464,-0.2664,0.8332,-0.0818,0.879
45.964161541,-0.2729,0.8288,-0.0780,0.876
45.966903156,-0.2811,0.8236,-0.0762,0.874
45.969275464,-0.2873,0.8236,-0.0706,0.875
45.971791464,-0.2882,0.8180,-0.0706,0.870
45.973998849,-0.2873,0.8116,-0.0679,0.864
45.976579387,-0.2841,0.8048,-0.0645,0.856
45.979563772,-0.2816,0.8027,-0.0591,0.853
45.981161926,-0.2718,0.7997,-0.0530,0.846
45.983553618,-0.2564,0.7958,-0.0552,0.838
45.988067464,-0.2389,0.7916,-0.0584,0.829
45.989013541,-0.2222,0.7889,-0.0594,0.822
45.991014541,-0.2010,0.7880,-0.0584,0.815
45.993355772,-0.1781,0.7865,-0.0584,0.809
45.996574156,-0.1511,0.7880,-0.0615,0.805
45.997913926,-0.1231,0.7909,-0.0647,0.803
46.001163387,-0.0935,0.7974,-0.0633,0.805
46.004902464,-0.0600,0.8078,-0.0615,0.812
46.006270772,-0.0253,0.8139,-0.0659,0.817
46.00771731,0.0073,0.8185,-0.0762,0.822
46.010490464,0.0417,0.8297,-0.0887,0.835
46.012992695,0.0780,0.8456,-0.0980,0.855
46.015003387,0.1131,0.8579,-0.1018,0.871
46.017417926,0.1441,0.8756,-0.0960,0.893
46.021300387,0.1752,0.8994,-0.0904,0.921
46.022399464,0.1938,0.9167,-0.1099,0.943
46.025240003,0.1984,0.9267,-0.1255,0.956
46.027824926,0.2071,0.9567,-0.1104,0.985
46.029944079,0.2169,0.9905,-0.1116,1.020
46.032007695,0.2262,1.0233,-0.1106,1.054
46.034633233,0.2304,1.0511,-0.1143,1.082
46.040787387,0.2389,1.0731,-0.1246,1.106
46.041302849,0.2401,1.0870,-0.1363,1.122
46.041654772,0.2392,1.0946,-0.1383,1.129
46.045071079,0.2306,1.0936,-0.1339,1.126
46.052552618,0.2069,1.0811,-0.1390,1.109
46.053090156,0.1788,1.0515,-0.1600,1.079
46.053237003,0.1393,0.9926,-0.2010,1.022
46.053388079,0.0675,0.9241,-0.2541,0.961
46.056387772,-0.0263,0.8654,-0.3005,0.916
46.058605849,-0.1299,0.8139,-0.3274,0.887
46.060585003,-0.2371,0.7620,-0.3377,0.867
46.063047156,-0.3530,0.7063,-0.3240,0.853
46.065490156,-0.4676,0.6570,-0.2868,0.856
46.068178772,-0.5748,0.6147,-0.2416,0.876
46.070890772,-0.6847,0.5805,-0.1982,0.919
46.073186849,-0.7800,0.5544,-0.1651,0.971
46.075354156,-0.8555,0.5314,-0.1407,1.017
46.079088079,-0.9029,0.5160,-0.1280,1.048
46.08000031,-0.9471,0.5214,-0.1123,1.087
46.082516926,-0.9496,0.5183,-0.1319,1.090
46.085061233,-0.9183,0.5118,-0.1732,1.065
46.087763079,-0.8739,0.5123,-0.2122,1.035
46.089689003,-0.8117,0.5207,-0.2469,0.996
46.092627695,-0.7399,0.5397,-0.2643,0.953
46.094827387,-0.6608,0.5735,-0.2778,0.918
46.097150541,-0.5794,0.6164,-0.2856,0.893
46.09949731,-0.5000,0.6804,-0.2893,0.893
46.102024003,-0.4269,0.7659,-0.2951,0.925
46.104255772,-0.3737,0.8642,-0.3049,0.990
46.106862464,-0.3451,0.9749,-0.3235,1.084
46.109029618,-0.3378,1.0960,-0.3471,1.198
46.111598772,-0.3412,1.2241,-0.3869,1.328
46.114925233,-0.3491,1.3736,-0.4043,1.474
46.116426156,-0.3507,1.5160,-0.4344,1.616
46.118753233,-0.3656,1.6673,-0.3999,1.753
46.121224695,-0.3771,1.8046,-0.3760,1.882
46.123673233,-0.3730,1.9140,-0.3217,1.976
46.126378156,-0.3451,1.9792,-0.2653,2.026
46.131583156,-0.2931,1.9930,-0.1982,2.024
46.132290849,-0.2140,1.9555,-0.1292,1.971
46.133526464,-0.1180,1.8647,-0.0894,1.871
46.139300618,0.0044,1.7305,-0.0936,1.733
46.139684003,0.1078,1.5588,-0.1332,1.568
46.140505233,0.2143,1.3533,-0.1896,1.383
46.143446541,0.2988,1.1370,-0.2135,1.195
46.150194541,0.3410,0.9277,-0.2143,1.011
46.151102541,0.3268,0.7464,-0.2145,0.843
46.151386156,0.2382,0.5952,-0.2387,0.684
46.153713233,0.1004,0.4718,-0.2670,0.551
46.155070849,-0.0593,0.3702,-0.2885,0.473
46.157160926,-0.2349,0.2917,-0.2893,0.473
46.159836079,-0.3945,0.2321,-0.2812,0.537
46.161910772,-0.5611,0.1994,-0.2494,0.646
46.164864003,-0.7265,0.1855,-0.2152,0.780
46.167319464,-0.8716,0.1708,-0.2203,0.915
46.169441233,-0.9818,0.1591,-0.2096,1.016
46.171539156,-1.0779,0.1613,-0.1861,1.106
46.174380618,-1.1226,0.1713,-0.1421,1.144
46.176659695,-1.1284,0.2011,-0.0815,1.149
46.179126464,-1.1042,0.2561,-0.0271,1.134
46.181471695,-1.0500,0.3384,0.0016,1.103
46.184185618,-0.9808,0.4508,-0.0073,1.079
46.186522464,-0.9154,0.5979,-0.0596,1.095
46.189048079,-0.8646,0.7872,-0.1267,1.176
46.191459464,-0.8455,1.0284,-0.1973,1.346
46.194354233,-0.8625,1.3019,-0.2998,1.590
46.195681233,-0.8909,1.6028,-0.4170,1.881
46.19827631,-0.9686,1.9631,-0.4055,2.226
46.200652695,-1.0429,2.3222,-0.4083,2.578
46.203493618,-1.0852,2.6147,-0.3975,2.859
46.205872003,-1.0719,2.8309,-0.3317,3.045
46.208197541,-1.0321,2.9785,-0.1812,3.157
46.211326541,-0.9698,3.0701,-0.0032,3.220
46.212861233,-0.8988,3.1162,0.1497,3.247
46.215195772,-0.8159,3.1180,0.2648,3.234
46.217684079,-0.7160,3.0784,0.3195,3.177
46.219884618,-0.6124,3.0009,0.3085,3.078
46.222385849,-0.5108,2.8891,0.2564,2.945
46.224874541,-0.4243,2.7517,0.1487,2.788
46.229939387,-0.3581,2.6005,0.0312,2.625
46.230724695,-0.2972,2.4317,-0.0579,2.451
46.232224387,-0.2538,2.2518,-0.1346,2.270
46.234616387,-0.2268,2.0731,-0.2118,2.096
46.239491464,-0.2256,1.9030,-0.2783,1.936
46.239786849,-0.2450,1.7393,-0.3281,1.787
46.242770233,-0.2677,1.5973,-0.3657,1.660
46.249495772,-0.2950,1.4657,-0.3953,1.546
46.250671387,-0.3285,1.3484,-0.4123,1.448
46.250988695,-0.3617,1.2443,-0.4078,1.358
46.251463387,-0.4018,1.1542,-0.3929,1.284
46.253877003,-0.4373,1.0757,-0.3662,1.218
46.256291695,-0.4714,1.0076,-0.3347,1.162
46.258680079,-0.5084,0.9495,-0.3012,1.118
46.260933541,-0.5420,0.8945,-0.2597,1.078
46.263776926,-0.5687,0.8370,-0.2108,1.034
46.266014464,-0.5988,0.7808,-0.1666,0.998
46.268387156,-0.6209,0.7256,-0.1456,0.966
46.270611387,-0.6624,0.6821,-0.1278,0.959
46.273587695,-0.6926,0.6441,-0.1884,0.964
46.276706849,-0.7018,0.5949,-0.2683,0.958
46.277870156,-0.7082,0.5527,-0.3261,0.956
46.280595464,-0.7016,0.5006,-0.3748,0.940
46.282865618,-0.6871,0.4435,-0.3762,0.900
46.285655772,-0.6728,0.3914,-0.3845,0.868
46.287489233,-0.6493,0.3333,-0.3797,0.823
46.290122464,-0.6214,0.2758,-0.3877,0.783
46.293622233,-0.5976,0.2148,-0.3882,0.744
46.294992387,-0.5701,0.1503,-0.3789,0.701
46.297088079,-0.5435,0.0802,-0.3457,0.649
46.300157003,-0.5242,0.0044,-0.2932,0.601
46.302720695,-0.5152,-0.0646,-0.2616,0.581
46.304323772,-0.5328,-0.1374,-0.2609,0.609
46.307181233,-0.5653,-0.2093,-0.2663,0.659
46.309907695,-0.6337,-0.2876,-0.2723,0.747
46.311495387,-0.7238,-0.3602,-0.3296,0.873
46.314233233,-0.8228,-0.4296,-0.4097,1.015
46.316729233,-0.9210,-0.5005,-0.4950,1.159
46.319367464,-1.0009,-0.5625,-0.5211,1.261
46.321666156,-1.0774,-0.6478,-0.5316,1.365
46.323944387,-1.1238,-0.7529,-0.4915,1.439
46.330412079,-1.1382,-0.8426,-0.4458,1.485
46.331441849,-1.0695,-0.8913,-0.2934,1.423
46.331977541,-1.0283,-0.9696,-0.1329,1.420
46.333914464,-0.9247,-1.0248,-0.0186,1.380
46.342266541,-0.7681,-1.0438,0.1189,1.301
46.342701233,-0.5841,-1.0411,0.2389,1.217
46.343027079,-0.4008,-1.0062,0.3356,1.134
46.343155464,-0.2426,-0.9463,0.4050,1.058
46.345155464,-0.1267,-0.8620,0.4441,0.978
46.348786156,-0.0451,-0.7646,0.4511,0.889
46.350670233,0.0114,-0.6728,0.4118,0.789
46.352609003,0.0694,-0.5850,0.3459,0.683
46.354970156,0.1121,-0.5093,0.2608,0.583
46.357482772,0.1495,-0.4369,0.1793,0.495
46.359825849,0.1881,-0.3712,0.1206,0.433
46.362102233,0.2226,-0.3082,0.0661,0.386
46.364758156,0.2490,-0.2493,0.0114,0.353
46.367594849,0.2611,-0.1997,-0.0415,0.331
46.369464618,0.2560,-0.1469,-0.0852,0.307
46.372108003,0.2453,-0.0991,-0.1363,0.298
46.374632079,0.2472,-0.0553,-0.2140,0.332
46.376795772,0.2292,0.0024,-0.1439,0.271
46.379047156,0.1930,0.0629,-0.1659,0.262
46.381879464,0.1202,0.1459,-0.1226,0.225
46.384310541,0.0542,0.2178,-0.0711,0.235
46.386301926,-0.0207,0.3040,-0.0872,0.317
46.388806849,-0.0982,0.3809,-0.0894,0.403
46.392371387,-0.1685,0.4408,-0.1241,0.488
46.393539464,-0.2193,0.4745,-0.1922,0.557
46.395989926,-0.2713,0.5013,-0.2184,0.610
46.398681541,-0.3261,0.5253,-0.2357,0.662
46.401124003,-0.3745,0.5412,-0.2485,0.703
46.403351079,-0.4169,0.5524,-0.2543,0.737
46.405836618,-0.4483,0.5563,-0.2538,0.758
46.409299695,-0.4685,0.5544,-0.2421,0.765
46.41049631,-0.4809,0.5465,-0.2208,0.761
46.413377849,-0.4879,0.5402,-0.1998,0.755
46.415570156,-0.4910,0.5314,-0.1740,0.744
46.418184003,-0.4949,0.5227,-0.1497,0.735
46.420045926,-0.4932,0.5141,-0.1307,0.724
46.423436695,-0.4956,0.5126,-0.1141,0.722
46.428659156,-0.4930,0.5090,-0.0936,0.715
46.429549849,-0.4898,0.5041,-0.0808,0.707
46.430035079,-0.4858,0.5029,-0.0735,0.703
46.432106541,-0.4776,0.5036,-0.0699,0.698
46.437428695,-0.4658,0.5050,-0.0787,0.692
46.438247772,-0.4499,0.5034,-0.0867,0.681
46.439473926,-0.4385,0.5087,-0.0818,0.677
46.446711695,-0.4269,0.5109,-0.0757,0.670
46.447319695,-0.4155,0.5029,-0.0759,0.657
46.447539387,-0.3891,0.5041,-0.1127,0.647
46.449950772,-0.3789,0.4936,-0.1568,0.642
46.451450772,-0.3681,0.4965,-0.1551,0.637
46.45390831,-0.3874,0.4997,-0.2064,0.665
46.456534849,-0.3920,0.5074,-0.2631,0.693
46.458904003,-0.3507,0.5451,-0.0862,0.654
46.461019464,-0.3251,0.5884,-0.0110,0.672
46.46389631,-0.3283,0.6355,-0.0955,0.722
46.466472618,-0.3454,0.6849,-0.1563,0.783
46.468346156,-0.3378,0.7312,-0.2135,0.833
46.470866772,-0.3375,0.7792,-0.2438,0.883
46.473456695,-0.3432,0.8325,-0.2553,0.936
46.476109233,-0.3547,0.8852,-0.2574,0.988
46.478185541,-0.3654,0.9338,-0.2423,1.032
46.480907695,-0.3833,0.9795,-0.2150,1.074
46.482972926,-0.4099,1.0179,-0.1879,1.113
46.485137618,-0.4397,1.0459,-0.1730,1.148
46.487903464,-0.4907,1.0650,-0.1388,1.181
46.490318849,-0.5555,1.0785,-0.2206,1.233
46.49271908,-0.5934,1.1016,-0.1719,1.263
46.494966541,-0.6444,1.1239,-0.1847,1.309
46.497558233,-0.7018,1.1381,-0.2264,1.356
46.499944618,-0.7500,1.1354,-0.2804,1.389
46.502461541,-0.7947,1.1334,-0.3095,1.418
46.50447908,-0.8501,1.1435,-0.3117,1.459
46.508043156,-0.9058,1.1479,-0.3305,1.499
46.50933108,-0.9328,1.1351,-0.3450,1.509
46.511845849,-0.9574,1.1256,-0.3528,1.519
46.514183156,-0.9682,1.1195,-0.3628,1.524
46.516938464,-0.9825,1.1190,-0.3736,1.535
46.519318541,-0.9957,1.1239,-0.3890,1.551
46.521685233,-0.9975,1.1261,-0.3955,1.555
46.528160926,-0.9884,1.1349,-0.3934,1.556
46.529061926,-0.9694,1.1459,-0.3872,1.550
46.529421233,-0.9652,1.1561,-0.3757,1.552
46.53994931,-0.9703,1.1686,-0.3618,1.561
46.54078931,-0.9803,1.1813,-0.3384,1.572
46.541285003,-0.9874,1.1928,-0.3135,1.580
46.541474233,-0.9985,1.2001,-0.2858,1.587
46.541830541,-1.0148,1.2126,-0.2538,1.601
46.54362308,-1.0444,1.2343,-0.2180,1.631
46.546710233,-1.0700,1.2585,-0.1798,1.662
46.549318541,-1.1022,1.2912,-0.1486,1.704
46.550237849,-1.1301,1.3230,-0.1253,1.744
46.552725926,-1.1569,1.3518,-0.1104,1.783
46.556221541,-1.1758,1.3806,-0.1141,1.817
46.557676695,-1.1839,1.4112,-0.1226,1.846
46.560624003,-1.1929,1.4400,-0.1368,1.875
46.562621233,-1.1993,1.4537,-0.1517,1.891
46.565644926,-1.1990,1.4579,-0.1676,1.895
46.567097541,-1.1783,1.4505,-0.1898,1.878
46.569584695,-1.1497,1.4214,-0.2089,1.840
46.572253926,-1.1154,1.3753,-0.2318,1.786
46.574614233,-1.0737,1.3140,-0.2453,1.715
46.577217849,-1.0211,1.2372,-0.2441,1.623
46.579453926,-0.9481,1.1530,-0.2389,1.512
46.58222008,-0.8529,1.0673,-0.2260,1.385
46.589839695,-0.7693,0.9690,-0.2206,1.257
46.590294156,-0.6911,0.8712,-0.2128,1.132
46.590799387,-0.6181,0.7760,-0.1961,1.011
46.59268931,-0.5462,0.6881,-0.1781,0.896
46.593736003,-0.4793,0.6010,-0.1637,0.786
46.596301541,-0.4082,0.5246,-0.1429,0.680
46.598616387,-0.3312,0.4633,-0.1260,0.583
46.600850541,-0.2518,0.4137,-0.1160,0.498
46.603830464,-0.1629,0.3675,-0.1174,0.419
46.606876387,-0.0933,0.3255,-0.1160,0.358
46.608063464,-0.0437,0.3054,-0.1029,0.325
46.610844387,0.0017,0.2944,-0.1046,0.312
46.613201926,0.0381,0.2956,-0.1104,0.318
46.616582156,0.0762,0.3130,-0.1146,0.342
46.618160695,0.0825,0.3438,-0.1329,0.378
46.62039908,0.0699,0.3816,-0.1425,0.413
46.623868618,0.0391,0.4281,-0.1441,0.453
46.625022156,-0.0023,0.4815,-0.1519,0.505
46.627578464,-0.0522,0.5397,-0.1610,0.566
46.630022464,-0.1082,0.5947,-0.1695,0.628
46.635681926,-0.1702,0.6416,-0.1707,0.685
46.636222541,-0.2347,0.6914,-0.1759,0.751
46.637695772,-0.3029,0.7335,-0.1693,0.811
46.64511908,-0.3644,0.7687,-0.1612,0.866
46.646056695,-0.4189,0.7960,-0.1483,0.912
46.646200695,-0.4697,0.8229,-0.1265,0.956
46.64709508,-0.5096,0.8417,-0.1073,0.990
46.652555695,-0.5499,0.8551,-0.0943,1.021
46.653165003,-0.5750,0.8630,-0.0811,1.040
46.654420387,-0.5895,0.8666,-0.0691,1.050
46.656638541,-0.5953,0.8674,-0.0596,1.054
46.658718464,-0.5909,0.8674,-0.0476,1.051
46.661322464,-0.5775,0.8632,-0.0393,1.039
46.663569618,-0.5511,0.8559,-0.0303,1.018
46.666027156,-0.5184,0.8537,-0.0259,0.999
46.66844431,-0.4830,0.8510,-0.0237,0.979
46.671033926,-0.4441,0.8510,-0.0210,0.960
46.673355464,-0.4069,0.8524,-0.0225,0.945
46.67572431,-0.3656,0.8561,-0.0298,0.931
46.67822008,-0.3326,0.8617,-0.0352,0.924
46.681083156,-0.3046,0.8656,-0.0188,0.918
46.682794233,-0.2818,0.8724,0.0041,0.917
46.685234464,-0.2655,0.8747,0.0176,0.914
46.687914156,-0.2547,0.8810,0.0209,0.917
46.690242849,-0.2491,0.8889,0.0200,0.923
46.692893849,-0.2496,0.8940,0.0258,0.929
46.695433003,-0.2531,0.8952,0.0234,0.931
46.697458541,-0.2569,0.8957,0.0195,0.932
46.699980926,-0.2645,0.8954,0.0134,0.934
46.702582464,-0.2762,0.9020,-0.0193,0.944
46.704618156,-0.2997,0.9106,-0.1060,0.965
46.707131156,-0.3156,0.9174,-0.2487,1.002
46.709448387,-0.3034,0.9018,-0.3161,1.003
46.71276008,-0.2843,0.8644,-0.2663,0.948
46.714637003,-0.2729,0.8087,-0.2184,0.881
46.716934156,-0.2816,0.7422,-0.2881,0.845
46.719671387,-0.2869,0.6841,-0.6317,0.974
46.722485541,-0.2780,0.6433,-1.1984,1.388
46.723834772,-0.2484,0.6445,-1.6643,1.802
46.726218849,-0.1824,0.7081,-1.7370,1.885
46.728843695,-0.0822,0.8018,-1.4521,1.661
46.731340618,0.0228,0.9013,-0.9184,1.287
46.733492695,0.1351,1.0454,-0.2118,1.075
46.736166233,0.2374,1.2309,0.3023,1.290
46.738645849,0.3032,1.3904,0.6276,1.555
46.744081849,0.3293,1.5407,0.9210,1.825
46.744489618,0.2942,1.7041,1.2296,2.122
46.745924618,0.2167,1.8910,1.5528,2.456
46.752246541,0.2159,2.0308,1.6241,2.609
46.752551156,0.3569,2.0554,1.2701,2.442
46.753533849,0.5492,2.0333,0.8162,2.259
46.762126849,0.7261,2.0252,0.4507,2.198
46.762674464,0.7926,2.1021,0.2037,2.256
46.762928695,0.8395,2.2567,0.1712,2.414
46.763402464,0.9098,2.4463,0.1653,2.615
46.76601508,0.9355,2.6955,0.1272,2.856
46.767488387,0.8968,2.9492,0.0684,3.083
46.769980695,0.8165,3.1642,-0.0757,3.269
46.772421233,0.6997,3.2802,-0.5160,3.393
46.77466308,0.5524,3.2299,-1.0859,3.452
46.777256618,0.5220,3.0755,-1.5401,3.479
46.780486849,0.4979,2.7955,-1.6357,3.277
46.781930233,0.4884,2.4769,-1.3376,2.857
46.784234849,0.7119,2.1442,-0.6277,2.345
46.786895772,0.7612,1.8945,0.1189,2.045
46.78923231,0.9033,1.8297,0.7134,2.162
46.79162431,0.8370,1.8578,1.1699,2.350
46.794205541,0.6878,1.9783,1.4152,2.528
46.796926772,0.4971,2.0987,1.3111,2.524
46.799222233,0.3741,2.1356,0.9703,2.375
46.801546464,0.2676,2.0889,0.6398,2.201
46.805239387,0.1018,1.9802,0.3668,2.016
46.80602431,-0.0375,1.8449,0.1712,1.853
46.808648926,-0.1438,1.6785,0.0419,1.685
46.811364926,-0.1758,1.4796,-0.0205,1.490
46.813546464,-0.2196,1.2954,-0.0606,1.315
46.815669926,-0.3095,1.1495,-0.0654,1.192
46.818396387,-0.4074,1.0450,-0.0989,1.126
46.820642233,-0.4793,0.9362,-0.1416,1.061
46.822937849,-0.6323,0.8625,-0.1353,1.078
46.825423156,-0.6335,0.7652,-0.1329,1.002
46.828137541,-0.6070,0.6895,-0.1530,0.931
46.830293003,-0.6608,0.6394,-0.1078,0.926
46.832677926,-0.6784,0.6075,-0.0840,0.914
46.835304387,-0.6782,0.5786,-0.1868,0.911
46.84188931,-0.7216,0.5458,-0.1915,0.925
46.842711772,-0.7886,0.5202,-0.2057,0.967
46.843190156,-0.8450,0.5021,-0.2990,1.027
46.84550308,-0.9170,0.4992,-0.3193,1.092
46.855496003,-0.9833,0.5055,-0.3913,1.173
46.85620431,-1.0390,0.5080,-0.4957,1.258
46.856464618,-1.0917,0.5185,-0.5893,1.345
46.856909849,-1.1264,0.5407,-0.6672,1.416
46.857097233,-1.1392,0.5786,-0.7246,1.469
46.85918808,-1.1418,0.6318,-0.7786,1.520
46.86159208,-1.1338,0.6988,-0.8439,1.577
46.863896618,-1.1233,0.7811,-0.8910,1.633
46.86618308,-1.1385,0.8835,-0.9135,1.706
46.868570464,-1.1695,0.9890,-0.9230,1.788
46.871109926,-1.2303,1.1067,-0.9145,1.891
46.873430541,-1.3046,1.2292,-0.8639,1.990
46.875994156,-1.3842,1.3531,-0.7752,2.085
46.879203464,-1.4758,1.4787,-0.6650,2.192
46.881083464,-1.5729,1.5842,-0.5378,2.296
46.883781233,-1.6395,1.6543,-0.4275,2.368
46.88808531,-1.6769,1.6941,-0.3240,2.406
46.889060387,-1.6710,1.6846,-0.2538,2.386
46.890679464,-1.6214,1.6359,-0.2157,2.313
46.893517003,-1.5208,1.5529,-0.1913,2.182
46.895523387,-1.3942,1.4591,-0.1884,2.027
46.897575695,-1.2657,1.3592,-0.1982,1.868
46.90047108,-1.1429,1.2672,-0.2138,1.720
46.902909849,-1.0292,1.1859,-0.2269,1.587
46.905197233,-0.9170,1.1065,-0.2416,1.457
46.907980387,-0.8079,1.0252,-0.2651,1.332
46.910025618,-0.7106,0.9570,-0.2863,1.226
46.912561926,-0.6251,0.8908,-0.3093,1.131
46.914822541,-0.5428,0.8381,-0.3205,1.049
46.917197618,-0.4774,0.7885,-0.3345,0.981
46.919559464,-0.4292,0.7459,-0.3535,0.930
46.921859464,-0.3793,0.7088,-0.3552,0.879
46.92439208,-0.3383,0.6753,-0.3601,0.837
46.927678156,-0.3029,0.6543,-0.3643,0.808
46.930594233,-0.2711,0.6375,-0.3689,0.785
46.93171508,-0.2386,0.6267,-0.3680,0.765
46.934830541,-0.2135,0.6245,-0.3631,0.753
46.941335387,-0.1895,0.6255,-0.3564,0.744
46.942280003,-0.1655,0.6357,-0.3496,0.744
46.94284431,-0.1504,0.6531,-0.3342,0.749
46.944274464,-0.1392,0.6739,-0.3166,0.757
46.950737926,-0.1264,0.7081,-0.2897,0.775
46.951653849,-0.1275,0.7425,-0.2627,0.798
46.951838772,-0.1318,0.7818,-0.2357,0.827
46.959446541,-0.1413,0.8246,-0.2103,0.863
46.960007772,-0.1634,0.8700,-0.1798,0.903
46.960256926,-0.1858,0.9099,-0.1474,0.940
46.96081908,-0.2142,0.9534,-0.1165,0.984
46.963211387,-0.2462,0.9910,-0.0918,1.025
46.965153233,-0.2731,1.0249,-0.0782,1.064
46.967543695,-0.3055,1.0484,-0.0682,1.094
46.97008431,-0.3305,1.0650,-0.0628,1.117
46.972336003,-0.3608,1.0706,-0.0633,1.132
46.975087156,-0.3850,1.0697,-0.0682,1.139
46.978354541,-0.4043,1.0592,-0.0776,1.136
46.979760003,-0.4133,1.0445,-0.0855,1.127
46.982458464,-0.4172,1.0257,-0.0985,1.112
46.986629233,-0.4131,1.0003,-0.1114,1.088
46.987400003,-0.3982,0.9760,-0.1243,1.061
46.989345003,-0.3759,0.9470,-0.1365,1.028
46.991839156,-0.3470,0.9160,-0.1512,0.991
46.995154464,-0.3116,0.8882,-0.1679,0.956
46.996499695,-0.2680,0.8628,-0.1854,0.922
46.999577926,-0.2224,0.8374,-0.2025,0.890
47.001518541,-0.1760,0.8209,-0.2194,0.868
47.004233541,-0.1264,0.8078,-0.2238,0.848
47.006375464,-0.0764,0.7958,-0.2213,0.830
47.009109618,-0.0302,0.7882,-0.2131,0.817
47.011567464,0.0139,0.7826,-0.2071,0.810
47.014468387,0.0566,0.7818,-0.2098,0.811
47.016685233,0.0950,0.7865,-0.2196,0.822
47.018859695,0.1241,0.7918,-0.2320,0.834
47.020955387,0.1502,0.8016,-0.2475,0.852
47.02387208,0.1725,0.8136,-0.2560,0.870
47.026052926,0.1926,0.8307,-0.2618,0.892
47.02843908,0.2047,0.8524,-0.2604,0.915
47.030768618,0.2184,0.8752,-0.2534,0.937
47.033278233,0.2306,0.8950,-0.2385,0.954
47.039120618,0.2418,0.9167,-0.2196,0.973
47.039626849,0.2536,0.9397,-0.2010,0.994
47.03992808,0.2648,0.9595,-0.1810,1.012
47.043165618,0.2748,0.9763,-0.1735,1.029
47.048338156,0.2853,0.9919,-0.1681,1.046
47.049080926,0.2919,1.0063,-0.1688,1.061
47.049753618,0.3044,1.0166,-0.1679,1.074
47.052532003,0.3119,1.0230,-0.1602,1.081
47.057718464,0.3130,1.0247,-0.1500,1.082
47.058229003,0.3066,1.0191,-0.1381,1.073
47.059311156,0.2824,1.0084,-0.1195,1.054
47.061798464,0.2573,0.9890,-0.1016,1.027
47.06414531,0.2226,0.9592,-0.0874,0.989
47.06668708,0.1859,0.9176,-0.0784,0.940
47.068887464,0.1481,0.8710,-0.0808,0.887
47.071242156,0.1074,0.8180,-0.0860,0.829
47.074087156,0.0718,0.7647,-0.1036,0.775
47.077592618,0.0342,0.7191,-0.1263,0.731
47.078937618,-0.0062,0.6702,-0.1551,0.688
47.081063695,-0.0556,0.6218,-0.1800,0.650
47.08591231,-0.1026,0.5873,-0.1945,0.627
47.086844003,-0.1531,0.5507,-0.2062,0.608
47.088062156,-0.2010,0.5202,-0.2101,0.596
47.090854156,-0.2440,0.4943,-0.2077,0.589
47.093905541,-0.2923,0.4769,-0.2006,0.594
47.095469233,-0.3356,0.4626,-0.1896,0.602
47.097930156,-0.3735,0.4577,-0.1864,0.619
47.100470772,-0.4087,0.4626,-0.1942,0.647
47.102802849,-0.4334,0.4720,-0.1847,0.667
47.105468003,-0.4436,0.4933,-0.1586,0.682
47.108118541,-0.4443,0.5283,-0.1427,0.705
47.110410772,-0.4341,0.5732,-0.1381,0.732
47.112222156,-0.4180,0.6294,-0.1481,0.770
47.114832003,-0.3928,0.6978,-0.1632,0.817
47.118848695,-0.3530,0.7777,-0.1712,0.871
47.119817233,-0.3146,0.8715,-0.1930,0.946
47.121897541,-0.2906,0.9732,-0.2128,1.038
47.125055695,-0.2743,1.0880,-0.2282,1.145
47.127771464,-0.2667,1.2118,-0.2364,1.263
47.129154233,-0.2648,1.3480,-0.2323,1.393
47.131834849,-0.2762,1.4989,-0.2150,1.539
47.134038541,-0.2818,1.6494,-0.1959,1.685
47.138794849,-0.2829,1.7980,-0.1705,1.828
47.139583772,-0.2841,1.9248,-0.1344,1.950
47.142408387,-0.2643,2.0123,-0.1104,2.033
47.153539156,-0.2159,2.0352,-0.1036,2.049
47.154332003,-0.1570,2.0061,-0.0530,2.013
47.154918233,-0.0903,1.9182,-0.0026,1.920
47.155370772,-0.0134,1.7569,0.0158,1.757
47.155550849,0.0594,1.5375,-0.0142,1.539
47.155990233,0.1067,1.2893,-0.0936,1.297
47.158964695,0.1139,1.0394,-0.1984,1.064
47.161039695,0.0767,0.7906,-0.3531,0.869
47.163349618,-0.0075,0.5661,-0.5280,0.774
47.165203772,-0.1413,0.3687,-0.6825,0.789
47.167940387,-0.2974,0.2053,-0.7708,0.851
47.169967464,-0.4898,0.0518,-0.8143,0.952
47.17269208,-0.7309,-0.0903,-0.7967,1.085
47.176303387,-0.9848,-0.2072,-0.7080,1.230
47.177475387,-1.2193,-0.2828,-0.5756,1.378
47.17990431,-1.3940,-0.3283,-0.4300,1.495
47.183034233,-1.5482,-0.3470,-0.3024,1.615
47.184834233,-1.6321,-0.3485,-0.1703,1.678
47.187373003,-1.6270,-0.3427,-0.1065,1.666
47.18951631,-1.5261,-0.3148,-0.0840,1.561
47.193134772,-1.3292,-0.2628,-0.0869,1.358
47.194317233,-1.0725,-0.1787,-0.0894,1.091
47.19942131,-0.7949,-0.0578,-0.0782,0.801
47.19985231,-0.5440,0.0909,-0.0691,0.556
47.201780387,-0.3337,0.2600,-0.0219,0.424
47.204146156,-0.1714,0.4379,0.0300,0.471
47.206862233,-0.0534,0.6033,0.0661,0.609
47.20995231,0.0268,0.7647,0.0708,0.768
47.211222233,0.0759,0.9350,0.0197,0.938
47.213561849,0.0840,1.1358,-0.0711,1.141
47.21662008,0.0442,1.3528,-0.1732,1.365
47.218842772,-0.0649,1.6096,-0.3044,1.639
47.220765926,-0.2440,1.9094,-0.4006,1.966
47.223302849,-0.4074,2.1430,-0.5334,2.246
47.225930156,-0.4959,2.2629,-0.5670,2.385
47.22840431,-0.5802,2.3389,-0.5387,2.469
47.230872618,-0.6092,2.3181,-0.4434,2.437
47.233208003,-0.6109,2.2336,-0.2932,2.334
47.239587387,-0.5921,2.1080,-0.1957,2.198
47.24015731,-0.5613,1.9469,-0.1595,2.033
47.240395464,-0.5076,1.7703,-0.1957,1.852
47.242887772,-0.4439,1.6259,-0.2807,1.709
47.253333541,-0.3679,1.5187,-0.3608,1.604
47.254297849,-0.3004,1.4677,-0.4029,1.551
47.254826772,-0.2454,1.4682,-0.4009,1.542
47.254994156,-0.2173,1.5138,-0.3562,1.570
47.255272003,-0.2179,1.5783,-0.2927,1.620
47.257732618,-0.2289,1.6653,-0.2389,1.698
47.261324618,-0.2540,1.7412,-0.1945,1.770
47.262067387,-0.2834,1.8046,-0.1617,1.834
47.264219156,-0.3307,1.8517,-0.1539,1.887
47.26696808,-0.3866,1.8793,-0.1563,1.925
47.269212695,-0.4507,1.8933,-0.1788,1.954
47.272166541,-0.5233,1.8979,-0.2350,1.983
47.275498156,-0.6014,1.8917,-0.2927,2.006
47.276337926,-0.6637,1.8763,-0.3156,2.015
47.278716695,-0.7136,1.8514,-0.3042,2.007
47.28188031,-0.7524,1.8221,-0.2763,1.991
47.283695772,-0.7746,1.7799,-0.2685,1.960
47.286221849,-0.7847,1.7342,-0.2538,1.920
47.289122849,-0.7861,1.6846,-0.2369,1.874
47.290900387,-0.7849,1.6315,-0.2182,1.824
47.293116003,-0.7791,1.5773,-0.1949,1.770
47.29552131,-0.7686,1.5165,-0.1879,1.711
47.298091464,-0.7485,1.4505,-0.1820,1.642
47.300471772,-0.7309,1.3741,-0.1771,1.566
47.302837618,-0.7018,1.2842,-0.1737,1.474
47.305428387,-0.6715,1.1891,-0.1635,1.375
47.308648387,-0.6424,1.0918,-0.1558,1.276
47.310059387,-0.6190,1.0003,-0.1530,1.186
47.312637849,-0.5948,0.9113,-0.1796,1.103
47.315085849,-0.5792,0.8302,-0.2098,1.034
47.317714464,-0.5762,0.7669,-0.2042,0.981
47.319796387,-0.5685,0.7024,-0.2502,0.938
47.322313233,-0.5592,0.6352,-0.2883,0.894
47.324709233,-0.5643,0.5791,-0.2893,0.859
47.326968926,-0.5699,0.5344,-0.3066,0.839
47.329453541,-0.5694,0.4916,-0.3422,0.826
47.331973541,-0.5636,0.4410,-0.4351,0.838
47.33408131,-0.5540,0.3856,-0.5304,0.858
47.336982464,-0.5557,0.3380,-0.5888,0.877
47.339760003,-0.5596,0.2903,-0.6410,0.899
47.345928387,-0.5550,0.2509,-0.6806,0.913
47.346870156,-0.5443,0.2043,-0.7080,0.916
47.347448618,-0.5189,0.1496,-0.7342,0.911
47.349598849,-0.4922,0.0975,-0.7598,0.911
47.35815731,-0.4725,0.0399,-0.7405,0.879
47.358983695,-0.4644,-0.0182,-0.6628,0.809
47.359561233,-0.4739,-0.0807,-0.5658,0.742
47.359917849,-0.5042,-0.1415,-0.4272,0.676
47.362181541,-0.5748,-0.2068,-0.2670,0.667
47.364082233,-0.6911,-0.2596,-0.1896,0.762
47.36647908,-0.8320,-0.3043,-0.2013,0.909
47.367800387,-0.9582,-0.3416,-0.2143,1.040
47.370399156,-1.0837,-0.3886,-0.2536,1.179
47.372638541,-1.2007,-0.4492,-0.2846,1.313
47.37512131,-1.2726,-0.5256,-0.2917,1.407
47.377671156,-1.3327,-0.6165,-0.3261,1.504
47.380212618,-1.3275,-0.6866,-0.2765,1.520
47.38240131,-1.2715,-0.7550,-0.1295,1.484
47.38564708,-1.2090,-0.8171,-0.0335,1.460
47.387241003,-1.0691,-0.8369,0.0554,1.359
47.389786464,-0.8709,-0.8076,0.1636,1.199
47.391984926,-0.6579,-0.7443,0.2633,1.028
47.394426849,-0.4658,-0.6624,0.3703,0.890
47.397348618,-0.2914,-0.5769,0.4663,0.797
47.39950008,-0.1455,-0.4951,0.5475,0.752
47.401648618,-0.0375,-0.4049,0.6088,0.732
47.404532003,0.0533,-0.3229,0.6395,0.718
47.407565849,0.1421,-0.2505,0.6310,0.694
47.408975772,0.2201,-0.1899,0.5384,0.612
47.411556387,0.2873,-0.1333,0.5007,0.592
47.413912695,0.3410,-0.0839,0.4837,0.598
47.41637908,0.3978,-0.0302,0.4404,0.594
47.418618849,0.4290,0.0313,0.3877,0.579
47.421286156,0.4559,0.0848,0.3263,0.567
47.424086541,0.4764,0.1400,0.2408,0.552
47.425757003,0.4454,0.2290,0.2909,0.579
47.428267464,0.4102,0.3061,0.3307,0.609
47.43080431,0.3628,0.3890,0.2426,0.585
47.433280387,0.3007,0.4750,0.1333,0.578
47.435647387,0.2115,0.5573,0.0720,0.600
47.438197926,0.0972,0.6534,0.0209,0.661
47.443772618,-0.0114,0.7268,-0.0528,0.729
47.444665926,-0.1033,0.7718,-0.1676,0.797
47.445292926,-0.1875,0.8123,-0.2079,0.859
47.447612926,-0.2716,0.8514,-0.2413,0.926
47.453319464,-0.3188,0.8581,-0.3017,0.964
47.453790156,-0.3747,0.8761,-0.3393,1.011
47.454934156,-0.4162,0.8810,-0.3384,1.031
47.462724926,-0.4523,0.8805,-0.3308,1.044
47.463157849,-0.4793,0.8642,-0.2942,1.031
47.46336808,-0.4807,0.8378,-0.2453,0.997
47.465673541,-0.4768,0.8080,-0.1961,0.958
47.466852387,-0.4700,0.7820,-0.1390,0.923
47.469403387,-0.4729,0.7501,-0.0638,0.889
47.471710849,-0.4580,0.7277,-0.0408,0.861
47.474172695,-0.4329,0.7137,0.0498,0.836
47.47649508,-0.4040,0.6944,0.1003,0.810
47.479315772,-0.4292,0.6895,0.0969,0.818
47.481886156,-0.4143,0.6758,0.0854,0.797
47.483639387,-0.3896,0.6487,0.0681,0.760
47.48610408,-0.3908,0.6326,0.0566,0.746
47.488914156,-0.3710,0.6108,0.0324,0.715
47.491027464,-0.3539,0.5966,0.0283,0.694
47.493491387,-0.3483,0.5828,0.0083,0.679
47.496522849,-0.3272,0.5786,0.0092,0.665
47.498305233,-0.3099,0.5817,0.0232,0.660
47.500643695,-0.2865,0.5798,-0.0300,0.647
47.503206849,-0.2664,0.5735,-0.0747,0.637
47.505657233,-0.2442,0.5539,-0.0967,0.613
47.508293541,-0.2259,0.5444,-0.1099,0.600
47.510185003,-0.2569,0.5639,-0.1097,0.629
47.512761003,-0.2538,0.5658,-0.1221,0.632
47.515158849,-0.2571,0.5751,-0.1368,0.645
47.517392618,-0.2711,0.5920,-0.1500,0.668
47.520031156,-0.2995,0.6174,-0.1595,0.705
47.522385618,-0.3263,0.6394,-0.1761,0.739
47.524682464,-0.3610,0.6736,-0.1644,0.782
47.527283387,-0.4106,0.7195,-0.1554,0.843
47.52971231,-0.4521,0.7557,-0.1632,0.896
47.53472408,-0.4949,0.7913,-0.1747,0.950
47.535264618,-0.5467,0.8316,-0.1796,1.011
47.537911772,-0.5489,0.8050,-0.1908,0.993
47.54930408,-0.6447,0.9026,-0.2472,1.136
47.550320926,-0.6923,0.9487,-0.2482,1.200
47.550791695,-0.7421,0.9876,-0.2641,1.263
47.551040003,-0.7844,1.0164,-0.2785,1.314
47.551224003,-0.8126,1.0403,-0.2934,1.352
47.551588695,-0.8352,1.0555,-0.2944,1.378
47.554603387,-0.8489,1.0673,-0.2873,1.394
47.556571387,-0.8755,1.0906,-0.2785,1.426
47.558568618,-0.8907,1.1136,-0.2651,1.450
47.560997849,-0.8865,1.1239,-0.2518,1.453
47.563930772,-0.8772,1.1290,-0.2377,1.449
47.565498464,-0.8692,1.1486,-0.2140,1.456
47.568643156,-0.8562,1.1586,-0.1800,1.452
47.570810541,-0.8364,1.1686,-0.1453,1.444
47.573027387,-0.8025,1.1713,-0.1267,1.425
47.575582772,-0.7710,1.1730,-0.1243,1.409
47.578063156,-0.7324,1.1698,-0.1314,1.386
47.580968387,-0.6899,1.1649,-0.1470,1.362
47.582502849,-0.6738,1.1822,-0.1495,1.369
47.585117618,-0.6738,1.2096,-0.1429,1.392
47.587882233,-0.6889,1.2455,-0.1290,1.429
47.589984695,-0.6962,1.2695,-0.1334,1.454
47.597307156,-0.7145,1.2937,-0.1474,1.485
47.597769003,-0.7423,1.3159,-0.1679,1.520
47.598132926,-0.7805,1.3428,-0.1933,1.565
47.599880387,-0.8152,1.3641,-0.2122,1.603
47.602333849,-0.8477,1.3762,-0.2364,1.634
47.604838772,-0.8767,1.3848,-0.2602,1.660
47.606811464,-0.9078,1.3902,-0.2763,1.683
47.608957926,-0.9354,1.3839,-0.3105,1.699
47.612700695,-0.9620,1.3725,-0.3266,1.708
47.614193618,-0.9857,1.3582,-0.3330,1.711
47.61630408,-1.0024,1.3391,-0.3433,1.708
47.618635695,-1.0146,1.3128,-0.3518,1.696
47.622227464,-1.0221,1.2846,-0.3647,1.682
47.623522233,-1.0229,1.2458,-0.3894,1.658
47.625995156,-1.0125,1.2050,-0.4190,1.629
47.628500926,-0.9972,1.1535,-0.4346,1.586
47.630848695,-0.9745,1.0992,-0.4495,1.536
47.63337631,-0.9437,1.0494,-0.4278,1.475
47.635906772,-0.8981,0.9888,-0.4018,1.395
47.640779772,-0.8455,0.9189,-0.3874,1.307
47.641373926,-0.7886,0.8417,-0.3829,1.215
47.643491156,-0.7109,0.7713,-0.3755,1.114
47.64562531,-0.6207,0.7095,-0.3862,1.019
47.650072387,-0.5489,0.6460,-0.3906,0.933
47.65056531,-0.4879,0.5812,-0.3897,0.853
47.65252408,-0.4316,0.5285,-0.3960,0.789
47.658372387,-0.3752,0.4843,-0.4021,0.733
47.658802156,-0.3160,0.4559,-0.4024,0.685
47.659803156,-0.2699,0.4403,-0.4011,0.654
47.663005003,-0.2264,0.4337,-0.3972,0.630
47.66441231,-0.1983,0.4474,-0.4014,0.633
47.666878156,-0.1725,0.4701,-0.4155,0.651
47.669661003,-0.1583,0.5057,-0.4275,0.681
47.671925618,-0.1474,0.5521,-0.4390,0.721
47.674125541,-0.1485,0.6052,-0.4500,0.769
47.676574464,-0.1548,0.6594,-0.4451,0.810
47.679499464,-0.1621,0.7100,-0.4353,0.848
47.681418541,-0.1599,0.7528,-0.4021,0.868
47.68382431,-0.1516,0.7816,-0.3965,0.889
47.686284618,-0.1220,0.7943,-0.3921,0.894
47.688712926,-0.0822,0.7955,-0.3716,0.882
47.691038849,-0.0456,0.7885,-0.3426,0.861
47.694511156,-0.0041,0.7718,-0.3014,0.829
47.696789926,0.0317,0.7594,-0.2558,0.802
47.698280695,0.0557,0.7403,-0.2064,0.771
47.700978541,0.0750,0.7244,-0.1688,0.748
47.70332808,0.0804,0.7093,-0.1416,0.728
47.705636695,0.0711,0.6956,-0.1302,0.711
47.707912618,0.0403,0.6900,-0.1223,0.702
47.710949849,0.0009,0.6937,-0.1204,0.704
47.712957541,-0.0642,0.7021,-0.1275,0.717
47.715159387,-0.1458,0.7151,-0.1434,0.744
47.717778849,-0.2264,0.7322,-0.1661,0.784
47.720264695,-0.2997,0.7471,-0.1873,0.827
47.72237731,-0.3608,0.7577,-0.2050,0.864
47.72493231,-0.4055,0.7689,-0.2211,0.897
47.727663772,-0.4306,0.7757,-0.2336,0.917
47.732792695,-0.4414,0.7801,-0.2320,0.926
47.733307695,-0.4304,0.7833,-0.2218,0.921
47.734647464,-0.4155,0.7953,-0.2196,0.924
47.746786849,-0.3943,0.8183,-0.2338,0.938
47.747429618,-0.3600,0.8319,-0.2651,0.944
47.747947695,-0.3234,0.8307,-0.3591,0.961
47.748213003,-0.2902,0.8141,-0.5597,1.030
47.748534772,-0.2760,0.7841,-0.8390,1.181
47.749137618,-0.2899,0.7464,-1.2482,1.483
47.752563772,-0.3239,0.7156,-1.7793,1.945
47.753805849,-0.3522,0.7230,-2.2538,2.393
47.75711208,-0.3356,0.7728,-2.4483,2.589
47.758661849,-0.2396,0.8395,-2.2976,2.458
47.762413926,-0.0837,0.9082,-2.3319,2.504
47.763612926,0.0975,0.9534,-2.1621,2.365
47.765833618,0.2646,1.0024,-1.9335,2.194
47.768575464,0.4200,1.0582,-1.6330,1.991
47.770878772,0.6054,1.1740,-1.0899,1.712
47.772937541,0.8204,1.3636,-0.1986,1.604
47.775798772,1.0286,1.7173,0.7327,2.132
47.778787387,1.0973,2.2157,1.1672,2.734
47.781197233,1.2140,2.6115,1.6270,3.308
47.783030233,1.4395,2.9775,1.9620,3.845
47.787192695,1.6782,3.3965,2.3852,4.477
47.78804431,1.6857,3.8790,2.6078,4.969
47.790084926,1.4104,4.4150,1.7758,4.963
47.792767464,0.9851,4.8917,0.6664,5.034
47.795473849,0.6301,5.2701,-0.0969,5.309
47.797183772,0.4649,5.4383,-0.4659,5.478
47.799657849,0.4761,5.2667,-0.8988,5.364
47.802222849,0.5922,4.7419,-0.7542,4.838
47.804616387,0.7586,4.0021,-0.1153,4.075
47.807023464,0.9645,3.2616,0.7160,3.476
47.809506772,1.1178,2.6157,1.4390,3.188
47.811891772,1.1478,2.1444,1.6551,2.942
47.814097541,1.0298,1.8407,1.5115,2.595
47.816902541,0.8702,1.6485,1.1267,2.178
47.820280695,0.7439,1.4669,0.7272,1.798
47.821350541,0.6315,1.2942,0.3656,1.486
47.823974772,0.5064,1.0980,-0.0163,1.209
47.826262849,0.3435,0.8519,-0.6711,1.138
47.828775157,0.1920,0.5314,-1.0850,1.223
47.831147157,-0.0170,0.2590,-1.2152,1.243
47.833685003,-0.2878,0.0874,-1.2289,1.265
47.840119772,-0.5576,-0.0082,-1.2734,1.390
47.841152003,-0.7976,-0.0624,-1.1654,1.414
47.841696387,-0.9852,-0.0742,-0.8751,1.320
47.850207695,-1.0532,-0.0727,-0.5201,1.177
47.850969849,-1.3842,-0.0255,-0.0887,1.387
47.851222233,-1.7338,0.0533,0.5374,1.816
47.851466541,-2.0721,0.1561,1.2518,2.426
47.858649926,-2.2559,0.3675,1.4646,2.715
47.859196618,-2.4695,0.4628,1.5955,2.976
47.859536387,-2.6424,0.4745,1.7338,3.196
47.862275772,-2.7350,0.4232,1.3327,3.072
47.862885233,-2.7995,0.3164,0.6473,2.891
47.86525508,-2.7460,0.1725,0.1257,2.754
47.867442541,-2.6151,0.0024,-0.3433,2.638
47.869599387,-2.4746,-0.1436,-0.7671,2.595
47.872048695,-2.3514,-0.2432,-1.0477,2.586
47.874526233,-2.2408,-0.2628,-1.1658,2.540
47.877765618,-2.1485,-0.1711,-1.1172,2.428
47.879282849,-2.0749,0.0457,-0.9294,2.274
47.881548926,-2.0148,0.2937,-0.7234,2.161
47.88507508,-1.9738,0.5283,-0.5902,2.127
47.887798464,-1.9349,0.7410,-0.5297,2.139
47.889471464,-1.8967,0.9343,-0.4854,2.169
47.891436003,-1.8638,1.1197,-0.5071,2.233
47.894231157,-1.8168,1.2786,-0.4922,2.276
47.896108618,-1.7576,1.4561,-0.4906,2.335
47.898601233,-1.7189,1.6259,-0.5033,2.419
47.901111772,-1.6581,1.7694,-0.4861,2.473
47.90360808,-1.5667,1.8923,-0.4756,2.502
47.90593908,-1.4619,1.9963,-0.5177,2.528
47.90819231,-1.3409,2.0885,-0.5893,2.551
47.910901926,-1.1885,2.1551,-0.6289,2.540
47.912901003,-1.0602,2.1810,-0.6620,2.514
47.915523157,-0.9137,2.1703,-0.6310,2.438
47.91925231,-0.7537,2.1236,-0.6098,2.334
47.920182772,-0.5760,2.0359,-0.4859,2.171
47.922649003,-0.4580,1.9387,-0.4136,2.035
47.925779157,-0.3197,1.8312,-0.3726,1.896
47.927973003,-0.2042,1.7083,-0.3926,1.765
47.930659772,-0.0854,1.5727,-0.4474,1.637
47.932824695,0.0354,1.4251,-0.5507,1.528
47.935879464,0.1681,1.2646,-0.7109,1.460
47.937075387,0.2900,1.1004,-0.8632,1.428
47.939491157,0.4029,0.9523,-0.9098,1.377
47.942006464,0.4969,0.8363,-0.8299,1.279
47.947669541,0.5726,0.7520,-0.6716,1.160
47.948390233,0.6142,0.6998,-0.5318,1.072
47.950072695,0.6271,0.6480,-0.4442,1.005
47.958133003,0.6277,0.5986,-0.3684,0.942
47.95937731,0.6161,0.5647,-0.3093,0.891
47.959791157,0.5663,0.5446,-0.2846,0.836
47.960170772,0.4864,0.5402,-0.2641,0.773
47.966093003,0.3850,0.5465,-0.2506,0.714
47.966787464,0.2704,0.5635,-0.2465,0.672
47.967026772,0.1498,0.5910,-0.2514,0.660
47.970213849,0.0356,0.6196,-0.2529,0.670
47.971064926,-0.0803,0.6490,-0.2538,0.701
47.973476387,-0.1881,0.6814,-0.2504,0.750
47.975614233,-0.2909,0.7159,-0.2455,0.811
47.978190772,-0.3964,0.7528,-0.2325,0.882
47.980644695,-0.4932,0.7904,-0.2143,0.956
47.983760926,-0.5829,0.8239,-0.1913,1.027
47.98527631,-0.6608,0.8607,-0.1781,1.100
47.987969541,-0.7223,0.8908,-0.1656,1.159
47.990359157,-0.7712,0.9182,-0.1544,1.209
47.993235157,-0.8020,0.9406,-0.1505,1.245
47.995644387,-0.8108,0.9536,-0.1517,1.261
47.997607387,-0.7937,0.9597,-0.1691,1.257
47.999973003,-0.7516,0.9578,-0.1854,1.232
48.002380926,-0.7004,0.9560,-0.2047,1.203
48.005128695,-0.6484,0.9585,-0.2301,1.180
48.007372003,-0.5878,0.9426,-0.2778,1.145
48.010069849,-0.5230,0.9269,-0.3079,1.108
48.011896926,-0.4572,0.9113,-0.3156,1.067
48.014359464,-0.3857,0.8982,-0.3127,1.026
48.018168618,-0.3234,0.8901,-0.3005,0.994
48.019279695,-0.2636,0.8857,-0.2788,0.965
48.021770464,-0.2128,0.8808,-0.2548,0.941
48.024750772,-0.1688,0.8833,-0.2316,0.929
48.026870541,-0.1326,0.8861,-0.2096,0.920
48.028697233,-0.1157,0.8898,-0.1964,0.919
48.031442464,-0.1099,0.8979,-0.1810,0.922
48.034701233,-0.1143,0.9071,-0.1681,0.930
48.036016618,-0.1320,0.9201,-0.1644,0.944
48.038348003,-0.1614,0.9350,-0.1710,0.964
48.041110157,-0.1919,0.9418,-0.1852,0.979
48.047316926,-0.2210,0.9548,-0.1998,1.000
48.048259387,-0.2482,0.9576,-0.2143,1.012
48.048689926,-0.2655,0.9563,-0.2236,1.017
48.059356926,-0.2731,0.9511,-0.2331,1.017
48.06023108,-0.2726,0.9421,-0.2448,1.011
48.060541618,-0.2615,0.9274,-0.2602,0.998
48.061222157,-0.2454,0.9064,-0.2683,0.977
48.061610849,-0.2166,0.8808,-0.2821,0.950
48.063766464,-0.1851,0.8559,-0.2863,0.921
48.065640387,-0.1543,0.8417,-0.2961,0.906
48.067978464,-0.1206,0.8256,-0.3191,0.893
48.069581926,-0.0886,0.8072,-0.3354,0.879
48.072431157,-0.0600,0.7887,-0.3435,0.862
48.074638233,-0.0251,0.7782,-0.3426,0.851
48.076844387,0.0070,0.7676,-0.3349,0.838
48.07926831,0.0310,0.7606,-0.3335,0.831
48.08228008,0.0571,0.7557,-0.3149,0.821
48.084874233,0.0687,0.7599,-0.2968,0.819
48.086776618,0.0792,0.7701,-0.2832,0.824
48.089485233,0.0852,0.7764,-0.2690,0.826
48.09250431,0.0855,0.7872,-0.2580,0.833
48.09394831,0.0818,0.7992,-0.2502,0.841
48.096311387,0.0724,0.8148,-0.2423,0.853
48.098829618,0.0618,0.8307,-0.2352,0.866
48.101183157,0.0471,0.8490,-0.2269,0.880
48.10352708,0.0251,0.8622,-0.2199,0.890
48.106175695,0.0056,0.8779,-0.2159,0.904
48.108993849,-0.0163,0.8945,-0.2118,0.919
48.110746772,-0.0363,0.9069,-0.2084,0.931
48.113747464,-0.0561,0.9211,-0.2101,0.946
48.115963157,-0.0742,0.9331,-0.2033,0.958
48.118387772,-0.0905,0.9474,-0.1984,0.972
48.120799387,-0.1045,0.9590,-0.1954,0.984
48.123151157,-0.1164,0.9636,-0.1913,0.989
48.125687157,-0.1297,0.9778,-0.1905,1.005
48.127618772,-0.1365,0.9846,-0.1930,1.013
48.130367772,-0.1416,0.9914,-0.1915,1.020
48.13270308,-0.1460,0.9991,-0.1908,1.028
48.137320387,-0.1482,1.0039,-0.1901,1.032
48.137880618,-0.1478,1.0066,-0.1933,1.036
48.140510233,-0.1474,1.0107,-0.1982,1.040
48.144411387,-0.1421,1.0130,-0.2062,1.043
48.144880387,-0.1378,1.0128,-0.2115,1.044
48.148626464,-0.1306,1.0110,-0.2260,1.044
48.154646157,-0.1220,1.0091,-0.2409,1.045
48.155249926,-0.1159,1.0051,-0.2578,1.044
48.155851157,-0.1091,1.0044,-0.2678,1.045
48.156783772,-0.0923,1.0022,-0.2732,1.043
48.159335772,-0.0820,1.0047,-0.2770,1.045
48.161540695,-0.0688,1.0035,-0.2804,1.044
48.164139772,-0.0546,1.0024,-0.2797,1.042
48.16724831,-0.0444,1.0042,-0.2804,1.044
48.168525541,-0.0623,0.9998,-0.2827,1.041
48.171275387,-0.1245,0.9893,-0.2788,1.035
48.173387772,-0.1394,0.9874,-0.2704,1.033
48.17590031,-0.0869,0.9890,-0.2697,1.029
48.178420926,-0.0381,0.9966,-0.2809,1.036
48.181238541,-0.0595,0.9895,-0.2804,1.030
48.183622464,-0.0847,0.9773,-0.2795,1.020
48.185753618,-0.0698,0.9778,-0.2746,1.018
48.188477233,-0.0522,0.9753,-0.2623,1.011
48.191471695,-0.0789,0.9709,-0.2350,1.002
48.192757541,-0.1082,0.9707,-0.2338,1.004
48.195508003,-0.1413,0.9644,-0.2323,1.002
48.197727772,-0.1746,0.9611,-0.2182,1.001
48.20061108,-0.2098,0.9565,-0.2025,1.000
48.202629849,-0.2459,0.9541,-0.1947,1.004
48.205101233,-0.2816,0.9490,-0.1793,1.006
48.208208618,-0.3165,0.9474,-0.1556,1.011
48.210322464,-0.3554,0.9492,-0.1393,1.023
48.21214931,-0.3874,0.9492,-0.1272,1.033
48.214777003,-0.4194,0.9504,-0.1183,1.046
48.216819157,-0.4765,0.9441,-0.1062,1.063
48.219392695,-0.5291,0.9350,-0.0882,1.078
48.222041541,-0.5252,0.9399,-0.0671,1.079
48.224733849,-0.4641,0.9551,-0.0493,1.063
48.226658541,-0.4641,0.9546,-0.0486,1.063
48.229273926,-0.4637,0.9409,-0.0584,1.051
48.231889926,-0.4578,0.9243,-0.0701,1.034
48.23382531,-0.4480,0.9069,-0.0784,1.015
48.236240926,-0.4385,0.8915,-0.0804,0.997
48.239846157,-0.4292,0.8801,-0.0872,0.983
48.245751464,-0.4223,0.8651,-0.0994,0.968
48.247032695,-0.4174,0.8625,-0.1060,0.964
48.247310849,-0.4167,0.8570,-0.1116,0.960
48.248630541,-0.4229,0.8610,-0.1192,0.967
48.259407157,-0.4297,0.8630,-0.1351,0.973
48.260372695,-0.4411,0.8693,-0.1539,0.987
48.260580618,-0.4529,0.8815,-0.1712,1.006
48.260961541,-0.4653,0.9001,-0.1868,1.030
48.261310233,-0.4802,0.9206,-0.2047,1.058
48.263326233,-0.4844,0.9509,-0.2140,1.088
48.266412926,-0.4959,0.9834,-0.2108,1.121
48.267356695,-0.5037,1.0240,-0.1915,1.157
48.269752695,-0.5128,1.0650,-0.1735,1.195
48.273618849,-0.5266,1.1134,-0.1579,1.242
48.274797233,-0.5438,1.1649,-0.1434,1.294
48.277715695,-0.5680,1.2206,-0.1319,1.353
48.279869849,-0.5899,1.2753,-0.1172,1.410
48.28208708,-0.6134,1.3296,-0.1050,1.468
48.284281541,-0.6393,1.3804,-0.0923,1.524
48.287329003,-0.6610,1.4298,-0.0801,1.577
48.289456387,-0.6857,1.4726,-0.0626,1.626
48.291748618,-0.7060,1.5050,-0.0473,1.663
48.293936387,-0.7226,1.5378,-0.0256,1.699
48.297279464,-0.7404,1.5637,-0.0019,1.730
48.299626157,-0.7483,1.5776,0.0148,1.746
48.30124531,-0.7553,1.5815,0.0346,1.753
48.304281541,-0.7556,1.5714,0.0493,1.744
48.30718708,-0.7434,1.5448,0.0563,1.715
48.308465849,-0.7374,1.5097,0.0547,1.681
48.31129331,-0.7353,1.4661,0.0481,1.641
48.315479695,-0.7318,1.4163,0.0402,1.595
48.316225618,-0.7270,1.3599,0.0307,1.542
48.31833208,-0.7199,1.3017,0.0202,1.488
48.320966541,-0.7129,1.2499,0.0102,1.439
48.323730849,-0.6994,1.1987,0.0016,1.388
48.325445003,-0.6847,1.1473,0.0000,1.336
48.327848387,-0.6730,1.0999,-0.0032,1.289
48.330499772,-0.6601,1.0596,-0.0119,1.248
48.333033926,-0.6419,1.0223,-0.0181,1.207
48.335401003,-0.6261,0.9819,-0.0235,1.165
48.338726233,-0.6070,0.9495,-0.0281,1.127
48.342527157,-0.5865,0.9180,-0.0405,1.090
48.343267772,-0.5655,0.8917,-0.0559,1.057
48.345872926,-0.5447,0.8693,-0.0623,1.028
48.347949233,-0.5208,0.8559,-0.0635,1.004
48.352455464,-0.5010,0.8444,-0.0708,0.984
48.352975157,-0.4846,0.8374,-0.0720,0.970
48.355037541,-0.4717,0.8381,-0.0682,0.964
48.362038233,-0.4585,0.8409,-0.0642,0.960
48.363523772,-0.4499,0.8430,-0.0606,0.957
48.363978157,-0.4455,0.8468,-0.0589,0.959
48.364570541,-0.4365,0.8549,-0.0569,0.962
48.366462157,-0.4280,0.8527,-0.0586,0.956
48.368877003,-0.4174,0.8519,-0.0586,0.951
48.371174464,-0.4116,0.8488,-0.0628,0.945
48.37370131,-0.4104,0.8495,-0.0675,0.946
48.376148003,-0.4094,0.8421,-0.0747,0.939
48.378596618,-0.4050,0.8368,-0.0913,0.934
48.381085849,-0.4069,0.8270,-0.1069,0.928
48.383364618,-0.4080,0.8197,-0.1229,0.924
48.38561231,-0.4140,0.8116,-0.1405,0.922
48.389597541,-0.4148,0.8090,-0.1530,0.922
48.390693926,-0.4223,0.8065,-0.1607,0.924
48.392990464,-0.4321,0.8114,-0.1688,0.935
48.39572031,-0.4404,0.8200,-0.1781,0.948
48.397873541,-0.4546,0.8241,-0.1844,0.959
48.40015231,-0.4688,0.8363,-0.1976,0.979
48.402736926,-0.4870,0.8473,-0.2030,0.998
48.405061003,-0.5096,0.8588,-0.2087,1.020
48.407459464,-0.5352,0.8752,-0.2133,1.048
48.409912695,-0.5667,0.8998,-0.2211,1.086
48.41261731,-0.5946,0.9218,-0.2269,1.120
48.414949541,-0.6153,0.9365,-0.2338,1.145
48.417914464,-0.6310,0.9470,-0.2460,1.164
48.419691772,-0.6407,0.9509,-0.2653,1.177
48.42248931,-0.6466,0.9543,-0.2934,1.189
48.424193849,-0.6442,0.9421,-0.3310,1.188
48.427313541,-0.6368,0.9289,-0.3611,1.183
48.429351157,-0.6319,0.9223,-0.3662,1.177
48.431957849,-0.6219,0.9067,-0.3767,1.162
48.433906772,-0.6112,0.8908,-0.3806,1.145
48.436662464,-0.6097,0.8781,-0.3716,1.132
48.442242464,-0.6072,0.8628,-0.3591,1.114
48.443196695,-0.6053,0.8449,-0.3510,1.097
48.443984926,-0.6195,0.8163,-0.3405,1.080
48.446219157,-0.5963,0.8074,-0.3349,1.058
48.452823464,-0.5862,0.7913,-0.3264,1.038
48.453452695,-0.5721,0.7699,-0.3181,1.011
48.453634541,-0.5616,0.7464,-0.3088,0.984
48.461792926,-0.5489,0.7259,-0.2939,0.956
48.462424003,-0.5308,0.7017,-0.2800,0.923
48.462872695,-0.5074,0.6741,-0.2695,0.886
48.46308708,-0.4783,0.6506,-0.2560,0.847
48.465226541,-0.4409,0.6264,-0.2401,0.803
48.467642233,-0.4040,0.6017,-0.2269,0.759
48.470365541,-0.3710,0.5866,-0.2138,0.726
48.472454464,-0.3476,0.5791,-0.2171,0.709
48.474936695,-0.3183,0.5590,-0.2045,0.675
48.477769541,-0.3053,0.5521,-0.2292,0.671
48.480297541,-0.2965,0.5453,-0.2802,0.681
48.482258233,-0.2970,0.5534,-0.2780,0.687
48.484522849,-0.3111,0.5617,-0.2778,0.700
48.487290233,-0.3363,0.5808,-0.2746,0.725
48.489518157,-0.3712,0.6023,-0.2548,0.752
48.492059157,-0.4133,0.6223,-0.2401,0.785
48.494509926,-0.4560,0.6467,-0.2280,0.824
48.496640926,-0.4907,0.6602,-0.2372,0.856
48.49925608,-0.5152,0.6685,-0.2429,0.878
48.501750772,-0.5501,0.6895,-0.2276,0.911
48.50498008,-0.5741,0.7042,-0.2159,0.934
48.506250464,-0.5892,0.7144,-0.2122,0.950
48.509097926,-0.6021,0.7215,-0.2050,0.962
48.511265618,-0.6011,0.7261,-0.1935,0.962
48.513950772,-0.6014,0.7222,-0.1828,0.957
48.517081541,-0.5953,0.7171,-0.1754,0.948
48.51836008,-0.5824,0.7119,-0.1740,0.936
48.520800695,-0.5629,0.7024,-0.1749,0.917
48.523209849,-0.5396,0.6930,-0.1830,0.897
48.525756695,-0.5186,0.6844,-0.1891,0.879
48.52803608,-0.4930,0.6729,-0.1849,0.854
48.532653541,-0.4665,0.6641,-0.1703,0.829
48.533171464,-0.4370,0.6525,-0.1465,0.799
48.535554157,-0.4064,0.6411,-0.1202,0.769
48.541337003,-0.3754,0.6367,-0.0867,0.744
48.541873926,-0.3495,0.6323,-0.0493,0.724
48.542560695,-0.3204,0.6340,-0.0139,0.710
48.544841541,-0.2962,0.6457,0.0236,0.711
48.550523695,-0.2753,0.6529,0.0583,0.711
48.550960387,-0.2576,0.6716,0.0938,0.725
48.55228308,-0.2420,0.6909,0.1318,0.744
48.554612387,-0.2330,0.7168,0.1523,0.769
48.557007387,-0.2261,0.7379,0.1678,0.790
48.559590464,-0.2240,0.7635,0.1868,0.817
48.56265631,-0.2252,0.7877,0.2059,0.845
48.564154772,-0.2369,0.8146,0.2447,0.883
48.56658031,-0.2559,0.8393,0.2513,0.913
48.569164926,-0.2699,0.8674,0.2198,0.935
48.571995464,-0.2836,0.8891,0.2076,0.956
48.573784695,-0.3090,0.8989,0.1898,0.969
48.576442464,-0.3319,0.9145,0.1841,0.990
48.579646541,-0.3507,0.9267,0.1956,1.010
48.581073233,-0.3612,0.9380,0.2068,1.026
48.583566233,-0.3677,0.9458,0.2245,1.039
48.586100926,-0.3691,0.9516,0.2423,1.049
48.588455464,-0.3610,0.9541,0.2518,1.051
48.590834464,-0.3473,0.9578,0.2643,1.053
48.59381231,-0.3354,0.9580,0.2813,1.053
48.596535772,-0.3178,0.9567,0.3041,1.053
48.603310157,-0.2958,0.9590,0.3312,1.057
48.603693233,-0.2706,0.9599,0.3720,1.064
48.603985541,-0.2428,0.9611,0.4099,1.073
48.60552431,-0.2203,0.9648,0.4427,1.084
48.60790031,-0.2017,0.9749,0.4637,1.098
48.610082157,-0.1924,0.9795,0.4739,1.105
48.612467157,-0.1861,0.9905,0.4802,1.116
48.614856695,-0.1736,0.9991,0.4807,1.122
48.617761233,-0.1660,1.0044,0.4709,1.122
48.620820003,-0.1560,1.0105,0.4585,1.121
48.621998849,-0.1490,1.0142,0.4334,1.113
48.624591695,-0.1399,1.0164,0.4123,1.106
48.627035772,-0.1318,1.0154,0.3991,1.099
48.62934431,-0.1196,1.0156,0.3894,1.094
48.631837849,-0.1115,1.0142,0.3791,1.088
48.63419908,-0.0989,1.0117,0.3647,1.080
48.639607772,-0.0923,1.0100,0.3537,1.074
48.640242541,-0.0756,1.0042,0.3395,1.063
48.641241541,-0.0598,1.0000,0.3244,1.053
48.643585541,-0.0456,0.9912,0.3173,1.042
48.650699387,-0.0316,0.9881,0.3202,1.039
48.651086772,-0.0165,0.9797,0.3219,1.031
48.651217926,-0.0058,0.9753,0.3227,1.027
48.658120926,0.0132,0.9651,0.3163,1.016
48.658526233,0.0254,0.9595,0.2948,1.004
48.658737849,0.0315,0.9516,0.2708,0.990
48.66174931,0.0410,0.9467,0.2618,0.983
48.662856387,0.0401,0.9478,0.2543,0.982
48.665249233,0.0261,0.9531,0.2398,0.983
48.668022541,0.0156,0.9548,0.2328,0.983
48.67016431,0.0000,0.9602,0.2240,0.986
48.672500926,-0.0121,0.9685,0.2233,0.994
48.675329849,-0.0219,0.9737,0.2261,1.000
48.677949233,-0.0292,0.9800,0.2281,1.007
48.68042931,-0.0349,0.9807,0.2325,1.009
48.682188926,-0.0346,0.9832,0.2352,1.011
48.685177541,-0.0341,0.9832,0.2442,1.014
48.687408618,-0.0365,0.9842,0.2489,1.016
48.689407387,-0.0419,0.9809,0.2506,1.013
48.692398157,-0.0519,0.9856,0.2499,1.018
48.694380003,-0.0647,0.9863,0.2533,1.020
48.696634157,-0.0776,0.9878,0.2636,1.025
48.699695772,-0.0945,0.9883,0.2824,1.032
48.701820003,-0.1103,0.9926,0.3051,1.044
48.70391731,-0.1277,0.9934,0.3324,1.055
48.70656008,-0.1421,0.9954,0.3579,1.067
48.709103464,-0.1611,0.9973,0.3776,1.079
48.711334157,-0.1834,1.0032,0.3901,1.092
48.713512618,-0.2112,0.9991,0.4052,1.099
48.716369003,-0.2447,1.0035,0.4067,1.110
48.719193003,-0.2760,1.0091,0.4038,1.121
48.721145926,-0.3070,1.0112,0.4018,1.131
48.723394464,-0.3395,1.0168,0.4008,1.144
48.72583331,-0.3696,1.0249,0.3984,1.160
48.728286849,-0.3975,1.0273,0.3931,1.170
48.730670772,-0.4189,1.0347,0.3950,1.184
48.733070157,-0.4358,1.0398,0.3982,1.196
48.739418464,-0.4367,1.0422,0.3962,1.197
48.739750541,-0.4343,1.0438,0.3906,1.196
48.74164931,-0.4209,1.0452,0.3842,1.190
48.74266931,-0.3871,1.0415,0.3600,1.168
48.749470233,-0.3430,1.0279,0.3326,1.133
48.750342541,-0.3058,1.0200,0.3114,1.109
48.750659772,-0.2794,1.0193,0.2831,1.094
48.758853618,-0.2496,1.0174,0.2438,1.076
48.759784003,-0.2161,1.0159,0.1995,1.058
48.760062772,-0.1651,1.0037,0.1472,1.028
48.760313233,-0.1192,0.9883,0.0915,1.000
48.761966849,-0.0747,0.9702,0.0341,0.974
48.764574772,-0.0473,0.9553,-0.0009,0.956
48.767112618,-0.0324,0.9434,-0.0214,0.944
48.769257233,-0.0167,0.9418,-0.0459,0.943
48.771507157,-0.0006,0.9438,-0.0852,0.948
48.774089926,0.0249,0.9390,-0.1099,0.946
48.777264003,0.0479,0.9375,-0.1131,0.945
48.778920695,0.0829,0.9367,-0.1283,0.949
48.78139908,0.0894,0.9409,-0.1414,0.956
48.783800387,0.1018,0.9470,-0.1507,0.964
48.786437926,0.0941,0.9619,-0.1486,0.978
48.788461003,0.1026,0.9719,-0.1446,0.988
48.791023387,0.1050,0.9753,-0.1309,0.990
48.793796003,0.1109,0.9814,-0.1058,0.993
48.795652003,0.1094,0.9844,-0.0762,0.993
48.798266464,0.1118,0.9851,-0.0530,0.993
48.80064308,0.1046,0.9893,-0.0256,0.995
48.803066541,0.0967,0.9958,-0.0037,1.001
48.805420926,0.1031,0.9979,0.0055,1.003
48.808051772,0.0994,1.0119,-0.0078,1.017
48.810429233,0.1046,1.0156,0.0153,1.021
48.813432618,0.0936,1.0322,0.0281,1.037
48.815360618,0.0701,1.0494,0.0361,1.052
48.817553003,0.0454,1.0543,0.0635,1.057
48.819838233,0.0384,1.0604,0.0859,1.065
48.822332618,0.0144,1.0711,0.0842,1.075
48.825024926,-0.0070,1.0865,0.0728,1.089
48.827518772,-0.0236,1.1014,0.0642,1.104
48.82941231,-0.0458,1.1139,0.0840,1.118
48.832017849,-0.0663,1.1300,0.1712,1.145
48.835029541,-0.0761,1.1664,0.3982,1.235
48.83689331,-0.0776,1.1622,0.3295,1.211
48.83907231,-0.0586,1.1637,0.2850,1.200
48.841586772,0.0183,1.1566,0.3055,1.196
48.846737618,0.0149,1.1766,0.4011,1.243
48.847312695,0.0212,1.1593,0.2631,1.189
48.84987908,0.0166,1.1148,0.0724,1.117
48.856126772,0.0855,1.0643,-0.0344,1.068
48.856974464,0.1866,1.0620,-0.1099,1.084
48.85715508,0.2079,1.0652,0.0691,1.087
48.85852308,0.1686,1.0296,0.1963,1.062
48.864408695,0.0464,0.9874,0.1653,1.002
48.86514431,-0.0905,0.9878,0.0989,0.997
48.865785541,-0.2664,0.9770,0.2103,1.034
48.868633541,-0.3444,0.9443,0.1663,1.019
48.870605003,-0.3615,0.9392,0.2662,1.041
48.872925618,-0.3710,0.9028,0.2491,1.007
48.876535157,-0.3610,0.8894,0.2188,0.984
48.877566772,-0.3877,0.8830,0.2995,1.010
48.880160926,-0.3737,0.8470,0.2887,0.970
48.882599387,-0.3212,0.8356,0.3043,0.946
48.885193003,-0.2762,0.8470,0.3554,0.959
48.888670233,-0.2198,0.8581,0.4045,0.974
48.890064926,-0.1470,0.8635,0.4297,0.976
48.893102464,-0.1006,0.8752,0.4136,0.973
48.894722541,-0.0402,0.8773,0.3903,0.961
48.897251695,0.0017,0.8859,0.3722,0.961
48.899955695,0.0256,0.9055,0.3447,0.969
48.901975464,0.0271,0.9357,0.3124,0.987
48.904201618,0.0242,0.9734,0.2978,1.018
48.906941541,0.0198,1.0115,0.3288,1.064
48.909655772,0.0093,1.0435,0.3817,1.111
48.911415464,0.0110,1.0765,0.4206,1.156
48.914009849,0.0014,1.0997,0.4439,1.186
48.916773541,-0.0014,1.1139,0.4541,1.203
48.918896695,0.0075,1.1146,0.4334,1.196
48.92100708,0.0210,1.1055,0.3943,1.174
48.925792618,0.0305,1.0962,0.3407,1.148
48.926470849,0.0437,1.0885,0.2799,1.125
48.928431772,0.0510,1.0813,0.2268,1.106
48.93084831,0.0464,1.0880,0.1993,1.107
48.933376926,0.0608,1.0834,0.2032,1.104
48.935468618,0.0818,1.0733,0.2310,1.101
48.938014772,0.1043,1.0613,0.2804,1.103
48.940649618,0.1297,1.0379,0.3556,1.105
48.946476387,0.1430,1.0230,0.3847,1.102
48.947252618,0.1512,1.0117,0.3779,1.091
48.947915772,0.1556,1.0047,0.3671,1.081
48.959644387,0.1514,1.0000,0.3554,1.072
48.96034308,0.1390,0.9946,0.3373,1.059
48.960586849,0.1229,0.9924,0.3181,1.049
48.960808618,0.1043,0.9902,0.2983,1.039
48.96099731,0.0823,0.9983,0.2794,1.040
48.963091387,0.0652,1.0081,0.2633,1.044
48.964647157,0.0435,1.0168,0.2475,1.047
48.967812387,0.0247,1.0303,0.2396,1.058
48.969486233,0.0090,1.0447,0.2398,1.072
48.971950464,-0.0067,1.0567,0.2389,1.083
48.974618464,-0.0146,1.0723,0.2371,1.098
48.976863464,-0.0246,1.0782,0.2394,1.105
48.97893631,-0.0341,1.0826,0.2533,1.112
48.98168831,-0.0395,1.0897,0.2772,1.125
48.983774541,-0.0498,1.0958,0.3083,1.139
48.986166772,-0.0600,1.0973,0.3390,1.150
48.988678772,-0.0717,1.0990,0.3722,1.163
48.991756387,-0.0893,1.1029,0.4096,1.180
48.993371695,-0.1162,1.1058,0.4378,1.195
48.996418464,-0.1431,1.1034,0.4619,1.205
48.998270772,-0.1778,1.1053,0.4793,1.218
49.000873541,-0.2047,1.1065,0.4976,1.230
49.003277849,-0.2315,1.1048,0.5115,1.239
49.005704387,-0.2499,1.1014,0.5164,1.242
49.008663157,-0.2650,1.0999,0.5208,1.245
49.01038431,-0.2713,1.1011,0.5222,1.249
49.01271631,-0.2689,1.1029,0.5284,1.252
49.015352387,-0.2650,1.0987,0.5112,1.240
49.017712695,-0.2535,1.0939,0.4824,1.222
49.019957541,-0.2426,1.0860,0.4614,1.205
49.022669233,-0.2205,1.0804,0.4490,1.191
49.024966233,-0.1983,1.0767,0.4360,1.178
49.02723608,-0.1725,1.0745,0.4177,1.166
49.029828695,-0.1611,1.0782,0.4001,1.161
49.03333508,-0.1385,1.0801,0.3945,1.158
49.03447631,-0.1135,1.0806,0.4024,1.159
49.036807695,-0.0884,1.0858,0.4167,1.166
49.040693618,-0.0663,1.0916,0.4262,1.174
49.046661234,-0.0470,1.0921,0.4348,1.176
49.047207772,-0.0372,1.0948,0.4431,1.182
49.047471695,-0.0260,1.0970,0.4521,1.187
49.056740003,-0.0195,1.0958,0.4616,1.189
49.057472695,-0.0163,1.0924,0.4783,1.193
49.057865926,-0.0139,1.0865,0.4949,1.194
49.058030157,-0.0158,1.0799,0.5059,1.193
49.059762541,-0.0227,1.0723,0.5161,1.190
49.062170234,-0.0258,1.0575,0.5220,1.180
49.063618849,-0.0304,1.0445,0.5266,1.170
49.066120926,-0.0407,1.0281,0.5310,1.158
49.06812431,-0.0437,1.0152,0.5318,1.147
49.07053108,-0.0483,1.0007,0.5306,1.134
49.074344003,-0.0510,0.9865,0.5245,1.118
49.075415772,-0.0446,0.9778,0.5210,1.109
49.077796387,-0.0427,0.9695,0.5166,1.099
49.080452695,-0.0339,0.9570,0.5149,1.087
49.083151772,-0.0258,0.9470,0.5149,1.078
49.085172926,-0.0178,0.9262,0.5147,1.060
49.087983387,-0.0060,0.9094,0.5179,1.047
49.091237234,0.0127,0.8928,0.5201,1.033
49.09239208,0.0371,0.8737,0.5077,1.011
49.094898234,0.0550,0.8549,0.4971,0.990
49.097341541,0.0684,0.8466,0.4910,0.981
49.099746157,0.0748,0.8402,0.4734,0.967
49.10207108,0.0829,0.8363,0.4373,0.947
49.104520618,0.0733,0.8470,0.4062,0.942
49.107998464,0.0566,0.8637,0.3835,0.947
49.109254464,0.0384,0.8915,0.3633,0.963
49.111643387,0.0188,0.9223,0.3358,0.982
49.114023157,0.0117,0.9485,0.2995,0.995
49.116673003,0.0102,0.9678,0.2736,1.006
49.119716926,0.0075,0.9842,0.2594,1.018
49.121779772,0.0110,1.0005,0.2576,1.033
49.124440387,0.0217,1.0161,0.2596,1.049
49.126042772,0.0335,1.0293,0.2680,1.064
49.128616695,0.0542,1.0386,0.2743,1.076
49.13113908,0.0762,1.0462,0.2789,1.085
49.133571772,0.0997,1.0543,0.2782,1.095
49.135982157,0.1258,1.0652,0.2750,1.107
49.138509234,0.1524,1.0741,0.2731,1.119
49.144527157,0.1798,1.0809,0.2743,1.130
49.145157618,0.2054,1.0826,0.2801,1.137
49.145432926,0.2357,1.0794,0.2862,1.141
49.153960695,0.2641,1.0736,0.2882,1.143
49.154378541,0.2861,1.0645,0.2846,1.138
49.154642541,0.2976,1.0587,0.2853,1.136
49.155427464,0.3002,1.0555,0.2862,1.134
49.162953926,0.2934,1.0533,0.2890,1.131
49.163586772,0.2846,1.0511,0.2911,1.127
49.163835464,0.2629,1.0540,0.2885,1.124
49.166260695,0.2350,1.0638,0.2911,1.128
49.167124003,0.2240,1.0701,0.2980,1.133
49.169452926,0.2155,1.0685,0.3004,1.131
49.172158541,0.2062,1.0660,0.3060,1.128
49.174467157,0.2035,1.0615,0.3151,1.126
49.176748926,0.2042,1.0580,0.3212,1.124
49.179393003,0.2010,1.0513,0.3305,1.120
49.182290541,0.1994,1.0484,0.3417,1.121
49.183989003,0.2010,1.0431,0.3532,1.119
49.186674849,0.1973,1.0425,0.3647,1.122
49.189959695,0.2022,1.0382,0.3749,1.122
49.191485234,0.2052,1.0223,0.4055,1.119
49.193789618,0.1926,1.0140,0.4189,1.114
49.197284926,0.1771,1.0210,0.4160,1.117
49.198967772,0.1622,1.0086,0.4285,1.108
49.201529003,0.1351,1.0149,0.4360,1.113
49.20371608,0.1134,0.9981,0.4509,1.101
49.206458464,0.0825,1.0079,0.4360,1.101
49.208090234,0.0542,1.0122,0.4213,1.098
49.210689849,0.0291,1.0132,0.4118,1.094
49.213144695,0.0075,1.0107,0.3969,1.086
49.215486772,-0.0090,1.0093,0.3813,1.079
49.218130772,-0.0219,1.0047,0.3689,1.070
49.220326157,-0.0412,1.0223,0.3379,1.077
49.22308931,-0.0444,1.0193,0.3232,1.070
49.224898157,-0.0427,1.0105,0.3124,1.059
49.228299387,-0.0316,1.0017,0.2983,1.046
49.230654849,-0.0158,0.9890,0.2862,1.030
49.232456003,0.0007,0.9825,0.2755,1.020
49.234906849,0.0173,0.9814,0.2660,1.017
49.237905849,0.0408,0.9678,0.2587,1.003
49.241956387,0.0626,0.9614,0.2482,0.995
49.242864618,0.0784,0.9588,0.2403,0.992
49.244621234,0.1127,0.9390,0.2479,0.978
49.25259631,0.1412,0.9169,0.2596,0.963
49.25294531,0.1619,0.8962,0.2694,0.950
49.253125849,0.1842,0.8793,0.2533,0.933
49.253800926,0.1940,0.8703,0.2342,0.922
49.261728003,0.1969,0.8761,0.2264,0.926
49.262244003,0.1979,0.8833,0.2257,0.933
49.262432926,0.1947,0.8959,0.2249,0.944
49.264780003,0.1744,0.9285,0.2140,0.969
49.265835464,0.1405,0.9907,0.1976,1.020
49.268773234,0.1437,0.9704,0.2567,1.014
49.271113541,0.1430,0.9680,0.2750,1.016
49.27327731,0.1058,1.0166,0.2620,1.055
49.275706772,0.0872,1.0484,0.2667,1.085
49.278276003,0.1087,1.0366,0.2821,1.080
49.281010849,0.0843,1.0594,0.2687,1.096
49.282946157,0.0750,1.0736,0.2765,1.111
49.285835772,0.0904,1.0562,0.3132,1.105
49.28904831,0.1067,1.0330,0.3293,1.089
49.290166541,0.1192,1.0130,0.3276,1.071
49.292669849,0.1292,0.9907,0.3375,1.055
49.29520431,0.1346,0.9704,0.3454,1.039
49.297725541,0.1339,0.9597,0.3510,1.031
49.300360695,0.1316,0.9399,0.3519,1.012
49.302386234,0.1187,0.9341,0.3488,1.004
49.305760618,0.0913,0.9426,0.3491,1.009
49.306982464,0.0684,0.9345,0.3515,1.001
49.309374464,0.0533,0.9241,0.3559,0.992
49.312245926,0.0356,0.9138,0.3544,0.981
49.314304695,0.0271,0.9055,0.3466,0.970
49.316761541,0.0090,0.9103,0.3354,0.970
49.319096926,0.0061,0.9038,0.3283,0.962
49.322281234,-0.0124,0.9180,0.3129,0.970
49.323821003,-0.0270,0.9387,0.3092,0.989
49.326794464,-0.0258,0.9387,0.3129,0.990
49.328936695,-0.0260,0.9306,0.3124,0.982
49.33109631,-0.0232,0.9272,0.3134,0.979
49.333890541,-0.0163,0.9180,0.3183,0.972
49.336270464,-0.0153,0.9233,0.3195,0.977
49.338719387,-0.0134,0.9233,0.3185,0.977
49.341130772,-0.0031,0.9150,0.3237,0.971
49.343212003,0.0083,0.9018,0.3195,0.957
49.345714849,0.0324,0.8805,0.3202,0.937
49.351014464,0.0428,0.8817,0.3109,0.936
49.351614234,0.0222,0.9180,0.2972,0.965
49.353891695,0.0259,0.9218,0.3032,0.971
49.362912695,0.0626,0.8917,0.3127,0.947
49.363663772,0.0975,0.8679,0.2853,0.919
49.363862157,0.0715,0.9096,0.2580,0.948
49.364026157,0.1065,0.8849,0.2623,0.929
49.364774772,0.1316,0.8700,0.2569,0.917
49.36713731,0.1187,0.8913,0.2545,0.935
49.370083772,0.1458,0.8715,0.2736,0.925
49.372208695,0.1600,0.8766,0.2564,0.927
49.37439608,0.1495,0.8884,0.2592,0.937
49.377030772,0.1747,0.8486,0.2748,0.909
49.379742849,0.1991,0.8285,0.2760,0.896
49.381586849,0.1351,0.9108,0.2606,0.957
49.384222849,0.1155,0.9318,0.2811,0.980
49.387606541,0.1116,0.9404,0.2826,0.988
49.388897541,0.1486,0.8938,0.2813,0.949
49.391408003,0.1409,0.8903,0.2821,0.945
49.394116618,0.0212,0.9949,0.2970,1.039
49.39643231,0.0222,0.9834,0.3132,1.032
49.398609849,0.0242,0.9807,0.3072,1.028
49.401275387,0.0368,0.9663,0.3124,1.016
49.403589849,0.0503,0.9434,0.3202,0.997
49.405822464,0.0459,0.9333,0.3104,0.985
49.408371387,0.0603,0.9167,0.3132,0.971
49.41077108,0.0659,0.8922,0.3107,0.947
49.413206234,0.0640,0.8728,0.3067,0.927
49.416188926,0.0440,0.8786,0.2929,0.927
49.418284003,0.0415,0.8686,0.2834,0.915
49.421015157,0.0335,0.8671,0.2824,0.913
49.422705849,0.0154,0.8759,0.2997,0.926
49.42522431,0.0024,0.8781,0.3116,0.932
49.427766849,-0.0021,0.8696,0.3034,0.921
49.429991772,-0.0121,0.8666,0.2890,0.914
49.432465541,-0.0163,0.8676,0.2772,0.911
49.435334849,-0.0109,0.8632,0.2689,0.904
49.437267387,-0.0048,0.8566,0.2555,0.894
49.439660695,-0.0006,0.8581,0.2457,0.893
49.442134157,-0.0170,0.8784,0.2545,0.915
49.444615157,-0.0241,0.8942,0.2696,0.934
49.450184695,-0.0290,0.9084,0.2731,0.949
49.450879772,-0.0214,0.9106,0.2769,0.952
49.45250308,-0.0046,0.9075,0.2860,0.951
49.463160618,0.0239,0.8987,0.3016,0.948
49.464248003,0.0430,0.8971,0.3165,0.952
49.464731695,0.0584,0.8989,0.3432,0.964
49.465252003,0.0769,0.8966,0.3584,0.969
49.465708618,0.0953,0.8922,0.3598,0.967
49.46628808,0.1016,0.8835,0.3764,0.966
49.469395387,0.1067,0.8828,0.3491,0.955
49.471191387,0.1127,0.8768,0.3134,0.938
49.473350849,0.1248,0.8619,0.3090,0.924
49.475761234,0.1267,0.8598,0.3219,0.927
49.479094772,0.1353,0.8517,0.3249,0.922
49.480475695,0.1421,0.8437,0.3317,0.918
49.482886541,0.1365,0.8434,0.3398,0.919
49.485573926,0.1297,0.8395,0.3332,0.912
49.487898464,0.1258,0.8412,0.3165,0.908
49.490162772,0.1209,0.8490,0.3214,0.916
49.493463464,0.1363,0.8281,0.2887,0.887
49.495719464,0.1507,0.8126,0.2767,0.872
49.497637234,0.1632,0.7953,0.2890,0.862
49.50067331,0.1719,0.7845,0.2921,0.855
49.504202157,0.1824,0.7767,0.3002,0.852
49.504920695,0.1891,0.7725,0.3183,0.857
49.50714808,0.2028,0.7674,0.3302,0.860
49.509684003,0.2033,0.7652,0.3346,0.860
49.514968003,0.1938,0.7743,0.3358,0.866
49.515366464,0.1815,0.7860,0.3386,0.875
49.517171772,0.1679,0.8016,0.3346,0.885
49.519361926,0.1463,0.8244,0.3381,0.903
49.521710772,0.1312,0.8451,0.3432,0.922
49.525086541,0.1136,0.8635,0.3493,0.938
49.526891387,0.1055,0.8845,0.3615,0.961
49.52871731,0.0889,0.9059,0.3786,0.986
49.531350772,0.0816,0.9196,0.3889,1.002
49.533602464,0.0848,0.9353,0.3898,1.017
49.53969608,0.0855,0.9480,0.3871,1.028
49.540281926,0.0909,0.9551,0.3803,1.032
49.542862772,0.1034,0.9514,0.3730,1.027
49.54402031,0.1090,0.9534,0.3664,1.027
49.548011464,0.1034,0.9548,0.3740,1.031
49.548412926,0.1114,0.9546,0.3742,1.031
49.550622849,0.1202,0.9483,0.3749,1.027
49.557614464,0.1439,0.9338,0.3705,1.015
49.558337849,0.1600,0.9236,0.3742,1.009
49.558648387,0.1676,0.9164,0.3789,1.006
49.560818541,0.1742,0.9111,0.3784,1.002
49.562695157,0.1793,0.9055,0.3789,0.998
49.565005003,0.1964,0.8873,0.3745,0.983
49.567782157,0.2167,0.8644,0.3666,0.964
49.569961234,0.2238,0.8483,0.3637,0.950
49.572201003,0.2285,0.8341,0.3668,0.939
49.574858157,0.2325,0.8244,0.3701,0.933
49.577670849,0.2287,0.8239,0.3808,0.936
49.579453926,0.2150,0.8327,0.3923,0.945
49.581917618,0.2082,0.8339,0.3994,0.948
49.584543157,0.2135,0.8314,0.3989,0.947
49.58730008,0.2157,0.8285,0.3967,0.944
49.589428003,0.2274,0.8207,0.3901,0.937
49.59173731,0.2406,0.8129,0.3817,0.930
49.594447464,0.2550,0.8074,0.3771,0.927
49.596340695,0.2621,0.8050,0.3720,0.925
49.59901231,0.2716,0.8085,0.3603,0.926
49.602741234,0.2744,0.8080,0.3468,0.921
49.610914464,0.2741,0.8109,0.3342,0.919
49.61141908,0.2756,0.8167,0.3276,0.922
49.611884926,0.2760,0.8221,0.3232,0.925
49.612321849,0.2736,0.8241,0.3281,0.928
49.614215772,0.2702,0.8316,0.3381,0.937
49.616008695,0.2636,0.8383,0.3528,0.947
49.618882464,0.2632,0.8397,0.3724,0.956
49.620315464,0.2621,0.8421,0.3945,0.966
49.623013926,0.2567,0.8451,0.4204,0.978
49.62599331,0.2518,0.8473,0.4373,0.986
49.627871157,0.2450,0.8551,0.4485,0.996
49.630389003,0.2374,0.8642,0.4621,1.008
49.632746234,0.2296,0.8768,0.4749,1.023
49.638402464,0.2213,0.8889,0.4875,1.038
49.638932003,0.2192,0.9015,0.5017,1.055
49.639941541,0.2099,0.9126,0.5124,1.067
49.642217541,0.2045,0.9223,0.5191,1.078
49.646532003,0.2084,0.9262,0.5247,1.085
49.646865003,0.2099,0.9297,0.5364,1.094
49.649432618,0.2084,0.9313,0.5443,1.099
49.65618531,0.2138,0.9285,0.5504,1.100
49.656675157,0.2204,0.9216,0.5513,1.096
49.656901003,0.2311,0.9103,0.5587,1.093
49.660539464,0.2446,0.8954,0.5599,1.084
49.661321618,0.2578,0.8830,0.5616,1.078
49.663852695,0.2695,0.8698,0.5606,1.069
49.666876003,0.2802,0.8527,0.5625,1.059
49.668633618,0.2905,0.8439,0.5569,1.052
49.671203772,0.2995,0.8374,0.5516,1.046
49.673554234,0.3132,0.8319,0.5650,1.053
49.676472003,0.3305,0.8283,0.5631,1.055
49.678142464,0.3337,0.8321,0.5420,1.048
49.680778157,0.3379,0.8397,0.5064,1.037
49.683271387,0.3401,0.8458,0.4781,1.029
49.686191772,0.3435,0.8593,0.4668,1.036
49.687808003,0.3442,0.8698,0.4673,1.046
49.690647772,0.3398,0.8815,0.4746,1.057
49.693066464,0.3369,0.8940,0.4749,1.067
49.69504131,0.3320,0.8876,0.4600,1.053
49.697504387,0.3324,0.8749,0.4568,1.041
49.700044695,0.3447,0.8581,0.4690,1.037
49.70236008,0.3501,0.8349,0.4854,1.027
49.704714464,0.3545,0.8083,0.5042,1.016
49.70742008,0.3522,0.7811,0.5247,1.005
49.709554234,0.3445,0.7591,0.5533,1.000
49.711972003,0.3293,0.7461,0.5680,0.994
49.714784618,0.3066,0.7449,0.5738,0.989
49.717286772,0.2844,0.7474,0.5667,0.980
49.71931508,0.2712,0.7547,0.5839,0.992
49.721678157,0.2411,0.7674,0.5907,0.998
49.724454541,0.2133,0.7841,0.5625,0.988
49.726630541,0.1788,0.8155,0.5616,1.006
49.72916931,0.1566,0.8486,0.5524,1.025
49.731729618,0.1510,0.8793,0.5420,1.044
49.734000926,0.1468,0.9091,0.5423,1.069
49.738726849,0.1542,0.9331,0.5489,1.093
49.740302157,0.1649,0.9490,0.5320,1.100
49.74104708,0.1705,0.9632,0.5042,1.100
49.74632931,0.1693,0.9665,0.4905,1.097
49.746757618,0.1830,0.9560,0.4744,1.083
49.74896708,0.2296,0.9323,0.4470,1.059
49.754722849,0.2418,0.9091,0.4532,1.044
49.755049234,0.2553,0.8822,0.4705,1.032
49.755584387,0.2580,0.8622,0.4986,1.029
49.75889731,0.2697,0.8395,0.4961,1.012
49.760385926,0.2902,0.8241,0.4719,0.993
49.762715387,0.2851,0.8123,0.4563,0.974
49.765217003,0.2881,0.8055,0.4678,0.975
49.767701003,0.3059,0.8041,0.4842,0.987
49.769919695,0.2998,0.8087,0.4935,0.994
49.772642464,0.3070,0.8132,0.4988,1.002
49.775130772,0.3181,0.8151,0.5133,1.014
49.777309618,0.3235,0.8185,0.5266,1.026
49.779759772,0.3333,0.8234,0.5399,1.039
49.782177618,0.3373,0.8305,0.5450,1.049
49.784515464,0.3415,0.8365,0.5560,1.061
49.78713608,0.3550,0.8500,0.5574,1.077
49.78951508,0.3773,0.8539,0.5418,1.079
49.792718772,0.3867,0.8573,0.5169,1.073
49.794182234,0.3904,0.8586,0.4979,1.067
49.796735695,0.3782,0.8628,0.4719,1.054
49.799082157,0.3659,0.8661,0.4758,1.054
49.801753003,0.3577,0.8656,0.4685,1.047
49.804000618,0.3648,0.8514,0.4451,1.028
49.80669331,0.3736,0.8390,0.3803,0.994
49.808988695,0.3729,0.8295,0.3779,0.985
49.811034541,0.3792,0.8212,0.4089,0.993
49.813589926,0.3785,0.8244,0.4055,0.994
49.817540387,0.3774,0.8358,0.3945,0.998
49.818290234,0.3729,0.8417,0.3835,0.997
49.820873926,0.3650,0.8439,0.4055,1.005
49.82389631,0.3571,0.8505,0.4255,1.016
49.825765541,0.3496,0.8512,0.4326,1.017
49.82795508,0.3173,0.8617,0.4008,1.002
49.83047608,0.2837,0.8703,0.3617,0.984
49.834289003,0.2534,0.8637,0.3288,0.958
49.83514431,0.2313,0.8554,0.3019,0.936
49.83755231,0.2199,0.8514,0.2955,0.928
49.842244695,0.2138,0.8442,0.2916,0.918
49.842949926,0.2018,0.8512,0.3075,0.927
49.844966541,0.1891,0.8542,0.3241,0.933
49.847435157,0.1784,0.8475,0.3219,0.924
49.854322772,0.1679,0.8466,0.3127,0.918
49.855021234,0.1488,0.8402,0.3021,0.905
49.85541608,0.1260,0.8351,0.3041,0.898
49.857580695,0.1094,0.8224,0.3095,0.885
49.866828003,0.0975,0.8080,0.3129,0.872
49.867326234,0.0913,0.7921,0.3209,0.860
49.867574234,0.0911,0.7762,0.3324,0.849
49.867757849,0.0985,0.7596,0.3510,0.843
49.868841003,0.1067,0.7469,0.3608,0.836
49.871449541,0.1146,0.7352,0.3586,0.826
49.874753849,0.1453,0.7273,0.3461,0.819
49.876145234,0.1703,0.7230,0.3234,0.810
49.878527464,0.1930,0.7207,0.3063,0.807
49.881285541,0.2231,0.7176,0.2974,0.808
49.883746849,0.2469,0.7166,0.2958,0.814
49.88566408,0.2746,0.7224,0.2980,0.828
49.888663387,0.2930,0.7381,0.2995,0.849
49.890662849,0.3023,0.7540,0.2948,0.864
49.893020695,0.3063,0.7750,0.2843,0.880
49.89549908,0.3163,0.7967,0.2738,0.900
49.898058234,0.3347,0.8132,0.2524,0.915
49.90044431,0.3217,0.8595,0.2479,0.951
49.902704003,0.2863,0.9487,0.2794,1.030
49.905094849,0.2646,1.0135,0.3019,1.090
49.907980695,0.2469,1.0515,0.2992,1.121
49.909925234,0.2008,1.0867,0.3102,1.148
49.912389926,0.1316,1.1170,0.3654,1.183
49.915239772,0.0545,1.1205,0.4402,1.205
49.917190464,-0.0199,1.0924,0.4770,1.192
49.919741234,-0.0847,1.0293,0.4688,1.134
49.922239157,-0.1216,0.9470,0.4427,1.052
49.92474931,-0.1320,0.8478,0.4338,0.961
49.927787772,-0.1113,0.7506,0.4427,0.878
49.929446541,-0.0703,0.6719,0.4592,0.817
49.932287157,-0.0102,0.6233,0.4844,0.789
49.933903387,0.0618,0.6101,0.5208,0.805
49.936548387,0.1246,0.6301,0.5657,0.856
49.938959695,0.1619,0.6709,0.6107,0.922
49.941288387,0.1852,0.7277,0.6302,0.980
49.945435695,0.1933,0.7855,0.6163,1.017
49.946351695,0.1952,0.8400,0.5887,1.044
49.953399772,0.1966,0.8930,0.5633,1.074
49.954100387,0.2001,0.9294,0.5394,1.093
49.954479387,0.2054,0.9614,0.5203,1.112
49.956788618,0.2150,0.9727,0.5098,1.119
49.96735331,0.2245,0.9749,0.5100,1.123
49.967923695,0.2341,0.9704,0.5117,1.122
49.968116695,0.2411,0.9646,0.5169,1.121
49.968289003,0.2480,0.9558,0.5196,1.116
49.968455387,0.2529,0.9480,0.5152,1.108
49.970660003,0.2604,0.9385,0.4942,1.092
49.972883387,0.2634,0.9287,0.4619,1.070
49.974885234,0.2739,0.9136,0.4253,1.044
49.977633849,0.2849,0.8994,0.3969,1.024
49.982994849,0.2944,0.8859,0.3742,1.006
49.983692695,0.3110,0.8744,0.3652,0.997
49.984648926,0.3215,0.8644,0.3600,0.990
49.987456003,0.3322,0.8595,0.3584,0.989
49.990480387,0.3337,0.8583,0.3566,0.987
49.991843387,0.3252,0.8598,0.3515,0.984
49.994393618,0.3122,0.8622,0.3437,0.979
49.996975157,0.2925,0.8735,0.3407,0.982
49.999474772,0.2739,0.8824,0.3495,0.988
50.001565003,0.2539,0.8998,0.3659,1.004
50.004491464,0.2299,0.9150,0.3813,1.018
50.007366157,0.2108,0.9277,0.3982,1.031
50.009036003,0.1947,0.9385,0.4145,1.044
50.01132708,0.1777,0.9485,0.4226,1.053
50.013885234,0.1583,0.9560,0.4285,1.060
50.015995464,0.1446,0.9609,0.4260,1.061
50.018444387,0.1341,0.9621,0.4108,1.055
50.021107772,0.1204,0.9609,0.3920,1.045
50.023871695,0.1065,0.9580,0.3769,1.035
50.02574708,0.0953,0.9563,0.3637,1.028
50.028333541,0.0748,0.9516,0.3525,1.018
50.03208031,0.0623,0.9473,0.3439,1.010
50.032976003,0.0452,0.9397,0.3334,0.998
50.035641926,0.0373,0.9277,0.3293,0.985
50.037996003,0.0281,0.9255,0.3249,0.981
50.040563157,0.0217,0.9255,0.3268,0.982
50.043443157,0.0144,0.9208,0.3265,0.977
50.04532431,0.0124,0.9145,0.3136,0.967
50.047606849,0.0070,0.9089,0.2980,0.956
50.053698234,0.0066,0.9067,0.2934,0.953
50.054214234,0.0049,0.9018,0.2987,0.950
50.054742541,0.0019,0.9062,0.2958,0.953
50.067131387,0.0019,0.9138,0.2809,0.956
50.06774808,0.0100,0.9045,0.2831,0.948
50.067904618,0.0207,0.9052,0.2862,0.950
50.068015464,0.0268,0.8935,0.3067,0.945
50.06813331,0.0308,0.8876,0.3146,0.942
50.069174541,0.0405,0.8984,0.2723,0.940
50.072554157,0.0550,0.8964,0.2611,0.935
50.07500531,0.0464,0.9043,0.2762,0.947
50.076336387,0.0449,0.8966,0.2890,0.943
50.07868531,0.0689,0.8796,0.2829,0.927
50.08136708,0.0823,0.8607,0.2711,0.906
50.083450464,0.0880,0.8481,0.2589,0.891
50.086038849,0.0801,0.8458,0.2680,0.891
50.08833508,0.0591,0.8661,0.2829,0.913
50.091047772,0.0235,0.9015,0.3088,0.953
50.093100618,-0.0118,0.9348,0.3398,0.995
50.095683695,-0.0388,0.9714,0.3630,1.038
50.098341003,-0.0656,1.0049,0.3947,1.082
50.10080431,-0.0908,1.0289,0.3915,1.105
50.103392926,-0.0966,1.0340,0.4040,1.114
50.105486772,-0.0982,1.0301,0.4262,1.119
50.10772831,-0.0879,1.0217,0.4380,1.115
50.110021618,-0.0637,1.0027,0.4336,1.094
50.112687695,-0.0390,0.9849,0.4267,1.074
50.114956003,-0.0109,0.9599,0.4234,1.049
50.117742234,0.0135,0.9387,0.4294,1.032
50.119959772,0.0207,0.9277,0.4304,1.023
50.12215231,0.0188,0.9233,0.4287,1.018
50.124570157,0.0122,0.9196,0.4267,1.014
50.127208695,0.0042,0.9220,0.4118,1.010
50.131035772,0.0054,0.9148,0.3920,0.995
50.132306849,0.0119,0.9028,0.3673,0.975
50.134426157,0.0254,0.8886,0.3591,0.959
50.13734531,0.0340,0.8805,0.3686,0.955
50.139541849,0.0361,0.8847,0.3735,0.961
50.141419464,0.0342,0.8852,0.3903,0.968
50.144261541,-0.0510,1.0177,0.3276,1.070
50.151002772,-0.0260,0.9849,0.4621,1.088
50.151751157,0.0291,0.9467,0.4746,1.059
50.152159772,0.0193,0.9778,0.4269,1.067
50.153829003,0.0792,0.9399,0.4563,1.048
50.164370234,0.1363,0.8901,0.4558,1.009
50.164988695,0.1779,0.8316,0.5077,0.990
50.165174849,0.1828,0.8473,0.4695,0.986
50.165333234,0.1637,0.8478,0.4963,0.996
50.165499387,0.1800,0.8165,0.5357,0.993
50.168439387,0.1419,0.8072,0.5576,0.991
50.172978772,0.0877,0.8407,0.5140,0.989
50.173465618,0.0513,0.8393,0.5657,1.013
50.175139387,0.0422,0.8363,0.6158,1.039
50.177736387,0.0156,0.8663,0.6151,1.063
50.179958464,0.0505,0.8129,0.6630,1.050
50.182613003,0.0510,0.8072,0.6393,1.031
50.185363695,0.0132,0.8579,0.6044,1.049
50.188118234,-0.0412,0.9309,0.5689,1.092
50.189978157,-0.0600,0.9805,0.5726,1.137
50.192384926,-0.0155,0.9336,0.6556,1.141
50.19538408,0.0626,0.8414,0.7106,1.103
50.19708431,0.0615,0.8451,0.6552,1.071
50.199236618,0.0498,0.8979,0.5858,1.073
50.202385234,0.0225,0.9446,0.6373,1.140
50.205181926,0.0517,0.8854,0.7216,1.143
50.206476387,0.0957,0.8175,0.6945,1.077
50.208926849,0.0938,0.8481,0.5967,1.041
50.211848003,0.0948,0.8615,0.6319,1.073
50.213882849,0.1292,0.7799,0.6882,1.048
50.216255772,0.1050,0.7978,0.6158,1.013
50.218741003,0.0897,0.7934,0.6276,1.016
50.221444926,0.0823,0.7538,0.6796,1.018
50.22342131,0.0430,0.7611,0.6738,1.017
50.225942541,-0.0072,0.7948,0.6530,1.029
50.228493541,-0.0430,0.8195,0.6549,1.050
50.23079108,-0.0568,0.8151,0.6642,1.053
50.233311695,-0.0570,0.8078,0.6515,1.039
50.236048387,-0.0500,0.8018,0.6342,1.024
50.241790157,-0.0481,0.8046,0.6195,1.017
50.242601003,-0.0514,0.8260,0.5872,1.015
50.24294931,-0.0446,0.8730,0.5711,1.044
50.250762234,0.0151,0.8006,0.7099,1.070
50.251068003,0.0354,0.7542,0.7048,1.033
50.251237926,0.0034,0.7934,0.6302,1.013
50.252341926,-0.0473,0.8368,0.6088,1.036
50.25840531,-0.0603,0.8549,0.5958,1.044
50.258893926,-0.0461,0.8498,0.5785,1.029
50.259599695,-0.0190,0.8374,0.5629,1.009
50.263896387,0.0014,0.8295,0.5350,0.987
50.264470234,0.0200,0.8334,0.5096,0.977
50.267505926,0.0447,0.8202,0.4900,0.956
50.269877926,0.0589,0.8099,0.4814,0.944
50.272175772,0.0545,0.8180,0.4651,0.943
50.274353234,0.0366,0.8300,0.4568,0.948
50.276520387,0.0259,0.8339,0.4476,0.947
50.279249849,0.0163,0.8329,0.4341,0.939
50.28135731,0.0110,0.8314,0.4136,0.929
50.28446531,0.0107,0.8209,0.3859,0.907
50.286396387,0.0207,0.8072,0.3664,0.887
50.28893208,0.0328,0.7911,0.3615,0.870
50.291179772,0.0437,0.7787,0.3698,0.863
50.294183157,0.0513,0.7680,0.3879,0.862
50.296489003,0.0530,0.7618,0.4082,0.866
50.298242849,0.0479,0.7564,0.4321,0.872
50.300642157,0.0310,0.7486,0.4519,0.875
50.303916387,0.0068,0.7430,0.4734,0.881
50.305416926,-0.0232,0.7410,0.4842,0.885
50.307912695,-0.0579,0.7401,0.4971,0.893
50.31222408,-0.0940,0.7384,0.5130,0.904
50.313044003,-0.1262,0.7373,0.5294,0.916
50.315034464,-0.1616,0.7352,0.5506,0.933
50.317854772,-0.1966,0.7408,0.5726,0.957
50.320742772,-0.2305,0.7454,0.5941,0.981
50.32237208,-0.2564,0.7508,0.6119,1.002
50.324963157,-0.2741,0.7618,0.6207,1.020
50.32740531,-0.2862,0.7667,0.6261,1.030
50.329932926,-0.2941,0.7689,0.6363,1.040
50.332099157,-0.2931,0.7731,0.6440,1.048
50.334387695,-0.2850,0.7733,0.6466,1.048
50.336938464,-0.2738,0.7736,0.6437,1.043
50.339189541,-0.2591,0.7789,0.6368,1.039
50.342011157,-0.2394,0.7731,0.6219,1.021
50.344279387,-0.2163,0.7667,0.5983,0.996
50.349828387,-0.1924,0.7596,0.5701,0.969
50.350532387,-0.1746,0.7559,0.5511,0.952
50.352531387,-0.1555,0.7540,0.5457,0.944
50.359976311,-0.1385,0.7608,0.5560,0.952
50.360954849,-0.1140,0.7701,0.5629,0.961
50.361168695,-0.0908,0.7806,0.5653,0.968
50.361729311,-0.0644,0.7869,0.5643,0.970
50.366916926,-0.0409,0.7987,0.5576,0.975
50.36718308,-0.0197,0.8092,0.5557,0.982
50.368238157,-0.0116,0.8246,0.5562,0.995
50.371215157,-0.0060,0.8454,0.5689,1.019
50.372930849,-0.0023,0.8712,0.5919,1.053
50.375808003,0.0044,0.8928,0.6163,1.085
50.378305311,0.0193,0.9140,0.6332,1.112
50.380182234,0.0366,0.9285,0.6493,1.134
50.382629926,0.0559,0.9372,0.6689,1.153
50.385167464,0.0748,0.9467,0.6825,1.170
50.387658541,0.0892,0.9570,0.6850,1.180
50.38989208,0.0975,0.9648,0.6754,1.182
50.392689618,0.0982,0.9700,0.6584,1.176
50.394850157,0.0987,0.9707,0.6449,1.170
50.397200387,0.1013,0.9714,0.6375,1.166
50.399753926,0.1065,0.9690,0.6344,1.163
50.401968387,0.1114,0.9636,0.6326,1.158
50.404422234,0.1190,0.9546,0.6249,1.147
50.407208311,0.1258,0.9434,0.6319,1.142
50.409556311,0.1280,0.9264,0.6419,1.134
50.41169608,0.1265,0.9148,0.6496,1.129
50.414179695,0.1202,0.9026,0.6615,1.125
50.416622157,0.0997,0.8945,0.6757,1.125
50.419532003,0.0731,0.8938,0.6828,1.127
50.421145541,0.0424,0.8945,0.6847,1.127
50.423584618,0.0122,0.8938,0.6808,1.124
50.426196926,-0.0124,0.8930,0.6745,1.119
50.428653926,-0.0363,0.8854,0.6710,1.112
50.431515695,-0.0570,0.8777,0.6717,1.107
50.433508311,-0.0728,0.8715,0.6730,1.104
50.435739695,-0.0852,0.8688,0.6796,1.106
50.441272311,-0.1047,0.8698,0.6882,1.114
50.441917849,-0.1199,0.8708,0.6964,1.121
50.454836926,-0.1365,0.8786,0.7062,1.135
50.455433541,-0.1511,0.8837,0.7216,1.151
50.455670849,-0.1648,0.8889,0.7283,1.161
50.455869541,-0.1741,0.8908,0.7341,1.167
50.456068926,-0.1839,0.8952,0.7265,1.168
50.456263695,-0.1946,0.8998,0.7150,1.166
50.458799387,-0.1981,0.8979,0.7020,1.157
50.459589311,-0.2022,0.8935,0.6945,1.150
50.462222849,-0.2027,0.8879,0.6945,1.145
50.464797311,-0.1995,0.8822,0.6923,1.139
50.467627695,-0.1924,0.8779,0.6813,1.128
50.469584926,-0.1800,0.8710,0.6738,1.116
50.47193108,-0.1963,0.8744,0.6808,1.125
50.474851387,-0.2205,0.8905,0.6730,1.138
50.476873926,-0.2826,0.9213,0.6813,1.180
50.479275695,-0.2902,0.9289,0.6424,1.166
50.481577234,-0.2613,0.9103,0.5878,1.115
50.484117926,-0.2603,0.9138,0.5682,1.107
50.486497311,-0.2398,0.9201,0.5443,1.096
50.488793311,-0.2271,0.9223,0.5426,1.094
50.491820618,-0.2047,0.9187,0.5315,1.081
50.494148926,-0.1746,0.9062,0.5147,1.057
50.496002541,-0.1487,0.9010,0.4763,1.030
50.498960003,-0.1257,0.8886,0.4316,0.996
50.500791695,-0.1169,0.8717,0.4353,0.981
50.503320926,-0.1038,0.8625,0.4365,0.972
50.505972003,-0.0935,0.8430,0.4358,0.954
50.510182234,-0.1001,0.8288,0.4402,0.944
50.510906541,-0.0994,0.8172,0.4341,0.931
50.513301311,-0.0913,0.8018,0.4331,0.916
50.515758849,-0.0864,0.7882,0.4299,0.902
50.518770772,-0.0825,0.7764,0.4192,0.886
50.520421618,-0.0830,0.7704,0.3999,0.872
50.522490849,-0.0852,0.7723,0.3850,0.867
50.525723464,-0.0837,0.7743,0.3754,0.865
50.528347772,-0.0812,0.7762,0.3791,0.868
50.529807387,-0.0776,0.7820,0.3887,0.877
50.532811464,-0.0761,0.7931,0.3950,0.889
50.535219464,-0.0768,0.8065,0.4033,0.905
50.53710708,-0.0845,0.8273,0.4120,0.928
50.539484618,-0.0740,0.8381,0.4209,0.941
50.541770772,-0.0626,0.8483,0.4406,0.958
50.546353541,-0.0828,0.8696,0.4563,0.986
50.547103695,-0.1272,0.9057,0.4604,1.024
50.549715464,-0.1998,0.9511,0.4717,1.080
50.559849541,-0.2301,0.9744,0.5210,1.129
50.560597234,-0.1839,0.9595,0.5528,1.122
50.56078708,-0.1824,0.9504,0.5364,1.106
50.560970157,-0.1932,0.9529,0.5022,1.094
50.561143772,-0.1826,0.9443,0.4756,1.073
50.564377003,-0.1700,0.9264,0.4705,1.053
50.566883157,-0.1809,0.9075,0.5012,1.052
50.56843608,-0.1734,0.8891,0.5266,1.048
50.57079108,-0.1658,0.8688,0.5354,1.034
50.573011157,-0.1494,0.8500,0.5301,1.013
50.575817618,-0.1331,0.8370,0.5093,0.989
50.577815464,-0.1252,0.8307,0.4976,0.976
50.580335157,-0.1213,0.8312,0.5003,0.978
50.582932311,-0.1474,0.8434,0.6564,1.079
50.585506541,-0.1963,0.8723,0.7136,1.144
50.587625618,-0.2328,0.8998,0.5880,1.100
50.590156695,-0.2580,0.9321,0.4125,1.051
50.59283208,-0.2547,0.9390,0.3407,1.031
50.595722464,-0.2296,0.9341,0.3512,1.024
50.597433311,-0.1951,0.9218,0.4248,1.034
50.599701234,-0.1502,0.9047,0.4888,1.039
50.602006772,-0.1050,0.8842,0.4988,1.021
50.604868695,-0.0568,0.8630,0.4971,0.998
50.607554157,-0.0195,0.8454,0.4988,0.982
50.609419464,0.0191,0.8325,0.4846,0.963
50.611953926,0.0473,0.8224,0.4739,0.950
50.614236926,0.0550,0.8239,0.4802,0.955
50.616753234,0.0496,0.8383,0.4939,0.974
50.624279387,0.0420,0.8507,0.4817,0.979
50.62482308,0.0281,0.8663,0.4693,0.986
50.625094157,0.0170,0.8784,0.4690,0.996
50.626247157,0.0130,0.8828,0.4756,1.003
50.629058234,0.0188,0.8820,0.4944,1.011
50.631094464,0.0279,0.8724,0.5184,1.015
50.633915772,0.0281,0.8696,0.5354,1.022
50.636485849,0.0137,0.8723,0.5374,1.025
50.638318772,0.0066,0.8720,0.5133,1.012
50.640713926,0.0054,0.8651,0.4971,0.998
50.642946772,0.0093,0.8593,0.5052,0.997
50.645416618,0.0086,0.8586,0.5242,1.006
50.648038772,-0.0021,0.8647,0.5435,1.021
50.652646464,-0.0176,0.8759,0.5462,1.032
50.653051772,-0.0326,0.8886,0.5320,1.036
50.655312003,-0.0537,0.9087,0.5347,1.056
50.657748618,-0.0742,0.9250,0.5576,1.083
50.660913311,-0.0928,0.9424,0.5723,1.106
50.662395464,-0.1059,0.9551,0.5587,1.112
50.664990157,-0.1180,0.9626,0.5389,1.110
50.668587387,-0.1313,0.9695,0.5220,1.109
50.669653234,-0.1416,0.9744,0.5081,1.108
50.672268695,-0.1378,0.9704,0.4959,1.098
50.67544408,-0.1301,0.9665,0.4973,1.095
50.676670464,-0.1125,0.9497,0.5074,1.083
50.67915508,-0.1059,0.9431,0.5164,1.080
50.681748926,-0.0966,0.9369,0.5169,1.074
50.684086157,-0.0815,0.9192,0.5147,1.057
50.686386772,-0.0632,0.9040,0.5152,1.042
50.689202234,-0.0537,0.8873,0.5157,1.028
50.692045618,-0.0470,0.8710,0.4991,1.005
50.693560003,-0.0481,0.8568,0.4817,0.984
50.69615908,-0.0507,0.8397,0.4810,0.969
50.698700618,-0.0600,0.8332,0.4819,0.964
50.701010234,-0.0703,0.8268,0.4814,0.959
50.703611157,-0.0791,0.8232,0.4823,0.957
50.70571908,-0.0926,0.8214,0.4851,0.958
50.708648003,-0.1003,0.8172,0.4886,0.957
50.71073908,-0.1128,0.8175,0.4886,0.959
50.713601311,-0.1189,0.8116,0.4932,0.957
50.716597926,-0.1264,0.8090,0.4944,0.956
50.717908311,-0.1331,0.8053,0.4898,0.952
50.720433541,-0.1421,0.8002,0.4842,0.946
50.724979772,-0.1482,0.7978,0.4776,0.941
50.725613234,-0.1480,0.7885,0.4730,0.931
50.727485926,-0.1529,0.7801,0.4627,0.920
50.730048618,-0.1529,0.7687,0.4641,0.911
50.732961003,-0.1536,0.7601,0.4656,0.905
50.734618157,-0.1536,0.7513,0.4600,0.894
50.737393849,-0.1543,0.7503,0.4416,0.884
50.739766157,-0.1565,0.7545,0.4294,0.882
50.742066157,-0.1565,0.7611,0.4272,0.887
50.744801849,-0.1526,0.7674,0.4383,0.897
50.747511387,-0.1458,0.7764,0.4516,0.910
50.752419157,-0.1362,0.7862,0.4553,0.919
50.752897849,-0.1301,0.7974,0.4492,0.924
50.754570157,-0.1226,0.8121,0.4397,0.932
50.756489618,-0.1157,0.8329,0.4329,0.946
50.759173311,-0.1125,0.8498,0.4360,0.962
50.761086541,-0.1099,0.8622,0.4504,0.979
50.764605541,-0.1038,0.8756,0.4683,0.998
50.769639695,-0.1015,0.8845,0.4781,1.011
50.770756387,-0.0930,0.8903,0.4826,1.017
50.771471695,-0.0886,0.8920,0.4851,1.019
50.773590157,-0.0871,0.8894,0.4798,1.014
50.775596003,-0.0817,0.8852,0.4763,1.009
50.778333926,-0.0710,0.8796,0.4646,0.997
50.780565926,-0.0623,0.8735,0.4507,0.985
50.783378464,-0.0546,0.8684,0.4418,0.976
50.78536308,-0.0414,0.8617,0.4392,0.968
50.789151695,-0.0283,0.8547,0.4427,0.963
50.790782157,-0.0158,0.8535,0.4467,0.963
50.79271608,-0.0067,0.8530,0.4556,0.967
50.795246849,0.0014,0.8549,0.4649,0.973
50.797477618,0.0093,0.8563,0.4688,0.976
50.800077849,0.0124,0.8566,0.4644,0.974
50.802187387,0.0188,0.8583,0.4616,0.975
50.805341003,0.0237,0.8591,0.4592,0.974
50.807636926,0.0274,0.8593,0.4544,0.972
50.809760618,0.0337,0.8635,0.4492,0.974
50.812735464,0.0364,0.8666,0.4465,0.976
50.814790541,0.0371,0.8712,0.4406,0.977
50.817234157,0.0344,0.8737,0.4338,0.976
50.819068618,0.0303,0.8791,0.4294,0.979
50.821973926,0.0298,0.8833,0.4314,0.983
50.82416808,0.0296,0.8903,0.4287,0.989
50.826379464,0.0274,0.8884,0.4282,0.987
50.829316926,0.0303,0.8913,0.4248,0.988
50.832676695,0.0328,0.8898,0.4226,0.986
50.833694541,0.0366,0.8930,0.4211,0.988
50.836521541,0.0408,0.8974,0.4192,0.991
50.840506157,0.0424,0.8966,0.4204,0.991
50.841338157,0.0469,0.9015,0.4206,0.996
50.84397108,0.0491,0.9062,0.4278,1.003
50.845761849,0.0530,0.9094,0.4348,1.009
50.853231695,0.0545,0.9152,0.4429,1.018
50.853973849,0.0557,0.9171,0.4492,1.023
50.854289541,0.0528,0.9184,0.4536,1.026
50.855472003,0.0535,0.9199,0.4614,1.031
50.86827908,0.0501,0.9199,0.4678,1.033
50.869348387,0.0482,0.9187,0.4732,1.034
50.869808618,0.0433,0.9184,0.4776,1.036
50.86997908,0.0396,0.9143,0.4807,1.034
50.870154849,0.0386,0.9126,0.4844,1.034
50.870334234,0.0335,0.9113,0.4895,1.035
50.873254772,0.0276,0.9067,0.4959,1.034
50.876315772,0.0254,0.9064,0.4984,1.035
50.877209541,0.0212,0.9018,0.5030,1.033
50.879889926,0.0200,0.8998,0.5096,1.034
50.882224003,0.0176,0.8945,0.5096,1.030
50.88409508,0.0198,0.8886,0.5096,1.025
50.88707108,0.0188,0.8817,0.5042,1.016
50.889288695,0.0188,0.8740,0.5003,1.007
50.891450849,0.0198,0.8661,0.5015,1.001
50.89393908,0.0179,0.8581,0.5028,0.995
50.896443772,0.0135,0.8537,0.5079,0.993
50.898921003,0.0137,0.8522,0.5213,0.999
50.901240003,0.0098,0.8473,0.5369,1.003
50.903777849,0.0086,0.8473,0.5520,1.011
50.906670234,0.0026,0.8470,0.5616,1.016
50.908316387,-0.0058,0.8486,0.5687,1.022
50.911200618,-0.0131,0.8475,0.5738,1.024
50.913524311,-0.0227,0.8488,0.5782,1.027
50.915920618,-0.0358,0.8537,0.5834,1.035
50.918005311,-0.0478,0.8566,0.5921,1.042
50.920922541,-0.0576,0.8600,0.6032,1.052
50.923123772,-0.0668,0.8595,0.6109,1.057
50.925367157,-0.0759,0.8576,0.6149,1.058
50.927996618,-0.0798,0.8556,0.6153,1.057
50.930314234,-0.0805,0.8519,0.6144,1.053
50.932445234,-0.0810,0.8449,0.6195,1.051
50.934945234,-0.0833,0.8405,0.6227,1.049
50.937948387,-0.0822,0.8395,0.6288,1.052
50.944433541,-0.0837,0.8397,0.6300,1.053
50.945306157,-0.0822,0.8353,0.6310,1.050
50.945751157,-0.0793,0.8325,0.6283,1.046
50.946924618,-0.0735,0.8281,0.6256,1.040
50.953536695,-0.0696,0.8227,0.6261,1.036
50.954113926,-0.0647,0.8202,0.6268,1.034
50.954706157,-0.0591,0.8165,0.6227,1.029
50.962467387,-0.0530,0.8163,0.6219,1.028
50.963228695,-0.0481,0.8151,0.6219,1.026
50.963672003,-0.0453,0.8146,0.6217,1.026
50.964065926,-0.0390,0.8119,0.6244,1.025
50.966129311,-0.0337,0.8116,0.6270,1.026
50.968872695,-0.0324,0.8139,0.6293,1.029
50.971459695,-0.0285,0.8121,0.6317,1.029
50.973595157,-0.0246,0.8132,0.6375,1.034
50.975763772,-0.0209,0.8085,0.6398,1.031
50.978656695,-0.0167,0.8027,0.6400,1.027
50.980871387,-0.0155,0.7958,0.6400,1.021
50.983189311,-0.0216,0.8016,0.6498,1.032
50.985527695,-0.0260,0.8097,0.6493,1.038
50.989002234,-0.0304,0.8097,0.6342,1.029
50.990711157,-0.0292,0.8116,0.6242,1.024
50.993235157,-0.0258,0.8119,0.6266,1.026
50.995636695,-0.0270,0.8121,0.6339,1.031
50.99792008,-0.0276,0.8178,0.6405,1.039
51.000707157,-0.0302,0.8192,0.6449,1.043
51.002804618,-0.0353,0.8192,0.6440,1.043
51.005664387,-0.0390,0.8251,0.6351,1.042
51.008119772,-0.0395,0.8309,0.6281,1.042
51.009878772,-0.0405,0.8381,0.6268,1.047
51.012382464,-0.0414,0.8414,0.6317,1.053
51.014994541,-0.0458,0.8514,0.6344,1.063
51.017538234,-0.0481,0.8598,0.6335,1.069
51.019498849,-0.0476,0.8649,0.6279,1.070
51.021848003,-0.0449,0.8696,0.6188,1.068
51.024218772,-0.0381,0.8730,0.6149,1.068
51.026870541,-0.0337,0.8768,0.6132,1.070
51.029311464,-0.0295,0.8784,0.6097,1.070
51.031620311,-0.0246,0.8805,0.6048,1.068
51.034281926,-0.0151,0.8847,0.5948,1.066
51.036481618,-0.0507,0.9421,0.6486,1.145
51.042887464,-0.1155,1.0015,0.6114,1.179
51.043666234,-0.0530,0.9474,0.5887,1.117
51.044441234,-0.0170,0.9128,0.5731,1.078
51.053407695,0.0110,0.8908,0.5550,1.050
51.053998464,0.0337,0.8771,0.5597,1.041
51.054226234,0.0457,0.8668,0.5629,1.035
51.054425311,0.0422,0.8735,0.5587,1.038
51.05672808,0.0271,0.9033,0.5403,1.053
51.058494772,0.0305,0.8935,0.5511,1.050
51.060458234,0.0496,0.8637,0.5623,1.032
51.063619772,0.0435,0.8640,0.5459,1.023
51.064957926,0.0437,0.8498,0.5325,1.004
51.067597003,0.0393,0.8461,0.5179,0.993
51.070501541,0.0342,0.8363,0.5115,0.981
51.072365926,0.0274,0.8302,0.5108,0.975
51.075033311,0.0193,0.8212,0.5117,0.968
51.077550541,0.0117,0.8139,0.5193,0.965
51.079714464,-0.0018,0.8072,0.5198,0.960
51.082085926,-0.0148,0.8048,0.5196,0.958
51.084668003,-0.0297,0.8034,0.5208,0.958
51.087069311,-0.0458,0.8043,0.5240,0.961
51.089568926,-0.0566,0.8055,0.5252,0.963
51.091931772,-0.0703,0.8041,0.5298,0.965
51.094269311,-0.0784,0.8034,0.5343,0.968
51.096479772,-0.0864,0.8002,0.5335,0.966
51.099400311,-0.0935,0.7990,0.5331,0.965
51.101409234,-0.0977,0.7997,0.5366,0.968
51.104685926,-0.1006,0.7982,0.5426,0.970
51.106519157,-0.1015,0.7978,0.5520,0.975
51.108652695,-0.1089,0.7978,0.5629,0.982
51.11118308,-0.1128,0.8004,0.5736,0.991
51.113482541,-0.1159,0.7990,0.5755,0.991
51.11612008,-0.1167,0.7987,0.5792,0.993
51.118352926,-0.1216,0.8027,0.5792,0.997
51.121400003,-0.1228,0.8060,0.5834,1.003
51.123716387,-0.1231,0.8099,0.5841,1.006
51.125724003,-0.1233,0.8134,0.5778,1.005
51.128424387,-0.1204,0.8170,0.5738,1.006
51.130935464,-0.1111,0.8190,0.5741,1.006
51.132941311,-0.1084,0.8232,0.5785,1.012
51.135333541,-0.1062,0.8281,0.5860,1.020
51.137778157,-0.1006,0.8349,0.5890,1.027
51.139885618,-0.0977,0.8374,0.5853,1.026
51.142513003,-0.0966,0.8376,0.5767,1.021
51.144864387,-0.0910,0.8363,0.5692,1.016
51.151067695,-0.0825,0.8365,0.5606,1.010
51.15201608,-0.0744,0.8344,0.5531,1.004
51.153432926,-0.0647,0.8316,0.5480,0.998
51.154820311,-0.0591,0.8293,0.5455,0.994
51.162813618,-0.0486,0.8268,0.5464,0.992
51.163594772,-0.0412,0.8314,0.5489,0.997
51.163792926,-0.0375,0.8332,0.5494,0.999
51.164107464,-0.0339,0.8378,0.5518,1.004
51.166597541,-0.0353,0.8383,0.5508,1.004
51.170989234,-0.0341,0.8424,0.5492,1.006
51.171744003,-0.0395,0.8449,0.5401,1.004
51.173682157,-0.0427,0.8498,0.5347,1.005
51.176190772,-0.0493,0.8507,0.5298,1.003
51.179172695,-0.0512,0.8530,0.5254,1.003
51.18079908,-0.0570,0.8530,0.5296,1.006
51.183521311,-0.0615,0.8581,0.5331,1.012
51.18649508,-0.0666,0.8581,0.5389,1.015
51.188197003,-0.0661,0.8581,0.5433,1.018
51.190712926,-0.0737,0.8583,0.5487,1.021
51.193241541,-0.0749,0.8583,0.5520,1.023
51.195669234,-0.0789,0.8559,0.5573,1.024
51.197878849,-0.0825,0.8591,0.5608,1.029
51.200483157,-0.0854,0.8566,0.5636,1.029
51.203735464,-0.0881,0.8530,0.5665,1.028
51.205084695,-0.0930,0.8530,0.5680,1.029
51.207334849,-0.0966,0.8510,0.5643,1.026
51.209956695,-0.1001,0.8475,0.5633,1.023
51.212397541,-0.1015,0.8475,0.5638,1.023
51.214753003,-0.1059,0.8468,0.5645,1.023
51.217073618,-0.1103,0.8439,0.5648,1.021
51.220266157,-0.1162,0.8466,0.5680,1.026
51.222252003,-0.1206,0.8437,0.5701,1.025
51.224444003,-0.1236,0.8437,0.5731,1.027
51.227113234,-0.1285,0.8505,0.5726,1.033
51.229425003,-0.1301,0.8490,0.5760,1.034
51.23201508,-0.1318,0.8483,0.5809,1.037
51.234351772,-0.1336,0.8473,0.5814,1.036
51.236635464,-0.1333,0.8470,0.5787,1.034
51.23939508,-0.1306,0.8470,0.5765,1.033
51.241415695,-0.1275,0.8449,0.5713,1.028
51.244142541,-0.1211,0.8456,0.5567,1.020
51.246282541,-0.1111,0.8444,0.5445,1.011
51.248686157,-0.1013,0.8421,0.5435,1.007
51.251244003,-0.0874,0.8430,0.5494,1.010
51.257684618,-0.0793,0.8430,0.5576,1.014
51.258447387,-0.0705,0.8446,0.5625,1.017
51.258904387,-0.0666,0.8473,0.5669,1.022
51.269886157,-0.0605,0.8493,0.5641,1.021
51.271243772,-0.0610,0.8510,0.5623,1.022
51.271501618,-0.0635,0.8539,0.5620,1.024
51.271994464,-0.0666,0.8551,0.5677,1.029
51.272187695,-0.0754,0.8551,0.5711,1.031
51.272692003,-0.0789,0.8581,0.5743,1.036
51.275873849,-0.0852,0.8539,0.5721,1.031
51.277890234,-0.0879,0.8554,0.5655,1.029
51.279664387,-0.0901,0.8566,0.5616,1.028
51.282049541,-0.0959,0.8537,0.5636,1.027
51.286312695,-0.0998,0.8532,0.5597,1.025
51.286961541,-0.1006,0.8500,0.5587,1.022
51.289767772,-0.1062,0.8486,0.5585,1.021
51.292405003,-0.1071,0.8481,0.5597,1.022
51.295138157,-0.1108,0.8426,0.5564,1.016
51.296716618,-0.1125,0.8393,0.5528,1.011
51.299637541,-0.1076,0.8332,0.5504,1.004
51.302893849,-0.1071,0.8293,0.5516,1.002
51.304145311,-0.1054,0.8276,0.5447,0.996
51.306260311,-0.1018,0.8234,0.5399,0.990
51.30891608,-0.1006,0.8200,0.5406,0.987
51.311452926,-0.0969,0.8188,0.5433,0.987
51.313658234,-0.0989,0.8167,0.5477,0.988
51.316248695,-0.0989,0.8183,0.5504,0.991
51.31930308,-0.1003,0.8180,0.5496,0.991
51.320877541,-0.1028,0.8172,0.5477,0.989
51.323615772,-0.1057,0.8180,0.5443,0.988
51.325838849,-0.1062,0.8148,0.5377,0.982
51.328069849,-0.1062,0.8207,0.5374,0.987
51.330661311,-0.1087,0.8227,0.5371,0.988
51.332953849,-0.1076,0.8244,0.5371,0.990
51.335924311,-0.1079,0.8263,0.5338,0.990
51.337679772,-0.1106,0.8309,0.5276,0.990
51.340653311,-0.1089,0.8337,0.5264,0.992
51.342791157,-0.1096,0.8407,0.5289,0.999
51.345191157,-0.1120,0.8434,0.5298,1.002
51.347242541,-0.1091,0.8483,0.5308,1.007
51.357344311,-0.1091,0.8512,0.5308,1.009
51.357957003,-0.1043,0.8539,0.5296,1.010
51.358212695,-0.1001,0.8563,0.5296,1.012
51.358443387,-0.0930,0.8566,0.5338,1.014
51.359819387,-0.0893,0.8573,0.5401,1.017
51.370947387,-0.0808,0.8576,0.5406,1.017
51.371712618,-0.0747,0.8586,0.5401,1.017
51.371938849,-0.0710,0.8566,0.5371,1.014
51.372113541,-0.0651,0.8566,0.5320,1.011
51.372569926,-0.0610,0.8605,0.5273,1.011
51.373942541,-0.0593,0.8591,0.5233,1.008
51.376523387,-0.0558,0.8600,0.5230,1.008
51.378979464,-0.0554,0.8563,0.5257,1.006
51.381369541,-0.0542,0.8551,0.5301,1.008
51.38360008,-0.0551,0.8537,0.5338,1.008
51.386002541,-0.0542,0.8514,0.5369,1.008
51.388513234,-0.0544,0.8505,0.5377,1.008
51.390950464,-0.0522,0.8456,0.5401,1.005
51.393268003,-0.0566,0.8424,0.5379,1.001
51.395585849,-0.0539,0.8390,0.5394,0.999
51.398667464,-0.0568,0.8316,0.5431,0.995
51.400561003,-0.0532,0.8283,0.5374,0.989
51.402971464,-0.0539,0.8246,0.5399,0.987
51.40528408,-0.0544,0.8221,0.5411,0.986
51.407808926,-0.0579,0.8175,0.5431,0.983
51.410152618,-0.0610,0.8136,0.5445,0.981
51.412498157,-0.0632,0.8167,0.5501,0.987
51.415472003,-0.0654,0.8185,0.5543,0.991
51.418321926,-0.0659,0.8195,0.5574,0.993
51.419733234,-0.0684,0.8234,0.5616,0.999
51.422245926,-0.0717,0.8278,0.5680,1.006
51.424728387,-0.0717,0.8312,0.5726,1.012
51.427094157,-0.0700,0.8346,0.5697,1.013
51.429345003,-0.0715,0.8349,0.5633,1.010
51.432048618,-0.0703,0.8365,0.5616,1.010
51.435106157,-0.0715,0.8390,0.5674,1.015
51.436638464,-0.0744,0.8395,0.5743,1.020
51.439617234,-0.0781,0.8461,0.5762,1.027
51.442314464,-0.0791,0.8456,0.5792,1.028
51.444097003,-0.0793,0.8475,0.5804,1.030
51.446368311,-0.0815,0.8507,0.5846,1.035
51.448956003,-0.0812,0.8488,0.5870,1.035
51.456455387,-0.0820,0.8470,0.5897,1.035
51.457691157,-0.0810,0.8502,0.5887,1.037
51.458213926,-0.0840,0.8502,0.5927,1.040
51.45910408,-0.0859,0.8524,0.5958,1.044
51.46757908,-0.0869,0.8537,0.5963,1.045
51.46830808,-0.0896,0.8530,0.5944,1.043
51.468706541,-0.0903,0.8551,0.5927,1.044
51.469019387,-0.0871,0.8559,0.5902,1.043
51.470261003,-0.0886,0.8563,0.5870,1.042
51.47284308,-0.0842,0.8537,0.5843,1.038
51.476998234,-0.0798,0.8563,0.5851,1.040
51.477658464,-0.0735,0.8568,0.5829,1.039
51.479893541,-0.0715,0.8600,0.5816,1.041
51.482497926,-0.0617,0.8600,0.5778,1.038
51.485288695,-0.0561,0.8617,0.5772,1.039
51.487599387,-0.0486,0.8625,0.5750,1.038
51.489873311,-0.0430,0.8661,0.5723,1.039
51.492214541,-0.0405,0.8659,0.5704,1.038
51.494669003,-0.0381,0.8684,0.5682,1.038
51.497338157,-0.0378,0.8705,0.5680,1.040
51.500712387,-0.0339,0.8700,0.5680,1.040
51.501869926,-0.0309,0.8698,0.5669,1.039
51.504236387,-0.0307,0.8715,0.5629,1.038
51.506985618,-0.0260,0.8676,0.5562,1.031
51.509199157,-0.0204,0.8681,0.5545,1.030
51.511278849,-0.0207,0.8622,0.5480,1.022
51.51389508,-0.0207,0.8612,0.5457,1.020
51.516997926,-0.0190,0.8579,0.5457,1.017
51.51871108,-0.0160,0.8532,0.5450,1.013
51.520979695,-0.0195,0.8522,0.5462,1.012
51.523664387,-0.0234,0.8502,0.5469,1.011
51.526110234,-0.0278,0.8473,0.5504,1.011
51.528618541,-0.0272,0.8451,0.5494,1.008
51.530885311,-0.0358,0.8424,0.5499,1.007
51.533842464,-0.0402,0.8393,0.5475,1.003
51.535332695,-0.0442,0.8383,0.5469,1.002
51.537971695,-0.0483,0.8388,0.5475,1.003
51.540587464,-0.0566,0.8337,0.5408,0.995
51.542820618,-0.0603,0.8341,0.5394,0.995
51.545402464,-0.0666,0.8297,0.5403,0.992
51.548035464,-0.0756,0.8268,0.5387,0.990
51.554334464,-0.0791,0.8239,0.5415,0.989
51.555006849,-0.0869,0.8248,0.5440,0.992
51.555542541,-0.0950,0.8212,0.5477,0.992
51.557976003,-0.1006,0.8239,0.5506,0.996
51.56812408,-0.1123,0.8212,0.5536,0.997
51.568937311,-0.1199,0.8175,0.5518,0.994
51.56915108,-0.1262,0.8234,0.5499,0.998
51.569339157,-0.1280,0.8214,0.5538,0.999
51.569772618,-0.1267,0.8195,0.5611,1.001
51.572711387,-0.1280,0.8185,0.5685,1.005
51.574984926,-0.1275,0.8188,0.5704,1.006
51.576673234,-0.1294,0.8188,0.5709,1.007
51.578804003,-0.1252,0.8192,0.5726,1.007
51.581715464,-0.1223,0.8207,0.5738,1.009
51.583771157,-0.1196,0.8214,0.5821,1.014
51.586138772,-0.1108,0.8234,0.5874,1.017
51.588705618,-0.1087,0.8221,0.5907,1.018
51.591234157,-0.1045,0.8232,0.5909,1.019
51.593326849,-0.1022,0.8256,0.5932,1.022
51.595721311,-0.0940,0.8241,0.5855,1.015
51.598211387,-0.0917,0.8263,0.5753,1.011
51.600706157,-0.0881,0.8221,0.5672,1.003
51.603592926,-0.0852,0.8229,0.5682,1.004
51.605858541,-0.0791,0.8241,0.5674,1.004
51.608375464,-0.0752,0.8246,0.5680,1.004
51.61069908,-0.0686,0.8253,0.5713,1.006
51.612743695,-0.0675,0.8224,0.5729,1.004
51.616524003,-0.0623,0.8214,0.5746,1.004
51.617805541,-0.0546,0.8239,0.5721,1.005
51.620676003,-0.0519,0.8188,0.5701,0.999
51.622339772,-0.0483,0.8212,0.5685,1.000
51.624803388,-0.0453,0.8190,0.5662,0.997
51.634398234,-0.0424,0.8160,0.5620,0.992
51.635311695,-0.0446,0.8129,0.5562,0.986
51.635988003,-0.0453,0.8134,0.5506,0.983
51.636638157,-0.0481,0.8116,0.5477,0.980
51.637226772,-0.0486,0.8114,0.5469,0.980
51.639104618,-0.0544,0.8116,0.5499,0.982
51.642132618,-0.0568,0.8097,0.5506,0.981
51.643915464,-0.0605,0.8109,0.5536,0.984
51.646265926,-0.0659,0.8097,0.5592,0.986
51.649795772,-0.0691,0.8080,0.5601,0.986
51.650953234,-0.0732,0.8092,0.5633,0.989
51.653558234,-0.0773,0.8067,0.5680,0.990
51.656267695,-0.0854,0.8060,0.5721,0.992
51.658798464,-0.0893,0.8070,0.5743,0.995
51.660636388,-0.0938,0.8053,0.5721,0.992
51.663294772,-0.0969,0.8036,0.5723,0.991
51.665684695,-0.0913,0.7926,0.5716,0.981
51.668160695,-0.0874,0.7813,0.5629,0.967
51.670735388,-0.0805,0.7743,0.5599,0.959
51.673991157,-0.0837,0.7706,0.5645,0.959
51.675091695,-0.0861,0.7664,0.5680,0.958
51.677730234,-0.0930,0.7622,0.5721,0.958
51.680370464,-0.1018,0.7628,0.5723,0.959
51.682664695,-0.1199,0.7796,0.5723,0.975
51.684789926,-0.1374,0.7969,0.5775,0.994
51.687498234,-0.1504,0.8192,0.5932,1.023
51.691176388,-0.1592,0.8358,0.6083,1.046
51.692070772,-0.1499,0.8468,0.6205,1.060
51.694513311,-0.1416,0.8500,0.6268,1.066
51.697147464,-0.1250,0.8500,0.6302,1.065
51.700169234,-0.1113,0.8532,0.6274,1.065
51.70184008,-0.0952,0.8495,0.6214,1.057
51.704270772,-0.0817,0.8470,0.6198,1.053
51.70742308,-0.0764,0.8490,0.6193,1.054
51.708987388,-0.0696,0.8519,0.6124,1.052
51.711812003,-0.0656,0.8551,0.6036,1.049
51.713920388,-0.0659,0.8535,0.5958,1.043
51.716302157,-0.0675,0.8566,0.5887,1.042
51.718770849,-0.0668,0.8579,0.5836,1.040
51.723541849,-0.0679,0.8583,0.5814,1.039
51.724735388,-0.0673,0.8640,0.5848,1.045
51.726366772,-0.0671,0.8637,0.5836,1.045
51.728735464,-0.0668,0.8651,0.5824,1.045
51.732392311,-0.0649,0.8644,0.5806,1.043
51.733727157,-0.0551,0.8605,0.5792,1.039
51.735566464,-0.0437,0.8568,0.5721,1.031
51.738291464,-0.0358,0.8493,0.5599,1.018
51.741706464,-0.0239,0.8437,0.5482,1.006
51.742845849,-0.0214,0.8397,0.5423,1.000
51.745405849,-0.0256,0.8417,0.5396,1.000
51.750882772,-0.0265,0.8446,0.5420,1.004
51.751453311,-0.0358,0.8473,0.5452,1.008
51.752569003,-0.0432,0.8500,0.5496,1.013
51.755986234,-0.0502,0.8556,0.5536,1.020
51.760028311,-0.0586,0.8581,0.5587,1.026
51.760435695,-0.0700,0.8651,0.5631,1.035
51.762933541,-0.0789,0.8666,0.5641,1.037
51.769244695,-0.0905,0.8671,0.5665,1.040
51.769887772,-0.0959,0.8654,0.5660,1.039
51.770338157,-0.1020,0.8659,0.5641,1.038
51.772256003,-0.1084,0.8605,0.5645,1.035
51.774051388,-0.1150,0.8607,0.5665,1.037
51.776563772,-0.1206,0.8566,0.5699,1.036
51.781670772,-0.1213,0.8537,0.5731,1.035
51.782213311,-0.1174,0.8456,0.5731,1.028
51.784317234,-0.1218,0.8444,0.5746,1.029
51.786675772,-0.1231,0.8397,0.5748,1.025
51.789918772,-0.1226,0.8405,0.5758,1.026
51.791337311,-0.1204,0.8412,0.5738,1.025
51.793588618,-0.1218,0.8378,0.5731,1.022
51.796009003,-0.1220,0.8405,0.5706,1.023
51.798594234,-0.1213,0.8395,0.5665,1.020
51.800893003,-0.1169,0.8405,0.5638,1.019
51.803563388,-0.1128,0.8368,0.5631,1.015
51.806262849,-0.1052,0.8361,0.5589,1.011
51.808150157,-0.0969,0.8353,0.5599,1.010
51.810496311,-0.0982,0.8351,0.5562,1.008
51.813702849,-0.0979,0.8332,0.5569,1.007
51.816369234,-0.0926,0.8316,0.5538,1.003
51.817749311,-0.0877,0.8258,0.5516,0.997
51.820320311,-0.0833,0.8256,0.5518,0.997
51.822875388,-0.0847,0.8290,0.5548,1.001
51.824913926,-0.0789,0.8316,0.5531,1.002
51.827452695,-0.0710,0.8246,0.5520,0.995
51.83107108,-0.0684,0.8251,0.5457,0.992
51.832186157,-0.0610,0.8239,0.5438,0.989
51.834751695,-0.0623,0.8297,0.5428,0.993
51.837049311,-0.0593,0.8285,0.5354,0.988
51.839816695,-0.0570,0.8293,0.5440,0.993
51.841824618,-0.0588,0.8285,0.5438,0.993
51.844334541,-0.0570,0.8283,0.5413,0.991
51.846892311,-0.0624,0.8307,0.5371,0.991
51.849324618,-0.0671,0.8325,0.5289,0.989
51.851685926,-0.0712,0.8341,0.5431,0.998
51.853893618,-0.0761,0.8402,0.5592,1.012
51.860594849,-0.0796,0.8434,0.5597,1.015
51.861770541,-0.0866,0.8458,0.5533,1.014
51.862462772,-0.0940,0.8490,0.5475,1.015
51.872266541,-0.1008,0.8542,0.5443,1.018
51.873057849,-0.1001,0.8524,0.5428,1.016
51.873278772,-0.1013,0.8563,0.5418,1.018
51.873486541,-0.1006,0.8514,0.5389,1.013
51.87366308,-0.1006,0.8532,0.5366,1.013
51.875805234,-0.0977,0.8490,0.5350,1.008
51.877894541,-0.0945,0.8473,0.5354,1.007
51.880572926,-0.0905,0.8424,0.5345,1.002
51.88269108,-0.0859,0.8370,0.5387,0.999
51.885276926,-0.0805,0.8332,0.5408,0.997
51.887909926,-0.0764,0.8270,0.5369,0.989
51.889949849,-0.0766,0.8248,0.5394,0.988
51.892334157,-0.0781,0.8232,0.5403,0.988
51.895229003,-0.0845,0.8214,0.5413,0.987
51.897433234,-0.0913,0.8236,0.5457,0.992
51.899765311,-0.0998,0.8241,0.5511,0.996
51.902121003,-0.1157,0.8349,0.5548,1.009
51.905071464,-0.1418,0.8635,0.5706,1.045
51.906818234,-0.1511,0.8728,0.5726,1.055
51.909327464,-0.1482,0.8651,0.5772,1.051
51.911687695,-0.1404,0.8537,0.5723,1.037
51.914299388,-0.1380,0.8530,0.5694,1.035
51.916695157,-0.1423,0.8537,0.5709,1.037
51.919357926,-0.1472,0.8530,0.5701,1.036
51.921910849,-0.1492,0.8512,0.5753,1.038
51.923792388,-0.1474,0.8502,0.5767,1.038
51.926800926,-0.1474,0.8490,0.5721,1.034
51.928648618,-0.1436,0.8439,0.5672,1.027
51.931105541,-0.1399,0.8409,0.5645,1.022
51.934619772,-0.1397,0.8400,0.5608,1.020
51.936123157,-0.1353,0.8344,0.5569,1.012
51.938291464,-0.1326,0.8295,0.5496,1.004
51.940858157,-0.1316,0.8295,0.5455,1.001
51.943303695,-0.1252,0.8256,0.5413,0.995
51.951646234,-0.1211,0.8234,0.5433,0.994
51.952261003,-0.1162,0.8221,0.5440,0.993
51.952544388,-0.1108,0.8207,0.5450,0.991
51.952780618,-0.1062,0.8185,0.5462,0.990
51.961575464,-0.1015,0.8185,0.5487,0.991
51.961953618,-0.1006,0.8188,0.5506,0.992
51.962115464,-0.1006,0.8202,0.5467,0.991
51.962458464,-0.0996,0.8163,0.5399,0.984
51.965414772,-0.1020,0.8229,0.5379,0.988
51.969979388,-0.1043,0.8200,0.5426,0.989
51.970503464,-0.1052,0.8192,0.5482,0.991
51.972214541,-0.1103,0.8195,0.5484,0.992
51.974262464,-0.1171,0.8209,0.5511,0.996
51.977000311,-0.1218,0.8244,0.5482,0.997
51.979720311,-0.1262,0.8253,0.5531,1.001
51.981569541,-0.1326,0.8244,0.5536,1.002
51.984166157,-0.1338,0.8219,0.5513,0.999
51.986456618,-0.1338,0.8246,0.5536,1.002
51.988884695,-0.1338,0.8200,0.5520,0.998
51.991240003,-0.1336,0.8207,0.5518,0.998
51.993981003,-0.1292,0.8185,0.5499,0.994
51.99658708,-0.1269,0.8195,0.5501,0.995
51.998608695,-0.1292,0.8229,0.5494,0.998
52.001196311,-0.1285,0.8204,0.5504,0.996
52.004695464,-0.1289,0.8216,0.5492,0.997
52.005829234,-0.1267,0.8229,0.5499,0.998
52.008117926,-0.1297,0.8241,0.5482,0.998
52.010750772,-0.1333,0.8214,0.5447,0.995
52.012889926,-0.1311,0.8200,0.5464,0.994
52.015842157,-0.1299,0.8214,0.5492,0.997
52.018186464,-0.1311,0.8229,0.5504,0.999
52.020651464,-0.1308,0.8227,0.5524,0.999
52.022616926,-0.1324,0.8244,0.5550,1.003
52.026009541,-0.1320,0.8239,0.5636,1.007
52.029369618,-0.1299,0.8270,0.5629,1.009
52.030282464,-0.1260,0.8256,0.5599,1.005
52.032325541,-0.1220,0.8251,0.5587,1.004
52.035140618,-0.1167,0.8244,0.5597,1.003
52.03734808,-0.1089,0.8239,0.5650,1.005
52.039588388,-0.1079,0.8253,0.5657,1.006
52.042160618,-0.1050,0.8253,0.5682,1.007
52.045402541,-0.1045,0.8316,0.5704,1.014
52.046831695,-0.1028,0.8344,0.5662,1.014
52.049315464,-0.1035,0.8378,0.5625,1.014
52.051666157,-0.1045,0.8365,0.5608,1.013
52.057762464,-0.1040,0.8414,0.5594,1.016
52.058492618,-0.0994,0.8417,0.5601,1.016
52.059308695,-0.0991,0.8393,0.5582,1.013
52.070029541,-0.0994,0.8402,0.5531,1.011
52.071030464,-0.0950,0.8426,0.5540,1.013
52.071414772,-0.0952,0.8383,0.5524,1.008
52.07177108,-0.0915,0.8414,0.5528,1.011
52.072122541,-0.0889,0.8412,0.5524,1.010
52.073930849,-0.0877,0.8412,0.5487,1.008
52.076588618,-0.0877,0.8378,0.5506,1.006
52.078284003,-0.0852,0.8393,0.5518,1.008
52.08158008,-0.0835,0.8374,0.5501,1.005
52.083563464,-0.0840,0.8368,0.5482,1.004
52.085551695,-0.0798,0.8332,0.5464,1.000
52.087796003,-0.0808,0.8316,0.5250,0.987
52.090469541,-0.0869,0.8300,0.5042,0.975
52.092867464,-0.0952,0.8327,0.4998,0.976
52.095072695,-0.1033,0.8397,0.4998,0.983
52.097961003,-0.1047,0.8430,0.5068,0.989
52.099861849,-0.0989,0.8432,0.5128,0.992
52.103126541,-0.0886,0.8432,0.5213,0.995
52.104590849,-0.0784,0.8405,0.5294,0.996
52.107155772,-0.0671,0.8397,0.5359,0.998
52.109679772,-0.0607,0.8449,0.5435,1.006
52.111954541,-0.0558,0.8502,0.5477,1.013
52.114856926,-0.0558,0.8591,0.5564,1.025
52.116802541,-0.0544,0.8635,0.5629,1.032
52.119661003,-0.0558,0.8688,0.5657,1.038
52.121477541,-0.0591,0.8724,0.5734,1.046
52.123917926,-0.0642,0.8724,0.5782,1.049
52.126470541,-0.0710,0.8720,0.5809,1.050
52.128778772,-0.0766,0.8674,0.5836,1.048
52.131198541,-0.0854,0.8668,0.5887,1.051
52.133837311,-0.0903,0.8615,0.5946,1.051
52.13626308,-0.0969,0.8579,0.5985,1.050
52.138434541,-0.1043,0.8542,0.6041,1.051
52.141127388,-0.1103,0.8490,0.6081,1.050
52.143471464,-0.1145,0.8437,0.6102,1.047
52.145690234,-0.1226,0.8412,0.6068,1.044
52.148024311,-0.1280,0.8363,0.6002,1.037
52.150865234,-0.1329,0.8349,0.5967,1.035
52.157272618,-0.1365,0.8374,0.5953,1.036
52.15810308,-0.1378,0.8368,0.6021,1.040
52.158523464,-0.1409,0.8376,0.6032,1.042
52.168672388,-0.1289,0.8346,0.6056,1.039
52.169493618,-0.1248,0.8341,0.6070,1.039
52.169862157,-0.1211,0.8417,0.6097,1.046
52.170066157,-0.1167,0.8475,0.6078,1.049
52.170257541,-0.1071,0.8539,0.6029,1.051
52.172791772,-0.0998,0.8527,0.5907,1.042
52.175609849,-0.0874,0.8478,0.5755,1.028
52.177720003,-0.0722,0.8495,0.5653,1.023
52.179568926,-0.0619,0.8437,0.5540,1.011
52.181644926,-0.0510,0.8426,0.5471,1.006
52.185253003,-0.0417,0.8374,0.5438,0.999
52.187500618,-0.0300,0.8334,0.5399,0.993
52.189123695,-0.0180,0.8239,0.5347,0.982
52.191414849,-0.0083,0.8114,0.5238,0.966
52.194251772,-0.0036,0.8023,0.5157,0.954
52.196317926,-0.0021,0.8011,0.5117,0.951
52.198811695,-0.0095,0.8072,0.5061,0.953
52.202181234,-0.0190,0.8139,0.5025,0.957
52.203695388,-0.0253,0.8192,0.5084,0.964
52.205981849,-0.0329,0.8288,0.5161,0.977
52.208820311,-0.0442,0.8353,0.5254,0.988
52.218104926,-0.0527,0.8417,0.5343,0.998
52.218498541,-0.0632,0.8473,0.5462,1.010
52.21880308,-0.0684,0.8532,0.5545,1.020
52.219048618,-0.0730,0.8591,0.5618,1.029
52.220310772,-0.0812,0.8632,0.5677,1.036
52.222927772,-0.0842,0.8610,0.5709,1.037
52.225068926,-0.0915,0.8605,0.5741,1.038
52.229557003,-0.0991,0.8573,0.5731,1.036
52.229988618,-0.1059,0.8581,0.5738,1.038
