time,gFx,gFy,gFz,TgF
7.44307E-4,-0.4297,0.8568,0.0776,0.962
0.001763923,-0.4299,0.8563,0.0796,0.961
0.004178076,-0.4278,0.8576,0.0808,0.962
0.006578384,-0.4272,0.8607,0.0852,0.965
0.009051,-0.4267,0.8640,0.0889,0.968
0.011376,-0.4238,0.8684,0.0930,0.971
0.013823,-0.4278,0.8756,0.0966,0.979
0.016209461,-0.4309,0.8854,0.0984,0.990
0.018747076,-0.4326,0.8920,0.1008,0.996
0.021738692,-0.4336,0.8969,0.1031,1.002
0.023462692,-0.4350,0.9026,0.1045,1.007
0.025861538,-0.4404,0.9099,0.1055,1.016
0.028262076,-0.4474,0.9120,0.1062,1.021
0.030788846,-0.4514,0.9140,0.1055,1.025
0.033193461,-0.4544,0.9118,0.1064,1.024
0.035472,-0.4588,0.9101,0.1082,1.025
0.037917769,-0.4624,0.9084,0.1064,1.025
0.040322076,-0.4670,0.9001,0.1033,1.019
0.042769461,-0.4656,0.8957,0.1033,1.015
0.045115384,-0.4683,0.8894,0.0989,1.010
0.047566692,-0.4717,0.8833,0.0954,1.006
0.049991384,-0.4746,0.8768,0.0933,1.001
0.052378692,-0.4751,0.8730,0.0891,0.998
0.05482523,-0.4774,0.8723,0.0908,0.998
0.057319692,-0.4800,0.8700,0.0886,0.998
0.059667307,-0.4807,0.8684,0.0866,0.996
0.06204,-0.4861,0.8686,0.0842,0.999
0.064455076,-0.4947,0.8820,0.0891,1.015
0.066893846,-0.5012,0.8864,0.0891,1.022
0.069229461,-0.5032,0.8884,0.0926,1.025
0.072101846,-0.5052,0.8857,0.0882,1.023
0.074072846,-0.5108,0.8879,0.0852,1.028
0.076509538,-0.5133,0.8849,0.0852,1.027
0.078929461,-0.5189,0.8917,0.0884,1.035
0.081515615,-0.5201,0.8901,0.0882,1.035
0.083762153,-0.5196,0.8945,0.0908,1.038
0.086238461,-0.5137,0.8954,0.0923,1.036
0.088554076,-0.5068,0.8950,0.0910,1.033
0.090999307,-0.4995,0.8935,0.0894,1.027
0.093365538,-0.4851,0.8922,0.0842,1.019
0.095786461,-0.4741,0.8908,0.0808,1.012
0.098356615,-0.4637,0.8903,0.0837,1.007
0.100700538,-0.4521,0.8920,0.0869,1.004
0.103004846,-0.4399,0.8913,0.0923,0.998
0.10551323,-0.4321,0.8969,0.0962,1.000
0.107876307,-0.4236,0.8964,0.0959,0.996
0.110255692,-0.4169,0.8964,0.0966,0.993
0.112635923,-0.4128,0.9018,0.0959,0.996
0.115113846,-0.4094,0.9013,0.0926,0.994
0.117931307,-0.4071,0.9057,0.0957,0.998
0.119936615,-0.4052,0.9118,0.0977,1.003
0.122959692,-0.4076,0.9160,0.0989,1.008
0.124894153,-0.4092,0.9150,0.0942,1.007
0.127146384,-0.4067,0.9103,0.0923,1.001
0.130134153,-0.4118,0.9028,0.0903,0.996
0.132087,-0.4157,0.8920,0.0891,0.988
0.134427384,-0.4192,0.8840,0.0884,0.982
0.136758769,-0.4287,0.8784,0.0910,0.982
0.139230153,-0.4399,0.8791,0.0957,0.988
0.141678384,-0.4546,0.8796,0.0991,0.995
0.144018692,-0.4683,0.8830,0.1045,1.005
0.146434384,-0.4844,0.8889,0.1071,1.018
0.148885153,-0.4956,0.8942,0.1087,1.028
0.151219384,-0.5098,0.9006,0.1082,1.041
0.153775615,-0.5196,0.9047,0.1120,1.049
0.156083,-0.5303,0.9077,0.1136,1.057
0.158859,-0.5315,0.9099,0.1143,1.060
0.160897153,-0.5357,0.9108,0.1128,1.063
0.163476538,-0.5313,0.9108,0.1108,1.060
0.165731307,-0.5301,0.9077,0.1094,1.057
0.168129461,-0.5271,0.9035,0.1079,1.052
0.170954076,-0.5196,0.8994,0.1059,1.044
0.173059615,-0.5133,0.8933,0.1052,1.036
0.175345538,-0.5040,0.8884,0.1038,1.027
0.177940846,-0.4961,0.8849,0.1013,1.020
0.180443692,-0.4930,0.8808,0.0977,1.014
0.18264023,-0.4863,0.8773,0.0977,1.008
0.185004307,-0.4819,0.8747,0.0975,1.003
0.187658461,-0.4786,0.8766,0.0975,1.003
0.189854461,-0.4729,0.8766,0.0982,1.001
0.192244,-0.4709,0.8764,0.0962,1.000
0.194642384,-0.4685,0.8744,0.0962,0.997
0.197222384,-0.4632,0.8754,0.0969,0.995
0.199495615,-0.4604,0.8759,0.0977,0.994
0.202010461,-0.4541,0.8773,0.0964,0.993
0.204304923,-0.4490,0.8759,0.0975,0.989
0.206799076,-0.4465,0.8784,0.0984,0.990
0.209201461,-0.4436,0.8784,0.1022,0.989
0.211542692,-0.4404,0.8803,0.1028,0.990
0.213959615,-0.4362,0.8822,0.1028,0.990
0.216397538,-0.4360,0.8842,0.1067,0.992
0.218827076,-0.4336,0.8859,0.1043,0.992
0.221623692,-0.4331,0.8876,0.1067,0.993
0.223972923,-0.4338,0.8910,0.1079,0.997
0.22608823,-0.4360,0.8920,0.1057,0.999
0.228410461,-0.4367,0.8910,0.1084,0.998
0.230871,-0.4374,0.8915,0.1108,0.999
0.233296307,-0.4421,0.8908,0.1101,1.001
0.235687923,-0.4436,0.8908,0.1094,1.001
0.238223923,-0.4490,0.8933,0.1082,1.006
0.240507384,-0.4546,0.8910,0.1040,1.006
0.243445769,-0.4546,0.8915,0.1038,1.006
0.245592923,-0.4641,0.8917,0.1045,1.011
0.247739307,-0.4673,0.8942,0.1033,1.014
0.250180846,-0.4678,0.8925,0.1059,1.013
0.253250076,-0.4685,0.8945,0.1064,1.015
0.255807615,-0.4705,0.8922,0.1047,1.014
0.257372538,-0.4727,0.8884,0.1028,1.012
0.259763384,-0.4734,0.8908,0.1035,1.014
0.262222153,-0.4712,0.8930,0.1020,1.015
0.26462923,-0.4702,0.8896,0.1059,1.012
0.266972,-0.4707,0.8928,0.1052,1.015
0.269420846,-0.4737,0.8947,0.1084,1.018
0.271844923,-0.4765,0.8928,0.1091,1.018
0.274270461,-0.4774,0.8969,0.1074,1.022
0.276618769,-0.4778,0.8966,0.1052,1.021
0.279189846,-0.4768,0.8966,0.1035,1.021
0.281852846,-0.4788,0.8969,0.1018,1.022
0.283940307,-0.4793,0.8974,0.0996,1.022
0.286469846,-0.4795,0.8966,0.0971,1.021
0.288766769,-0.4786,0.8954,0.0971,1.020
0.291114692,-0.4786,0.8922,0.0954,1.017
0.293552307,-0.4817,0.8962,0.0869,1.021
0.295935076,-0.5025,0.9162,0.0642,1.047
0.298416923,-0.4995,0.9059,0.0930,1.039
0.300744923,-0.4912,0.8998,0.1040,1.030
0.303201769,-0.4846,0.8991,0.1045,1.027
0.305592615,-0.4802,0.9064,0.1040,1.031
0.308020846,-0.4737,0.9067,0.1111,1.029
0.310382769,-0.4681,0.9101,0.1157,1.030
0.312937538,-0.4614,0.9131,0.1199,1.030
0.315239076,-0.4563,0.9115,0.1155,1.026
0.317647307,-0.4523,0.9091,0.1128,1.022
0.320205153,-0.4509,0.9079,0.1091,1.020
0.322509538,-0.4436,0.9062,0.1020,1.014
0.324852307,-0.4392,0.9043,0.0969,1.010
0.327287384,-0.4360,0.9013,0.0938,1.006
0.329709461,-0.4313,0.9006,0.0933,1.003
0.332144923,-0.4309,0.8984,0.0935,1.001
0.33450023,-0.4294,0.8957,0.0950,0.998
0.337471692,-0.4292,0.8920,0.0935,0.994
0.339396307,-0.4311,0.8917,0.0917,0.995
0.341846076,-0.4370,0.8922,0.0915,0.998
0.344480923,-0.4423,0.8915,0.0969,1.000
0.346644846,-0.4465,0.8925,0.0979,1.003
0.349023307,-0.4534,0.8905,0.0971,1.004
0.351437461,-0.4595,0.8917,0.0982,1.008
0.353812307,-0.4641,0.8910,0.0964,1.009
0.356277846,-0.4702,0.8910,0.0966,1.012
0.358780538,-0.4770,0.8922,0.0975,1.016
0.361182076,-0.4788,0.8933,0.0950,1.018
0.363489153,-0.4798,0.8910,0.0920,1.016
0.365894384,-0.4846,0.8935,0.0898,1.020
0.368271076,-0.4826,0.8922,0.0849,1.018
0.370891076,-0.4805,0.8910,0.0861,1.016
0.373204538,-0.4783,0.8879,0.0861,1.012
0.375517846,-0.4763,0.8882,0.0840,1.011
0.378076615,-0.4744,0.8845,0.0854,1.007
0.380576615,-0.4712,0.8805,0.0908,1.003
0.383019923,-0.4660,0.8813,0.0923,1.001
0.38575223,-0.4607,0.8822,0.0926,1.000
0.387760538,-0.4607,0.8815,0.0908,0.999
0.390050384,-0.4553,0.8835,0.0884,0.998
0.392391384,-0.4551,0.8849,0.0901,0.999
0.394991307,-0.4544,0.8849,0.0889,0.999
0.397328307,-0.4536,0.8886,0.0877,1.001
0.399670153,-0.4534,0.8950,0.0857,1.007
0.402295692,-0.4539,0.8947,0.0845,1.007
0.404503307,-0.4551,0.8925,0.0830,1.005
0.406868615,-0.4553,0.8954,0.0847,1.008
0.409412307,-0.4553,0.8966,0.0866,1.009
0.411731692,-0.4521,0.8945,0.0894,1.006
0.414211307,-0.4529,0.8987,0.0913,1.010
0.416489538,-0.4521,0.8959,0.0915,1.008
0.419065153,-0.4511,0.8938,0.0908,1.005
0.421421769,-0.4509,0.8938,0.0930,1.005
0.423763076,-0.4487,0.8945,0.0945,1.005
0.426224,-0.4499,0.8977,0.0950,1.009
0.42861223,-0.4516,0.8962,0.0928,1.008
0.430978692,-0.4541,0.8982,0.0942,1.011
0.433472538,-0.4567,0.8991,0.0933,1.013
0.435822769,-0.4572,0.9006,0.0926,1.014
0.438272615,-0.4590,0.8998,0.0920,1.014
0.440601153,-0.4595,0.9010,0.0950,1.016
0.443325461,-0.4600,0.9006,0.0950,1.016
0.445666384,-0.4609,0.9008,0.0942,1.016
0.447896923,-0.4621,0.8977,0.0971,1.014
0.450529846,-0.4665,0.8998,0.0984,1.018
0.452719692,-0.4668,0.8987,0.0977,1.017
0.455111923,-0.4678,0.8971,0.0986,1.017
0.457556538,-0.4678,0.8957,0.0977,1.015
0.459927923,-0.4676,0.8940,0.0971,1.014
0.46239223,-0.4651,0.8922,0.0964,1.011
0.464744538,-0.4656,0.8920,0.0933,1.011
0.46718023,-0.4644,0.8910,0.0928,1.009
0.469583615,-0.4651,0.8925,0.0926,1.011
0.47200823,-0.4648,0.8882,0.0905,1.007
0.474369153,-0.4678,0.8894,0.0917,1.009
0.476846692,-0.4629,0.8925,0.0928,1.010
0.479237153,-0.4637,0.8928,0.0926,1.010
0.481645153,-0.4644,0.8901,0.0930,1.008
0.484012538,-0.4632,0.8928,0.0954,1.010
0.486502076,-0.4627,0.8940,0.0986,1.011
0.488854076,-0.4602,0.8950,0.1010,1.011
0.49127623,-0.4602,0.8950,0.0989,1.011
0.493682076,-0.4616,0.8935,0.0964,1.010
0.49615623,-0.4621,0.8938,0.0940,1.011
0.498485538,-0.4639,0.8969,0.0935,1.014
0.501764538,-0.4653,0.8962,0.0957,1.014
0.503352615,-0.4665,0.8974,0.0969,1.016
0.505872615,-0.4697,0.8979,0.0942,1.018
0.508200615,-0.4697,0.8971,0.0952,1.017
0.510843923,-0.4714,0.8962,0.0930,1.017
0.513128538,-0.4717,0.8959,0.0942,1.017
0.515378692,-0.4739,0.8945,0.0959,1.017
0.517816,-0.4717,0.8945,0.0966,1.016
0.520256615,-0.4714,0.8966,0.0971,1.018
0.522617769,-0.4725,0.8959,0.0991,1.018
0.525190461,-0.4719,0.8959,0.0969,1.017
0.527475923,-0.4685,0.8969,0.0969,1.017
0.529961769,-0.4681,0.8938,0.0975,1.014
0.532242769,-0.4676,0.8913,0.0952,1.011
0.535004846,-0.4634,0.8942,0.0928,1.011
0.537266076,-0.4619,0.8935,0.0901,1.010
0.539499384,-0.4570,0.8938,0.0889,1.008
0.541991384,-0.4546,0.8959,0.0861,1.008
0.544381769,-0.4499,0.8947,0.0864,1.005
0.546736307,-0.4558,0.8969,0.0913,1.010
0.54924523,-0.4534,0.8984,0.0979,1.011
0.551909846,-0.4546,0.8994,0.1033,1.013
0.554017846,-0.4604,0.8998,0.1047,1.016
0.556400307,-0.4668,0.9006,0.1057,1.020
0.559050769,-0.4702,0.9035,0.1059,1.024
0.561513769,-0.4758,0.9018,0.1091,1.025
0.563802461,-0.4786,0.8998,0.1087,1.025
0.566118153,-0.4812,0.9006,0.1096,1.027
0.568588615,-0.4830,0.8974,0.1101,1.025
0.571034384,-0.4849,0.8925,0.1084,1.022
0.573374692,-0.4824,0.8942,0.1067,1.022
0.575769153,-0.4812,0.8915,0.1067,1.019
0.578206384,-0.4788,0.8898,0.1099,1.016
0.580553538,-0.4758,0.8884,0.1089,1.014
0.582999384,-0.4709,0.8889,0.1111,1.012
0.585431923,-0.4663,0.8882,0.1111,1.009
0.587844615,-0.4609,0.8871,0.1128,1.006
0.590212307,-0.4548,0.8871,0.1091,1.003
0.592686153,-0.4502,0.8913,0.1084,1.004
0.595104307,-0.4480,0.8942,0.1059,1.006
0.597461538,-0.4480,0.8974,0.1059,1.009
0.59984523,-0.4463,0.9018,0.1089,1.012
0.60246423,-0.4465,0.9040,0.1089,1.014
0.604837461,-0.4492,0.9050,0.1091,1.016
0.607202153,-0.4487,0.9067,0.1074,1.017
0.609883077,-0.4495,0.9103,0.1082,1.021
0.612072307,-0.4514,0.9096,0.1067,1.021
0.614381769,-0.4541,0.9082,0.1028,1.021
0.616898077,-0.4523,0.9020,0.0971,1.014
0.619199307,-0.4507,0.8974,0.0938,1.009
0.621924615,-0.4485,0.8979,0.0923,1.008
0.624044923,-0.4487,0.8928,0.0979,1.004
0.626553846,-0.4509,0.8898,0.0977,1.002
0.628813769,-0.4502,0.8905,0.0966,1.003
0.631339923,-0.4495,0.8910,0.0979,1.003
0.633872538,-0.4519,0.8933,0.0998,1.006
0.636109461,-0.4519,0.8942,0.1020,1.007
0.63852423,-0.4519,0.8935,0.1055,1.007
0.641042692,-0.4521,0.8957,0.1052,1.009
0.643407307,-0.4541,0.8964,0.1069,1.011
0.646595307,-0.4541,0.8974,0.1050,1.011
0.648162077,-0.4546,0.8994,0.1043,1.013
0.650934077,-0.4541,0.8989,0.1047,1.012
0.653033846,-0.4521,0.8991,0.1026,1.012
0.655348615,-0.4509,0.8989,0.1001,1.011
0.65774,-0.4472,0.8996,0.0966,1.009
0.660266153,-0.4495,0.9008,0.0945,1.011
0.662552615,-0.4490,0.9015,0.0910,1.011
0.665141538,-0.4507,0.9055,0.0898,1.015
0.667454384,-0.4497,0.9079,0.0917,1.017
0.669863692,-0.4536,0.9108,0.0971,1.022
0.672185153,-0.4555,0.9131,0.0991,1.025
0.67483323,-0.4578,0.9143,0.0991,1.027
0.677907384,-0.4588,0.9171,0.0954,1.030
0.679497769,-0.4609,0.9176,0.0964,1.031
0.681956307,-0.4665,0.9223,0.0986,1.038
0.684424538,-0.4725,0.9238,0.0971,1.042
0.686812538,-0.4732,0.9267,0.0989,1.045
0.689333769,-0.4732,0.9297,0.0984,1.048
0.691563077,-0.4737,0.9297,0.0984,1.048
0.69404423,-0.4741,0.9345,0.0984,1.052
0.696316307,-0.4725,0.9353,0.0971,1.052
0.698865461,-0.4712,0.9360,0.0984,1.053
0.701274077,-0.4693,0.9375,0.0979,1.053
0.703599923,-0.4656,0.9414,0.0975,1.055
0.706950384,-0.4632,0.9460,0.1001,1.058
0.708444923,-0.4609,0.9416,0.0984,1.053
0.711348923,-0.4602,0.9409,0.0942,1.052
0.713420923,-0.4588,0.9453,0.0894,1.055
0.715943307,-0.4546,0.9424,0.0894,1.050
0.718204846,-0.4548,0.9411,0.0847,1.049
0.720524307,-0.4541,0.9411,0.0828,1.048
0.722986153,-0.4509,0.9375,0.0847,1.044
0.725627923,-0.4478,0.9360,0.0864,1.041
0.727812307,-0.4441,0.9321,0.0884,1.036
0.730168615,-0.4439,0.9243,0.0866,1.029
0.73252,-0.4392,0.9231,0.0884,1.026
0.734967384,-0.4343,0.9174,0.0879,1.019
0.738002692,-0.4326,0.9106,0.0877,1.012
0.74046023,-0.4321,0.9084,0.0861,1.010
0.742894461,-0.4311,0.9050,0.0847,1.006
0.744812923,-0.4341,0.9028,0.0828,1.005
0.747162153,-0.4341,0.9003,0.0830,1.003
0.749572923,-0.4380,0.9008,0.0845,1.005
0.751849461,-0.4431,0.9003,0.0859,1.007
0.754159384,-0.4470,0.9018,0.0896,1.011
0.756639077,-0.4507,0.9052,0.0923,1.015
0.759187,-0.4514,0.9031,0.0942,1.014
0.761952846,-0.4572,0.9069,0.0917,1.020
0.763873846,-0.4637,0.9126,0.0903,1.028
0.767026692,-0.4683,0.9128,0.0877,1.030
0.768707615,-0.4709,0.9152,0.0813,1.032
0.771219692,-0.4744,0.9176,0.0810,1.036
0.77381223,-0.4774,0.9199,0.0840,1.040
0.77610823,-0.4826,0.9250,0.0877,1.047
0.778297769,-0.4886,0.9301,0.0930,1.055
0.780906077,-0.4924,0.9355,0.0933,1.061
0.783150692,-0.4951,0.9375,0.0964,1.065
0.785651615,-0.4988,0.9406,0.1008,1.069
0.787921769,-0.5010,0.9424,0.1003,1.072
0.790414692,-0.5042,0.9436,0.1033,1.075
0.79276123,-0.5093,0.9424,0.1028,1.076
0.795241846,-0.5115,0.9404,0.1015,1.075
0.797578692,-0.5154,0.9416,0.1047,1.079
0.800057461,-0.5149,0.9338,0.1040,1.071
0.802457153,-0.5164,0.9318,0.1067,1.071
0.804859,-0.5173,0.9269,0.1043,1.067
0.807254384,-0.5173,0.9233,0.1038,1.063
0.809705538,-0.5130,0.9194,0.1064,1.058
0.812029153,-0.5112,0.9160,0.1069,1.054
0.814565461,-0.5091,0.9143,0.1118,1.052
0.816971384,-0.5071,0.9103,0.1136,1.048
0.819336923,-0.5037,0.9099,0.1192,1.047
0.821721538,-0.5003,0.9084,0.1223,1.044
0.824163615,-0.4966,0.9099,0.1262,1.044
0.82656423,-0.4971,0.9082,0.1262,1.043
0.829009153,-0.4949,0.9067,0.1272,1.041
0.831403307,-0.4947,0.9059,0.1248,1.040
0.833833461,-0.4919,0.9057,0.1267,1.038
0.836382077,-0.4902,0.9047,0.1255,1.037
0.839461461,-0.4932,0.8950,0.1252,1.030
0.84132823,-0.5147,0.8847,0.1223,1.031
0.843547615,-0.5140,0.8801,0.1150,1.026
0.845944846,-0.5128,0.8749,0.1071,1.020
0.848478077,-0.5086,0.8693,0.1008,1.012
0.850953769,-0.5040,0.8647,0.0942,1.005
0.85322023,-0.4986,0.8593,0.0920,0.998
0.855524923,-0.4888,0.8559,0.0913,0.990
0.857946077,-0.4778,0.8490,0.0959,0.979
0.860295307,-0.4624,0.8458,0.0991,0.969
0.862743077,-0.4483,0.8417,0.0996,0.959
0.865134077,-0.4463,0.8381,0.1018,0.955
0.867590077,-0.4360,0.8351,0.1018,0.948
0.869933461,-0.4218,0.8407,0.1043,0.946
0.872594769,-0.4013,0.8486,0.1043,0.944
0.87480523,-0.3996,0.8505,0.0998,0.945
0.877895,-0.4028,0.8498,0.0882,0.945
0.879555923,-0.4131,0.8530,0.0889,0.952
0.882014077,-0.4185,0.8559,0.0828,0.956
0.884459307,-0.4123,0.8512,0.0833,0.949
0.886836615,-0.4020,0.8417,0.0830,0.936
0.889249769,-0.3842,0.8400,0.0801,0.927
0.891705461,-0.3891,0.8446,0.0744,0.933
0.894076307,-0.4113,0.8522,0.0661,0.949
0.896472846,-0.4346,0.8495,0.0705,0.957
0.899185846,-0.4472,0.8407,0.0840,0.956
0.901366692,-0.4693,0.8478,0.0913,0.973
0.903708846,-0.4758,0.8507,0.0871,0.979
0.906149153,-0.4721,0.8502,0.0847,0.976
0.908542153,-0.4712,0.8407,0.0966,0.969
0.911015077,-0.4737,0.8358,0.0945,0.965
0.913355384,-0.4861,0.8363,0.0901,0.972
0.915811615,-0.4905,0.8397,0.0742,0.975
0.918189461,-0.4930,0.8466,0.0637,0.982
0.920588923,-0.5025,0.8554,0.0556,0.994
0.923108846,-0.5594,0.9216,-0.0193,1.078
0.925482384,-0.5613,0.9064,0.0124,1.066
0.927821461,-0.5389,0.8882,0.0517,1.040
0.930696307,-0.5291,0.8649,0.0903,1.018
0.933005538,-0.5366,0.8733,0.0576,1.027
0.935094461,-0.5149,0.8674,0.0498,1.010
0.937858692,-0.4819,0.8542,0.0730,0.983
0.93996423,-0.4532,0.8319,0.0975,0.952
0.94232523,-0.4546,0.8358,0.0742,0.954
0.944712538,-0.4858,0.8810,0.0309,1.007
0.947253461,-0.4341,0.8468,0.0671,0.954
0.949906461,-0.3947,0.8309,0.0825,0.924
0.952035307,-0.3833,0.8251,0.0815,0.913
0.95450023,-0.3864,0.8376,0.0605,0.924
0.956983384,-0.3684,0.8430,0.0547,0.922
0.959335615,-0.3439,0.8376,0.0644,0.908
0.961771077,-0.3535,0.8522,0.0698,0.925
0.96404123,-0.3608,0.8717,0.0595,0.945
0.966559384,-0.3337,0.8656,0.0617,0.930
0.968892615,-0.3204,0.8710,0.0635,0.930
0.971658461,-0.3307,0.9001,0.0473,0.960
0.973986153,-0.3151,0.9013,0.0449,0.956
0.976154461,-0.3002,0.9001,0.0395,0.950
0.979483307,-0.2645,0.8822,0.0458,0.922
0.981006384,-0.2613,0.8849,0.0246,0.923
0.983359307,-0.2694,0.9162,-0.0373,0.956
0.985797153,-0.2401,0.9015,-0.0466,0.934
0.988174153,-0.2220,0.8815,-0.0361,0.910
0.990826461,-0.1924,0.8686,-0.0574,0.891
0.993649538,-0.1756,0.8507,-0.0466,0.870
0.995432538,-0.1416,0.8332,-0.0557,0.847
0.997982461,-0.1324,0.8454,-0.1031,0.862
1.000230461,-0.1280,0.8495,-0.0836,0.863
1.002597461,-0.0969,0.8412,-0.0638,0.849
1.00512023,-0.0686,0.8395,-0.0591,0.844
1.007530692,-0.0527,0.8412,-0.0403,0.844
1.009952615,-0.0393,0.8524,-0.0400,0.854
1.012377846,-0.0368,0.8708,-0.0349,0.872
1.01495623,-0.0915,0.9558,-0.0708,0.963
1.017211692,-0.1260,1.0117,-0.0818,1.023
1.019441769,-0.1385,1.0245,-0.0400,1.035
1.022065461,-0.1460,1.0308,0.0067,1.041
1.02432523,-0.1431,1.0301,0.0109,1.040
1.026761769,-0.1269,1.0269,0.0004,1.035
1.029452615,-0.1213,1.0271,0.0087,1.034
1.031550153,-0.1152,1.0228,0.0165,1.029
1.033935077,-0.1164,1.0159,0.0078,1.023
1.036396307,-0.1216,1.0112,0.0078,1.019
1.039111615,-0.1267,0.9956,0.0160,1.004
1.041849769,-0.1367,0.9809,0.0099,0.990
1.04426423,-0.1516,0.9763,-0.0127,0.988
1.046324615,-0.1597,0.9567,-0.0110,0.970
1.04880023,-0.1768,0.9406,-0.0195,0.957
1.05084423,-0.1946,0.9321,-0.0310,0.953
1.053205461,-0.2144,0.9229,-0.0384,0.948
1.055675307,-0.2279,0.9113,-0.0393,0.940
1.05804423,-0.2438,0.9084,-0.0344,0.941
1.060451692,-0.2564,0.9136,-0.0332,0.949
1.063329153,-0.2559,0.9043,-0.0251,0.940
1.065365538,-0.2540,0.8950,-0.0207,0.931
1.067693846,-0.2547,0.8879,-0.0235,0.924
1.070119384,-0.2545,0.8781,-0.0242,0.915
1.072532,-0.2767,0.8886,-0.0217,0.931
1.074953769,-0.2936,0.9031,-0.0198,0.950
1.077339,-0.3058,0.9143,-0.0195,0.964
1.079775384,-0.3141,0.9220,-0.0200,0.974
1.08228523,-0.3197,0.9385,-0.0217,0.992
1.084585153,-0.3276,0.9531,-0.0163,1.008
1.087147615,-0.3283,0.9658,-0.0127,1.020
1.08952923,-0.3288,0.9793,-0.0046,1.033
1.091803615,-0.3312,0.9902,0.0050,1.044
1.095029461,-0.3290,1.0056,0.0176,1.058
1.096766153,-0.3285,1.0154,0.0329,1.068
1.099199307,-0.3302,1.0289,0.0483,1.082
1.10156923,-0.3297,1.0391,0.0579,1.092
1.103956,-0.3253,1.0415,0.0637,1.093
1.106438077,-0.3290,1.0494,0.0737,1.102
1.108699307,-0.3249,1.0501,0.0808,1.102
1.111078461,-0.3216,1.0545,0.0859,1.106
1.113843307,-0.3156,1.0474,0.0879,1.097
1.116068307,-0.3078,1.0428,0.0950,1.091
1.118477461,-0.3034,1.0315,0.0957,1.079
1.120761846,-0.2980,1.0200,0.1015,1.067
1.123252307,-0.2878,1.0130,0.1018,1.058
1.125549153,-0.2811,1.0044,0.0969,1.047
1.127987923,-0.2767,0.9961,0.0954,1.038
1.130476846,-0.2694,0.9865,0.0940,1.027
1.132977846,-0.2643,0.9785,0.0915,1.018
1.135267,-0.2555,0.9714,0.0935,1.009
1.137684615,-0.2499,0.9665,0.0917,1.003
1.140058077,-0.2459,0.9611,0.0891,0.996
1.142449769,-0.2410,0.9546,0.0847,0.988
1.144955077,-0.2347,0.9583,0.0847,0.990
1.147292538,-0.2320,0.9578,0.0845,0.989
1.149679077,-0.2261,0.9580,0.0845,0.988
1.152093846,-0.2254,0.9583,0.0857,0.988
1.155110769,-0.2224,0.9585,0.0884,0.988
1.157032,-0.2191,0.9611,0.0920,0.990
1.159292923,-0.2220,0.9712,0.0945,1.001
1.161827692,-0.2217,0.9785,0.0920,1.007
1.164197153,-0.2230,0.9821,0.0866,1.011
1.166581846,-0.2303,0.9876,0.0759,1.017
1.169032307,-0.2349,0.9905,0.0661,1.020
1.171490769,-0.2401,0.9881,0.0500,1.018
1.173828846,-0.2401,0.9844,0.0346,1.014
1.176215692,-0.2452,0.9809,0.0212,1.011
1.178951,-0.2491,0.9702,0.0087,1.002
1.181214461,-0.2489,0.9597,-0.0012,0.991
1.183551307,-0.2459,0.9534,-0.0061,0.985
1.187060307,-0.2477,0.9429,-0.0051,0.975
1.188410384,-0.2469,0.9362,0.0021,0.968
1.190917153,-0.2587,0.9331,0.0083,0.968
1.193198077,-0.2559,0.9262,0.0202,0.961
1.195831692,-0.2433,0.9213,0.0268,0.953
1.198085538,-0.2354,0.9201,0.0263,0.950
1.200467307,-0.2298,0.9187,0.0212,0.947
1.20284123,-0.2310,0.9199,0.0163,0.949
1.205396538,-0.2515,0.9229,0.0078,0.957
1.207928923,-0.2510,0.9164,0.0165,0.950
1.21012523,-0.2479,0.9108,0.0212,0.944
1.212543307,-0.2305,0.9103,0.0131,0.939
1.214976,-0.2317,0.9052,-0.0053,0.934
1.217953769,-0.2347,0.9050,-0.0127,0.935
1.220048615,-0.2374,0.9008,-0.0132,0.932
1.222259307,-0.2349,0.9064,-0.0100,0.936
1.225731692,-0.2303,0.9026,-0.0073,0.932
1.227464,-0.2261,0.9031,0.0000,0.931
1.229683307,-0.2271,0.9023,0.0000,0.930
1.2318,-0.2322,0.9050,-0.0012,0.934
1.234271692,-0.2322,0.9033,-0.0026,0.933
1.236559077,-0.2337,0.9040,-0.0073,0.934
1.23898923,-0.2345,0.9064,-0.0146,0.936
1.241440538,-0.2371,0.9028,-0.0212,0.934
1.243982077,-0.2487,0.8982,-0.0522,0.933
1.246203692,-0.2569,0.8974,-0.0850,0.937
1.248595,-0.2669,0.9050,-0.0823,0.947
1.251054384,-0.2733,0.9082,-0.0728,0.951
1.253803923,-0.2867,0.9143,-0.0759,0.961
1.255820307,-0.3009,0.9216,-0.0687,0.972
1.25836823,-0.3124,0.9318,-0.0608,0.985
1.260626769,-0.3232,0.9387,-0.0652,0.995
1.263189538,-0.3370,0.9531,-0.0669,1.013
1.265560307,-0.3473,0.9648,-0.0657,1.028
1.267890769,-0.3603,0.9805,-0.0831,1.048
1.270404307,-0.3698,0.9949,-0.0992,1.066
1.272714461,-0.3805,1.0122,-0.1121,1.087
1.275058384,-0.3737,1.0217,-0.1251,1.095
1.277549153,-0.3623,1.0286,-0.1449,1.100
1.279973153,-0.3435,1.0335,-0.1534,1.100
1.283351077,-0.3276,1.0317,-0.1539,1.093
1.284711384,-0.3029,1.0286,-0.1512,1.083
1.287300923,-0.2711,1.0284,-0.1478,1.074
1.28983723,-0.2366,1.0296,-0.1446,1.066
1.292135692,-0.2088,1.0289,-0.1397,1.059
1.294605461,-0.1802,1.0320,-0.1390,1.057
1.296874384,-0.1558,1.0289,-0.1365,1.050
1.299195307,-0.1324,1.0315,-0.1427,1.050
1.302065846,-0.1147,1.0266,-0.1517,1.044
1.304165846,-0.1064,1.0281,-0.1579,1.046
1.306627384,-0.1074,1.0261,-0.1728,1.046
1.308844923,-0.1074,1.0266,-0.1805,1.048
1.311414461,-0.1140,1.0217,-0.1828,1.044
1.313683307,-0.1145,1.0293,-0.1761,1.051
1.316087615,-0.1145,1.0317,-0.1614,1.051
1.318848,-0.1171,1.0338,-0.1521,1.051
1.320958461,-0.1236,1.0371,-0.1458,1.055
1.323293538,-0.1389,1.0352,-0.1429,1.054
1.325740846,-0.1641,1.0379,-0.1595,1.063
1.328207,-0.1670,1.0415,-0.1339,1.063
1.330612,-0.1685,1.0391,-0.1405,1.062
1.332952923,-0.1785,1.0305,-0.1407,1.055
1.335583384,-0.1865,1.0203,-0.1427,1.047
1.337924538,-0.1986,1.0144,-0.1414,1.043
1.340338153,-0.2061,1.0063,-0.1458,1.038
1.343018153,-0.2191,0.9966,-0.1539,1.032
1.345233846,-0.2266,0.9902,-0.1754,1.031
1.347567615,-0.2340,0.9819,-0.1908,1.027
1.349967077,-0.2489,0.9716,-0.1947,1.022
1.352381461,-0.2618,0.9758,-0.1884,1.028
1.355046692,-0.2789,0.9721,-0.1732,1.026
1.357171384,-0.3034,0.9827,-0.1521,1.040
1.360082692,-0.3330,0.9973,-0.1302,1.059
1.362113769,-0.3605,1.0168,-0.1092,1.084
1.364402769,-0.3910,1.0457,-0.0923,1.120
1.366829846,-0.4211,1.0667,-0.0769,1.149
1.369193846,-0.4558,1.0811,-0.0671,1.175
1.371691923,-0.4849,1.0831,-0.0666,1.189
1.374069769,-0.5076,1.0787,-0.0738,1.194
1.376392923,-0.5296,1.0701,-0.0889,1.197
1.378950384,-0.5418,1.0562,-0.1034,1.192
1.381213153,-0.5464,1.0422,-0.1141,1.182
1.383672615,-0.5445,1.0249,-0.1180,1.167
1.386051,-0.5325,1.0110,-0.1146,1.148
1.388552307,-0.5179,0.9954,-0.1085,1.127
1.390963384,-0.5019,0.9886,-0.1038,1.114
1.393453461,-0.4821,0.9919,-0.1029,1.108
1.396005769,-0.4539,1.0093,-0.0980,1.111
1.398182153,-0.4174,1.0464,-0.0818,1.130
1.402526077,-0.3862,1.0939,-0.0525,1.161
1.402961153,-0.3574,1.1412,-0.0117,1.196
1.405394153,-0.3332,1.1857,0.0253,1.232
1.40792,-0.3067,1.2285,0.0444,1.267
1.410186769,-0.2813,1.2672,0.0527,1.299
1.412643384,-0.2613,1.2988,0.0346,1.325
1.415084538,-0.2457,1.3282,-0.0012,1.351
1.418338769,-0.2289,1.3462,-0.0501,1.366
1.419944538,-0.2179,1.3496,-0.0985,1.371
1.422268538,-0.2068,1.3520,-0.1465,1.376
1.424612538,-0.1917,1.3438,-0.1808,1.369
1.427080307,-0.1707,1.3213,-0.1959,1.347
1.429586769,-0.1470,1.2923,-0.1952,1.315
1.431858153,-0.1157,1.2607,-0.1840,1.279
1.434280923,-0.0686,1.2221,-0.1588,1.234
1.436797153,-0.0258,1.1759,-0.1265,1.183
1.439118153,0.0217,1.1281,-0.0913,1.132
1.441512538,0.0579,1.0838,-0.0666,1.087
1.44394423,0.0994,1.0384,-0.0388,1.044
1.446368615,0.1519,0.9851,-0.0149,0.997
1.448698153,0.2047,0.9321,-0.0068,0.954
1.451219692,0.2599,0.8840,-0.0049,0.921
1.453611,0.3268,0.8383,-0.0168,0.900
1.455985769,0.3787,0.7941,-0.0195,0.880
1.458630769,0.4209,0.7650,-0.0589,0.875
1.460799,0.4698,0.7466,-0.0897,0.887
1.463207384,0.4979,0.7317,-0.1139,0.892
1.465634077,0.5138,0.7291,-0.1474,0.904
1.468031077,0.5273,0.7359,-0.1776,0.923
1.47052523,0.5274,0.7494,-0.1908,0.936
1.473567692,0.5143,0.7743,-0.1986,0.950
1.475754077,0.4873,0.8074,-0.2126,0.967
1.479181846,0.4466,0.8432,-0.2296,0.981
1.480229538,0.3967,0.8808,-0.2401,0.995
1.483399307,0.3301,0.9204,-0.2497,1.009
1.485023615,0.2550,0.9653,-0.2524,1.030
1.487418384,0.1774,1.0039,-0.2418,1.048
1.489903,0.0972,1.0384,-0.2218,1.066
1.492250692,0.0166,1.0743,-0.2022,1.093
1.494841769,-0.0623,1.1007,-0.1830,1.118
1.497039384,-0.1365,1.1207,-0.1561,1.140
1.500876,-0.2066,1.1363,-0.1336,1.163
1.501915923,-0.2726,1.1461,-0.1136,1.184
1.504359384,-0.3277,1.1435,-0.0911,1.193
1.507424846,-0.3681,1.1330,-0.0747,1.194
1.509191,-0.4026,1.1190,-0.0628,1.191
1.511495692,-0.4185,1.0974,-0.0552,1.176
1.513892307,-0.4390,1.0708,-0.0561,1.159
1.516385153,-0.4609,1.0462,-0.0533,1.144
1.518718384,-0.4854,1.0252,-0.0577,1.136
1.521082692,-0.5252,0.9949,-0.0789,1.128
1.52350023,-0.5555,0.9653,-0.1090,1.119
1.526485153,-0.5662,0.9360,-0.1425,1.103
1.528395384,-0.5574,0.9115,-0.1715,1.082
1.530800538,-0.5226,0.8849,-0.1913,1.045
1.533281846,-0.5282,0.8649,-0.2008,1.033
1.535567307,-0.5464,0.8622,-0.2028,1.041
1.538693538,-0.5423,0.8693,-0.2010,1.044
1.540315692,-0.5210,0.8817,-0.1922,1.042
1.542892615,-0.4922,0.8933,-0.1761,1.035
1.545272615,-0.4570,0.9067,-0.1642,1.029
1.547857846,-0.4128,0.9211,-0.1530,1.021
1.550151307,-0.3510,0.9409,-0.1474,1.015
1.553587923,-0.0903,1.0044,-0.2030,1.029
1.55482,-0.0776,1.0520,-0.1319,1.063
1.557897769,-0.0705,1.0205,-0.1542,1.034
1.559669846,-0.0623,1.0024,-0.1505,1.016
1.56226823,-0.0705,0.9895,-0.1952,1.011
1.564893153,-0.0966,0.9986,-0.1514,1.015
1.566937538,-0.1133,1.0049,-0.1451,1.022
1.56930923,-0.1220,1.0042,-0.1519,1.023
1.571722153,-0.1131,0.9995,-0.1360,1.015
1.574344538,-0.0935,1.0005,-0.1131,1.011
1.576979615,-0.0679,0.9970,-0.0931,1.004
1.578992307,-0.0365,1.0000,-0.0750,1.003
1.581364615,-0.0031,1.0010,-0.0386,1.002
1.583737153,0.0503,0.9981,-0.0198,1.000
1.586868538,0.0972,0.9924,-0.0102,0.997
1.589290461,0.1421,0.9812,-0.0024,0.991
1.591036538,0.1840,0.9758,0.0016,0.993
1.594227,0.2126,0.9685,-0.0024,0.992
1.595875923,0.2285,0.9536,-0.0102,0.981
1.59820523,0.2264,0.9421,-0.0235,0.969
1.600684846,0.2120,0.9297,-0.0481,0.955
1.603057538,0.1761,0.9184,-0.0726,0.938
1.60548423,0.1267,0.9128,-0.0941,0.926
1.607879384,0.0655,0.9133,-0.1121,0.922
1.610334461,-0.0029,0.9182,-0.1327,0.928
1.612667384,-0.0749,0.9318,-0.1539,0.947
1.615350461,-0.1518,0.9529,-0.1740,0.980
1.617516923,-0.2268,0.9819,-0.1884,1.025
1.619969538,-0.2992,1.0105,-0.1896,1.071
1.622317769,-0.3769,1.0457,-0.1959,1.129
1.625071692,-0.4483,1.0821,-0.1952,1.187
1.627184,-0.5074,1.1070,-0.1886,1.232
1.629608538,-0.5664,1.1361,-0.1659,1.280
1.632012307,-0.5736,1.1293,-0.1183,1.272
1.634978769,-0.6610,1.2116,-0.1441,1.388
1.636850769,-0.6657,1.2278,-0.1405,1.404
1.639463692,-0.6603,1.2250,-0.1409,1.399
1.641692307,-0.5827,1.1298,-0.0787,1.274
1.644082153,-0.6481,1.2160,-0.2001,1.392
1.646479,-0.6547,1.2632,-0.2448,1.444
1.648887307,-0.5919,1.1864,-0.2367,1.347
1.651431615,-0.5245,1.1212,-0.2374,1.260
1.653679692,-0.4707,1.0794,-0.2627,1.206
1.656059307,-0.3549,0.9599,-0.2723,1.059
1.658563077,-0.3782,0.9993,-0.3357,1.120
1.660945538,-0.3190,0.9827,-0.3284,1.084
1.663390077,-0.2264,0.8663,-0.3389,0.957
1.665767692,-0.2017,0.8801,-0.3596,0.972
1.668205846,-0.2244,0.9387,-0.3850,1.039
1.670567384,-0.1651,0.8798,-0.3950,0.978
1.673059077,-0.1531,0.9010,-0.3843,0.991
1.675413769,-0.1233,0.8847,-0.3794,0.970
1.677867307,-0.0728,0.8661,-0.3841,0.950
1.680187384,-0.0397,0.8500,-0.3850,0.934
1.682755307,-0.0253,0.8679,-0.3929,0.953
1.685101153,-0.0104,0.9020,-0.3936,0.984
1.687495923,0.0137,0.8984,-0.4099,0.988
1.689887923,0.0601,0.8561,-0.3515,0.927
1.692306153,0.0987,0.8314,-0.3317,0.901
1.694669846,0.1803,0.7869,-0.3230,0.870
1.697096,0.0437,0.8994,-0.3230,0.957
1.699530384,0.0315,0.9668,-0.3513,1.029
1.701987692,0.0127,0.9758,-0.3361,1.032
1.704291923,0.0137,0.9776,-0.2590,1.011
1.706766077,0.0009,0.9729,-0.2790,1.012
1.709183077,-0.0155,0.9793,-0.3163,1.029
1.71160023,-0.2494,0.9648,-0.2765,1.034
1.713987077,-0.3195,0.9744,-0.2301,1.051
1.716434769,0.0476,0.9744,-0.2480,1.007
1.718789538,-0.1663,0.9518,-0.2778,1.005
1.721755307,-0.3989,0.9453,-0.2162,1.049
1.723640923,0.0938,0.9981,-0.1886,1.020
1.726075923,0.1505,0.9912,-0.2096,1.024
1.728431307,-0.0465,0.9616,-0.2238,0.988
1.730891615,0.1434,1.0015,-0.1427,1.022
1.733284538,0.1085,1.0068,-0.1104,1.019
1.735703692,-0.0468,0.9793,-0.1341,0.990
1.738065769,0.0752,1.0479,-0.1292,1.058
1.740629846,0.0247,1.0567,-0.1085,1.063
1.742925153,-0.0449,1.0648,-0.1267,1.073
1.745995923,-0.1497,1.0503,-0.1370,1.070
1.748155384,-0.1182,1.0780,-0.1165,1.091
1.750719,-0.3896,0.9995,-0.0950,1.077
1.752554769,-0.2345,1.0804,-0.1360,1.114
1.755656307,-0.1611,1.0406,-0.1463,1.063
1.757567615,-0.3551,0.9870,-0.1534,1.060
1.759867615,-0.0773,1.0618,-0.1092,1.070
1.762291923,0.0193,1.0044,-0.1383,1.014
1.76464,-0.0456,0.9783,-0.1588,0.992
1.767140846,0.2306,1.1121,-0.1622,1.147
1.769685461,0.1329,1.0567,-0.1551,1.076
1.772107077,-0.0500,0.9776,-0.1183,0.986
1.774345461,0.1984,1.0862,-0.1275,1.112
1.776930769,0.1661,1.0550,-0.1763,1.082
1.77923723,-0.0684,0.9961,-0.1793,1.014
1.782023615,0.1170,1.0939,-0.1681,1.113
1.783966461,0.0030,1.0499,-0.1922,1.067
1.787249846,-0.0534,1.0171,-0.2343,1.045
1.788918384,0.0340,1.0818,-0.2213,1.105
1.791222153,-0.0078,1.0511,-0.2385,1.078
1.793849538,-0.0558,1.0328,-0.2206,1.058
1.796072846,-0.0954,1.0200,-0.2128,1.046
1.798447,-0.1280,1.0135,-0.2301,1.047
1.80088023,-0.1514,1.0096,-0.2306,1.047
1.803191615,-0.1700,1.0081,-0.2215,1.046
1.805896,-0.1800,1.0107,-0.2355,1.053
1.808092846,-0.1802,1.0103,-0.2296,1.052
1.810433461,-0.1781,1.0152,-0.2233,1.055
1.812959923,-0.1673,1.0166,-0.2308,1.056
1.815266384,-0.1548,1.0224,-0.2269,1.059
1.817759,-0.1448,1.0296,-0.2280,1.064
1.820057538,-0.1318,1.0326,-0.2218,1.064
1.822652615,-0.1245,1.0391,-0.2138,1.068
1.824980307,-0.1131,1.0454,-0.2199,1.074
1.827495077,-0.1076,1.0526,-0.2255,1.082
1.829898153,-0.1018,1.0592,-0.2301,1.089
1.83219323,-0.0986,1.0640,-0.2343,1.094
1.834898769,-0.1013,1.0652,-0.2374,1.096
1.837037769,-0.1050,1.0713,-0.2380,1.102
1.839827077,-0.1101,1.0760,-0.2352,1.107
1.842223923,-0.1118,1.0713,-0.2308,1.102
1.844883307,-0.1157,1.0689,-0.2203,1.097
1.846842461,-0.1057,1.0584,-0.2079,1.084
1.849090769,-0.1045,1.0487,-0.1901,1.071
1.851612307,-0.1033,1.0431,-0.1761,1.063
1.853941769,-0.0986,1.0345,-0.1659,1.052
1.856413153,-0.0964,1.0264,-0.1614,1.044
1.858694769,-0.0889,1.0184,-0.1656,1.036
1.861218077,-0.0845,1.0056,-0.1703,1.023
1.863541154,-0.0789,0.9934,-0.1742,1.012
1.865947077,-0.0744,0.9853,-0.1776,1.004
1.868281154,-0.0691,0.9753,-0.1781,0.994
1.870739384,-0.0615,0.9678,-0.1744,0.985
1.873186769,-0.0554,0.9639,-0.1661,0.980
1.875572615,-0.0437,0.9599,-0.1605,0.974
1.877980615,-0.0346,0.9604,-0.1526,0.973
1.880447923,-0.0270,0.9644,-0.1439,0.975
1.882818461,-0.0211,0.9690,-0.1446,0.980
1.885263923,-0.0134,0.9773,-0.1437,0.988
1.887670384,-0.0136,0.9893,-0.1434,1.000
1.890061461,-0.0129,0.9958,-0.1425,1.006
1.892441538,-0.0118,1.0022,-0.1439,1.013
1.894873538,-0.0106,1.0066,-0.1465,1.017
1.897290692,-0.0085,1.0096,-0.1507,1.021
1.899708,-0.0092,1.0098,-0.1539,1.021
1.90205323,-0.0102,1.0061,-0.1554,1.018
1.904513461,-0.0046,0.9986,-0.1474,1.009
1.906931,-0.0023,0.9951,-0.1730,1.010
1.909325538,-0.0023,0.9963,-0.1705,1.011
1.911695615,-0.0014,0.9902,-0.1573,1.003
1.914249846,0.0075,0.9770,-0.1356,0.986
1.916590384,0.0100,0.9690,-0.1703,0.984
1.918953154,0.0090,0.9729,-0.1568,0.985
1.921447,0.0110,0.9734,-0.1368,0.983
1.923826154,0.0168,0.9668,-0.1302,0.976
1.926148923,0.0232,0.9644,-0.1319,0.974
1.928972923,0.0274,0.9641,-0.1226,0.972
1.931028,0.0328,0.9658,-0.1121,0.973
1.933509461,0.0430,0.9658,-0.1085,0.973
1.93580923,0.0522,0.9724,-0.1041,0.979
1.938275692,0.0650,0.9746,-0.1046,0.982
1.940691615,0.0820,0.9768,-0.1067,0.986
1.943134461,0.0957,0.9768,-0.1024,0.987
1.945512846,0.1151,0.9763,-0.1275,0.991
1.947965154,0.1270,0.9756,-0.1114,0.990
1.950286692,0.1419,0.9707,-0.1058,0.987
1.952728538,0.1579,0.9636,-0.1060,0.982
1.955249769,0.1688,0.9595,-0.1058,0.980
1.957574077,0.1800,0.9502,-0.1018,0.972
1.959913846,0.1866,0.9474,-0.1004,0.971
1.962538154,0.1957,0.9458,-0.0997,0.971
1.964844538,0.2020,0.9480,-0.1029,0.975
1.967190692,0.2010,0.9490,-0.1062,0.976
1.969615692,0.2040,0.9531,-0.1078,0.981
1.97211723,0.1998,0.9578,-0.1080,0.984
1.97442023,0.1994,0.9597,-0.1074,0.986
1.976835692,0.1984,0.9644,-0.1078,0.990
1.979249769,0.1959,0.9658,-0.1041,0.991
1.98202123,0.1959,0.9672,-0.1001,0.992
1.984084538,0.1905,0.9704,-0.0980,0.994
1.986849154,0.1861,0.9749,-0.0972,0.997
1.98897223,0.1820,0.9744,-0.0969,0.996
1.99134523,0.1754,0.9753,-0.0962,0.996
1.994003692,0.1639,0.9768,-0.0936,0.995
1.996147077,0.1588,0.9785,-0.0818,0.995
1.99860523,0.1514,0.9812,-0.0813,0.996
2.000999384,0.1427,0.9825,-0.0811,0.996
2.003459384,0.1368,0.9839,-0.0774,0.996
2.00598923,0.1304,0.9842,-0.0762,0.996
2.008197154,0.1187,0.9821,-0.0794,0.992
2.010845846,0.1127,0.9856,-0.0823,0.995
2.013247923,0.1038,0.9893,-0.0843,0.998
2.015592307,0.0931,0.9934,-0.0836,1.001
2.017911,0.0864,0.9975,-0.0843,1.005
2.020402461,0.0771,0.9983,-0.0840,1.005
2.022983,0.0736,1.0005,-0.0850,1.007
2.025818384,0.0620,1.0032,-0.0855,1.009
2.027471692,0.0579,1.0037,-0.0869,1.009
2.030017154,0.0545,1.0061,-0.0872,1.011
2.032316538,0.0491,1.0081,-0.0840,1.013
2.03492,0.0484,1.0086,-0.0811,1.013
2.037896615,0.0496,1.0098,-0.0787,1.014
2.039801538,0.0494,1.0105,-0.0740,1.014
2.04205223,0.0517,1.0100,-0.0743,1.014
2.044539,0.0517,1.0081,-0.0703,1.012
2.04680823,0.0550,1.0081,-0.0664,1.012
2.049227384,0.0586,1.0088,-0.0652,1.013
2.051561538,0.0652,1.0132,-0.0628,1.017
2.054091,0.0682,1.0119,-0.0626,1.016
2.056438384,0.0743,1.0132,-0.0584,1.018
2.058818154,0.0836,1.0103,-0.0550,1.015
2.061362154,0.0864,1.0130,-0.0424,1.018
2.063725154,0.0997,1.0076,-0.0454,1.013
2.06614423,0.1085,1.0086,-0.0430,1.015
2.068492615,0.1187,1.0049,-0.0405,1.013
2.071006692,0.1267,1.0010,-0.0388,1.010
2.073446461,0.1346,0.9998,-0.0368,1.009
2.075670077,0.1397,0.9954,-0.0373,1.006
2.078170154,0.1453,0.9954,-0.0373,1.007
2.080538077,0.1542,0.9942,-0.0330,1.007
2.08360923,0.1581,0.9970,-0.0279,1.010
2.086003384,0.1617,0.9970,-0.0232,1.010
2.088291384,0.1673,1.0030,-0.0222,1.017
2.090435,0.1679,1.0084,-0.0227,1.022
2.092660538,0.1700,1.0164,-0.0274,1.031
2.095062461,0.1725,1.0257,-0.0279,1.040
2.098267307,0.1752,1.0338,-0.0332,1.049
2.100473538,0.1732,1.0376,-0.0328,1.053
2.102914769,0.1761,1.0415,-0.0349,1.057
2.104991077,0.1710,1.0415,-0.0330,1.056
2.107158461,0.1712,1.0396,-0.0323,1.054
2.110273769,0.1722,1.0369,-0.0352,1.052
2.112098384,0.1691,1.0345,-0.0384,1.049
2.114421769,0.1666,1.0352,-0.0449,1.049
2.116848307,0.1624,1.0313,-0.0501,1.045
2.119146461,0.1573,1.0326,-0.0550,1.046
2.122110461,0.1507,1.0313,-0.0586,1.044
2.123961154,0.1417,1.0293,-0.0623,1.041
2.126551307,0.1314,1.0293,-0.0615,1.039
2.128810692,0.1187,1.0310,-0.0671,1.040
2.131325154,0.1083,1.0298,-0.0715,1.038
2.133831307,0.0948,1.0310,-0.0784,1.038
2.136040923,0.0811,1.0342,-0.0889,1.041
2.13889323,0.0708,1.0364,-0.1018,1.044
2.140905846,0.0623,1.0359,-0.1143,1.044
2.143525154,0.0550,1.0347,-0.1260,1.044
2.145753538,0.0517,1.0308,-0.1309,1.040
2.148082384,0.0501,1.0271,-0.1376,1.038
2.150479307,0.0522,1.0208,-0.1341,1.031
2.153272,0.0528,1.0156,-0.1319,1.025
2.15535323,0.0550,1.0096,-0.1258,1.019
2.157679384,0.0559,1.0039,-0.1202,1.013
2.16016,0.0577,1.0003,-0.1136,1.008
2.162679692,0.0589,1.0012,-0.1016,1.008
2.165011615,0.0569,1.0003,-0.0933,1.006
2.167323,0.0505,1.0022,-0.0850,1.007
2.169999692,0.0420,1.0042,-0.0755,1.008
2.172185461,0.0389,1.0091,-0.0666,1.012
2.17462823,0.0315,1.0112,-0.0569,1.013
2.177068923,0.0261,1.0110,-0.0464,1.012
2.17945723,0.0183,1.0135,-0.0352,1.014
2.181796,0.0127,1.0115,-0.0191,1.012
2.184259384,0.0090,1.0107,-0.0053,1.011
2.186696307,0.0061,1.0105,0.0129,1.011
2.189074769,0.0044,1.0037,0.0263,1.004
2.191421846,0.0044,1.0017,0.0395,1.003
2.193916,0.0051,0.9973,0.0522,0.999
2.196317538,0.0114,0.9942,0.0628,0.996
2.198727615,0.0173,0.9942,0.0698,0.997
2.202261154,0.0225,0.9926,0.0735,0.996
2.204019,0.0281,0.9966,0.0724,1.000
2.20598423,0.0347,0.9998,0.0712,1.003
2.208374769,0.0417,1.0047,0.0679,1.008
2.210762077,0.0533,1.0056,0.0612,1.009
2.213199384,0.0633,1.0096,0.0593,1.013
2.215541769,0.0750,1.0130,0.0579,1.017
2.218022077,0.0869,1.0100,0.0542,1.015
2.220387077,0.1016,1.0115,0.0512,1.018
2.222995923,0.1167,1.0035,0.0483,1.011
2.225221461,0.1309,0.9979,0.0500,1.008
2.227671615,0.1419,0.9893,0.0495,1.001
2.230079615,0.1532,0.9830,0.0554,0.996
2.232448615,0.1619,0.9758,0.0537,0.991
2.23505223,0.1728,0.9697,0.0490,0.986
2.237334077,0.1793,0.9688,0.0446,0.986
2.239651615,0.1840,0.9688,0.0344,0.987
2.242135615,0.1824,0.9712,0.0283,0.989
2.244556307,0.1847,0.9749,0.0232,0.993
2.246941846,0.1828,0.9773,0.0158,0.994
2.249366692,0.1805,0.9832,0.0134,1.000
2.252223,0.1779,0.9893,0.0148,1.005
2.254170769,0.1754,0.9890,0.0143,1.005
2.256626154,0.1712,0.9951,0.0178,1.010
2.259079384,0.1668,0.9998,0.0180,1.014
2.261490154,0.1591,1.0022,0.0170,1.015
2.263841769,0.1490,1.0079,0.0173,1.019
2.266247307,0.1365,1.0088,0.0151,1.018
2.268795923,0.1192,1.0140,0.0092,1.021
2.271078769,0.0985,1.0174,0.0046,1.022
2.273594461,0.0755,1.0149,-0.0024,1.018
2.27596023,0.0533,1.0166,-0.0102,1.018
2.278389538,0.0315,1.0140,-0.0163,1.015
2.280710154,0.0061,1.0073,-0.0163,1.007
2.283092923,-0.0102,1.0039,-0.0139,1.004
2.285682692,-0.0295,1.0003,-0.0073,1.001
2.287964,-0.0451,0.9975,-0.0012,0.999
2.290350077,-0.0619,0.9979,0.0048,1.000
2.292925538,-0.0749,0.9983,0.0102,1.001
2.295211615,-0.0891,1.0000,0.0139,1.004
2.297548615,-0.1010,1.0005,0.0148,1.006
2.301255615,-0.1111,1.0017,0.0165,1.008
2.303031077,-0.1204,1.0056,0.0163,1.013
2.304864615,-0.1299,1.0061,0.0178,1.015
2.307183692,-0.1411,1.0091,0.0195,1.019
2.309670154,-0.1478,1.0130,0.0234,1.024
2.312051077,-0.1590,1.0119,0.0281,1.025
2.314457538,-0.1629,1.0164,0.0285,1.030
2.317294692,-0.1700,1.0210,0.0297,1.036
2.319330461,-0.1758,1.0249,0.0349,1.040
2.321675923,-0.1776,1.0298,0.0400,1.046
2.324104615,-0.1812,1.0305,0.0478,1.047
2.326478461,-0.1809,1.0313,0.0544,1.048
2.32897223,-0.1829,1.0328,0.0600,1.051
2.33130123,-0.1814,1.0293,0.0661,1.047
2.333752923,-0.1800,1.0271,0.0671,1.045
2.336186077,-0.1756,1.0233,0.0691,1.041
2.338591,-0.1793,1.0156,0.0679,1.034
2.340991615,-0.1781,1.0117,0.0617,1.029
2.343550692,-0.1781,1.0073,0.0549,1.024
2.345912846,-0.1744,0.9993,0.0456,1.015
2.348385769,-0.1748,0.9934,0.0397,1.009
2.35153623,-0.1770,0.9870,0.0326,1.003
2.353256615,-0.1870,0.9758,0.0276,0.994
2.35544823,-0.1961,0.9626,0.0176,0.983
2.358900846,-0.2083,0.9460,0.0055,0.969
2.360755307,-0.2293,0.9318,-0.0086,0.960
2.362762154,-0.2506,0.9094,-0.0251,0.944
2.365087,-0.2757,0.8898,-0.0435,0.933
2.367549461,-0.3043,0.8688,-0.0564,0.922
2.369976846,-0.3344,0.8488,-0.0662,0.915
2.372498461,-0.3659,0.8390,-0.0801,0.919
2.374769846,-0.3989,0.8329,-0.0901,0.928
2.377259077,-0.4299,0.8368,-0.0965,0.946
2.379651,-0.4570,0.8517,-0.0975,0.972
2.382005461,-0.4832,0.8717,-0.0901,1.001
2.384407384,-0.5025,0.8987,-0.0757,1.032
2.386986384,-0.5210,0.9260,-0.0547,1.064
2.389267615,-0.5303,0.9576,-0.0328,1.095
2.391690384,-0.5374,0.9839,-0.0127,1.121
2.394086077,-0.5377,1.0137,0.0119,1.148
2.396496307,-0.5362,1.0369,0.0329,1.168
2.398845769,-0.5301,1.0589,0.0522,1.185
2.401363692,-0.5226,1.0760,0.0647,1.198
2.404310769,-0.5166,1.0831,0.0728,1.202
2.406208,-0.5103,1.0906,0.0766,1.207
2.408543923,-0.5019,1.0960,0.0776,1.208
2.41099323,-0.4932,1.0978,0.0810,1.206
2.413304923,-0.4846,1.1009,0.0817,1.206
2.416053769,-0.4783,1.1023,0.0871,1.205
2.418159307,-0.4690,1.1046,0.0971,1.204
2.42067723,-0.4539,1.0995,0.1031,1.194
2.423007692,-0.4406,1.0948,0.1045,1.185
2.425579,-0.4231,1.0880,0.1128,1.173
2.42786423,-0.4028,1.0725,0.1008,1.150
2.430499384,-0.3822,1.0640,0.0952,1.135
2.432808923,-0.3673,1.0526,0.0952,1.119
2.435239,-0.3537,1.0398,0.0891,1.102
2.437470384,-0.3337,1.0291,0.0828,1.085
2.439882077,-0.3144,1.0196,0.0651,1.069
2.442444923,-0.2899,1.0051,0.0395,1.047
2.444751692,-0.2720,0.9870,0.0421,1.025
2.447099,-0.2442,0.9746,0.0378,1.005
2.449563307,-0.2144,0.9623,0.0329,0.986
2.451951692,-0.1861,0.9521,0.0302,0.971
2.454486384,-0.1629,0.9438,0.0319,0.958
2.456743384,-0.1421,0.9397,0.0346,0.951
2.459188923,-0.1079,0.9350,0.0383,0.942
2.461562461,-0.0901,0.9399,0.0400,0.945
2.46404,-0.0595,0.9406,0.0204,0.943
2.466500538,-0.0300,0.9421,0.0188,0.943
2.468950692,0.0002,0.9431,0.0278,0.943
2.471196846,0.0149,0.9490,0.0288,0.950
2.473693154,0.0342,0.9527,0.0251,0.954
2.476046384,0.0422,0.9563,0.0300,0.958
2.478457846,0.0579,0.9607,0.0324,0.963
2.480853846,0.0647,0.9704,0.0332,0.973
2.483342154,0.0691,0.9776,0.0326,0.981
2.485700615,0.0711,0.9839,0.0370,0.987
2.488087692,0.0613,0.9934,0.0390,0.996
2.490497154,0.0533,0.9991,0.0365,1.001
2.492997846,0.0420,1.0091,0.0405,1.011
2.495309538,0.0256,1.0186,0.0402,1.020
2.497729769,0.0139,1.0245,0.0444,1.026
2.500168307,0.0014,1.0286,0.0476,1.030
2.502599923,-0.0070,1.0350,0.0554,1.037
2.50506823,-0.0124,1.0366,0.0630,1.039
2.507551307,-0.0173,1.0354,0.0630,1.037
2.50995323,-0.0221,1.0373,0.0747,1.040
2.512235692,-0.0307,1.0396,0.0871,1.044
2.514840923,-0.0393,1.0435,0.0954,1.049
2.517188307,-0.0442,1.0457,0.1013,1.052
2.519457461,-0.0519,1.0466,0.1057,1.053
2.521990692,-0.0600,1.0462,0.1118,1.054
2.524406384,-0.0673,1.0454,0.1148,1.054
2.526846154,-0.0722,1.0457,0.1174,1.055
2.529186077,-0.0764,1.0440,0.1218,1.054
2.531835923,-0.0784,1.0391,0.1257,1.050
2.534048,-0.0805,1.0359,0.1321,1.047
2.536352,-0.0852,1.0296,0.1418,1.043
2.538823692,-0.0886,1.0228,0.1448,1.037
2.541381461,-0.0896,1.0149,0.1487,1.030
2.543590461,-0.0923,1.0061,0.1506,1.022
2.546090769,-0.0973,1.0000,0.1465,1.015
2.548514461,-0.0942,0.9923,0.1423,1.007
2.550947307,-0.0984,0.9888,0.1348,1.003
2.553324538,-0.0991,0.9853,0.1277,0.998
2.556090384,-0.0966,0.9797,0.1220,0.992
2.558474077,-0.0977,0.9812,0.1136,0.993
2.56072,-0.0917,0.9800,0.1087,0.990
2.563071307,-0.0877,0.9768,0.0996,0.986
2.565495615,-0.0808,0.9797,0.0935,0.987
2.567782461,-0.0668,0.9812,0.0889,0.988
2.570292923,-0.0530,0.9842,0.0871,0.989
2.572661846,-0.0407,0.9865,0.0825,0.991
2.574977538,-0.0278,0.9863,0.0808,0.990
2.577292307,-0.0121,0.9881,0.0828,0.992
2.579714769,-0.0018,0.9881,0.0842,0.992
2.582289461,0.0068,0.9912,0.0879,0.995
2.584585769,0.0161,0.9888,0.0864,0.993
2.586919692,0.0207,0.9900,0.0859,0.994
2.589480846,0.0271,0.9939,0.0840,0.998
2.592415615,0.0291,0.9966,0.0817,1.000
2.594241846,0.0300,1.0005,0.0817,1.004
2.596581846,0.0296,1.0044,0.0798,1.008
2.599189154,0.0261,1.0096,0.0759,1.013
2.601574769,0.0215,1.0152,0.0749,1.018
2.603844923,0.0179,1.0212,0.0735,1.024
2.606261154,0.0090,1.0284,0.0737,1.031
2.608725154,-0.0018,1.0338,0.0752,1.037
2.611038154,-0.0111,1.0420,0.0761,1.045
2.613856,-0.0178,1.0440,0.0754,1.047
2.615997154,-0.0272,1.0496,0.0764,1.053
2.618335384,-0.0339,1.0506,0.0766,1.054
2.620772846,-0.0407,1.0494,0.0801,1.053
2.623632923,-0.0465,1.0487,0.0877,1.053
2.625567692,-0.0519,1.0431,0.1020,1.049
2.628008538,-0.0554,1.0369,0.1171,1.045
2.630411,-0.0568,1.0298,0.1304,1.040
2.632844846,-0.0600,1.0223,0.1423,1.034
2.635179384,-0.0647,1.0137,0.1474,1.026
2.637613538,-0.0671,1.0117,0.1470,1.025
2.640018461,-0.0707,1.0035,0.1421,1.016
2.642503,-0.0744,1.0030,0.1326,1.014
2.644809461,-0.0800,0.9986,0.1213,1.009
2.647312538,-0.0833,0.9993,0.1118,1.009
2.649687077,-0.0822,1.0030,0.0984,1.011
2.652077461,-0.0854,1.0049,0.0842,1.012
2.654455077,-0.0833,1.0073,0.0703,1.013
2.656945461,-0.0800,1.0098,0.0607,1.015
2.659307615,-0.0754,1.0161,0.0525,1.020
2.661904538,-0.0703,1.0198,0.0466,1.023
2.664153154,-0.0612,1.0247,0.0405,1.027
2.666601154,-0.0556,1.0259,0.0395,1.028
2.668934077,-0.0430,1.0303,0.0341,1.032
2.671606692,-0.0372,1.0322,0.0297,1.033
2.673783077,-0.0312,1.0345,0.0253,1.035
2.676197769,-0.0234,1.0376,0.0227,1.038
2.678910077,-0.0199,1.0406,0.0173,1.041
2.681425154,-0.0185,1.0396,0.0129,1.040
2.683453538,-0.0190,1.0369,0.0092,1.037
2.68598423,-0.0148,1.0369,0.0065,1.037
2.688247692,-0.0106,1.0347,0.0046,1.035
2.691023923,-0.0055,1.0322,0.0002,1.032
2.693179692,-0.0004,1.0293,-0.0005,1.029
2.695560307,0.0030,1.0257,-0.0019,1.026
2.69800823,0.0105,1.0249,-0.0009,1.025
2.700379,0.0142,1.0193,-0.0026,1.019
2.702699077,0.0205,1.0198,-0.0065,1.020
2.705174154,0.0274,1.0184,-0.0110,1.019
2.707651615,0.0342,1.0152,-0.0156,1.016
2.709981461,0.0412,1.0147,-0.0146,1.016
2.712336615,0.0449,1.0135,-0.0181,1.015
2.71484523,0.0494,1.0130,-0.0193,1.014
2.717203384,0.0547,1.0132,-0.0200,1.015
2.719594384,0.0538,1.0161,-0.0225,1.018
2.722132307,0.0528,1.0147,-0.0263,1.016
2.724484,0.0503,1.0154,-0.0254,1.017
2.72693323,0.0491,1.0198,-0.0235,1.021
2.729419615,0.0454,1.0235,-0.0239,1.025
2.731740923,0.0396,1.0249,-0.0266,1.026
2.734283692,0.0340,1.0301,-0.0244,1.031
2.736903077,0.0317,1.0279,-0.0259,1.029
2.738951923,0.0249,1.0303,-0.0266,1.031
2.741438077,0.0207,1.0335,-0.0286,1.034
2.74372023,0.0176,1.0330,-0.0268,1.033
2.746245538,0.0163,1.0333,-0.0286,1.034
2.748539692,0.0137,1.0315,-0.0296,1.032
2.751037846,0.0149,1.0293,-0.0303,1.030
2.753508923,0.0163,1.0266,-0.0328,1.027
2.755790384,0.0186,1.0210,-0.0312,1.022
2.758375692,0.0156,1.0179,-0.0307,1.018
2.76102123,0.0161,1.0110,-0.0332,1.012
2.763206384,0.0149,1.0054,-0.0349,1.006
2.765566384,0.0170,0.9995,-0.0352,1.000
2.767828846,0.0139,0.9934,-0.0354,0.994
2.770705154,0.0112,0.9856,-0.0379,0.986
2.772704538,0.0107,0.9776,-0.0410,0.978
2.775075077,0.0107,0.9709,-0.0371,0.972
2.777507,0.0122,0.9648,-0.0368,0.966
2.780400538,0.0117,0.9567,-0.0356,0.957
2.782474077,0.0119,0.9478,-0.0364,0.949
2.784913846,0.0124,0.9416,-0.0381,0.942
2.787181538,0.0112,0.9338,-0.0396,0.935
2.789582461,0.0090,0.9229,-0.0449,0.924
2.791971307,0.0102,0.9182,-0.0479,0.919
2.795218769,0.0090,0.9126,-0.0538,0.914
2.796962077,0.0044,0.9045,-0.0579,0.906
2.799209461,0.0019,0.8984,-0.0586,0.900
2.801793461,-0.0034,0.8940,-0.0626,0.896
2.804132538,-0.0097,0.8922,-0.0645,0.895
2.806509769,-0.0178,0.8915,-0.0711,0.895
2.808838461,-0.0260,0.8896,-0.0792,0.893
2.81137323,-0.0300,0.8898,-0.0850,0.894
2.813939384,-0.0344,0.8884,-0.0923,0.894
2.816235077,-0.0356,0.8920,-0.0999,0.898
2.818538692,-0.0368,0.8925,-0.1055,0.900
2.821048846,-0.0372,0.8896,-0.1058,0.897
2.823307384,-0.0361,0.8940,-0.1053,0.901
2.825903384,-0.0339,0.8945,-0.1074,0.902
2.828461846,-0.0265,0.8942,-0.1092,0.901
2.830582461,-0.0216,0.8925,-0.1134,0.900
2.833043692,-0.0170,0.8947,-0.1151,0.902
2.835421154,-0.0160,0.8935,-0.1199,0.902
2.838159307,-0.0067,0.8966,-0.1223,0.905
2.840245769,-0.0018,0.8954,-0.1300,0.905
2.842822154,0.0061,0.8940,-0.1381,0.905
2.84519323,0.0183,0.8922,-0.1488,0.905
2.847441846,0.0259,0.8898,-0.1532,0.903
2.84996423,0.0249,0.8879,-0.1476,0.900
2.852200538,0.0228,0.8873,-0.1414,0.899
2.854987692,0.0179,0.8913,-0.1383,0.902
2.857145769,0.0161,0.8908,-0.1385,0.902
2.859500846,0.0168,0.8910,-0.1421,0.902
2.862024923,0.0122,0.8889,-0.1495,0.901
2.86434923,0.0139,0.8869,-0.1554,0.901
2.866850769,0.0088,0.8849,-0.1581,0.899
2.869291077,0.0100,0.8801,-0.1622,0.895
2.871971077,0.0100,0.8759,-0.1663,0.892
2.87418923,0.0088,0.8724,-0.1656,0.888
2.876317846,0.0081,0.8693,-0.1624,0.884
2.879469538,0.0063,0.8684,-0.1654,0.884
2.882441461,0.0024,0.8661,-0.1632,0.881
2.884458077,0.0049,0.8642,-0.1659,0.880
2.886492615,0.0068,0.8635,-0.1644,0.879
2.888498154,0.0042,0.8649,-0.1659,0.881
2.890825846,0.0063,0.8640,-0.1624,0.879
2.893234384,0.0068,0.8617,-0.1639,0.877
2.895639692,0.0088,0.8628,-0.1725,0.880
2.898785538,0.0081,0.8607,-0.1810,0.880
2.901291384,0.0112,0.8600,-0.1856,0.880
2.904771307,0.0110,0.8549,-0.1928,0.876
2.905435,0.0135,0.8537,-0.1976,0.876
2.908067923,0.0132,0.8481,-0.2030,0.872
2.910196846,0.0179,0.8463,-0.2045,0.871
2.913031077,0.0200,0.8432,-0.2045,0.868
2.914951615,0.0235,0.8434,-0.2054,0.868
2.917487923,0.0263,0.8434,-0.2052,0.868
2.919775615,0.0288,0.8419,-0.2096,0.868
2.922320307,0.0237,0.8432,-0.2164,0.871
2.924602077,0.0249,0.8463,-0.2299,0.877
2.927440307,0.0235,0.8524,-0.2597,0.891
2.929823692,0.0261,0.8703,-0.2895,0.918
2.931873154,0.0340,0.9023,-0.2744,0.944
2.934191923,0.0476,0.9355,-0.2311,0.965
2.937263615,0.0655,0.9658,-0.2094,0.990
2.939055615,0.0955,0.9895,-0.2118,1.016
2.941789461,0.1253,1.0051,-0.2022,1.033
2.944094154,0.1534,1.0193,-0.1835,1.047
2.947145538,0.1771,1.0326,-0.1600,1.060
2.948705154,0.1935,1.0499,-0.1341,1.076
2.951147,0.1998,1.0711,-0.1183,1.096
2.95376423,0.2008,1.1009,-0.1153,1.125
2.955968846,0.1991,1.1346,-0.1219,1.158
2.958340538,0.1947,1.1726,-0.1265,1.195
2.960784923,0.1815,1.2201,-0.1241,1.240
2.963231,0.1700,1.2624,-0.1160,1.279
2.965592,0.1605,1.2996,-0.1021,1.313
2.968612615,0.1603,1.3289,-0.0901,1.342
2.970445846,0.1771,1.3474,-0.0796,1.361
2.972859615,0.1964,1.3577,-0.0747,1.374
2.975241154,0.2192,1.3616,-0.0608,1.381
2.977623,0.2497,1.3550,-0.0762,1.380
2.980078692,0.3014,1.3374,-0.0972,1.374
2.982423384,0.3682,1.3096,-0.1109,1.365
2.984934769,0.4434,1.2753,-0.1253,1.356
2.987293461,0.5233,1.2262,-0.1474,1.341
2.989727307,0.5974,1.1754,-0.1812,1.331
2.992071384,0.6523,1.1160,-0.2206,1.311
2.994971307,0.7332,1.0528,-0.2418,1.305
2.997666077,0.8094,0.9944,-0.2570,1.308
3.000244846,0.8737,0.9350,-0.2636,1.307
3.003822154,0.9282,0.8842,-0.2480,1.306
3.004318769,0.9529,0.8532,-0.2269,1.299
3.006976923,0.9706,0.8300,-0.1766,1.289
3.009769461,0.9714,0.8224,-0.1151,1.278
3.01145323,0.9415,0.8307,-0.0388,1.256
3.013891077,0.8677,0.8532,0.0421,1.218
3.016181461,0.7635,0.8849,0.1136,1.174
3.018657846,0.6326,0.9208,0.1781,1.131
3.021095307,0.4722,0.9614,0.2149,1.092
3.023453461,0.3163,0.9986,0.2105,1.068
3.025956615,0.1566,1.0296,0.1930,1.059
3.028339077,-0.0009,1.0613,0.1886,1.078
3.030824615,-0.1374,1.0753,0.1785,1.099
3.033231,-0.2587,1.0804,0.1819,1.126
3.035549769,-0.4011,1.0885,0.2003,1.177
3.038068846,-0.5496,1.0955,0.2233,1.246
3.040295,-0.6615,1.0834,0.2350,1.291
3.043736,-0.7690,1.0664,0.2340,1.335
3.045661769,-0.8433,1.0466,0.2245,1.363
3.047607077,-0.8909,1.0230,0.1954,1.371
3.050030461,-0.9176,0.9973,0.1526,1.364
3.052468615,-0.9251,0.9734,0.1162,1.348
3.054826461,-0.9337,0.9397,0.0632,1.326
3.057347,-0.9510,0.9115,0.0083,1.317
3.059660307,-0.9645,0.8822,-0.0550,1.308
3.062089154,-0.9677,0.8495,-0.1053,1.292
3.064411615,-0.9675,0.8293,-0.1304,1.281
3.066864307,-0.9767,0.8239,-0.1434,1.286
3.069273846,-0.9923,0.8260,-0.1478,1.300
3.071726077,-1.0143,0.8327,-0.1458,1.320
3.074749769,-1.0356,0.8510,-0.1307,1.347
3.076700307,-1.0546,0.8663,-0.1134,1.370
3.078923384,-1.0634,0.8835,-0.0960,1.386
3.081348923,-1.0668,0.9001,-0.0762,1.398
3.083713461,-1.0541,0.9180,-0.0577,1.399
3.086180307,-1.0329,0.9380,-0.0354,1.396
3.088550769,-0.9880,0.9553,-0.0154,1.374
3.090993846,-0.9151,0.9597,-0.0019,1.326
3.093518154,-0.8389,0.9572,0.0006,1.273
3.095933538,-0.7617,0.9543,-0.0088,1.221
3.099203615,-0.6852,0.9497,-0.0303,1.171
3.101825846,-0.6065,0.9502,-0.0561,1.129
3.103141846,-0.5362,0.9553,-0.0691,1.098
3.105653154,-0.4658,0.9614,-0.0738,1.071
3.107959077,-0.4036,0.9746,-0.0840,1.058
3.110414154,-0.3414,0.9912,-0.0918,1.052
3.112801461,-0.2836,1.0112,-0.1001,1.055
3.115223077,-0.2325,1.0347,-0.1001,1.065
3.117493846,-0.1805,1.0633,-0.0950,1.083
3.120090692,-0.1318,1.0936,-0.0969,1.106
3.122486384,-0.0781,1.1232,-0.0997,1.130
3.124771384,-0.0321,1.1463,-0.0901,1.150
3.127299923,0.0066,1.1677,-0.0877,1.171
3.129840307,0.0469,1.1874,-0.1050,1.193
3.131945846,0.0945,1.1987,-0.1265,1.209
3.134538384,0.1453,1.1999,-0.1456,1.217
3.136835923,0.1920,1.1950,-0.1644,1.221
3.13932423,0.2292,1.1813,-0.1868,1.218
3.142052307,0.2636,1.1652,-0.2140,1.214
3.144217538,0.2944,1.1437,-0.2380,1.205
3.146573154,0.3149,1.1181,-0.2665,1.192
3.148992538,0.3261,1.0906,-0.2986,1.177
3.151310461,0.3161,1.0601,-0.3308,1.155
3.154287384,0.3002,1.0303,-0.3640,1.133
3.156859384,0.2739,1.0066,-0.3913,1.114
3.158761154,0.2434,0.9851,-0.4121,1.095
3.160963384,0.2052,0.9639,-0.4253,1.073
3.163338077,0.1614,0.9509,-0.4337,1.058
3.165705154,0.1221,0.9424,-0.4321,1.044
3.168363384,0.0767,0.9387,-0.4170,1.030
3.170565461,0.0354,0.9372,-0.3918,1.016
3.172985461,-0.0050,0.9436,-0.3596,1.010
3.175395692,-0.0470,0.9531,-0.3244,1.008
3.177812307,-0.0825,0.9644,-0.2878,1.010
3.180184,-0.1187,0.9778,-0.2502,1.016
3.182624538,-0.1543,0.9910,-0.2171,1.026
3.185086692,-0.1856,1.0047,-0.1879,1.039
3.187530077,-0.2205,1.0171,-0.1663,1.054
3.190422384,-0.2501,1.0296,-0.1476,1.070
3.192421154,-0.2804,1.0382,-0.1358,1.084
3.194705461,-0.3060,1.0431,-0.1302,1.095
3.197214692,-0.3321,1.0415,-0.1270,1.101
3.200884,-0.3544,1.0366,-0.1232,1.102
3.202063,-0.3761,1.0291,-0.1221,1.102
3.204347,-0.3964,1.0212,-0.1243,1.102
3.207314384,-0.4143,1.0103,-0.1265,1.099
3.209320846,-0.4250,1.0059,-0.1316,1.100
3.211735692,-0.4311,0.9963,-0.1400,1.095
3.214067384,-0.4309,0.9853,-0.1449,1.085
3.216378384,-0.4280,0.9790,-0.1512,1.079
3.218970769,-0.4143,0.9744,-0.1570,1.070
3.221995923,-0.3928,0.9712,-0.1617,1.060
3.223587923,-0.3652,0.9714,-0.1681,1.051
3.226384231,-0.3312,0.9663,-0.1742,1.036
3.228458077,-0.2931,0.9609,-0.1815,1.021
3.230950769,-0.2567,0.9590,-0.1905,1.011
3.233358384,-0.2173,0.9621,-0.1959,1.006
3.235719307,-0.1790,0.9665,-0.2091,1.005
3.238143692,-0.1418,0.9709,-0.2180,1.005
3.240504846,-0.1082,0.9807,-0.2264,1.012
3.243055,-0.0817,0.9926,-0.2306,1.022
3.245489231,-0.0532,1.0044,-0.2296,1.032
3.247896923,-0.0361,1.0198,-0.2240,1.045
3.250317231,-0.0216,1.0384,-0.2169,1.061
3.252927077,-0.0104,1.0518,-0.2079,1.072
3.254960846,-0.0048,1.0620,-0.1964,1.080
3.257627384,0.0024,1.0680,-0.1879,1.084
3.259833538,0.0049,1.0669,-0.1835,1.083
3.262260923,0.0024,1.0650,-0.1840,1.081
3.264609461,-0.0004,1.0599,-0.1868,1.076
3.267320307,-0.0085,1.0552,-0.1908,1.072
3.269457538,-0.0183,1.0452,-0.1935,1.063
3.271797461,-0.0276,1.0366,-0.1996,1.056
3.274406384,-0.0388,1.0286,-0.2003,1.049
3.276741846,-0.0505,1.0205,-0.1954,1.040
3.279113154,-0.0666,1.0135,-0.1905,1.033
3.281462461,-0.0791,1.0107,-0.1840,1.030
3.283939692,-0.0933,1.0103,-0.1791,1.030
3.286316846,-0.1069,1.0088,-0.1717,1.029
3.288722384,-0.1192,1.0073,-0.1688,1.028
3.291203923,-0.1301,1.0076,-0.1688,1.030
3.293666154,-0.1389,1.0091,-0.1728,1.033
3.295970077,-0.1465,1.0066,-0.1768,1.033
3.299258077,-0.1536,1.0059,-0.1786,1.033
3.300993461,-0.1595,1.0076,-0.1808,1.036
3.303268,-0.1632,1.0051,-0.1847,1.035
3.305617231,-0.1636,1.0037,-0.1861,1.034
3.308034461,-0.1670,0.9998,-0.1833,1.030
3.310476307,-0.1676,0.9951,-0.1835,1.026
3.312836846,-0.1697,0.9905,-0.1796,1.021
3.315423307,-0.1678,0.9890,-0.1761,1.018
3.318030461,-0.1688,0.9858,-0.1752,1.015
3.320107692,-0.1678,0.9851,-0.1735,1.014
3.322833846,-0.1648,0.9834,-0.1771,1.013
3.324927077,-0.1604,0.9839,-0.1800,1.013
3.327356846,-0.1565,0.9817,-0.1864,1.011
3.329856307,-0.1511,0.9788,-0.1937,1.009
3.332143,-0.1413,0.9773,-0.2020,1.008
3.334947692,-0.1345,0.9737,-0.2052,1.004
3.336983923,-0.1294,0.9732,-0.2084,1.004
3.339451,-0.1228,0.9737,-0.2110,1.004
3.342020231,-0.1157,0.9737,-0.2138,1.004
3.344186769,-0.1071,0.9795,-0.2167,1.009
3.346848,-0.0977,0.9842,-0.2240,1.014
3.349141154,-0.0889,0.9890,-0.2308,1.019
3.351566461,-0.0815,0.9963,-0.2311,1.026
3.353899384,-0.0717,1.0007,-0.2325,1.030
3.357098384,-0.0661,1.0017,-0.2341,1.031
3.359041538,-0.0605,1.0024,-0.2306,1.030
3.361264923,-0.0522,1.0024,-0.2269,1.029
3.363785846,-0.0478,1.0032,-0.2177,1.028
3.36608,-0.0421,1.0024,-0.2113,1.025
3.368412923,-0.0417,1.0071,-0.2098,1.030
3.370855692,-0.0432,1.0130,-0.2028,1.034
3.373332846,-0.0465,1.0161,-0.1949,1.036
3.376190769,-0.0546,1.0196,-0.1871,1.038
3.378047923,-0.0600,1.0198,-0.1873,1.039
3.380381769,-0.0673,1.0164,-0.1910,1.036
3.382760307,-0.0747,1.0154,-0.1991,1.037
3.385385538,-0.0820,1.0100,-0.2042,1.034
3.387831077,-0.0859,1.0024,-0.2082,1.027
3.391007692,-0.0871,0.9951,-0.2089,1.021
3.392438384,-0.0891,0.9900,-0.2084,1.016
3.395054692,-0.0915,0.9830,-0.2084,1.009
3.397361231,-0.0920,0.9790,-0.2077,1.005
3.399798154,-0.0964,0.9704,-0.2115,0.998
3.402171692,-0.1001,0.9646,-0.2406,0.999
3.404492231,-0.1054,0.9597,-0.2429,0.996
3.406905769,-0.1120,0.9585,-0.2352,0.993
3.409476615,-0.1180,0.9548,-0.2348,0.990
3.411763307,-0.1196,0.9539,-0.2399,0.991
3.414600923,-0.1248,0.9531,-0.2404,0.991
3.416579615,-0.1238,0.9560,-0.2397,0.993
3.419019384,-0.1226,0.9578,-0.2360,0.994
3.421867923,-0.1162,0.9590,-0.2336,0.994
3.423805154,-0.1062,0.9616,-0.2294,0.994
3.426212923,-0.0920,0.9599,-0.2213,0.989
3.428956,-0.0820,0.9604,-0.2159,0.988
3.431319615,-0.0693,0.9570,-0.2133,0.983
3.433536538,-0.0610,0.9565,-0.2113,0.981
3.435855615,-0.0495,0.9572,-0.2062,0.980
3.438332231,-0.0363,0.9595,-0.2008,0.981
3.440667615,-0.0268,0.9583,-0.1979,0.979
3.443215923,-0.0178,0.9623,-0.1891,0.981
3.445868538,-0.0092,0.9668,-0.1830,0.984
3.448037769,-0.0050,0.9793,-0.1740,0.995
3.450414461,-0.0004,0.9861,-0.1737,1.001
3.452895923,0.0039,0.9939,-0.1744,1.009
3.455748,0.0086,1.0042,-0.1779,1.020
3.457588231,0.0075,1.0115,-0.1859,1.029
3.459950077,0.0073,1.0110,-0.1979,1.030
3.462347692,0.0081,1.0154,-0.2077,1.036
3.464795615,0.0034,1.0168,-0.2133,1.039
3.467235384,-0.0102,1.0196,-0.2228,1.044
3.469616,-0.0288,1.0168,-0.2313,1.043
3.472179307,-0.0456,1.0188,-0.2269,1.045
3.474453461,-0.0624,1.0171,-0.2269,1.044
3.476882077,-0.0773,1.0132,-0.2269,1.041
3.479251692,-0.0859,1.0093,-0.2250,1.038
3.481726384,-0.1031,1.0115,-0.2292,1.042
3.484101231,-0.1140,1.0073,-0.2306,1.040
3.486525231,-0.1267,1.0071,-0.2323,1.041
3.489742692,-0.1357,1.0093,-0.2323,1.045
3.491702692,-0.1499,1.0088,-0.2325,1.046
3.493945769,-0.1602,1.0096,-0.2267,1.047
3.496134384,-0.1690,1.0154,-0.2177,1.052
3.498515307,-0.1753,1.0122,-0.2101,1.049
3.500981154,-0.1809,1.0081,-0.2098,1.045
3.503317461,-0.1809,1.0059,-0.2115,1.044
3.506092615,-0.1795,1.0012,-0.2162,1.040
3.508311384,-0.1719,0.9963,-0.2226,1.035
3.510902154,-0.1663,0.9951,-0.2296,1.035
3.512978461,-0.1534,0.9893,-0.2385,1.029
3.515463077,-0.1378,0.9861,-0.2441,1.025
3.517822769,-0.1236,0.9888,-0.2502,1.027
3.520299384,-0.1062,0.9886,-0.2550,1.026
3.522848231,-0.0866,0.9870,-0.2574,1.024
3.526637461,-0.0712,0.9849,-0.2583,1.021
3.527851077,-0.0517,0.9827,-0.2541,1.016
3.530692307,-0.0324,0.9809,-0.2583,1.015
3.532328,-0.0199,0.9805,-0.2534,1.013
3.534779384,-0.0043,0.9783,-0.2455,1.009
3.537072538,0.0088,0.9802,-0.2394,1.009
3.539507384,0.0181,0.9800,-0.2350,1.008
3.541957846,0.0261,0.9785,-0.2325,1.006
3.544330077,0.0310,0.9830,-0.2294,1.010
3.546752923,0.0340,0.9839,-0.2257,1.010
3.549206154,0.0361,0.9842,-0.2243,1.010
3.551536923,0.0391,0.9863,-0.2177,1.011
3.554964307,0.0386,0.9886,-0.2071,1.011
3.556569461,0.0417,0.9865,-0.2022,1.008
3.559044307,0.0437,0.9809,-0.1976,1.002
3.562002769,0.0440,0.9756,-0.1915,0.995
3.563653846,0.0482,0.9712,-0.1889,0.991
3.566295,0.0566,0.9636,-0.1837,0.983
3.568437154,0.0659,0.9555,-0.1781,0.974
3.571491692,0.0767,0.9492,-0.1744,0.968
3.574216231,0.0862,0.9490,-0.1693,0.968
3.576577769,0.0978,0.9536,-0.1666,0.973
3.578916538,0.1034,0.9563,-0.1649,0.976
3.580974077,0.1080,0.9639,-0.1563,0.982
3.583615077,0.1111,0.9758,-0.1554,0.994
3.586013846,0.1134,0.9924,-0.1570,1.011
3.588269231,0.1097,1.0096,-0.1500,1.027
3.590205461,0.1083,1.0257,-0.1481,1.042
3.592685846,0.1031,1.0389,-0.1470,1.054
3.595296846,0.1038,1.0496,-0.1453,1.065
3.597463,0.1070,1.0555,-0.1444,1.071
3.599866461,0.1155,1.0613,-0.1393,1.077
3.602225461,0.1272,1.0571,-0.1341,1.073
3.604620538,0.1414,1.0508,-0.1251,1.068
3.607082461,0.1591,1.0452,-0.1180,1.064
3.609410077,0.1771,1.0403,-0.1060,1.061
3.611865846,0.1966,1.0322,-0.0962,1.055
3.614604231,0.2169,1.0269,-0.0831,1.053
3.616678384,0.2343,1.0177,-0.0711,1.047
3.619081846,0.2511,1.0130,-0.0586,1.045
3.622019692,0.2609,1.0086,-0.0471,1.043
3.623924231,0.2658,1.0042,-0.0349,1.039
3.626992538,0.2648,1.0000,-0.0317,1.035
3.629032615,0.2553,0.9939,-0.0393,1.027
3.631243615,0.2389,0.9910,-0.0496,1.021
3.634167692,0.2192,0.9917,-0.0589,1.017
3.635973769,0.1969,0.9970,-0.0724,1.019
3.638414077,0.1752,1.0056,-0.0864,1.024
3.640854461,0.1537,1.0186,-0.0994,1.035
3.643285461,0.1373,1.0330,-0.1155,1.048
3.645667615,0.1267,1.0466,-0.1270,1.062
3.648064846,0.1234,1.0606,-0.1381,1.077
3.650486461,0.1211,1.0736,-0.1470,1.090
3.652856846,0.1195,1.0902,-0.1583,1.108
3.655311692,0.1226,1.1119,-0.1719,1.132
3.657700923,0.1270,1.1419,-0.1871,1.164
3.660088231,0.1292,1.1789,-0.2074,1.204
3.662515,0.1295,1.2225,-0.2252,1.250
3.665001538,0.1344,1.2695,-0.2299,1.297
3.667331,0.1483,1.3196,-0.2348,1.348
3.669803384,0.1544,1.3725,-0.2267,1.400
3.672178384,0.1630,1.4246,-0.2108,1.449
3.674581769,0.1705,1.4715,-0.1877,1.493
3.676955384,0.1752,1.5167,-0.1666,1.536
3.679443615,0.1768,1.5614,-0.1427,1.578
3.682403923,0.1744,1.6028,-0.1165,1.616
3.684187615,0.1666,1.6418,-0.0885,1.653
3.687187077,0.1539,1.6783,-0.0666,1.687
3.689102692,0.1378,1.7017,-0.0454,1.708
3.691428846,0.1207,1.7202,-0.0300,1.725
3.693862769,0.1002,1.7271,-0.0291,1.730
3.696286154,0.0794,1.7266,-0.0410,1.729
3.698815923,0.0603,1.7205,-0.0517,1.722
3.701116307,0.0447,1.7105,-0.0566,1.712
3.703506384,0.0354,1.6956,-0.0471,1.697
3.706105461,0.0256,1.6811,-0.0271,1.682
3.708497231,0.0156,1.6683,-0.0014,1.668
3.710818154,0.0054,1.6504,0.0461,1.651
3.713268846,-0.0055,1.6287,0.0854,1.631
3.715868923,-0.0232,1.6001,0.1152,1.604
3.718081769,-0.0400,1.5707,0.1260,1.576
3.720468923,-0.0626,1.5311,0.1187,1.537
3.722982769,-0.0874,1.4918,0.0796,1.497
3.725276307,-0.1131,1.4456,0.0200,1.450
3.728001154,-0.1380,1.4032,-0.0638,1.411
3.730042154,-0.1575,1.3608,-0.1519,1.378
3.732453769,-0.1678,1.3166,-0.2191,1.345
3.734861231,-0.1821,1.2788,-0.2616,1.318
3.737312615,-0.1816,1.2360,-0.2709,1.278
3.739693231,-0.1707,1.1982,-0.2607,1.238
3.742142077,-0.1583,1.1681,-0.2646,1.208
3.744877231,-0.1480,1.1395,-0.2827,1.183
3.747040231,-0.1465,1.1114,-0.3079,1.163
3.749332615,-0.1562,1.0885,-0.3230,1.146
3.751741538,-0.1756,1.0587,-0.3161,1.119
3.754141846,-0.2037,1.0313,-0.2978,1.093
3.7566,-0.2462,1.0081,-0.2921,1.078
3.758956846,-0.2997,0.9900,-0.3135,1.081
3.761435,-0.3679,0.9719,-0.3552,1.098
3.763830077,-0.4326,0.9578,-0.4109,1.128
3.766268615,-0.4988,0.9411,-0.4427,1.153
3.768593154,-0.5631,0.9260,-0.4628,1.178
3.771072,-0.6173,0.9148,-0.4774,1.202
3.773471307,-0.6556,0.8933,-0.4947,1.213
3.775883077,-0.6698,0.8747,-0.5143,1.216
3.778401538,-0.6642,0.8598,-0.5462,1.216
3.780728,-0.6519,0.8461,-0.5910,1.221
3.783049846,-0.6691,0.8478,-0.6168,1.244
3.785764231,-0.7194,0.8591,-0.6024,1.272
3.787917154,-0.7676,0.8730,-0.5639,1.292
3.790352307,-0.8238,0.8903,-0.5103,1.316
3.792768231,-0.8783,0.9124,-0.4324,1.338
3.795202769,-0.9405,0.9397,-0.3491,1.375
3.797582077,-0.9848,0.9700,-0.2502,1.405
3.799971923,-1.0221,1.0119,-0.1170,1.443
3.803261461,-1.0192,1.0408,0.0104,1.457
3.805061461,-0.9549,1.0491,0.1721,1.429
3.807234461,-0.8860,1.0606,0.3344,1.422
3.809931307,-0.8164,1.0636,0.4297,1.408
3.812103384,-0.7488,1.0494,0.4541,1.367
3.814502769,-0.6762,1.0208,0.4067,1.290
3.816817538,-0.5948,0.9817,0.3209,1.192
3.819281231,-0.5135,0.9360,0.2049,1.087
3.821825769,-0.4164,0.8663,0.0637,0.963
3.824145461,-0.3232,0.8009,-0.0584,0.866
3.827030461,-0.2374,0.7459,-0.1568,0.798
3.829019307,-0.1609,0.6998,-0.2364,0.756
3.831316923,-0.0910,0.6602,-0.2868,0.726
3.833897461,-0.0244,0.6280,-0.3098,0.701
3.836127615,0.0286,0.6020,-0.3103,0.678
3.838620538,0.0750,0.5854,-0.2981,0.661
3.840955615,0.1104,0.5775,-0.2760,0.650
3.843541769,0.1376,0.5693,-0.2499,0.637
3.845802384,0.1593,0.5676,-0.2150,0.627
3.848221461,0.1742,0.5735,-0.1877,0.628
3.850885769,0.1845,0.5763,-0.1642,0.627
3.853156923,0.1859,0.5824,-0.1488,0.629
3.855440538,0.1781,0.5935,-0.1400,0.635
3.857971307,0.1656,0.6062,-0.1437,0.645
3.860358384,0.1421,0.6174,-0.1519,0.652
3.862737538,0.1183,0.6306,-0.1593,0.661
3.865088,0.0938,0.6467,-0.1622,0.673
3.867549769,0.0671,0.6626,-0.1693,0.687
3.869935307,0.0377,0.6790,-0.1766,0.703
3.872346077,0.0102,0.6937,-0.1856,0.718
3.874691384,-0.0178,0.7107,-0.1930,0.737
3.877181461,-0.0456,0.7217,-0.1966,0.749
3.879573846,-0.0730,0.7308,-0.1998,0.761
3.881999923,-0.1047,0.7381,-0.2042,0.773
3.884360615,-0.1299,0.7479,-0.2087,0.787
3.886826769,-0.1529,0.7508,-0.2077,0.794
3.889186769,-0.1793,0.7547,-0.2066,0.803
3.891592923,-0.2049,0.7601,-0.2062,0.814
3.894240846,-0.2279,0.7647,-0.2038,0.824
3.896515,-0.2515,0.7682,-0.2020,0.833
3.898824846,-0.2741,0.7669,-0.2010,0.839
3.901379923,-0.2929,0.7723,-0.1913,0.848
3.903716923,-0.3124,0.7740,-0.1815,0.854
3.906099307,-0.3317,0.7743,-0.1698,0.859
3.908500231,-0.3468,0.7750,-0.1539,0.863
3.911081769,-0.3600,0.7745,-0.1439,0.866
3.913855692,-0.3681,0.7750,-0.1285,0.868
3.916124538,-0.3803,0.7733,-0.1121,0.869
3.918492923,-0.3852,0.7701,-0.0978,0.867
3.921119077,-0.3903,0.7699,-0.0882,0.868
3.923248538,-0.3962,0.7674,-0.0864,0.868
3.926816923,-0.4024,0.7633,-0.0892,0.867
3.929281846,-0.4055,0.7635,-0.0957,0.870
3.930895077,-0.4113,0.7608,-0.1048,0.871
3.933256307,-0.4199,0.7628,-0.1172,0.879
3.936097846,-0.4241,0.7620,-0.1267,0.881
3.937718692,-0.4280,0.7655,-0.1312,0.887
3.940245769,-0.4350,0.7720,-0.1397,0.897
3.942857231,-0.4411,0.7831,-0.1419,0.910
3.945334692,-0.4490,0.7926,-0.1456,0.922
3.947572846,-0.4575,0.8078,-0.1470,0.940
3.950261154,-0.4651,0.8212,-0.1449,0.955
3.953230461,-0.4746,0.8383,-0.1385,0.973
3.954555307,-0.4788,0.8535,-0.1346,0.988
3.957142077,-0.4861,0.8710,-0.1304,1.006
3.960785461,-0.4888,0.8873,-0.1246,1.021
3.962167,-0.4954,0.9033,-0.1160,1.037
3.964428615,-0.4981,0.9160,-0.1118,1.049
3.966731,-0.5015,0.9292,-0.1048,1.061
3.969887923,-0.5025,0.9409,-0.1036,1.072
3.971472,-0.5054,0.9504,-0.1029,1.081
3.974067692,-0.5064,0.9626,-0.1036,1.093
3.977209154,-0.5084,0.9697,-0.1087,1.100
3.978762692,-0.5086,0.9765,-0.1170,1.107
3.981951615,-0.5100,0.9839,-0.1278,1.116
3.983836,-0.5115,0.9898,-0.1358,1.122
3.986745231,-0.5115,0.9934,-0.1470,1.127
3.988619384,-0.5145,0.9983,-0.1554,1.134
3.991119077,-0.5140,1.0022,-0.1654,1.138
3.994140846,-0.5166,1.0000,-0.1759,1.139
3.995625461,-0.5159,0.9998,-0.1854,1.140
3.998449461,-0.5091,1.0007,-0.1928,1.139
4.000599,-0.4993,0.9958,-0.2028,1.132
4.008625154,-0.4875,0.9907,-0.2062,1.123
4.009697538,-0.4734,0.9858,-0.2066,1.113
4.010003384,-0.4588,0.9797,-0.2033,1.101
4.010675307,-0.4429,0.9763,-0.2022,1.091
4.012642769,-0.4297,0.9721,-0.2047,1.082
4.015328846,-0.4155,0.9634,-0.2069,1.069
4.018841769,-0.4059,0.9578,-0.2084,1.061
4.019633461,-0.3964,0.9576,-0.2103,1.057
4.022043692,-0.3901,0.9531,-0.2135,1.052
4.025464846,-0.3882,0.9543,-0.2131,1.052
4.027247077,-0.3901,0.9563,-0.2115,1.054
4.029408307,-0.3908,0.9597,-0.2108,1.057
4.031792307,-0.3971,0.9599,-0.2096,1.060
4.034324846,-0.4008,0.9658,-0.2052,1.066
4.036460307,-0.4050,0.9709,-0.2022,1.071
4.039650384,-0.4118,0.9753,-0.1976,1.077
4.041544,-0.4204,0.9765,-0.1924,1.080
4.043819307,-0.4272,0.9781,-0.1877,1.084
4.046811615,-0.4382,0.9817,-0.1791,1.090
4.048753231,-0.4558,0.9781,-0.1766,1.093
4.051275615,-0.4737,0.9765,-0.1735,1.099
4.053532846,-0.4912,0.9778,-0.1793,1.109
4.056411692,-0.5159,0.9809,-0.1881,1.124
4.058497538,-0.5431,0.9839,-0.2066,1.143
4.061128307,-0.5692,0.9846,-0.2308,1.160
4.063167692,-0.5978,0.9846,-0.2478,1.178
4.065781231,-0.6230,0.9870,-0.2631,1.196
4.069003077,-0.6432,0.9917,-0.2709,1.213
4.070548231,-0.6647,0.9963,-0.2663,1.227
4.073010384,-0.6828,1.0063,-0.2618,1.244
4.076464846,-0.6894,1.0103,-0.2518,1.249
4.077709461,-0.6984,1.0177,-0.2426,1.258
4.080158769,-0.7020,1.0228,-0.2348,1.263
4.083074692,-0.7016,1.0200,-0.2318,1.260
4.084917461,-0.6996,1.0184,-0.2336,1.257
4.088056307,-0.6908,1.0073,-0.2416,1.245
4.089788615,-0.6779,0.9910,-0.2436,1.225
4.097363692,-0.6701,0.9781,-0.2478,1.211
4.098428231,-0.6693,0.9807,-0.2614,1.216
4.098874154,-0.6887,0.9907,-0.2736,1.237
4.099509769,-0.6969,0.9954,-0.2846,1.248
4.105724538,-0.6950,0.9870,-0.2832,1.240
4.106249231,-0.6980,0.9805,-0.2653,1.232
4.106627692,-0.6957,0.9773,-0.2639,1.228
4.110772846,-0.6975,0.9695,-0.2680,1.224
4.111687307,-0.7045,0.9658,-0.2567,1.223
4.113812538,-0.7125,0.9611,-0.2536,1.223
4.117240231,-0.7160,0.9560,-0.2546,1.221
4.118885154,-0.7162,0.9514,-0.2480,1.216
4.121297538,-0.7185,0.9441,-0.2409,1.211
4.123535,-0.7167,0.9362,-0.2404,1.203
4.126330154,-0.7116,0.9336,-0.2409,1.198
4.128282384,-0.7089,0.9245,-0.2421,1.190
4.130777769,-0.7013,0.9182,-0.2429,1.181
4.13446,-0.6945,0.9106,-0.2448,1.171
4.135496307,-0.6877,0.9023,-0.2448,1.161
4.138959923,-0.6774,0.8889,-0.2443,1.144
4.140570077,-0.6615,0.8815,-0.2490,1.130
4.143163307,-0.6395,0.8691,-0.2565,1.109
4.145234077,-0.6170,0.8576,-0.2602,1.088
4.147837461,-0.5963,0.8493,-0.2599,1.070
4.151303615,-0.5757,0.8393,-0.2580,1.050
4.15266,-0.5608,0.8327,-0.2573,1.036
4.154821154,-0.5394,0.8253,-0.2595,1.020
4.158057769,-0.5282,0.8185,-0.2590,1.008
4.160148307,-0.5128,0.8129,-0.2580,0.995
4.162114692,-0.5015,0.8067,-0.2562,0.984
4.165322461,-0.4858,0.8016,-0.2555,0.972
4.168733538,-0.4721,0.8011,-0.2555,0.964
4.170312231,-0.4653,0.8002,-0.2629,0.962
4.171776307,-0.4580,0.8041,-0.2672,0.963
4.175993846,-0.4565,0.8053,-0.2653,0.963
4.177053154,-0.4553,0.8107,-0.2578,0.965
4.179088615,-0.4597,0.8155,-0.2550,0.970
4.181614077,-0.4646,0.8227,-0.2553,0.979
4.184126384,-0.4693,0.8268,-0.2531,0.984
4.186259923,-0.4741,0.8341,-0.2499,0.991
4.188647692,-0.4800,0.8402,-0.2469,0.999
4.191890461,-0.4826,0.8461,-0.2434,1.004
4.193511615,-0.4802,0.8559,-0.2387,1.010
4.196064615,-0.4732,0.8681,-0.2320,1.016
4.198350384,-0.4536,0.8891,-0.2110,1.020
4.202848846,-0.4392,0.9194,-0.1759,1.034
4.204030154,-0.4223,0.9499,-0.1397,1.049
4.206511077,-0.4057,0.9778,-0.1172,1.065
4.210480615,-0.3894,0.9912,-0.1180,1.071
4.211122692,-0.3740,0.9946,-0.1336,1.071
4.213665231,-0.3640,0.9830,-0.1586,1.060
4.217795615,-0.3588,0.9641,-0.2052,1.049
4.219387384,-0.3586,0.9343,-0.2631,1.035
4.220124231,-0.3632,0.8979,-0.3410,1.027
4.222358692,-0.3766,0.8619,-0.4270,1.033
4.225083,-0.4059,0.8246,-0.4859,1.040
4.227103,-0.4521,0.8016,-0.4996,1.047
4.230157846,-0.5154,0.7916,-0.4722,1.056
4.233589538,-0.5831,0.7934,-0.4554,1.085
4.235236846,-0.6449,0.7843,-0.4586,1.114
4.236663692,-0.7045,0.7806,-0.4717,1.152
4.239932231,-0.7656,0.7850,-0.4871,1.200
4.242619923,-0.8231,0.7909,-0.4857,1.241
4.244878154,-0.8775,0.7974,-0.4740,1.277
4.246965846,-0.9323,0.8083,-0.4756,1.322
4.250083615,-0.9779,0.8297,-0.4873,1.372
4.251583077,-1.0170,0.8640,-0.4808,1.418
4.253840231,-1.0456,0.9180,-0.4386,1.459
4.258239077,-1.0260,0.9805,-0.3466,1.461
4.259294692,-0.9796,1.0454,-0.2320,1.451
4.261066769,-0.9176,1.1041,-0.1034,1.439
4.263511384,-0.8228,1.1395,0.0021,1.405
4.267240846,-0.7331,1.2026,0.1429,1.416
4.268273461,-0.6375,1.2553,0.2660,1.433
4.270861846,-0.5252,1.2984,0.3850,1.453
4.274867307,-0.4189,1.3376,0.4790,1.481
4.276014077,-0.3209,1.3709,0.5524,1.512
4.278128307,-0.2224,1.3890,0.5858,1.524
4.280420538,-0.1257,1.3870,0.5765,1.507
4.283221538,-0.0393,1.3753,0.5638,1.487
4.285386077,0.0366,1.3452,0.5457,1.452
4.287631307,0.0955,1.3044,0.4988,1.400
4.291070692,0.1551,1.2521,0.4245,1.331
4.292238461,0.2122,1.1879,0.3317,1.251
4.294762384,0.2672,1.1258,0.2315,1.180
4.297310384,0.3142,1.0535,0.1255,1.106
4.307398769,0.3494,0.9934,0.0293,1.053
4.308116615,0.3797,0.9455,-0.0642,1.021
4.309109769,0.4141,0.9077,-0.1358,1.007
4.309416615,0.4402,0.8784,-0.1930,1.001
4.309720538,0.4412,0.8598,-0.2355,0.995
4.311664,0.4321,0.8510,-0.2853,0.996
4.313992231,0.4073,0.8544,-0.3142,0.997
4.316324231,0.3631,0.8728,-0.3518,1.009
4.318599692,0.3181,0.8950,-0.3713,1.020
4.321565769,0.2700,0.9176,-0.3633,1.023
4.323837154,0.2206,0.9333,-0.3633,1.025
4.326269538,0.1686,0.9516,-0.3459,1.026
4.328437461,0.1094,0.9641,-0.3347,1.026
4.331696538,0.0205,0.9793,-0.3442,1.038
4.333288615,-0.0754,0.9951,-0.3713,1.065
4.335564538,-0.1441,1.0061,-0.3882,1.088
4.338740538,-0.2091,1.0208,-0.4046,1.118
4.341599077,-0.2797,1.0359,-0.4144,1.150
4.343236615,-0.3517,1.0580,-0.4136,1.189
4.345683923,-0.4229,1.0785,-0.3955,1.224
4.348750769,-0.4905,1.1065,-0.3447,1.258
4.350093846,-0.5515,1.1288,-0.2634,1.284
4.352605846,-0.5970,1.1503,-0.1659,1.307
4.355154077,-0.6330,1.1681,-0.0657,1.330
4.358170461,-0.6596,1.1808,0.0192,1.353
4.359820231,-0.6679,1.1798,0.0889,1.359
4.362691384,-0.6589,1.1610,0.1460,1.343
4.365110692,-0.6319,1.1293,0.1760,1.306
4.376119923,-0.5946,1.0860,0.1839,1.252
4.377371077,-0.5467,1.0354,0.1676,1.183
4.377958384,-0.5028,0.9821,0.1306,1.111
4.378375615,-0.4604,0.9345,0.0889,1.046
4.378770692,-0.4243,0.8989,0.0456,0.995
4.380286077,-0.3940,0.8815,0.0099,0.966
4.381520231,-0.3722,0.8820,-0.0198,0.958
4.383984,-0.3544,0.8959,-0.0473,0.965
4.386478692,-0.3442,0.9118,-0.0652,0.977
4.388954077,-0.3344,0.9336,-0.0771,0.995
4.391597846,-0.3295,0.9621,-0.0848,1.021
4.393775307,-0.3234,0.9914,-0.0864,1.046
4.395896307,-0.3176,1.0168,-0.0869,1.069
4.402252307,-0.3083,1.0418,-0.0938,1.091
4.403318461,-0.2967,1.0606,-0.1058,1.106
4.403868615,-0.2806,1.0708,-0.1223,1.114
4.410466077,-0.2603,1.0787,-0.1390,1.118
4.411429231,-0.2347,1.0778,-0.1551,1.114
4.411681769,-0.2091,1.0750,-0.1637,1.107
4.413551,-0.1832,1.0631,-0.1707,1.092
4.416171307,-0.1511,1.0499,-0.1735,1.075
4.417668923,-0.1194,1.0340,-0.1752,1.055
4.420129846,-0.0935,1.0115,-0.1691,1.030
4.422793846,-0.0681,0.9910,-0.1614,1.006
4.425044538,-0.0498,0.9678,-0.1570,0.982
4.427405231,-0.0346,0.9462,-0.1622,0.961
4.430623,-0.0256,0.9233,-0.1644,0.938
4.432158769,-0.0241,0.9057,-0.1705,0.922
4.434559077,-0.0272,0.8962,-0.1756,0.914
4.436971384,-0.0400,0.8884,-0.1823,0.908
4.439622769,-0.0527,0.8873,-0.1910,0.909
4.442721538,-0.0761,0.8898,-0.1954,0.914
4.444143692,-0.0966,0.8971,-0.1969,0.924
4.450995,-0.1201,0.9040,-0.1920,0.932
4.451644615,-0.1418,0.9182,-0.1877,0.948
4.451892538,-0.1592,0.9306,-0.1847,0.962
4.453914769,-0.1758,0.9392,-0.1830,0.973
4.456726154,-0.1851,0.9462,-0.1868,0.982
4.458648231,-0.1946,0.9548,-0.1881,0.992
4.461388615,-0.1930,0.9599,-0.1898,0.997
4.463895308,-0.1890,0.9685,-0.1847,1.004
4.46586,-0.1826,0.9709,-0.1768,1.004
4.468238461,-0.1709,0.9721,-0.1771,1.003
4.471181154,-0.1553,0.9760,-0.1756,1.004
4.473791308,-0.1378,0.9814,-0.1683,1.005
4.477016846,-0.1206,0.9881,-0.1539,1.007
4.477781538,-0.1015,0.9949,-0.1409,1.010
4.480488,-0.0768,1.0039,-0.1255,1.015
4.482638154,-0.0522,1.0122,-0.1078,1.019
4.485194077,-0.0227,1.0217,-0.0897,1.026
4.488188615,0.0070,1.0328,-0.0733,1.035
4.490692231,0.0305,1.0373,-0.0582,1.039
4.493371384,0.0569,1.0413,-0.0538,1.044
4.495098384,0.0796,1.0440,-0.0566,1.049
4.497925538,0.1013,1.0408,-0.0610,1.048
4.499767692,0.1232,1.0418,-0.0701,1.051
4.502709461,0.1425,1.0413,-0.0745,1.054
4.507853769,0.1542,1.0479,-0.0657,1.061
4.508470692,0.1622,1.0589,-0.0561,1.073
4.509111384,0.1588,1.0720,-0.0508,1.085
4.511971692,0.1451,1.0806,-0.0603,1.092
4.515644,0.1223,1.0841,-0.0874,1.094
4.516440923,0.0943,1.0829,-0.1265,1.094
4.519072846,0.0579,1.0725,-0.1735,1.088
4.522171308,0.0195,1.0515,-0.2133,1.073
4.523560308,-0.0160,1.0335,-0.2411,1.061
4.526146461,-0.0610,1.0166,-0.2558,1.050
4.528650077,-0.1054,1.0012,-0.2541,1.038
4.530815692,-0.1494,0.9888,-0.2423,1.029
4.533659692,-0.1970,0.9739,-0.2213,1.018
4.536294692,-0.2396,0.9632,-0.2003,1.013
4.538375384,-0.2794,0.9490,-0.1824,1.006
4.540495923,-0.3168,0.9375,-0.1725,1.004
4.543271384,-0.3470,0.9243,-0.1683,1.002
4.546041846,-0.3761,0.9150,-0.1683,1.003
4.547681154,-0.4033,0.9128,-0.1735,1.013
4.550467923,-0.4250,0.9133,-0.1791,1.023
4.552949461,-0.4421,0.9164,-0.1817,1.034
4.5556,-0.4516,0.9243,-0.1815,1.045
4.557551615,-0.4558,0.9341,-0.1771,1.054
4.560026461,-0.4536,0.9473,-0.1719,1.064
4.562776846,-0.4427,0.9614,-0.1686,1.072
4.564654692,-0.4169,0.9683,-0.1691,1.068
4.567427,-0.3891,0.9790,-0.1280,1.061
4.569842077,-0.3735,0.9951,-0.1444,1.073
4.572134461,-0.3554,1.0088,-0.1928,1.087
4.574786461,-0.3324,1.0184,-0.1935,1.089
4.576787923,-0.3168,1.0252,-0.1642,1.086
4.579671308,-0.2978,1.0266,-0.1768,1.083
4.581539923,-0.2813,1.0261,-0.2128,1.085
4.584271923,-0.2660,1.0271,-0.2033,1.080
4.586348923,-0.2540,1.0212,-0.2040,1.072
4.590222461,-0.2475,1.0166,-0.2292,1.071
4.591107692,-0.2384,1.0081,-0.2429,1.064
4.594279692,-0.2394,0.9958,-0.2367,1.051
4.600789538,-0.2396,0.9902,-0.2394,1.047
4.601525154,-0.2442,0.9844,-0.2494,1.044
4.601766769,-0.2487,0.9778,-0.2445,1.038
4.606075,-0.2547,0.9714,-0.2431,1.033
4.606681846,-0.2611,0.9626,-0.2567,1.030
4.608184231,-0.2674,0.9555,-0.2614,1.026
4.611374769,-0.2718,0.9521,-0.2546,1.022
4.616584308,-0.2772,0.9485,-0.2490,1.019
4.617404615,-0.2850,0.9431,-0.2443,1.015
4.617955308,-0.2885,0.9397,-0.2416,1.012
4.620897154,-0.2936,0.9402,-0.2287,1.011
4.622540615,-0.2960,0.9448,-0.2189,1.014
4.625171308,-0.2992,0.9509,-0.2079,1.018
4.628288231,-0.3009,0.9548,-0.1954,1.020
4.629786461,-0.3041,0.9611,-0.1847,1.025
4.632217769,-0.3021,0.9665,-0.1798,1.028
4.635113461,-0.2985,0.9683,-0.1776,1.029
4.637594154,-0.2934,0.9746,-0.1747,1.033
4.640037154,-0.2911,0.9790,-0.1737,1.036
4.641996846,-0.2848,0.9797,-0.1719,1.035
4.645329846,-0.2809,0.9768,-0.1700,1.031
4.646735615,-0.2733,0.9744,-0.1730,1.027
4.649133769,-0.2664,0.9734,-0.1754,1.024
4.651891923,-0.2599,0.9700,-0.1828,1.021
4.654489846,-0.2555,0.9636,-0.1847,1.014
4.656451923,-0.2484,0.9651,-0.1859,1.014
4.659060231,-0.2445,0.9626,-0.1928,1.012
4.662165231,-0.2420,0.9597,-0.1991,1.010
4.663578769,-0.2377,0.9621,-0.1991,1.011
4.665939308,-0.2305,0.9611,-0.2020,1.009
4.668687308,-0.2215,0.9553,-0.2028,1.001
4.671065231,-0.2152,0.9555,-0.2059,1.001
4.673328615,-0.2112,0.9546,-0.2082,1.000
4.675981538,-0.2047,0.9531,-0.2164,0.999
4.678320231,-0.2007,0.9516,-0.2226,0.998
4.680681769,-0.1893,0.9536,-0.2250,0.998
4.683503308,-0.1865,0.9499,-0.2287,0.995
4.685596308,-0.1809,0.9502,-0.2276,0.994
4.688215308,-0.1768,0.9502,-0.2284,0.993
4.690212538,-0.1741,0.9529,-0.2260,0.995
4.693998077,-0.1712,0.9527,-0.2231,0.993
4.701173538,-0.1692,0.9523,-0.2201,0.992
4.701724615,-0.1725,0.9534,-0.2126,0.992
4.701968,-0.1683,0.9576,-0.2013,0.993
4.702202384,-0.1614,0.9590,-0.1837,0.990
4.707316231,-0.1567,0.9590,-0.1676,0.986
4.708014692,-0.1529,0.9588,-0.1532,0.983
4.709505769,-0.1470,0.9634,-0.1474,0.986
4.713695692,-0.1374,0.9697,-0.1441,0.990
4.714342461,-0.1264,0.9844,-0.1292,1.001
4.716769769,-0.1167,1.0027,-0.1041,1.015
4.720050154,-0.1050,1.0217,-0.0894,1.031
4.721518461,-0.0977,1.0428,-0.0938,1.052
4.724011923,-0.0861,1.0479,-0.1190,1.058
4.726456308,-0.0759,1.0445,-0.1595,1.059
4.729167384,-0.0635,1.0394,-0.2028,1.061
4.73136,-0.0527,1.0296,-0.2360,1.058
4.733753538,-0.0490,1.0174,-0.2541,1.050
4.736210692,-0.0468,1.0032,-0.2490,1.035
4.738256231,-0.0490,0.9958,-0.2341,1.024
4.741378384,-0.0595,0.9812,-0.2101,1.005
4.744813154,-0.0715,0.9616,-0.1954,0.984
4.745733769,-0.0893,0.9367,-0.1866,0.959
4.747998384,-0.1106,0.9103,-0.1877,0.936
4.753459615,-0.1331,0.8824,-0.1979,0.914
4.754403923,-0.1575,0.8615,-0.2126,0.901
4.755552,-0.1802,0.8444,-0.2255,0.892
4.757986154,-0.2047,0.8341,-0.2323,0.890
4.761217461,-0.2247,0.8365,-0.2331,0.897
4.762563615,-0.2413,0.8417,-0.2269,0.905
4.765217846,-0.2545,0.8539,-0.2187,0.917
4.767314692,-0.2625,0.8710,-0.2059,0.933
4.770270769,-0.2625,0.8908,-0.1964,0.949
4.772690769,-0.2543,0.9106,-0.1873,0.964
4.774711308,-0.2452,0.9294,-0.1852,0.979
4.777794077,-0.2310,0.9446,-0.1856,0.990
4.779594461,-0.2122,0.9548,-0.1864,0.996
4.781939308,-0.1914,0.9602,-0.1930,0.998
4.784381154,-0.1729,0.9632,-0.2010,0.999
4.787075308,-0.1585,0.9663,-0.2079,1.001
4.788973461,-0.1455,0.9697,-0.2152,1.004
4.791669769,-0.1380,0.9719,-0.2201,1.006
4.794205154,-0.1320,0.9714,-0.2184,1.004
4.796124,-0.1343,0.9704,-0.2167,1.003
4.799034384,-0.1387,0.9688,-0.2133,1.002
4.801246692,-0.1429,0.9641,-0.2074,0.996
4.807339615,-0.1467,0.9588,-0.2020,0.991
4.807936308,-0.1502,0.9565,-0.1961,0.988
4.808574461,-0.1534,0.9546,-0.1881,0.985
4.813206692,-0.1555,0.9546,-0.1810,0.984
4.813777769,-0.1575,0.9567,-0.1722,0.985
4.815586692,-0.1560,0.9644,-0.1717,0.992
4.819204846,-0.1546,0.9727,-0.1707,1.000
4.820154077,-0.1482,0.9800,-0.1719,1.006
4.822892615,-0.1341,0.9956,-0.1784,1.020
4.825406384,-0.1189,1.0047,-0.1844,1.028
4.827813538,-0.0998,1.0161,-0.1866,1.038
4.829992923,-0.0833,1.0269,-0.1835,1.047
4.832543923,-0.0623,1.0394,-0.1788,1.056
4.835977538,-0.0430,1.0457,-0.1815,1.062
4.837411692,-0.0173,1.0571,-0.1898,1.074
4.839635384,0.0032,1.0633,-0.2062,1.083
4.842284308,0.0191,1.0620,-0.2194,1.085
4.844695077,0.0296,1.0526,-0.2187,1.075
4.846950154,0.0371,1.0335,-0.2103,1.055
4.850137538,0.0328,0.9983,-0.2047,1.020
4.851930461,0.0173,0.9518,-0.2143,0.976
4.854064846,-0.0109,0.8915,-0.2338,0.922
4.856586154,-0.0595,0.8316,-0.2536,0.871
4.859781769,-0.1211,0.7718,-0.2672,0.826
4.861321846,-0.2007,0.7188,-0.2680,0.793
4.863712923,-0.2911,0.6760,-0.2663,0.783
4.866183615,-0.3854,0.6433,-0.2578,0.793
4.8686,-0.4793,0.6231,-0.2497,0.825
4.871020308,-0.5672,0.6091,-0.2413,0.867
4.873425538,-0.6407,0.6086,-0.2308,0.913
4.876392615,-0.6999,0.6147,-0.2143,0.956
4.878852308,-0.7367,0.6352,-0.1989,0.993
4.880931692,-0.7581,0.6616,-0.1868,1.023
4.882976308,-0.7572,0.6907,-0.1759,1.040
4.886263308,-0.7348,0.7237,-0.1744,1.046
4.888043077,-0.6977,0.7618,-0.1747,1.048
4.891345461,-0.6410,0.7926,-0.1830,1.036
4.894936231,-0.5853,0.8260,-0.1749,1.027
4.896110461,-0.5362,0.8583,-0.1928,1.030
4.898782154,-0.4947,0.8871,-0.1913,1.034
4.901791923,-0.4580,0.9182,-0.1949,1.044
4.902387,-0.4280,0.9499,-0.1966,1.060
4.904637846,-0.4069,0.9802,-0.1937,1.079
4.907031615,-0.3928,1.0086,-0.1898,1.099
4.909440538,-0.3784,1.0379,-0.1889,1.121
4.911914077,-0.3673,1.0662,-0.1964,1.145
4.914323384,-0.3495,1.0902,-0.2038,1.163
4.918000308,-0.3249,1.1126,-0.2152,1.179
4.919375692,-0.2995,1.1410,-0.2294,1.202
4.921761538,-0.2704,1.1649,-0.2688,1.226
4.923883,-0.2181,1.1822,-0.2893,1.237
4.926456538,-0.1660,1.2096,-0.3014,1.258
4.928920615,-0.0942,1.2331,-0.3117,1.275
4.931791308,-0.0292,1.2527,-0.3110,1.291
4.934190769,0.0381,1.2621,-0.2983,1.297
4.936203308,0.1050,1.2624,-0.2846,1.298
4.938883615,0.1710,1.2399,-0.2739,1.281
4.941252538,0.2294,1.1964,-0.2697,1.248
4.943860538,0.2770,1.1334,-0.2804,1.200
4.946294077,0.3073,1.0567,-0.3142,1.144
4.949436308,0.3093,0.9729,-0.3518,1.080
4.952408538,0.2832,0.8857,-0.3664,0.999
4.953857231,0.2292,0.8060,-0.3631,0.913
4.956113538,0.1432,0.7210,-0.3476,0.813
4.959483077,0.0337,0.6215,-0.3340,0.706
4.960581154,-0.0905,0.5087,-0.3342,0.615
4.962813769,-0.2394,0.3811,-0.3662,0.580
4.965514077,-0.4194,0.2595,-0.4275,0.653
4.967562077,-0.6068,0.1249,-0.4942,0.793
4.970818384,-0.8198,0.0044,-0.5518,0.988
4.972972,-1.0380,-0.0912,-0.5805,1.193
4.975656308,-1.2051,-0.1406,-0.5565,1.335
4.977211077,-1.3901,-0.1626,-0.4835,1.481
4.979490154,-1.5506,-0.1597,-0.3787,1.604
4.982110461,-1.6700,-0.1220,-0.2411,1.692
4.984748923,-1.7434,-0.0511,-0.0869,1.746
4.987081538,-1.7519,0.0350,0.0542,1.753
4.989739923,-1.6928,0.1349,0.1639,1.706
4.992248846,-1.5813,0.2444,0.2273,1.616
4.993956923,-1.4333,0.3643,0.2552,1.501
4.996602154,-1.2701,0.4906,0.2361,1.382
4.999247,-1.1187,0.6389,0.1905,1.302
5.006087,-0.9931,0.7980,0.1008,1.278
5.006676,-0.9002,0.9678,0.0036,1.322
5.007310384,-0.8306,1.1361,-0.1123,1.412
5.012627,-0.7761,1.3008,-0.2131,1.530
5.013123923,-0.7216,1.4279,-0.2863,1.625
5.013556615,-0.6669,1.5353,-0.3296,1.706
5.016693461,-0.5972,1.5968,-0.3469,1.740
5.020267615,-0.5133,1.6162,-0.3345,1.728
5.021240231,-0.4136,1.5989,-0.2961,1.678
5.022929461,-0.3041,1.5563,-0.2534,1.606
5.026196846,-0.1944,1.5075,-0.2301,1.537
5.028169231,-0.0847,1.4640,-0.2208,1.483
5.030446384,0.0183,1.4366,-0.2220,1.454
5.032647308,0.0980,1.4383,-0.2287,1.460
5.035001231,0.1586,1.4691,-0.2397,1.497
5.037406461,0.2003,1.5278,-0.2467,1.560
5.040329461,0.2236,1.6147,-0.2604,1.651
5.042549769,0.2294,1.7168,-0.2678,1.753
5.044689154,0.2255,1.8185,-0.2411,1.848
5.047440231,0.2204,1.9218,-0.1852,1.943
5.049988308,0.2152,2.0091,-0.1376,2.025
5.051768231,0.2184,2.0659,-0.1263,2.081
5.054631077,0.2387,2.0862,-0.1481,2.105
5.058167692,0.2621,2.0755,-0.1864,2.100
5.059035615,0.2834,2.0479,-0.2233,2.079
5.061795,0.3166,2.0056,-0.2416,2.045
5.064562692,0.3557,1.9453,-0.2224,1.990
5.067073231,0.3867,1.8602,-0.2045,1.911
5.068796615,0.4144,1.7359,-0.2094,1.797
5.071689769,0.4321,1.5839,-0.2374,1.659
5.074619077,0.4239,1.3970,-0.2744,1.485
5.075947077,0.3836,1.1906,-0.3091,1.288
5.078609154,0.3091,0.9902,-0.3422,1.092
5.081465769,0.2122,0.7980,-0.3892,0.913
5.083922769,0.0969,0.6336,-0.4488,0.782
5.086065461,-0.0414,0.5085,-0.5084,0.720
5.088800615,-0.2032,0.4410,-0.5229,0.714
5.091519077,-0.3664,0.4039,-0.4837,0.729
5.093018077,-0.5147,0.3985,-0.4070,0.768
5.095239384,-0.6484,0.4384,-0.3349,0.851
5.097972308,-0.7668,0.4999,-0.2765,0.956
5.100768846,-0.8621,0.5908,-0.2306,1.070
5.103086692,-0.9315,0.7007,-0.1784,1.179
5.105514692,-0.9918,0.8334,-0.1009,1.299
5.110276308,-1.0167,0.9623,-0.0354,1.400
5.111092308,-1.0195,1.0843,-0.0056,1.488
5.112549154,-0.9997,1.1915,-0.0132,1.555
5.114862154,-0.9537,1.2773,-0.0479,1.595
5.118470077,-0.8993,1.3455,-0.0808,1.620
5.119656923,-0.8431,1.3944,-0.1114,1.633
5.121854384,-0.7837,1.4254,-0.1385,1.633
5.125057154,-0.7299,1.4466,-0.1456,1.627
5.126594461,-0.6796,1.4505,-0.1575,1.610
5.129278077,-0.6339,1.4424,-0.1659,1.584
5.132726077,-0.6004,1.4195,-0.1781,1.551
5.133944846,-0.5757,1.3944,-0.2001,1.522
5.136659615,-0.5613,1.3536,-0.2169,1.481
5.138789461,-0.5557,1.3073,-0.2262,1.438
5.141331,-0.5538,1.2572,-0.2260,1.392
5.143436538,-0.5662,1.2013,-0.2287,1.348
5.146343077,-0.5780,1.1459,-0.2274,1.303
5.148632923,-0.5970,1.0914,-0.2208,1.264
5.150721154,-0.6254,1.0379,-0.2147,1.231
5.153346461,-0.6661,0.9912,-0.2120,1.213
5.157290077,-0.6901,0.9385,-0.2138,1.184
5.158346692,-0.7099,0.8852,-0.2162,1.155
5.160308846,-0.7270,0.8221,-0.2338,1.122
5.163911692,-0.7416,0.7589,-0.2636,1.093
5.166490384,-0.7644,0.6986,-0.2958,1.077
5.167742461,-0.7814,0.6426,-0.3286,1.064
5.170348231,-0.8061,0.6005,-0.3608,1.068
5.174024231,-0.8240,0.5519,-0.3867,1.064
5.175077154,-0.8296,0.4994,-0.3906,1.044
5.177384615,-0.8423,0.4606,-0.3813,1.033
5.180664846,-0.8599,0.4347,-0.3557,1.027
5.183697231,-0.8772,0.4100,-0.3393,1.026
5.184818461,-0.8804,0.3714,-0.3219,1.008
5.187124308,-0.8873,0.3362,-0.3122,0.999
5.190431615,-0.8965,0.3017,-0.3144,0.997
5.191739923,-0.9112,0.2698,-0.3132,1.001
5.194271923,-0.9332,0.2392,-0.3149,1.013
5.196692846,-0.9603,0.2143,-0.3296,1.038
5.199030154,-0.9952,0.2006,-0.3352,1.069
5.201842769,-1.0441,0.1989,-0.3095,1.107
5.204271308,-1.0924,0.2025,-0.2665,1.143
5.211453154,-1.1408,0.2011,-0.2106,1.177
5.211995308,-1.1968,0.1918,-0.1474,1.221
5.212219384,-1.2582,0.1605,-0.0715,1.270
5.213999384,-1.3268,0.1004,0.0070,1.331
5.216478384,-1.3959,0.0130,0.0776,1.398
5.218085154,-1.4909,-0.0942,0.1031,1.497
5.220596923,-1.5860,-0.1823,0.0877,1.599
5.223187692,-1.6761,-0.2530,0.0002,1.695
5.225601846,-1.7595,-0.3018,-0.1288,1.790
5.228052923,-1.8145,-0.3062,-0.2260,1.854
5.231538384,-1.8137,-0.2657,-0.2758,1.854
5.232783692,-1.7570,-0.1834,-0.3117,1.794
5.235117538,-1.6575,-0.0492,-0.3100,1.687
5.237857538,-1.4746,0.0785,-0.2369,1.496
5.240507308,-1.2396,0.1657,-0.0938,1.254
5.242745154,-0.9960,0.2162,0.0910,1.023
5.244951077,-0.7668,0.2372,0.2782,0.850
5.248093846,-0.5455,0.2426,0.4248,0.733
5.249639077,-0.3344,0.2336,0.5110,0.654
5.252209231,-0.1341,0.1987,0.5496,0.600
5.254617154,0.0606,0.1540,0.5839,0.607
5.257022154,0.2460,0.1027,0.6227,0.677
5.259372615,0.3848,0.0589,0.6442,0.753
5.262260538,0.4830,0.0259,0.6298,0.794
5.264502077,0.5511,0.0005,0.5564,0.783
5.266459384,0.5832,-0.0124,0.4287,0.724
5.269328538,0.5979,-0.0155,0.2927,0.666
5.271863077,0.5726,-0.0084,0.1570,0.594
5.274539308,0.5392,0.0128,0.0463,0.541
5.276144,0.4847,0.0277,-0.0127,0.486
5.27944,0.4053,0.0538,-0.0999,0.421
5.281124615,0.2925,0.0780,-0.1908,0.358
5.283345846,0.1707,0.1317,-0.2421,0.324
5.286116308,0.0657,0.1738,-0.2946,0.348
5.289797846,-0.0344,0.2162,-0.3379,0.403
5.291077461,-0.1267,0.2607,-0.3816,0.479
5.293412846,-0.2017,0.2956,-0.4146,0.548
5.297776231,-0.2615,0.3247,-0.4344,0.602
5.298566154,-0.3007,0.3452,-0.4337,0.631
5.300513461,-0.3244,0.3650,-0.4216,0.645
5.302762384,-0.3417,0.3883,-0.3946,0.651
5.310844615,-0.3600,0.4132,-0.3518,0.651
5.311552308,-0.3805,0.4410,-0.3005,0.655
5.311811308,-0.4040,0.4689,-0.2431,0.665
5.312450461,-0.4197,0.4973,-0.1683,0.672
5.318893154,-0.4404,0.5258,-0.0943,0.692
5.319680231,-0.4592,0.5497,-0.0300,0.717
5.320147384,-0.4695,0.5730,0.0197,0.741
5.325528308,-0.4394,0.6115,0.1890,0.776
5.326051923,-0.4055,0.6457,0.2677,0.808
5.327084231,-0.3859,0.6707,0.2769,0.822
5.330304923,-0.3691,0.6907,0.2797,0.832
5.331495077,-0.3574,0.7021,0.2792,0.836
5.334197538,-0.3324,0.7147,0.2741,0.835
5.336543308,-0.2867,0.7188,0.2685,0.819
5.339443308,-0.2662,0.7261,0.2562,0.815
5.341447923,-0.2867,0.7403,0.2220,0.824
5.343761461,-0.3009,0.7345,0.1785,0.814
5.347116615,-0.3188,0.7361,0.1558,0.817
5.348533461,-0.3334,0.7428,0.1518,0.828
5.351105538,-0.3615,0.7398,0.1390,0.835
5.353559384,-0.3913,0.7212,0.1204,0.829
5.355812231,-0.4411,0.7224,0.1045,0.853
5.359095308,-0.4917,0.7210,0.1003,0.878
5.361071,-0.5533,0.7195,0.0930,0.912
5.363733769,-0.6170,0.7171,0.0903,0.950
5.365474692,-0.6637,0.7176,0.0854,0.981
5.367964,-0.6945,0.6963,0.0776,0.987
5.370439384,-0.7358,0.6949,0.0628,1.014
5.372769538,-0.7560,0.6783,0.0473,1.017
5.375976,-0.7717,0.6609,0.0260,1.016
5.378550154,-0.7922,0.6487,0.0109,1.024
5.387506384,-0.8081,0.6409,0.0067,1.031
5.388576846,-0.8171,0.6306,0.0034,1.032
5.389118384,-0.8145,0.6223,0.0023,1.025
5.389521154,-0.8182,0.6218,0.0139,1.028
5.389943077,-0.8101,0.6208,0.0178,1.021
5.391919,-0.7907,0.6213,0.0216,1.006
5.394635308,-0.7721,0.6267,0.0270,0.995
5.396677231,-0.7470,0.6289,0.0288,0.977
5.398970461,-0.7197,0.6336,0.0332,0.959
5.401727077,-0.7038,0.6482,0.0324,0.957
5.406813769,-0.6957,0.6690,0.0221,0.965
5.407214384,-0.6684,0.6788,0.0083,0.953
5.408559615,-0.6598,0.7044,-0.0061,0.965
5.411419,-0.6508,0.7320,-0.0110,0.980
5.413619923,-0.6395,0.7589,-0.0176,0.993
5.415976846,-0.6237,0.7769,-0.0198,0.996
5.418365154,-0.6146,0.8011,-0.0412,1.011
5.420815308,-0.5988,0.8234,-0.0801,1.021
5.423008,-0.5907,0.8519,-0.1143,1.043
5.425832846,-0.6428,0.9184,-0.1425,1.130
5.428098769,-0.6412,0.9478,-0.1815,1.159
5.430519384,-0.6476,0.9770,-0.2292,1.194
5.432674077,-0.6975,1.0322,-0.2653,1.274
5.435186461,-0.6633,1.0418,-0.2988,1.271
5.438046461,-0.6463,1.0685,-0.3215,1.289
5.440205461,-0.6673,1.0918,-0.3391,1.324
5.442453769,-0.7133,1.1407,-0.3887,1.400
5.445289769,-0.7419,1.1603,-0.4419,1.446
5.447255,-0.7524,1.1630,-0.4603,1.460
5.449606692,-0.7537,1.1522,-0.4563,1.450
5.452055615,-0.7411,1.1383,-0.4826,1.441
5.454744615,-0.7018,1.1029,-0.5084,1.403
5.456739077,-0.7004,1.1004,-0.5184,1.404
5.459619,-0.6214,1.0543,-0.5329,1.335
5.462184231,-0.5387,1.0005,-0.5418,1.259
5.464144308,-0.6104,1.0431,-0.5616,1.333
5.466621231,-0.5557,1.0037,-0.5619,1.277
5.468910384,-0.4870,0.9551,-0.5274,1.195
5.471583308,-0.4560,0.9329,-0.5184,1.161
5.473697769,-0.4575,0.9434,-0.5020,1.162
5.476232538,-0.4216,0.9243,-0.4830,1.125
5.478808846,-0.3566,0.8852,-0.4539,1.057
5.481060308,-0.3640,0.8922,-0.4209,1.052
5.483682384,-0.3757,0.9131,-0.4297,1.077
5.485913154,-0.2936,0.8679,-0.3797,0.992
5.488304308,-0.3954,0.9397,-0.3550,1.080
5.490984615,-0.3884,0.9375,-0.3452,1.072
5.493414154,-0.4331,0.9719,-0.2863,1.102
5.498883384,-0.4668,0.9893,-0.2514,1.122
5.499380308,-0.4807,0.9954,-0.2126,1.126
5.500666769,-0.4966,1.0024,-0.1803,1.133
5.504402769,-0.5213,1.0144,-0.1539,1.151
5.505443615,-0.5403,1.0291,-0.1226,1.169
5.507667077,-0.5574,1.0431,-0.1043,1.187
5.510189769,-0.5704,1.0606,-0.0776,1.207
5.512411692,-0.5804,1.0760,-0.0561,1.224
5.514712923,-0.5936,1.0918,-0.0466,1.244
5.517339,-0.6002,1.0987,-0.0352,1.252
5.519764231,-0.6060,1.1092,-0.0219,1.264
5.522632923,-0.6075,1.1119,-0.0207,1.267
5.524604615,-0.6016,1.1090,-0.0210,1.262
5.527107615,-0.5907,1.1055,-0.0163,1.254
5.530160308,-0.5746,1.0960,-0.0149,1.238
5.532153846,-0.5587,1.0821,-0.0132,1.218
5.534602077,-0.5342,1.0697,-0.0058,1.196
5.536956846,-0.5100,1.0543,-0.0044,1.171
5.539198461,-0.4856,1.0418,0.0004,1.149
5.542140846,-0.4548,1.0254,0.0036,1.122
5.545180923,-0.4241,1.0079,0.0085,1.093
5.546142461,-0.3920,0.9902,0.0151,1.065
5.548653154,-0.3647,0.9788,0.0165,1.045
5.551133461,-0.3405,0.9597,0.0190,1.018
5.553552,-0.3168,0.9485,0.0163,1.000
5.556020846,-0.2909,0.9375,0.0043,0.982
5.558307308,-0.2638,0.9208,-0.0114,0.958
5.560965769,-0.2349,0.9096,-0.0300,0.940
5.563095384,-0.2098,0.8957,-0.0349,0.921
5.565764923,-0.1966,0.8805,-0.0457,0.903
5.568079077,-0.1878,0.8686,-0.0540,0.890
5.570714384,-0.1841,0.8603,-0.0610,0.882
5.573031923,-0.1736,0.8517,-0.0657,0.872
5.575750461,-0.1702,0.8432,-0.0733,0.863
5.577941154,-0.1663,0.8365,-0.0831,0.857
5.579947384,-0.1634,0.8293,-0.0872,0.850
5.582703692,-0.1595,0.8263,-0.0877,0.846
5.586670154,-0.1565,0.8276,-0.0908,0.847
5.587502461,-0.1499,0.8229,-0.0880,0.841
5.589756538,-0.1333,0.8204,-0.0833,0.835
5.592431077,-0.1211,0.8241,-0.0889,0.838
5.594813846,-0.1123,0.8178,-0.0972,0.831
5.597715384,-0.0994,0.8155,-0.0953,0.827
5.599817769,-0.0877,0.8099,-0.0943,0.820
5.607477538,-0.0766,0.8060,-0.0953,0.815
5.608215615,-0.0681,0.8043,-0.0877,0.812
5.608697538,-0.0663,0.8023,-0.0750,0.809
5.609177769,-0.0647,0.8009,-0.0694,0.807
5.613369846,-0.0593,0.7987,-0.0679,0.804
5.613901154,-0.0579,0.7960,-0.0645,0.801
5.616952308,-0.0556,0.7916,-0.0662,0.796
5.619809769,-0.0514,0.7929,-0.0657,0.797
5.621534769,-0.0551,0.7967,-0.0728,0.802
5.623483384,-0.0532,0.7990,-0.0801,0.805
5.625921769,-0.0532,0.7997,-0.0852,0.806
5.628616308,-0.0544,0.8009,-0.0950,0.808
5.630545231,-0.0517,0.8018,-0.1043,0.810
5.633227615,-0.0490,0.8053,-0.1136,0.815
5.635693538,-0.0498,0.8050,-0.1155,0.815
5.637901231,-0.0544,0.8070,-0.1199,0.818
5.640618769,-0.0556,0.8119,-0.1207,0.823
5.642852538,-0.0512,0.8146,-0.1216,0.825
5.645098384,-0.0481,0.8180,-0.1236,0.829
5.647454769,-0.0481,0.8221,-0.1314,0.834
5.649998077,-0.0493,0.8268,-0.1568,0.843
5.652931923,-0.0530,0.8316,-0.1530,0.847
5.654720308,-0.0488,0.8351,-0.1546,0.851
5.657808846,-0.0483,0.8407,-0.1488,0.855
5.660945461,-0.0493,0.8449,-0.1385,0.858
5.662087692,-0.0510,0.8481,-0.1280,0.859
5.664374769,-0.0537,0.8512,-0.1172,0.861
5.667042384,-0.0563,0.8576,-0.1121,0.867
5.669704538,-0.0544,0.8603,-0.1118,0.869
5.671792,-0.0522,0.8622,-0.1143,0.871
5.674235692,-0.0442,0.8598,-0.1123,0.868
5.677188308,-0.0402,0.8622,-0.1146,0.871
5.678846384,-0.0329,0.8607,-0.1114,0.869
5.681521154,-0.0265,0.8591,-0.1060,0.866
5.684157769,-0.0160,0.8547,-0.1031,0.861
5.686090384,-0.0011,0.8495,-0.0972,0.855
5.688969538,0.0070,0.8395,-0.0950,0.845
5.691387,0.0117,0.8300,-0.0880,0.835
5.693969769,0.0117,0.8195,-0.0825,0.824
5.695871,0.0110,0.8107,-0.0774,0.814
5.698514769,0.0081,0.8046,-0.0740,0.808
5.700705846,0.0078,0.7994,-0.0715,0.803
5.707269846,0.0054,0.7943,-0.0752,0.798
5.707967077,0.0009,0.7921,-0.0789,0.796
5.708255692,-0.0023,0.7892,-0.0815,0.793
5.714403923,-0.0026,0.7877,-0.0845,0.792
5.715195077,-0.0060,0.7867,-0.0828,0.791
5.715641231,-0.0029,0.7909,-0.0792,0.795
5.721333231,-0.0018,0.7943,-0.0747,0.798
5.722145846,-0.0026,0.7990,-0.0684,0.802
5.722734692,-0.0060,0.8099,-0.0684,0.813
5.724712,-0.0158,0.8224,-0.0735,0.826
5.727468846,-0.0268,0.8327,-0.0815,0.837
5.729655615,-0.0412,0.8502,-0.0920,0.856
5.731943923,-0.0632,0.8642,-0.1058,0.873
5.734682154,-0.0793,0.8766,-0.1214,0.889
5.736746077,-0.1003,0.8910,-0.1344,0.907
5.739298692,-0.1243,0.9043,-0.1463,0.924
5.742760231,-0.1409,0.9171,-0.1539,0.941
5.743882154,-0.1587,0.9333,-0.1530,0.959
5.746439615,-0.1751,0.9639,-0.1509,0.991
5.749472923,-0.2051,1.0223,-0.1698,1.056
5.752943615,-0.2320,1.0755,-0.2052,1.119
5.754177461,-0.2660,1.0997,-0.3081,1.173
5.756329461,-0.2936,1.0885,-0.4176,1.202
5.759932923,-0.3034,1.0247,-0.4603,1.164
5.761189538,-0.2960,0.9111,-0.4845,1.074
5.763494692,-0.2720,0.7684,-0.5077,0.960
5.766636923,-0.2438,0.6550,-0.6506,0.955
5.768329769,-0.1993,0.5668,-0.9538,1.127
5.770424846,-0.1583,0.5090,-1.2279,1.339
5.773141154,-0.1238,0.5187,-1.2929,1.399
5.776176615,-0.1064,0.6231,-1.0291,1.208
5.777707,-0.0961,0.7816,-0.6342,1.011
5.780232,-0.0877,0.9565,-0.1979,0.981
5.782748308,-0.0835,1.1163,0.1905,1.136
5.785000923,-0.0871,1.2619,0.4476,1.342
5.787351385,-0.1572,1.4447,0.5580,1.557
5.789903615,-0.2946,1.6665,0.5816,1.790
5.792961538,-0.3796,1.8896,0.6026,2.019
5.794650692,-0.3058,2.0303,0.5273,2.120
5.797508,-0.1115,2.0994,0.3540,2.132
5.801339615,0.1349,2.1449,0.2701,2.166
5.802219077,0.4363,2.1493,0.3759,2.225
5.804407,0.7439,2.1940,0.6310,2.401
5.807212615,1.0105,2.2760,0.8426,2.629
5.814380923,1.1625,2.4278,0.8303,2.817
5.814957769,1.2231,2.6189,0.6556,2.964
5.815212538,1.3447,2.8441,0.3295,3.163
5.816574154,1.3538,3.1771,-0.1116,3.455
5.819389846,1.3799,3.5341,-0.4945,3.826
5.821347692,1.4409,3.9019,-0.7461,4.226
5.823810692,1.5506,4.2807,-0.9379,4.648
5.827912846,1.9354,4.4141,-0.6765,4.867
5.828505538,2.3713,4.2692,0.0155,4.884
5.830933538,2.4856,3.9939,0.4649,4.727
5.833631077,2.9718,3.9315,0.4397,4.948
5.835557154,3.3593,3.4805,1.1614,4.975
5.838636923,3.5531,2.8842,1.5567,4.834
5.840568615,3.4526,2.2919,1.5983,4.442
5.842927077,3.3591,1.7366,1.4360,4.045
5.845422077,2.9764,1.2768,1.2225,3.462
5.848440846,2.3134,1.0149,1.0573,2.739
5.850619692,1.8519,0.8341,0.8147,2.188
5.852436923,1.4139,0.6660,0.4495,1.626
5.855327385,1.0100,0.5118,0.0316,1.133
5.857611923,0.5778,0.3611,-0.3675,0.774
5.859862461,0.1521,0.2355,-0.7532,0.804
5.862400308,-0.1824,0.0645,-1.0980,1.115
5.865030385,-0.4558,-0.0839,-1.4239,1.497
5.867907077,-0.6034,-0.2473,-1.7009,1.822
5.870512923,-0.9503,-0.3861,-1.9350,2.190
5.872181769,-1.3805,-0.5065,-1.9494,2.442
5.874992,-1.5240,-0.5420,-1.9051,2.499
5.876601769,-1.9407,-0.6803,-1.6203,2.618
5.879242077,-2.5119,-0.8235,-1.7756,3.184
5.881755923,-2.8823,-0.7516,-1.5653,3.365
5.883890385,-3.2940,-0.5601,-0.8676,3.452
5.886678461,-3.6067,-0.3781,-0.4720,3.657
5.888895615,-3.6623,-0.2677,-0.2252,3.679
5.891743385,-3.5088,-0.2279,-0.0330,3.516
5.893526461,-3.2332,-0.1978,0.0011,3.239
5.896206154,-2.8845,-0.1474,-0.0571,2.889
5.898519308,-2.4606,0.0030,-0.0708,2.462
5.900942461,-2.1301,0.2216,-0.1526,2.147
5.903164923,-1.8523,0.5053,-0.0591,1.921
5.905813231,-1.6551,0.8325,0.1326,1.857
5.912941769,-1.5281,1.1437,0.2948,1.931
5.913435923,-1.4208,1.4244,0.3920,2.050
5.913687077,-1.3681,1.6399,0.3850,2.170
5.918632308,-1.3546,1.8468,0.3144,2.312
5.919079077,-1.3544,1.9937,0.2005,2.419
5.919921154,-1.3686,2.1190,0.0395,2.523
5.922751308,-1.3476,2.1749,-0.1893,2.566
5.925372615,-1.3292,2.2572,-0.3342,2.641
5.927383615,-1.2994,2.3025,-0.4617,2.684
5.929606385,-1.2237,2.2834,-0.5409,2.646
5.932972846,-1.0900,2.2140,-0.5502,2.528
5.934438385,-0.9149,2.1016,-0.5220,2.351
5.936909154,-0.7089,1.9592,-0.4705,2.136
5.939364846,-0.4781,1.7969,-0.4085,1.904
5.941746692,-0.2261,1.6275,-0.3450,1.679
5.944227308,0.0324,1.4466,-0.2981,1.477
5.946931308,0.2930,1.2529,-0.2438,1.310
5.949912923,0.5108,1.0921,-0.1381,1.214
5.951379077,0.7088,0.9365,-0.0501,1.176
5.953866461,0.8663,0.8134,0.0519,1.189
5.957965769,0.9585,0.7345,0.0889,1.211
5.958785769,0.9902,0.6778,0.0920,1.203
5.961211615,0.9888,0.6362,0.0624,1.177
5.963920538,0.9308,0.6155,-0.0068,1.116
5.966266461,0.8241,0.6171,-0.0992,1.034
5.968204538,0.6699,0.6280,-0.1930,0.938
5.970875,0.4774,0.6587,-0.2732,0.858
5.973459308,0.2837,0.6907,-0.3286,0.816
5.975550692,0.0972,0.7237,-0.3591,0.814
5.978004308,-0.0749,0.7664,-0.3785,0.858
5.983168,-0.2384,0.8046,-0.3972,0.928
5.984253538,-0.3859,0.8439,-0.4073,1.013
5.985767308,-0.5081,0.8822,-0.4016,1.094
5.987650461,-0.6151,0.9233,-0.3782,1.172
5.990825538,-0.7052,0.9597,-0.3447,1.240
5.992461538,-0.7665,0.9914,-0.3081,1.291
5.994960538,-0.8166,1.0203,-0.2788,1.336
5.997646077,-0.8428,1.0445,-0.2434,1.364
6.000084846,-0.8508,1.0562,-0.2187,1.374
6.001961231,-0.8384,1.0633,-0.2057,1.370
6.005496615,-0.8140,1.0674,-0.1966,1.357
6.009441538,-0.7884,1.0674,-0.1886,1.340
6.010375308,-0.7644,1.0606,-0.1884,1.321
6.012552538,-0.7439,1.0479,-0.1901,1.299
6.017483923,-0.7180,1.0396,-0.1871,1.277
6.017950385,-0.6874,1.0277,-0.1854,1.250
6.019249846,-0.6617,1.0161,-0.1847,1.227
6.021379692,-0.6383,1.0122,-0.1830,1.211
6.025110385,-0.6146,1.0066,-0.1805,1.193
6.026120846,-0.5909,1.0022,-0.1715,1.176
6.029105154,-0.5573,0.9993,-0.1639,1.156
6.031693154,-0.5237,0.9958,-0.1600,1.136
6.03356,-0.4834,0.9949,-0.1563,1.117
6.035941538,-0.4406,0.9930,-0.1566,1.098
6.038389846,-0.3869,0.9902,-0.1556,1.074
6.040773461,-0.3305,0.9898,-0.1439,1.053
6.043040615,-0.2726,0.9905,-0.1314,1.036
6.045715,-0.2159,0.9890,-0.1170,1.019
6.048544231,-0.1604,0.9851,-0.1078,1.004
6.050326385,-0.1074,0.9802,-0.1038,0.992
6.052620308,-0.0598,0.9768,-0.1085,0.985
6.055183923,-0.0170,0.9768,-0.1146,0.984
6.057662154,0.0114,0.9732,-0.1270,0.981
6.059836231,0.0361,0.9704,-0.1444,0.982
6.062588923,0.0498,0.9668,-0.1683,0.983
6.064928615,0.0559,0.9644,-0.1949,0.985
6.067193154,0.0591,0.9607,-0.2175,0.987
6.069855385,0.0559,0.9588,-0.2329,0.988
6.071915308,0.0494,0.9541,-0.2431,0.986
6.074308308,0.0433,0.9527,-0.2526,0.987
6.077002077,0.0293,0.9495,-0.2602,0.985
6.079433769,0.0203,0.9431,-0.2670,0.980
6.081920846,0.0107,0.9372,-0.2788,0.978
6.084284923,0.0030,0.9282,-0.2890,0.972
6.086837846,-0.0065,0.9189,-0.2953,0.965
6.090490077,-0.0178,0.9124,-0.2942,0.959
6.091418077,-0.0349,0.9023,-0.2953,0.950
6.093723385,-0.0530,0.8954,-0.2956,0.944
6.096261769,-0.0732,0.8954,-0.3070,0.949
6.098871923,-0.0971,0.8913,-0.3142,0.950
6.101118692,-0.1228,0.8884,-0.3151,0.951
6.103841538,-0.1434,0.8879,-0.3159,0.953
6.109872846,-0.1621,0.8859,-0.3093,0.952
6.110835615,-0.1858,0.8908,-0.3000,0.958
6.111474385,-0.2051,0.8933,-0.2961,0.963
6.114063077,-0.2210,0.8957,-0.2888,0.967
6.117204846,-0.2357,0.9026,-0.2841,0.975
6.117807615,-0.2454,0.9077,-0.2824,0.982
6.121369538,-0.2503,0.9150,-0.2795,0.989
6.126232923,-0.2522,0.9245,-0.2778,0.998
6.126909154,-0.2491,0.9267,-0.2748,0.998
6.127496846,-0.2396,0.9280,-0.2732,0.997
6.130010461,-0.2244,0.9306,-0.2690,0.994
6.132183,-0.1995,0.9267,-0.2646,0.984
6.134577538,-0.1734,0.9238,-0.2663,0.977
6.137364538,-0.1465,0.9187,-0.2690,0.968
6.140638077,-0.1159,0.9077,-0.2772,0.956
6.142000231,-0.0852,0.9028,-0.2856,0.951
6.144381846,-0.0588,0.8977,-0.2902,0.945
6.147680308,-0.0368,0.8933,-0.2873,0.939
6.149164615,-0.0170,0.8954,-0.2802,0.938
6.151475077,0.0021,0.9006,-0.2721,0.941
6.154081769,0.0188,0.9062,-0.2590,0.943
6.157282385,0.0293,0.9099,-0.2460,0.943
6.158809461,0.0398,0.9152,-0.2409,0.947
6.161464923,0.0486,0.9174,-0.2380,0.949
6.164353769,0.0554,0.9118,-0.2362,0.944
6.165920846,0.0542,0.9108,-0.2406,0.944
6.168519308,0.0457,0.9071,-0.2441,0.941
6.171003308,0.0410,0.9013,-0.2478,0.936
6.173871923,0.0271,0.8971,-0.2529,0.932
6.175754769,0.0068,0.8891,-0.2485,0.923
6.178473461,-0.0173,0.8908,-0.2401,0.923
6.180924615,-0.0437,0.8891,-0.2355,0.921
6.183011692,-0.0740,0.8861,-0.2299,0.918
6.185862769,-0.0989,0.8756,-0.2264,0.910
6.188656846,-0.1233,0.8644,-0.2248,0.902
6.190182461,-0.1509,0.8507,-0.2267,0.893
6.192545231,-0.1734,0.8346,-0.2292,0.883
6.195116846,-0.1993,0.8123,-0.2289,0.867
6.197632308,-0.2252,0.7931,-0.2260,0.855
6.200349231,-0.2538,0.7696,-0.2211,0.840
6.202408846,-0.2899,0.7498,-0.2169,0.833
6.209750692,-0.3285,0.7279,-0.2140,0.827
6.210566692,-0.3661,0.7073,-0.2115,0.824
6.211099923,-0.4080,0.6888,-0.2089,0.827
6.213460231,-0.4502,0.6724,-0.2059,0.835
6.216567692,-0.4902,0.6592,-0.2020,0.846
6.217240538,-0.5220,0.6538,-0.1884,0.858
6.219110077,-0.5569,0.6521,-0.1717,0.875
6.224975615,-0.5880,0.6555,-0.1502,0.893
6.225486692,-0.6085,0.6623,-0.1246,0.908
6.226413154,-0.6234,0.6732,-0.1026,0.923
6.229730692,-0.6288,0.6902,-0.0828,0.937
6.231146154,-0.6298,0.7073,-0.0626,0.949
6.233892538,-0.6197,0.7210,-0.0452,0.952
6.236336538,-0.6014,0.7405,-0.0293,0.954
6.238869769,-0.5723,0.7615,-0.0232,0.953
6.240790769,-0.5325,0.7833,-0.0247,0.947
6.243767923,-0.4927,0.8062,-0.0251,0.945
6.246787308,-0.4448,0.8341,-0.0288,0.946
6.247922769,-0.3935,0.8566,-0.0388,0.943
6.250472846,-0.3370,0.8786,-0.0647,0.943
6.252946461,-0.2787,0.9008,-0.1136,0.950
6.255405231,-0.2340,0.9225,-0.1796,0.969
6.257828846,-0.1886,0.9495,-0.2443,0.998
6.260326077,-0.1380,0.9732,-0.2956,1.026
6.263431923,-0.0952,0.9979,-0.3230,1.053
6.265204,-0.0544,1.0245,-0.3462,1.083
6.267269538,-0.0195,1.0445,-0.3677,1.107
6.269970692,0.0075,1.0594,-0.3946,1.131
6.272663615,0.0286,1.0636,-0.4151,1.142
6.274763615,0.0459,1.0559,-0.4241,1.139
6.277813461,0.0598,1.0364,-0.4226,1.121
6.279821154,0.0659,1.0042,-0.4119,1.087
6.281896538,0.0635,0.9553,-0.4087,1.041
6.284664231,0.0522,0.8989,-0.4204,0.994
6.287946769,0.0254,0.8351,-0.4468,0.947
6.289106692,-0.0165,0.7701,-0.4740,0.904
6.291356846,-0.0730,0.7184,-0.4837,0.869
6.294259077,-0.1409,0.6724,-0.4735,0.834
6.296325769,-0.2152,0.6389,-0.4319,0.801
6.298916231,-0.2831,0.6140,-0.3773,0.774
6.301424846,-0.3566,0.5942,-0.3191,0.763
6.309349769,-0.4275,0.5756,-0.2800,0.770
6.310175385,-0.4917,0.5546,-0.2611,0.786
6.310348308,-0.5489,0.5288,-0.2536,0.803
6.310668923,-0.6021,0.5043,-0.2641,0.829
6.314948923,-0.6493,0.4828,-0.2775,0.855
6.315759923,-0.6913,0.4699,-0.2832,0.883
6.318090461,-0.7327,0.4687,-0.2739,0.912
6.323469538,-0.7670,0.4815,-0.2518,0.940
6.324003615,-0.7988,0.5025,-0.2167,0.968
6.325259692,-0.8238,0.5376,-0.1698,0.998
6.328631692,-0.8387,0.5773,-0.1241,1.026
6.330282461,-0.8415,0.6194,-0.0815,1.048
6.332508231,-0.8359,0.6574,-0.0473,1.065
6.334917461,-0.8161,0.6897,-0.0200,1.069
6.338067385,-0.7884,0.7176,-0.0017,1.066
6.339520538,-0.7546,0.7305,0.0034,1.050
6.342280308,-0.7185,0.7410,-0.0039,1.032
6.344588,-0.6779,0.7396,-0.0068,1.003
6.347018385,-0.6417,0.7305,-0.0107,0.972
6.349459077,-0.6088,0.7132,-0.0281,0.938
6.354180615,-0.5818,0.6919,-0.0540,0.906
6.355457154,-0.5616,0.6683,-0.0874,0.877
6.356470385,-0.5445,0.6416,-0.1195,0.850
6.358937231,-0.5308,0.6220,-0.1542,0.832
6.362159077,-0.5240,0.6157,-0.1954,0.832
6.363713846,-0.5193,0.6259,-0.2211,0.843
6.366298461,-0.5171,0.6618,-0.2255,0.870
6.369226461,-0.5203,0.7168,-0.2162,0.912
6.371602769,-0.5201,0.7826,-0.2022,0.961
6.374175,-0.5164,0.8530,-0.1959,1.016
6.376121461,-0.5098,0.9262,-0.1961,1.075
6.378653231,-0.4998,0.9870,-0.2025,1.125
6.380610692,-0.4834,1.0342,-0.2120,1.161
6.383332,-0.4663,1.0680,-0.2387,1.190
6.386962692,-0.4463,1.0804,-0.2790,1.202
6.387965846,-0.4199,1.0772,-0.3277,1.202
6.397014769,-0.4020,1.0599,-0.3682,1.192
6.398011077,-0.3957,1.0422,-0.3943,1.183
6.398583615,-0.4055,1.0286,-0.3955,1.174
6.399377154,-0.4309,1.0403,-0.3740,1.187
6.401699615,-0.4721,1.0697,-0.3298,1.215
6.402431308,-0.5235,1.1258,-0.2719,1.271
6.404552308,-0.5689,1.2020,-0.2191,1.348
6.407067923,-0.6114,1.3030,-0.1913,1.452
6.409612923,-0.6581,1.4300,-0.1693,1.583
6.412198154,-0.7153,1.5783,-0.1446,1.739
6.414755615,-0.7407,1.7349,-0.1495,1.892
6.416878692,-0.7339,1.8861,-0.1700,2.031
6.421550385,-0.7221,2.0342,-0.1666,2.165
6.422021461,-0.7067,2.1791,-0.1670,2.297
6.423980308,-0.6791,2.3025,-0.1763,2.407
6.427486461,-0.6403,2.4121,-0.1881,2.503
6.428743385,-0.5955,2.5116,-0.1908,2.588
6.431247077,-0.5408,2.5798,-0.1942,2.643
6.433738769,-0.4870,2.6310,-0.1973,2.683
6.436095692,-0.4180,2.6508,-0.2013,2.691
6.438640538,-0.3435,2.6396,-0.2103,2.670
6.441207077,-0.2643,2.5959,-0.2374,2.620
6.444230154,-0.1912,2.5348,-0.2345,2.553
6.445689538,-0.1213,2.4386,-0.2087,2.450
6.448166385,-0.0586,2.3215,-0.1786,2.329
6.450785846,0.0012,2.1805,-0.1732,2.187
6.453049538,0.0396,2.0242,-0.1924,2.034
6.456936,0.0589,1.8649,-0.2175,1.878
6.457598461,0.0615,1.7110,-0.2287,1.727
6.460497846,0.0332,1.5578,-0.2218,1.574
6.462500231,-0.0148,1.4105,-0.2243,1.428
6.464866769,-0.0908,1.2842,-0.2462,1.311
6.467615,-0.1781,1.1826,-0.2660,1.225
6.469781154,-0.2633,1.0904,-0.2865,1.158
6.472319385,-0.3393,1.0128,-0.3042,1.111
6.474642154,-0.4071,0.9473,-0.3328,1.083
6.477290385,-0.4514,0.8764,-0.3701,1.053
6.479314385,-0.4879,0.7990,-0.3877,1.013
6.482364846,-0.5147,0.7191,-0.3774,0.961
6.484377769,-0.5508,0.6441,-0.3623,0.922
6.486889461,-0.5829,0.5695,-0.3764,0.898
6.489251308,-0.5960,0.4818,-0.4288,0.878
6.491727692,-0.5867,0.3760,-0.4798,0.846
6.494012615,-0.5941,0.2891,-0.4894,0.822
6.496308615,-0.5897,0.1747,-0.4915,0.787
6.498733231,-0.6254,0.0867,-0.5074,0.810
6.501417846,-0.6901,0.0068,-0.5411,0.877
6.506997461,-0.7776,-0.0612,-0.5719,0.967
6.507707077,-0.8755,-0.1247,-0.5991,1.068
6.508374769,-0.9892,-0.1919,-0.6261,1.186
6.513189846,-1.1052,-0.2568,-0.6547,1.310
6.513833231,-1.2494,-0.3099,-0.6787,1.455
6.515603385,-1.4022,-0.3583,-0.6716,1.596
6.521898154,-1.5496,-0.3959,-0.6479,1.726
6.522533769,-1.6615,-0.4226,-0.6042,1.818
6.523062154,-1.7236,-0.4489,-0.5490,1.864
6.526792538,-1.7299,-0.4807,-0.4717,1.856
6.527738461,-1.6810,-0.5146,-0.3438,1.791
6.530508231,-1.5965,-0.5638,-0.1651,1.701
6.532695692,-1.4930,-0.6265,-0.0014,1.619
6.535606154,-1.3747,-0.6877,0.1035,1.541
6.53732,-1.2303,-0.7118,0.1795,1.433
6.539833461,-1.0634,-0.6844,0.2755,1.294
6.543710692,-0.8621,-0.6038,0.3822,1.120
6.545226385,-0.6522,-0.4912,0.4693,0.942
6.547151385,-0.4509,-0.3727,0.5279,0.788
6.551802385,-0.2680,-0.2610,0.5677,0.680
6.552882385,-0.1131,-0.1650,0.5985,0.631
6.554279385,0.0271,-0.0893,0.6007,0.608
6.556755077,0.1456,-0.0287,0.5713,0.590
6.560873846,0.2206,0.0220,0.5040,0.551
6.561808923,0.2890,0.0540,0.4040,0.500
6.564074769,0.3462,0.0741,0.2677,0.444
6.566224615,0.3857,0.0880,0.1218,0.414
6.568693846,0.4027,0.0953,-0.0244,0.415
6.571239077,0.3869,0.1034,-0.1544,0.429
6.573663,0.3450,0.1168,-0.2663,0.451
6.576909769,0.2914,0.1417,-0.3694,0.491
6.578484846,0.2145,0.1715,-0.4686,0.543
6.581238077,0.1207,0.2118,-0.5548,0.606
6.583543923,0.0261,0.2570,-0.6245,0.676
6.586291923,-0.0693,0.3091,-0.6704,0.741
6.588217769,-0.1646,0.3638,-0.6870,0.795
6.591315615,-0.2491,0.4112,-0.6787,0.832
6.593677461,-0.3277,0.4564,-0.6513,0.860
6.595821461,-0.3898,0.4867,-0.6093,0.872
6.598338461,-0.4560,0.5311,-0.5460,0.888
6.601563308,-0.5019,0.5610,-0.4730,0.889
6.602894154,-0.5335,0.5854,-0.3967,0.886
6.604966461,-0.5487,0.6038,-0.3215,0.877
6.607672231,-0.5557,0.6215,-0.2485,0.870
6.614859308,-0.5515,0.6360,-0.1835,0.862
6.615694692,-0.5480,0.6426,-0.1253,0.854
6.616211308,-0.5362,0.6560,-0.0820,0.851
6.622164538,-0.5220,0.6626,-0.0476,0.845
6.623012615,-0.5084,0.6683,-0.0259,0.840
6.623390692,-0.4951,0.6685,-0.0139,0.832
6.624211385,-0.4870,0.6707,-0.0034,0.829
6.630089231,-0.4817,0.6714,-0.0005,0.826
6.630788846,-0.4861,0.6678,-0.0065,0.826
6.631633154,-0.4932,0.6636,-0.0161,0.827
6.634515615,-0.5100,0.6602,-0.0305,0.835
6.636172923,-0.5328,0.6562,-0.0559,0.847
6.638658385,-0.5587,0.6497,-0.0774,0.860
6.641238154,-0.5865,0.6443,-0.0936,0.876
6.643622385,-0.6193,0.6392,-0.1085,0.897
6.646348,-0.6547,0.6336,-0.1183,0.919
6.648972923,-0.6903,0.6343,-0.1251,0.946
6.651126461,-0.7309,0.6394,-0.1297,0.980
6.653067077,-0.7712,0.6433,-0.1304,1.013
6.656226154,-0.8098,0.6523,-0.1307,1.048
6.659269231,-0.8508,0.6623,-0.1297,1.086
6.660479923,-0.8909,0.6741,-0.1183,1.123
6.662951308,-0.9212,0.6865,-0.1085,1.154
6.665595308,-0.9393,0.6983,-0.1004,1.175
6.667840231,-0.9440,0.7127,-0.0929,1.186
6.670774692,-0.9435,0.7186,-0.0880,1.189
6.672669769,-0.9315,0.7254,-0.0789,1.183
6.675739615,-0.9039,0.7364,-0.0724,1.168
6.677245154,-0.8601,0.7361,-0.0626,1.134
6.679754769,-0.7986,0.7312,-0.0623,1.085
6.682203615,-0.7451,0.7300,-0.0626,1.045
6.684982692,-0.7157,0.7335,-0.0631,1.027
6.686904538,-0.6669,0.7345,-0.0671,0.994
6.690487077,-0.6056,0.7393,-0.0677,0.958
6.692291,-0.5513,0.7435,-0.0799,0.929
6.694076615,-0.5064,0.7442,-0.0918,0.905
6.697011077,-0.4721,0.7550,-0.1004,0.896
6.699182385,-0.4434,0.7596,-0.1160,0.887
6.701390461,-0.4262,0.7671,-0.1353,0.888
6.703989154,-0.4155,0.7755,-0.1617,0.895
6.706714769,-0.4192,0.7845,-0.1989,0.911
6.712884615,-0.4338,0.7926,-0.2416,0.935
6.713766154,-0.4595,0.8009,-0.2704,0.962
6.714367385,-0.4765,0.8170,-0.2809,0.987
6.716445846,-0.4891,0.8270,-0.2765,1.000
6.719152615,-0.4922,0.8265,-0.2704,0.999
6.720673154,-0.5325,0.8625,-0.2699,1.049
6.723112615,-0.5399,0.8588,-0.2763,1.051
6.728643,-0.4951,0.8011,-0.2814,0.983
6.728992,-0.5804,0.8708,-0.3119,1.092
6.730415,-0.6344,0.9059,-0.3459,1.159
6.733094154,-0.6615,0.9238,-0.3813,1.198
6.734978769,-0.6891,0.9390,-0.3985,1.231
6.737805461,-0.7174,0.9646,-0.4073,1.269
6.740140923,-0.7231,0.9881,-0.4188,1.294
6.742628231,-0.7336,1.0166,-0.4305,1.326
6.744934461,-0.7270,1.0328,-0.4454,1.339
6.747719308,-0.7165,1.0479,-0.4524,1.348
6.749929769,-0.7129,1.0620,-0.4654,1.361
6.752119077,-0.7085,1.0636,-0.4793,1.365
6.754957154,-0.6964,1.0918,-0.4591,1.374
6.757001461,-0.6752,1.1016,-0.4414,1.365
6.759216308,-0.6532,1.1072,-0.4234,1.353
6.761763615,-0.6330,1.1298,-0.3853,1.351
6.764135077,-0.6239,1.1339,-0.4165,1.360
6.766700615,-0.6102,1.1261,-0.4190,1.348
6.769107615,-0.5927,1.1095,-0.4109,1.323
6.771542461,-0.5718,1.0836,-0.4080,1.291
6.774805538,-0.5524,1.0660,-0.4048,1.267
6.776176846,-0.5303,1.0359,-0.3965,1.229
6.778494385,-0.5135,1.0117,-0.3906,1.200
6.781833461,-0.5079,0.9961,-0.3820,1.182
6.783777846,-0.5010,0.9781,-0.3724,1.160
6.786091308,-0.4924,0.9592,-0.3525,1.134
6.788696,-0.4888,0.9467,-0.3330,1.116
6.791354769,-0.4891,0.9387,-0.3203,1.106
6.792972,-0.4912,0.9289,-0.3056,1.094
6.795740308,-0.4951,0.9272,-0.2863,1.089
6.79796,-0.4995,0.9238,-0.2719,1.085
6.800223615,-0.5030,0.9238,-0.2558,1.082
6.802879,-0.5028,0.9204,-0.2323,1.074
6.805642077,-0.5030,0.9194,-0.2096,1.069
6.812427,-0.5012,0.9211,-0.1922,1.066
6.813304923,-0.4927,0.9192,-0.1691,1.056
6.813794461,-0.4893,0.9187,-0.1497,1.052
6.815250154,-0.4902,0.9194,-0.1309,1.050
6.818822769,-0.4902,0.9160,-0.1136,1.045
6.819571692,-0.4883,0.9096,-0.0965,1.037
6.822686077,-0.4944,0.9079,-0.0813,1.037
6.828365154,-0.4966,0.9035,-0.0694,1.033
6.829450077,-0.5012,0.8987,-0.0606,1.031
6.829834077,-0.5074,0.8957,-0.0530,1.031
6.832153231,-0.5110,0.8928,-0.0508,1.030
6.833898769,-0.5145,0.8873,-0.0510,1.027
6.836611385,-0.5166,0.8793,-0.0496,1.021
6.838877538,-0.5123,0.8720,-0.0479,1.012
6.841658385,-0.5074,0.8666,-0.0481,1.005
6.843956308,-0.5030,0.8554,-0.0481,0.993
6.846277154,-0.4910,0.8463,-0.0510,0.980
6.849008308,-0.4776,0.8378,-0.0510,0.966
6.850840846,-0.4624,0.8270,-0.0522,0.949
6.853476846,-0.4455,0.8172,-0.0591,0.933
6.857253538,-0.4260,0.8087,-0.0662,0.916
6.858279692,-0.4094,0.7992,-0.0724,0.901
6.860647385,-0.3918,0.7889,-0.0784,0.884
6.863756615,-0.3724,0.7808,-0.0840,0.869
6.866469769,-0.3603,0.7740,-0.0862,0.858
6.867900923,-0.3446,0.7674,-0.0877,0.846
6.870979077,-0.3276,0.7628,-0.0867,0.835
6.873926077,-0.3090,0.7545,-0.0792,0.819
6.875167615,-0.2897,0.7520,-0.0691,0.809
6.877492923,-0.2680,0.7449,-0.0557,0.794
6.882267923,-0.2526,0.7371,-0.0503,0.781
6.883857154,-0.2352,0.7281,-0.0454,0.766
6.884581154,-0.2212,0.7281,-0.0457,0.762
6.887303923,-0.2107,0.7277,-0.0491,0.759
6.890448231,-0.1954,0.7273,-0.0525,0.755
6.891901154,-0.1781,0.7261,-0.0571,0.750
6.894369231,-0.1709,0.7315,-0.0642,0.754
6.896972,-0.1716,0.7317,-0.0740,0.755
6.899390692,-0.1712,0.7389,-0.0845,0.763
6.901769154,-0.1680,0.7469,-0.0892,0.771
6.903978385,-0.1624,0.7559,-0.0957,0.779
6.910468923,-0.1509,0.7647,-0.0967,0.785
6.911152231,-0.1399,0.7772,-0.0950,0.795
6.911838769,-0.1282,0.7880,-0.0920,0.804
6.913902154,-0.1138,0.8055,-0.0916,0.819
6.917116538,-0.0986,0.8197,-0.0918,0.831
6.918231692,-0.0869,0.8381,-0.0874,0.847
6.920728538,-0.0808,0.8547,-0.0892,0.863
6.926295692,-0.0768,0.8735,-0.0848,0.881
6.927034769,-0.0744,0.8903,-0.0706,0.896
6.928389461,-0.0796,0.8974,-0.0538,0.903
6.930659308,-0.0889,0.9043,-0.0286,0.909
6.932815,-0.1020,0.9079,-0.0073,0.914
6.935668846,-0.1257,0.9031,0.0131,0.912
6.937801538,-0.1578,0.9013,0.0304,0.916
6.940283077,-0.2017,0.8942,0.0500,0.918
6.942858077,-0.2475,0.8915,0.0603,0.927
6.945223385,-0.2904,0.8882,0.0647,0.937
6.948172846,-0.3383,0.8854,0.0659,0.950
6.949770769,-0.3877,0.8781,0.0635,0.962
6.952287692,-0.4394,0.8720,0.0612,0.978
6.955568538,-0.4793,0.8671,0.0561,0.992
6.957515923,-0.5003,0.8681,0.0483,1.003
6.959427,-0.5103,0.8693,0.0400,1.009
6.962762461,-0.5003,0.8661,0.0337,1.001
6.964721231,-0.4770,0.8688,0.0241,0.991
6.96656,-0.4397,0.8712,-0.0075,0.976
6.969291615,-0.3954,0.8740,-0.0166,0.959
6.972890077,-0.3503,0.8803,-0.0114,0.948
6.974772923,-0.3132,0.8898,-0.0081,0.943
6.976219308,-0.2794,0.8998,-0.0034,0.942
6.981007692,-0.2494,0.9113,-0.0081,0.945
6.982059308,-0.2281,0.9223,-0.0222,0.950
6.983735692,-0.2051,0.9369,-0.0323,0.960
6.986244308,-0.1851,0.9499,-0.0471,0.969
6.988523,-0.1704,0.9683,-0.0454,0.984
6.991187077,-0.1595,0.9793,-0.0469,0.993
6.993462385,-0.1494,0.9954,-0.0535,1.008
6.995961231,-0.1360,1.0051,-0.0645,1.016
6.998967308,-0.1140,1.0164,-0.0808,1.026
7.000341154,-0.0903,1.0264,-0.0808,1.034
7.003364,-0.0740,1.0371,-0.0801,1.043
7.010413154,-0.0568,1.0484,-0.0901,1.054
7.011576,-0.0397,1.0601,-0.0969,1.065
7.012065231,-0.0209,1.0753,-0.1038,1.080
7.012545154,-0.0050,1.0921,-0.1055,1.097
7.019115692,0.0032,1.1027,-0.1009,1.107
7.019562385,0.0100,1.1181,-0.0923,1.122
7.019918692,0.0139,1.1379,-0.0640,1.140
7.025426769,0.0019,1.1726,-0.0371,1.173
7.025931077,-0.0248,1.2071,-0.0396,1.208
7.027218385,-0.0556,1.2218,-0.1255,1.230
7.030167923,-0.0861,1.2189,-0.3091,1.260
7.031777231,-0.1045,1.1784,-0.5460,1.303
7.034171692,-0.1103,1.1004,-0.7974,1.363
7.037386462,-0.0964,0.9914,-1.0037,1.414
7.040179615,-0.0574,0.8830,-1.1211,1.428
7.041929154,-0.0183,0.7978,-1.1971,1.439
7.043820615,0.0142,0.7557,-1.2348,1.448
7.046977154,0.0408,0.7728,-1.1605,1.395
7.048612923,0.0699,0.8365,-0.9577,1.273
7.051094385,0.1011,0.9216,-0.6914,1.157
7.054712,0.1444,1.0179,-0.4549,1.124
7.055896923,0.1725,1.1053,-0.2294,1.142
7.058607692,0.1663,1.2006,0.0583,1.213
7.061272846,0.1058,1.2959,0.4257,1.368
7.063755692,0.0030,1.3932,0.7642,1.589
7.065680308,-0.1147,1.4855,0.9386,1.761
7.068247077,-0.2615,1.5783,0.9400,1.856
7.072125462,-0.3574,1.6284,0.8198,1.858
7.073084,-0.3332,1.6196,0.6508,1.777
7.075367,-0.2320,1.5770,0.4451,1.655
7.077879385,-0.0898,1.5265,0.2645,1.552
7.080123923,0.0154,1.5336,0.1539,1.541
7.082303077,0.1444,1.5879,0.1567,1.602
7.085002077,0.2895,1.6611,0.2869,1.710
7.088658077,0.3785,1.7615,0.4226,1.851
7.089594692,0.4246,1.8319,0.5636,1.963
7.092019692,0.4591,1.8424,0.6488,2.007
7.094908,0.5096,1.8046,0.6432,1.982
7.097471615,0.5492,1.7445,0.5266,1.903
7.101218462,0.5478,1.6783,0.2882,1.789
7.101545769,0.5336,1.6045,-0.0315,1.691
7.109368538,0.4935,1.5395,-0.3447,1.653
7.110432231,0.4720,1.4838,-0.6103,1.672
7.110715077,0.4700,1.4359,-0.7679,1.695
7.111815615,0.5031,1.3967,-0.8040,1.688
7.116019308,0.5567,1.3673,-0.7519,1.657
7.116417538,0.6389,1.3431,-0.6533,1.624
7.118784538,0.7466,1.3037,-0.5531,1.601
7.124524846,0.8779,1.2446,-0.4600,1.591
7.125079308,1.0207,1.1808,-0.3990,1.611
7.126815923,1.1356,1.1356,-0.3794,1.650
7.128226769,1.1656,1.1412,-0.4095,1.682
7.130664538,1.1160,1.2080,-0.4710,1.711
7.133312231,1.0016,1.3108,-0.5543,1.740
7.135653231,0.8292,1.4359,-0.6523,1.782
7.138329538,0.6364,1.5710,-0.7894,1.870
7.140321846,0.4598,1.7081,-0.9122,1.990
7.142702692,0.3142,1.8461,-0.9384,2.095
7.146059308,0.1833,1.9875,-0.8688,2.177
7.147659923,0.0694,2.1207,-0.7226,2.242
7.150228846,-0.0334,2.2262,-0.5369,2.290
7.154504846,-0.1460,2.2951,-0.3496,2.326
7.155896923,-0.1826,2.3366,-0.0254,2.344
7.157579,-0.2035,2.3269,0.1257,2.339
7.159743077,-0.2386,2.2526,0.2186,2.276
7.162747308,-0.2890,2.1276,0.2682,2.164
7.164358769,-0.3458,1.9702,0.2706,2.019
7.167004923,-0.4243,1.8004,0.2479,1.866
7.169473462,-0.5284,1.6333,0.2266,1.732
7.171888,-0.6410,1.4659,0.1873,1.611
7.174579308,-0.7609,1.2898,0.1262,1.503
7.176731308,-0.8755,1.0862,0.0668,1.397
7.179882385,-0.9929,0.9001,0.0197,1.340
7.181298077,-1.1240,0.7486,-0.0195,1.351
7.183767923,-1.2596,0.6166,-0.0386,1.403
7.186328,-1.3737,0.5109,-0.0449,1.466
7.188714462,-1.4632,0.4219,-0.0589,1.524
7.191116538,-1.5237,0.3396,-0.0796,1.563
7.193608923,-1.5638,0.2717,-0.1153,1.591
7.195798769,-1.5540,0.2162,-0.1461,1.576
7.198260846,-1.4946,0.1875,-0.1707,1.516
7.200755077,-1.3777,0.2004,-0.1877,1.405
7.208186692,-1.2235,0.2773,-0.1856,1.268
7.209045231,-1.0595,0.3746,-0.1810,1.138
7.209436,-0.9041,0.4803,-0.1891,1.041
7.210925154,-0.7560,0.5852,-0.2126,0.979
7.214453538,-0.6219,0.6883,-0.2538,0.962
7.214986692,-0.5124,0.7853,-0.3083,0.987
7.218171077,-0.4220,0.8779,-0.3718,1.043
7.2244,-0.3576,0.9590,-0.4288,1.110
7.225745846,-0.3309,1.0457,-0.4852,1.199
7.226293846,-0.3095,1.1256,-0.5282,1.281
7.227363385,-0.3021,1.1967,-0.5712,1.360
7.229552538,-0.3048,1.2597,-0.6115,1.433
7.231886769,-0.3119,1.3091,-0.6513,1.495
7.234625462,-0.3290,1.3592,-0.6767,1.554
7.237031615,-0.3596,1.3985,-0.6958,1.603
7.239244308,-0.3761,1.4193,-0.6916,1.623
7.241676923,-0.3959,1.4327,-0.6640,1.628
7.245121154,-0.4045,1.4310,-0.6323,1.616
7.246433538,-0.3966,1.4034,-0.6032,1.578
7.248945231,-0.3784,1.3550,-0.5753,1.520
7.251361846,-0.3463,1.2986,-0.5480,1.451
7.254156,-0.3011,1.2294,-0.5257,1.371
7.256567692,-0.2450,1.1535,-0.5172,1.288
7.258839,-0.2149,1.0789,-0.5201,1.217
7.261736615,-0.2093,1.0164,-0.5238,1.162
7.263285538,-0.2191,0.9509,-0.5199,1.106
7.265599923,-0.2382,0.9013,-0.5143,1.065
7.268205462,-0.2655,0.8628,-0.5150,1.039
7.270642692,-0.3011,0.8381,-0.5050,1.024
7.272881462,-0.3368,0.8229,-0.4813,1.011
7.275930769,-0.3752,0.8185,-0.4417,1.003
7.278149538,-0.4162,0.8234,-0.3872,1.001
7.280108308,-0.4597,0.8351,-0.3242,1.007
7.282780231,-0.5010,0.8527,-0.2595,1.022
7.285296308,-0.5391,0.8756,-0.1991,1.047
7.287651615,-0.5704,0.8952,-0.1476,1.072
7.290100923,-0.5892,0.9184,-0.1146,1.097
7.292682462,-0.5951,0.9397,-0.0908,1.116
7.295395077,-0.5838,0.9578,-0.0747,1.124
7.297319923,-0.5650,0.9724,-0.0631,1.126
7.299697154,-0.5408,0.9856,-0.0613,1.126
7.303084231,-0.5105,0.9981,-0.0666,1.123
7.304265154,-0.4786,1.0125,-0.0745,1.122
7.306744538,-0.4414,1.0140,-0.0869,1.109
7.309192846,-0.3999,1.0159,-0.1074,1.097
7.315993538,-0.3603,1.0137,-0.1309,1.084
7.317001538,-0.3209,1.0161,-0.1605,1.078
7.317284308,-0.2867,1.0147,-0.1889,1.071
7.323661231,-0.2613,1.0128,-0.2101,1.067
7.324173846,-0.2371,1.0076,-0.2215,1.059
7.324352308,-0.2208,1.0027,-0.2191,1.050
7.326184846,-0.2059,0.9983,-0.2064,1.040
7.331317846,-0.1898,0.9934,-0.1852,1.028
7.331883308,-0.1734,0.9876,-0.1647,1.016
7.333706077,-0.1511,0.9773,-0.1483,1.000
7.336194385,-0.1389,0.9678,-0.1444,0.988
7.338176923,-0.1164,0.9563,-0.1505,0.975
7.341141769,-0.0966,0.9409,-0.1639,0.960
7.342775923,-0.0732,0.9260,-0.1844,0.947
7.345767308,-0.0544,0.9131,-0.2035,0.937
7.347651385,-0.0412,0.9001,-0.2159,0.927
7.350337846,-0.0280,0.8908,-0.2199,0.918
7.352725231,-0.0202,0.8833,-0.2101,0.908
7.355716231,-0.0099,0.8781,-0.1928,0.899
7.357619692,-0.0050,0.8749,-0.1654,0.890
7.360882692,-0.0004,0.8737,-0.1346,0.884
7.362172231,0.0044,0.8712,-0.1004,0.877
7.364468308,0.0049,0.8684,-0.0738,0.872
7.367068846,0.0056,0.8681,-0.0552,0.870
7.369651923,0.0122,0.8681,-0.0396,0.869
7.371840846,0.0117,0.8679,-0.0319,0.869
7.374696923,0.0075,0.8717,-0.0251,0.872
7.377290385,0.0063,0.8766,-0.0230,0.877
7.379051615,0.0051,0.8808,-0.0193,0.881
7.382082154,0.0066,0.8857,-0.0198,0.886
7.384956308,0.0066,0.8947,-0.0271,0.895
7.387792538,0.0073,0.8984,-0.0381,0.899
7.389294385,0.0122,0.9020,-0.0473,0.903
7.391885231,0.0193,0.9082,-0.0647,0.911
7.395053846,0.0274,0.9099,-0.0815,0.914
7.396335077,0.0340,0.9106,-0.0992,0.917
7.398793846,0.0442,0.9084,-0.1155,0.917
7.400939385,0.0535,0.9043,-0.1388,0.916
7.409844308,0.0603,0.9013,-0.1593,0.917
7.410728231,0.0659,0.8915,-0.1779,0.911
7.411205846,0.0706,0.8871,-0.1920,0.910
7.411605231,0.0762,0.8803,-0.2042,0.907
7.412790462,0.0823,0.8744,-0.2059,0.902
7.415167692,0.0857,0.8712,-0.2038,0.899
7.420240923,0.0899,0.8696,-0.1957,0.896
7.420609154,0.0921,0.8700,-0.1866,0.895
7.422186154,0.0941,0.8710,-0.1668,0.892
7.424846154,0.0960,0.8705,-0.1521,0.889
7.427235923,0.1004,0.8698,-0.1409,0.887
7.429462077,0.1060,0.8681,-0.1412,0.886
7.432235,0.1092,0.8632,-0.1451,0.882
7.434598385,0.1139,0.8556,-0.1544,0.877
7.436657231,0.1204,0.8502,-0.1647,0.874
7.439146462,0.1258,0.8454,-0.1630,0.870
7.442627077,0.1295,0.8481,-0.1502,0.871
7.443924923,0.1341,0.8554,-0.1327,0.876
7.446586769,0.1405,0.8681,-0.1146,0.887
7.449257846,0.1481,0.8833,-0.0989,0.901
7.451501769,0.1551,0.8964,-0.1016,0.915
7.453569769,0.1614,0.9101,-0.1246,0.933
7.456325769,0.1593,0.9231,-0.1600,0.950
7.459028,0.1507,0.9360,-0.2028,0.970
7.461475308,0.1363,0.9492,-0.2369,0.988
7.463490154,0.1209,0.9668,-0.2643,1.010
7.467470385,0.0985,0.9751,-0.2809,1.020
7.468245846,0.0799,0.9881,-0.2829,1.031
7.470565769,0.0510,0.9975,-0.2765,1.036
7.473113769,0.0181,1.0000,-0.2663,1.035
7.476067077,-0.0151,0.9926,-0.2565,1.025
7.477814692,-0.0519,0.9817,-0.2455,1.013
7.480362692,-0.0859,0.9580,-0.2475,0.993
7.482926154,-0.1257,0.9338,-0.2550,0.976
7.485885154,-0.1611,0.9062,-0.2653,0.958
7.487646385,-0.1966,0.8801,-0.2770,0.943
7.490304923,-0.2268,0.8537,-0.2834,0.928
7.492454462,-0.2547,0.8370,-0.2846,0.920
7.494799923,-0.2748,0.8244,-0.2729,0.911
7.498327923,-0.2882,0.8119,-0.2543,0.898
7.501769231,-0.2970,0.8085,-0.2345,0.893
7.502800538,-0.2965,0.8062,-0.2167,0.886
7.504629538,-0.2978,0.7987,-0.2062,0.877
7.507259,-0.2894,0.7899,-0.2022,0.865
7.514913231,-0.2782,0.7811,-0.2155,0.857
7.515333846,-0.2667,0.7728,-0.2301,0.849
7.515723692,-0.2582,0.7692,-0.2348,0.845
7.516293231,-0.2552,0.7676,-0.2343,0.842
7.522067,-0.2567,0.7772,-0.2140,0.846
7.522443385,-0.2584,0.7872,-0.1837,0.849
7.523597538,-0.2603,0.8004,-0.1502,0.855
7.531079692,-0.2640,0.8085,-0.1174,0.859
7.531601462,-0.2704,0.8039,-0.0948,0.853
7.532076308,-0.2775,0.7943,-0.0987,0.847
7.534761538,-0.2902,0.7782,-0.1243,0.840
7.535598462,-0.3107,0.7628,-0.1539,0.838
7.538725231,-0.3276,0.7471,-0.1754,0.834
7.541727692,-0.3430,0.7352,-0.1877,0.833
7.543371308,-0.3584,0.7347,-0.1815,0.837
7.545627923,-0.3666,0.7357,-0.1654,0.838
7.547994462,-0.3803,0.7408,-0.1449,0.845
7.550700231,-0.3886,0.7486,-0.1302,0.853
7.552678154,-0.3884,0.7587,-0.1324,0.863
7.555152538,-0.3784,0.7731,-0.1497,0.874
7.558732308,-0.3605,0.7960,-0.1830,0.893
7.559921846,-0.3370,0.8290,-0.2224,0.922
7.562284231,-0.3261,0.8789,-0.2631,0.974
7.564940923,-0.3034,0.9223,-0.2983,1.016
7.567172846,-0.2902,0.9714,-0.3030,1.058
7.569957769,-0.2741,1.0088,-0.2853,1.084
7.572181462,-0.2594,1.0220,-0.2660,1.087
7.575292308,-0.2538,1.0024,-0.2611,1.067
7.576618462,-0.2475,0.9453,-0.2804,1.017
7.579226385,-0.2869,0.8632,-0.3193,0.964
7.581691,-0.3249,0.7599,-0.3913,0.914
7.583859077,-0.3813,0.6567,-0.4204,0.868
7.586591692,-0.4809,0.5647,-0.4172,0.851
7.588986692,-0.5750,0.4857,-0.4002,0.852
7.591689846,-0.6879,0.4251,-0.3525,0.882
7.593859615,-0.8093,0.3888,-0.2824,0.941
7.596767077,-0.9178,0.3880,-0.2069,1.018
7.598600615,-1.0162,0.4068,-0.1214,1.101
7.601351923,-1.0877,0.4400,-0.0412,1.174
7.603564615,-1.1450,0.4901,0.0178,1.246
7.606424,-1.1785,0.5517,0.0547,1.302
7.612679077,-1.1751,0.6301,0.0712,1.335
7.613489462,-1.1487,0.7198,0.0796,1.358
7.613946692,-1.0947,0.8236,0.0789,1.372
7.620466769,-1.0206,0.9345,0.0673,1.385
7.620916923,-0.9347,1.0526,0.0456,1.408
7.621103,-0.8433,1.1715,0.0185,1.444
7.623682154,-0.7568,1.2891,-0.0075,1.495
7.629108,-0.6686,1.3887,-0.0408,1.542
7.630317462,-0.5978,1.4696,-0.0843,1.589
7.630920308,-0.5235,1.5388,-0.1239,1.630
7.63344,-0.4348,1.5947,-0.1519,1.660
7.634530692,-0.3568,1.6315,-0.1486,1.677
7.637180846,-0.2769,1.6472,-0.1143,1.674
7.639632538,-0.1893,1.6233,-0.0743,1.636
7.641729538,-0.1045,1.5519,-0.0352,1.556
7.644376538,-0.0173,1.4283,-0.0274,1.429
7.646948,0.0584,1.2504,-0.0520,1.253
7.650142692,0.1070,1.0386,-0.1013,1.049
7.651546769,0.1134,0.8195,-0.1663,0.844
7.654123308,0.0782,0.6118,-0.2423,0.663
7.656368,-0.0018,0.4324,-0.3049,0.529
7.659389769,-0.1287,0.3098,-0.3584,0.491
7.661169846,-0.2892,0.2583,-0.3913,0.551
7.663931692,-0.4651,0.2705,-0.3929,0.666
7.667098385,-0.6479,0.3426,-0.3720,0.822
7.668389538,-0.8233,0.4659,-0.3440,1.007
7.671357154,-0.9771,0.6201,-0.3083,1.198
7.674222692,-1.1013,0.7906,-0.2723,1.383
7.675552308,-1.2156,0.9675,-0.2392,1.572
7.678360538,-1.3018,1.1459,-0.1928,1.745
7.680958385,-1.3561,1.3056,-0.1607,1.889
7.683255,-1.3861,1.4400,-0.1539,2.005
7.685458769,-1.3849,1.5458,-0.1774,2.083
7.688802692,-1.3558,1.6294,-0.2313,2.132
7.691259,-1.3116,1.6990,-0.2780,2.164
7.693142154,-1.2584,1.7573,-0.3266,2.186
7.695245538,-1.1919,1.8192,-0.3677,2.206
7.697681769,-1.1245,1.8779,-0.3978,2.225
7.700115615,-1.0617,1.9416,-0.4155,2.252
7.702515077,-0.9994,1.9976,-0.4232,2.273
7.704603,-0.9417,2.0491,-0.4002,2.290
7.707232231,-0.8870,2.0811,-0.3718,2.293
7.709879385,-0.8257,2.0887,-0.3471,2.273
7.711894769,-0.7795,2.0824,-0.3428,2.250
7.714289769,-0.7318,2.0473,-0.3618,2.204
7.720470385,-0.6913,2.0002,-0.3860,2.151
7.721357538,-0.6624,1.9413,-0.3980,2.089
7.721781538,-0.6339,1.8719,-0.3962,2.016
7.727743385,-0.6056,1.7908,-0.3897,1.930
7.728517846,-0.5843,1.7076,-0.3764,1.844
7.728931308,-0.5743,1.6215,-0.3494,1.755
7.736128308,-0.5731,1.5316,-0.3117,1.665
7.736938462,-0.5816,1.4366,-0.2841,1.576
7.737696538,-0.5943,1.3374,-0.2663,1.488
7.738504615,-0.6048,1.2390,-0.2502,1.401
7.741301538,-0.6205,1.1354,-0.2369,1.315
7.743278462,-0.6317,1.0347,-0.2478,1.237
7.745748615,-0.6451,0.9380,-0.2709,1.170
7.748495923,-0.6649,0.8419,-0.2949,1.113
7.750300308,-0.6776,0.7452,-0.3232,1.058
7.752762077,-0.6813,0.6599,-0.3577,1.014
7.756749231,-0.6784,0.5820,-0.3958,0.978
7.757904923,-0.6766,0.5187,-0.4134,0.947
7.759966154,-0.6624,0.4510,-0.4155,0.903
7.762856923,-0.6491,0.3785,-0.3853,0.844
7.766109231,-0.6339,0.3103,-0.3471,0.787
7.767300615,-0.6244,0.2556,-0.2949,0.736
7.770269231,-0.6270,0.2041,-0.2382,0.701
7.773326385,-0.6375,0.1571,-0.1695,0.678
7.774540615,-0.6633,0.1046,-0.1104,0.680
7.777262077,-0.7104,0.0457,-0.0711,0.715
7.781717769,-0.7783,-0.0124,-0.0718,0.782
7.782553231,-0.8674,-0.0744,-0.1011,0.876
7.784308846,-0.9715,-0.1379,-0.1434,0.992
7.786685462,-1.0735,-0.1878,-0.1749,1.104
7.790549462,-1.1734,-0.2491,-0.2323,1.222
7.791671615,-1.2615,-0.3075,-0.3079,1.334
7.794125538,-1.3405,-0.3565,-0.3647,1.434
7.796399,-1.3973,-0.3879,-0.4027,1.505
7.798656923,-1.4057,-0.3923,-0.4151,1.517
7.800996846,-1.3583,-0.3781,-0.3631,1.456
7.804183077,-1.2522,-0.3363,-0.2380,1.318
7.806878077,-1.0935,-0.2766,-0.0528,1.129
7.808700615,-0.9100,-0.2193,0.1636,0.950
7.810687692,-0.7209,-0.1645,0.3784,0.831
7.817622692,-0.5271,-0.1250,0.5580,0.778
7.818169769,-0.3473,-0.0986,0.6774,0.768
7.818695615,-0.1802,-0.0849,0.7194,0.746
7.820463385,-0.0263,-0.0810,0.6962,0.701
7.824178154,0.0929,-0.0734,0.6183,0.629
7.825339077,0.1877,-0.0693,0.5025,0.541
7.827703077,0.2453,-0.0546,0.3644,0.443
7.833708923,0.2707,-0.0287,0.2159,0.347
7.834357769,0.2729,-0.0001,0.0712,0.282
7.834993538,0.2627,0.0371,-0.0628,0.273
7.837536,0.2502,0.0665,-0.2066,0.331
7.839695385,0.2157,0.1205,-0.3127,0.399
7.842139,0.1759,0.1718,-0.3982,0.468
7.844668231,0.1341,0.2262,-0.4593,0.529
7.847580846,0.0833,0.2788,-0.4891,0.569
7.849196846,0.0430,0.3259,-0.4987,0.597
7.851698462,0.0066,0.3699,-0.4813,0.607
7.854268231,-0.0292,0.4114,-0.4524,0.612
7.856645462,-0.0654,0.4496,-0.4134,0.614
7.858882385,-0.0957,0.4869,-0.3699,0.619
7.861676923,-0.1316,0.5178,-0.3225,0.624
7.863837846,-0.1655,0.5437,-0.2721,0.630
7.866125462,-0.2002,0.5573,-0.2257,0.634
7.868658077,-0.2349,0.5712,-0.1856,0.645
7.872384,-0.2628,0.5803,-0.1476,0.654
7.873795692,-0.2818,0.5871,-0.1143,0.661
7.876479,-0.3026,0.5979,-0.0869,0.676
7.878472923,-0.3190,0.5996,-0.0728,0.683
7.880789538,-0.3427,0.5989,-0.0652,0.693
7.883223385,-0.3568,0.6023,-0.0479,0.702
7.886359923,-0.3479,0.6094,-0.0012,0.702
7.889396615,-0.3390,0.6199,0.0212,0.707
7.890578385,-0.3395,0.6296,0.0104,0.715
7.892736308,-0.3393,0.6387,-0.0014,0.723
7.895263692,-0.3424,0.6418,0.0023,0.727
7.897519615,-0.3461,0.6494,0.0090,0.736
7.900281846,-0.3551,0.6580,0.0102,0.748
7.902452923,-0.3632,0.6672,0.0090,0.760
7.909019692,-0.3754,0.6727,0.0072,0.770
7.909793769,-0.3862,0.6821,0.0011,0.784
7.910528846,-0.4024,0.6924,-0.0030,0.801
7.912710154,-0.4460,0.7054,-0.0127,0.835
7.916715385,-0.4863,0.7112,-0.0298,0.862
7.917730077,-0.5142,0.7228,-0.0377,0.888
7.919910077,-0.5347,0.7381,-0.0266,0.912
7.924507385,-0.5680,0.7464,-0.0356,0.939
7.925560923,-0.5792,0.7584,-0.0239,0.955
7.926438077,-0.6158,0.7813,-0.0323,0.995
7.929868846,-0.6498,0.7997,-0.0435,1.031
7.931928923,-0.6794,0.8109,-0.0596,1.060
7.933804231,-0.7064,0.8200,-0.0703,1.085
7.936312846,-0.7302,0.8239,-0.0696,1.103
7.938972231,-0.7609,0.8309,-0.0586,1.128
7.940930385,-0.7847,0.8309,-0.0386,1.144
7.943687615,-0.7981,0.8175,-0.0198,1.143
7.946378154,-0.8054,0.8023,-0.0051,1.137
7.948046385,-0.8066,0.7867,0.0041,1.127
7.950645538,-0.8015,0.7652,0.0050,1.108
7.953215692,-0.7928,0.7471,-0.0032,1.089
7.956095692,-0.7814,0.7266,-0.0193,1.067
7.957844538,-0.7595,0.7117,-0.0457,1.042
7.960485154,-0.7270,0.6883,-0.0740,1.004
7.962922769,-0.6971,0.6716,-0.0813,0.971
7.964967385,-0.6769,0.6623,-0.0740,0.950
7.967503077,-0.6584,0.6565,-0.0675,0.932
7.970184923,-0.6312,0.6416,-0.0731,0.903
7.972343692,-0.6195,0.6397,-0.0987,0.896
7.975047385,-0.6153,0.6441,-0.1216,0.899
7.979621538,-0.5976,0.6343,-0.1341,0.882
7.980678154,-0.5682,0.6155,-0.1451,0.850
7.981812,-0.5247,0.5879,-0.1490,0.802
7.984616538,-0.5426,0.6015,-0.1483,0.824
7.987927692,-0.5531,0.6162,-0.1544,0.842
7.989212,-0.5431,0.6155,-0.1879,0.842
7.991725462,-0.5492,0.6299,-0.2429,0.870
7.994087923,-0.5369,0.6462,-0.2841,0.887
7.996721846,-0.5257,0.6685,-0.3168,0.908
7.998916231,-0.5403,0.7030,-0.3501,0.953
8.001745231,-0.5494,0.7286,-0.3867,0.991
8.004227692,-0.5499,0.7599,-0.4180,1.027
8.005895615,-0.5503,0.7965,-0.4337,1.061
8.008721231,-0.5592,0.8400,-0.4417,1.102
8.011032231,-0.5713,0.8901,-0.4437,1.147
8.017333538,-0.5699,0.9257,-0.4456,1.175
8.018058154,-0.5778,0.9641,-0.4526,1.212
8.018643385,-0.5976,1.0115,-0.4563,1.260
8.022132538,-0.5729,1.0112,-0.4610,1.250
8.022984923,-0.5811,1.0366,-0.4781,1.281
8.025444538,-0.6209,1.0862,-0.4820,1.341
8.027828231,-0.6090,1.0850,-0.4749,1.332
8.030938154,-0.6430,1.1153,-0.4886,1.377
8.032607385,-0.6444,1.1112,-0.4971,1.377
8.035244308,-0.6564,1.1172,-0.4989,1.389
8.037806077,-0.6591,1.1053,-0.4877,1.376
8.039759615,-0.6605,1.0846,-0.4796,1.357
8.042370692,-0.6515,1.0626,-0.4600,1.329
8.045678077,-0.6552,1.0487,-0.4312,1.310
8.046926692,-0.6530,1.0352,-0.4067,1.290
8.049376923,-0.6547,1.0166,-0.3794,1.267
8.051911308,-0.6637,1.0024,-0.3515,1.253
8.054370769,-0.6717,0.9932,-0.3228,1.242
8.056779692,-0.6850,0.9837,-0.2939,1.234
8.059331615,-0.6952,0.9690,-0.2634,1.221
8.061702462,-0.7060,0.9585,-0.2250,1.212
8.06398,-0.7202,0.9487,-0.1824,1.205
8.066602462,-0.7304,0.9443,-0.1441,1.202
8.068963923,-0.7411,0.9301,-0.1041,1.194
8.071129846,-0.7539,0.9220,-0.0642,1.193
8.073838154,-0.7609,0.9062,-0.0445,1.184
8.076120308,-0.7651,0.8771,-0.0110,1.164
8.078829769,-0.7661,0.8519,0.0127,1.146
8.080668538,-0.7656,0.8246,0.0300,1.126
8.083636,-0.7619,0.7929,0.0405,1.100
8.086932538,-0.7512,0.7611,0.0481,1.070
8.088118385,-0.7383,0.7303,0.0542,1.040
8.090379692,-0.7204,0.7030,0.0579,1.008
8.093642154,-0.6901,0.6765,0.0574,0.968
8.095952538,-0.6579,0.6567,0.0522,0.931
8.097750154,-0.6141,0.6411,0.0478,0.889
8.100175308,-0.5699,0.6296,0.0378,0.850
8.103023077,-0.5220,0.6259,0.0251,0.815
8.105160538,-0.4763,0.6318,0.0065,0.791
8.107323923,-0.4367,0.6413,-0.0117,0.776
8.109921154,-0.3969,0.6614,-0.0303,0.772
8.116577846,-0.3666,0.6825,-0.0522,0.776
8.117431385,-0.3393,0.7095,-0.0701,0.790
8.117932,-0.3183,0.7366,-0.0901,0.807
8.125385769,-0.3011,0.7620,-0.1090,0.827
8.125883615,-0.2890,0.7943,-0.1226,0.854
8.126333538,-0.2718,0.8216,-0.1395,0.877
8.12682,-0.2587,0.8432,-0.1583,0.896
8.133690077,-0.2520,0.8696,-0.1732,0.922
8.134272538,-0.2555,0.8935,-0.1864,0.948
8.134759615,-0.2587,0.9124,-0.1996,0.969
8.137216846,-0.2613,0.9289,-0.2054,0.987
8.138462769,-0.2584,0.9453,-0.2220,1.005
8.141598385,-0.2589,0.9648,-0.2401,1.027
8.144506769,-0.2489,0.9729,-0.2565,1.036
8.145945538,-0.2335,0.9758,-0.2678,1.038
8.148241231,-0.2224,0.9814,-0.2744,1.043
8.151106385,-0.2128,0.9851,-0.2688,1.043
8.153531308,-0.1909,0.9814,-0.2475,1.030
8.155596538,-0.1700,0.9744,-0.2313,1.016
8.158422769,-0.1482,0.9523,-0.2143,0.987
8.161234692,-0.1272,0.9262,-0.1940,0.955
8.162775077,-0.0982,0.8930,-0.1725,0.915
8.165433769,-0.0666,0.8544,-0.1526,0.870
8.167820308,-0.0351,0.8136,-0.1229,0.824
8.170462692,-0.0018,0.7667,-0.0836,0.771
8.172473154,0.0193,0.7230,-0.0552,0.725
8.175856923,0.0205,0.6853,-0.0305,0.686
8.178464923,0.0261,0.6502,-0.0100,0.651
8.179696923,0.0193,0.6201,0.0021,0.620
8.182328923,-0.0058,0.6066,0.0192,0.607
8.184676538,-0.0346,0.5984,0.0351,0.600
8.187101538,-0.0693,0.6054,0.0409,0.611
8.189409846,-0.1035,0.6120,0.0470,0.623
8.191955,-0.1367,0.6259,0.0430,0.642
8.194178385,-0.1663,0.6399,0.0351,0.662
8.196436615,-0.1881,0.6546,0.0270,0.682
8.199093769,-0.2098,0.6763,0.0136,0.708
8.202659923,-0.2289,0.6934,-0.0105,0.730
8.203688231,-0.2450,0.7166,-0.0296,0.758
8.206552231,-0.2552,0.7445,-0.0377,0.788
8.209112,-0.2608,0.7725,-0.0420,0.816
8.211412846,-0.2569,0.8050,-0.0442,0.846
8.213657462,-0.2464,0.8370,-0.0424,0.874
8.216134385,-0.2291,0.8676,-0.0457,0.898
8.223201769,-0.2079,0.8984,-0.0569,0.924
8.224228308,-0.1841,0.9282,-0.0645,0.948
8.224915923,-0.1560,0.9558,-0.0757,0.971
8.226270385,-0.1316,0.9839,-0.1053,0.998
8.229845769,-0.1076,1.0166,-0.1073,1.028
8.230318077,-0.0845,1.0384,-0.0945,1.046
8.232899615,-0.0647,1.0631,-0.0957,1.069
8.238762462,-0.0449,1.0899,-0.1001,1.095
8.239561846,-0.0370,1.1175,-0.1043,1.123
8.240128538,-0.0302,1.1407,-0.1143,1.147
8.242403692,-0.0319,1.1649,-0.1234,1.172
8.244747615,-0.0390,1.1828,-0.1278,1.190
8.247095,-0.0412,1.1989,-0.1314,1.207
8.249575308,-0.0493,1.2092,-0.1321,1.217
8.252071923,-0.0607,1.2143,-0.1278,1.222
8.254526154,-0.0761,1.2153,-0.1172,1.223
8.257067,-0.0913,1.2094,-0.1036,1.217
8.260316538,-0.1096,1.1982,-0.0908,1.207
8.261772,-0.1272,1.1796,-0.0813,1.189
8.264114385,-0.1472,1.1571,-0.0747,1.169
8.266612846,-0.1667,1.1317,-0.0620,1.146
8.269444615,-0.1873,1.1168,-0.0466,1.133
8.271572615,-0.2224,1.1175,-0.0603,1.141
8.274321231,-0.2618,1.1070,-0.1324,1.145
8.276667692,-0.3018,1.0789,-0.2502,1.148
8.278733846,-0.3244,1.0249,-0.3386,1.127
8.28118,-0.3400,0.9402,-0.3694,1.066
8.283413538,-0.3422,0.8273,-0.4006,0.981
8.286264,-0.3363,0.7086,-0.5006,0.930
8.288069769,-0.3253,0.6277,-0.7791,1.052
8.291224,-0.3251,0.5903,-1.1937,1.371
8.293584923,-0.3386,0.5961,-1.4600,1.613
8.295645462,-0.3617,0.6829,-1.3638,1.567
8.298480923,-0.3623,0.8305,-0.9587,1.319
8.300328615,-0.3623,1.0115,-0.3510,1.130
8.302562154,-0.3542,1.1806,0.2264,1.253
8.305125462,-0.3463,1.3169,0.6424,1.506
8.307782692,-0.3833,1.4158,0.9021,1.722
8.309998385,-0.5112,1.5155,1.0595,1.918
8.312303077,-0.6901,1.6245,1.1372,2.100
8.314753231,-0.7823,1.6748,0.9987,2.101
8.322605154,-0.6984,1.6492,0.6923,1.920
8.323328,-0.5198,1.5919,0.3588,1.713
8.323731308,-0.3239,1.5621,0.1282,1.601
8.329692539,-0.1306,1.5935,0.0290,1.599
8.330246154,0.0603,1.6399,0.0337,1.641
8.330449462,0.2702,1.6797,0.1529,1.708
8.331576308,0.4826,1.7263,0.3227,1.821
8.337245539,0.6587,1.7982,0.4213,1.961
8.337592308,0.7134,1.9267,0.3097,2.078
8.338814769,0.6939,2.0426,0.0409,2.158
8.342223,0.6242,2.1265,-0.3909,2.250
8.343712308,0.5023,2.1708,-0.9279,2.414
8.345917846,0.4251,2.1979,-1.2860,2.582
8.348623077,0.3960,2.2336,-1.4432,2.689
8.351239,0.4183,2.2685,-1.3454,2.670
8.353539308,0.5250,2.2998,-0.9870,2.557
8.355748615,0.6313,2.3396,-0.5382,2.482
8.359393231,0.7354,2.3618,-0.1034,2.476
8.360398154,0.8932,2.3479,0.2760,2.527
8.363025462,1.0950,2.2951,0.5760,2.607
8.365637769,1.3014,2.2277,0.7216,2.679
8.367790077,1.4183,2.1747,0.7600,2.705
8.370620846,1.4300,2.1212,0.6710,2.645
8.373392231,1.3396,2.0684,0.4223,2.500
8.375685539,1.2399,2.0037,0.0889,2.358
8.377417539,1.1437,1.9280,-0.2087,2.251
8.379934154,1.0281,1.8409,-0.3929,2.145
8.382455385,0.9254,1.7491,-0.4947,2.040
8.384785846,0.8306,1.6567,-0.5199,1.925
8.387171615,0.7288,1.5683,-0.4861,1.796
8.389717154,0.6357,1.4787,-0.4437,1.670
8.392024846,0.5416,1.3951,-0.4134,1.553
8.394322769,0.4165,1.3252,-0.3965,1.445
8.397167615,0.2714,1.2817,-0.3694,1.361
8.400518462,0.1036,1.2568,-0.3247,1.302
8.401477769,-0.0715,1.2424,-0.2627,1.272
8.403950385,-0.2623,1.2488,-0.1942,1.291
8.408986385,-0.4590,1.2532,-0.1502,1.343
8.410215077,-0.6673,1.2656,-0.1378,1.437
8.419592539,-0.8746,1.2685,-0.1490,1.548
8.420245769,-1.0544,1.2516,-0.1688,1.645
8.420763923,-1.1758,1.1969,-0.1651,1.686
8.421356923,-1.3106,1.1603,-0.2131,1.763
8.421881539,-1.3786,1.1023,-0.2392,1.781
8.425339923,-1.4120,1.0352,-0.2953,1.776
8.425869462,-1.4066,0.9446,-0.3300,1.726
8.428044308,-1.3964,0.8661,-0.3557,1.681
8.430473539,-1.3842,0.8102,-0.3337,1.638
8.432794769,-1.3938,0.7806,-0.3312,1.631
8.435078077,-1.4059,0.7591,-0.3564,1.637
8.437472231,-1.4087,0.7430,-0.3440,1.629
8.440220539,-1.4204,0.7425,-0.3252,1.635
8.442390077,-1.4301,0.7457,-0.3268,1.646
8.444770077,-1.4292,0.7454,-0.3305,1.645
8.447281462,-1.4189,0.7535,-0.3466,1.644
8.449805769,-1.4064,0.7650,-0.3615,1.641
8.452142077,-1.3966,0.7899,-0.3652,1.646
8.454548308,-1.3915,0.8273,-0.3582,1.658
8.456929462,-1.3725,0.8622,-0.3426,1.657
8.459207923,-1.3388,0.8889,-0.3124,1.637
8.462034385,-1.3041,0.9077,-0.2993,1.617
8.464298462,-1.2703,0.9201,-0.2953,1.596
8.466850462,-1.2207,0.9169,-0.2958,1.555
8.469409462,-1.1602,0.9124,-0.3105,1.508
8.471215615,-1.0933,0.8991,-0.3333,1.454
8.474023923,-1.0216,0.8866,-0.3594,1.400
8.476046692,-0.9461,0.8730,-0.3899,1.345
8.478460923,-0.8653,0.8630,-0.4127,1.290
8.481022462,-0.7839,0.8458,-0.4293,1.231
8.483787615,-0.7013,0.8358,-0.4454,1.178
8.485679,-0.6144,0.8251,-0.4417,1.120
8.488293154,-0.5318,0.8258,-0.4334,1.074
8.490498769,-0.4600,0.8316,-0.4376,1.046
8.493027385,-0.3808,0.8312,-0.4358,1.013
8.495736308,-0.3031,0.8241,-0.4319,0.979
8.498538385,-0.2438,0.8248,-0.4251,0.959
8.500767385,-0.1678,0.8221,-0.4192,0.938
8.502739385,-0.0933,0.8165,-0.3911,0.910
8.508945231,-0.0278,0.8192,-0.3559,0.894
8.509471,0.0019,0.8300,-0.3054,0.884
8.509904539,-0.0143,0.8527,-0.2494,0.888
8.512537769,-0.0449,0.8764,-0.2167,0.904
8.519652,-0.0812,0.8991,-0.1998,0.925
8.520460308,-0.1135,0.9120,-0.1952,0.940
8.520804,-0.1345,0.9233,-0.2077,0.956
8.522143308,-0.1478,0.9204,-0.2089,0.955
8.530217154,-0.1609,0.9169,-0.2360,0.960
8.530668539,-0.1646,0.9133,-0.2074,0.951
8.530878692,-0.1727,0.9033,-0.1316,0.929
8.537002385,-0.1648,0.8905,-0.1111,0.912
8.537385769,-0.1609,0.8824,-0.1011,0.903
8.537592615,-0.1431,0.8663,-0.1141,0.885
8.539191923,-0.1231,0.8493,-0.1421,0.870
8.541331385,-0.1071,0.8353,-0.1728,0.860
8.543965154,-0.0877,0.8256,-0.1966,0.853
8.546380615,-0.0663,0.8216,-0.1979,0.848
8.548772,-0.0525,0.8248,-0.1973,0.850
8.551403615,-0.0390,0.8370,-0.2064,0.863
8.553774077,-0.0272,0.8591,-0.2233,0.888
8.557478077,-0.0165,0.8810,-0.2301,0.911
8.558550769,-0.0095,0.9050,-0.2187,0.931
8.560792539,-0.0004,0.9299,-0.1966,0.950
8.564973769,0.0081,0.9497,-0.1737,0.965
8.565534154,0.0176,0.9670,-0.1549,0.980
8.567958077,0.0298,0.9825,-0.1463,0.994
8.571119,0.0424,0.9930,-0.1495,1.005
8.574931,0.0566,1.0066,-0.1573,1.020
8.575678769,0.0657,1.0115,-0.1698,1.028
8.577595308,0.0762,1.0076,-0.1823,1.027
8.580029539,0.0887,1.0032,-0.2013,1.027
8.582477846,0.0926,0.9946,-0.2206,1.023
8.584908615,0.0994,0.9844,-0.2352,1.017
8.587408615,0.1009,0.9737,-0.2385,1.008
8.590654154,0.1031,0.9623,-0.2362,0.996
8.591917154,0.1029,0.9426,-0.2311,0.976
8.594613769,0.0992,0.9199,-0.2296,0.953
8.597273846,0.0894,0.8957,-0.2271,0.928
8.599487308,0.0792,0.8747,-0.2284,0.907
8.601838385,0.0640,0.8537,-0.2269,0.886
8.604290077,0.0471,0.8349,-0.2304,0.867
8.607111385,0.0298,0.8132,-0.2320,0.846
8.608991308,0.0139,0.7980,-0.2389,0.833
8.611483692,-0.0006,0.7857,-0.2482,0.824
8.619130769,-0.0134,0.7750,-0.2526,0.815
8.620183692,-0.0195,0.7684,-0.2518,0.809
8.620641769,-0.0227,0.7643,-0.2436,0.802
8.621063385,-0.0192,0.7631,-0.2274,0.796
8.626196923,-0.0104,0.7687,-0.2122,0.798
8.626828308,0.0061,0.7760,-0.1976,0.801
8.628876615,0.0230,0.7855,-0.1877,0.808
8.635004923,0.0428,0.7980,-0.1815,0.819
8.635467923,0.0694,0.8087,-0.1768,0.831
8.635795692,0.0921,0.8202,-0.1683,0.842
8.637938462,0.1176,0.8263,-0.1602,0.850
8.640447923,0.1453,0.8305,-0.1497,0.856
8.642783692,0.1710,0.8314,-0.1427,0.861
8.645620923,0.1961,0.8356,-0.1332,0.869
8.648470692,0.2228,0.8412,-0.1102,0.877
8.650200615,0.2490,0.8461,-0.0911,0.887
8.652345462,0.2704,0.8468,-0.0877,0.893
8.654870462,0.2895,0.8430,-0.0938,0.896
8.657355615,0.2858,0.8686,-0.0889,0.919
8.660034462,0.2797,0.8845,-0.1195,0.935
8.662351308,0.2660,0.8966,-0.1570,0.948
8.664501231,0.2490,0.9059,-0.1891,0.958
8.66688,0.2243,0.9136,-0.2171,0.965
8.669326077,0.1913,0.9313,-0.2416,0.981
8.673018154,0.1500,0.9480,-0.2631,0.995
8.674358385,0.1106,0.9712,-0.2744,1.015
8.676459385,0.0694,0.9907,-0.2702,1.029
8.679252,0.0284,1.0181,-0.2574,1.050
8.681823615,-0.0116,1.0440,-0.2372,1.071
8.683801846,-0.0507,1.0755,-0.2208,1.099
8.686336846,-0.0877,1.0916,-0.2042,1.114
8.689073769,-0.1218,1.1121,-0.1873,1.134
8.690936923,-0.1497,1.1227,-0.1744,1.146
8.693400539,-0.1741,1.1276,-0.1700,1.154
8.695858154,-0.1942,1.1234,-0.1695,1.153
8.698404615,-0.2056,1.1116,-0.1744,1.144
8.700760846,-0.2181,1.0999,-0.1781,1.135
8.703067385,-0.2281,1.0850,-0.1737,1.122
8.709711308,-0.2330,1.0652,-0.1663,1.103
8.710547,-0.2364,1.0410,-0.1549,1.079
8.710909769,-0.2406,1.0093,-0.1393,1.047
8.712931077,-0.2494,0.9697,-0.1302,1.010
8.716916846,-0.2599,0.9299,-0.1297,0.974
8.717491,-0.2741,0.8803,-0.1407,0.933
8.720091385,-0.2906,0.8327,-0.1602,0.896
8.725573462,-0.3085,0.7848,-0.1815,0.863
8.726329231,-0.3351,0.7398,-0.1954,0.835
8.727269846,-0.3652,0.6995,-0.2022,0.815
8.730367923,-0.3898,0.6653,-0.1898,0.794
8.731765539,-0.4167,0.6333,-0.1651,0.776
8.734454692,-0.4467,0.6015,-0.1378,0.762
8.736731308,-0.4781,0.5688,-0.1158,0.752
8.739428308,-0.5123,0.5360,-0.1026,0.748
8.741688923,-0.5415,0.5029,-0.1058,0.747
8.744191,-0.5685,0.4722,-0.1178,0.748
8.746864615,-0.5978,0.4526,-0.1346,0.762
8.748678462,-0.6332,0.4493,-0.1490,0.791
8.751599615,-0.6435,0.4371,-0.1432,0.791
8.753781231,-0.6486,0.4481,-0.1243,0.798
8.755992615,-0.6449,0.4706,-0.0985,0.804
8.758688231,-0.6214,0.5104,-0.0740,0.808
8.761026692,-0.5780,0.5505,-0.0615,0.801
8.763405154,-0.5196,0.5957,-0.0635,0.793
8.765574385,-0.4560,0.6490,-0.0559,0.795
8.768412846,-0.3847,0.7083,-0.0415,0.807
8.771523692,-0.3134,0.7728,-0.0579,0.836
8.77304,-0.2450,0.8393,-0.1143,0.882
8.775203077,-0.1870,0.9262,-0.1749,0.961
8.778033539,-0.1367,1.0338,-0.2128,1.064
8.780307385,-0.0957,1.1512,-0.2409,1.180
8.782718462,-0.0586,1.2641,-0.2585,1.292
8.785187615,-0.0326,1.3678,-0.2870,1.398
8.788189769,-0.0055,1.4351,-0.3217,1.471
8.789720308,0.0344,1.4666,-0.3836,1.516
8.792417846,0.0420,1.5143,-0.4244,1.573
8.794597462,0.0435,1.5272,-0.4373,1.589
8.797075692,0.0466,1.4950,-0.4268,1.555
8.799711308,0.0308,1.4144,-0.3860,1.466
8.802507923,-0.0167,1.2832,-0.3386,1.327
8.809371923,-0.0812,1.1249,-0.2861,1.164
8.810297462,-0.1660,0.9450,-0.2421,0.990
8.810583385,-0.2601,0.7422,-0.2269,0.819
8.812042154,-0.3820,0.5612,-0.2423,0.721
8.815626385,-0.5345,0.3916,-0.2553,0.710
8.816343077,-0.6882,0.2446,-0.2934,0.787
8.819380539,-0.8467,0.1349,-0.2768,0.901
8.824144231,-1.0067,0.0919,-0.2143,1.033
8.824669154,-1.1418,0.0839,-0.1251,1.152
8.825979,-1.2750,0.1085,-0.0319,1.280
8.829077154,-1.3707,0.1530,0.0446,1.380
8.830816,-1.4155,0.2190,0.0984,1.436
8.833208231,-1.3940,0.2940,0.1624,1.434
8.838004923,-1.3134,0.3765,0.2184,1.384
8.838991923,-1.2127,0.4474,0.2333,1.313
8.840624308,-1.1028,0.5121,0.2014,1.232
8.842975308,-0.9980,0.5730,0.1378,1.159
8.846207077,-0.8983,0.6264,0.0586,1.097
8.847846385,-0.8120,0.6851,-0.0170,1.063
8.850448308,-0.7419,0.7376,-0.0776,1.049
8.852879,-0.6815,0.7889,-0.1219,1.050
8.855030462,-0.6398,0.8388,-0.1483,1.065
8.857270154,-0.6019,0.8933,-0.1607,1.089
8.859944923,-0.5711,0.9355,-0.1627,1.108
8.862718154,-0.5464,0.9739,-0.1622,1.128
8.864566154,-0.5173,1.0032,-0.1654,1.141
8.867071077,-0.4922,1.0361,-0.1639,1.159
8.870930077,-0.4685,1.0741,-0.1644,1.183
8.872424615,-0.4480,1.1190,-0.1740,1.218
8.874164231,-0.4374,1.1806,-0.1771,1.271
8.876883308,-0.4245,1.2527,-0.1903,1.336
8.879332,-0.4287,1.3436,-0.2152,1.427
8.881492923,-0.4220,1.4447,-0.2418,1.524
8.884113154,-0.4080,1.5463,-0.2667,1.621
8.886479,-0.3984,1.6469,-0.2993,1.721
8.889038692,-0.3947,1.7435,-0.3464,1.821
8.891215385,-0.3862,1.8309,-0.3960,1.913
8.894000615,-0.3847,1.9076,-0.4444,1.996
8.896255692,-0.3801,1.9676,-0.4796,2.061
8.898241769,-0.3659,2.0163,-0.4935,2.108
8.901141462,-0.3427,2.0496,-0.4693,2.130
8.903814077,-0.3119,2.0440,-0.4434,2.115
8.905465769,-0.2738,1.9956,-0.4212,2.058
8.908118077,-0.2396,1.9022,-0.4160,1.962
8.910453769,-0.2179,1.7579,-0.4430,1.826
8.912818462,-0.2264,1.5874,-0.4974,1.679
8.915257539,-0.2662,1.4178,-0.5529,1.545
8.917917769,-0.3378,1.2749,-0.5919,1.446
8.924428923,-0.4367,1.1730,-0.6161,1.395
8.925225769,-0.5545,1.1202,-0.6301,1.400
8.926024539,-0.6877,1.1156,-0.6394,1.458
8.927690154,-0.8294,1.1417,-0.6391,1.549
8.931941154,-0.9657,1.1879,-0.6210,1.652
8.932378462,-1.0830,1.2470,-0.5739,1.748
8.935140231,-1.1772,1.3015,-0.5043,1.826
8.939151,-1.2494,1.3408,-0.4275,1.882
8.939559385,-1.2980,1.3685,-0.3508,1.918
8.942027923,-1.3258,1.3848,-0.2726,1.936
8.944900231,-1.3383,1.3848,-0.2040,1.937
8.946579308,-1.3400,1.3713,-0.1488,1.923
8.949186385,-1.3309,1.3403,-0.1221,1.893
8.951534692,-1.3087,1.2935,-0.1067,1.843
8.954615385,-1.2833,1.2431,-0.1243,1.791
8.956399385,-1.2484,1.1866,-0.1654,1.730
8.958815385,-1.2073,1.1327,-0.2079,1.668
8.961672539,-1.1501,1.0723,-0.2382,1.590
8.963493154,-1.0791,1.0105,-0.2595,1.501
8.965958385,-0.9989,0.9460,-0.2770,1.403
8.96866,-0.9032,0.8808,-0.2721,1.291
8.970721154,-0.8133,0.8190,-0.2506,1.181
8.972990077,-0.7285,0.7655,-0.2143,1.078
8.975698077,-0.6603,0.7179,-0.1842,0.993
8.978309462,-0.6081,0.6739,-0.1786,0.925
8.980228,-0.5753,0.6323,-0.1952,0.877
8.982767077,-0.5531,0.6008,-0.2122,0.844
8.986294154,-0.5489,0.5676,-0.2306,0.823
8.987537539,-0.5391,0.5234,-0.2562,0.794
8.990148846,-0.5382,0.4904,-0.2942,0.785
8.992422154,-0.5284,0.4379,-0.3335,0.763
8.995187077,-0.5284,0.3914,-0.3562,0.748
8.997268231,-0.5303,0.3460,-0.3620,0.729
9.000036,-0.5480,0.3001,-0.3584,0.720
9.003062154,-0.5775,0.2576,-0.3366,0.716
9.004453769,-0.6176,0.2180,-0.3135,0.726
9.007116539,-0.6708,0.1818,-0.2951,0.755
9.009398769,-0.7306,0.1471,-0.2770,0.795
9.011693154,-0.8098,0.1207,-0.2723,0.863
9.014054154,-0.9019,0.1073,-0.2602,0.945
9.016471615,-0.9955,0.1034,-0.2685,1.036
9.023485231,-1.0861,0.1141,-0.3176,1.137
9.024287077,-1.1780,0.1312,-0.3591,1.238
9.024987692,-1.2545,0.1486,-0.3584,1.313
9.026496923,-1.3050,0.1510,-0.3023,1.348
9.030021846,-1.3339,0.1300,-0.2182,1.358
9.030815077,-1.3344,0.0904,-0.1190,1.343
9.033451077,-1.3136,0.0371,-0.0405,1.315
9.038277539,-1.2664,-0.0182,-0.0093,1.267
9.039177462,-1.1963,-0.0661,-0.0017,1.198
9.040446154,-1.1003,-0.1101,0.0067,1.106
9.043807692,-0.9848,-0.1438,0.0458,0.996
9.045480308,-0.8518,-0.1543,0.1169,0.874
9.047785846,-0.7141,-0.1471,0.2140,0.760
9.050407615,-0.5687,-0.1284,0.3309,0.670
9.052901539,-0.4233,-0.1068,0.4348,0.616
9.055017462,-0.2794,-0.0839,0.5019,0.581
9.057592846,-0.1423,-0.0641,0.5222,0.545
9.060792231,-0.0165,-0.0455,0.4959,0.498
9.062368,0.0909,-0.0274,0.4580,0.468
9.064661462,0.1910,-0.0062,0.3991,0.442
9.067271385,0.2709,0.0173,0.3258,0.424
9.069704,0.3254,0.0482,0.2477,0.412
9.071911,0.3525,0.0809,0.1763,0.402
9.074404,0.3716,0.1129,0.0874,0.398
9.077243923,0.3555,0.1635,0.0000,0.391
9.079103615,0.3264,0.2160,-0.0962,0.403
9.081508539,0.2878,0.2737,-0.1920,0.441
9.085522154,0.2369,0.3243,-0.2732,0.486
9.086435923,0.1857,0.3731,-0.3271,0.530
9.089221769,0.1337,0.4214,-0.3594,0.570
9.094173462,0.0843,0.4626,-0.3755,0.602
9.095190154,0.0386,0.4967,-0.3738,0.623
9.096304231,-0.0060,0.5327,-0.3620,0.644
9.098451692,-0.0539,0.5605,-0.3435,0.660
9.101952308,-0.0986,0.5879,-0.3168,0.675
9.103452,-0.1472,0.6071,-0.2925,0.690
9.105680231,-0.1946,0.6218,-0.2678,0.704
9.109987308,-0.2410,0.6323,-0.2409,0.718
9.113628,-0.2777,0.6473,-0.2094,0.735
9.114540846,-0.3102,0.6587,-0.1730,0.748
9.116064,-0.3314,0.6678,-0.1381,0.758
9.123999615,-0.3519,0.6767,-0.0985,0.769
9.124614462,-0.3644,0.6885,-0.0598,0.781
9.125150154,-0.3779,0.7027,-0.0274,0.798
9.125378769,-0.3894,0.7095,0.0002,0.809
9.132995308,-0.3957,0.7207,0.0173,0.822
9.133832923,-0.4082,0.7298,0.0272,0.837
9.134379308,-0.4182,0.7371,0.0297,0.848
9.134900846,-0.4292,0.7442,0.0278,0.860
9.137933539,-0.4150,0.7496,0.0246,0.857
9.139900846,-0.4101,0.7550,0.0229,0.859
9.141938385,-0.4047,0.7615,0.0139,0.862
9.144131692,-0.4321,0.7659,-0.0068,0.879
9.146625539,-0.4641,0.7667,-0.0303,0.897
9.149511692,-0.4749,0.7706,-0.0513,0.907
9.151689154,-0.4849,0.7860,-0.0454,0.925
9.154268231,-0.4951,0.7955,-0.0420,0.938
9.156968539,-0.5205,0.7969,-0.0631,0.954
9.159327692,-0.5303,0.8111,-0.0552,0.971
9.162168923,-0.5543,0.8273,-0.0589,0.998
9.163513846,-0.5931,0.8386,-0.0684,1.029
9.166297769,-0.6217,0.8500,-0.0762,1.056
9.168440308,-0.6459,0.8556,-0.0767,1.075
9.170886385,-0.6598,0.8554,-0.0666,1.082
9.173381846,-0.6649,0.8412,-0.0469,1.073
9.176167692,-0.6637,0.8190,-0.0225,1.054
9.178156,-0.6577,0.7958,-0.0073,1.032
9.180630692,-0.6473,0.7723,0.0067,1.008
9.183351308,-0.6351,0.7515,0.0173,0.984
9.186119692,-0.6102,0.7237,0.0136,0.947
9.187752615,-0.6097,0.7144,0.0214,0.939
9.190117539,-0.6048,0.7076,0.0173,0.931
9.192731692,-0.5931,0.6946,0.0092,0.913
9.195188308,-0.5792,0.6819,-0.0203,0.895
9.197594769,-0.5692,0.6770,-0.0473,0.886
9.200004231,-0.5657,0.6814,-0.0699,0.888
9.202423615,-0.5564,0.6829,-0.0823,0.885
9.204868846,-0.5592,0.6924,-0.0953,0.895
9.207233462,-0.5709,0.7054,-0.0987,0.913
9.209452923,-0.5874,0.7242,-0.0980,0.938
9.211810077,-0.6036,0.7364,-0.1092,0.958
9.214536,-0.6124,0.7501,-0.1223,0.976
9.216796539,-0.6168,0.7731,-0.1360,0.998
9.222393154,-0.6181,0.7845,-0.1468,1.009
9.222998462,-0.6181,0.7992,-0.1495,1.021
9.224790692,-0.6403,0.8265,-0.1630,1.058
9.227977154,-0.6586,0.8547,-0.1663,1.092
9.228584539,-0.6442,0.8519,-0.1673,1.081
9.231187077,-0.6593,0.8808,-0.1754,1.114
9.237033539,-0.6324,0.8737,-0.1824,1.094
9.237394462,-0.6540,0.9001,-0.2028,1.131
9.238138462,-0.6717,0.9294,-0.2224,1.168
9.241313769,-0.6779,0.9502,-0.2364,1.191
9.243187308,-0.7038,0.9851,-0.2494,1.236
9.245868,-0.7080,1.0086,-0.2618,1.260
9.248245462,-0.6962,1.0168,-0.2927,1.267
9.250547615,-0.6891,1.0230,-0.3277,1.276
9.252754154,-0.6831,1.0345,-0.3479,1.288
9.255543923,-0.6759,1.0438,-0.3645,1.296
9.258509769,-0.6598,1.0506,-0.3811,1.298
9.259961769,-0.6354,1.0508,-0.3941,1.290
9.262462077,-0.6146,1.0533,-0.3987,1.283
9.264971385,-0.5936,1.0487,-0.4051,1.271
9.267613846,-0.5592,1.0403,-0.4136,1.251
9.269732308,-0.5391,1.0333,-0.4195,1.239
9.272576308,-0.5019,1.0159,-0.4155,1.207
9.275255308,-0.4842,1.0107,-0.4107,1.194
9.277032231,-0.4802,1.0084,-0.3962,1.185
9.283675615,-0.4695,1.0027,-0.3813,1.171
9.284550154,-0.4555,0.9912,-0.3706,1.152
9.285508846,-0.4539,0.9790,-0.3545,1.136
9.286991077,-0.4567,0.9770,-0.3359,1.130
9.289537154,-0.4702,0.9814,-0.3161,1.133
9.292172846,-0.4868,0.9881,-0.2946,1.140
9.29386,-0.5103,0.9981,-0.2744,1.154
9.296490077,-0.5366,1.0164,-0.2604,1.179
9.298800923,-0.5672,1.0310,-0.2367,1.200
9.301019615,-0.5929,1.0477,-0.2128,1.222
9.303510462,-0.6163,1.0604,-0.1840,1.240
9.306601154,-0.6337,1.0736,-0.1619,1.257
9.308548539,-0.6463,1.0782,-0.1402,1.265
9.310666154,-0.6552,1.0785,-0.1162,1.267
9.313228923,-0.6598,1.0785,-0.0911,1.268
9.315582692,-0.6649,1.0706,-0.0708,1.262
9.322041462,-0.6647,1.0564,-0.0535,1.249
9.322829154,-0.6549,1.0361,-0.0349,1.226
9.323290769,-0.6400,1.0125,-0.0214,1.198
9.330230692,-0.6207,0.9839,-0.0137,1.163
9.330747923,-0.5907,0.9504,-0.0075,1.119
9.331151385,-0.5589,0.9171,-0.0078,1.074
9.337139923,-0.5179,0.8879,-0.0124,1.028
9.337665462,-0.4749,0.8640,-0.0214,0.986
9.337931615,-0.4309,0.8432,-0.0249,0.947
9.339688923,-0.3882,0.8270,-0.0263,0.914
9.342063923,-0.3476,0.8119,-0.0266,0.884
9.344419692,-0.3185,0.8041,-0.0271,0.865
9.346998462,-0.2923,0.7941,-0.0340,0.847
9.349851308,-0.2643,0.7901,-0.0410,0.834
9.351640846,-0.2482,0.7850,-0.0366,0.824
9.354159308,-0.2359,0.7850,-0.0391,0.821
9.357829231,-0.2235,0.7875,-0.0417,0.820
9.359125769,-0.2152,0.7906,-0.0459,0.821
9.361422077,-0.2035,0.7958,-0.0420,0.822
9.363875615,-0.2005,0.7929,-0.0398,0.819
9.366811692,-0.1949,0.7948,-0.0342,0.819
9.368668231,-0.1944,0.7950,-0.0300,0.819
9.371102692,-0.1905,0.7934,-0.0344,0.817
9.374388,-0.1856,0.7921,-0.0400,0.815
9.376055077,-0.1814,0.7894,-0.0422,0.811
9.378231923,-0.1834,0.7865,-0.0473,0.809
9.380711923,-0.1939,0.7811,-0.0484,0.806
9.383240923,-0.2039,0.7757,-0.0508,0.804
9.385588,-0.2184,0.7762,-0.0533,0.808
9.388377154,-0.2315,0.7789,-0.0577,0.815
9.390917154,-0.2450,0.7799,-0.0571,0.819
9.392591,-0.2564,0.7801,-0.0564,0.823
9.395554385,-0.2669,0.7897,-0.0528,0.835
9.397536308,-0.2782,0.7943,-0.0449,0.843
9.399990462,-0.2890,0.7997,-0.0433,0.851
9.402459692,-0.2967,0.8080,-0.0452,0.862
9.405282077,-0.3021,0.8148,-0.0464,0.870
9.411946769,-0.3060,0.8232,-0.0473,0.879
9.413001769,-0.3146,0.8327,-0.0517,0.892
9.413489231,-0.3158,0.8442,-0.0515,0.903
9.419387692,-0.3107,0.8517,-0.0517,0.908
9.420034462,-0.2983,0.8610,-0.0561,0.913
9.420509539,-0.2934,0.8730,-0.0598,0.923
9.424542077,-0.2806,0.8835,-0.0666,0.929
9.424752615,-0.2569,0.8910,-0.0806,0.931
9.427556308,-0.2413,0.9023,-0.0867,0.938
9.428936615,-0.2237,0.9133,-0.0911,0.945
9.431420923,-0.2059,0.9213,-0.0965,0.949
9.433451077,-0.1917,0.9299,-0.0969,0.954
9.436097154,-0.1700,0.9360,-0.0994,0.957
9.438844,-0.1497,0.9390,-0.1038,0.956
9.440918077,-0.1318,0.9441,-0.1127,0.960
9.443394385,-0.1196,0.9490,-0.1229,0.964
9.446247615,-0.1150,0.9565,-0.1290,0.972
9.448181769,-0.1157,0.9688,-0.1321,0.985
9.450410769,-0.1208,0.9805,-0.1272,0.996
9.453347,-0.1299,0.9946,-0.1385,1.013
9.455341539,-0.1360,1.0035,-0.1622,1.026
9.457784231,-0.1446,1.0137,-0.1214,1.031
9.460024923,-0.1472,1.0215,-0.0941,1.036
9.462684231,-0.1482,1.0224,-0.0855,1.037
9.465156539,-0.1374,1.0174,-0.0687,1.029
9.467335,-0.1204,1.0076,-0.0579,1.016
9.469784846,-0.1066,0.9870,-0.0498,0.994
9.472919923,-0.0898,0.9678,-0.0328,0.972
9.474499,-0.0800,0.9499,-0.0214,0.954
9.477081231,-0.0696,0.9287,-0.0144,0.931
9.479748846,-0.0605,0.9028,-0.0105,0.905
9.481772,-0.0542,0.8808,-0.0073,0.883
9.484187,-0.0519,0.8615,-0.0002,0.863
9.487215,-0.0574,0.8417,0.0111,0.844
9.489618385,-0.0598,0.8244,0.0200,0.827
9.491560846,-0.0663,0.8080,0.0258,0.811
9.494277769,-0.0773,0.7929,0.0281,0.797
9.496418077,-0.0859,0.7838,0.0321,0.789
9.499174154,-0.0952,0.7762,0.0390,0.783
9.501571615,-0.1094,0.7752,0.0490,0.784
9.504142769,-0.1140,0.7764,0.0549,0.787
9.509241539,-0.1169,0.7813,0.0581,0.792
9.509783077,-0.1131,0.7818,0.0619,0.792
9.511626077,-0.1108,0.7882,0.0539,0.798
9.515209846,-0.1033,0.7967,0.0427,0.805
9.515543,-0.0984,0.8114,0.0283,0.818
9.517884308,-0.0910,0.8260,0.0155,0.831
9.520218077,-0.0840,0.8378,0.0048,0.842
9.524096,-0.0817,0.8566,-0.0065,0.861
9.525310769,-0.0749,0.8764,-0.0142,0.880
9.528264231,-0.0749,0.9128,-0.0105,0.916
9.530718692,-0.0828,0.9756,-0.0170,0.979
9.532373154,-0.1031,1.0322,-0.0530,1.039
9.534946154,-0.1257,1.0645,-0.1530,1.083
9.537714769,-0.1425,1.0676,-0.2893,1.115
9.540577846,-0.1350,1.0271,-0.4283,1.121
9.542026462,-0.1131,0.9404,-0.5472,1.094
9.544862692,-0.0817,0.8346,-0.6923,1.087
9.547272,-0.0483,0.7391,-0.8576,1.133
9.549329539,-0.0178,0.6763,-1.0647,1.261
9.551691077,0.0012,0.6553,-1.3457,1.497
9.554043385,0.0137,0.6888,-1.6147,1.756
9.557879615,0.0242,0.7687,-1.7031,1.869
9.558980308,0.0361,0.8908,-1.5171,1.760
9.561382154,0.0437,1.0431,-1.1460,1.550
9.563951308,0.0645,1.2111,-0.6931,1.397
9.566495385,0.1036,1.3846,-0.2660,1.414
9.569008,0.1617,1.5388,0.0488,1.548
9.571017846,0.2045,1.6774,0.2398,1.707
9.573841539,0.2150,1.8141,0.3004,1.851
9.576289462,0.2164,1.9392,0.3757,1.987
9.578709462,0.2071,2.0625,0.5415,2.142
9.581541231,0.2306,2.2008,0.6254,2.300
9.583454769,0.3088,2.3015,0.6293,2.406
9.585903385,0.4172,2.3792,0.5976,2.488
9.588650077,0.5229,2.4525,0.5760,2.573
9.590288923,0.5854,2.5253,0.5963,2.660
9.593191,0.6024,2.5732,0.6300,2.717
9.595350462,0.6164,2.5770,0.6522,2.729
9.597811,0.6736,2.5057,0.6386,2.672
9.600679692,0.6911,2.3906,0.5821,2.556
9.602741154,0.7300,2.2397,0.4996,2.408
9.605386077,0.7766,2.0818,0.3764,2.254
9.607208923,0.7556,1.9304,0.2315,2.086
9.609819308,0.7745,1.8050,0.0857,1.966
9.612373539,0.7738,1.7063,-0.0828,1.875
9.615088539,0.7407,1.6228,-0.2233,1.798
9.617268,0.7156,1.5549,-0.2602,1.731
9.626264,0.6769,1.5131,-0.2320,1.674
9.627164539,0.6154,1.4913,-0.1011,1.616
9.627619,0.5443,1.4918,0.0962,1.591
9.627920539,0.4996,1.4835,0.3124,1.596
9.632664,0.4801,1.4549,0.4834,1.607
9.633035923,0.4598,1.4158,0.5022,1.571
9.633916616,0.4696,1.3469,0.3689,1.473
9.636156923,0.4989,1.2607,0.1958,1.370
9.642093462,0.5274,1.1798,0.0185,1.292
9.642848846,0.5331,1.1276,-0.1514,1.256
9.643495385,0.5365,1.0909,-0.3163,1.256
9.646456231,0.5372,1.0650,-0.4583,1.278
9.648151385,0.5162,1.0508,-0.5914,1.312
9.650833846,0.4612,1.0464,-0.7212,1.352
9.653203385,0.3821,1.0496,-0.8365,1.396
9.655668846,0.2917,1.0564,-0.9096,1.424
9.658576616,0.1849,1.0618,-0.9440,1.433
9.660719923,0.0545,1.0823,-0.9462,1.439
9.663294077,-0.1059,1.1241,-0.8993,1.443
9.665243308,-0.2843,1.1691,-0.8185,1.455
9.668149462,-0.4529,1.2118,-0.6934,1.468
9.671468846,-0.5958,1.2504,-0.5502,1.490
9.672779077,-0.7097,1.2893,-0.4486,1.539
9.674977539,-0.8254,1.3061,-0.3921,1.594
9.678100616,-0.9498,1.3161,-0.3420,1.659
9.680251692,-1.0686,1.3135,-0.3168,1.723
9.682219616,-1.1876,1.3084,-0.3156,1.795
9.684688846,-1.2906,1.2776,-0.3186,1.844
9.688014154,-1.3717,1.2236,-0.3289,1.867
9.689364231,-1.4331,1.1405,-0.3491,1.864
9.691790692,-1.4604,1.0279,-0.3528,1.820
9.694256231,-1.4861,0.9216,-0.3254,1.779
9.696792231,-1.5037,0.8011,-0.3755,1.745
9.699555,-1.5119,0.7039,-0.3450,1.703
9.701639692,-1.5289,0.6201,-0.3484,1.686
9.704262769,-1.5513,0.5512,-0.3557,1.684
9.706088231,-1.5608,0.4918,-0.3589,1.675
9.708654462,-1.5636,0.4477,-0.3571,1.665
9.712635692,-1.5543,0.4168,-0.3433,1.645
9.713745231,-1.5284,0.4049,-0.3103,1.611
9.715888846,-1.4934,0.4205,-0.2775,1.576
9.718424231,-1.4467,0.4586,-0.2255,1.534
9.725596,-1.3749,0.5453,-0.1651,1.488
9.726330769,-1.2889,0.6453,-0.1062,1.445
9.726793462,-1.1963,0.7391,-0.0743,1.408
9.732386154,-1.1042,0.8204,-0.0691,1.377
9.733341769,-1.0150,0.8959,-0.0901,1.357
9.733686154,-0.9330,0.9626,-0.1376,1.348
9.735051,-0.8477,1.0203,-0.1959,1.341
9.740700308,-0.7707,1.0716,-0.2570,1.345
9.741172231,-0.7020,1.1270,-0.2925,1.360
9.742495923,-0.6361,1.1656,-0.3440,1.372
9.745244846,-0.5746,1.1989,-0.3970,1.387
9.747363616,-0.5115,1.2189,-0.4390,1.393
9.749739616,-0.4253,1.2360,-0.4442,1.381
9.752415385,-0.3483,1.2448,-0.4566,1.371
9.755073539,-0.3302,1.2595,-0.4705,1.384
9.757029462,-0.3034,1.2581,-0.4691,1.377
9.759765462,-0.2753,1.2585,-0.4526,1.365
9.762934077,-0.2589,1.2563,-0.4176,1.349
9.763989769,-0.2420,1.2483,-0.3780,1.326
9.766523923,-0.2152,1.2318,-0.3333,1.294
9.769179923,-0.1793,1.2092,-0.2858,1.255
9.771372,-0.1423,1.1887,-0.2482,1.223
9.773728616,-0.1133,1.1649,-0.2203,1.191
9.778499692,-0.0854,1.1390,-0.2140,1.162
9.779587308,-0.0593,1.1170,-0.2208,1.140
9.781040923,-0.0430,1.0936,-0.2411,1.121
9.783423077,-0.0248,1.0745,-0.2616,1.106
9.787189769,-0.0092,1.0620,-0.2778,1.098
9.788391077,0.0044,1.0484,-0.2956,1.089
9.790630692,0.0225,1.0373,-0.3081,1.082
9.793037231,0.0271,1.0237,-0.3086,1.070
9.795680923,0.0237,1.0135,-0.2965,1.056
9.798725154,0.0070,1.0047,-0.2753,1.042
9.800541769,-0.0185,0.9979,-0.2558,1.030
9.803575077,-0.0505,0.9944,-0.2455,1.025
9.805215077,-0.0849,0.9844,-0.2465,1.018
9.807452923,-0.1174,0.9773,-0.2448,1.014
9.810065769,-0.1526,0.9737,-0.2487,1.016
9.812493462,-0.1881,0.9672,-0.2423,1.015
9.814883308,-0.2149,0.9634,-0.2171,1.011
9.817498692,-0.2364,0.9570,-0.1954,1.005
9.823812,-0.2574,0.9495,-0.1668,0.998
9.824569462,-0.2731,0.9355,-0.1356,0.984
9.825167385,-0.2880,0.9245,-0.1069,0.974
9.826859616,-0.2927,0.9120,-0.0836,0.961
9.831427,-0.2970,0.9001,-0.0726,0.951
9.831867308,-0.2946,0.8908,-0.0669,0.941
9.834271077,-0.2927,0.8798,-0.0654,0.929
9.839461154,-0.2855,0.8754,-0.0654,0.923
9.840332,-0.2760,0.8684,-0.0706,0.914
9.841564846,-0.2638,0.8663,-0.0813,0.909
9.844536308,-0.2522,0.8656,-0.0906,0.906
9.846110077,-0.2349,0.8603,-0.1090,0.898
9.848398154,-0.2203,0.8654,-0.1263,0.902
9.850936616,-0.2049,0.8686,-0.1456,0.904
9.853589462,-0.1934,0.8735,-0.1656,0.910
9.855817231,-0.1778,0.8808,-0.1842,0.917
9.858512923,-0.1636,0.8820,-0.2047,0.920
9.861285231,-0.1492,0.8889,-0.2213,0.928
9.862889462,-0.1373,0.8945,-0.2367,0.935
9.865474385,-0.1233,0.8987,-0.2480,0.940
9.868225769,-0.1091,0.9018,-0.2562,0.944
9.870472923,-0.0984,0.9082,-0.2631,0.951
9.872613154,-0.0845,0.9091,-0.2653,0.951
9.875004539,-0.0679,0.9150,-0.2676,0.956
9.877595,-0.0537,0.9160,-0.2695,0.956
9.879831,-0.0390,0.9140,-0.2627,0.952
9.882231923,-0.0229,0.9133,-0.2509,0.947
9.885158692,-0.0092,0.9131,-0.2409,0.944
9.887012616,0.0068,0.9120,-0.2362,0.942
9.889290154,0.0212,0.9120,-0.2348,0.942
9.892271,0.0284,0.9057,-0.2392,0.937
9.894456308,0.0384,0.9043,-0.2467,0.938
9.896684308,0.0459,0.9038,-0.2562,0.941
9.899147692,0.0503,0.9075,-0.2646,0.947
9.902664231,0.0574,0.9124,-0.2711,0.954
9.903767385,0.0626,0.9152,-0.2707,0.956
9.906571923,0.0675,0.9287,-0.2660,0.968
9.909047077,0.0724,0.9353,-0.2585,0.973
9.911596308,0.0762,0.9462,-0.2485,0.981
9.913763308,0.0840,0.9504,-0.2382,0.983
9.916390769,0.0969,0.9553,-0.2296,0.987
9.923000616,0.1073,0.9567,-0.2274,0.989
9.923908846,0.1221,0.9516,-0.2318,0.987
9.924379,0.1349,0.9480,-0.2338,0.986
9.930370077,0.1502,0.9353,-0.2401,0.977
9.930939,0.1605,0.9245,-0.2441,0.970
9.931120231,0.1644,0.9140,-0.2472,0.961
9.933578692,0.1659,0.9055,-0.2475,0.953
9.940070769,0.1649,0.8942,-0.2492,0.943
9.941120846,0.1566,0.8808,-0.2436,0.927
9.941425231,0.1425,0.8766,-0.2392,0.920
9.942691692,0.1270,0.8684,-0.2294,0.907
9.944934077,0.1109,0.8640,-0.2269,0.900
9.947250692,0.0885,0.8583,-0.2226,0.891
9.949856308,0.0666,0.8502,-0.2194,0.881
9.952549462,0.0466,0.8426,-0.2189,0.872
9.955073769,0.0288,0.8374,-0.2110,0.864
9.957183385,0.0117,0.8260,-0.1982,0.850
9.960092539,-0.0075,0.8151,-0.1864,0.836
9.961627077,-0.0223,0.8034,-0.1754,0.823
9.964169539,-0.0390,0.7906,-0.1632,0.808
9.966751,-0.0579,0.7745,-0.1497,0.791
9.969106692,-0.0740,0.7571,-0.1365,0.773
9.971722077,-0.0905,0.7384,-0.1187,0.753
9.974366385,-0.1076,0.7212,-0.1026,0.736
9.977135692,-0.1245,0.7051,-0.0929,0.722
9.978599308,-0.1362,0.6837,-0.0806,0.702
9.981292231,-0.1490,0.6685,-0.0715,0.689
9.983737154,-0.1670,0.6548,-0.0675,0.679
9.986398692,-0.1776,0.6465,-0.0613,0.673
9.988333539,-0.1837,0.6450,-0.0454,0.672
9.991072308,-0.1756,0.6497,-0.0266,0.674
9.993428,-0.1685,0.6580,-0.0186,0.679
9.995795923,-0.1627,0.6663,-0.0328,0.687
9.998218154,-0.1504,0.6778,-0.0640,0.697
10.002314385,-0.1399,0.6934,-0.1004,0.714
10.003179385,-0.1277,0.7034,-0.1363,0.728
10.005215923,-0.1157,0.7179,-0.1624,0.745
10.007848308,-0.1047,0.7333,-0.1791,0.762
10.010485846,-0.0977,0.7489,-0.1961,0.780
10.016949769,-0.0952,0.7594,-0.2110,0.794
10.017479308,-0.1033,0.7720,-0.2260,0.811
10.017669846,-0.1226,0.7829,-0.2401,0.828
10.021212231,-0.1506,0.7943,-0.2450,0.845
10.022062154,-0.1949,0.8041,-0.2380,0.861
10.024427616,-0.2459,0.8126,-0.2236,0.878
10.029889462,-0.2962,0.8219,-0.2122,0.899
10.030748616,-0.3500,0.8278,-0.1954,0.920
10.031885539,-0.3977,0.8285,-0.1817,0.937
10.037493769,-0.4416,0.8212,-0.1654,0.947
10.038064846,-0.4790,0.8111,-0.1451,0.953
10.038955385,-0.5164,0.7962,-0.1241,0.957
10.041420923,-0.5440,0.7787,-0.1094,0.956
10.043730769,-0.5669,0.7599,-0.0978,0.953
10.046139385,-0.5794,0.7373,-0.0860,0.942
10.048712308,-0.5834,0.7142,-0.0701,0.925
10.053237539,-0.5809,0.6939,-0.0589,0.907
10.054163308,-0.5757,0.6678,-0.0728,0.885
10.056308308,-0.5672,0.6360,-0.0957,0.858
10.059207077,-0.5533,0.6030,-0.1360,0.830
10.060798692,-0.5364,0.5703,-0.1798,0.803
10.063087,-0.5147,0.5453,-0.2091,0.778
10.065619385,-0.4927,0.5248,-0.2292,0.755
10.067829846,-0.4734,0.5099,-0.2343,0.734
10.070285539,-0.4600,0.4960,-0.2374,0.717
10.072812,-0.4485,0.4794,-0.2490,0.702
10.075650385,-0.4460,0.4674,-0.2702,0.700
10.077518077,-0.4448,0.4579,-0.2883,0.700
10.080399692,-0.4490,0.4425,-0.3091,0.702
10.084231385,-0.4563,0.4393,-0.3198,0.710
10.085513462,-0.4614,0.4420,-0.3256,0.717
10.087320539,-0.4670,0.4554,-0.3279,0.730
10.090547385,-0.4851,0.4740,-0.3261,0.753
10.093350077,-0.5205,0.4994,-0.3242,0.791
10.094391077,-0.5643,0.5416,-0.3032,0.839
10.096897846,-0.6119,0.6010,-0.2643,0.898
10.100451308,-0.6544,0.6667,-0.2175,0.959
10.101696923,-0.6923,0.7386,-0.1776,1.028
10.104209539,-0.7178,0.8136,-0.1465,1.095
10.106663692,-0.7470,0.8898,-0.1407,1.170
10.109380616,-0.7776,0.9709,-0.1437,1.252
10.111217769,-0.7976,1.0589,-0.1368,1.333
10.113949539,-0.8182,1.1524,-0.1134,1.418
10.122075077,-0.8179,1.2248,-0.1021,1.476
10.122908539,-0.8220,1.3005,-0.0733,1.540
10.123432846,-0.8149,1.3655,-0.0635,1.591
10.124259,-0.7952,1.4036,-0.0669,1.615
10.129152308,-0.7646,1.4139,-0.0880,1.610
10.129763616,-0.7243,1.3995,-0.1226,1.581
10.130762077,-0.6720,1.3713,-0.1588,1.535
10.138152231,-0.6161,1.3425,-0.1952,1.490
10.138564231,-0.5524,1.3189,-0.2308,1.448
10.138748308,-0.4924,1.3089,-0.2602,1.422
10.142359616,-0.4329,1.3147,-0.2734,1.411
10.142763308,-0.3664,1.3389,-0.2723,1.415
10.144931923,-0.2962,1.3843,-0.2672,1.441
10.147698462,-0.2210,1.4403,-0.2413,1.477
10.150529462,-0.1409,1.4987,-0.1896,1.517
10.153045769,-0.0591,1.5448,-0.1309,1.551
10.155392539,0.0256,1.5617,-0.0950,1.565
10.157753231,0.1055,1.5326,-0.0840,1.539
10.159572539,0.1752,1.4620,-0.1148,1.477
10.162137231,0.2231,1.3492,-0.1823,1.380
10.164752,0.2416,1.2145,-0.2599,1.265
10.167474077,0.2224,1.0738,-0.3232,1.143
10.169191385,0.1539,0.9474,-0.3773,1.031
10.171584923,0.0422,0.8490,-0.4309,0.953
10.174415,-0.0994,0.7969,-0.4823,0.937
10.176448308,-0.2640,0.7980,-0.5091,0.983
10.178789846,-0.4441,0.8524,-0.4989,1.083
10.181280923,-0.6078,0.9529,-0.4535,1.218
10.183598154,-0.7595,1.0831,-0.3785,1.376
10.186469539,-0.8839,1.2201,-0.3232,1.541
10.188479,-0.9950,1.3760,-0.3035,1.725
10.191176308,-1.0735,1.5092,-0.2932,1.875
10.193278154,-1.1420,1.6347,-0.2897,2.015
10.195916923,-1.1746,1.7464,-0.2788,2.123
10.199132,-1.1853,1.8368,-0.2646,2.202
10.200557769,-1.1780,1.9062,-0.2658,2.257
10.202912231,-1.1580,1.9546,-0.2895,2.290
10.205430462,-1.1211,1.9826,-0.3317,2.302
10.207921462,-1.0695,1.9826,-0.3792,2.284
10.210356616,-0.9999,1.9597,-0.4207,2.240
10.212791,-0.9132,1.9248,-0.4586,2.179
10.220154462,-0.8240,1.8707,-0.4996,2.104
10.221157539,-0.7334,1.8080,-0.5380,2.024
10.221570077,-0.6451,1.7322,-0.5567,1.930
10.228370385,-0.5657,1.6557,-0.5536,1.835
10.229542769,-0.4971,1.5710,-0.5372,1.733
10.229804231,-0.4409,1.4882,-0.5099,1.634
10.230025769,-0.4006,1.4095,-0.4854,1.544
10.235816616,-0.3761,1.3347,-0.4523,1.459
10.236195923,-0.3664,1.2634,-0.4099,1.378
10.236695692,-0.3666,1.1864,-0.3579,1.292
10.240818077,-0.3715,1.1109,-0.3310,1.217
10.241847077,-0.3842,1.0352,-0.3438,1.156
10.243839308,-0.4047,0.9563,-0.3897,1.109
10.246382692,-0.4326,0.8803,-0.4337,1.072
10.248856616,-0.4580,0.8080,-0.4615,1.037
10.251114154,-0.4734,0.7381,-0.5035,1.011
10.254093231,-0.4807,0.6683,-0.5378,0.983
10.256087385,-0.4875,0.5991,-0.5518,0.949
10.258713846,-0.4954,0.5363,-0.5511,0.915
10.260795385,-0.5115,0.4674,-0.5355,0.876
10.264778462,-0.5291,0.3912,-0.4882,0.819
10.265896616,-0.5687,0.3331,-0.4183,0.781
10.268150769,-0.6337,0.2888,-0.3618,0.785
10.270664308,-0.7099,0.2290,-0.3357,0.818
10.273128846,-0.8057,0.1750,-0.3337,0.889
10.275759692,-0.9193,0.1141,-0.3417,0.987
10.277722154,-1.0460,0.0516,-0.3684,1.110
10.280527692,-1.1665,-0.0015,-0.4349,1.245
10.282797231,-1.2713,-0.0483,-0.5325,1.379
10.285038385,-1.3649,-0.1030,-0.6435,1.512
10.287594692,-1.4260,-0.1482,-0.7176,1.603
10.290588308,-1.4546,-0.1797,-0.7121,1.629
10.292234462,-1.4292,-0.1990,-0.6559,1.585
10.294654154,-1.3534,-0.2072,-0.5458,1.474
10.297156923,-1.2293,-0.2090,-0.3813,1.304
10.299906154,-1.0714,-0.2039,-0.1622,1.103
10.302403923,-0.8927,-0.1956,0.0964,0.919
10.304799692,-0.7074,-0.1855,0.3703,0.820
10.307330077,-0.5117,-0.1834,0.6312,0.833
10.309042692,-0.3281,-0.1839,0.8313,0.912
10.311969539,-0.1443,-0.1904,0.9559,0.985
10.314124539,0.0266,-0.2034,0.9803,1.002
10.316356308,0.1805,-0.2195,0.8968,0.941
10.318863616,0.2797,-0.2251,0.7214,0.806
10.321198385,0.3291,-0.2153,0.5096,0.644
10.327036308,0.3620,-0.1887,0.2970,0.505
10.327785769,0.3599,-0.1499,0.0915,0.400
10.328642154,0.3420,-0.0949,-0.0987,0.368
10.333963077,0.3023,-0.0306,-0.2526,0.395
10.334783692,0.2497,0.0408,-0.4070,0.479
10.335405231,0.1996,0.1105,-0.5236,0.571
10.338662077,0.1327,0.1989,-0.6039,0.649
10.342406154,0.0687,0.2803,-0.6511,0.712
10.343019077,0.0051,0.3613,-0.6743,0.765
10.345351308,-0.0556,0.4381,-0.6785,0.810
10.347775077,-0.1074,0.5029,-0.6682,0.843
10.350185846,-0.1616,0.5635,-0.6422,0.870
10.352600616,-0.2032,0.6135,-0.5998,0.882
10.354870154,-0.2471,0.6560,-0.5485,0.890
10.357252846,-0.2904,0.6893,-0.4886,0.893
10.359860231,-0.3412,0.7224,-0.4307,0.908
10.362287385,-0.3842,0.7384,-0.3689,0.910
10.364805846,-0.4152,0.7496,-0.3023,0.909
10.367053231,-0.4370,0.7564,-0.2590,0.911
10.369410769,-0.4453,0.7494,-0.2106,0.897
10.372527692,-0.4583,0.7494,-0.1683,0.894
10.374367385,-0.4774,0.7398,-0.1334,0.890
10.376598154,-0.4819,0.7252,-0.1346,0.881
10.379180308,-0.4656,0.7277,-0.0473,0.865
10.382015385,-0.4436,0.7217,0.0018,0.847
10.383825846,-0.4238,0.7137,0.0050,0.830
10.386472616,-0.4133,0.7079,-0.0124,0.820
10.389399385,-0.4050,0.6988,-0.0291,0.808
10.390974154,-0.4043,0.6934,-0.0454,0.804
10.394000231,-0.3877,0.6844,-0.0589,0.789
10.396387692,-0.3786,0.6746,-0.0652,0.776
10.398708,-0.3700,0.6626,-0.0799,0.763
10.400742769,-0.4018,0.6594,-0.1106,0.780
10.403201462,-0.4409,0.6504,-0.1397,0.798
10.406160616,-0.4580,0.6497,-0.1502,0.809
10.408362692,-0.4700,0.6531,-0.1478,0.818
10.410422077,-0.4966,0.6562,-0.1642,0.839
10.414140231,-0.5282,0.6641,-0.1823,0.868
10.415324231,-0.5682,0.6814,-0.1786,0.905
10.417841539,-0.6081,0.6973,-0.1730,0.941
10.420086077,-0.6432,0.7156,-0.1610,0.976
10.427198462,-0.6838,0.7322,-0.1493,1.013
10.428178385,-0.7148,0.7526,-0.1248,1.045
10.428477846,-0.7500,0.7760,-0.1202,1.086
10.433934769,-0.7842,0.7985,-0.1153,1.125
10.434288308,-0.8093,0.8200,-0.1178,1.158
10.434740539,-0.8084,0.8395,-0.1199,1.172
10.436891692,-0.7935,0.8568,-0.1304,1.175
10.439277539,-0.7754,0.8749,-0.1412,1.178
10.441507,-0.7602,0.8913,-0.1512,1.181
10.444213462,-0.7432,0.9084,-0.1605,1.185
10.446992616,-0.7187,0.9176,-0.1614,1.177
10.448708539,-0.6999,0.9292,-0.1630,1.175
10.451521769,-0.6766,0.9333,-0.1679,1.165
10.454452308,-0.6552,0.9355,-0.1771,1.156
10.455996231,-0.6268,0.9345,-0.1877,1.141
10.458686077,-0.6032,0.9369,-0.1949,1.131
10.461299616,-0.5729,0.9333,-0.2082,1.115
10.463362385,-0.5396,0.9301,-0.2211,1.098
10.465882462,-0.5098,0.9255,-0.2364,1.083
10.468166769,-0.4812,0.9243,-0.2524,1.072
10.471553846,-0.4529,0.9238,-0.2672,1.063
10.473075923,-0.4285,0.9231,-0.2841,1.057
10.475805154,-0.4043,0.9280,-0.2965,1.055
10.478195308,-0.3803,0.9316,-0.3017,1.051
10.480441769,-0.3659,0.9355,-0.3024,1.049
10.482913846,-0.3498,0.9424,-0.2958,1.048
10.485068923,-0.3368,0.9431,-0.2883,1.042
10.488019616,-0.3293,0.9514,-0.2853,1.046
10.490000846,-0.3232,0.9551,-0.2809,1.047
10.492256231,-0.3221,0.9607,-0.2788,1.051
10.494882385,-0.3209,0.9651,-0.2683,1.052
10.497039077,-0.3241,0.9758,-0.2636,1.061
10.499522077,-0.3241,0.9814,-0.2627,1.066
10.502724846,-0.3283,0.9898,-0.2714,1.078
10.504585462,-0.3324,1.0000,-0.2841,1.091
10.506636539,-0.3386,1.0100,-0.3086,1.109
10.509227692,-0.3451,1.0184,-0.3371,1.127
10.511518462,-0.3574,1.0247,-0.3647,1.145
10.513884539,-0.3659,1.0301,-0.3972,1.163
10.516361846,-0.3857,1.0418,-0.4263,1.190
10.519201231,-0.3975,1.0445,-0.4502,1.205
10.521334385,-0.4055,1.0401,-0.4612,1.208
10.523451923,-0.4404,1.0604,-0.4756,1.243
10.526130462,-0.4802,1.0831,-0.4920,1.283
10.528973154,-0.5159,1.0962,-0.5140,1.316
10.530672308,-0.5589,1.1072,-0.5397,1.353
10.533547077,-0.6056,1.1188,-0.5602,1.390
10.536090462,-0.6515,1.1265,-0.5702,1.421
10.538185154,-0.6952,1.1398,-0.5812,1.456
10.540352308,-0.7404,1.1540,-0.5819,1.489
10.543135616,-0.7814,1.1635,-0.5802,1.517
10.545932231,-0.8198,1.1742,-0.5709,1.542
10.547807308,-0.8457,1.1803,-0.5534,1.554
10.550452616,-0.8625,1.1828,-0.5226,1.554
10.552790692,-0.8697,1.1845,-0.4842,1.547
10.555126769,-0.8726,1.1806,-0.4402,1.533
10.558005231,-0.8723,1.1679,-0.3970,1.511
10.560139616,-0.8587,1.1500,-0.3459,1.476
10.562292923,-0.8352,1.1253,-0.2902,1.431
10.565811616,-0.8110,1.0974,-0.2438,1.386
10.567482769,-0.7719,1.0526,-0.1976,1.320
10.570487,-0.7365,1.0042,-0.1644,1.256
10.571789462,-0.7069,0.9604,-0.1288,1.199
10.574129846,-0.6874,0.9233,-0.0967,1.155
10.576991308,-0.6710,0.8879,-0.0618,1.115
10.579472,-0.6561,0.8512,-0.0266,1.075
10.581801462,-0.6435,0.8158,0.0129,1.039
10.584097539,-0.6234,0.7799,0.0481,1.000
10.587277154,-0.6034,0.7482,0.0796,0.964
10.588676231,-0.5797,0.7122,0.1015,0.924
10.591240616,-0.5613,0.6870,0.1218,0.896
10.593583308,-0.5403,0.6618,0.1455,0.867
10.596136308,-0.5220,0.6441,0.1627,0.845
10.599528846,-0.5005,0.6296,0.1873,0.826
10.601709769,-0.4814,0.6159,0.2188,0.812
10.604412231,-0.4570,0.6106,0.2475,0.802
10.605674692,-0.4257,0.6122,0.2726,0.794
10.608333846,-0.4082,0.6096,0.2838,0.787
10.610712616,-0.4036,0.6135,0.2797,0.786
10.613312846,-0.4055,0.6201,0.2650,0.787
10.615305154,-0.4120,0.6352,0.2357,0.793
10.618865539,-0.4280,0.6597,0.1922,0.810
10.625071,-0.4532,0.6885,0.1499,0.838
10.626201769,-0.4800,0.7242,0.1052,0.875
10.626921769,-0.5059,0.7635,0.0673,0.918
10.628123616,-0.5276,0.8043,0.0300,0.962
10.634010769,-0.5550,0.8395,-0.0024,1.006
10.634616539,-0.5767,0.8676,-0.0344,1.042
10.634883616,-0.5841,0.8886,-0.0650,1.065
10.641866692,-0.5862,0.9033,-0.0872,1.080
10.642851077,-0.5804,0.9091,-0.1099,1.084
10.643178462,-0.5613,0.9075,-0.1280,1.075
10.645410385,-0.5294,0.8994,-0.1421,1.053
10.646417154,-0.4778,0.8789,-0.1530,1.012
10.649542462,-0.4192,0.8498,-0.1566,0.960
10.651535385,-0.3481,0.8202,-0.1566,0.905
10.653948539,-0.2757,0.7855,-0.1502,0.846
10.657039077,-0.2100,0.7526,-0.1412,0.794
10.658777231,-0.1553,0.7273,-0.1304,0.755
10.661965769,-0.1099,0.6993,-0.1219,0.718
10.663624,-0.0586,0.6729,-0.1162,0.685
10.666137769,-0.0124,0.6441,-0.1170,0.655
10.668513769,0.0315,0.6245,-0.1255,0.638
10.671738077,0.0645,0.6079,-0.1376,0.627
10.673354385,0.0889,0.6010,-0.1505,0.626
10.675996616,0.1209,0.5912,-0.1679,0.626
10.678260616,0.1583,0.5728,-0.1924,0.625
10.680445231,0.1710,0.5622,-0.2020,0.621
10.683144231,0.1600,0.5654,-0.2084,0.623
10.686707616,0.1470,0.5901,-0.2138,0.645
10.6876,0.1388,0.6189,-0.2231,0.672
10.690079,0.1185,0.6389,-0.2262,0.688
10.692769769,0.0855,0.6714,-0.2262,0.714
10.695043692,0.0501,0.7093,-0.2231,0.745
10.697440231,0.0132,0.7471,-0.2211,0.779
10.700555616,-0.0223,0.7772,-0.2255,0.810
10.703471616,-0.0696,0.8202,-0.2082,0.849
10.705120616,-0.1187,0.8647,-0.1969,0.895
10.707140846,-0.1565,0.9033,-0.1840,0.935
10.711065231,-0.1861,0.9390,-0.1691,0.972
10.711886077,-0.2098,0.9672,-0.1458,1.000
10.714336539,-0.2244,0.9942,-0.1265,1.027
10.717021462,-0.2337,1.0117,-0.1082,1.044
10.724280846,-0.2384,1.0269,-0.0901,1.058
10.725431616,-0.2345,1.0389,-0.0694,1.067
10.725821769,-0.2315,1.0474,-0.0542,1.074
10.726262769,-0.2322,1.0511,-0.0640,1.078
10.733626077,-0.2271,1.0575,-0.0640,1.083
10.734778385,-0.2305,1.0620,-0.0547,1.088
10.735195616,-0.2352,1.0650,-0.0445,1.092
10.735828616,-0.2413,1.0652,-0.0237,1.092
10.738974769,-0.2506,1.0618,0.0011,1.091
10.740950769,-0.2611,1.0780,0.0236,1.109
10.743668616,-0.2811,1.1317,0.0319,1.167
10.745572,-0.2983,1.1908,-0.0098,1.228
10.747945846,-0.3253,1.2331,-0.1300,1.282
10.750444231,-0.3654,1.2399,-0.3037,1.328
10.752691308,-0.3943,1.2243,-0.4847,1.375
10.755386385,-0.4182,1.1642,-0.6247,1.386
10.757574692,-0.4174,1.0725,-0.7251,1.360
10.760815077,-0.4082,0.9609,-0.8414,1.341
10.762436923,-0.3664,0.8175,-0.9902,1.335
10.765050462,-0.3114,0.6697,-1.1815,1.393
10.767667308,-0.2694,0.5102,-1.4642,1.574
10.769856539,-0.2410,0.3560,-1.6450,1.700
10.772126462,-0.2445,0.2824,-1.7505,1.790
10.774777462,-0.3510,0.3401,-1.7632,1.830
10.777214385,-0.6185,0.5551,-1.6708,1.866
10.779308308,-0.9107,0.8219,-1.4773,1.920
10.781924308,-1.1101,1.0792,-1.3796,2.074
10.784378154,-1.2643,1.3939,-1.0713,2.165
10.786820846,-1.3239,1.7163,-0.4109,2.206
10.789169154,-1.2892,2.1014,0.0962,2.467
10.791558385,-1.0490,2.4251,0.7595,2.749
10.793871692,-0.6168,2.5560,1.7798,3.175
10.796137154,-0.1497,2.6301,2.5950,3.698
10.798608616,0.1996,2.6927,2.7126,3.827
10.801080308,0.3623,2.6782,2.3148,3.558
10.803391616,0.3440,2.6340,1.7402,3.176
10.805883077,0.3061,2.5213,1.2650,2.837
10.808520923,0.1864,2.4127,0.5758,2.487
10.815380616,0.0496,2.3816,0.0155,2.382
10.816218077,-0.0579,2.4129,-0.4607,2.457
10.817455077,-0.1050,2.5055,-0.6711,2.596
10.817909154,-0.0349,2.6960,-0.5162,2.745
10.822205846,0.1127,2.9472,-0.0792,2.950
10.823970692,0.2783,3.1823,0.4020,3.220
10.826185231,0.5050,3.2331,0.8150,3.372
10.830875,0.7777,3.0682,1.1702,3.375
10.831539077,0.9985,2.7936,1.2985,3.238
10.832358692,1.0561,2.5104,1.2305,2.989
10.835041846,1.0501,2.2536,0.9884,2.675
10.837274769,0.9616,2.0237,0.6205,2.325
10.839651616,0.8118,1.8581,0.2005,2.038
10.843997846,0.6951,1.6904,-0.2052,1.839
10.845506769,0.6124,1.5089,-0.5267,1.712
10.846884923,0.5462,1.3266,-0.7947,1.640
10.849370385,0.4463,1.1376,-0.9154,1.527
10.851655692,0.3389,0.9944,-0.8475,1.350
10.854419616,0.2741,0.8632,-0.7561,1.180
10.856805846,0.1800,0.7901,-0.5888,1.002
10.859673462,0.0484,0.7442,-0.4869,0.891
10.861507923,-0.1043,0.7459,-0.4153,0.860
10.863680308,-0.2720,0.7526,-0.3662,0.880
10.866384539,-0.4702,0.7699,-0.3574,0.970
10.868589154,-0.6574,0.7811,-0.3696,1.086
10.871007,-0.8308,0.7725,-0.3948,1.201
10.873687923,-0.9808,0.7464,-0.5196,1.338
10.876044231,-1.0810,0.7079,-0.6308,1.438
10.878116846,-1.1662,0.6592,-0.7121,1.517
10.880786462,-1.2293,0.6079,-0.7598,1.568
10.883277462,-1.3009,0.5627,-0.8560,1.656
10.885849846,-1.3771,0.5219,-0.8981,1.725
10.887922769,-1.4736,0.5072,-0.8839,1.792
10.890862769,-1.5983,0.5118,-0.8387,1.876
10.893989769,-1.7604,0.5473,-0.7733,1.999
10.895348846,-1.8953,0.5945,-0.6816,2.100
10.897882385,-1.9971,0.6506,-0.5802,2.179
10.901109231,-2.0560,0.7149,-0.4976,2.233
10.902340846,-2.0653,0.7782,-0.4419,2.251
10.904726154,-2.0165,0.8461,-0.4092,2.225
10.908501769,-1.9104,0.9040,-0.3967,2.150
10.910807693,-1.8032,0.9443,-0.3838,2.071
10.912238693,-1.6945,0.9753,-0.3547,1.987
10.915073154,-1.5823,0.9991,-0.3196,1.898
10.917324616,-1.4724,1.0084,-0.2834,1.807
10.919634154,-1.3644,1.0054,-0.2534,1.714
10.921766077,-1.2569,0.9956,-0.2296,1.620
10.92408,-1.1558,0.9724,-0.2159,1.526
10.930286077,-1.0627,0.9448,-0.2025,1.436
10.931047693,-0.9677,0.9026,-0.2282,1.343
10.931598693,-0.8734,0.8610,-0.2580,1.253
10.937199385,-0.7832,0.8219,-0.3056,1.176
10.938035,-0.7067,0.7901,-0.3498,1.116
10.938669539,-0.6351,0.7628,-0.3874,1.065
10.940768846,-0.5736,0.7550,-0.4146,1.035
10.946764539,-0.5173,0.7508,-0.4163,1.002
10.947647308,-0.4446,0.7515,-0.3941,0.958
10.948687385,-0.3882,0.7694,-0.3857,0.944
10.950794077,-0.3563,0.7958,-0.3694,0.947
10.953058769,-0.3002,0.8224,-0.3638,0.948
10.955702693,-0.2445,0.8651,-0.3433,0.962
10.958862693,-0.2086,0.9103,-0.3086,0.984
10.960335,-0.1829,0.9558,-0.2748,1.011
10.962959385,-0.1632,1.0010,-0.2462,1.044
10.965008,-0.1494,1.0454,-0.2147,1.078
10.967329154,-0.1455,1.0834,-0.2013,1.111
10.969985154,-0.1526,1.1207,-0.1847,1.146
10.973450385,-0.1665,1.1524,-0.1651,1.176
10.975235693,-0.1751,1.1664,-0.1474,1.189
10.977238154,-0.1893,1.1820,-0.1127,1.202
10.979974693,-0.2128,1.1994,-0.0542,1.219
10.982192539,-0.2298,1.2124,-0.0188,1.234
10.984393539,-0.2510,1.2221,0.0083,1.248
10.986749154,-0.2731,1.2272,0.0143,1.257
10.990023385,-0.2931,1.2260,0.0200,1.261
10.992768308,-0.3107,1.2201,0.0021,1.259
10.994056308,-0.3373,1.2201,-0.0405,1.267
10.996731385,-0.3566,1.2067,-0.0009,1.258
10.999150693,-0.3679,1.1962,-0.0110,1.252
11.001736308,-0.3652,1.1726,0.0131,1.228
11.003902693,-0.3666,1.1500,0.0263,1.207
11.006177462,-0.3642,1.1246,0.0393,1.183
11.008805769,-0.3537,1.0946,0.0442,1.151
11.011099,-0.3437,1.0650,0.0290,1.119
11.013310693,-0.3297,1.0369,0.0139,1.088
11.020074385,-0.3146,1.0161,-0.0058,1.064
11.021186693,-0.3041,0.9905,-0.0247,1.036
11.021867077,-0.2974,0.9675,-0.0268,1.013
11.028319693,-0.2845,0.9490,-0.0075,0.991
11.029372231,-0.2706,0.9338,0.0111,0.972
11.029626077,-0.2606,0.9201,0.0195,0.956
11.030506154,-0.2508,0.9043,0.0207,0.939
11.038886693,-0.2347,0.8864,0.0214,0.917
11.039467308,-0.2196,0.8735,0.0141,0.901
11.039776539,-0.1998,0.8642,0.0143,0.887
11.040314769,-0.1834,0.8493,0.0119,0.869
11.042136846,-0.1685,0.8363,0.0104,0.853
11.044413231,-0.1504,0.8251,-0.0014,0.839
11.047082769,-0.1345,0.8207,-0.0144,0.832
11.049559308,-0.1194,0.8134,-0.0249,0.822
11.051794385,-0.1050,0.8172,-0.0377,0.825
11.055184923,-0.0979,0.8229,-0.0584,0.831
11.057126462,-0.0808,0.8212,-0.0801,0.829
11.058979308,-0.0661,0.8273,-0.1024,0.836
11.061550154,-0.0430,0.8295,-0.1251,0.840
11.064084539,-0.0239,0.8327,-0.1381,0.844
11.066410693,-0.0134,0.8412,-0.1588,0.856
11.068952846,0.0002,0.8473,-0.1817,0.867
11.071315,0.0198,0.8535,-0.1949,0.876
11.074116,0.0291,0.8603,-0.2040,0.885
11.076670385,0.0391,0.8659,-0.2118,0.892
11.078948846,0.0466,0.8773,-0.2243,0.907
11.080953539,0.0501,0.8901,-0.2316,0.921
11.083271923,0.0520,0.8984,-0.2318,0.929
11.085922769,0.0482,0.9106,-0.2194,0.938
11.088261154,0.0393,0.9204,-0.1971,0.942
11.090802077,0.0330,0.9331,-0.1754,0.950
11.093032923,0.0261,0.9487,-0.1561,0.962
11.095516923,0.0132,0.9588,-0.1393,0.969
11.099168846,0.0014,0.9724,-0.1312,0.981
11.100086385,-0.0127,0.9827,-0.1265,0.991
11.102437231,-0.0358,0.9951,-0.1232,1.003
11.105049846,-0.0624,1.0112,-0.1243,1.021
11.107450769,-0.0830,1.0164,-0.1236,1.027
11.111021846,-0.0933,1.0073,-0.1241,1.019
11.112365846,-0.1033,1.0035,-0.1232,1.016
11.114736231,-0.1187,1.0054,-0.1146,1.019
11.116947077,-0.1385,1.0073,-0.1004,1.022
11.119342693,-0.1575,1.0086,-0.0906,1.025
11.122026077,-0.1849,1.0166,-0.0823,1.037
11.128146077,-0.2044,1.0142,-0.0872,1.038
11.129432231,-0.2175,1.0103,-0.0980,1.038
11.130171923,-0.2203,0.9914,-0.1006,1.021
11.137556231,-0.2240,0.9817,-0.1058,1.013
11.137985539,-0.2382,0.9830,-0.1060,1.017
11.138386462,-0.2518,0.9853,-0.1011,1.022
11.138586385,-0.2684,0.9946,-0.0923,1.034
11.146463308,-0.2824,0.9963,-0.0892,1.039
11.147405231,-0.2909,0.9979,-0.0880,1.043
11.147877539,-0.2953,1.0024,-0.0848,1.048
11.148431308,-0.2960,1.0073,-0.0767,1.053
11.150624308,-0.2880,1.0093,-0.0728,1.052
11.153328231,-0.2757,1.0103,-0.0745,1.050
11.156389154,-0.2587,1.0112,-0.0767,1.047
11.157871,-0.2406,1.0098,-0.0759,1.041
11.160335385,-0.2122,1.0037,-0.0767,1.029
11.162832539,-0.1839,0.9979,-0.0808,1.018
11.165308539,-0.1543,0.9924,-0.0845,1.008
11.167517462,-0.1260,0.9865,-0.0867,0.998
11.170234769,-0.0915,0.9800,-0.0916,0.989
11.172442769,-0.0568,0.9727,-0.0982,0.979
11.175000846,-0.0146,0.9599,-0.1094,0.966
11.177261462,0.0251,0.9497,-0.1204,0.958
11.179894769,0.0682,0.9375,-0.1267,0.948
11.182498769,0.1085,0.9250,-0.1272,0.940
11.185206693,0.1419,0.9176,-0.1300,0.938
11.187190077,0.1728,0.9115,-0.1332,0.937
11.189922769,0.1971,0.9018,-0.1397,0.934
11.191625462,0.2215,0.8857,-0.1509,0.925
11.194134077,0.2343,0.8830,-0.1619,0.928
11.196509231,0.2431,0.8808,-0.1639,0.928
11.199006154,0.2562,0.8708,-0.1639,0.922
11.201361846,0.2663,0.8693,-0.1561,0.922
11.204068,0.2648,0.8820,-0.1449,0.932
11.206517154,0.2567,0.8935,-0.1316,0.939
11.208548,0.2458,0.9111,-0.1202,0.951
11.211416,0.2292,0.9280,-0.1116,0.962
11.214697462,0.2099,0.9473,-0.1074,0.976
11.216175308,0.1837,0.9734,-0.1043,0.996
11.218427077,0.1526,1.0000,-0.0985,1.016
11.221019616,0.1256,1.0208,-0.0901,1.032
11.228339693,0.1050,1.0364,-0.0799,1.045
11.229371616,0.0889,1.0474,-0.0771,1.054
11.229699308,0.0762,1.0540,-0.0759,1.059
11.236531385,0.0538,1.0650,-0.0845,1.070
11.237418693,0.0344,1.0794,-0.0992,1.084
11.237868231,0.0179,1.0880,-0.1021,1.093
11.238381769,0.0009,1.0946,-0.0992,1.099
11.245496616,-0.0239,1.0990,-0.0911,1.103
11.246022693,-0.0427,1.1063,-0.0882,1.111
11.246657462,-0.0607,1.1126,-0.0869,1.118
11.247098077,-0.0691,1.1153,-0.0799,1.120
11.249426769,-0.0752,1.1181,-0.0706,1.123
11.252100616,-0.0835,1.1183,-0.0574,1.123
11.255487693,-0.0854,1.1232,-0.0550,1.128
11.257123616,-0.0835,1.1216,-0.0586,1.126
11.259351693,-0.0776,1.1181,-0.0689,1.123
11.261653462,-0.0647,1.1029,-0.0833,1.108
11.264505231,-0.0668,1.1076,-0.1097,1.115
11.266624231,-0.0754,1.1195,-0.1192,1.128
11.268944923,-0.0842,1.1302,-0.1300,1.141
11.272342154,-0.0940,1.1400,-0.1453,1.153
11.273866077,-0.1079,1.1561,-0.1542,1.171
11.276122385,-0.1243,1.1757,-0.1561,1.193
11.278635077,-0.1409,1.1920,-0.1602,1.211
11.281131077,-0.1526,1.2071,-0.1637,1.228
11.283431385,-0.1619,1.2209,-0.1619,1.242
11.286617539,-0.1746,1.2399,-0.1502,1.261
11.288925154,-0.1795,1.2519,-0.1507,1.274
11.290668846,-0.1821,1.2665,-0.1583,1.289
11.293023308,-0.1809,1.2765,-0.1679,1.300
11.296380308,-0.1781,1.2827,-0.1732,1.306
11.298565231,-0.1695,1.2879,-0.1744,1.311
11.300276616,-0.1609,1.2979,-0.1776,1.320
11.303357154,-0.1509,1.3079,-0.1740,1.328
11.305249462,-0.1374,1.3084,-0.1776,1.327
11.307546154,-0.1226,1.3128,-0.1647,1.329
11.310198154,-0.1064,1.3171,-0.1385,1.329
11.314209769,-0.0933,1.3286,-0.1134,1.337
11.315607308,-0.0781,1.3322,-0.0980,1.338
11.317172308,-0.0600,1.3343,-0.0931,1.339
11.327790462,-0.0478,1.3364,-0.0823,1.340
11.328712923,-0.0349,1.3420,-0.0750,1.345
11.329374385,-0.0207,1.3452,-0.0652,1.347
11.329797154,-0.0065,1.3526,-0.0545,1.354
11.330284231,0.0032,1.3604,-0.0538,1.361
11.337834385,0.0166,1.3743,-0.0586,1.376
11.338756616,0.0259,1.3814,-0.0728,1.384
11.339011923,0.0359,1.3946,-0.0825,1.397
11.339429231,0.0469,1.4083,-0.0913,1.412
11.341805769,0.0626,1.4195,-0.0987,1.424
11.343754693,0.0776,1.4319,-0.1024,1.438
11.347289231,0.0936,1.4428,-0.1097,1.450
11.349104539,0.1073,1.4613,-0.1121,1.470
11.350879308,0.1272,1.4759,-0.1104,1.486
11.354009231,0.1461,1.4903,-0.0978,1.501
11.355552231,0.1666,1.5072,-0.0724,1.518
11.358005539,0.1812,1.5229,-0.0484,1.534
11.360362769,0.1991,1.5341,-0.0381,1.547
11.363045154,0.2180,1.5481,-0.0279,1.564
11.365385769,0.2329,1.5581,-0.0166,1.575
11.3677,0.2482,1.5607,-0.0110,1.580
11.371512539,0.2623,1.5585,-0.0193,1.581
11.372624,0.2807,1.5460,-0.0384,1.572
11.375516,0.2914,1.5243,-0.0711,1.554
11.377539,0.2990,1.5001,-0.1288,1.535
11.379913154,0.3010,1.4733,-0.2079,1.518
11.382210693,0.3054,1.4473,-0.2653,1.503
11.384760231,0.3068,1.4181,-0.3274,1.487
11.387973462,0.3037,1.3916,-0.3762,1.473
11.390081154,0.3007,1.3645,-0.4236,1.460
11.392012616,0.2912,1.3450,-0.4652,1.453
11.394674462,0.2853,1.3271,-0.4957,1.445
11.397016231,0.2832,1.3169,-0.5260,1.446
11.399287308,0.2878,1.2951,-0.5189,1.425
11.401685231,0.2961,1.2739,-0.4752,1.392
11.404557462,0.2983,1.2568,-0.4419,1.365
11.406629154,0.2914,1.2416,-0.4332,1.347
11.408812,0.2846,1.2292,-0.4307,1.333
11.413039308,0.2812,1.2138,-0.4346,1.320
11.413944308,0.2670,1.2018,-0.4388,1.307
11.416372539,0.2316,1.1862,-0.4749,1.299
11.418774385,0.2059,1.1791,-0.5257,1.307
11.425524539,0.1796,1.1773,-0.5595,1.316
11.426887923,0.1558,1.1679,-0.5917,1.318
11.427178769,0.1378,1.1535,-0.5890,1.302
11.427932,0.1136,1.1332,-0.5641,1.271
11.434867923,0.0804,1.1197,-0.5357,1.244
11.435925462,0.0435,1.1097,-0.5316,1.231
11.436164308,0.0014,1.1090,-0.5492,1.238
11.440216846,-0.0500,1.1190,-0.5648,1.254
11.440629462,-0.0991,1.1293,-0.5543,1.262
11.443104231,-0.1526,1.1295,-0.5010,1.245
11.447144308,-0.2068,1.1270,-0.4018,1.214
11.447585846,-0.2701,1.1251,-0.2795,1.190
11.449575077,-0.3383,1.1209,-0.1959,1.187
11.452068616,-0.4006,1.1134,-0.2122,1.202
11.454588231,-0.4453,1.0965,-0.2548,1.211
11.456935,-0.4812,1.0762,-0.3095,1.219
11.459598769,-0.5301,1.0513,-0.3479,1.228
11.461797769,-0.5734,1.0208,-0.3633,1.226
11.464114462,-0.6149,0.9912,-0.3491,1.218
11.466500231,-0.6471,0.9565,-0.3168,1.198
11.468996,-0.6828,0.9333,-0.3026,1.195
11.471318154,-0.7123,0.9136,-0.3179,1.201
11.473757231,-0.7336,0.9003,-0.3450,1.211
11.476241539,-0.7539,0.8845,-0.3909,1.226
11.478773231,-0.7900,0.8747,-0.4281,1.254
11.481555,-0.8423,0.8632,-0.4561,1.289
11.483687,-0.8960,0.8458,-0.4603,1.315
11.487094154,-0.9561,0.8283,-0.4502,1.343
11.488241846,-1.0087,0.8099,-0.4139,1.358
11.490809846,-1.0402,0.7994,-0.3667,1.362
11.494465231,-1.0573,0.7894,-0.3144,1.356
11.495424,-1.0686,0.7806,-0.2753,1.352
11.497883693,-1.0644,0.7731,-0.2548,1.340
11.500313462,-1.0397,0.7559,-0.2215,1.304
11.502720308,-1.0078,0.7461,-0.2565,1.280
11.505031616,-0.9508,0.7310,-0.2709,1.230
11.507523616,-0.8580,0.7186,-0.2711,1.151
11.509971,-0.7483,0.7105,-0.2646,1.065
11.512311693,-0.6510,0.7024,-0.2590,0.992
11.514565769,-0.5618,0.6919,-0.2499,0.926
11.517752539,-0.4786,0.6860,-0.2385,0.870
11.520261769,-0.4038,0.6778,-0.2215,0.819
11.521923616,-0.3312,0.6719,-0.2047,0.777
11.524230693,-0.2625,0.6692,-0.1957,0.745
11.527671385,-0.2005,0.6631,-0.1849,0.717
11.529093769,-0.1514,0.6594,-0.1630,0.696
11.531565231,-0.1099,0.6560,-0.1679,0.686
11.534013769,-0.0820,0.6467,-0.1744,0.675
11.537553769,-0.0649,0.6369,-0.1922,0.668
11.538859693,-0.0456,0.6240,-0.2096,0.660
11.541530769,-0.0334,0.6164,-0.2306,0.659
11.543801769,-0.0272,0.6096,-0.2511,0.660
11.545981846,-0.0258,0.6064,-0.2716,0.665
11.548374462,-0.0075,0.5905,-0.3088,0.666
11.550936616,0.0046,0.5822,-0.3217,0.665
11.553241539,0.0147,0.5786,-0.3405,0.671
11.555696616,0.0291,0.5595,-0.3711,0.672
11.559694693,0.0349,0.5402,-0.3926,0.669
11.560631923,0.0286,0.5290,-0.4107,0.670
11.563191308,0.0217,0.5183,-0.4239,0.670
11.565641462,0.0198,0.5085,-0.4319,0.667
11.568083385,0.0083,0.5046,-0.4370,0.668
11.570225769,-0.0041,0.5029,-0.4386,0.667
11.572773462,-0.0236,0.5034,-0.4402,0.669
11.575281769,-0.0432,0.5062,-0.4495,0.678
11.578436539,-0.0675,0.5092,-0.4588,0.689
11.580043616,-0.0861,0.5150,-0.4666,0.700
11.582960231,-0.1026,0.5263,-0.4725,0.715
11.586916308,-0.1189,0.5393,-0.4781,0.730
11.587920616,-0.1404,0.5481,-0.4910,0.749
11.589726077,-0.1602,0.5612,-0.5006,0.769
11.592937462,-0.1893,0.5775,-0.5108,0.794
11.598274462,-0.2181,0.5945,-0.5167,0.817
11.599172846,-0.2552,0.6106,-0.5269,0.846
11.600103,-0.2911,0.6203,-0.5360,0.870
11.603284308,-0.3277,0.6313,-0.5502,0.899
11.604363385,-0.3588,0.6424,-0.5636,0.927
11.606535077,-0.3898,0.6516,-0.5746,0.952
11.609031616,-0.4169,0.6585,-0.5868,0.976
11.611577231,-0.4373,0.6646,-0.5925,0.992
11.613777539,-0.4509,0.6685,-0.5954,1.002
11.616473539,-0.4646,0.6724,-0.5939,1.010
11.624807923,-0.4670,0.6751,-0.5946,1.014
11.625684846,-0.4721,0.6802,-0.5854,1.014
11.626167,-0.4768,0.6939,-0.5690,1.016
11.626606769,-0.4861,0.7061,-0.5558,1.022
11.628115308,-0.4898,0.7195,-0.5414,1.025
11.630381462,-0.5022,0.7381,-0.5211,1.034
11.633490462,-0.5042,0.7430,-0.5152,1.035
11.635719693,-0.5201,0.7562,-0.4815,1.036
11.637765539,-0.5459,0.7806,-0.4566,1.056
11.640728923,-0.5767,0.7997,-0.4535,1.085
11.642670154,-0.5858,0.8119,-0.4412,1.094
11.644892308,-0.5909,0.8153,-0.4430,1.100
11.648031385,-0.5934,0.8212,-0.4519,1.109
11.649938462,-0.5927,0.8221,-0.4676,1.116
11.652250154,-0.5895,0.8172,-0.4815,1.117
11.654537846,-0.5841,0.8139,-0.4954,1.118
11.657340308,-0.5818,0.8031,-0.5082,1.114
11.659633846,-0.5785,0.7913,-0.5155,1.108
11.661871077,-0.5772,0.7850,-0.5285,1.108
11.664461769,-0.5769,0.7740,-0.5374,1.105
11.666870693,-0.5775,0.7615,-0.5504,1.103
11.669397769,-0.5755,0.7618,-0.5600,1.107
11.671921462,-0.5757,0.7545,-0.5690,1.107
11.674424616,-0.5809,0.7569,-0.5765,1.115
11.676697769,-0.5862,0.7484,-0.5912,1.119
11.678705769,-0.5872,0.7415,-0.6032,1.122
11.681411616,-0.5883,0.7333,-0.6142,1.123
11.684372923,-0.5931,0.7244,-0.6200,1.123
11.686845462,-0.5988,0.7242,-0.6135,1.122
11.688699923,-0.6056,0.7264,-0.6059,1.123
11.691923,-0.6058,0.7330,-0.5927,1.120
11.694345154,-0.6011,0.7408,-0.5765,1.115
11.695864308,-0.5995,0.7533,-0.5648,1.116
11.698509769,-0.5951,0.7603,-0.5570,1.115
11.701413539,-0.5870,0.7701,-0.5485,1.113
11.703167,-0.5797,0.7820,-0.5404,1.113
11.705662385,-0.5699,0.7916,-0.5341,1.112
11.708172846,-0.5613,0.7999,-0.5357,1.114
11.710586154,-0.5511,0.8121,-0.5402,1.120
11.712497846,-0.5399,0.8212,-0.5480,1.125
11.715145846,-0.5279,0.8339,-0.5576,1.134
11.718173154,-0.5156,0.8463,-0.5639,1.140
11.719821539,-0.5049,0.8559,-0.5732,1.147
11.722255308,-0.4937,0.8681,-0.5819,1.156
11.724776923,-0.4851,0.8791,-0.5895,1.164
11.732925462,-0.4744,0.8898,-0.5944,1.170
11.733745769,-0.4676,0.8987,-0.6003,1.178
11.734368616,-0.4567,0.9069,-0.6054,1.182
11.734796616,-0.4487,0.9216,-0.6108,1.193
11.737823385,-0.4397,0.9311,-0.6115,1.198
11.739124923,-0.4334,0.9434,-0.6132,1.206
11.742113846,-0.4236,0.9527,-0.6117,1.209
11.743916539,-0.4174,0.9678,-0.6071,1.216
11.746218385,-0.4080,0.9788,-0.6047,1.221
11.748743,-0.4020,0.9968,-0.6019,1.232
11.751166693,-0.3950,1.0144,-0.5970,1.242
11.753695308,-0.3874,1.0261,-0.5949,1.248
11.756031308,-0.3803,1.0408,-0.5878,1.254
11.758643,-0.3754,1.0596,-0.5775,1.264
11.760687693,-0.3752,1.0806,-0.5729,1.279
11.763239077,-0.3776,1.0987,-0.5676,1.293
11.765980923,-0.3776,1.1168,-0.5648,1.307
11.768382462,-0.3798,1.1346,-0.5656,1.323
11.771516231,-0.3813,1.1503,-0.5629,1.336
11.773619923,-0.3898,1.1696,-0.5641,1.356
11.776318385,-0.3962,1.1798,-0.5619,1.366
11.777851077,-0.4031,1.1940,-0.5607,1.379
11.780138693,-0.4050,1.2092,-0.5607,1.393
11.784322154,-0.4050,1.2180,-0.5573,1.399
11.785508846,-0.4120,1.2311,-0.5548,1.412
11.787342769,-0.4226,1.2362,-0.5462,1.416
11.791958385,-0.4292,1.2560,-0.5436,1.434
11.793205539,-0.4278,1.2560,-0.5382,1.432
11.794645231,-0.4336,1.2658,-0.5336,1.440
11.797144539,-0.4380,1.2709,-0.5323,1.446
11.799425539,-0.4455,1.2751,-0.5289,1.451
11.802159077,-0.4502,1.2822,-0.5182,1.454
11.805279077,-0.4585,1.2937,-0.5091,1.464
11.806810693,-0.4453,1.2942,-0.5001,1.457
11.809398462,-0.4316,1.2939,-0.4884,1.449
11.811448308,-0.4382,1.2986,-0.4717,1.449
11.814017154,-0.4519,1.3098,-0.4493,1.457
11.817027077,-0.4702,1.3159,-0.4260,1.461
11.818634693,-0.4924,1.3191,-0.4097,1.466
11.821454693,-0.5205,1.3335,-0.4024,1.487
11.823628616,-0.5394,1.3391,-0.3843,1.494
11.830635,-0.5520,1.3357,-0.3750,1.493
11.831118154,-0.5601,1.3318,-0.3760,1.493
11.831585769,-0.5543,1.3264,-0.3853,1.488
11.841006077,-0.5477,1.3179,-0.3877,1.479
11.841847693,-0.5443,1.3030,-0.3720,1.460
11.842147385,-0.5364,1.2866,-0.3171,1.430
11.842448308,-0.5310,1.2663,-0.2362,1.393
11.842846769,-0.5366,1.2495,-0.1761,1.371
11.845825231,-0.5531,1.2418,-0.1768,1.371
11.848050462,-0.5785,1.2370,-0.2140,1.382
11.850544846,-0.6075,1.2334,-0.2634,1.400
11.852509846,-0.6435,1.2348,-0.3176,1.428
11.855016,-0.6818,1.2336,-0.3669,1.456
11.858028,-0.7306,1.2336,-0.4334,1.498
11.859568231,-0.7814,1.2370,-0.4896,1.543
11.861976539,-0.8247,1.2460,-0.5231,1.583
11.864548616,-0.8557,1.2597,-0.5316,1.613
11.866841462,-0.8704,1.2592,-0.5189,1.616
11.869670077,-0.8748,1.2523,-0.4984,1.607
11.871772616,-0.8665,1.2375,-0.4649,1.581
11.874890385,-0.8494,1.2206,-0.4180,1.545
11.876544,-0.8208,1.1910,-0.3708,1.493
11.879134769,-0.7763,1.1528,-0.3298,1.428
11.882922154,-0.7190,1.0987,-0.3017,1.347
11.884376846,-0.6564,1.0289,-0.2986,1.256
11.886252616,-0.5963,0.9646,-0.3179,1.178
11.889232539,-0.5357,0.8977,-0.3525,1.103
11.891265539,-0.4846,0.8407,-0.3892,1.046
11.894074769,-0.4382,0.7789,-0.4188,0.987
11.896498385,-0.4006,0.7217,-0.4307,0.931
11.899142693,-0.3724,0.6778,-0.4388,0.889
11.900584539,-0.3505,0.6413,-0.4454,0.856
11.903092,-0.3381,0.6145,-0.4488,0.833
11.906526462,-0.3361,0.5930,-0.4530,0.818
11.909298693,-0.3451,0.5800,-0.4563,0.815
11.910598385,-0.3591,0.5735,-0.4535,0.815
11.913292616,-0.3871,0.5771,-0.4461,0.826
11.916059077,-0.4189,0.5868,-0.4332,0.841
11.917607693,-0.4632,0.6033,-0.4139,0.866
11.919929769,-0.5103,0.6301,-0.3890,0.899
11.922636923,-0.5531,0.6590,-0.3635,0.934
11.929565462,-0.5985,0.6937,-0.3420,0.978
11.930211,-0.6347,0.7288,-0.3193,1.018
11.930586154,-0.6666,0.7664,-0.2993,1.059
11.937734693,-0.6977,0.7901,-0.2797,1.091
11.938918077,-0.7185,0.8136,-0.2618,1.117
11.939195077,-0.7318,0.8297,-0.2453,1.133
11.939418693,-0.7414,0.8353,-0.2348,1.141
11.946326693,-0.7453,0.8402,-0.2243,1.145
11.947065231,-0.7446,0.8365,-0.2162,1.141
11.947364539,-0.7423,0.8253,-0.2084,1.129
11.953024,-0.7399,0.8116,-0.1994,1.116
11.953418693,-0.7395,0.7955,-0.1913,1.103
11.954409231,-0.7373,0.7801,-0.1905,1.090
11.957418769,-0.7374,0.7635,-0.1901,1.078
11.958470154,-0.7378,0.7564,-0.1844,1.073
11.961166385,-0.7355,0.7538,-0.1774,1.068
11.965739385,-0.7327,0.7523,-0.1740,1.064
11.966774154,-0.7327,0.7589,-0.1771,1.070
11.968372,-0.7309,0.7682,-0.1803,1.076
11.970901154,-0.7363,0.7818,-0.1893,1.091
11.974205462,-0.7478,0.7992,-0.1952,1.112
11.975493231,-0.7656,0.8180,-0.1852,1.136
11.978114385,-0.7756,0.8305,-0.2025,1.154
11.980445462,-0.7952,0.8454,-0.2054,1.179
11.984052539,-0.8140,0.8566,-0.2057,1.199
11.985648846,-0.8306,0.8730,-0.2062,1.222
11.987484231,-0.8477,0.8873,-0.2057,1.244
11.990183077,-0.8513,0.9059,-0.2103,1.261
11.992379923,-0.8550,0.9329,-0.2490,1.290
11.994862385,-0.8636,0.9719,-0.2958,1.333
11.997243308,-0.8880,1.0273,-0.3219,1.396
11.999636616,-0.8883,1.0846,-0.2961,1.433
12.002022693,-0.8585,1.1461,-0.2276,1.450
12.004791077,-0.7928,1.2106,-0.1324,1.453
12.007015616,-0.6931,1.2727,-0.0232,1.449
12.009196923,-0.5620,1.3264,0.0991,1.444
12.012693231,-0.4604,1.4283,0.2580,1.523
12.015511308,-0.3539,1.5290,0.4534,1.634
12.016744,-0.2095,1.5871,0.6679,1.735
12.018976231,-0.1174,1.6912,0.8206,1.883
12.027573462,-0.0285,1.7950,0.9261,2.020
12.028676923,0.0430,1.8842,1.0490,2.157
12.029103077,0.0652,1.9834,1.1783,2.308
12.029357769,0.0715,2.0611,1.1560,2.364
12.031096,0.0601,2.1023,1.0148,2.335
12.036797539,0.0024,2.1067,0.7595,2.239
12.037872,-0.0971,2.0816,0.4120,2.124
12.038427308,-0.1753,2.0117,0.0368,2.020
12.045890385,-0.2398,1.9022,-0.2546,1.934
12.046654693,-0.2764,1.7307,-0.5345,1.832
12.046917462,-0.2352,1.4891,-0.7640,1.690
12.047968846,-0.1729,1.2331,-0.8527,1.509
12.050340923,-0.1040,0.9956,-0.8475,1.312
12.052722462,-0.0456,0.8036,-0.7671,1.112
12.056442769,-0.0050,0.6675,-0.6379,0.923
12.057479,0.0142,0.5756,-0.4947,0.759
12.059724846,0.0510,0.4743,-0.3281,0.579
12.062309769,0.0601,0.4142,-0.1742,0.453
12.064716616,0.0594,0.3795,-0.0139,0.384
12.067191693,0.0615,0.3623,0.1285,0.389
12.069861154,0.0679,0.3729,0.2330,0.445
12.074095616,0.0818,0.4000,0.2813,0.496
12.074944,0.0967,0.4425,0.2677,0.526
12.076966077,0.0969,0.4901,0.1868,0.533
12.079407308,0.0872,0.5378,0.0593,0.548
12.081832308,0.0396,0.5830,-0.1253,0.598
12.084438462,-0.0263,0.6189,-0.3007,0.689
12.087183,-0.1099,0.6599,-0.4148,0.787
12.089724539,-0.2054,0.7081,-0.4833,0.882
12.091426077,-0.3132,0.7699,-0.5224,0.982
12.093641769,-0.4260,0.8376,-0.4976,1.063
12.096296616,-0.5357,0.9126,-0.4566,1.152
12.099300923,-0.6428,0.9944,-0.4009,1.250
12.101019385,-0.7678,1.0936,-0.3166,1.373
12.103475616,-0.9051,1.2077,-0.2267,1.526
12.105975077,-1.0434,1.3071,-0.1458,1.679
12.108093231,-1.1627,1.3948,-0.0633,1.817
12.110835,-1.2733,1.4723,0.0090,1.946
12.113985846,-1.3583,1.5302,0.0684,2.047
12.115262693,-1.4003,1.5609,0.1257,2.101
12.117848,-1.4074,1.5683,0.1851,2.115
12.120237231,-1.3803,1.5485,0.2501,2.089
12.122711308,-1.3148,1.4999,0.3065,2.018
12.125682077,-1.2279,1.4270,0.3358,1.912
12.127587923,-1.1296,1.3401,0.3300,1.783
12.134994154,-1.0292,1.2504,0.2962,1.646
12.135731693,-0.9293,1.1571,0.2445,1.504
12.136007385,-0.8394,1.0657,0.1644,1.367
12.143428,-0.7676,0.9973,0.0854,1.261
12.144218077,-0.7033,0.9436,0.0209,1.177
12.144502154,-0.6256,0.8847,-0.0166,1.084
12.144731693,-0.5616,0.8512,-0.0388,1.021
12.152879616,-0.5071,0.8374,-0.0501,0.980
12.153560923,-0.4534,0.8297,-0.0584,0.947
12.153875923,-0.4024,0.8344,-0.0654,0.929
12.154114077,-0.3527,0.8470,-0.0708,0.920
12.156503923,-0.3053,0.8622,-0.0820,0.918
12.158935616,-0.2633,0.8796,-0.1021,0.924
12.161704,-0.2100,0.8886,-0.1530,0.926
12.163904231,-0.1797,0.9189,-0.1334,0.946
12.165925154,-0.1526,0.9424,-0.1368,0.964
12.168483616,-0.1150,0.9634,-0.1534,0.982
12.172074077,-0.0789,0.9814,-0.1707,0.999
12.173157231,-0.0400,1.0015,-0.1973,1.022
12.175743385,-0.0099,1.0217,-0.2262,1.047
12.178197154,0.0173,1.0408,-0.2521,1.071
12.180533462,0.0323,1.0682,-0.2736,1.103
12.183026462,0.0420,1.0974,-0.2814,1.134
12.185416,0.0510,1.1200,-0.2958,1.160
12.188537462,0.0635,1.1325,-0.3049,1.174
12.190155923,0.0774,1.1405,-0.3086,1.184
12.192975308,0.0872,1.1447,-0.3107,1.189
12.195042154,0.0869,1.1435,-0.3061,1.187
12.197548,0.0792,1.1379,-0.2995,1.179
12.199870154,0.0662,1.1314,-0.3007,1.173
12.202352308,0.0449,1.1216,-0.3024,1.163
12.205032308,0.0107,1.1163,-0.3051,1.157
12.206966154,-0.0270,1.1021,-0.3086,1.145
12.209914077,-0.0717,1.0918,-0.3051,1.136
12.213379385,-0.1192,1.0846,-0.3002,1.132
12.214601154,-0.1734,1.0789,-0.2868,1.130
12.216665231,-0.2266,1.0725,-0.2780,1.131
12.221186385,-0.2741,1.0620,-0.2690,1.129
12.222016923,-0.3249,1.0528,-0.2651,1.133
12.224161539,-0.3705,1.0452,-0.2590,1.139
12.226705846,-0.4116,1.0345,-0.2578,1.143
12.228785846,-0.4570,1.0296,-0.2514,1.154
12.235859308,-0.4966,1.0235,-0.2485,1.164
12.236697462,-0.5335,1.0215,-0.2387,1.177
12.237255923,-0.5613,1.0135,-0.2243,1.180
12.245515616,-0.5870,1.0132,-0.2066,1.189
12.246296846,-0.6041,1.0096,-0.1859,1.191
12.246907923,-0.6119,1.0017,-0.1614,1.185
12.247183693,-0.6151,0.9968,-0.1334,1.179
12.247770693,-0.6065,0.9919,-0.1050,1.167
12.250282154,-0.5887,0.9858,-0.0833,1.151
12.252778462,-0.5669,0.9793,-0.0610,1.133
12.255231,-0.5352,0.9746,-0.0461,1.113
12.257796308,-0.4966,0.9727,-0.0293,1.093
12.260391077,-0.4536,0.9697,-0.0249,1.071
12.263641539,-0.3969,0.9653,-0.0286,1.044
12.264943923,-0.3507,0.9639,-0.0403,1.026
12.267467616,-0.3031,0.9634,-0.0517,1.011
12.269868846,-0.2648,0.9648,-0.0535,1.002
12.271927616,-0.2308,0.9670,-0.0618,0.996
12.274676923,-0.1983,0.9692,-0.0782,0.992
12.277151385,-0.1719,0.9749,-0.0789,0.993
12.279462462,-0.1521,0.9802,-0.0825,0.995
12.281564846,-0.1316,0.9876,-0.1011,1.001
12.28438177,-0.1171,0.9912,-0.1211,1.005
12.287164846,-0.1106,0.9986,-0.1363,1.014
12.288810077,-0.1089,1.0088,-0.1470,1.025
12.291483077,-0.1082,1.0247,-0.1617,1.043
12.294148308,-0.0917,1.0184,-0.1688,1.036
12.297034154,-0.0877,1.0161,-0.1788,1.035
12.298715385,-0.0779,1.0152,-0.1817,1.034
12.30134177,-0.0744,1.0130,-0.1871,1.033
12.303923308,-0.0698,1.0107,-0.1961,1.032
12.306360616,-0.0659,1.0098,-0.2057,1.033
12.308739385,-0.0623,1.0079,-0.2115,1.032
12.310750462,-0.0593,1.0017,-0.2196,1.027
12.31316677,-0.0583,0.9949,-0.2213,1.021
12.315728846,-0.0546,0.9895,-0.2236,1.016
12.319023923,-0.0534,0.9797,-0.2220,1.006
12.321734693,-0.0525,0.9741,-0.2245,1.001
12.322899,-0.0512,0.9668,-0.2260,0.994
12.325421539,-0.0465,0.9609,-0.2231,0.988
12.332666154,-0.0510,0.9541,-0.2260,0.982
12.333520539,-0.0551,0.9509,-0.2282,0.979
12.334196923,-0.0568,0.9436,-0.2280,0.972
12.334764,-0.0570,0.9411,-0.2264,0.970
12.343395385,-0.0581,0.9378,-0.2233,0.966
12.344740308,-0.0586,0.9369,-0.2159,0.963
12.345339,-0.0600,0.9380,-0.2071,0.962
12.345808,-0.0607,0.9380,-0.1959,0.960
12.346796,-0.0617,0.9375,-0.1868,0.958
12.349154462,-0.0637,0.9390,-0.1817,0.959
12.352043923,-0.0707,0.9392,-0.1779,0.958
12.35396177,-0.0715,0.9414,-0.1712,0.960
12.356506385,-0.0773,0.9441,-0.1705,0.962
12.359375923,-0.0837,0.9495,-0.1679,0.968
12.361775616,-0.0866,0.9531,-0.1670,0.971
12.36360177,-0.0840,0.9572,-0.1649,0.975
12.367592308,-0.0805,0.9595,-0.1666,0.977
12.369627385,-0.0761,0.9619,-0.1683,0.980
12.371082154,-0.0693,0.9641,-0.1710,0.982
12.373356616,-0.0591,0.9665,-0.1740,0.984
12.375976,-0.0561,0.9695,-0.1796,0.988
12.378448308,-0.0449,0.9707,-0.1784,0.988
12.380531077,-0.0351,0.9770,-0.1803,0.994
12.383335693,-0.0260,0.9805,-0.1793,0.997
12.385623385,-0.0232,0.9853,-0.1784,1.002
12.387766693,-0.0197,0.9907,-0.1805,1.007
12.390368,-0.0178,0.9951,-0.1820,1.012
12.392743923,-0.0185,0.9988,-0.1840,1.016
12.394917539,-0.0158,0.9934,-0.1861,1.011
12.39742277,-0.0124,0.9954,-0.1866,1.013
12.40005777,-0.0078,0.9930,-0.1905,1.011
12.402955385,-0.0053,0.9895,-0.1920,1.008
12.404678693,-0.0016,0.9883,-0.1917,1.007
12.407516,-0.0021,0.9895,-0.1928,1.008
12.409887616,-0.0011,0.9844,-0.1896,1.002
12.412237539,0.0034,0.9814,-0.1920,1.000
12.414781462,0.0056,0.9812,-0.1917,1.000
12.417055385,0.0037,0.9778,-0.1928,0.997
12.419459308,0.0030,0.9751,-0.1945,0.994
12.421602154,-0.0014,0.9737,-0.1964,0.993
12.424060539,-0.0031,0.9719,-0.2038,0.993
12.42651077,-0.0043,0.9690,-0.2064,0.991
12.433705846,-0.0026,0.9623,-0.2140,0.986
12.43452977,-0.0021,0.9563,-0.2152,0.980
12.434979693,-0.0036,0.9553,-0.2180,0.980
12.444157231,-0.0048,0.9485,-0.2208,0.974
12.445151693,-0.0058,0.9458,-0.2238,0.972
12.445507077,-0.0075,0.9480,-0.2269,0.975
12.445833231,-0.0050,0.9467,-0.2329,0.975
12.446155077,-0.0062,0.9514,-0.2341,0.980
12.450424,-0.0106,0.9558,-0.2299,0.983
12.450750462,-0.0151,0.9602,-0.2243,0.986
12.452804,-0.0221,0.9675,-0.2191,0.992
12.455294077,-0.0295,0.9753,-0.2120,0.999
12.457934385,-0.0378,0.9878,-0.2074,1.010
12.46048,-0.0498,0.9963,-0.2074,1.019
12.462357154,-0.0615,1.0098,-0.2082,1.033
12.465262693,-0.0828,1.0233,-0.2115,1.048
12.468863,-0.1043,1.0350,-0.2118,1.062
12.469890462,-0.1272,1.0508,-0.2040,1.078
12.472391616,-0.1482,1.0667,-0.1969,1.095
12.47508,-0.1655,1.0850,-0.1873,1.113
12.477116923,-0.1846,1.0946,-0.1861,1.126
12.479354077,-0.1993,1.1032,-0.1859,1.136
12.482026154,-0.2074,1.1085,-0.1852,1.143
12.485232539,-0.2066,1.1067,-0.1856,1.141
12.48653377,-0.2025,1.1051,-0.1920,1.140
12.489398462,-0.1956,1.0983,-0.1959,1.133
12.49163377,-0.1795,1.0962,-0.1964,1.128
12.494002154,-0.1627,1.0914,-0.1893,1.120
12.496258693,-0.1389,1.0897,-0.1812,1.113
12.499062154,-0.1133,1.0801,-0.1673,1.099
12.502442154,-0.0889,1.0731,-0.1544,1.088
12.503841154,-0.0679,1.0673,-0.1373,1.078
12.506021231,-0.0463,1.0564,-0.1234,1.065
12.508438385,-0.0288,1.0450,-0.1134,1.052
12.510884,-0.0165,1.0335,-0.1082,1.039
12.513427077,-0.0055,1.0212,-0.1060,1.027
12.515810154,0.0014,1.0117,-0.0989,1.017
12.522564846,0.0068,1.0063,-0.0967,1.011
12.523122385,0.0130,1.0032,-0.0953,1.008
12.523566462,0.0183,1.0005,-0.0980,1.005
12.525974077,0.0186,0.9981,-0.1092,1.004
12.529536923,0.0235,0.9991,-0.1232,1.007
12.530213154,0.0288,0.9979,-0.1429,1.008
12.538862385,0.0298,0.9946,-0.1617,1.008
12.539352923,0.0332,0.9934,-0.1768,1.010
12.539643308,0.0337,0.9930,-0.1879,1.011
12.539906462,0.0352,0.9926,-0.1945,1.012
12.542879693,0.0274,0.9966,-0.1989,1.017
12.544397154,0.0181,1.0024,-0.1994,1.022
12.547052308,0.0070,1.0147,-0.2025,1.035
12.549837154,-0.0046,1.0254,-0.2057,1.046
12.552194077,-0.0167,1.0373,-0.2003,1.057
12.554806154,-0.0344,1.0535,-0.1920,1.071
12.556753539,-0.0430,1.0694,-0.1732,1.084
12.559589231,-0.0486,1.0831,-0.1539,1.095
12.561423693,-0.0517,1.0955,-0.1370,1.105
12.56417777,-0.0519,1.1027,-0.1239,1.111
12.566447385,-0.0500,1.1043,-0.1170,1.112
12.569000923,-0.0478,1.1027,-0.1067,1.109
12.571215077,-0.0432,1.0999,-0.1021,1.105
12.573877846,-0.0400,1.0914,-0.1041,1.097
12.576431077,-0.0332,1.0755,-0.1050,1.081
12.578353846,-0.0290,1.0638,-0.1139,1.070
12.580917846,-0.0248,1.0518,-0.1243,1.059
12.584136308,-0.0183,1.0457,-0.1302,1.054
12.585388,-0.0124,1.0418,-0.1402,1.051
12.587959923,-0.0095,1.0435,-0.1512,1.054
12.592935693,-0.0087,1.0413,-0.1605,1.054
12.59414277,-0.0087,1.0464,-0.1627,1.059
12.595202462,-0.0078,1.0543,-0.1598,1.066
12.598016308,-0.0124,1.0599,-0.1600,1.072
12.600109846,-0.0155,1.0673,-0.1691,1.081
12.602522462,-0.0214,1.0782,-0.1835,1.094
12.604942693,-0.0337,1.0909,-0.1924,1.108
12.607374154,-0.0419,1.1032,-0.1922,1.121
12.610251385,-0.0500,1.1104,-0.1881,1.127
12.612419923,-0.0679,1.1314,-0.1756,1.147
12.614492231,-0.0840,1.1510,-0.1619,1.165
12.617427385,-0.0942,1.1671,-0.1500,1.180
12.619243308,-0.0998,1.1813,-0.1373,1.193
12.622084308,-0.1045,1.1903,-0.1348,1.202
12.630742385,-0.1099,1.2060,-0.1368,1.219
12.631570077,-0.1180,1.2204,-0.1397,1.234
12.632039385,-0.1189,1.2336,-0.1474,1.248
12.632322693,-0.1206,1.2451,-0.1451,1.259
12.640443923,-0.1194,1.2658,-0.1332,1.278
12.641114154,-0.1192,1.2835,-0.1246,1.295
12.641356231,-0.1152,1.2988,-0.1134,1.309
12.641576846,-0.1001,1.3133,-0.0965,1.321
12.649592231,-0.0973,1.3284,-0.0442,1.333
12.650688846,-0.0940,1.3457,0.0080,1.349
12.651189539,-0.0817,1.3657,0.0386,1.369
12.651641231,-0.0617,1.3794,0.0449,1.381
12.653709462,-0.0358,1.3883,0.0351,1.389
12.655490462,-0.0136,1.3965,0.0072,1.397
12.658505462,0.0119,1.4032,-0.0090,1.403
12.660439308,0.0403,1.4070,-0.0142,1.408
12.662824,0.0715,1.4200,-0.0256,1.422
12.665523385,0.1041,1.4305,-0.0384,1.435
12.667924,0.1283,1.4430,-0.0601,1.450
12.670867616,0.1463,1.4617,-0.0877,1.472
12.672724923,0.1774,1.4752,-0.0987,1.489
12.675500846,0.2047,1.4857,-0.1121,1.504
12.67734277,0.2311,1.5043,-0.1183,1.527
12.679805539,0.2521,1.5234,-0.1121,1.548
12.681963308,0.2775,1.5490,-0.1146,1.578
12.684319693,0.3100,1.5678,-0.1060,1.602
12.68699777,0.3277,1.5930,-0.0811,1.628
12.689538693,0.3386,1.6108,-0.0638,1.647
12.691817846,0.3557,1.6210,-0.0501,1.660
12.694224539,0.3589,1.6374,-0.0631,1.678
12.696803385,0.3599,1.6492,-0.0882,1.690
12.699946693,0.3508,1.6560,-0.1192,1.697
12.701321539,0.3328,1.6580,-0.1607,1.699
12.703729846,0.3237,1.6518,-0.1954,1.695
12.706356231,0.3156,1.6467,-0.2329,1.693
12.708629846,0.3173,1.6257,-0.2697,1.678
12.712359077,0.3132,1.6024,-0.3075,1.661
12.713516231,0.2998,1.5805,-0.3335,1.643
12.716476308,0.2849,1.5556,-0.3562,1.621
12.718276846,0.2611,1.5267,-0.3757,1.594
12.72065077,0.2385,1.5043,-0.3882,1.572
12.723171308,0.2213,1.4723,-0.4074,1.544
12.725930462,0.1996,1.4405,-0.4381,1.519
12.727780616,0.1732,1.4065,-0.4768,1.495
12.730407616,0.1554,1.3762,-0.5047,1.474
12.737182077,0.1405,1.3415,-0.5306,1.449
12.737930462,0.1190,1.3032,-0.5546,1.421
12.738670385,0.1018,1.2632,-0.5623,1.386
12.740156923,0.0774,1.2209,-0.5658,1.348
12.747094154,0.0344,1.1840,-0.5636,1.312
12.748511616,-0.0211,1.1563,-0.5499,1.281
12.748990077,-0.0861,1.1388,-0.5233,1.256
12.750491693,-0.1482,1.1246,-0.4761,1.230
12.751810693,-0.2100,1.1134,-0.4285,1.211
12.754550693,-0.2638,1.1109,-0.4031,1.211
12.757537154,-0.3085,1.1076,-0.3874,1.213
12.759011923,-0.3530,1.0992,-0.3843,1.217
12.761556,-0.4038,1.0887,-0.3799,1.222
12.763960846,-0.4460,1.0769,-0.3887,1.229
12.766669539,-0.4846,1.0664,-0.4144,1.242
12.768704308,-0.5161,1.0531,-0.4598,1.260
12.771448539,-0.5601,1.0382,-0.4987,1.281
12.774667077,-0.6048,1.0298,-0.5182,1.302
12.776009231,-0.6528,1.0159,-0.5260,1.317
12.778411385,-0.7048,1.0035,-0.5475,1.343
12.782476,-0.7581,0.9819,-0.5374,1.352
12.783243923,-0.8460,0.9644,-0.5047,1.379
12.785773846,-0.9735,0.9467,-0.4922,1.444
12.788113539,-1.0654,0.9267,-0.4476,1.481
12.790729846,-1.1420,0.9057,-0.4248,1.518
12.792986462,-1.2181,0.8830,-0.4212,1.562
12.795686385,-1.2911,0.8607,-0.3820,1.598
12.798962077,-1.3510,0.8358,-0.3623,1.629
12.800260539,-1.3979,0.7926,-0.3557,1.646
12.802867923,-1.4299,0.7510,-0.3191,1.646
12.805243308,-1.4387,0.7095,-0.2692,1.627
12.807964308,-1.4374,0.6716,-0.2189,1.602
12.810764846,-1.3959,0.5991,-0.1744,1.529
12.81244977,-1.3390,0.5344,-0.1524,1.450
12.81548277,-1.2687,0.4718,-0.1211,1.359
12.817173846,-1.1895,0.4410,-0.1050,1.273
12.819564,-1.0840,0.4168,-0.1162,1.167
12.821989462,-0.9498,0.4063,-0.1097,1.039
12.824253231,-0.8242,0.4068,-0.0997,0.925
12.826891385,-0.7099,0.4037,-0.0978,0.822
12.829521539,-0.6081,0.3944,-0.0931,0.731
12.837391923,-0.5154,0.3948,-0.0894,0.655
12.83828277,-0.4394,0.3921,-0.1021,0.598
12.838587693,-0.3608,0.3858,-0.1270,0.543
12.838823923,-0.2941,0.3765,-0.1544,0.502
12.846887077,-0.2484,0.3774,-0.1737,0.484
12.847999385,-0.2095,0.3741,-0.1856,0.467
12.848468846,-0.1648,0.3667,-0.2082,0.453
12.849131923,-0.1294,0.3585,-0.2387,0.450
12.85150177,-0.1052,0.3511,-0.2553,0.447
12.85402277,-0.0808,0.3467,-0.2839,0.455
12.856482385,-0.0563,0.3440,-0.3042,0.463
12.857995,-0.0319,0.3392,-0.3105,0.461
12.860393539,-0.0165,0.3408,-0.3144,0.464
12.863050077,0.0012,0.3416,-0.3005,0.455
12.865697154,0.0135,0.3440,-0.2893,0.450
12.867854462,0.0205,0.3436,-0.2812,0.444
12.870219077,0.0222,0.3473,-0.2614,0.435
12.872783385,0.0212,0.3557,-0.2509,0.436
12.874836539,0.0130,0.3680,-0.2360,0.437
12.877330385,0.0042,0.3787,-0.2299,0.443
12.879926462,-0.0055,0.3912,-0.2360,0.457
12.882331,-0.0248,0.4041,-0.2431,0.472
12.884900846,-0.0453,0.4137,-0.2553,0.488
12.887348539,-0.0581,0.4235,-0.2699,0.506
12.889763077,-0.0681,0.4379,-0.2885,0.529
12.89304677,-0.0781,0.4501,-0.3110,0.553
12.894637539,-0.0984,0.4659,-0.3340,0.582
12.897101154,-0.1277,0.4848,-0.3659,0.621
12.899923385,-0.1551,0.4982,-0.3953,0.655
12.90144977,-0.1856,0.5155,-0.4151,0.687
12.904656231,-0.2181,0.5311,-0.4290,0.717
12.906383923,-0.2471,0.5458,-0.4425,0.745
12.909022462,-0.2762,0.5530,-0.4507,0.765
12.911814462,-0.3002,0.5551,-0.4539,0.777
12.915144308,-0.3204,0.5546,-0.4600,0.789
12.916233539,-0.3321,0.5563,-0.4642,0.797
12.918532539,-0.3412,0.5605,-0.4632,0.803
12.920980308,-0.3451,0.5647,-0.4640,0.808
12.92358277,-0.3500,0.5710,-0.4556,0.810
12.925596231,-0.3576,0.5771,-0.4317,0.805
12.928092308,-0.3632,0.5873,-0.3962,0.796
12.934824308,-0.3610,0.5947,-0.3557,0.781
12.935799693,-0.3586,0.6026,-0.3176,0.770
12.936276616,-0.3576,0.6159,-0.2870,0.768
12.938016616,-0.3535,0.6301,-0.2636,0.769
12.943924231,-0.3483,0.6411,-0.2543,0.773
12.944888846,-0.3386,0.6529,-0.2587,0.780
12.945353231,-0.3261,0.6655,-0.2739,0.790
12.953228923,-0.3132,0.6711,-0.2953,0.797
12.953966385,-0.3046,0.6765,-0.3193,0.808
12.954442077,-0.3055,0.6821,-0.3371,0.820
12.954887693,-0.3136,0.6865,-0.3469,0.831
12.957199,-0.3354,0.6919,-0.3533,0.846
12.959303923,-0.3435,0.7019,-0.3464,0.855
12.961904231,-0.3549,0.7103,-0.3317,0.861
12.964641462,-0.3681,0.7210,-0.3215,0.871
12.966696,-0.3871,0.7320,-0.3232,0.889
12.969359923,-0.4074,0.7445,-0.3274,0.910
12.973081462,-0.4287,0.7557,-0.3386,0.932
12.974385846,-0.4544,0.7657,-0.3501,0.957
12.976246462,-0.4765,0.7748,-0.3613,0.979
12.978743,-0.4993,0.7838,-0.3708,1.001
12.981334077,-0.5179,0.7938,-0.3755,1.019
12.983883077,-0.5333,0.8034,-0.3789,1.036
12.986081539,-0.5477,0.8121,-0.3764,1.049
12.989269462,-0.5633,0.8167,-0.3667,1.058
12.990739693,-0.5689,0.8244,-0.3579,1.064
12.993236846,-0.5731,0.8381,-0.3430,1.072
12.995757846,-0.5769,0.8470,-0.3252,1.075
12.997888,-0.5802,0.8554,-0.3042,1.077
13.000282385,-0.5760,0.8684,-0.2846,1.080
13.00315377,-0.5677,0.8737,-0.2611,1.074
13.006328616,-0.5540,0.8828,-0.2409,1.070
13.007602693,-0.5379,0.8910,-0.2215,1.064
13.010278385,-0.5249,0.8971,-0.2087,1.060
13.01358977,-0.5130,0.9003,-0.1940,1.054
13.014688308,-0.5071,0.9113,-0.1873,1.060
13.017428,-0.4993,0.9216,-0.1830,1.064
13.021912,-0.4917,0.9306,-0.1810,1.068
13.02281877,-0.4907,0.9424,-0.1864,1.079
13.024452231,-0.4891,0.9551,-0.1915,1.090
13.027643693,-0.4902,0.9683,-0.1971,1.103
13.03531777,-0.4922,0.9830,-0.2059,1.118
13.036266154,-0.4930,0.9919,-0.2167,1.129
13.036575308,-0.4983,1.0093,-0.2260,1.148
13.03690177,-0.5037,1.0210,-0.2399,1.164
13.046110077,-0.5093,1.0359,-0.2494,1.181
13.04673477,-0.5081,1.0528,-0.2583,1.197
13.047025539,-0.5135,1.0640,-0.2672,1.211
13.047178077,-0.5135,1.0823,-0.2758,1.229
13.048490385,-0.5140,1.0960,-0.2851,1.244
13.052221846,-0.5147,1.1141,-0.2949,1.262
13.054685846,-0.5149,1.1295,-0.3010,1.277
13.055819693,-0.5152,1.1447,-0.3105,1.293
13.058057231,-0.5137,1.1630,-0.3184,1.311
13.060700231,-0.5093,1.1808,-0.3252,1.326
13.063078693,-0.4995,1.1964,-0.3305,1.338
13.06541777,-0.4881,1.2060,-0.3337,1.343
13.068283077,-0.4741,1.2089,-0.3371,1.342
13.071552,-0.4621,1.2213,-0.3440,1.350
13.07305477,-0.4487,1.2355,-0.3550,1.362
13.075329539,-0.4380,1.2404,-0.3538,1.362
13.077855693,-0.4238,1.2532,-0.3540,1.369
13.080367693,-0.4199,1.2626,-0.3531,1.377
13.08253377,-0.4172,1.2761,-0.3562,1.389
13.084887077,-0.4185,1.2975,-0.3659,1.412
13.087306154,-0.4218,1.3179,-0.3767,1.434
13.089779385,-0.4301,1.3413,-0.3894,1.461
13.09215377,-0.4399,1.3716,-0.3985,1.495
13.09551477,-0.4492,1.3953,-0.4065,1.521
13.097096,-0.4592,1.4205,-0.4176,1.550
13.099745462,-0.4697,1.4424,-0.4192,1.574
13.102272231,-0.4763,1.4573,-0.4229,1.590
13.104614077,-0.4821,1.4726,-0.4256,1.607
13.106411,-0.4809,1.4840,-0.4204,1.616
13.109248846,-0.4807,1.4889,-0.4065,1.617
13.111450693,-0.4744,1.4713,-0.3633,1.588
13.114144,-0.4504,1.4198,-0.3110,1.522
13.116547923,-0.4812,1.4361,-0.3198,1.548
13.119483923,-0.5464,1.4642,-0.3254,1.596
13.121136308,-0.5834,1.4630,-0.3296,1.609
13.123831308,-0.6356,1.4633,-0.3589,1.635
13.126449462,-0.6794,1.4512,-0.3785,1.646
13.133249154,-0.7148,1.4263,-0.3962,1.644
13.134135616,-0.7651,1.4139,-0.4265,1.663
13.134553154,-0.8186,1.4029,-0.4481,1.685
13.135655616,-0.8604,1.3846,-0.4425,1.689
13.143551923,-0.8944,1.3548,-0.4256,1.678
13.144300308,-0.9151,1.3289,-0.3894,1.660
13.144607616,-0.9293,1.3005,-0.3352,1.633
13.144901154,-0.9379,1.2665,-0.2824,1.601
13.147956,-0.9337,1.2280,-0.2462,1.562
13.149696231,-0.9202,1.1862,-0.2206,1.517
13.153439693,-0.8997,1.1388,-0.2182,1.468
13.154637846,-0.8723,1.0929,-0.2341,1.418
13.156935923,-0.8384,1.0413,-0.2639,1.363
13.160439616,-0.8025,0.9944,-0.2961,1.312
13.162309539,-0.7700,0.9499,-0.3249,1.265
13.164258462,-0.7414,0.9010,-0.3486,1.218
13.166844231,-0.7153,0.8510,-0.3566,1.168
13.169396308,-0.6984,0.8048,-0.3596,1.125
13.171464616,-0.6971,0.7650,-0.3662,1.098
13.17391777,-0.7020,0.7286,-0.3829,1.082
13.176457462,-0.7111,0.6968,-0.3972,1.072
13.178947923,-0.7250,0.6714,-0.4092,1.070
13.181189231,-0.7402,0.6572,-0.4136,1.073
13.183681154,-0.7529,0.6494,-0.4070,1.074
13.18613377,-0.7630,0.6529,-0.3913,1.078
13.188352308,-0.7714,0.6602,-0.3689,1.080
13.190767693,-0.7702,0.6827,-0.3457,1.086
13.193454385,-0.7588,0.7070,-0.3230,1.086
13.195794693,-0.7383,0.7296,-0.3068,1.082
13.198112539,-0.7131,0.7486,-0.2961,1.075
13.200944539,-0.6801,0.7633,-0.2930,1.063
13.203741154,-0.6432,0.7696,-0.2893,1.044
13.205209846,-0.5963,0.7711,-0.2932,1.018
13.207955385,-0.5496,0.7674,-0.2953,0.989
13.210731385,-0.5017,0.7715,-0.3010,0.968
13.213009539,-0.4499,0.7799,-0.3044,0.950
13.215035923,-0.4108,0.7867,-0.3088,0.940
13.217721462,-0.3810,0.7877,-0.3161,0.930
13.220000616,-0.3586,0.7845,-0.3289,0.923
13.222212846,-0.3451,0.7818,-0.3454,0.922
13.224956923,-0.3432,0.7792,-0.3579,0.924
13.232345462,-0.3435,0.7699,-0.3615,0.917
13.233242462,-0.3495,0.7620,-0.3647,0.914
13.233838693,-0.3664,0.7535,-0.3671,0.915
13.235856846,-0.3884,0.7433,-0.3731,0.918
13.239689231,-0.4125,0.7357,-0.3833,0.926
13.24086177,-0.4367,0.7296,-0.3760,0.930
13.241590154,-0.4578,0.7268,-0.3482,0.927
13.249243616,-0.4854,0.7256,-0.3122,0.927
13.249811077,-0.5117,0.7242,-0.3112,0.940
13.250010154,-0.5387,0.7254,-0.2961,0.951
13.25133777,-0.5618,0.7317,-0.2732,0.962
13.253667308,-0.5899,0.7359,-0.2734,0.982
13.255830385,-0.6249,0.7447,-0.2863,1.013
13.258653462,-0.6693,0.7557,-0.3210,1.059
13.261437231,-0.7118,0.7757,-0.3792,1.119
13.263302462,-0.7485,0.8121,-0.4363,1.188
13.265651077,-0.7754,0.8647,-0.4559,1.248
13.269271,-0.7847,0.9329,-0.4295,1.292
13.270572308,-0.7651,1.0044,-0.3640,1.314
13.273240539,-0.7109,1.0797,-0.2709,1.321
13.275619,-0.6195,1.1430,-0.1627,1.310
13.278242462,-0.5198,1.2265,0.0062,1.332
13.280969539,-0.4001,1.3279,0.2462,1.409
13.282612616,-0.2687,1.4239,0.5191,1.539
13.286106385,-0.1599,1.5749,0.8082,1.777
13.287394077,-0.0488,1.7456,1.1345,2.082
13.290099385,0.0794,1.8973,1.4485,2.388
13.292360539,0.2560,1.9858,1.6612,2.602
13.29567777,0.3911,2.0526,1.9317,2.846
13.297257539,0.5077,2.0789,2.0819,2.986
13.299693462,0.5802,2.0723,1.8721,2.852
13.302699693,0.5625,2.0374,1.3123,2.488
13.304650154,0.4664,1.9765,0.6217,2.124
13.307269539,0.4661,1.8481,-0.1556,1.912
13.310074693,0.5131,1.6785,-0.7761,1.919
13.312724231,0.5716,1.4972,-1.1761,1.988
13.313796308,0.6054,1.3406,-1.2485,1.929
13.317171077,0.5925,1.2206,-1.1815,1.799
13.319321154,0.5369,1.1151,-1.0698,1.636
13.321164846,0.4813,1.0179,-0.8898,1.435
13.323866385,0.4219,0.9184,-0.6918,1.225
13.331632231,0.3525,0.8219,-0.5172,1.033
13.332148616,0.2734,0.7337,-0.3885,0.874
13.332708308,0.1805,0.6641,-0.3135,0.756
13.333262385,0.0831,0.6238,-0.2768,0.687
13.343302154,-0.0080,0.5917,-0.2418,0.639
13.344414693,-0.1106,0.6008,-0.2001,0.643
13.344887077,-0.2051,0.6208,-0.1304,0.667
13.345258154,-0.2843,0.6465,-0.0384,0.707
13.345694077,-0.3623,0.6863,0.0141,0.776
13.347506693,-0.4378,0.7261,0.0251,0.848
13.35164577,-0.5037,0.7608,0.0097,0.912
13.352326154,-0.5528,0.8058,-0.0266,0.978
13.354733539,-0.5520,0.8197,-0.0291,0.989
13.357483923,-0.5296,0.8256,-0.0232,0.981
13.360062693,-0.5184,0.8329,-0.0279,0.981
13.361990077,-0.5247,0.8498,-0.0359,0.999
13.364670462,-0.5467,0.8803,-0.0388,1.037
13.367212308,-0.5662,0.9140,-0.0332,1.076
13.369878693,-0.5778,0.9446,-0.0188,1.107
13.371952616,-0.5846,0.9716,-0.0026,1.134
13.374502077,-0.5824,1.0039,-0.0007,1.161
13.377256616,-0.5860,1.0296,-0.0296,1.185
13.379092846,-0.6116,1.0657,-0.0594,1.230
13.38179377,-0.6579,1.1246,-0.0882,1.306
13.383814154,-0.7118,1.1852,-0.0972,1.386
13.386179,-0.7705,1.2436,-0.0880,1.466
13.388787,-0.8203,1.2991,-0.0633,1.538
13.39128977,-0.8576,1.3354,-0.0340,1.587
13.394349846,-0.8878,1.3585,-0.0044,1.623
13.395791923,-0.9012,1.3594,0.0337,1.631
13.398575385,-0.8909,1.3331,0.0845,1.606
13.401688539,-0.8606,1.2947,0.1374,1.561
13.402995923,-0.8157,1.2465,0.1776,1.500
13.405799,-0.7572,1.1918,0.2054,1.427
13.40803077,-0.6806,1.1405,0.2154,1.346
13.410506693,-0.6009,1.0943,0.2059,1.265
13.412764539,-0.5173,1.0479,0.1795,1.182
13.415409539,-0.4370,1.0044,0.1369,1.104
13.418235308,-0.3598,0.9695,0.0879,1.038
13.420070154,-0.2885,0.9343,0.0341,0.978
13.422841231,-0.2296,0.9087,-0.0191,0.937
13.425016539,-0.1763,0.8957,-0.0715,0.916
13.427829539,-0.1299,0.8866,-0.1199,0.904
13.429898462,-0.0942,0.8845,-0.1639,0.904
13.432511923,-0.0642,0.8925,-0.2028,0.918
13.44038577,-0.0424,0.9026,-0.2382,0.934
13.441555,-0.0278,0.9213,-0.2716,0.961
13.442015308,-0.0146,0.9406,-0.2968,0.986
13.442268616,-0.0055,0.9611,-0.3168,1.012
13.444227,0.0042,0.9765,-0.3296,1.031
13.446612231,0.0130,0.9951,-0.3457,1.054
13.448961231,0.0293,1.0105,-0.3655,1.075
13.45466977,0.0389,1.0252,-0.3823,1.095
13.455095308,0.0452,1.0403,-0.3918,1.113
13.456250462,0.0545,1.0506,-0.3946,1.124
13.458971077,0.0659,1.0608,-0.3909,1.132
13.460874154,0.0836,1.0611,-0.3869,1.133
13.463178693,0.0829,1.0755,-0.3736,1.142
13.465702385,0.0845,1.0885,-0.3545,1.148
13.467996231,0.0887,1.0943,-0.3371,1.148
13.470600846,0.0933,1.0974,-0.3198,1.147
13.473175385,0.0931,1.0953,-0.3083,1.142
13.475534385,0.0913,1.0860,-0.3044,1.132
13.478230154,0.0816,1.0836,-0.3030,1.128
13.480356923,0.0623,1.0774,-0.3019,1.121
13.483931385,0.0352,1.0723,-0.2978,1.113
13.48498,-0.0016,1.0704,-0.2861,1.108
13.48740677,-0.0468,1.0706,-0.2714,1.105
13.489975308,-0.0920,1.0704,-0.2567,1.105
13.49234277,-0.1373,1.0650,-0.2418,1.101
13.494686693,-0.1844,1.0652,-0.2276,1.105
13.497275693,-0.2296,1.0643,-0.2180,1.110
13.500364231,-0.2777,1.0631,-0.2066,1.118
13.501802077,-0.3234,1.0624,-0.1937,1.127
13.510279923,-0.3644,1.0547,-0.1856,1.131
13.511589231,-0.4026,1.0491,-0.1786,1.138
13.512078385,-0.4390,1.0398,-0.1719,1.142
13.512250077,-0.4670,1.0293,-0.1661,1.142
13.513900231,-0.4937,1.0184,-0.1583,1.143
13.518798077,-0.5140,1.0066,-0.1542,1.141
13.520755616,-0.5257,1.0000,-0.1441,1.139
13.521016847,-0.5310,0.9912,-0.1416,1.133
13.523688308,-0.5298,0.9853,-0.1358,1.127
13.526611077,-0.5201,0.9765,-0.1356,1.115
13.528315385,-0.4900,0.9663,-0.1365,1.092
13.531055385,-0.4592,0.9599,-0.1376,1.073
13.534300923,-0.4306,0.9599,-0.1378,1.061
13.535771,-0.3894,0.9572,-0.1402,1.043
13.538595616,-0.3439,0.9595,-0.1393,1.029
13.541485231,-0.2999,0.9558,-0.1376,1.011
13.543316923,-0.2657,0.9580,-0.1348,1.003
13.547039308,-0.2396,0.9595,-0.1288,0.997
13.547772847,-0.2140,0.9653,-0.1221,0.996
13.550404539,-0.1937,0.9716,-0.1248,0.999
13.552460539,-0.1741,0.9744,-0.1283,0.998
13.555303077,-0.1534,0.9763,-0.1383,0.998
13.558153462,-0.1238,0.9802,-0.1453,0.999
13.559658693,-0.0989,0.9809,-0.1524,0.998
13.562393847,-0.0812,0.9853,-0.1605,1.002
13.564729231,-0.0583,0.9905,-0.1627,1.005
13.567103923,-0.0402,0.9958,-0.1617,1.010
13.569870154,-0.0221,1.0044,-0.1663,1.018
13.573568231,-0.0023,1.0059,-0.1749,1.021
13.574597847,0.0117,1.0135,-0.1844,1.030
13.577094385,0.0286,1.0128,-0.1761,1.028
13.579303693,0.0379,1.0128,-0.1710,1.028
13.58279777,0.0408,1.0184,-0.1663,1.033
13.583907,0.0379,1.0240,-0.1600,1.037
13.586387923,0.0312,1.0259,-0.1619,1.039
13.589059693,0.0212,1.0261,-0.1647,1.039
13.591359385,0.0037,1.0261,-0.1651,1.039
13.593563693,-0.0167,1.0277,-0.1661,1.041
13.596114385,-0.0370,1.0266,-0.1703,1.041
13.599608539,-0.0605,1.0186,-0.1735,1.035
13.600807385,-0.0884,1.0140,-0.1774,1.033
13.603469462,-0.1164,1.0044,-0.1776,1.027
13.605767923,-0.1373,0.9942,-0.1776,1.019
13.608164539,-0.1562,0.9863,-0.1759,1.014
13.610583923,-0.1732,0.9741,-0.1686,1.004
13.613462154,-0.1868,0.9646,-0.1619,0.996
13.615892308,-0.1958,0.9558,-0.1551,0.988
13.617531385,-0.2035,0.9478,-0.1465,0.980
13.620374077,-0.2086,0.9414,-0.1336,0.973
13.622983923,-0.2119,0.9382,-0.1263,0.970
13.624892847,-0.2124,0.9369,-0.1192,0.968
13.627411308,-0.2107,0.9294,-0.1143,0.960
13.630431693,-0.2083,0.9294,-0.1131,0.959
13.635646385,-0.1988,0.9292,-0.1123,0.957
13.636432308,-0.1873,0.9292,-0.1178,0.955
13.637537462,-0.1734,0.9304,-0.1216,0.954
13.639603923,-0.1570,0.9380,-0.1136,0.958
13.646677154,-0.1425,0.9418,-0.1304,0.961
13.647168539,-0.1243,0.9426,-0.1453,0.962
13.647404231,-0.1125,0.9460,-0.1437,0.963
13.655227308,-0.0971,0.9499,-0.1461,0.966
13.656016539,-0.0893,0.9560,-0.1463,0.971
13.656798385,-0.0805,0.9621,-0.1478,0.977
13.65721077,-0.0705,0.9695,-0.1465,0.983
13.65876177,-0.0668,0.9760,-0.1446,0.989
13.661247923,-0.0581,0.9846,-0.1542,0.998
13.663693462,-0.0498,0.9900,-0.1590,1.004
13.666350154,-0.0468,0.9991,-0.1507,1.011
13.668443385,-0.0349,1.0012,-0.1524,1.013
13.671510385,-0.0236,1.0054,-0.1539,1.017
13.673285847,-0.0153,1.0044,-0.1605,1.017
13.675771308,-0.0065,1.0039,-0.1728,1.019
13.678399308,0.0030,1.0037,-0.1881,1.021
13.680693462,0.0039,1.0030,-0.2003,1.023
13.683282154,-0.0036,1.0027,-0.2045,1.023
13.685569154,-0.0118,1.0081,-0.2079,1.029
13.688772847,-0.0248,1.0117,-0.2087,1.033
13.691252,-0.0397,1.0168,-0.2038,1.038
13.692679923,-0.0549,1.0230,-0.1893,1.042
13.694994077,-0.0747,1.0296,-0.1793,1.048
13.698627616,-0.0913,1.0347,-0.1661,1.052
13.699842385,-0.1094,1.0359,-0.1610,1.054
13.702354693,-0.1243,1.0366,-0.1519,1.055
13.704767616,-0.1404,1.0338,-0.1497,1.054
13.707476231,-0.1543,1.0310,-0.1526,1.054
13.710490462,-0.1680,1.0266,-0.1556,1.052
13.712722462,-0.1760,1.0208,-0.1563,1.048
13.714372308,-0.1807,1.0149,-0.1570,1.043
13.716689847,-0.1858,1.0086,-0.1639,1.039
13.71894177,-0.1909,1.0015,-0.1639,1.033
13.722011616,-0.1927,0.9946,-0.1639,1.026
13.728985847,-0.1961,0.9870,-0.1627,1.019
13.729573154,-0.1939,0.9802,-0.1610,1.012
13.729836539,-0.1917,0.9741,-0.1602,1.006
13.737453539,-0.1875,0.9716,-0.1610,1.003
13.738081847,-0.1881,0.9719,-0.1635,1.003
13.738315923,-0.1856,0.9724,-0.1681,1.004
13.738560847,-0.1758,0.9739,-0.1710,1.004
13.746505462,-0.1660,0.9758,-0.1752,1.005
13.747173231,-0.1632,0.9800,-0.1779,1.009
13.747449231,-0.1480,0.9863,-0.1776,1.013
13.748125462,-0.1399,0.9900,-0.1766,1.015
13.750337847,-0.1269,0.9983,-0.1735,1.021
13.752633847,-0.1138,1.0056,-0.1647,1.025
13.756667693,-0.1094,1.0174,-0.1563,1.035
13.757739616,-0.1040,1.0235,-0.1483,1.039
13.761032231,-0.0979,1.0313,-0.1425,1.046
13.762424539,-0.0901,1.0361,-0.1373,1.049
13.764802462,-0.0866,1.0410,-0.1307,1.053
13.767524847,-0.0825,1.0431,-0.1229,1.054
13.769796,-0.0771,1.0431,-0.1234,1.053
13.772467693,-0.0761,1.0428,-0.1248,1.053
13.774463308,-0.0735,1.0398,-0.1265,1.050
13.777212,-0.0703,1.0403,-0.1304,1.051
13.779784231,-0.0703,1.0350,-0.1390,1.047
13.782742385,-0.0728,1.0345,-0.1486,1.048
13.784170462,-0.0668,1.0298,-0.1502,1.043
13.786682385,-0.0630,1.0186,-0.1502,1.032
13.789280847,-0.0546,1.0144,-0.1486,1.027
13.791343077,-0.0461,1.0079,-0.1449,1.019
13.793921539,-0.0316,1.0012,-0.1400,1.011
13.797893539,-0.0195,1.0012,-0.1339,1.010
13.798796539,-0.0058,0.9986,-0.1329,1.007
13.801361539,0.0075,1.0010,-0.1302,1.009
13.803585847,0.0284,1.0037,-0.1390,1.014
13.805982693,0.0435,1.0051,-0.1458,1.017
13.808215693,0.0620,1.0063,-0.1478,1.019
13.810967693,0.0831,1.0061,-0.1432,1.020
13.814242154,0.1013,1.0017,-0.1346,1.016
13.815431693,0.1241,0.9986,-0.1409,1.016
13.818263,0.1432,0.9956,-0.1478,1.017
13.820465154,0.1588,0.9966,-0.1524,1.021
13.822933462,0.1744,0.9951,-0.1514,1.022
13.825255,0.1889,0.9946,-0.1470,1.023
13.827796847,0.1973,0.9963,-0.1456,1.026
13.835407385,0.2094,0.9993,-0.1566,1.033
13.836121154,0.2143,1.0022,-0.1715,1.039
13.83640577,0.2215,1.0084,-0.1873,1.049
13.845438462,0.2343,1.0117,-0.1973,1.057
13.846212539,0.2409,1.0174,-0.2003,1.065
13.846973154,0.2558,1.0212,-0.2038,1.072
13.84743477,0.2655,1.0249,-0.2120,1.080
13.847690462,0.2793,1.0269,-0.2208,1.087
13.849118462,0.2949,1.0310,-0.2320,1.097
13.85169777,0.3079,1.0371,-0.2462,1.110
13.853919077,0.3135,1.0496,-0.2529,1.124
13.856383693,0.3130,1.0682,-0.2480,1.140
13.858775385,0.3110,1.0955,-0.2380,1.163
13.861549539,0.3079,1.1193,-0.2194,1.181
13.864010154,0.3047,1.1402,-0.1973,1.197
13.865984539,0.3002,1.1542,-0.1681,1.204
13.868385154,0.2981,1.1600,-0.1390,1.206
13.871463693,0.2890,1.1649,-0.1153,1.206
13.873936539,0.2814,1.1693,-0.1062,1.207
13.875919385,0.2723,1.1752,-0.1034,1.211
13.878311385,0.2536,1.1845,-0.1031,1.216
13.880709231,0.2365,1.1999,-0.1058,1.228
13.882896,0.2180,1.2153,-0.1080,1.239
13.885318693,0.1942,1.2375,-0.1102,1.257
13.887808,0.1719,1.2612,-0.1001,1.277
13.89017777,0.1476,1.2837,-0.0813,1.295
13.892723,0.1381,1.2988,-0.0586,1.307
13.895383923,0.1192,1.3350,-0.0323,1.341
13.897525847,0.0960,1.3718,-0.0021,1.375
13.899956539,0.0845,1.4107,0.0239,1.413
13.903312308,0.0774,1.4471,0.0481,1.450
13.90599777,0.0703,1.4838,0.0547,1.486
13.907628847,0.0633,1.5199,0.0375,1.522
13.913455616,0.0577,1.5490,0.0129,1.550
13.914296539,0.0525,1.5798,0.0002,1.581
13.914762462,0.0471,1.6113,-0.0053,1.612
13.916679693,0.0398,1.6384,-0.0310,1.639
13.91932277,0.0340,1.6604,-0.0522,1.662
13.922110462,0.0263,1.6758,-0.0645,1.677
13.924193847,0.0286,1.6755,-0.0771,1.678
13.926841231,0.0286,1.6844,-0.0771,1.686
13.93486577,0.0517,1.6765,-0.1085,1.681
13.935343077,0.0564,1.6865,-0.0743,1.689
13.935609462,0.0562,1.6958,-0.0561,1.698
13.93606977,0.0650,1.6951,-0.0757,1.698
13.947681154,0.0831,1.6751,-0.1058,1.680
13.948281231,0.1046,1.6467,-0.1468,1.657
13.94856177,0.1251,1.6135,-0.2017,1.631
13.948796616,0.1437,1.5773,-0.2431,1.602
13.949067077,0.1554,1.5348,-0.2726,1.567
13.950718077,0.1666,1.4940,-0.2837,1.530
13.952788847,0.1830,1.4554,-0.2939,1.496
13.955439693,0.1861,1.4178,-0.3110,1.463
13.957676231,0.1754,1.3846,-0.3371,1.436
13.960032,0.1661,1.3585,-0.3601,1.415
13.963267,0.1526,1.3277,-0.3694,1.387
13.965528231,0.1297,1.3032,-0.3731,1.362
13.967831385,0.1021,1.2737,-0.3913,1.336
13.970759693,0.0748,1.2439,-0.4195,1.315
13.972176539,0.0471,1.2075,-0.4427,1.287
13.974728,0.0237,1.1742,-0.4500,1.258
13.977208539,-0.0014,1.1325,-0.4500,1.219
13.979603616,-0.0292,1.0921,-0.4466,1.180
13.981991308,-0.0630,1.0599,-0.4493,1.153
13.984429539,-0.1069,1.0369,-0.4512,1.136
13.988189462,-0.1562,1.0212,-0.4514,1.127
13.989728308,-0.2105,1.0152,-0.4474,1.129
13.991695616,-0.2736,1.0081,-0.4427,1.134
13.994603077,-0.3361,0.9998,-0.4417,1.144
13.997270077,-0.3938,0.9858,-0.4158,1.140
13.998824923,-0.4519,0.9634,-0.3841,1.131
14.001627385,-0.5074,0.9382,-0.3476,1.122
14.003836923,-0.5487,0.9120,-0.3247,1.113
14.006049154,-0.5804,0.8830,-0.3137,1.102
14.008459308,-0.6078,0.8581,-0.3274,1.101
14.012263308,-0.6183,0.8368,-0.3491,1.097
14.013604231,-0.6317,0.8160,-0.3877,1.102
14.01569377,-0.6456,0.8078,-0.4319,1.121
14.018757847,-0.6624,0.7926,-0.4991,1.147
14.020902693,-0.6766,0.7671,-0.5634,1.168
14.02302,-0.7109,0.7496,-0.6173,1.203
14.025613539,-0.7490,0.7322,-0.6592,1.238
14.029068308,-0.8000,0.7198,-0.6589,1.262
14.030372616,-0.8362,0.7139,-0.6310,1.268
14.032468616,-0.8660,0.7119,-0.5639,1.255
14.035503077,-0.8870,0.7184,-0.4730,1.236
14.042682077,-0.9049,0.7266,-0.3684,1.218
14.043503308,-0.9359,0.7528,-0.2108,1.219
14.044010462,-0.9708,0.7926,-0.0579,1.255
14.044494077,-0.9960,0.8358,0.0979,1.304
14.054932308,-1.0021,0.8715,0.2494,1.351
14.055955385,-0.9617,0.8915,0.3677,1.362
14.056233154,-0.8873,0.8905,0.4411,1.332
14.056766154,-0.8061,0.8798,0.4609,1.279
14.057200231,-0.7360,0.8622,0.4267,1.211
14.059924231,-0.6703,0.8365,0.3495,1.127
14.06336677,-0.6023,0.8119,0.2440,1.040
14.064596,-0.5354,0.7787,0.1306,0.954
14.06640277,-0.4668,0.7459,0.0349,0.881
14.070104616,-0.3928,0.7056,-0.0675,0.810
14.071368616,-0.3185,0.6651,-0.1465,0.752
14.073555693,-0.2518,0.6294,-0.1917,0.704
14.075856231,-0.1995,0.6026,-0.2157,0.670
14.078328847,-0.1680,0.5861,-0.2098,0.645
14.080622077,-0.1453,0.5751,-0.2164,0.631
14.083283308,-0.1308,0.5637,-0.2443,0.628
14.08651877,-0.1087,0.5372,-0.2604,0.607
14.08788577,-0.1052,0.5158,-0.2844,0.598
14.090403,-0.1113,0.5023,-0.3032,0.597
14.095349154,-0.1282,0.4901,-0.3156,0.597
14.09649777,-0.1521,0.4764,-0.3205,0.594
14.097842693,-0.1858,0.4659,-0.3210,0.596
14.100552847,-0.2264,0.4569,-0.3200,0.602
14.103081462,-0.2657,0.4523,-0.3105,0.610
14.10507477,-0.3041,0.4486,-0.2953,0.617
14.107476,-0.3368,0.4435,-0.2844,0.625
14.109850154,-0.3610,0.4412,-0.2602,0.627
14.112259385,-0.3786,0.4344,-0.2421,0.625
14.114694077,-0.3918,0.4312,-0.2248,0.625
14.117956847,-0.3940,0.4322,-0.2122,0.622
14.120115077,-0.3879,0.4340,-0.1947,0.614
14.122497462,-0.3784,0.4376,-0.1710,0.603
14.12448577,-0.3628,0.4393,-0.1465,0.588
14.127977539,-0.3449,0.4440,-0.1199,0.575
14.128937154,-0.3239,0.4515,-0.0985,0.564
14.131495923,-0.3065,0.4618,-0.0845,0.561
14.13397077,-0.2855,0.4694,-0.0799,0.555
14.141155308,-0.2696,0.4769,-0.0901,0.555
14.142114385,-0.2613,0.4869,-0.1048,0.562
14.142388616,-0.2528,0.4987,-0.1221,0.572
14.151818154,-0.2471,0.5085,-0.1339,0.581
14.152278385,-0.2462,0.5199,-0.1474,0.594
14.152448616,-0.2531,0.5353,-0.1539,0.612
14.152851077,-0.2618,0.5517,-0.1583,0.631
14.153020616,-0.2757,0.5688,-0.1632,0.653
14.155690385,-0.2985,0.5935,-0.1728,0.686
14.15869377,-0.3241,0.6122,-0.1810,0.716
14.160445847,-0.3500,0.6377,-0.1908,0.752
14.162625462,-0.3793,0.6606,-0.2010,0.788
14.16566577,-0.4082,0.6868,-0.2066,0.825
14.167639385,-0.4406,0.7117,-0.2106,0.863
14.16983877,-0.4695,0.7312,-0.2066,0.893
14.172355385,-0.4922,0.7510,-0.1976,0.919
14.175115,-0.5177,0.7682,-0.1864,0.945
14.177506385,-0.5347,0.7833,-0.1744,0.964
14.179847616,-0.5513,0.7985,-0.1607,0.984
14.182459923,-0.5664,0.8102,-0.1507,1.000
14.185193231,-0.5748,0.8192,-0.1412,1.011
14.186711923,-0.5806,0.8268,-0.1344,1.019
14.189607308,-0.5806,0.8341,-0.1292,1.024
14.191930077,-0.5790,0.8400,-0.1260,1.028
14.194131693,-0.5743,0.8407,-0.1253,1.026
14.196985154,-0.5699,0.8397,-0.1199,1.022
14.199158462,-0.5594,0.8376,-0.1148,1.014
14.202048539,-0.5475,0.8365,-0.1151,1.006
14.203673154,-0.5354,0.8329,-0.1190,0.997
14.206318693,-0.5228,0.8351,-0.1207,0.993
14.208735385,-0.5093,0.8319,-0.1204,0.983
14.21180177,-0.4954,0.8312,-0.1214,0.975
14.213805847,-0.4861,0.8297,-0.1187,0.969
14.21631477,-0.4712,0.8305,-0.1204,0.962
14.218605462,-0.4597,0.8300,-0.1236,0.957
14.220534462,-0.4519,0.8319,-0.1255,0.955
14.223167385,-0.4465,0.8390,-0.1319,0.960
14.225638154,-0.4397,0.8468,-0.1321,0.963
14.227873154,-0.4346,0.8561,-0.1368,0.970
14.230219,-0.4294,0.8659,-0.1365,0.976
14.233080308,-0.4236,0.8793,-0.1356,0.985
14.239611,-0.4133,0.8884,-0.1255,0.988
14.240368308,-0.4055,0.8964,-0.1162,0.991
14.241139077,-0.3984,0.9035,-0.1087,0.993
14.249803,-0.3874,0.9084,-0.0992,0.992
14.250524923,-0.3773,0.9124,-0.0933,0.992
14.250859077,-0.3693,0.9155,-0.0867,0.991
14.251195923,-0.3600,0.9189,-0.0796,0.990
14.251776616,-0.3535,0.9182,-0.0687,0.986
14.254348847,-0.3473,0.9180,-0.0626,0.983
14.256922462,-0.3458,0.9174,-0.0623,0.982
14.260714385,-0.3463,0.9208,-0.0650,0.986
14.262676847,-0.3530,0.9169,-0.0647,0.985
14.264139923,-0.3600,0.9182,-0.0671,0.989
14.267407385,-0.3752,0.9167,-0.0652,0.993
14.268756308,-0.3898,0.9140,-0.0701,0.996
14.271179077,-0.4069,0.9138,-0.0813,1.004
14.274111077,-0.4275,0.9133,-0.0901,1.012
14.276664,-0.4463,0.9131,-0.1011,1.021
14.278407077,-0.4656,0.9118,-0.1139,1.030
14.281207,-0.4824,0.9128,-0.1265,1.040
14.284180616,-0.5015,0.9115,-0.1437,1.050
14.285624923,-0.5208,0.9143,-0.1537,1.063
14.28827377,-0.5410,0.9174,-0.1666,1.078
14.290809231,-0.5625,0.9196,-0.1861,1.094
14.293564539,-0.5821,0.9262,-0.1964,1.111
14.295398385,-0.6000,0.9289,-0.2057,1.125
14.298034077,-0.6219,0.9287,-0.2150,1.138
14.301128616,-0.6417,0.9282,-0.2084,1.147
14.302677231,-0.6500,0.9241,-0.2033,1.148
14.305243923,-0.6561,0.9267,-0.1942,1.152
14.307691385,-0.6610,0.9260,-0.1901,1.154
14.309906462,-0.6608,0.9272,-0.1849,1.154
14.312763616,-0.6566,0.9343,-0.1502,1.152
14.314932616,-0.6508,0.9378,-0.1358,1.150
14.317413154,-0.6370,0.9318,-0.1405,1.137
14.319515616,-0.6249,0.9257,-0.1441,1.126
14.322037231,-0.6053,0.9131,-0.1488,1.106
14.326067616,-0.5890,0.9062,-0.1500,1.091
14.327329462,-0.5738,0.9071,-0.1532,1.084
14.329142154,-0.5672,0.9180,-0.1593,1.091
14.331676923,-0.5704,0.9387,-0.1632,1.110
14.338687,-0.5750,0.9558,-0.1663,1.128
14.339663693,-0.5753,0.9597,-0.1735,1.132
14.339987308,-0.5638,0.9576,-0.1793,1.126
14.349676539,-0.5518,0.9453,-0.1849,1.110
14.350834385,-0.5345,0.9272,-0.1913,1.087
14.351447385,-0.5240,0.9160,-0.2006,1.074
14.35169877,-0.5108,0.9003,-0.2028,1.055
14.352156231,-0.4991,0.8842,-0.2015,1.035
14.354718154,-0.4868,0.8764,-0.1976,1.022
14.355486693,-0.4793,0.8559,-0.1969,1.001
14.359029462,-0.4721,0.8365,-0.1979,0.981
14.360495077,-0.4595,0.8183,-0.1928,0.958
14.363010154,-0.4548,0.8004,-0.1837,0.939
14.366467,-0.4453,0.7823,-0.1749,0.917
14.367739308,-0.4394,0.7692,-0.1639,0.901
14.369979385,-0.4301,0.7526,-0.1502,0.880
14.372626154,-0.4231,0.7357,-0.1348,0.859
14.37500577,-0.4164,0.7242,-0.1180,0.844
14.377321847,-0.4123,0.7149,-0.1018,0.832
14.380136308,-0.4099,0.7058,-0.0899,0.821
14.383616923,-0.4082,0.6958,-0.0762,0.810
14.384794077,-0.4074,0.6956,-0.0659,0.809
14.38738677,-0.4111,0.6941,-0.0538,0.808
14.390192923,-0.4162,0.6939,-0.0424,0.810
14.392748231,-0.4206,0.6951,-0.0324,0.813
14.394257462,-0.4285,0.6993,-0.0266,0.821
14.396719077,-0.4341,0.7049,-0.0198,0.828
14.400143077,-0.4392,0.7154,-0.0146,0.840
14.401677231,-0.4416,0.7268,-0.0122,0.851
14.403979693,-0.4429,0.7379,-0.0090,0.861
14.406468847,-0.4427,0.7486,-0.0075,0.870
14.409313847,-0.4416,0.7599,-0.0024,0.879
14.411489847,-0.4378,0.7740,-0.0046,0.889
14.414042385,-0.4334,0.7806,-0.0056,0.893
14.416738077,-0.4304,0.7918,-0.0124,0.901
14.418852847,-0.4197,0.8004,-0.0161,0.904
14.420908,-0.4133,0.8085,-0.0235,0.908
14.424766693,-0.4031,0.8129,-0.0317,0.908
14.426060616,-0.3852,0.8167,-0.0324,0.904
14.428478385,-0.3691,0.8141,-0.0354,0.895
14.430668616,-0.3522,0.8102,-0.0452,0.885
14.438155,-0.3358,0.8116,-0.0545,0.880
14.438963693,-0.3200,0.8139,-0.0579,0.876
14.43935877,-0.3051,0.8102,-0.0638,0.868
14.44001877,-0.2801,0.8095,-0.0755,0.860
14.447674693,-0.2677,0.8090,-0.0855,0.856
14.448674154,-0.2508,0.8039,-0.0962,0.848
14.449252616,-0.2369,0.7994,-0.0887,0.838
14.449719923,-0.2305,0.7974,-0.0904,0.835
14.452732308,-0.2279,0.7982,-0.0957,0.836
14.454423693,-0.2224,0.7965,-0.1034,0.833
14.461254077,-0.2168,0.7980,-0.1078,0.834
14.461740616,-0.2132,0.7969,-0.1013,0.831
14.462028539,-0.2181,0.7965,-0.0929,0.831
14.46458277,-0.2173,0.7934,-0.0838,0.827
14.466743385,-0.2222,0.7899,-0.0767,0.824
14.469241231,-0.2249,0.7829,-0.0679,0.817
14.471360539,-0.2279,0.7767,-0.0582,0.812
14.473617847,-0.2298,0.7704,-0.0489,0.805
14.476047693,-0.2328,0.7575,-0.0410,0.793
14.478627923,-0.2359,0.7489,-0.0332,0.786
14.481295308,-0.2408,0.7376,-0.0191,0.776
14.483430385,-0.2438,0.7291,-0.0100,0.769
14.48609777,-0.2454,0.7156,-0.0009,0.757
14.488408847,-0.2487,0.7081,-0.0005,0.750
14.490699077,-0.2482,0.6951,-0.0009,0.738
14.492995693,-0.2415,0.6895,-0.0021,0.731
14.495529462,-0.2391,0.6829,-0.0005,0.723
14.498681539,-0.2337,0.6785,-0.0030,0.718
14.500197539,-0.2220,0.6719,-0.0009,0.708
14.502918693,-0.2083,0.6692,0.0046,0.701
14.505400923,-0.1912,0.6648,0.0141,0.692
14.507792847,-0.1763,0.6629,0.0241,0.686
14.510641847,-0.1648,0.6665,0.0329,0.687
14.512480231,-0.1502,0.6741,0.0375,0.692
14.51539477,-0.1360,0.6800,0.0395,0.695
14.517028616,-0.1238,0.6881,0.0419,0.700
14.519458154,-0.1069,0.6961,0.0388,0.705
14.522032,-0.1010,0.7070,0.0339,0.715
14.524356539,-0.0903,0.7188,0.0227,0.725
14.526626077,-0.0820,0.7337,0.0121,0.738
14.529385462,-0.0761,0.7540,0.0029,0.758
14.532557462,-0.0663,0.7723,-0.0081,0.775
14.534471616,-0.0635,0.7962,-0.0195,0.799
14.53662277,-0.0591,0.8136,-0.0319,0.816
14.538931,-0.0563,0.8361,-0.0457,0.839
14.541264847,-0.0468,0.8573,-0.0594,0.861
14.543666385,-0.0381,0.8791,-0.0715,0.883
14.546182385,-0.0332,0.8979,-0.0838,0.902
14.548591923,-0.0321,0.9167,-0.0965,0.922
14.551003,-0.0236,0.9309,-0.1050,0.937
14.553419077,-0.0163,0.9431,-0.1136,0.950
14.555780231,-0.0090,0.9511,-0.1216,0.959
14.557980923,-0.0078,0.9639,-0.1292,0.973
14.56047777,-0.0053,0.9702,-0.1393,0.980
14.562950154,-0.0018,0.9763,-0.1486,0.988
14.565783308,0.0032,0.9830,-0.1517,0.995
14.567728308,0.0122,0.9898,-0.1561,1.002
14.570339616,0.0144,0.9912,-0.1546,1.003
14.577317539,0.0188,0.9930,-0.1537,1.005
14.577933847,0.0212,0.9917,-0.1517,1.003
14.578146154,0.0254,0.9837,-0.1468,0.995
14.580145462,0.0352,0.9765,-0.1427,0.988
14.582070385,0.0469,0.9751,-0.1363,0.986
14.584457462,0.0466,0.9611,-0.1285,0.971
14.587282462,0.0381,0.9514,-0.1226,0.960
14.589571923,0.0232,0.9397,-0.1073,0.946
14.591781462,0.0135,0.9241,-0.0892,0.928
14.594343693,0.0019,0.9084,-0.0720,0.911
14.597998385,-0.0143,0.8925,-0.0569,0.894
14.599213154,-0.0239,0.8766,-0.0471,0.878
14.601571693,-0.0337,0.8605,-0.0405,0.862
14.606424616,-0.0446,0.8446,-0.0381,0.847
14.60770177,-0.0558,0.8325,-0.0368,0.835
14.609858385,-0.0671,0.8236,-0.0368,0.827
14.611394462,-0.0732,0.8126,-0.0330,0.817
14.614989154,-0.0764,0.8036,-0.0315,0.808
14.616096231,-0.0789,0.7997,-0.0324,0.804
14.618584231,-0.0781,0.7965,-0.0342,0.801
14.620998462,-0.0747,0.7916,-0.0300,0.796
14.623576308,-0.0724,0.7880,-0.0276,0.792
14.626416539,-0.0719,0.7916,-0.0298,0.795
14.628596923,-0.0700,0.7929,-0.0271,0.796
14.636488539,-0.0666,0.7958,-0.0230,0.799
14.637242154,-0.0610,0.8072,-0.0112,0.810
14.637544616,-0.0675,0.8547,0.0004,0.857
14.638072923,-0.0874,0.9075,-0.0012,0.912
14.647426693,-0.1089,0.9365,-0.0466,0.944
14.647975923,-0.1240,0.9434,-0.1530,0.964
14.648199077,-0.1308,0.9087,-0.2963,0.965
14.648403385,-0.1267,0.8402,-0.4877,0.980
14.649705154,-0.1079,0.7461,-0.7027,1.031
14.652988923,-0.0971,0.6516,-0.8754,1.096
14.656511385,-0.0952,0.5771,-1.0161,1.172
14.657384308,-0.0979,0.5329,-1.1732,1.292
14.659770693,-0.1226,0.5300,-1.3046,1.413
14.662374154,-0.1721,0.5910,-1.3039,1.442
14.665259616,-0.2132,0.6849,-1.0645,1.284
14.667177539,-0.2543,0.8129,-0.6298,1.059
14.669981539,-0.2983,0.9497,-0.2348,1.023
14.672480847,-0.3204,1.0760,0.0532,1.124
14.673887077,-0.3559,1.1955,0.2107,1.265
14.67639777,-0.4148,1.3100,0.2215,1.392
14.678955385,-0.5237,1.4568,0.2865,1.574
14.684041539,-0.6975,1.6250,0.4763,1.831
14.684495616,-0.9726,1.8500,0.6488,2.188
14.686467385,-1.2024,2.0161,0.6584,2.438
14.689105539,-1.3329,2.1293,0.5743,2.577
14.690782693,-1.3307,2.1910,0.4823,2.608
14.693396923,-1.1853,2.1952,0.4045,2.527
14.697040308,-0.8876,2.1361,0.5054,2.368
14.698287923,-0.5838,2.0745,0.7265,2.274
14.70059777,-0.2767,1.9978,0.9100,2.213
14.703280923,0.0486,1.9045,1.0544,2.177
14.705836231,0.3528,1.8180,0.9454,2.079
14.707639693,0.5922,1.7276,0.6782,1.948
14.710291923,0.7134,1.6543,0.2313,1.816
14.714048923,0.7720,1.5905,-0.3079,1.795
14.715340616,0.7698,1.5500,-0.7864,1.901
14.717706077,0.7085,1.5323,-1.2380,2.093
14.719932847,0.5868,1.5378,-1.5912,2.289
14.722496,0.5220,1.5617,-1.7500,2.403
14.724690385,0.5475,1.6218,-1.7163,2.424
14.72728177,0.7185,1.7232,-1.5069,2.399
14.730283693,0.9003,1.8966,-1.1077,2.374
14.731839693,1.0540,2.1444,-0.7190,2.495
14.734558385,1.2299,2.4119,-0.2932,2.723
14.736765847,1.3774,2.6662,0.0058,3.001
14.743978462,1.4861,2.8798,0.2682,3.252
14.744677154,1.5849,3.0669,0.5944,3.503
14.745222462,1.6042,3.2289,0.7839,3.690
14.754601847,1.5932,3.2995,0.8824,3.769
14.755348308,1.5201,3.2616,0.8436,3.696
14.755695308,1.4013,3.0818,0.7678,3.471
14.755981231,1.3002,2.7931,0.6447,3.148
14.756278693,1.1556,2.4887,0.5184,2.792
14.758414462,0.9604,2.1962,0.3623,2.424
14.760817847,0.7407,1.9340,0.2198,2.083
14.764019385,0.4971,1.7061,0.1331,1.782
14.765554385,0.2497,1.5011,0.0383,1.522
14.768047077,0.0044,1.3044,-0.0789,1.307
14.770916,-0.2547,1.0960,-0.2595,1.155
14.772720616,-0.4824,0.9174,-0.3156,1.084
14.775398154,-0.6920,0.7454,-0.4212,1.101
14.778483308,-0.8541,0.5500,-0.4696,1.119
14.780352231,-0.9975,0.3983,-0.5914,1.226
14.783309154,-1.0991,0.2621,-0.6345,1.296
14.785303385,-1.2090,0.1706,-0.5785,1.351
14.788066154,-1.2913,0.0758,-0.6567,1.451
14.789698462,-1.3409,-0.0069,-0.6726,1.500
14.792313231,-1.3558,-0.0749,-0.6904,1.523
14.796466693,-1.3810,-0.0968,-0.6926,1.548
14.798005154,-1.3688,-0.0866,-0.7219,1.550
14.799783693,-1.3275,-0.0387,-0.7080,1.505
14.802055693,-1.2623,0.0447,-0.6914,1.440
14.804413231,-1.1702,0.1637,-0.6669,1.357
14.807838385,-1.0714,0.3079,-0.6396,1.285
14.809332924,-1.0167,0.4552,-0.6205,1.275
14.81348577,-1.0065,0.5898,-0.6137,1.318
14.814525462,-1.0267,0.7149,-0.6105,1.392
14.81647477,-1.0668,0.8281,-0.6117,1.483
14.818896616,-1.1159,0.9229,-0.6142,1.573
14.821198154,-1.1667,1.0081,-0.6093,1.658
14.824651385,-1.2173,1.0778,-0.6019,1.734
14.826377231,-1.2574,1.1263,-0.5900,1.788
14.828815385,-1.2843,1.1573,-0.5817,1.824
14.830699385,-1.2901,1.1723,-0.5672,1.833
14.833162462,-1.2796,1.1691,-0.5565,1.820
14.835744,-1.2442,1.1459,-0.5416,1.776
14.843352,-1.1927,1.1063,-0.5299,1.711
14.844509154,-1.1228,1.0567,-0.5128,1.625
14.844961231,-1.0421,0.9988,-0.4942,1.526
14.845576,-0.9522,0.9378,-0.4779,1.419
14.847650385,-0.8506,0.8756,-0.4519,1.302
14.850597539,-0.7512,0.8200,-0.4246,1.190
14.853354077,-0.6503,0.7777,-0.3978,1.089
14.855659693,-0.5457,0.7471,-0.3738,0.998
14.857183924,-0.4453,0.7347,-0.3442,0.925
14.859542693,-0.3535,0.7366,-0.3054,0.872
14.862288847,-0.2671,0.7596,-0.2562,0.845
14.864278693,-0.1846,0.7882,-0.2038,0.835
14.866961154,-0.1047,0.8295,-0.1558,0.850
14.86999077,-0.0295,0.8817,-0.1167,0.890
14.872053462,0.0442,0.9385,-0.1090,0.946
14.87416677,0.1129,0.9934,-0.1034,1.005
14.876475308,0.1833,1.0503,-0.0931,1.070
14.879044231,0.2429,1.1092,-0.0913,1.139
14.881411385,0.3032,1.1470,-0.0836,1.189
14.883882154,0.3347,1.2077,-0.0762,1.255
14.887067,0.3522,1.2546,-0.0664,1.305
14.888641539,0.3571,1.2944,-0.0703,1.345
14.892155,0.3491,1.3366,-0.0703,1.383
14.89391877,0.3417,1.3564,-0.0538,1.400
14.896691385,0.3277,1.3608,-0.0340,1.400
14.898199616,0.3103,1.3620,-0.0034,1.397
14.901638154,0.2736,1.3459,0.0070,1.373
14.903794154,0.2372,1.3108,0.0021,1.332
14.905849462,0.1940,1.2665,-0.0002,1.281
14.908373231,0.1441,1.2189,-0.0093,1.227
14.910575693,0.0926,1.1610,-0.0368,1.165
14.912784539,0.0386,1.0997,-0.0662,1.102
14.915571693,-0.0072,1.0340,-0.1013,1.039
14.91781777,-0.0476,0.9746,-0.1339,0.985
14.920504847,-0.0903,0.9184,-0.1627,0.937
14.922644231,-0.1373,0.8698,-0.1852,0.900
14.924996231,-0.1841,0.8265,-0.1966,0.869
14.928276539,-0.2286,0.7931,-0.2047,0.850
14.929854077,-0.2711,0.7674,-0.2052,0.839
14.932549539,-0.3092,0.7523,-0.2040,0.839
14.934937847,-0.3468,0.7438,-0.2013,0.845
14.941894154,-0.3782,0.7401,-0.2069,0.856
14.94274577,-0.3943,0.7273,-0.2008,0.851
14.943044308,-0.4036,0.7242,-0.1873,0.850
14.952656,-0.4062,0.7268,-0.1695,0.850
14.953379308,-0.4040,0.7354,-0.1526,0.853
14.953720308,-0.3940,0.7405,-0.1321,0.849
14.953897231,-0.3769,0.7518,-0.1111,0.848
14.954077231,-0.3581,0.7674,-0.1018,0.853
14.956843924,-0.3361,0.7831,-0.1034,0.858
14.959552,-0.3095,0.8062,-0.1123,0.871
14.961831,-0.2838,0.8334,-0.1232,0.889
14.963646385,-0.2555,0.8642,-0.1356,0.911
14.965856924,-0.2289,0.8945,-0.1517,0.936
14.968930077,-0.2022,0.9223,-0.1717,0.960
14.970383,-0.1702,0.9551,-0.1915,0.989
14.973226385,-0.1421,0.9853,-0.2135,1.018
14.975596308,-0.1084,1.0107,-0.2325,1.043
14.978127385,-0.0768,1.0464,-0.2320,1.075
14.980202693,-0.0458,1.0806,-0.2311,1.106
14.982686077,-0.0111,1.1048,-0.2220,1.127
14.986132539,0.0217,1.1281,-0.2143,1.148
14.987562154,0.0503,1.1424,-0.2094,1.163
14.99067477,0.0843,1.1483,-0.2069,1.170
14.99251777,0.1123,1.1535,-0.2010,1.176
14.994870693,0.1344,1.1515,-0.1979,1.176
14.997380924,0.1581,1.1423,-0.1881,1.168
14.999924539,0.1791,1.1251,-0.1779,1.153
15.002776924,0.1891,1.1004,-0.1722,1.130
15.004403616,0.1979,1.0745,-0.1649,1.105
15.006895693,0.2010,1.0459,-0.1624,1.077
15.01086677,0.1945,1.0196,-0.1673,1.051
15.01211377,0.1898,0.9944,-0.1763,1.028
15.014381231,0.1774,0.9734,-0.1928,1.008
15.016589462,0.1586,0.9578,-0.2103,0.993
15.019044308,0.1409,0.9409,-0.2282,0.978
15.021243616,0.1219,0.9333,-0.2487,0.973
15.02392977,0.0999,0.9269,-0.2670,0.970
15.027656924,0.0792,0.9220,-0.2802,0.967
15.029611,0.0613,0.9167,-0.2870,0.963
15.03155077,0.0398,0.9131,-0.2905,0.959
15.033541847,0.0263,0.9103,-0.2905,0.956
15.042147308,0.0098,0.9075,-0.2865,0.952
15.042790385,-0.0041,0.9064,-0.2893,0.951
15.043587693,-0.0143,0.8998,-0.2900,0.945
15.04400277,-0.0290,0.8964,-0.2856,0.941
15.046773847,-0.0407,0.8925,-0.2726,0.934
15.047531077,-0.0522,0.8830,-0.2538,0.920
15.051533231,-0.0675,0.8752,-0.2397,0.910
15.052612539,-0.0798,0.8566,-0.2345,0.892
15.055225154,-0.0961,0.8341,-0.2389,0.873
15.057404,-0.1169,0.8083,-0.2534,0.855
15.060982693,-0.1425,0.7796,-0.2758,0.839
15.06234977,-0.1795,0.7523,-0.2986,0.829
15.064627308,-0.2224,0.7293,-0.3247,0.829
15.067871077,-0.2689,0.7063,-0.3440,0.830
15.069324,-0.3276,0.6941,-0.3545,0.845
15.071940539,-0.3910,0.6863,-0.3547,0.866
15.075851385,-0.4534,0.6851,-0.3426,0.890
15.076725154,-0.5191,0.6926,-0.3232,0.924
15.079295077,-0.5797,0.6988,-0.2949,0.955
15.081770077,-0.6337,0.7081,-0.2695,0.988
15.085411385,-0.6733,0.7161,-0.2478,1.014
15.086640308,-0.6980,0.7210,-0.2296,1.029
15.088725231,-0.7038,0.7279,-0.2103,1.034
15.091719385,-0.6959,0.7244,-0.1952,1.023
15.094522462,-0.6735,0.7315,-0.1842,1.011
15.09644,-0.6442,0.7384,-0.1737,0.995
15.098633231,-0.5967,0.7452,-0.1627,0.968
15.101991308,-0.5435,0.7589,-0.1549,0.946
15.103419308,-0.4937,0.7704,-0.1474,0.927
15.105891924,-0.4355,0.7850,-0.1397,0.909
15.108203693,-0.3769,0.8050,-0.1360,0.899
15.110772,-0.3237,0.8251,-0.1275,0.895
15.113079308,-0.2671,0.8483,-0.1153,0.897
15.115329231,-0.2130,0.8723,-0.1029,0.904
15.118228847,-0.1641,0.8982,-0.0874,0.917
15.120084924,-0.1074,0.9243,-0.0682,0.933
15.122878693,-0.0483,0.9504,-0.0542,0.953
15.12647077,0.0119,0.9724,-0.0577,0.974
15.127722154,0.0669,0.9907,-0.0711,0.996
15.130117539,0.1234,1.0073,-0.0967,1.019
15.132482077,0.1771,1.0186,-0.1202,1.041
15.135050154,0.2228,1.0186,-0.1490,1.053
15.137304616,0.2611,1.0056,-0.2001,1.058
15.139503,0.2837,0.9825,-0.2809,1.060
15.147417539,0.2946,0.9548,-0.3680,1.065
15.148539,0.2914,0.9299,-0.4409,1.070
15.149024924,0.2726,0.9052,-0.4845,1.062
15.14951877,0.2401,0.8791,-0.4952,1.037
15.155519924,0.1808,0.8505,-0.4896,0.998
15.156161154,0.1004,0.8183,-0.4768,0.952
15.156659077,0.0188,0.7867,-0.4486,0.906
15.165403924,-0.0812,0.7479,-0.4258,0.864
15.166034077,-0.2095,0.7070,-0.4024,0.840
15.166528231,-0.3454,0.6639,-0.3829,0.841
15.167020539,-0.4665,0.6208,-0.3520,0.853
15.168210154,-0.5680,0.5910,-0.2963,0.872
15.170624847,-0.6647,0.5784,-0.2255,0.910
15.173584231,-0.7470,0.5786,-0.1539,0.957
15.175925154,-0.8247,0.5849,-0.0843,1.015
15.177919077,-0.8916,0.5925,-0.0242,1.071
15.181083924,-0.9574,0.6062,0.0204,1.133
15.183963693,-0.9926,0.6169,0.0527,1.170
15.185264231,-1.0106,0.6352,0.0717,1.196
15.188057539,-1.0106,0.6525,0.0693,1.205
15.190491693,-0.9913,0.6734,0.0563,1.200
15.192654385,-0.9574,0.7032,0.0346,1.188
15.195024539,-0.9195,0.7435,0.0109,1.183
15.197503308,-0.8709,0.7990,-0.0068,1.182
15.200632539,-0.8173,0.8710,-0.0107,1.195
15.20204,-0.7539,0.9611,-0.0075,1.222
15.20459877,-0.6882,1.0533,-0.0117,1.258
15.207173231,-0.6200,1.1456,-0.0207,1.303
15.210078154,-0.5431,1.2253,-0.0354,1.341
15.21180977,-0.4749,1.2912,-0.0481,1.377
15.214746462,-0.3903,1.3154,-0.0647,1.374
15.217923616,-0.2911,1.2963,-0.0801,1.331
15.21911377,-0.2002,1.2458,-0.0938,1.265
15.222446693,-0.1113,1.1390,-0.1214,1.151
15.223860308,-0.0197,0.9729,-0.1728,0.988
15.226483924,0.0613,0.7738,-0.2091,0.804
15.228702077,0.1046,0.5739,-0.2429,0.632
15.23135877,0.0885,0.3755,-0.3039,0.491
15.234036924,0.0249,0.1799,-0.4104,0.449
15.235941539,-0.0910,0.0235,-0.5369,0.545
15.238576847,-0.2410,-0.0842,-0.6398,0.689
15.240768616,-0.4057,-0.1399,-0.6821,0.806
15.248719385,-0.5657,-0.1384,-0.6557,0.877
15.249832847,-0.7165,-0.0807,-0.5614,0.914
15.250129539,-0.8426,0.0189,-0.4053,0.935
15.250689462,-0.9454,0.1440,-0.2362,0.985
15.253991924,-1.0123,0.2717,-0.0997,1.053
15.255439,-1.0698,0.4132,-0.0127,1.147
15.257768924,-1.0884,0.5488,0.0383,1.219
15.259924616,-1.0739,0.6888,0.0544,1.277
15.262533462,-1.0468,0.8288,0.0537,1.336
15.266624616,-1.0231,0.9670,0.0329,1.408
15.267119385,-1.0050,1.1190,0.0163,1.504
15.269747616,-0.9899,1.2721,-0.0124,1.612
15.272096539,-0.9823,1.3997,-0.0293,1.710
15.274988924,-0.9776,1.5194,-0.0410,1.807
15.276996847,-0.9726,1.6082,-0.0601,1.880
15.279861539,-0.9598,1.6683,-0.0833,1.926
15.282560924,-0.9388,1.7090,-0.1141,1.953
15.284074693,-0.9068,1.7293,-0.1437,1.958
15.286744616,-0.8576,1.7400,-0.1715,1.947
15.289890154,-0.7979,1.7540,-0.2020,1.937
15.291906385,-0.7311,1.7852,-0.2382,1.944
15.294566693,-0.6579,1.8312,-0.2707,1.965
15.296889847,-0.5760,1.8871,-0.2988,1.996
15.299335693,-0.4981,1.9585,-0.3322,2.048
15.301041231,-0.4231,2.0247,-0.3623,2.100
15.30364677,-0.3522,2.0808,-0.4004,2.148
15.30692977,-0.2899,2.1283,-0.4373,2.192
15.309404616,-0.2244,2.1691,-0.4659,2.230
15.310825847,-0.1676,2.2001,-0.4999,2.262
15.313691,-0.1231,2.2152,-0.5325,2.282
15.317036847,-0.0864,2.2231,-0.5495,2.292
15.318635924,-0.0630,2.2194,-0.5492,2.287
15.320294462,-0.0586,2.2103,-0.5155,2.270
15.322779693,-0.0644,2.1903,-0.4708,2.241
15.32516177,-0.0835,2.1617,-0.4395,2.208
15.327691308,-0.1118,2.1155,-0.4268,2.161
15.33041877,-0.1490,2.0631,-0.4268,2.112
15.336368231,-0.1961,1.9976,-0.4160,2.050
15.337291308,-0.2522,1.9206,-0.3936,1.977
15.338168847,-0.3095,1.8272,-0.3489,1.886
15.346273231,-0.3615,1.7281,-0.3049,1.792
15.347380616,-0.4155,1.6320,-0.2688,1.705
15.34768977,-0.4758,1.5473,-0.2397,1.636
15.348162385,-0.5347,1.4659,-0.2175,1.575
15.355370077,-0.5865,1.3883,-0.2054,1.521
15.355995385,-0.6237,1.3035,-0.2022,1.459
15.356177462,-0.6417,1.2136,-0.2057,1.388
15.356682385,-0.6568,1.1246,-0.2233,1.321
15.35911477,-0.6624,1.0357,-0.2499,1.255
15.361545154,-0.6591,0.9467,-0.2676,1.184
15.36369477,-0.6461,0.8612,-0.2756,1.111
15.366161462,-0.6283,0.7740,-0.2927,1.039
15.369641462,-0.6019,0.6856,-0.3075,0.963
15.371783924,-0.5855,0.6096,-0.3017,0.897
15.374586385,-0.5713,0.5351,-0.2834,0.832
15.375876924,-0.5569,0.4542,-0.2688,0.767
15.37814977,-0.5594,0.3834,-0.2707,0.730
15.380735385,-0.5843,0.3269,-0.2816,0.726
15.383219077,-0.6104,0.2609,-0.2807,0.721
15.385746077,-0.6412,0.2006,-0.2707,0.724
15.388188231,-0.6766,0.1466,-0.2504,0.736
15.390781847,-0.7231,0.0988,-0.2201,0.762
15.392539077,-0.7854,0.0557,-0.2047,0.814
15.395506385,-0.8520,0.0203,-0.2226,0.881
15.398674693,-0.9222,-0.0096,-0.2683,0.961
15.399917231,-0.9874,-0.0290,-0.3012,1.033
15.402467693,-1.0437,-0.0362,-0.3115,1.090
15.404736616,-1.0695,-0.0383,-0.2900,1.109
15.407159616,-1.0759,-0.0372,-0.2360,1.102
15.40968177,-1.0614,-0.0387,-0.1942,1.080
15.412097462,-1.0204,-0.0465,-0.1593,1.034
15.414947385,-0.9549,-0.0581,-0.1232,0.965
15.416736308,-0.8736,-0.0768,-0.0752,0.880
15.419289462,-0.7824,-0.1084,-0.0170,0.790
15.421619077,-0.6803,-0.1499,0.0527,0.699
15.424471616,-0.5645,-0.1976,0.1250,0.611
15.426608308,-0.4402,-0.2391,0.1983,0.539
15.429334693,-0.3102,-0.2764,0.2662,0.493
15.436542385,-0.2059,-0.3131,0.2897,0.474
15.43780577,-0.1211,-0.3400,0.2816,0.458
15.438287924,-0.0510,-0.3590,0.2587,0.445
15.438776616,0.0102,-0.3632,0.2124,0.421
15.446925847,0.0491,-0.3527,0.1611,0.391
15.448119924,0.0885,-0.3319,0.0905,0.355
15.448417154,0.1241,-0.2967,-0.0132,0.322
15.448666154,0.1563,-0.2603,-0.0997,0.320
15.450727308,0.1866,-0.2126,-0.1593,0.325
15.454853154,0.2031,-0.1582,-0.2025,0.328
15.456162385,0.1933,-0.0881,-0.2362,0.318
15.458061154,0.1754,-0.0133,-0.2839,0.334
15.459933539,0.1666,0.0587,-0.3127,0.359
15.462571308,0.1446,0.1254,-0.3413,0.391
15.470280308,0.1260,0.1880,-0.3638,0.428
15.471379616,0.1011,0.2460,-0.3601,0.448
15.471934462,0.0796,0.2984,-0.3361,0.456
15.472424308,0.0598,0.3529,-0.2978,0.466
15.474631385,0.0364,0.3970,-0.2587,0.475
15.477217231,0.0163,0.4349,-0.2175,0.487
15.479512231,-0.0244,0.4875,-0.1957,0.526
15.481744539,-0.0673,0.5234,-0.1661,0.553
15.484061154,-0.1169,0.5530,-0.1474,0.584
15.486641539,-0.1651,0.5747,-0.1329,0.613
15.489064308,-0.2115,0.5977,-0.1263,0.646
15.491336231,-0.2533,0.6169,-0.1319,0.680
15.494216,-0.2911,0.6329,-0.1339,0.709
15.497890462,-0.3239,0.6485,-0.1434,0.739
15.49864,-0.3517,0.6660,-0.1439,0.767
15.501178154,-0.3693,0.6825,-0.1444,0.789
15.50366577,-0.3793,0.6986,-0.1414,0.807
15.506146077,-0.4084,0.7110,-0.1512,0.834
15.508312308,-0.4336,0.7215,-0.2089,0.867
15.510682462,-0.3822,0.7442,-0.0975,0.842
15.513760231,-0.3437,0.7843,-0.0279,0.857
15.515814077,-0.3510,0.8111,-0.0960,0.889
15.51815377,-0.3581,0.8163,-0.1451,0.903
15.522083,-0.3752,0.8430,-0.0987,0.928
15.523174693,-0.4370,0.8698,-0.0975,0.978
15.525731616,-0.4721,0.8928,-0.0904,1.014
15.527855,-0.5068,0.9087,-0.0647,1.042
15.530819077,-0.5362,0.9257,-0.0735,1.072
15.53235377,-0.5672,0.9424,-0.0620,1.102
15.534897847,-0.6026,0.9473,-0.0615,1.124
15.53740177,-0.6305,0.9318,-0.0577,1.127
15.543922693,-0.6762,0.9189,-0.0571,1.142
15.544324847,-0.7211,0.8996,-0.0640,1.155
15.544712616,-0.7661,0.8817,-0.0804,1.171
15.552398693,-0.8138,0.8622,-0.0953,1.189
15.553043077,-0.8682,0.8430,-0.1011,1.214
15.553329462,-0.9214,0.8232,-0.0978,1.239
15.562204308,-0.9755,0.7992,-0.1009,1.265
15.562883,-1.0404,0.7757,-0.1041,1.302
15.563223616,-1.0940,0.7566,-0.1090,1.335
15.563516308,-1.1436,0.7366,-0.1162,1.365
15.563825539,-1.1881,0.7230,-0.1243,1.396
15.566074385,-1.2188,0.7073,-0.1316,1.415
15.568906693,-1.2354,0.6949,-0.1327,1.424
15.572177154,-1.2452,0.6909,-0.1321,1.430
15.573378462,-1.2440,0.6939,-0.1283,1.430
15.576143077,-1.2354,0.7073,-0.1185,1.428
15.578558693,-1.2159,0.7357,-0.1123,1.426
15.580637539,-1.1795,0.7696,-0.1102,1.413
15.583164231,-1.1245,0.8070,-0.1121,1.389
15.585788,-1.0605,0.8363,-0.1158,1.356
15.588283693,-1.0006,0.8632,-0.1214,1.327
15.590335385,-0.9375,0.8898,-0.1312,1.299
15.592999,-0.8736,0.9103,-0.1434,1.270
15.595381462,-0.8081,0.9341,-0.1556,1.245
15.597667077,-0.7483,0.9514,-0.1722,1.223
15.600238462,-0.7033,0.9719,-0.1873,1.214
15.603078693,-0.6596,0.9846,-0.1998,1.202
15.605048924,-0.6197,0.9968,-0.2113,1.193
15.607244308,-0.5865,1.0066,-0.2260,1.187
15.609610077,-0.5604,1.0122,-0.2441,1.182
15.613363,-0.5408,1.0164,-0.2678,1.182
15.614472,-0.5298,1.0208,-0.2944,1.187
15.61703777,-0.5217,1.0233,-0.3212,1.193
15.619372,-0.5147,1.0247,-0.3433,1.197
15.621967,-0.5108,1.0261,-0.3640,1.203
15.624384539,-0.5064,1.0212,-0.3833,1.203
15.626784231,-0.5032,1.0161,-0.3962,1.201
15.62978677,-0.5003,1.0079,-0.4036,1.195
15.631343385,-0.5015,0.9963,-0.4006,1.185
15.633932539,-0.4988,0.9834,-0.3904,1.170
15.636394154,-0.5059,0.9692,-0.3736,1.155
15.644529154,-0.5120,0.9660,-0.3618,1.152
15.645236616,-0.5289,0.9651,-0.3508,1.155
15.645553231,-0.5428,0.9648,-0.3333,1.156
15.646217462,-0.5567,0.9644,-0.3068,1.155
15.648188847,-0.5662,0.9675,-0.2832,1.156
15.650895,-0.5848,0.9729,-0.2858,1.171
15.653142693,-0.5997,0.9827,-0.2627,1.181
15.655553231,-0.6109,0.9914,-0.2118,1.184
15.658611077,-0.6124,0.9988,-0.1817,1.186
15.660674385,-0.6161,0.9981,-0.1270,1.180
15.664246154,-0.6153,0.9973,-0.0823,1.175
15.665844231,-0.6132,0.9886,-0.0550,1.165
15.667534462,-0.6129,0.9768,-0.0408,1.154
15.671316,-0.6085,0.9692,-0.0335,1.145
15.672893539,-0.6002,0.9504,-0.0298,1.124
15.674879385,-0.5914,0.9326,-0.0284,1.105
15.677410154,-0.5811,0.9138,-0.0335,1.083
15.679678693,-0.5592,0.8940,-0.0377,1.055
15.682377231,-0.5415,0.8771,-0.0479,1.032
15.684454385,-0.5222,0.8649,-0.0513,1.012
15.687091616,-0.5044,0.8527,-0.0561,0.992
15.68945877,-0.4875,0.8458,-0.0620,0.978
15.691585154,-0.4739,0.8432,-0.0664,0.969
15.694408231,-0.4629,0.8419,-0.0703,0.963
15.697291,-0.4504,0.8481,-0.0726,0.963
15.699004231,-0.4390,0.8512,-0.0774,0.961
15.701524616,-0.4285,0.8581,-0.0848,0.963
15.703814077,-0.4164,0.8674,-0.0901,0.966
15.70614,-0.4069,0.8761,-0.0840,0.970
15.708794693,-0.3952,0.8866,-0.0792,0.974
15.710878154,-0.3877,0.8962,-0.0726,0.979
15.713405462,-0.3805,0.9077,-0.0640,0.986
15.715821539,-0.3659,0.9167,-0.0638,0.989
15.71829377,-0.3530,0.9264,-0.0706,0.994
15.721411,-0.3363,0.9292,-0.0818,0.992
15.723227616,-0.3234,0.9316,-0.0938,0.991
15.725705539,-0.3099,0.9304,-0.1009,0.986
15.733268308,-0.2967,0.9269,-0.1087,0.979
15.733927,-0.2850,0.9236,-0.1131,0.973
15.734371077,-0.2694,0.9176,-0.1280,0.965
15.735496924,-0.2447,0.9160,-0.1568,0.961
15.74057877,-0.2264,0.9077,-0.1449,0.947
15.741042693,-0.2171,0.8989,-0.1241,0.933
15.742365154,-0.2044,0.8873,-0.1139,0.918
15.752306385,-0.1924,0.8733,-0.1085,0.901
15.752740924,-0.1744,0.8568,-0.1085,0.881
15.752959616,-0.1521,0.8439,-0.1202,0.866
15.75312677,-0.1218,0.8188,-0.1356,0.839
15.754388616,-0.1020,0.7960,-0.1465,0.816
15.756884616,-0.0884,0.7780,-0.1483,0.797
15.759724847,-0.0737,0.7582,-0.1486,0.776
15.761887,-0.0612,0.7408,-0.1451,0.757
15.76404677,-0.0442,0.7188,-0.1419,0.734
15.76652577,-0.0283,0.7056,-0.1376,0.719
15.77069477,-0.0155,0.6924,-0.1360,0.706
15.771819385,-0.0036,0.6844,-0.1319,0.697
15.773662693,0.0070,0.6800,-0.1292,0.692
15.776116308,0.0142,0.6760,-0.1241,0.687
15.778555385,0.0228,0.6785,-0.1195,0.689
15.781416924,0.0293,0.6851,-0.1151,0.695
15.783307616,0.0323,0.6958,-0.1102,0.705
15.786757231,0.0310,0.7105,-0.1038,0.719
15.788084231,0.0242,0.7286,-0.1018,0.736
15.790603308,0.0095,0.7518,-0.0948,0.758
15.793089847,-0.0116,0.7780,-0.0885,0.783
15.795609154,-0.0341,0.8018,-0.0901,0.808
15.797894077,-0.0626,0.8258,-0.0987,0.834
15.800496847,-0.0903,0.8475,-0.1067,0.859
15.803163616,-0.1211,0.8698,-0.1080,0.885
15.805248,-0.1455,0.8873,-0.1060,0.905
15.807567308,-0.1683,0.8996,-0.1038,0.921
15.811293539,-0.1919,0.9118,-0.1009,0.937
15.812509539,-0.2163,0.9164,-0.0969,0.947
15.814766077,-0.2315,0.9231,-0.0938,0.956
15.817447308,-0.2457,0.9238,-0.0926,0.960
15.819839616,-0.2547,0.9196,-0.0913,0.959
15.822020847,-0.2613,0.9155,-0.0845,0.956
15.824583308,-0.2645,0.9050,-0.0794,0.946
15.827928847,-0.2692,0.8969,-0.0726,0.939
15.829163308,-0.2684,0.8886,-0.0701,0.931
15.831583385,-0.2660,0.8781,-0.0675,0.920
15.834111616,-0.2671,0.8693,-0.0694,0.912
15.837018385,-0.2591,0.8603,-0.0715,0.901
15.839021462,-0.2576,0.8532,-0.0782,0.895
15.84148677,-0.2543,0.8544,-0.0820,0.895
15.848985462,-0.2557,0.8544,-0.0860,0.896
15.850237154,-0.2557,0.8640,-0.0908,0.906
15.850688539,-0.2576,0.8737,-0.0945,0.916
15.851218462,-0.2587,0.8847,-0.0967,0.927
15.861636539,-0.2611,0.8994,-0.0982,0.942
15.862544847,-0.2623,0.9164,-0.1006,0.959
15.862802693,-0.2606,0.9345,-0.0987,0.975
15.863228539,-0.2584,0.9514,-0.1011,0.991
15.863638154,-0.2491,0.9690,-0.0987,1.005
15.866439385,-0.2398,0.9878,-0.0982,1.021
15.869144616,-0.2242,0.9998,-0.0933,1.029
15.870609231,-0.2135,1.0115,-0.0889,1.038
15.872398693,-0.1951,1.0235,-0.0860,1.045
15.875514077,-0.1772,1.0350,-0.0825,1.053
15.877642462,-0.1580,1.0555,-0.0796,1.070
15.879566385,-0.1558,1.0965,-0.0950,1.112
15.882235924,-0.1611,1.1321,-0.1346,1.151
15.885803308,-0.1663,1.1488,-0.2164,1.181
15.887220308,-0.1702,1.1327,-0.3056,1.185
15.88945877,-0.1646,1.0843,-0.3438,1.149
15.892038693,-0.1583,1.0007,-0.3911,1.086
15.894924308,-0.1482,0.8989,-0.5262,1.052
15.896701847,-0.1164,0.8029,-0.7410,1.099
15.899757231,-0.0754,0.7230,-1.0263,1.258
15.901894077,-0.0270,0.6709,-1.2951,1.459
15.903800847,0.0305,0.6585,-1.4224,1.568
15.906476924,0.0889,0.6865,-1.3767,1.541
15.909014385,0.1427,0.7655,-1.1593,1.397
15.910965154,0.1996,0.8674,-0.8355,1.221
15.913512924,0.2590,0.9814,-0.4535,1.112
15.916396616,0.3135,1.0855,-0.0929,1.134
15.918887616,0.3503,1.1759,0.1292,1.234
15.920728924,0.3496,1.2556,0.2130,1.321
15.923251693,0.3103,1.3452,0.1956,1.394
15.926704847,0.2164,1.4591,0.1397,1.482
15.92801877,0.0901,1.5712,0.1187,1.578
15.930346462,-0.0170,1.6555,0.1438,1.662
15.932988539,-0.1010,1.7068,0.2003,1.722
15.93554977,-0.1313,1.7134,0.2254,1.733
15.939183077,-0.1216,1.7284,0.2149,1.746
15.94028,-0.0776,1.7538,0.2196,1.769
15.948527693,0.0210,1.7820,0.3136,1.810
15.949050385,0.1600,1.8326,0.4917,1.904
15.949320847,0.3030,1.8842,0.7621,2.055
15.949745462,0.3909,1.9453,1.0243,2.233
15.961383616,0.4253,2.0039,1.1604,2.354
15.961935616,0.4656,2.0430,1.1271,2.379
15.962132924,0.4999,2.0667,0.9179,2.316
15.962309539,0.5131,2.0799,0.5821,2.220
15.962596539,0.4803,2.1048,0.1534,2.164
15.964906693,0.4256,2.1216,-0.2829,2.182
15.967697539,0.3776,2.1486,-0.5323,2.246
15.969963616,0.3618,2.2131,-0.6168,2.326
15.971290077,0.3577,2.3171,-0.4901,2.395
15.974045231,0.3941,2.4493,-0.2054,2.489
15.976426077,0.4434,2.5644,0.1506,2.607
15.97875477,0.5636,2.6352,0.4683,2.735
15.981396,0.7479,2.6799,0.8037,2.896
15.984588231,0.9338,2.6660,0.8682,2.955
15.985720616,1.1074,2.5842,0.7727,2.916
15.98816677,1.2462,2.4633,0.5870,2.822
15.990824847,1.3298,2.3124,0.3728,2.693
15.993347616,1.3510,2.1493,0.1756,2.545
15.995552924,1.3342,1.9746,0.0067,2.383
15.998179,1.2592,1.7943,-0.1715,2.199
16.001263616,1.1651,1.6336,-0.3655,2.040
16.002695385,1.0403,1.4708,-0.6054,1.901
16.005442693,0.8614,1.2959,-0.8372,1.767
16.007852539,0.7058,1.1141,-0.9790,1.642
16.010723308,0.5226,0.9770,-1.0630,1.535
16.013744308,0.3161,0.8705,-1.0419,1.394
16.015713231,0.0540,0.8129,-0.9182,1.227
16.018501847,-0.1853,0.7880,-0.7468,1.101
16.019644539,-0.3859,0.7911,-0.6594,1.100
16.022697231,-0.5616,0.7918,-0.5590,1.120
16.026139924,-0.7470,0.7953,-0.5045,1.202
16.02739477,-0.9202,0.7865,-0.5077,1.313
16.029557539,-1.0793,0.7408,-0.5301,1.412
16.032976616,-1.2244,0.6814,-0.5790,1.516
16.034892,-1.3183,0.5964,-0.6128,1.571
16.036663693,-1.3920,0.5109,-0.6592,1.623
16.039060539,-1.4467,0.4266,-0.7319,1.677
16.046599077,-1.4778,0.3538,-0.7842,1.710
16.047473231,-1.4951,0.2952,-0.8287,1.735
16.04816977,-1.5024,0.2549,-0.8632,1.751
16.048639308,-1.5014,0.2348,-0.8937,1.763
16.056548231,-1.4956,0.2299,-0.8949,1.758
16.057437847,-1.4834,0.2407,-0.8488,1.726
16.057822077,-1.4690,0.2665,-0.7813,1.685
16.058334077,-1.4597,0.3057,-0.6970,1.646
16.066282385,-1.4487,0.3482,-0.5961,1.605
16.067401154,-1.4458,0.3970,-0.4945,1.579
16.067904616,-1.4455,0.4606,-0.3960,1.568
16.068247077,-1.4502,0.5300,-0.3056,1.574
16.070618693,-1.4521,0.6179,-0.2294,1.595
16.073011924,-1.4504,0.7135,-0.1642,1.625
16.075513847,-1.4360,0.7978,-0.1248,1.647
16.077420924,-1.4045,0.8661,-0.1106,1.654
16.080299385,-1.3579,0.9155,-0.1207,1.642
16.083707077,-1.2985,0.9474,-0.1461,1.614
16.084771924,-1.2271,0.9636,-0.1844,1.571
16.087168001,-1.1524,0.9602,-0.2250,1.517
16.089808924,-1.0663,0.9418,-0.2618,1.447
16.092227616,-0.9771,0.9169,-0.2932,1.372
16.094661154,-0.8907,0.8828,-0.3179,1.294
16.09702977,-0.8057,0.8446,-0.3364,1.215
16.10031777,-0.7304,0.8095,-0.3433,1.143
16.102017539,-0.6589,0.7748,-0.3303,1.069
16.104150077,-0.5948,0.7608,-0.3039,1.012
16.106606693,-0.5215,0.7401,-0.2863,0.950
16.108863385,-0.4453,0.7279,-0.2546,0.890
16.111668616,-0.3668,0.7244,-0.2159,0.840
16.11382977,-0.2938,0.7296,-0.1966,0.811
16.116588847,-0.2289,0.7501,-0.1793,0.804
16.11850977,-0.1629,0.7745,-0.1781,0.811
16.121263001,-0.0933,0.8090,-0.1668,0.831
16.123401539,-0.0219,0.8475,-0.1598,0.863
16.125800616,0.0687,0.8940,-0.1519,0.909
16.128120308,0.1312,0.9560,-0.1717,0.980
16.131050077,0.1617,1.0389,-0.1852,1.068
16.133339308,0.1949,1.1256,-0.1871,1.158
16.135355924,0.2204,1.2272,-0.1959,1.262
16.138148539,0.2460,1.3233,-0.2184,1.364
16.146513231,0.2607,1.4381,-0.2115,1.477
16.14709477,0.2712,1.5549,-0.2052,1.592
16.147625847,0.2748,1.6582,-0.1800,1.690
16.147847077,0.2732,1.7464,-0.1348,1.773
16.157942462,0.2660,1.7994,-0.0743,1.820
16.158678462,0.2416,1.8223,-0.0102,1.838
16.158956924,0.2013,1.8116,0.0432,1.823
16.159205539,0.1451,1.7530,0.0984,1.762
16.159802462,0.0699,1.6734,0.1250,1.679
16.162930077,-0.0018,1.5851,0.1131,1.589
16.164528308,-0.0776,1.4754,0.0668,1.479
16.166845462,-0.1455,1.3569,-0.0134,1.365
16.169344001,-0.2044,1.2223,-0.1090,1.244
16.171590077,-0.2533,1.0797,-0.1924,1.126
16.174307924,-0.3063,0.9531,-0.2663,1.036
16.17640177,-0.3632,0.8510,-0.3186,0.979
16.179194154,-0.4145,0.7545,-0.3628,0.934
16.182818077,-0.4588,0.6675,-0.3797,0.895
16.183926385,-0.4971,0.6069,-0.3816,0.872
16.186075385,-0.5289,0.5614,-0.3757,0.858
16.188771693,-0.5455,0.5327,-0.3550,0.841
16.191393462,-0.5480,0.5197,-0.3300,0.824
16.193627308,-0.5369,0.5209,-0.3010,0.806
16.196152001,-0.5123,0.5356,-0.2653,0.787
16.199291924,-0.4832,0.5635,-0.2318,0.778
16.200559308,-0.4474,0.5989,-0.2035,0.775
16.203011924,-0.4125,0.6445,-0.1759,0.785
16.205958077,-0.3710,0.6851,-0.1607,0.796
16.20832577,-0.3414,0.7357,-0.1530,0.825
16.210675693,-0.3036,0.7808,-0.1610,0.853
16.212601847,-0.2696,0.8283,-0.1730,0.888
16.215799693,-0.2379,0.8733,-0.1917,0.925
16.217562693,-0.2095,0.9160,-0.2110,0.963
16.220661539,-0.1816,0.9529,-0.2252,0.996
16.224131616,-0.1565,0.9800,-0.2394,1.021
16.228258385,-0.1353,1.0054,-0.2536,1.046
16.229330462,-0.1138,1.0171,-0.2651,1.057
16.229841539,-0.0942,1.0277,-0.2714,1.067
16.232565462,-0.0796,1.0317,-0.2719,1.070
16.234269539,-0.0681,1.0342,-0.2702,1.071
16.236762385,-0.0539,1.0315,-0.2739,1.069
16.239710385,-0.0483,1.0247,-0.2778,1.063
16.246576847,-0.0412,1.0208,-0.2841,1.060
16.247445462,-0.0321,1.0159,-0.2927,1.058
16.247891385,-0.0263,1.0105,-0.3007,1.055
16.248779001,-0.0204,1.0054,-0.2956,1.048
16.252475001,-0.0102,1.0037,-0.2809,1.042
16.253479385,0.0019,0.9995,-0.2592,1.033
16.25628977,0.0191,0.9956,-0.2299,1.022
16.258169231,0.0401,0.9951,-0.2010,1.016
16.261322693,0.0631,0.9932,-0.1800,1.011
16.263215001,0.0926,0.9968,-0.1766,1.017
16.265552001,0.1178,0.9963,-0.1873,1.021
16.26830277,0.1432,0.9961,-0.2115,1.028
16.270453231,0.1698,0.9954,-0.2372,1.037
16.273067924,0.1930,0.9907,-0.2585,1.042
16.275076308,0.2082,0.9851,-0.2716,1.043
16.277661539,0.2218,0.9790,-0.2719,1.040
16.280305154,0.2262,0.9672,-0.2604,1.027
16.282761462,0.2285,0.9583,-0.2411,1.014
16.285059616,0.2236,0.9470,-0.2226,0.998
16.287639693,0.2108,0.9321,-0.2066,0.978
16.290448308,0.1959,0.9243,-0.1924,0.964
16.292095616,0.1728,0.9106,-0.1766,0.944
16.294603693,0.1449,0.8971,-0.1654,0.924
16.298388231,0.1151,0.8801,-0.1556,0.901
16.299651001,0.0787,0.8593,-0.1524,0.876
16.301791616,0.0428,0.8386,-0.1542,0.854
16.304199077,0.0014,0.8107,-0.1570,0.826
16.306759616,-0.0417,0.7820,-0.1673,0.801
16.30903877,-0.0849,0.7557,-0.1791,0.781
16.311597462,-0.1306,0.7305,-0.1873,0.765
16.31478277,-0.1795,0.7086,-0.1928,0.756
16.316317154,-0.2315,0.6912,-0.1898,0.753
16.319051924,-0.2874,0.6773,-0.1871,0.759
16.323138385,-0.3390,0.6685,-0.1759,0.770
16.324283001,-0.3808,0.6623,-0.1554,0.780
16.326121847,-0.4152,0.6626,-0.1334,0.793
16.328420308,-0.4548,0.6716,-0.1241,0.821
16.331647616,-0.4734,0.6663,-0.1174,0.826
16.333076001,-0.4849,0.6667,-0.1219,0.833
16.335994154,-0.4837,0.6748,-0.1400,0.842
16.34498277,-0.4729,0.6885,-0.1568,0.850
16.345648308,-0.4553,0.7034,-0.1644,0.854
16.346175924,-0.4290,0.7244,-0.1763,0.860
16.346758154,-0.4036,0.7491,-0.1823,0.870
16.355507924,-0.3724,0.7701,-0.1854,0.875
16.356099385,-0.3410,0.7857,-0.1840,0.876
16.356305462,-0.3151,0.8018,-0.1905,0.882
16.356522154,-0.2927,0.8034,-0.2074,0.880
16.35745377,-0.2787,0.7974,-0.2352,0.877
16.360311693,-0.2745,0.7909,-0.2699,0.880
16.363084539,-0.2857,0.7808,-0.3044,0.885
16.36807077,-0.3097,0.7777,-0.3366,0.902
16.368521539,-0.3463,0.7818,-0.3574,0.927
16.369571001,-0.3903,0.7889,-0.3657,0.953
16.372695077,-0.4392,0.8119,-0.3550,0.989
16.374135616,-0.4817,0.8381,-0.3212,1.019
16.376430154,-0.5117,0.8632,-0.2778,1.041
16.378986154,-0.5333,0.8901,-0.2325,1.063
16.381487077,-0.5396,0.9171,-0.1935,1.082
16.383839693,-0.5335,0.9367,-0.1698,1.091
16.386363693,-0.5164,0.9527,-0.1590,1.095
16.389071001,-0.4873,0.9616,-0.1519,1.089
16.390859616,-0.4541,0.9749,-0.1561,1.087
16.393574693,-0.4145,0.9934,-0.1549,1.087
16.395956231,-0.3712,1.0112,-0.1532,1.088
16.398260847,-0.3319,1.0281,-0.1505,1.091
16.400689231,-0.2869,1.0452,-0.1530,1.095
16.403527385,-0.2515,1.0515,-0.1705,1.095
16.405949847,-0.2186,1.0626,-0.1996,1.103
16.408521539,-0.1930,1.0657,-0.2318,1.108
16.410597231,-0.1702,1.0711,-0.2711,1.118
16.413911924,-0.1490,1.0826,-0.3103,1.136
16.415248539,-0.1255,1.1019,-0.3426,1.161
16.417556308,-0.1028,1.1153,-0.3473,1.173
16.420017539,-0.0773,1.1273,-0.3320,1.178
16.423472001,-0.0434,1.1366,-0.2944,1.175
16.42505377,-0.0097,1.1368,-0.2389,1.162
16.427496924,0.0279,1.1148,-0.1910,1.131
16.430337847,0.0701,1.0667,-0.1786,1.084
16.432057154,0.1153,0.9834,-0.2118,1.013
16.434639001,0.1549,0.8600,-0.2676,0.914
16.436989154,0.1845,0.7066,-0.3181,0.797
16.444457847,0.1710,0.5372,-0.3647,0.671
16.445470693,0.1118,0.3592,-0.4265,0.569
16.445783001,0.0132,0.1471,-0.4845,0.507
16.45550277,-0.1429,-0.0709,-0.5639,0.586
16.456388308,-0.3677,-0.2775,-0.6499,0.797
16.456973154,-0.6505,-0.4844,-0.7435,1.100
16.45732577,-0.9789,-0.6756,-0.8309,1.451
16.457554462,-1.3251,-0.8293,-0.8795,1.794
16.459710385,-1.6681,-0.9434,-0.8133,2.082
16.462129231,-2.0045,-1.0160,-0.6574,2.341
16.46359077,-2.2671,-0.9923,-0.3946,2.506
16.465669154,-2.4057,-0.8929,-0.0943,2.568
16.467957847,-2.4101,-0.7373,0.2193,2.530
16.47162277,-2.2633,-0.5300,0.4863,2.375
16.472912001,-1.9996,-0.3043,0.6276,2.118
16.479637462,-1.6789,-0.0697,0.6591,1.805
16.480467924,-1.3774,0.1871,0.6266,1.525
16.481010077,-1.1074,0.4659,0.5492,1.321
16.483116847,-0.9207,0.7643,0.4334,1.273
16.486102385,-0.8215,1.0823,0.2748,1.386
16.487367308,-0.7917,1.4207,0.0581,1.627
16.490176924,-0.8448,1.7901,-0.1937,1.989
16.492634385,-0.9617,2.1957,-0.4595,2.441
16.495747077,-1.0253,2.5177,-0.6310,2.791
16.49692177,-1.0285,2.7363,-0.6225,2.989
16.499562077,-0.9468,2.8067,-0.5331,3.010
16.501984539,-0.7981,2.7591,-0.4119,2.902
16.504458385,-0.6063,2.6366,-0.2832,2.720
16.506679001,-0.3817,2.4661,-0.2187,2.505
16.509567385,-0.1365,2.2670,-0.2243,2.282
16.512808539,0.0992,2.0643,-0.2897,2.087
16.514119077,0.3073,1.8837,-0.4060,1.951
16.516544847,0.4996,1.7288,-0.5245,1.874
16.519027001,0.6469,1.6523,-0.5467,1.857
16.522217539,0.7370,1.6590,-0.5043,1.884
16.523734077,0.7835,1.7134,-0.4402,1.935
16.526613462,0.8038,1.8023,-0.3745,2.009
16.534580539,0.7964,1.9174,-0.3266,2.102
16.535229539,0.7774,2.0256,-0.3127,2.192
16.535392847,0.7419,2.1288,-0.3366,2.279
16.536005231,0.7027,2.2123,-0.3631,2.349
16.537890385,0.6550,2.2805,-0.3454,2.398
16.540539616,0.5991,2.3161,-0.2925,2.410
16.543158693,0.5353,2.2993,-0.2377,2.373
16.548280539,0.4668,2.2304,-0.1989,2.287
16.548752616,0.3789,2.0980,-0.2074,2.142
16.550605231,0.2700,1.9208,-0.2765,1.959
16.552525231,0.1563,1.7332,-0.3862,1.783
16.55628177,0.0449,1.5585,-0.5182,1.643
16.557427385,-0.0663,1.4153,-0.6420,1.556
16.560001154,-0.1856,1.3157,-0.7195,1.511
16.568896539,-0.3109,1.2668,-0.7125,1.486
16.569457539,-0.4385,1.2690,-0.6452,1.490
16.570074385,-0.5760,1.3174,-0.5660,1.545
16.570403385,-0.7064,1.3858,-0.4679,1.624
16.572048231,-0.8096,1.4471,-0.3718,1.699
16.574376847,-0.8956,1.5016,-0.2331,1.764
16.577475001,-0.9549,1.5504,-0.0855,1.823
16.579615924,-1.0041,1.5819,-0.0002,1.874
16.581502693,-1.0429,1.5924,0.0539,1.904
16.583925539,-1.0756,1.5919,0.1241,1.925
16.586377231,-1.0910,1.5649,0.1991,1.918
16.588604539,-1.0912,1.5121,0.2524,1.882
16.591280001,-1.0595,1.4258,0.2587,1.795
16.593638462,-1.0211,1.3254,0.2224,1.688
16.596059308,-0.9682,1.2143,0.1861,1.564
16.598846693,-0.9161,1.1023,0.1201,1.438
16.601463001,-0.8699,1.0024,0.0283,1.328
16.604973154,-0.8203,0.9003,-0.1016,1.222
16.606243924,-0.7607,0.7880,-0.2025,1.114
16.608379077,-0.6982,0.6685,-0.2927,1.010
16.611538462,-0.6361,0.5307,-0.3589,0.903
16.612970462,-0.6139,0.4347,-0.3687,0.838
16.615527616,-0.5943,0.3338,-0.3615,0.772
16.617876847,-0.5997,0.2674,-0.3562,0.747
16.620466154,-0.6100,0.1967,-0.3305,0.721
16.622544308,-0.6428,0.1332,-0.3014,0.722
16.625296308,-0.6911,0.0713,-0.2783,0.748
16.628319001,-0.7593,0.0081,-0.2707,0.806
16.629842693,-0.8352,-0.0583,-0.2949,0.888
16.632450077,-0.9237,-0.1296,-0.3410,0.993
16.634684616,-1.0150,-0.1934,-0.3965,1.107
16.637290385,-1.0973,-0.2302,-0.4754,1.218
16.639856616,-1.1662,-0.2730,-0.5521,1.319
16.641947693,-1.2222,-0.3116,-0.5954,1.395
16.648678693,-1.2571,-0.3414,-0.6291,1.447
16.649292231,-1.2667,-0.3654,-0.6428,1.467
16.649975924,-1.2349,-0.3795,-0.6135,1.430
16.65179777,-1.1655,-0.3776,-0.5276,1.334
16.661661231,-1.0561,-0.3702,-0.3869,1.184
16.662455616,-0.9173,-0.3590,-0.2096,1.007
16.662725154,-0.7688,-0.3556,-0.0049,0.847
16.663030154,-0.6036,-0.3495,0.2142,0.730
16.663533154,-0.4272,-0.3468,0.4250,0.695
16.66659877,-0.2555,-0.3463,0.5874,0.728
16.669232231,-0.1171,-0.3532,0.6608,0.758
16.671295385,-0.0036,-0.3568,0.7057,0.791
16.67357477,0.0829,-0.3553,0.7243,0.811
16.675587385,0.1461,-0.3456,0.6857,0.782
16.678370385,0.1896,-0.3250,0.6178,0.723
16.680540001,0.2199,-0.2972,0.4956,0.618
16.682853154,0.2421,-0.2628,0.3493,0.500
16.686112308,0.2385,-0.2121,0.2068,0.380
16.687518693,0.2213,-0.1529,0.0830,0.281
16.690020616,0.1896,-0.0923,-0.0225,0.212
16.692552308,0.1610,-0.0329,-0.1148,0.200
16.694811616,0.1165,0.0323,-0.2052,0.238
16.697499924,0.0684,0.0988,-0.2702,0.296
16.700678462,0.0239,0.1577,-0.3266,0.363
16.703010693,-0.0151,0.2134,-0.3708,0.428
16.704489462,-0.0603,0.2646,-0.3923,0.477
16.707351308,-0.1052,0.3096,-0.3921,0.511
16.70971777,-0.1511,0.3448,-0.3773,0.533
16.711830385,-0.2014,0.3731,-0.3582,0.555
16.714105847,-0.2576,0.3941,-0.3366,0.579
16.719123385,-0.3109,0.4151,-0.3200,0.609
16.720105539,-0.3586,0.4271,-0.3117,0.639
16.721481154,-0.4080,0.4398,-0.3039,0.672
16.724352616,-0.4474,0.4526,-0.2927,0.700
16.727194385,-0.4902,0.4652,-0.2846,0.733
16.728652847,-0.5338,0.4777,-0.2680,0.765
16.731352616,-0.5662,0.4941,-0.2487,0.792
16.733604924,-0.5976,0.5126,-0.2226,0.818
16.736618154,-0.6283,0.5276,-0.2038,0.845
16.73854277,-0.6698,0.5400,-0.2115,0.886
16.741008616,-0.6628,0.5588,-0.1425,0.879
16.748069847,-0.6246,0.5871,-0.0195,0.857
16.748886077,-0.6190,0.6126,-0.0469,0.872
16.749379077,-0.6019,0.6336,-0.0682,0.877
16.750630077,-0.5809,0.6536,-0.0684,0.877
16.760900308,-0.5748,0.6797,-0.0740,0.893
16.761892539,-0.5948,0.7100,-0.0808,0.930
16.762414077,-0.6158,0.7408,-0.0887,0.967
16.762797539,-0.6258,0.7774,-0.0755,1.001
16.76300577,-0.6508,0.8087,-0.0752,1.041
16.766548616,-0.6686,0.8437,-0.0545,1.078
16.767166154,-0.6869,0.8668,-0.0711,1.108
16.76965877,-0.7109,0.8903,-0.0838,1.142
16.772028308,-0.7472,0.9089,-0.0985,1.181
16.774687308,-0.7817,0.9162,-0.0987,1.208
16.777160001,-0.8247,0.9280,-0.0808,1.244
16.779277847,-0.8711,0.9409,-0.0767,1.285
16.782078077,-0.9202,0.9460,-0.0669,1.321
16.784761154,-0.9654,0.9518,-0.0559,1.357
16.78655377,-1.0099,0.9560,-0.0442,1.391
16.78931377,-1.0460,0.9551,-0.0286,1.417
16.791672539,-1.0815,0.9543,-0.0117,1.442
16.793968308,-1.0966,0.9502,-0.0009,1.451
16.796314462,-1.0968,0.9360,-0.0039,1.442
16.79868577,-1.0835,0.9189,-0.0095,1.421
16.802300847,-1.0514,0.8962,-0.0170,1.382
16.803406154,-1.0162,0.8744,-0.0291,1.341
16.806771077,-0.9825,0.8500,-0.0447,1.300
16.808578693,-0.9447,0.8251,-0.0608,1.256
16.811361847,-0.9024,0.8058,-0.0747,1.212
16.813085231,-0.8538,0.7841,-0.0906,1.163
16.815842385,-0.7988,0.7692,-0.0960,1.113
16.818743308,-0.7439,0.7569,-0.0989,1.066
16.820248308,-0.6833,0.7477,-0.0960,1.017
16.82286677,-0.6170,0.7403,-0.0908,0.968
16.825496616,-0.5641,0.7357,-0.0848,0.931
16.827761154,-0.5123,0.7342,-0.0755,0.898
16.829944539,-0.4700,0.7340,-0.0675,0.874
16.832785154,-0.4321,0.7361,-0.0542,0.855
16.834965231,-0.3989,0.7454,-0.0377,0.846
16.837615308,-0.3786,0.7566,-0.0242,0.846
16.839728847,-0.3596,0.7652,-0.0114,0.846
16.847771693,-0.3479,0.7777,-0.0012,0.852
16.84872277,-0.3390,0.7899,0.0092,0.860
16.849293539,-0.3342,0.8053,0.0119,0.872
16.84977477,-0.3309,0.8158,0.0072,0.880
16.859797462,-0.3317,0.8321,-0.0012,0.896
16.860407693,-0.3314,0.8466,-0.0132,0.909
16.860694077,-0.3410,0.8656,-0.0337,0.931
16.86134177,-0.3689,0.8903,-0.0496,0.965
16.861954462,-0.4047,0.9216,-0.0586,1.008
16.863804231,-0.4423,0.9531,-0.0818,1.054
16.867489539,-0.4870,0.9827,-0.1167,1.103
16.869191616,-0.5222,1.0073,-0.1458,1.144
16.871159077,-0.5528,1.0305,-0.1688,1.182
16.874428539,-0.5790,1.0506,-0.1881,1.214
16.876140616,-0.5911,1.0608,-0.2054,1.232
16.878155385,-0.6011,1.0674,-0.2189,1.244
16.880767001,-0.6019,1.0757,-0.2301,1.254
16.88317777,-0.5965,1.0772,-0.2409,1.255
16.885327693,-0.5895,1.0748,-0.2676,1.255
16.887756308,-0.5836,1.0708,-0.3024,1.256
16.890241462,-0.5729,1.0631,-0.2853,1.241
16.892933462,-0.5560,1.0487,-0.2765,1.219
16.895166462,-0.5291,1.0366,-0.2723,1.195
16.897757847,-0.5047,1.0212,-0.2683,1.170
16.901083001,-0.4790,1.0012,-0.2653,1.141
16.902333847,-0.4607,0.9856,-0.2651,1.120
16.904680616,-0.4397,0.9641,-0.2660,1.093
16.907279308,-0.4204,0.9462,-0.2631,1.068
16.909820539,-0.4036,0.9269,-0.2611,1.044
16.912539077,-0.3928,0.9108,-0.2570,1.025
16.915652847,-0.3813,0.8996,-0.2431,1.007
16.918194693,-0.3715,0.8876,-0.2299,0.989
16.919557231,-0.3642,0.8698,-0.2203,0.968
16.922038077,-0.3507,0.8532,-0.2101,0.946
16.924206693,-0.3395,0.8383,-0.1989,0.926
16.926821154,-0.3263,0.8216,-0.1881,0.904
16.928895077,-0.3075,0.8039,-0.1847,0.880
16.932168847,-0.2878,0.7929,-0.1788,0.862
16.933967385,-0.2718,0.7789,-0.1719,0.843
16.936912231,-0.2513,0.7692,-0.1586,0.825
16.938825231,-0.2328,0.7582,-0.1444,0.806
16.947139308,-0.2147,0.7515,-0.1290,0.792
16.947735924,-0.1981,0.7469,-0.1102,0.781
16.947992847,-0.1821,0.7477,-0.0941,0.775
16.948567385,-0.1721,0.7503,-0.0792,0.774
16.957477462,-0.1651,0.7566,-0.0659,0.777
16.958365154,-0.1634,0.7626,-0.0535,0.782
16.958776616,-0.1616,0.7725,-0.0428,0.790
16.959136539,-0.1632,0.7845,-0.0361,0.802
16.959946077,-0.1663,0.7987,-0.0235,0.816
16.962787924,-0.1729,0.8109,-0.0163,0.829
16.967317231,-0.1800,0.8248,-0.0042,0.844
16.968071693,-0.1870,0.8381,0.0085,0.859
16.969759001,-0.1942,0.8502,0.0153,0.872
16.972480308,-0.2030,0.8625,0.0212,0.886
16.975073847,-0.2171,0.8671,0.0232,0.894
16.977346693,-0.2296,0.8710,0.0234,0.901
16.979657462,-0.2389,0.8710,0.0202,0.903
16.983149847,-0.2494,0.8705,0.0167,0.906
16.984218385,-0.2569,0.8647,0.0087,0.902
16.986795616,-0.2545,0.8579,-0.0127,0.895
16.989395308,-0.2401,0.8527,-0.0535,0.887
16.992016847,-0.2417,0.8466,-0.0449,0.882
16.994657847,-0.2522,0.8432,-0.0388,0.881
16.997901154,-0.2657,0.8414,-0.0403,0.883
16.998803616,-0.2782,0.8378,-0.0417,0.884
17.00174677,-0.2890,0.8395,-0.0552,0.890
17.003427616,-0.2946,0.8412,-0.0733,0.894
17.006183616,-0.2943,0.8430,-0.0965,0.898
17.008422385,-0.2929,0.8444,-0.1167,0.901
17.010911001,-0.2882,0.8400,-0.1378,0.899
17.013178385,-0.2824,0.8363,-0.1429,0.894
17.016085462,-0.2723,0.8376,-0.1456,0.893
17.017914077,-0.2643,0.8351,-0.1453,0.888
17.02110677,-0.2494,0.8316,-0.1412,0.880
17.024427616,-0.2337,0.8295,-0.1395,0.873
17.025300924,-0.2154,0.8200,-0.1458,0.860
17.027859616,-0.1968,0.8121,-0.1551,0.850
17.030244231,-0.1763,0.8048,-0.1619,0.840
17.033000924,-0.1624,0.7982,-0.1686,0.832
17.034889847,-0.1465,0.7978,-0.1728,0.829
17.037570154,-0.1318,0.7987,-0.1824,0.830
17.041158077,-0.1201,0.7980,-0.1877,0.828
17.042149231,-0.1150,0.8014,-0.1940,0.833
17.044508001,-0.1106,0.8070,-0.1966,0.838
17.047186693,-0.1143,0.8126,-0.1930,0.843
17.054232308,-0.1194,0.8224,-0.1868,0.852
17.05486977,-0.1301,0.8295,-0.1781,0.858
17.055175308,-0.1514,0.8383,-0.1730,0.869
17.057479924,-0.1714,0.8468,-0.1707,0.881
17.065427001,-0.1917,0.8554,-0.1632,0.892
17.066235924,-0.2088,0.8619,-0.1588,0.901
17.066932924,-0.2313,0.8703,-0.1542,0.914
17.067209154,-0.2499,0.8759,-0.1478,0.923
17.068656616,-0.2706,0.8813,-0.1416,0.933
17.070850385,-0.2916,0.8857,-0.1425,0.943
17.073581847,-0.3085,0.8933,-0.1376,0.955
17.07583077,-0.3244,0.9043,-0.1336,0.970
17.078276001,-0.3354,0.9096,-0.1246,0.977
17.080883924,-0.3479,0.9180,-0.1097,0.988
17.083342385,-0.3563,0.9233,-0.0985,0.995
17.085810462,-0.3654,0.9329,-0.0845,1.005
17.088084616,-0.3700,0.9424,-0.0782,1.015
17.090728231,-0.3745,0.9474,-0.0718,1.021
17.093379385,-0.3773,0.9536,-0.0726,1.028
17.095287924,-0.3789,0.9546,-0.0771,1.030
17.097711693,-0.3810,0.9585,-0.0855,1.035
17.100680847,-0.3769,0.9651,-0.0957,1.041
17.102594462,-0.3786,0.9680,-0.0989,1.044
17.104967385,-0.3786,0.9724,-0.1038,1.049
17.107975385,-0.3810,0.9719,-0.0985,1.049
17.10970277,-0.3822,0.9721,-0.0813,1.048
17.112693462,-0.3850,0.9724,-0.0626,1.048
17.114511001,-0.3896,0.9768,-0.0330,1.052
17.117013847,-0.4055,1.0154,-0.0163,1.094
17.119381847,-0.4380,1.0594,-0.0486,1.147
17.122686693,-0.4651,1.0767,-0.1283,1.180
17.124496001,-0.4861,1.0708,-0.1928,1.192
17.127184616,-0.5044,1.0257,-0.2267,1.165
17.129227001,-0.5181,0.9534,-0.3196,1.131
17.131618154,-0.5266,0.8742,-0.4869,1.131
17.133784001,-0.5124,0.8072,-0.7146,1.194
17.136478154,-0.4807,0.7333,-0.9657,1.304
17.144632616,-0.4362,0.6746,-1.1788,1.426
17.145283924,-0.3964,0.6585,-1.2176,1.440
17.145551001,-0.3749,0.7228,-1.0181,1.304
17.146046462,-0.3661,0.8439,-0.7239,1.171
17.154191001,-0.3805,0.9809,-0.3161,1.099
17.154593154,-0.4282,1.1144,0.0517,1.195
17.154768616,-0.5079,1.2441,0.2592,1.369
17.163116001,-0.6381,1.3674,0.3390,1.547
17.164098693,-0.7976,1.5057,0.3955,1.749
17.164418385,-0.9251,1.6162,0.4028,1.905
17.164709539,-0.9892,1.6848,0.2829,1.974
17.168032847,-0.9669,1.6878,0.0386,1.946
17.168456539,-0.8431,1.6384,-0.1959,1.853
17.170387001,-0.6337,1.5490,-0.2667,1.695
17.173168539,-0.4120,1.4601,-0.1700,1.527
17.174811308,-0.1793,1.3853,0.0121,1.397
17.177461847,0.0880,1.3250,0.1986,1.343
17.179758693,0.3680,1.2688,0.3649,1.371
17.182172231,0.5959,1.2521,0.4800,1.467
17.184556539,0.7002,1.2856,0.5704,1.571
17.186972847,0.7330,1.3108,0.5723,1.607
17.189699616,0.7493,1.3128,0.4529,1.578
17.191558154,0.8043,1.3203,0.2799,1.571
17.194263001,0.8209,1.3734,0.0644,1.601
17.196666154,0.8204,1.4742,-0.1784,1.696
17.199105539,0.8470,1.6145,-0.4312,1.874
17.201705154,0.8775,1.8057,-0.6862,2.122
17.203819616,0.9599,2.0430,-0.7984,2.394
17.206286154,1.1495,2.2826,-0.8145,2.682
17.208734693,1.3826,2.5331,-0.7100,2.972
17.211424001,1.6552,2.8402,-0.5979,3.341
17.213972231,1.9254,3.2069,-0.5797,3.785
17.21740977,2.1807,3.6147,-0.5280,4.254
17.21881077,2.3591,4.0686,-0.4607,4.726
17.221690693,2.4029,4.4031,-0.3797,5.030
17.22349077,2.4819,4.5057,-0.1351,5.146
17.225422385,2.5511,4.3007,0.1878,5.004
17.228129539,2.5919,3.8336,0.5597,4.661
17.230582154,2.4178,3.2513,0.7824,4.127
17.23309077,2.1390,2.7009,0.6969,3.515
17.235183616,1.7107,2.2436,0.5040,2.866
17.237885154,1.3200,1.8730,0.2801,2.308
17.240506154,0.9266,1.5832,0.0898,1.837
17.242610385,0.5414,1.3247,-0.0034,1.431
17.244995385,0.2257,1.0660,-0.0398,1.090
17.251420616,-0.0346,0.8349,-0.0825,0.840
17.252699924,-0.2927,0.6441,-0.0552,0.710
17.253800924,-0.5215,0.4579,-0.1260,0.705
17.254531385,-0.7639,0.3164,-0.2155,0.854
17.263099308,-0.9481,0.2197,-0.2849,1.014
17.264284001,-1.0348,0.1283,-0.3757,1.108
17.264563693,-1.1025,0.0379,-0.4434,1.189
17.264789231,-1.1357,-0.0730,-0.4334,1.218
17.266320308,-1.1487,-0.1746,-0.4400,1.242
17.268743385,-1.2557,-0.2374,-0.4055,1.341
17.272282154,-1.3449,-0.2647,-0.4319,1.437
17.274207616,-1.4413,-0.2710,-0.4588,1.537
17.276256616,-1.4917,-0.2510,-0.4449,1.577
17.27850177,-1.5303,-0.2119,-0.5458,1.638
17.280977539,-1.5762,-0.1516,-0.6323,1.705
17.283829847,-1.6321,-0.0658,-0.6518,1.759
17.285840308,-1.6769,0.0266,-0.6704,1.806
17.288624231,-1.7331,0.1393,-0.6652,1.862
17.290441231,-1.7971,0.2754,-0.6584,1.934
17.29348177,-1.8596,0.4354,-0.6135,2.006
17.296637154,-1.9200,0.6062,-0.5821,2.096
17.298170077,-1.9564,0.7701,-0.5570,2.175
17.300455077,-1.9728,0.9189,-0.5309,2.240
17.302897154,-1.9682,1.0511,-0.4976,2.286
17.305260231,-1.9393,1.1612,-0.4526,2.305
17.307732924,-1.8960,1.2600,-0.4216,2.315
17.310054462,-1.8249,1.3179,-0.3960,2.286
17.313428539,-1.7353,1.3508,-0.3850,2.233
17.314693847,-1.6332,1.3496,-0.3906,2.154
17.317196231,-1.5247,1.3252,-0.4139,2.062
17.319942154,-1.4152,1.2825,-0.4398,1.960
17.322574462,-1.2931,1.2160,-0.4710,1.836
17.324396847,-1.1755,1.1388,-0.5008,1.712
17.326800616,-1.0590,1.0471,-0.5348,1.582
17.329634693,-0.9454,0.9490,-0.5651,1.454
17.331587308,-0.8328,0.8539,-0.5837,1.328
17.334539693,-0.7187,0.7569,-0.5927,1.200
17.336415924,-0.5997,0.6597,-0.5893,1.069
17.338982154,-0.4817,0.5768,-0.5716,0.944
17.341408231,-0.3686,0.5078,-0.5360,0.825
17.343619616,-0.2589,0.4608,-0.4922,0.722
17.351157154,-0.1487,0.4322,-0.4446,0.638
17.352106078,-0.0498,0.4202,-0.4153,0.593
17.352579693,0.0379,0.4322,-0.3931,0.585
17.362192616,0.1170,0.4650,-0.3752,0.609
17.362977847,0.1786,0.5172,-0.3498,0.649
17.363495616,0.2276,0.5881,-0.3066,0.701
17.363732924,0.2712,0.6812,-0.2521,0.775
17.36394577,0.3037,0.7782,-0.2485,0.871
17.366536539,0.3171,0.8747,-0.2196,0.956
17.367631616,0.3208,0.9853,-0.1808,1.052
17.371339616,0.3196,1.0953,-0.1703,1.154
17.372445462,0.3171,1.1922,-0.1373,1.241
17.374789847,0.3026,1.3089,-0.1129,1.348
17.377325539,0.3149,1.4139,-0.1058,1.452
17.379643078,0.2919,1.5136,-0.1041,1.545
17.382257231,0.2621,1.5986,-0.1134,1.624
17.384564308,0.2206,1.6634,-0.1082,1.681
17.387320001,0.1637,1.7107,-0.0735,1.720
17.389352231,0.1053,1.7254,-0.0461,1.729
17.39221777,0.0482,1.7212,-0.0307,1.722
17.395866462,-0.0055,1.6916,-0.0142,1.692
17.397123924,-0.0603,1.6303,0.0127,1.631
17.399165462,-0.1128,1.5500,0.0356,1.555
17.401751693,-0.1611,1.4596,0.0446,1.469
17.404558693,-0.2056,1.3606,0.0456,1.377
17.40644677,-0.2535,1.2597,0.0319,1.285
17.409102462,-0.2950,1.1573,0.0062,1.194
17.412590693,-0.3381,1.0545,-0.0356,1.108
17.413955616,-0.3735,0.9443,-0.0755,1.018
17.416376308,-0.4164,0.8488,-0.1058,0.951
17.41844677,-0.4693,0.7762,-0.1207,0.915
17.42110277,-0.5237,0.7166,-0.1437,0.899
17.423175308,-0.5743,0.6748,-0.1551,0.900
17.425849154,-0.6092,0.6401,-0.1735,0.901
17.429006385,-0.6165,0.6075,-0.1752,0.883
17.430616308,-0.6181,0.5928,-0.1630,0.872
17.432983693,-0.6056,0.5915,-0.1509,0.860
17.435652308,-0.5838,0.5969,-0.1321,0.845
17.438083693,-0.5543,0.6150,-0.1102,0.835
17.440904308,-0.5154,0.6494,-0.0923,0.834
17.442629231,-0.4725,0.6937,-0.0755,0.843
17.450080539,-0.4248,0.7359,-0.0620,0.852
17.451128308,-0.3793,0.7808,-0.0603,0.870
17.45156577,-0.3390,0.8283,-0.0603,0.897
17.452032308,-0.3016,0.8698,-0.0662,0.923
17.462797462,-0.2680,0.9143,-0.0684,0.955
17.463865847,-0.2337,0.9455,-0.0792,0.977
17.464160308,-0.1993,0.9727,-0.0994,0.998
17.464634154,-0.1585,0.9763,-0.1385,0.999
17.464909847,-0.1353,0.9995,-0.1583,1.021
17.467428616,-0.1118,1.0233,-0.1833,1.046
17.47084177,-0.0874,1.0342,-0.2030,1.058
17.471613154,-0.0630,1.0403,-0.2282,1.067
17.473844231,-0.0375,1.0452,-0.2521,1.076
17.476428847,-0.0114,1.0471,-0.2714,1.082
17.478864001,0.0114,1.0445,-0.2819,1.082
17.483431693,0.0396,1.0413,-0.2870,1.081
17.48383077,0.0664,1.0345,-0.2883,1.076
17.48641877,0.0906,1.0264,-0.2834,1.069
17.488408231,0.1170,1.0164,-0.2775,1.060
17.490599308,0.1412,1.0079,-0.2772,1.055
17.493141462,0.1635,0.9970,-0.2758,1.047
17.495409154,0.1779,0.9846,-0.2758,1.038
17.497842462,0.1898,0.9692,-0.2800,1.027
17.500363693,0.2020,0.9529,-0.2841,1.015
17.503172924,0.2066,0.9292,-0.2895,0.995
17.505078462,0.2074,0.9108,-0.2988,0.981
17.507631001,0.2066,0.8820,-0.3068,0.956
17.511180847,0.1961,0.8559,-0.3142,0.933
17.512271001,0.1820,0.8285,-0.3179,0.906
17.515051693,0.1630,0.7990,-0.3186,0.875
17.51750177,0.1363,0.7733,-0.3161,0.846
17.519642385,0.1043,0.7528,-0.3130,0.822
17.522132539,0.0691,0.7277,-0.2988,0.790
17.524604001,0.0356,0.7073,-0.2711,0.758
17.527892847,-0.0021,0.6860,-0.2416,0.727
17.529366154,-0.0432,0.6680,-0.2257,0.706
17.531728001,-0.0833,0.6541,-0.2082,0.691
17.533940001,-0.1252,0.6448,-0.1763,0.680
17.536696539,-0.1683,0.6424,-0.1449,0.680
17.538845231,-0.2100,0.6453,-0.1381,0.693
17.541261539,-0.2522,0.6529,-0.1549,0.717
17.545264539,-0.2953,0.6680,-0.1852,0.753
17.545965462,-0.3337,0.6917,-0.2094,0.796
17.548610154,-0.3679,0.7259,-0.2271,0.845
17.550926078,-0.3987,0.7689,-0.2352,0.897
17.553731001,-0.4194,0.8172,-0.2238,0.945
17.555556616,-0.4287,0.8724,-0.1961,0.992
17.558200539,-0.4304,0.9260,-0.1579,1.033
17.565324231,-0.4220,0.9741,-0.1278,1.069
17.56572177,-0.4118,1.0161,-0.1043,1.101
17.565886154,-0.3969,1.0545,-0.0969,1.131
17.567991078,-0.3810,1.0897,-0.1034,1.159
17.570075616,-0.3649,1.1234,-0.1219,1.187
17.57260677,-0.3419,1.1475,-0.1486,1.207
17.575052539,-0.3202,1.1666,-0.1754,1.222
17.577568231,-0.2927,1.1845,-0.1957,1.236
17.579871001,-0.2689,1.2018,-0.2150,1.250
17.582357462,-0.2457,1.2169,-0.2255,1.262
17.584834693,-0.2159,1.2329,-0.2248,1.272
17.586869539,-0.1914,1.2429,-0.2157,1.276
17.58954577,-0.1644,1.2478,-0.2038,1.275
17.592754385,-0.1401,1.2467,-0.1952,1.270
17.59468677,-0.1169,1.2370,-0.1949,1.258
17.596573539,-0.0884,1.2248,-0.1969,1.244
17.599543385,-0.0705,1.2118,-0.2035,1.231
17.601626385,-0.0544,1.1945,-0.2196,1.216
17.603769539,-0.0419,1.1723,-0.2343,1.196
17.606462078,-0.0263,1.1470,-0.2374,1.172
17.608701231,-0.0131,1.1205,-0.2318,1.144
17.611177154,-0.0097,1.0927,-0.2162,1.114
17.61365077,-0.0099,1.0584,-0.2140,1.080
17.616000847,-0.0106,1.0174,-0.2140,1.040
17.618668616,-0.0151,0.9700,-0.2267,0.996
17.620913539,-0.0295,0.9208,-0.2469,0.954
17.623803616,-0.0532,0.8617,-0.2736,0.906
17.627771078,-0.0847,0.8041,-0.2986,0.862
17.629432847,-0.1238,0.7496,-0.3154,0.823
17.630868616,-0.1683,0.6993,-0.3086,0.783
17.633315385,-0.2159,0.6541,-0.2772,0.742
17.636172847,-0.2745,0.6126,-0.2320,0.710
17.638007078,-0.3446,0.5747,-0.1886,0.696
17.640400847,-0.4069,0.5311,-0.1649,0.689
17.648337231,-0.4761,0.4860,-0.1630,0.700
17.649265154,-0.5266,0.4440,-0.1647,0.708
17.649799308,-0.5934,0.4161,-0.1763,0.746
17.650369847,-0.6679,0.3876,-0.1949,0.796
17.662522078,-0.7316,0.3758,-0.2022,0.847
17.663322154,-0.7823,0.3506,-0.1747,0.875
17.663735078,-0.8315,0.3501,-0.1209,0.910
17.664203001,-0.8711,0.3565,-0.0538,0.943
17.664570154,-0.8963,0.3685,0.0065,0.969
17.664980924,-0.8983,0.3880,0.0605,0.980
17.667774462,-0.8682,0.4034,0.1084,0.963
17.671256539,-0.8115,0.4125,0.1448,0.922
17.672186693,-0.7519,0.4134,0.1324,0.868
17.673989154,-0.6975,0.4158,0.0749,0.815
17.676551693,-0.6584,0.4134,-0.0119,0.777
17.678685539,-0.6310,0.4186,-0.0989,0.764
17.681513462,-0.6200,0.4239,-0.1642,0.769
17.684957462,-0.6234,0.4371,-0.2143,0.791
17.685929847,-0.6528,0.4618,-0.2550,0.839
17.688507001,-0.6952,0.5009,-0.2873,0.904
17.690908001,-0.7441,0.5527,-0.3023,0.975
17.693503308,-0.7907,0.6182,-0.2853,1.043
17.695711078,-0.8308,0.6909,-0.2543,1.110
17.698396924,-0.8518,0.7708,-0.2169,1.169
17.701359078,-0.8560,0.8490,-0.1800,1.219
17.702836308,-0.8394,0.9223,-0.1532,1.256
17.705473462,-0.8103,1.0035,-0.1385,1.297
17.707873539,-0.7619,1.0804,-0.1346,1.329
17.710926154,-0.6999,1.1470,-0.1416,1.351
17.712745847,-0.6326,1.2118,-0.1381,1.374
17.715644924,-0.5694,1.2835,-0.1038,1.408
17.718445154,-0.5064,1.3382,-0.0654,1.432
17.720199616,-0.4463,1.3694,-0.0340,1.441
17.722270462,-0.3789,1.3660,-0.0307,1.418
17.724956001,-0.3075,1.3433,-0.0410,1.379
17.728593539,-0.2420,1.2835,-0.0711,1.308
17.729600539,-0.1865,1.1994,-0.1332,1.221
17.731978385,-0.1485,1.1126,-0.2243,1.145
17.734547693,-0.1362,1.0326,-0.3396,1.095
17.736605154,-0.1478,0.9809,-0.4439,1.087
17.739347616,-0.1824,0.9646,-0.5091,1.106
17.741817231,-0.2315,0.9874,-0.5231,1.141
17.747725231,-0.2914,1.0484,-0.4954,1.196
17.748179078,-0.3561,1.1426,-0.4458,1.277
17.748708539,-0.4180,1.2502,-0.3921,1.375
17.757024231,-0.4809,1.3471,-0.3345,1.469
17.757941539,-0.5252,1.4568,-0.3007,1.578
17.758176847,-0.5638,1.5585,-0.3019,1.685
17.758511693,-0.5838,1.6401,-0.3186,1.770
17.760664001,-0.6083,1.7142,-0.3266,1.848
17.76370277,-0.6324,1.7764,-0.3398,1.916
17.765666154,-0.6542,1.8231,-0.3510,1.968
17.771665231,-0.6782,1.8586,-0.3574,2.010
17.772936616,-0.7008,1.8874,-0.3584,2.045
17.773668924,-0.7180,1.9069,-0.3408,2.066
17.775809847,-0.7370,1.9184,-0.3196,2.080
17.777510693,-0.7519,1.9211,-0.2863,2.083
17.780124539,-0.7590,1.9110,-0.2585,2.072
17.783675385,-0.7632,1.8954,-0.2299,2.056
17.78481077,-0.7614,1.8666,-0.2047,2.026
17.787352231,-0.7637,1.8319,-0.1884,1.994
17.789912231,-0.7602,1.7941,-0.1842,1.957
17.792620001,-0.7548,1.7356,-0.1817,1.901
17.794418693,-0.7488,1.6716,-0.1700,1.840
17.797103385,-0.7409,1.5915,-0.1517,1.762
17.800399693,-0.7353,1.5064,-0.1397,1.682
17.801818385,-0.7231,1.4097,-0.1416,1.591
17.804263616,-0.7104,1.3096,-0.1502,1.497
17.807311078,-0.6992,1.2116,-0.1539,1.407
17.810802693,-0.6864,1.1200,-0.1534,1.323
17.811952308,-0.6752,1.0310,-0.1683,1.244
17.81416577,-0.6608,0.9453,-0.1924,1.169
17.817069462,-0.6370,0.8586,-0.1942,1.087
17.818628924,-0.6300,0.7801,-0.1742,1.018
17.821169539,-0.6349,0.7144,-0.1481,0.967
17.823521231,-0.6571,0.6618,-0.1329,0.942
17.826034154,-0.6931,0.6045,-0.1542,0.932
17.828429154,-0.7283,0.5416,-0.2003,0.929
17.831037847,-0.7439,0.4433,-0.2986,0.916
17.833115385,-0.7621,0.3460,-0.3486,0.907
17.835942385,-0.8068,0.2793,-0.3626,0.928
17.838276001,-0.8318,0.1843,-0.3726,0.930
17.846791616,-0.8729,0.1158,-0.3782,0.958
17.847408308,-0.9190,0.0592,-0.3962,1.003
17.847697539,-0.9733,0.0120,-0.4251,1.062
17.848323308,-1.0363,-0.0358,-0.4463,1.129
17.856904847,-1.1042,-0.0739,-0.4481,1.194
17.858061847,-1.1711,-0.1032,-0.4381,1.255
17.858524616,-1.2324,-0.1201,-0.4170,1.307
17.858804231,-1.2816,-0.1401,-0.4006,1.350
17.860029847,-1.3123,-0.1599,-0.3880,1.378
17.862619616,-1.3176,-0.1809,-0.3820,1.384
17.868080308,-1.2889,-0.2102,-0.3774,1.359
17.868607001,-1.2300,-0.2412,-0.3510,1.302
17.869952924,-1.1418,-0.2752,-0.2837,1.208
17.872500616,-1.0251,-0.3089,-0.1712,1.084
17.874485154,-0.9009,-0.3481,-0.0119,0.966
17.876547693,-0.7668,-0.3924,0.1781,0.880
17.879303308,-0.6144,-0.4425,0.3608,0.839
17.882679693,-0.4507,-0.4900,0.4944,0.829
17.884230693,-0.2943,-0.5374,0.5359,0.814
17.886432616,-0.1778,-0.5747,0.5169,0.793
17.88874577,-0.0796,-0.5880,0.4979,0.775
17.89145077,0.0130,-0.5789,0.4439,0.730
17.893530385,0.0887,-0.5461,0.3503,0.655
17.895996308,0.1488,-0.4937,0.2408,0.569
17.899240847,0.1866,-0.4287,0.1262,0.484
17.901001154,0.1976,-0.3473,0.0050,0.400
17.903167385,0.1886,-0.2559,-0.1236,0.341
17.905841539,0.1722,-0.1599,-0.2411,0.337
17.907949847,0.1544,-0.0700,-0.3464,0.386
17.911093847,0.1368,0.0181,-0.4244,0.446
17.912919616,0.1232,0.0967,-0.4820,0.507
17.915933847,0.1104,0.1738,-0.5001,0.541
17.918128847,0.0887,0.2570,-0.4708,0.544
17.920092616,0.0804,0.3264,-0.4402,0.554
17.922440924,0.0631,0.3941,-0.4046,0.568
17.925405847,0.0405,0.4533,-0.3860,0.597
17.927455001,0.0042,0.5080,-0.3726,0.630
17.929805847,-0.0329,0.5532,-0.3750,0.669
17.932257539,-0.0712,0.5915,-0.3808,0.707
17.934519078,-0.1174,0.6243,-0.3780,0.739
17.937080001,-0.1690,0.6536,-0.3689,0.769
17.944787001,-0.2205,0.6809,-0.3589,0.801
17.945612616,-0.2713,0.7086,-0.3447,0.833
17.946010693,-0.3209,0.7286,-0.3305,0.862
17.947501154,-0.3654,0.7466,-0.3130,0.888
17.956079308,-0.4074,0.7626,-0.2942,0.913
17.957149462,-0.4565,0.7696,-0.2937,0.942
17.957413462,-0.4514,0.7897,-0.1756,0.926
17.957672001,-0.4392,0.8260,-0.0464,0.937
17.958576616,-0.4480,0.8559,-0.0552,0.968
17.96078677,-0.4455,0.8666,-0.0493,0.976
17.963495616,-0.4765,0.8935,0.0151,1.013
17.965811308,-0.5005,0.9216,0.0708,1.051
17.968250385,-0.5110,0.9443,0.1194,1.080
17.970779924,-0.5580,0.9534,0.1218,1.111
17.973948616,-0.6060,0.9616,0.1275,1.144
17.97536577,-0.6508,0.9690,0.1067,1.172
17.978005539,-0.6992,0.9729,0.0866,1.201
17.980344847,-0.7395,0.9697,0.0421,1.220
17.982721154,-0.7856,0.9597,-0.0088,1.240
17.98500277,-0.8282,0.9436,-0.0542,1.257
17.987658385,-0.8662,0.9204,-0.1062,1.268
17.989981231,-0.9053,0.8957,-0.1544,1.283
17.992127308,-0.9444,0.8656,-0.1861,1.295
17.994903078,-0.9677,0.8344,-0.2171,1.296
17.998310078,-0.9880,0.8034,-0.2372,1.295
17.99952577,-0.9957,0.7760,-0.2553,1.288
18.002328847,-0.9941,0.7498,-0.2643,1.273
18.004362078,-0.9880,0.7322,-0.2553,1.256
18.007384847,-0.9767,0.7230,-0.2492,1.240
18.009729231,-0.9582,0.7193,-0.2338,1.221
18.011807616,-0.9188,0.7281,-0.2094,1.191
18.015290693,-0.8636,0.7401,-0.1864,1.152
18.016632001,-0.8022,0.7486,-0.1715,1.111
18.019468231,-0.7476,0.7559,-0.1642,1.076
18.022207693,-0.7036,0.7638,-0.1600,1.051
18.024037154,-0.6603,0.7708,-0.1607,1.028
18.026841462,-0.6183,0.7794,-0.1722,1.010
18.02940977,-0.5743,0.7857,-0.1779,0.989
18.031387924,-0.5320,0.7955,-0.1728,0.972
18.033448539,-0.4947,0.8041,-0.1688,0.959
18.035705847,-0.4572,0.8136,-0.1656,0.948
18.039983078,-0.4253,0.8263,-0.1630,0.944
18.040959385,-0.3952,0.8381,-0.1530,0.939
18.043148616,-0.3724,0.8481,-0.1524,0.939
18.045760001,-0.3568,0.8600,-0.1588,0.945
18.051649462,-0.3402,0.8703,-0.1630,0.949
18.053409231,-0.3324,0.8813,-0.1693,0.957
18.053828001,-0.3346,0.8920,-0.1784,0.969
18.061863385,-0.3439,0.9035,-0.1847,0.984
18.062639001,-0.3603,0.9101,-0.1905,0.997
18.062996847,-0.3810,0.9196,-0.2098,1.017
18.063200924,-0.4116,0.9269,-0.2287,1.040
18.07357077,-0.4487,0.9394,-0.2497,1.071
18.074594078,-0.4868,0.9529,-0.2726,1.104
18.074882078,-0.5269,0.9632,-0.3005,1.138
18.075179001,-0.5650,0.9695,-0.3240,1.168
18.075644539,-0.6014,0.9773,-0.3289,1.194
18.076719693,-0.6295,0.9830,-0.3337,1.214
18.081220616,-0.6556,0.9876,-0.3459,1.235
18.082291693,-0.6801,0.9930,-0.3457,1.252
18.083793154,-0.6980,0.9937,-0.3413,1.261
18.086598462,-0.7145,0.9986,-0.3430,1.275
18.088772924,-0.7216,1.0017,-0.3428,1.281
18.091170154,-0.7280,0.9988,-0.3366,1.281
18.093688616,-0.7334,0.9937,-0.3274,1.278
18.097416847,-0.7434,0.9958,-0.3181,1.283
18.098507924,-0.7507,0.9968,-0.3081,1.285
18.101130078,-0.7595,0.9924,-0.3035,1.286
18.103446154,-0.7710,0.9956,-0.3063,1.296
18.106461847,-0.7795,0.9949,-0.3063,1.300
18.108024924,-0.7819,0.9893,-0.3051,1.297
18.110616539,-0.7898,0.9858,-0.3002,1.298
18.113028308,-0.7986,0.9849,-0.2958,1.302
18.115248308,-0.8005,0.9827,-0.2885,1.300
18.117719308,-0.7981,0.9827,-0.2768,1.296
18.120308539,-0.7932,0.9895,-0.2639,1.295
18.122778078,-0.7884,0.9968,-0.2467,1.295
18.125031616,-0.7856,1.0096,-0.2282,1.299
18.127412001,-0.7830,1.0166,-0.2103,1.300
18.130334385,-0.7754,1.0203,-0.1905,1.296
18.132113154,-0.7641,1.0269,-0.1698,1.291
18.134906385,-0.7514,1.0347,-0.1493,1.287
18.137331385,-0.7355,1.0350,-0.1316,1.277
18.139643385,-0.7185,1.0313,-0.1202,1.263
18.141795924,-0.6962,1.0261,-0.1167,1.246
18.145532924,-0.6689,1.0132,-0.1155,1.220
18.146533231,-0.6424,1.0049,-0.1172,1.198
18.153544539,-0.6046,0.9790,-0.0969,1.155
18.154385539,-0.5689,0.9614,-0.0831,1.120
18.155041231,-0.5328,0.9404,-0.0682,1.083
18.156957462,-0.4973,0.9220,-0.0447,1.049
18.159195001,-0.4660,0.9043,-0.0332,1.018
18.162471385,-0.4326,0.8837,-0.0249,0.984
18.167083385,-0.3959,0.8619,-0.0144,0.949
18.168004539,-0.3637,0.8388,-0.0086,0.914
18.168637539,-0.3272,0.8239,-0.0075,0.887
18.170978462,-0.2983,0.8087,-0.0090,0.862
18.175772539,-0.2723,0.7980,-0.0124,0.843
18.176863308,-0.2471,0.7867,-0.0158,0.825
18.17883777,-0.2276,0.7836,-0.0166,0.816
18.180724847,-0.2093,0.7829,-0.0191,0.811
18.183256847,-0.1886,0.7816,-0.0176,0.804
18.186049154,-0.1748,0.7862,-0.0227,0.806
18.188309231,-0.1627,0.7941,-0.0230,0.811
18.189866154,-0.1509,0.8058,-0.0261,0.820
18.19225377,-0.1406,0.8153,-0.0279,0.828
18.195968539,-0.1320,0.8285,-0.0271,0.839
18.197245847,-0.1275,0.8439,-0.0361,0.854
18.199743924,-0.1204,0.8559,-0.0437,0.865
18.204472847,-0.1260,0.8884,-0.0428,0.898
18.205196231,-0.1289,0.9138,-0.0373,0.924
18.206978385,-0.1318,0.9406,-0.0433,0.951
18.209351078,-0.1333,0.9629,-0.0403,0.973
18.211826462,-0.1443,0.9788,-0.0396,0.990
18.215189539,-0.1531,0.9912,-0.0461,1.004
18.216750462,-0.1604,1.0066,-0.0577,1.021
18.218948231,-0.1716,1.0205,-0.0682,1.037
18.221764616,-0.1763,1.0281,-0.0755,1.046
18.223856308,-0.1770,1.0326,-0.0943,1.052
18.226415924,-0.1744,1.0357,-0.1129,1.056
18.229443924,-0.1748,1.0328,-0.1024,1.052
18.231055078,-0.1753,1.0308,-0.0992,1.050
18.233547001,-0.1772,1.0257,-0.0962,1.045
18.236535001,-0.1807,1.0181,-0.0967,1.038
18.239337847,-0.1741,1.0056,-0.1060,1.026
18.240749154,-0.1667,0.9861,-0.1178,1.007
18.243461154,-0.1548,0.9707,-0.1332,0.992
18.251995078,-0.1436,0.9534,-0.1446,0.975
18.25261777,-0.1318,0.9372,-0.1517,0.959
18.25298177,-0.1223,0.9204,-0.1502,0.941
18.253283001,-0.1064,0.9010,-0.1449,0.919
18.255181462,-0.0957,0.8833,-0.1378,0.899
18.257911385,-0.0869,0.8686,-0.1300,0.883
18.260080231,-0.0859,0.8514,-0.1221,0.864
18.263037154,-0.0828,0.8370,-0.1178,0.849
18.264752001,-0.0840,0.8229,-0.1136,0.835
18.267204308,-0.0835,0.8090,-0.1165,0.822
18.271617847,-0.0845,0.7997,-0.1131,0.812
18.272259308,-0.0861,0.7872,-0.1116,0.800
18.274477847,-0.0913,0.7780,-0.1097,0.791
18.277633231,-0.0903,0.7687,-0.1053,0.781
18.279552539,-0.0910,0.7626,-0.0978,0.774
18.281536231,-0.0920,0.7599,-0.0916,0.771
18.284222462,-0.0891,0.7655,-0.0848,0.775
18.286623001,-0.0805,0.7694,-0.0787,0.778
18.288852924,-0.0740,0.7752,-0.0745,0.782
18.291286385,-0.0710,0.7838,-0.0762,0.791
18.294012001,-0.0661,0.7978,-0.0747,0.804
18.296343924,-0.0659,0.8099,-0.0740,0.816
18.298652924,-0.0659,0.8290,-0.0740,0.835
18.301198078,-0.0663,0.8522,-0.0743,0.858
18.303480308,-0.0632,0.8688,-0.0771,0.874
18.305684924,-0.0579,0.8915,-0.0818,0.897
18.308467616,-0.0502,0.9108,-0.0836,0.916
18.311740308,-0.0437,0.9269,-0.0850,0.932
18.313192231,-0.0363,0.9473,-0.0885,0.952
18.315532001,-0.0324,0.9639,-0.0926,0.969
18.318186693,-0.0280,0.9776,-0.0962,0.983
18.320470385,-0.0239,0.9878,-0.0989,0.993
18.322688001,-0.0202,0.9968,-0.1001,1.002
18.325308308,-0.0190,1.0035,-0.1036,1.009
18.328615001,-0.0163,1.0054,-0.1116,1.012
18.329862154,-0.0109,1.0000,-0.1190,1.007
18.33233877,-0.0070,0.9949,-0.1065,1.001
18.334748539,-0.0106,0.9837,-0.0918,0.988
18.337376924,-0.0114,0.9753,-0.0724,0.978
18.339587308,-0.0185,0.9641,-0.0528,0.966
18.341960847,-0.0272,0.9531,-0.0386,0.954
18.348202385,-0.0346,0.9474,-0.0310,0.949
18.349193539,-0.0405,0.9378,-0.0312,0.939
18.349594078,-0.0439,0.9309,-0.0319,0.932
18.352905154,-0.0490,0.9211,-0.0328,0.923
18.360024539,-0.0517,0.9108,-0.0305,0.913
18.361374385,-0.0502,0.9059,-0.0298,0.908
18.361851385,-0.0498,0.9033,-0.0324,0.905
18.362138462,-0.0456,0.8984,-0.0347,0.900
18.364869847,-0.0414,0.8959,-0.0435,0.898
18.366012616,-0.0453,0.8977,-0.0515,0.900
18.369402154,-0.0451,0.9031,-0.0652,0.907
18.37070977,-0.0483,0.9069,-0.0752,0.911
18.373368847,-0.0527,0.9155,-0.0836,0.921
18.375639385,-0.0551,0.9208,-0.0920,0.927
18.378081539,-0.0637,0.9280,-0.0997,0.935
18.380407924,-0.0732,0.9355,-0.1021,0.944
18.383046078,-0.0805,0.9421,-0.1087,0.952
18.386203078,-0.0835,0.9502,-0.1116,0.960
18.387781462,-0.0869,0.9546,-0.1167,0.966
18.390592847,-0.0881,0.9565,-0.1195,0.968
18.392756001,-0.0881,0.9548,-0.1251,0.967
18.395218078,-0.0866,0.9534,-0.1283,0.966
18.397500616,-0.0796,0.9514,-0.1275,0.963
18.399966693,-0.0749,0.9504,-0.1288,0.962
18.40226277,-0.0649,0.9514,-0.1265,0.962
18.404663001,-0.0542,0.9534,-0.1251,0.963
18.407588616,-0.0414,0.9578,-0.1207,0.966
18.410863924,-0.0314,0.9619,-0.1207,0.970
18.411927616,-0.0211,0.9680,-0.1229,0.976
18.414280924,-0.0070,0.9721,-0.1243,0.980
18.416777462,0.0024,0.9729,-0.1292,0.981
18.419906385,0.0149,0.9821,-0.1288,0.991
18.422372924,0.0203,1.0022,-0.1397,1.012
18.424088847,0.0073,1.0247,-0.1779,1.040
18.426328001,-0.0170,1.0459,-0.2585,1.078
18.428881154,-0.0434,1.0535,-0.3773,1.120
18.431895308,-0.0581,1.0350,-0.4715,1.139
18.434832847,-0.0481,0.9660,-0.5082,1.093
18.435966078,-0.0146,0.8679,-0.5462,1.026
18.440583616,0.0335,0.7626,-0.6369,0.994
18.441089539,0.0748,0.6860,-0.7903,1.049
18.447267924,0.1300,0.6480,-0.9785,1.181
18.447588924,0.1719,0.6453,-1.0845,1.274
18.448278462,0.2064,0.6905,-1.0508,1.274
18.451119385,0.2360,0.7887,-0.8956,1.216
18.458924539,0.2697,0.9126,-0.6161,1.134
18.459526154,0.3149,1.0435,-0.2077,1.110
18.460176539,0.3601,1.1644,0.1954,1.234
18.460463001,0.3736,1.2697,0.4018,1.383
18.462444001,0.3469,1.3599,0.4915,1.487
18.465219308,0.2648,1.4833,0.6060,1.624
18.468285847,0.1627,1.6096,0.7160,1.769
18.46954177,0.0715,1.7166,0.7427,1.872
18.47219877,-0.0180,1.7799,0.6738,1.903
18.474601231,-0.0901,1.7985,0.5093,1.871
18.47769777,-0.1069,1.7752,0.2685,1.799
18.479484847,-0.0954,1.7384,-0.0476,1.742
18.482039385,-0.0476,1.6944,-0.2643,1.716
18.485786385,0.0279,1.6631,-0.3161,1.693
18.486662462,0.1172,1.6538,-0.2976,1.684
18.493059385,0.1942,1.6799,-0.1879,1.701
18.493479078,0.2465,1.7359,-0.0188,1.753
18.493816231,0.2846,1.8060,0.1277,1.833
18.496334462,0.3035,1.8825,0.1721,1.915
18.498687693,0.3220,1.9472,0.1106,1.977
18.501048001,0.3249,1.9946,-0.0225,2.021
18.503348231,0.3242,2.0151,-0.1924,2.050
18.506204847,0.3293,2.0042,-0.3442,2.060
18.508475616,0.3200,1.9763,-0.4458,2.051
18.510743308,0.3154,1.9448,-0.4622,2.024
18.513189539,0.3420,1.9240,-0.3965,1.994
18.515712231,0.3874,1.9098,-0.3014,1.972
18.517920616,0.4486,1.9033,-0.1474,1.961
18.52128977,0.5280,1.8937,0.0458,1.966
18.523304616,0.6428,1.8681,0.2555,1.992
18.525786385,0.7530,1.8276,0.4560,2.029
18.527511693,0.8458,1.7694,0.6048,2.052
18.530006693,0.8932,1.7037,0.6750,2.039
18.532400616,0.8734,1.6523,0.6176,1.968
18.53471777,0.7906,1.6140,0.4800,1.860
18.537386385,0.6601,1.5879,0.3127,1.748
18.539541462,0.5343,1.5617,0.1277,1.656
18.54630277,0.4192,1.5287,-0.0307,1.585
18.547012616,0.3186,1.4789,-0.1566,1.521
18.547345539,0.2304,1.4134,-0.2567,1.455
18.549402462,0.1542,1.3264,-0.3345,1.377
18.555120924,0.0655,1.2323,-0.3823,1.292
18.555677847,-0.0244,1.1451,-0.3962,1.212
18.556305154,-0.0554,1.0611,-0.3767,1.127
18.565798078,-0.0730,0.9979,-0.3482,1.059
18.566390462,-0.1213,0.9495,-0.3215,1.010
18.566576231,-0.1732,0.9015,-0.2953,0.964
18.566913539,-0.2384,0.8684,-0.2914,0.946
18.568432308,-0.3219,0.8430,-0.3066,0.953
18.570859001,-0.4067,0.8134,-0.3503,0.975
18.574482078,-0.4879,0.7833,-0.4119,1.011
18.575893154,-0.5613,0.7474,-0.4835,1.052
18.578108616,-0.6158,0.7002,-0.5218,1.069
18.580703616,-0.6635,0.6578,-0.6291,1.126
18.584071001,-0.7069,0.6231,-0.6980,1.173
18.585386385,-0.7470,0.5945,-0.7519,1.215
18.587904924,-0.7856,0.5805,-0.7791,1.249
18.590436308,-0.8254,0.5849,-0.7818,1.279
18.592754693,-0.8672,0.5937,-0.7608,1.297
18.595362462,-0.9065,0.6113,-0.6972,1.297
18.597713154,-0.9347,0.6360,-0.6289,1.294
18.600719385,-0.9638,0.6567,-0.5518,1.290
18.602499616,-0.9901,0.6849,-0.4756,1.294
18.605050462,-1.0074,0.6878,-0.4051,1.285
18.607659078,-1.0160,0.6965,-0.3538,1.282
18.609922385,-1.0167,0.7056,-0.3112,1.276
18.612975616,-1.0160,0.7135,-0.2832,1.273
18.614481154,-1.0038,0.7215,-0.2636,1.264
18.616859385,-0.9896,0.7296,-0.2413,1.253
18.61981077,-0.9652,0.7413,-0.2267,1.238
18.621900847,-0.9330,0.7589,-0.2162,1.222
18.624267001,-0.8965,0.7823,-0.2064,1.208
18.626375924,-0.8545,0.8170,-0.1864,1.197
18.629315001,-0.8077,0.8527,-0.1610,1.185
18.631798693,-0.7509,0.8886,-0.1341,1.171
18.634110385,-0.6923,0.9124,-0.1162,1.151
18.636159385,-0.6332,0.9360,-0.1114,1.136
18.638719693,-0.5731,0.9560,-0.1123,1.120
18.642358078,-0.5142,0.9765,-0.1353,1.112
18.643480539,-0.4495,1.0005,-0.1686,1.110
18.645956924,-0.3784,1.0161,-0.1830,1.100
18.648331308,-0.3188,1.0538,-0.1412,1.110
18.654530385,-0.2559,1.0955,-0.1043,1.130
18.655680924,-0.1927,1.1334,-0.0955,1.154
18.656204231,-0.1338,1.1737,-0.1321,1.189
18.665160847,-0.0712,1.2120,-0.1905,1.229
18.665860616,-0.0124,1.2478,-0.2546,1.274
18.666383616,0.0405,1.2812,-0.3030,1.317
18.666700616,0.0869,1.3064,-0.3371,1.352
18.668670155,0.1307,1.3347,-0.3564,1.388
18.669688616,0.1603,1.3669,-0.3450,1.419
18.672285462,0.1864,1.3988,-0.3142,1.446
18.675953462,0.2018,1.4200,-0.2627,1.458
18.677271693,0.2087,1.4312,-0.2079,1.461
18.679600616,0.2054,1.4119,-0.1703,1.437
18.682735616,0.1659,1.3858,-0.1388,1.403
18.684261462,0.0982,1.3489,-0.1073,1.357
18.686953155,0.0212,1.2998,-0.0836,1.303
18.691054462,-0.0595,1.2460,-0.0892,1.251
18.692186078,-0.1438,1.1852,-0.1185,1.200
18.694171001,-0.2200,1.1227,-0.1549,1.154
18.696552308,-0.2941,1.0559,-0.1849,1.112
18.698924539,-0.3673,0.9988,-0.1959,1.082
18.701301155,-0.4321,0.9434,-0.1994,1.057
18.703710078,-0.4879,0.8940,-0.2015,1.038
18.706247308,-0.5279,0.8535,-0.1805,1.020
18.708722693,-0.5780,0.8246,-0.1670,1.021
18.711026155,-0.6109,0.8021,-0.1856,1.025
18.714008001,-0.6312,0.7823,-0.1901,1.023
18.717159924,-0.6400,0.7706,-0.1976,1.021
18.718230155,-0.6335,0.7647,-0.2194,1.017
18.721195078,-0.6144,0.7626,-0.2387,1.008
18.723267078,-0.5883,0.7631,-0.2497,0.995
18.72630677,-0.5545,0.7713,-0.2634,0.986
18.728591078,-0.5096,0.7897,-0.2621,0.976
18.731547001,-0.4621,0.8170,-0.2504,0.972
18.733606385,-0.4096,0.8426,-0.2416,0.968
18.735323924,-0.3617,0.8710,-0.2320,0.971
18.737831308,-0.3119,0.8957,-0.2260,0.975
18.739968308,-0.2720,0.9187,-0.2311,0.986
18.742282693,-0.2340,0.9375,-0.2369,0.995
18.744667924,-0.2042,0.9563,-0.2392,1.007
18.747603924,-0.1719,0.9749,-0.2357,1.018
18.753943001,-0.1474,0.9883,-0.2304,1.025
18.754700001,-0.1289,1.0007,-0.2245,1.034
18.754953231,-0.1076,1.0079,-0.2208,1.037
18.764029231,-0.0950,1.0098,-0.2184,1.037
18.76526177,-0.0812,1.0149,-0.2145,1.040
18.765547616,-0.0703,1.0122,-0.2138,1.037
18.766023385,-0.0654,1.0056,-0.2118,1.030
18.766791693,-0.0563,0.9966,-0.2175,1.022
18.769012539,-0.0530,0.9834,-0.2184,1.009
18.771998155,-0.0534,0.9734,-0.2245,1.000
18.774329462,-0.0519,0.9614,-0.2299,0.990
18.775918462,-0.0512,0.9480,-0.2338,0.978
18.778437231,-0.0476,0.9326,-0.2369,0.963
18.781797231,-0.0463,0.9236,-0.2413,0.956
18.783086462,-0.0437,0.9064,-0.2413,0.939
18.78570977,-0.0407,0.8971,-0.2441,0.931
18.788321462,-0.0346,0.8901,-0.2455,0.924
18.790600231,-0.0332,0.8822,-0.2478,0.917
18.793236924,-0.0234,0.8747,-0.2506,0.910
18.795643693,-0.0180,0.8708,-0.2526,0.907
18.798959616,-0.0085,0.8693,-0.2531,0.905
18.800243693,-0.0006,0.8691,-0.2509,0.905
18.802645155,0.0078,0.8644,-0.2445,0.898
18.805209462,0.0163,0.8632,-0.2369,0.895
18.807749155,0.0298,0.8635,-0.2299,0.894
18.809792231,0.0391,0.8576,-0.2276,0.888
18.812421231,0.0484,0.8537,-0.2306,0.886
18.815528539,0.0564,0.8559,-0.2313,0.888
18.816963308,0.0640,0.8583,-0.2252,0.890
18.819606078,0.0720,0.8510,-0.2169,0.881
18.823480001,0.0784,0.8495,-0.1996,0.876
18.824716924,0.0850,0.8388,-0.1803,0.862
18.827084616,0.0885,0.8281,-0.1654,0.849
18.829631001,0.0885,0.8151,-0.1583,0.835
18.832555693,0.0880,0.7967,-0.1619,0.818
18.834074155,0.0794,0.7816,-0.1654,0.803
18.836373847,0.0659,0.7704,-0.1698,0.792
18.840320539,0.0464,0.7603,-0.1742,0.781
18.841130155,0.0191,0.7508,-0.1828,0.773
18.843806155,-0.0104,0.7454,-0.1854,0.768
18.847275308,-0.0434,0.7464,-0.1889,0.771
18.854027308,-0.0773,0.7477,-0.1930,0.776
18.854574462,-0.1113,0.7599,-0.1922,0.792
18.854851616,-0.1487,0.7659,-0.1808,0.801
18.855590462,-0.1873,0.7787,-0.1698,0.819
18.866525155,-0.2163,0.7882,-0.1614,0.833
18.867241539,-0.2454,0.7999,-0.1493,0.850
18.867537231,-0.2711,0.8148,-0.1368,0.870
18.867767924,-0.2906,0.8256,-0.1246,0.884
18.868514462,-0.3004,0.8376,-0.1102,0.897
18.871484847,-0.3058,0.8527,-0.0999,0.911
18.87584277,-0.3039,0.8681,-0.0908,0.924
18.876897539,-0.2943,0.8781,-0.0731,0.929
18.877796001,-0.2813,0.8908,-0.0557,0.936
18.880752924,-0.2596,0.9018,-0.0386,0.939
18.882060616,-0.2386,0.9064,-0.0300,0.938
18.884500308,-0.2188,0.9099,-0.0347,0.936
18.887209539,-0.1979,0.9115,-0.0545,0.934
18.889887078,-0.1805,0.9138,-0.0945,0.936
18.891717155,-0.1607,0.9199,-0.1358,0.944
18.894495308,-0.1455,0.9262,-0.1703,0.953
18.897852231,-0.1287,0.9357,-0.1937,0.964
18.899005155,-0.1099,0.9527,-0.2159,0.983
18.901391385,-0.0845,0.9714,-0.2269,1.001
18.903897847,-0.0525,0.9907,-0.2194,1.016
18.906542078,-0.0199,1.0084,-0.1910,1.026
18.908784616,0.0156,1.0193,-0.1581,1.032
18.911456847,0.0491,1.0269,-0.1481,1.039
18.914272847,0.0764,1.0273,-0.1668,1.044
18.915873231,0.1021,1.0245,-0.2147,1.052
18.918297155,0.1165,1.0149,-0.2736,1.058
18.920982078,0.1229,1.0015,-0.3317,1.062
18.923422693,0.1209,0.9842,-0.3728,1.059
18.92586177,0.1131,0.9599,-0.3987,1.046
18.928210462,0.0941,0.9353,-0.4123,1.026
18.931044308,0.0557,0.9120,-0.4172,1.005
18.93268577,-0.0016,0.8876,-0.3958,0.972
18.935447385,-0.0691,0.8635,-0.3471,0.933
18.938856001,-0.1570,0.8346,-0.2792,0.894
18.940042385,-0.2625,0.8004,-0.2252,0.872
18.94260277,-0.3715,0.7486,-0.1786,0.855
18.945231308,-0.4761,0.6905,-0.1456,0.851
18.947709462,-0.5880,0.6184,-0.1280,0.863
18.949758693,-0.7057,0.5321,-0.1395,0.895
18.952364539,-0.8222,0.4496,-0.1744,0.953
18.954850078,-0.9323,0.3739,-0.2159,1.027
18.961602155,-1.0351,0.3035,-0.2480,1.107
18.962558078,-1.1521,0.2363,-0.2783,1.209
18.962800308,-1.2613,0.1796,-0.2919,1.307
18.965061231,-1.3717,0.1547,-0.2756,1.408
18.966403001,-1.4688,0.1659,-0.2074,1.493
18.969295924,-1.5384,0.2082,-0.0999,1.556
18.972787078,-1.5708,0.2837,0.0229,1.596
18.973869847,-1.5452,0.3799,0.1309,1.597
18.976181462,-1.4578,0.4960,0.2164,1.555
18.979591001,-1.3339,0.6294,0.2491,1.496
18.981269847,-1.1970,0.7738,0.2352,1.445
18.983454078,-1.0593,0.9164,0.1817,1.412
18.986046078,-0.9307,1.0543,0.0991,1.410
18.988642078,-0.8133,1.1889,0.0000,1.440
18.990598078,-0.7018,1.3184,-0.1001,1.497
18.993215078,-0.5965,1.4339,-0.1815,1.564
18.996707616,-0.4932,1.5343,-0.2426,1.630
18.997859693,-0.3830,1.6133,-0.2876,1.683
19.000272539,-0.2615,1.6648,-0.3207,1.715
19.00296577,-0.1350,1.6872,-0.3482,1.728
19.005986155,-0.0258,1.6904,-0.3808,1.733
19.007493462,0.0823,1.6772,-0.4080,1.728
19.010144308,0.2074,1.6597,-0.4542,1.733
19.013120847,0.3220,1.6423,-0.4688,1.738
19.014717847,0.4244,1.6338,-0.4764,1.754
19.017237231,0.5218,1.6345,-0.4673,1.778
19.019516616,0.6059,1.6296,-0.4407,1.794
19.021931308,0.6782,1.6064,-0.4253,1.795
19.024361231,0.7319,1.5678,-0.4549,1.789
19.027318462,0.7879,1.4911,-0.4766,1.753
19.029789462,0.8224,1.3770,-0.4877,1.676
19.031842385,0.8372,1.2238,-0.4959,1.563
19.034293231,0.8155,1.0298,-0.5080,1.408
19.038244001,0.7405,0.8227,-0.5077,1.218
19.039396231,0.6042,0.6267,-0.5057,1.007
19.041304616,0.4309,0.4445,-0.4871,0.788
19.044292616,0.2192,0.2795,-0.4779,0.595
19.046683693,-0.0219,0.1366,-0.4889,0.508
19.048653155,-0.2767,0.0100,-0.5138,0.584
19.051827693,-0.5440,-0.0917,-0.5406,0.772
19.059936308,-0.8220,-0.1620,-0.5414,0.998
19.060528539,-1.1028,-0.1927,-0.4974,1.225
19.060809155,-1.3488,-0.1806,-0.4011,1.419
19.061149847,-1.5838,-0.1250,-0.2655,1.611
19.069610385,-1.7527,-0.0329,-0.0745,1.755
19.070625155,-1.8545,0.0867,0.1076,1.860
19.070844924,-1.8834,0.2295,0.2655,1.916
19.071022693,-1.8557,0.3924,0.3591,1.930
19.072412231,-1.7795,0.5679,0.3952,1.909
19.075057231,-1.6725,0.7652,0.3835,1.879
19.07857377,-1.5626,0.9797,0.3439,1.876
19.081744924,-1.4616,1.2082,0.2902,1.918
19.082550155,-1.3781,1.4337,0.2325,2.002
19.084952616,-1.3151,1.6567,0.1421,2.120
19.087174385,-1.2469,1.8365,0.0591,2.221
19.089473231,-1.1736,1.9753,-0.0163,2.298
19.09199877,-1.0866,2.0674,-0.0767,2.337
19.095315924,-0.9920,2.1188,-0.1344,2.343
19.097808539,-0.8839,2.1344,-0.1913,2.318
19.099150462,-0.7670,2.1281,-0.2364,2.274
19.10183877,-0.6428,2.1087,-0.2827,2.223
19.104152308,-0.5173,2.0820,-0.3381,2.172
19.106362385,-0.3966,2.0501,-0.3829,2.123
19.109097462,-0.2853,2.0200,-0.3972,2.078
19.111812847,-0.1905,1.9900,-0.3789,2.035
19.114076539,-0.1152,1.9627,-0.3564,1.998
19.116431616,-0.0630,1.9264,-0.3259,1.955
19.118832616,-0.0378,1.8861,-0.2965,1.910
19.121744924,-0.0346,1.8323,-0.2824,1.854
19.123349539,-0.0522,1.7750,-0.2939,1.800
19.125832924,-0.0917,1.7161,-0.3222,1.749
19.129080231,-0.1443,1.6516,-0.3462,1.694
19.130551693,-0.2100,1.5932,-0.3518,1.645
19.133375001,-0.2780,1.5316,-0.3328,1.592
19.135580924,-0.3446,1.4733,-0.2961,1.542
19.137812539,-0.4028,1.4097,-0.2550,1.488
19.140170155,-0.4507,1.3464,-0.2245,1.438
19.142923078,-0.4966,1.2870,-0.2126,1.396
19.145415385,-0.5322,1.2238,-0.2152,1.352
19.147372308,-0.5625,1.1598,-0.2243,1.308
19.150117847,-0.5838,1.0941,-0.2255,1.260
19.15235377,-0.5929,1.0249,-0.2098,1.202
19.158152539,-0.5923,0.9546,-0.1828,1.138
19.15876677,-0.5853,0.8813,-0.1549,1.069
19.159775616,-0.5743,0.8097,-0.1414,1.003
19.165083385,-0.5762,0.7477,-0.1509,0.956
19.165432847,-0.5792,0.6941,-0.1583,0.918
19.166564308,-0.5811,0.6255,-0.1707,0.871
19.178525231,-0.5762,0.5661,-0.2077,0.834
19.179983385,-0.5846,0.5170,-0.2485,0.819
19.180631693,-0.5907,0.4545,-0.2932,0.801
19.181179385,-0.5997,0.3811,-0.3161,0.778
19.181711078,-0.6227,0.3128,-0.3268,0.770
19.182109539,-0.6566,0.2521,-0.3335,0.778
19.183839078,-0.7008,0.1926,-0.3506,0.807
19.186975693,-0.7526,0.1391,-0.3787,0.854
19.188596231,-0.8064,0.0890,-0.3999,0.905
19.190932847,-0.8646,0.0476,-0.4027,0.955
19.193270078,-0.9156,0.0096,-0.3994,0.999
19.195788616,-0.9789,-0.0218,-0.3743,1.048
19.198130155,-1.0427,-0.0519,-0.3168,1.091
19.200757155,-1.1064,-0.0812,-0.2443,1.136
19.203346462,-1.1755,-0.1108,-0.1959,1.197
19.206099693,-1.2513,-0.1518,-0.1835,1.274
19.208594693,-1.3268,-0.2000,-0.2133,1.359
19.211470385,-1.3861,-0.2447,-0.2719,1.434
19.212596847,-1.4480,-0.2899,-0.3454,1.517
19.215159385,-1.4963,-0.3253,-0.4246,1.589
19.217444231,-1.5179,-0.3502,-0.4612,1.625
19.219997462,-1.4968,-0.3576,-0.4523,1.604
19.222174078,-1.4336,-0.3446,-0.4024,1.528
19.224759078,-1.3324,-0.3155,-0.2949,1.401
19.227762462,-1.1974,-0.2791,-0.1519,1.239
19.229404308,-1.0380,-0.2412,0.0085,1.066
19.231949155,-0.8655,-0.2058,0.1697,0.906
19.234331385,-0.6901,-0.1774,0.3168,0.780
19.236999693,-0.5161,-0.1582,0.4387,0.696
19.239151385,-0.3488,-0.1471,0.5173,0.641
19.241764231,-0.1961,-0.1394,0.5667,0.616
19.248019078,-0.0686,-0.1250,0.5878,0.605
19.248956539,0.0158,-0.1166,0.5701,0.582
19.249407001,0.0892,-0.1061,0.5352,0.553
19.251058462,0.1341,-0.0835,0.4592,0.486
19.256400616,0.1651,-0.0600,0.3540,0.395
19.257063924,0.1889,-0.0302,0.2452,0.311
19.258370078,0.2018,-0.0003,0.1402,0.246
19.267579308,0.2003,0.0350,0.0373,0.207
19.268027001,0.1742,0.0892,-0.0328,0.198
19.268412001,0.1495,0.1410,-0.1078,0.232
19.268594078,0.1178,0.1940,-0.1644,0.280
19.270420924,0.0818,0.2468,-0.2082,0.333
19.272973155,0.0377,0.2964,-0.2360,0.381
19.277739308,-0.0080,0.3487,-0.2485,0.428
19.278951616,-0.0566,0.3968,-0.2469,0.471
19.28020277,-0.1106,0.4376,-0.2426,0.512
19.282549462,-0.1712,0.4725,-0.2380,0.556
19.285223001,-0.2337,0.5048,-0.2250,0.600
19.287310385,-0.2892,0.5314,-0.2077,0.640
19.289696539,-0.3324,0.5637,-0.1935,0.682
19.29227477,-0.3740,0.5876,-0.1683,0.717
19.294624001,-0.4167,0.6106,-0.1446,0.753
19.296965462,-0.4639,0.6323,-0.1197,0.793
19.299511078,-0.5007,0.6497,-0.0852,0.825
19.302107693,-0.5173,0.6704,-0.0312,0.847
19.304119078,-0.5168,0.6912,0.0498,0.865
19.306548847,-0.5166,0.7110,0.0926,0.884
19.310359385,-0.5184,0.7288,0.1079,0.901
19.312253155,-0.5098,0.7347,0.1182,0.902
19.313784924,-0.4979,0.7417,0.1245,0.902
19.317053155,-0.4922,0.7518,0.1280,0.908
19.319572231,-0.4753,0.7540,0.1262,0.900
19.320998462,-0.4529,0.7571,0.1313,0.892
19.323823308,-0.4551,0.7638,0.1255,0.898
19.326502462,-0.4678,0.7601,0.1084,0.899
19.328677231,-0.4770,0.7579,0.1071,0.902
19.330739616,-0.4837,0.7589,0.1038,0.906
19.33322277,-0.4809,0.7608,0.1111,0.907
19.335481462,-0.4821,0.7557,0.1059,0.903
19.338077847,-0.4981,0.7571,0.0971,0.911
19.340480924,-0.5233,0.7628,0.0825,0.929
19.347579693,-0.5560,0.7671,0.0612,0.949
19.348437155,-0.5943,0.7696,0.0344,0.973
19.34891777,-0.6381,0.7723,0.0065,1.002
19.350471693,-0.6847,0.7711,-0.0176,1.031
19.360207001,-0.7290,0.7640,-0.0393,1.057
19.36120977,-0.7710,0.7562,-0.0586,1.082
19.361516924,-0.8089,0.7459,-0.0633,1.102
19.361875078,-0.8489,0.7393,-0.0647,1.128
19.362200001,-0.8873,0.7371,-0.0666,1.155
19.364890462,-0.9217,0.7317,-0.0699,1.179
19.367512231,-0.9533,0.7322,-0.0647,1.204
19.369487001,-0.9664,0.7317,-0.0466,1.213
19.371613155,-0.9686,0.7261,-0.0242,1.211
19.374077155,-0.8814,0.6885,-0.0026,1.118
19.376370693,-0.8569,0.6930,0.0432,1.103
19.379100539,-0.8271,0.7027,0.0329,1.086
19.381288539,-0.7835,0.7054,-0.0117,1.054
19.383652924,-0.7267,0.7073,0.0131,1.014
19.386067308,-0.6693,0.7098,0.0444,0.977
19.388460924,-0.6081,0.7130,0.0375,0.938
19.390867385,-0.5480,0.7198,0.0285,0.905
19.393403385,-0.4949,0.7296,0.0373,0.882
19.39594977,-0.4546,0.7405,0.0326,0.870
19.398140924,-0.4133,0.7571,0.0129,0.863
19.401130693,-0.3889,0.7853,-0.0046,0.876
19.402983078,-0.3681,0.8134,-0.0200,0.893
19.405828539,-0.3466,0.8390,-0.0501,0.909
19.408254078,-0.3297,0.8691,-0.0840,0.933
19.412417231,-0.3326,0.9020,-0.1013,0.967
19.413991693,-0.3461,0.9355,-0.1285,1.006
19.415248847,-0.3600,0.9607,-0.1719,1.040
19.41776677,-0.3822,0.9825,-0.1954,1.072
19.420220616,-0.4024,1.0019,-0.2164,1.101
19.422617539,-0.4245,1.0137,-0.2443,1.126
19.425022385,-0.4480,1.0228,-0.2680,1.148
19.428274385,-0.4658,1.0273,-0.2844,1.163
19.42986977,-0.4809,1.0313,-0.2978,1.176
19.432663616,-0.4966,1.0317,-0.3100,1.186
19.434481847,-0.5098,1.0303,-0.3130,1.191
19.436868616,-0.5222,1.0301,-0.3119,1.196
19.439144231,-0.5330,1.0269,-0.3105,1.198
19.442161155,-0.5418,1.0208,-0.3115,1.197
19.444004539,-0.5482,1.0196,-0.2937,1.194
19.447338385,-0.5562,1.0171,-0.2732,1.191
19.449198078,-0.5616,1.0142,-0.2538,1.187
19.455195308,-0.5648,1.0119,-0.2323,1.182
19.456055001,-0.5669,1.0096,-0.2033,1.176
19.457198693,-0.5762,1.0122,-0.1823,1.179
19.466616308,-0.5804,1.0105,-0.1710,1.178
19.467483001,-0.5860,1.0122,-0.1707,1.182
19.467868001,-0.5846,1.0068,-0.1647,1.176
19.468129539,-0.5827,1.0054,-0.1586,1.173
19.468398693,-0.5790,1.0084,-0.1458,1.172
19.470422693,-0.5772,1.0166,-0.1463,1.178
19.472898078,-0.5767,1.0261,-0.1456,1.186
19.476354078,-0.5726,1.0418,-0.1400,1.197
19.477736539,-0.5726,1.0555,-0.1373,1.209
19.480437231,-0.5704,1.0708,-0.1334,1.221
19.482630155,-0.5641,1.0816,-0.1327,1.227
19.484952308,-0.5584,1.0904,-0.1341,1.232
19.487317231,-0.5526,1.0995,-0.1321,1.238
19.489928616,-0.5423,1.1036,-0.1285,1.236
19.49822177,-0.5335,1.1007,-0.1234,1.229
19.499268847,-0.5186,1.0990,-0.1172,1.221
19.500255616,-0.5015,1.0846,-0.1069,1.200
19.500975078,-0.4805,1.0692,-0.0936,1.176
19.502090385,-0.4548,1.0503,-0.0769,1.147
19.504438078,-0.4231,1.0212,-0.0603,1.107
19.506808847,-0.3906,0.9923,-0.0459,1.067
19.509410078,-0.3554,0.9590,-0.0305,1.023
19.511407308,-0.3256,0.9299,-0.0214,0.985
19.514235924,-0.2882,0.9026,-0.0179,0.948
19.516467924,-0.2535,0.8742,-0.0200,0.910
19.518770385,-0.2264,0.8478,-0.0176,0.878
19.521067001,-0.2007,0.8290,-0.0205,0.853
19.524683693,-0.1890,0.8102,-0.0193,0.832
19.525809539,-0.1790,0.7987,-0.0122,0.819
19.528622155,-0.1785,0.7894,-0.0124,0.809
19.530939308,-0.1797,0.7796,-0.0127,0.800
19.533395385,-0.1888,0.7792,-0.0107,0.802
19.535663078,-0.1958,0.7796,-0.0032,0.804
19.538566385,-0.2144,0.7762,0.0011,0.805
19.541753462,-0.2369,0.7767,0.0026,0.812
19.542835001,-0.2594,0.7867,0.0050,0.828
19.545206078,-0.2794,0.7924,0.0143,0.840
19.547787385,-0.2934,0.7997,0.0188,0.852
19.55767877,-0.3007,0.8109,0.0260,0.865
19.558101155,-0.3078,0.8192,0.0127,0.875
19.558488308,-0.3121,0.8221,0.0058,0.879
19.558648616,-0.3088,0.8246,0.0055,0.881
19.559740847,-0.2911,0.8288,-0.0021,0.878
19.562028924,-0.2741,0.8346,-0.0124,0.879
19.564366078,-0.2555,0.8346,-0.0349,0.874
19.566942462,-0.2394,0.8341,-0.0638,0.870
19.569381539,-0.2224,0.8341,-0.0931,0.868
19.571727385,-0.2049,0.8307,-0.1167,0.864
19.576224539,-0.1824,0.8256,-0.1419,0.857
19.576595001,-0.1607,0.8209,-0.1598,0.852
19.579056231,-0.1320,0.8170,-0.1710,0.845
19.582061847,-0.1008,0.8097,-0.1763,0.835
19.58370677,-0.0784,0.8021,-0.1788,0.826
19.586288231,-0.0588,0.7958,-0.1752,0.817
19.589119078,-0.0432,0.7860,-0.1649,0.804
19.592317231,-0.0324,0.7760,-0.1500,0.791
19.593661155,-0.0283,0.7671,-0.1395,0.780
19.596319001,-0.0239,0.7606,-0.1265,0.771
19.599171385,-0.0334,0.7584,-0.1097,0.767
19.600751924,-0.0442,0.7526,-0.1048,0.761
19.603256539,-0.0612,0.7459,-0.0967,0.755
19.605703616,-0.0808,0.7433,-0.0901,0.753
19.607861155,-0.1133,0.7510,-0.0820,0.764
19.610698155,-0.1462,0.7647,-0.0767,0.782
19.613011308,-0.1781,0.7767,-0.0759,0.800
19.615563001,-0.2110,0.7899,-0.0747,0.821
19.617964539,-0.2391,0.8031,-0.0740,0.841
19.620228001,-0.2704,0.8197,-0.0755,0.866
19.622543385,-0.2960,0.8356,-0.0743,0.890
19.624882385,-0.3207,0.8517,-0.0831,0.914
19.627360308,-0.3351,0.8668,-0.0882,0.934
19.630169847,-0.3483,0.8815,-0.0929,0.952
19.632716924,-0.3584,0.8977,-0.0945,0.971
19.634680616,-0.3605,0.9145,-0.0957,0.988
19.637350385,-0.3559,0.9313,-0.0933,1.001
19.641336616,-0.3488,0.9509,-0.0872,1.017
19.642638078,-0.3337,0.9632,-0.0762,1.022
19.64421377,-0.3078,0.9656,-0.0682,1.016
19.646608001,-0.2887,0.9861,-0.0398,1.028
19.64914977,-0.2625,1.0022,-0.0254,1.036
19.651421462,-0.2374,1.0091,-0.0134,1.037
19.654032616,-0.2140,1.0161,-0.0090,1.038
19.660454385,-0.1890,1.0212,-0.0110,1.039
19.661244308,-0.1697,1.0261,-0.0186,1.040
19.661584924,-0.1575,1.0284,-0.0312,1.041
19.663576231,-0.1416,1.0347,-0.0489,1.045
19.670538462,-0.1318,1.0398,-0.0782,1.051
19.670993231,-0.1218,1.0410,-0.0985,1.053
19.671292924,-0.1184,1.0457,-0.1006,1.057
19.68190577,-0.1164,1.0471,-0.1094,1.059
19.682271078,-0.1128,1.0491,-0.1127,1.061
19.682431924,-0.1082,1.0471,-0.1104,1.058
19.682623693,-0.0994,1.0459,-0.1139,1.057
19.683039693,-0.0886,1.0369,-0.1183,1.047
19.685155693,-0.0796,1.0252,-0.1160,1.035
19.68746677,-0.0619,1.0200,-0.0978,1.027
19.690282462,-0.0610,1.0245,-0.0792,1.029
19.692290078,-0.0728,1.0217,-0.1074,1.030
19.694737462,-0.0954,1.0191,-0.2059,1.044
19.698233231,-0.1389,1.0137,-0.3235,1.073
19.699790693,-0.1802,0.9734,-0.4630,1.093
19.702390462,-0.1966,0.8928,-0.6051,1.096
19.705020231,-0.1858,0.7962,-0.7698,1.123
19.707224231,-0.1676,0.7147,-0.9843,1.228
19.70972277,-0.1460,0.6716,-1.2267,1.406
19.711910462,-0.1294,0.6856,-1.2912,1.468
19.714708308,-0.1089,0.7652,-1.0999,1.344
19.716569155,-0.0666,0.8686,-0.7588,1.155
19.719032308,-0.0309,0.9588,-0.4241,1.049
19.722468001,-0.0111,1.0257,-0.1339,1.034
19.724579924,-0.0288,1.0794,0.0930,1.084
19.726915001,-0.0973,1.1368,0.3244,1.186
19.729064539,-0.2374,1.2257,0.5746,1.374
19.731241231,-0.3877,1.3174,0.7823,1.580
19.733939001,-0.5054,1.4224,0.8533,1.734
19.736484231,-0.5692,1.4928,0.7441,1.762
19.73877777,-0.5625,1.5053,0.5718,1.706
19.74092577,-0.4995,1.4933,0.4218,1.630
19.743037539,-0.4080,1.4677,0.2824,1.549
19.745827924,-0.2997,1.4593,0.1716,1.500
19.748378078,-0.1651,1.4522,0.1436,1.469
19.750935693,-0.0075,1.4327,0.2054,1.447
19.753036616,0.1537,1.4107,0.2909,1.449
19.755262693,0.2712,1.4165,0.2775,1.469
19.76098177,0.3731,1.4263,0.1333,1.480
19.761498155,0.4427,1.4395,-0.0960,1.509
19.763109231,0.4826,1.4496,-0.3359,1.564
19.772755308,0.4989,1.4547,-0.5553,1.635
19.773741155,0.4906,1.4820,-0.7405,1.728
19.773944616,0.4964,1.5192,-0.8221,1.797
19.774108231,0.4959,1.5947,-0.7620,1.836
19.774600924,0.4971,1.7032,-0.6543,1.891
19.776908847,0.5238,1.8288,-0.5343,1.976
19.780387001,0.5944,1.9634,-0.3941,2.089
19.782128231,0.7209,2.0990,-0.2676,2.235
19.784043078,0.8299,2.2378,-0.2106,2.396
19.786573847,0.9555,2.3664,-0.1856,2.559
19.788858078,1.1267,2.4500,-0.1307,2.700
19.791280616,1.2529,2.5003,-0.1139,2.799
19.793852001,1.3203,2.5458,-0.1097,2.870
19.796968847,1.3801,2.6049,-0.0601,2.949
19.798515308,1.4253,2.6536,-0.1153,3.014
19.801144231,1.4390,2.6564,-0.2071,3.028
19.803735693,1.4444,2.6357,-0.2524,3.016
19.805952616,1.4158,2.5873,-0.2336,2.959
19.808240616,1.3706,2.5062,-0.1947,2.863
19.811040231,1.2860,2.3880,-0.1074,2.714
19.813876308,1.1551,2.2355,-0.0132,2.516
19.815424308,0.9888,2.0728,0.0568,2.297
19.817944308,0.8074,1.8905,0.1125,2.059
19.820399001,0.6799,1.7083,0.1131,1.842
19.822865462,0.4838,1.5583,0.1167,1.636
19.825046385,0.2893,1.4214,0.1050,1.454
19.827688924,0.0945,1.2839,0.0742,1.289
19.830265847,-0.0926,1.1549,-0.0235,1.159
19.832335693,-0.2902,1.0310,-0.1544,1.082
19.834691924,-0.5205,0.9064,-0.2946,1.086
19.837421231,-0.6887,0.7682,-0.4430,1.123
19.839687078,-0.8464,0.5945,-0.5763,1.184
19.842070385,-0.9623,0.4571,-0.6012,1.223
19.844734155,-1.0634,0.3509,-0.5932,1.267
19.847074385,-1.1333,0.2570,-0.5397,1.281
19.849249231,-1.2386,0.1679,-0.5378,1.361
19.851709231,-1.3478,0.0926,-0.5169,1.446
19.858355001,-1.4802,0.0242,-0.5231,1.570
19.858776924,-1.6009,-0.0267,-0.4873,1.674
19.859123385,-1.6974,-0.0570,-0.4483,1.757
19.861711385,-1.7763,-0.0626,-0.4285,1.828
19.872943616,-1.8289,-0.0331,-0.4136,1.875
19.873968616,-1.8326,-0.0045,-0.4180,1.880
19.874392539,-1.8040,0.0396,-0.4353,1.856
19.874643385,-1.7544,0.1000,-0.4605,1.817
19.874867001,-1.6898,0.1784,-0.4798,1.766
19.877042693,-1.6332,0.2803,-0.4808,1.725
19.880807385,-1.5806,0.3921,-0.4444,1.688
19.881557231,-1.5369,0.4948,-0.3916,1.661
19.88303477,-1.4944,0.5903,-0.3315,1.641
19.885429155,-1.4521,0.6707,-0.2756,1.623
19.887921155,-1.4020,0.7324,-0.2431,1.600
19.890162078,-1.3519,0.7760,-0.2269,1.575
19.892776616,-1.2941,0.8023,-0.2250,1.539
19.89627077,-1.2219,0.8180,-0.2333,1.489
19.897456924,-1.1436,0.8293,-0.2485,1.434
19.899802155,-1.0561,0.8400,-0.2518,1.373
19.90232577,-0.9608,0.8502,-0.2560,1.308
19.904765539,-0.8601,0.8642,-0.2685,1.248
19.906977539,-0.7521,0.8835,-0.3035,1.199
19.909633847,-0.6447,0.9111,-0.3545,1.171
19.913360847,-0.5426,0.9473,-0.4085,1.166
19.914765155,-0.4446,0.9937,-0.4512,1.178
19.916762155,-0.3507,1.0526,-0.4901,1.213
19.919343001,-0.2608,1.1175,-0.5241,1.262
19.921669155,-0.1814,1.1879,-0.5436,1.319
19.924510693,-0.1074,1.2509,-0.5472,1.370
19.926539385,-0.0351,1.3049,-0.5472,1.415
19.929381847,0.0440,1.3709,-0.5399,1.474
19.931120847,0.1118,1.4442,-0.5172,1.538
19.933717462,0.1717,1.5011,-0.4698,1.582
19.936183308,0.2101,1.5565,-0.3990,1.621
19.938975616,0.2453,1.5866,-0.3266,1.638
19.940987693,0.2744,1.6017,-0.2443,1.643
19.943857539,0.3115,1.5807,-0.1617,1.619
19.946055308,0.3445,1.5307,-0.1018,1.572
19.948155616,0.3124,1.4615,-0.0654,1.496
19.950911001,0.2482,1.3806,-0.0471,1.404
19.957877539,0.1600,1.2917,-0.0545,1.303
19.95884677,0.0720,1.2015,-0.0897,1.207
19.959226385,-0.0078,1.1205,-0.1409,1.129
19.961119078,-0.0852,1.0406,-0.1886,1.061
19.968779924,-0.1667,0.9729,-0.2311,1.014
19.969461462,-0.2574,0.9091,-0.2634,0.981
19.969700232,-0.3530,0.8607,-0.2788,0.971
19.970172924,-0.4406,0.8107,-0.2917,0.968
19.972060001,-0.5228,0.7701,-0.2841,0.973
19.974357847,-0.5953,0.7550,-0.2704,0.999
19.978751693,-0.6628,0.7398,-0.2518,1.025
19.979954462,-0.7076,0.7417,-0.2220,1.049
19.982537232,-0.7248,0.7506,-0.1873,1.060
19.984208616,-0.7194,0.7655,-0.1505,1.061
19.986852539,-0.6992,0.7836,-0.1127,1.056
19.989452924,-0.6593,0.8099,-0.0840,1.048
19.991987693,-0.6065,0.8327,-0.0647,1.032
19.994076924,-0.5418,0.8549,-0.0522,1.013
19.996277847,-0.4776,0.8705,-0.0479,0.994
19.998788539,-0.4059,0.8845,-0.0620,0.975
20.001416847,-0.3430,0.8942,-0.0828,0.961
20.003796001,-0.2850,0.9050,-0.1118,0.955
20.006109539,-0.2371,0.9108,-0.1373,0.951
20.008705232,-0.1946,0.9140,-0.1566,0.947
20.01082577,-0.1648,0.9174,-0.1693,0.947
20.013294693,-0.1450,0.9194,-0.1735,0.947
20.015739001,-0.1411,0.9201,-0.1754,0.947
20.018191001,-0.1348,0.9174,-0.1749,0.944
20.020494462,-0.1392,0.9143,-0.1732,0.941
20.023014078,-0.1478,0.9106,-0.1749,0.939
20.025611308,-0.1553,0.9079,-0.1805,0.939
20.028097462,-0.1680,0.9082,-0.1891,0.943
20.029937232,-0.1785,0.9006,-0.1986,0.939
20.032702078,-0.1849,0.8998,-0.2066,0.942
20.035519616,-0.1853,0.8998,-0.2077,0.942
20.038246155,-0.1819,0.8938,-0.2079,0.935
20.039724232,-0.1793,0.8920,-0.2122,0.934
20.042267308,-0.1695,0.8866,-0.2091,0.927
20.04465877,-0.1614,0.8847,-0.2028,0.922
20.047155078,-0.1567,0.8869,-0.1915,0.921
20.049894385,-0.1416,0.8922,-0.1756,0.920
20.051842693,-0.1294,0.8977,-0.1595,0.921
20.057988924,-0.1174,0.9077,-0.1500,0.927
20.05853877,-0.1066,0.9194,-0.1307,0.935
20.059227693,-0.0940,0.9252,-0.1139,0.937
20.069054693,-0.0857,0.9392,-0.1026,0.949
20.070141539,-0.0793,0.9492,-0.1041,0.958
20.070399308,-0.0817,0.9541,-0.1160,0.965
20.07083477,-0.0825,0.9580,-0.1253,0.970
20.07122977,-0.0915,0.9678,-0.1348,0.981
20.073638693,-0.1047,0.9688,-0.1378,0.984
20.076068539,-0.1192,0.9695,-0.1427,0.987
20.078739078,-0.1369,0.9670,-0.1534,0.989
20.080635385,-0.1651,0.9599,-0.1756,0.990
20.083818385,-0.1951,0.9497,-0.1945,0.989
20.085687693,-0.2196,0.9429,-0.2050,0.990
20.08786977,-0.2466,0.9355,-0.2091,0.990
20.090391924,-0.2733,0.9311,-0.2120,0.993
20.093073232,-0.2927,0.9274,-0.2087,0.995
20.095754693,-0.3080,0.9292,-0.1994,0.999
20.098144924,-0.3136,0.9318,-0.1856,1.001
20.099984308,-0.3127,0.9338,-0.1732,1.000
20.102803616,-0.3036,0.9360,-0.1581,0.997
20.104769462,-0.2874,0.9350,-0.1465,0.989
20.107527078,-0.2738,0.9331,-0.1405,0.982
20.109796539,-0.2545,0.9277,-0.1407,0.972
20.112026385,-0.2330,0.9169,-0.1476,0.958
20.114309462,-0.2175,0.9040,-0.1647,0.944
20.116970385,-0.1998,0.8847,-0.1774,0.924
20.119370155,-0.1898,0.8635,-0.1781,0.902
20.121833539,-0.1783,0.8353,-0.1710,0.871
20.124111693,-0.1760,0.7997,-0.1656,0.835
20.127356616,-0.1805,0.7601,-0.1698,0.799
20.128924847,-0.1932,0.7122,-0.1786,0.759
20.131335616,-0.2128,0.6578,-0.1893,0.717
20.133752539,-0.2398,0.6045,-0.2184,0.686
20.136276616,-0.2813,0.5558,-0.2487,0.671
20.13864177,-0.3317,0.5136,-0.2778,0.672
20.141410693,-0.3906,0.4831,-0.2885,0.685
20.147545539,-0.4429,0.4662,-0.2726,0.698
20.148179924,-0.4986,0.4591,-0.2389,0.719
20.148554385,-0.5452,0.4615,-0.1994,0.742
20.150756232,-0.5897,0.4738,-0.1651,0.774
20.156226385,-0.6217,0.4913,-0.1478,0.806
20.156605847,-0.6442,0.5121,-0.1465,0.836
20.158159385,-0.6515,0.5344,-0.1602,0.858
20.168139616,-0.6503,0.5654,-0.1812,0.881
20.168942462,-0.6432,0.6069,-0.2001,0.907
20.169328616,-0.6312,0.6562,-0.2120,0.935
20.169526462,-0.6144,0.7144,-0.2159,0.967
20.169937847,-0.5963,0.7792,-0.2131,1.004
20.172589462,-0.5775,0.8483,-0.1947,1.044
20.175105847,-0.5487,0.9138,-0.1693,1.079
20.178034078,-0.5228,0.9753,-0.1465,1.116
20.179460232,-0.4971,1.0313,-0.1363,1.153
20.182145155,-0.4670,1.0733,-0.1419,1.179
20.184658385,-0.4443,1.1016,-0.1666,1.199
20.186685155,-0.4172,1.1126,-0.2062,1.206
20.189347693,-0.3959,1.1183,-0.2404,1.210
20.191647078,-0.3805,1.1119,-0.2763,1.207
20.19453477,-0.3596,1.0970,-0.2968,1.192
20.196475001,-0.3430,1.0846,-0.3014,1.177
20.199212847,-0.3334,1.0676,-0.2804,1.153
20.201869155,-0.3258,1.0431,-0.2609,1.123
20.203647924,-0.3202,1.0130,-0.2374,1.089
20.206315693,-0.3200,0.9688,-0.2155,1.043
20.208672308,-0.3195,0.9136,-0.2013,0.989
20.211055078,-0.3200,0.8475,-0.1986,0.927
20.213928001,-0.3281,0.7755,-0.2062,0.867
20.21619377,-0.3446,0.7098,-0.2245,0.820
20.21869077,-0.3689,0.6387,-0.2460,0.777
20.220495385,-0.4008,0.5724,-0.2680,0.748
20.223175616,-0.4399,0.5118,-0.2780,0.730
20.226437462,-0.4898,0.4586,-0.2800,0.727
20.227731308,-0.5459,0.4174,-0.2736,0.740
20.230178693,-0.6051,0.3811,-0.2658,0.763
20.232756539,-0.6624,0.3567,-0.2648,0.798
20.235175385,-0.7243,0.3311,-0.2711,0.841
20.237375924,-0.7795,0.3231,-0.2732,0.887
20.240072308,-0.8325,0.3231,-0.2695,0.933
20.242929155,-0.8694,0.3420,-0.2478,0.967
20.244966078,-0.9021,0.3787,-0.2152,1.002
20.247600924,-0.9198,0.4263,-0.1844,1.030
20.249705847,-0.9222,0.4857,-0.1509,1.053
20.252423924,-0.9081,0.5481,-0.1158,1.067
20.25479377,-0.8775,0.6062,-0.0918,1.070
20.257219385,-0.8382,0.6609,-0.0767,1.070
20.264246385,-0.7966,0.6988,-0.0747,1.062
20.265020616,-0.7560,0.7215,-0.0943,1.049
20.265528001,-0.7131,0.7279,-0.1265,1.027
20.266644232,-0.6776,0.7242,-0.1715,1.007
20.277170385,-0.6530,0.7176,-0.2240,0.996
20.277992232,-0.6375,0.7100,-0.2611,0.989
20.278284847,-0.6342,0.7086,-0.2770,0.990
20.278540232,-0.6366,0.7235,-0.2716,1.001
20.27871077,-0.6463,0.7562,-0.2504,1.026
20.281631616,-0.6659,0.8048,-0.2215,1.068
20.286642155,-0.6835,0.8749,-0.1866,1.126
20.287169539,-0.7048,0.9651,-0.1612,1.206
20.288810155,-0.7172,1.0843,-0.1509,1.309
20.290776924,-0.7314,1.2234,-0.1378,1.432
20.29278577,-0.7363,1.3753,-0.1381,1.566
20.295615693,-0.7360,1.5297,-0.1549,1.705
20.29786577,-0.7172,1.6819,-0.1737,1.837
20.300597462,-0.6906,1.8388,-0.1820,1.973
20.302435385,-0.6577,1.9824,-0.1949,2.098
20.305326462,-0.6109,2.0978,-0.2157,2.196
20.307624924,-0.5667,2.1740,-0.2421,2.260
20.310356616,-0.5161,2.2106,-0.2697,2.286
20.312537539,-0.4604,2.1979,-0.2919,2.264
20.315018078,-0.4033,2.1356,-0.3030,2.194
20.317589539,-0.3479,2.0298,-0.3119,2.083
20.319405462,-0.3009,1.8828,-0.3315,1.935
20.321955078,-0.2816,1.7107,-0.3476,1.768
20.325759385,-0.2865,1.5302,-0.3640,1.599
20.326615001,-0.3324,1.3711,-0.3726,1.459
20.329249155,-0.4008,1.2467,-0.3906,1.367
20.331535924,-0.4914,1.1635,-0.4176,1.330
20.33404177,-0.5907,1.1253,-0.4388,1.345
20.337360001,-0.6931,1.1278,-0.4505,1.398
20.338953462,-0.7900,1.1591,-0.4583,1.476
20.342192539,-0.8646,1.2089,-0.4605,1.556
20.343482462,-0.9178,1.2597,-0.4514,1.623
20.346185847,-0.9449,1.3044,-0.4212,1.665
20.348631001,-0.9530,1.3406,-0.3857,1.689
20.351458078,-0.9408,1.3582,-0.3564,1.690
20.353407001,-0.9166,1.3545,-0.3373,1.670
20.355878078,-0.8951,1.3345,-0.3254,1.640
20.362628001,-0.8706,1.2912,-0.3196,1.590
20.363398693,-0.8475,1.2434,-0.3279,1.540
20.363883385,-0.8296,1.1850,-0.3413,1.486
20.375704924,-0.8206,1.1197,-0.3391,1.429
20.376507924,-0.8126,1.0523,-0.3037,1.364
20.376877539,-0.7940,0.9778,-0.2583,1.286
20.377199308,-0.7791,0.9033,-0.2502,1.219
20.377487924,-0.7725,0.8361,-0.2772,1.172
20.377656232,-0.7661,0.7669,-0.3401,1.136
20.380329539,-0.7472,0.6839,-0.4062,1.091
20.382708924,-0.7167,0.6003,-0.4617,1.043
20.384283001,-0.6989,0.5393,-0.4999,1.014
20.387560924,-0.6869,0.4989,-0.5309,1.001
20.391428924,-0.6740,0.4566,-0.5480,0.981
20.392305155,-0.6519,0.4098,-0.5458,0.944
20.394020847,-0.6444,0.3767,-0.5329,0.917
20.396467308,-0.6430,0.3613,-0.5035,0.893
20.399229155,-0.6459,0.3494,-0.4659,0.870
20.40152277,-0.6442,0.3359,-0.4232,0.841
20.403973539,-0.6412,0.3138,-0.3887,0.813
20.406351616,-0.6439,0.2868,-0.3518,0.788
20.40878177,-0.6591,0.2502,-0.3249,0.776
20.411326693,-0.6759,0.2121,-0.3161,0.776
20.413923078,-0.7080,0.1682,-0.3286,0.798
20.416170693,-0.7609,0.1212,-0.3354,0.840
20.418316232,-0.8320,0.0855,-0.3305,0.899
20.420878462,-0.9214,0.0657,-0.3393,0.984
20.423222693,-1.0178,0.0599,-0.3633,1.082
20.425628308,-1.1061,0.0665,-0.3987,1.178
20.427999693,-1.1729,0.0855,-0.4031,1.243
20.430575078,-1.2002,0.1034,-0.3804,1.263
20.433069462,-1.1819,0.1090,-0.3462,1.236
20.43604977,-1.1304,0.1109,-0.2963,1.174
20.438104308,-1.0637,0.1070,-0.2152,1.090
20.44072577,-0.9869,0.0951,-0.1131,0.998
20.442295693,-0.8944,0.0818,0.0023,0.898
20.444938078,-0.7942,0.0648,0.1162,0.805
20.447635693,-0.6869,0.0447,0.2012,0.717
20.449928924,-0.5680,0.0279,0.2652,0.627
20.452370462,-0.4483,0.0181,0.3075,0.544
20.454730385,-0.3346,0.0086,0.3314,0.471
20.46222277,-0.2273,0.0061,0.3395,0.409
20.462937462,-0.1329,0.0079,0.3190,0.346
20.463711001,-0.0498,0.0217,0.2711,0.277
20.471682385,0.0163,0.0403,0.2066,0.211
20.472301539,0.0608,0.0711,0.1392,0.168
20.472564847,0.0801,0.1125,0.0630,0.152
20.472773232,0.0948,0.1561,-0.0086,0.183
20.482848001,0.0897,0.2106,-0.0545,0.235
20.483631616,0.0857,0.2649,-0.0899,0.293
20.483916308,0.0733,0.3140,-0.1180,0.343
20.484094693,0.0657,0.3616,-0.1321,0.391
20.484283001,0.0577,0.4046,-0.1368,0.431
20.485937847,0.0513,0.4484,-0.1327,0.470
20.488375385,0.0371,0.4852,-0.1275,0.503
20.490747001,0.0276,0.5248,-0.1118,0.537
20.493258078,0.0156,0.5581,-0.1092,0.569
20.495559078,-0.0004,0.5920,-0.1029,0.601
20.498487308,-0.0227,0.6187,-0.0848,0.625
20.505979924,-0.0446,0.6485,-0.0782,0.655
20.506808232,-0.0624,0.6721,-0.0743,0.679
20.507441539,-0.0808,0.6919,-0.0776,0.701
20.507865847,-0.1008,0.7091,-0.0823,0.721
20.50976977,-0.1208,0.7273,-0.0845,0.742
20.512215078,-0.1404,0.7403,-0.0831,0.758
20.514778078,-0.1558,0.7552,-0.0769,0.775
20.517039924,-0.1685,0.7699,-0.0628,0.791
20.519621232,-0.1853,0.7838,-0.0449,0.807
20.52270577,-0.1924,0.7994,-0.0232,0.823
20.524331693,-0.2032,0.8158,-0.0005,0.841
20.526934693,-0.2142,0.8276,0.0127,0.855
20.529626078,-0.2208,0.8461,0.0281,0.875
20.531811924,-0.2217,0.8579,0.0321,0.887
20.533910385,-0.2423,0.8754,0.0349,0.909
20.536514385,-0.2757,0.8954,0.0326,0.937
20.539865462,-0.3070,0.9096,0.0167,0.960
20.541151924,-0.3342,0.9243,0.0092,0.983
20.543630078,-0.3705,0.9458,0.0405,1.017
20.546392001,-0.4209,0.9795,0.0566,1.068
20.548627616,-0.4814,1.0119,0.0612,1.122
20.55092177,-0.5310,1.0364,0.0579,1.166
20.553802078,-0.5692,1.0571,0.0502,1.202
20.558671693,-0.6060,1.0801,0.0628,1.240
20.559221539,-0.6432,1.1051,0.0764,1.281
20.560552616,-0.6796,1.1268,0.0830,1.319
20.563447385,-0.7238,1.1479,0.0805,1.359
20.565442462,-0.7875,1.1654,0.0749,1.409
20.567811693,-0.8149,1.1866,0.0617,1.441
20.570359385,-0.8445,1.2141,0.0833,1.481
20.577419078,-0.8658,1.2309,0.1143,1.509
20.577903078,-0.8848,1.2436,0.1411,1.533
20.578107308,-0.8927,1.2502,0.1560,1.544
20.580052616,-0.9000,1.2455,0.1751,1.547
20.582033539,-0.9058,1.2453,0.2000,1.553
20.584684001,-0.9058,1.2439,0.2115,1.553
20.587180847,-0.8988,1.2404,0.2191,1.547
20.589760001,-0.8834,1.2360,0.2333,1.537
20.591920539,-0.8726,1.2375,0.2528,1.535
20.594228924,-0.8589,1.2378,0.2640,1.530
20.597018462,-0.8282,1.2323,0.2620,1.508
20.598947308,-0.7964,1.2221,0.2413,1.479
20.601366462,-0.7673,1.2133,0.2261,1.453
20.603966462,-0.7380,1.2043,0.1998,1.426
20.606336616,-0.7069,1.1938,0.1609,1.397
20.608741539,-0.6779,1.1828,0.1373,1.370
20.611330462,-0.6488,1.1784,0.1018,1.349
20.614806078,-0.6202,1.1710,0.0628,1.327
20.616097232,-0.5927,1.1661,0.0136,1.308
20.618723616,-0.5692,1.1710,0.0000,1.302
20.623246462,-0.5382,1.1737,-0.0130,1.291
20.624629539,-0.5325,1.1943,-0.0163,1.308
20.626013462,-0.5096,1.1974,-0.0183,1.301
20.628477155,-0.4798,1.1994,-0.0207,1.292
20.631060001,-0.4465,1.2011,-0.0173,1.282
20.632864924,-0.4106,1.1908,-0.0078,1.260
20.635392232,-0.3820,1.1891,-0.0065,1.249
20.638813539,-0.3525,1.1864,-0.0068,1.238
20.640090155,-0.3188,1.1733,-0.0266,1.216
20.642722462,-0.2962,1.1720,-0.0261,1.209
20.646340924,-0.2704,1.1644,-0.0366,1.196
20.647867924,-0.2410,1.1598,-0.0528,1.186
20.649792001,-0.2179,1.1554,-0.0642,1.178
20.652139693,-0.2044,1.1556,-0.0675,1.175
20.656391001,-0.1979,1.1591,-0.0598,1.177
20.657193232,-0.1939,1.1654,-0.0598,1.183
20.65917477,-0.1954,1.1777,-0.0650,1.196
20.661864308,-0.1986,1.1806,-0.1421,1.206
20.664202693,-0.2179,1.1931,-0.1283,1.220
20.666504847,-0.2291,1.2204,-0.0156,1.242
20.669636539,-0.2403,1.2476,0.0324,1.271
20.675004308,-0.2706,1.2665,-0.0188,1.295
20.675463924,-0.3080,1.2825,-0.0626,1.320
20.676813155,-0.3525,1.3035,-0.0953,1.354
20.678795001,-0.3784,1.3064,-0.1153,1.365
20.681116232,-0.3789,1.2951,-0.1104,1.354
20.683647308,-0.3801,1.2800,-0.1116,1.340
20.686253155,-0.3971,1.2714,-0.1248,1.338
20.688518462,-0.4192,1.2702,-0.1263,1.344
20.691192847,-0.4297,1.2597,-0.1219,1.337
20.693880539,-0.4392,1.2488,-0.1239,1.330
20.695852308,-0.4570,1.2441,-0.1341,1.332
20.697998078,-0.4839,1.2436,-0.1304,1.341
20.700409462,-0.5130,1.2478,-0.1131,1.354
20.702992924,-0.5515,1.2556,-0.0874,1.374
20.705455924,-0.5934,1.2675,-0.0825,1.402
20.707723001,-0.6393,1.2807,-0.0638,1.433
20.711073462,-0.6833,1.2810,-0.0328,1.452
20.712938385,-0.7111,1.2781,-0.0119,1.463
20.714889232,-0.7343,1.2751,0.0104,1.471
20.717630078,-0.7572,1.2665,0.0326,1.476
20.71995477,-0.7763,1.2534,0.0434,1.475
20.722712308,-0.7851,1.2380,0.0488,1.467
20.724898078,-0.7879,1.2192,0.0493,1.452
20.727535308,-0.7805,1.1987,0.0481,1.431
20.729835308,-0.7702,1.1801,0.0493,1.410
20.731819385,-0.7568,1.1591,0.0532,1.385
20.734340847,-0.7329,1.1351,0.0561,1.352
20.73667777,-0.7116,1.1134,0.0537,1.322
20.739076924,-0.6828,1.0858,0.0558,1.284
20.74158677,-0.6535,1.0624,0.0493,1.248
20.744251078,-0.6230,1.0386,0.0370,1.212
20.746451001,-0.5941,1.0140,0.0190,1.175
20.748719001,-0.5625,0.9863,0.0095,1.136
20.751617847,-0.5328,0.9663,0.0011,1.103
20.757818385,-0.5145,0.9518,-0.0046,1.082
20.759013232,-0.5022,0.9424,-0.0065,1.068
20.759880232,-0.4942,0.9345,-0.0046,1.057
20.761436232,-0.4924,0.9318,-0.0046,1.054
20.768140308,-0.4842,0.9229,-0.0075,1.042
20.769242078,-0.4778,0.9211,-0.0388,1.038
20.769633847,-0.4732,0.9225,-0.0291,1.037
20.779124001,-0.4732,0.9208,-0.0198,1.035
20.779998155,-0.4776,0.9229,-0.0156,1.039
20.780264308,-0.4832,0.9280,-0.0170,1.046
20.780670155,-0.4935,0.9272,-0.0254,1.051
20.780997232,-0.5071,0.9269,-0.0388,1.057
20.782719385,-0.5215,0.9299,-0.0606,1.068
20.785374155,-0.5359,0.9353,-0.0820,1.081
20.787749462,-0.5464,0.9411,-0.1053,1.093
20.789596539,-0.5528,0.9409,-0.1272,1.099
20.793129462,-0.5573,0.9460,-0.1465,1.108
20.796076616,-0.5606,0.9487,-0.1700,1.115
20.796916847,-0.5589,0.9516,-0.1873,1.119
20.79999777,-0.5569,0.9580,-0.2006,1.126
20.801744001,-0.5515,0.9607,-0.2106,1.128
20.804228232,-0.5352,0.9639,-0.2147,1.123
20.806551385,-0.5215,0.9678,-0.2187,1.121
20.809070155,-0.5052,0.9724,-0.2220,1.118
20.811291693,-0.4873,0.9712,-0.2224,1.109
20.813809232,-0.4709,0.9712,-0.2191,1.101
20.816432232,-0.4529,0.9707,-0.2138,1.092
20.81876577,-0.4341,0.9692,-0.2054,1.082
20.821439693,-0.4194,0.9626,-0.1935,1.068
20.823566385,-0.4064,0.9580,-0.1884,1.058
20.826431616,-0.4020,0.9521,-0.1835,1.050
20.828975385,-0.4006,0.9474,-0.1889,1.046
20.83084577,-0.3982,0.9506,-0.2122,1.052
20.833364539,-0.3850,0.9521,-0.2226,1.051
20.835678462,-0.3696,0.9543,-0.2218,1.047
20.838561539,-0.3530,0.9509,-0.2152,1.037
20.840410155,-0.3381,0.9460,-0.2057,1.025
20.843271308,-0.3277,0.9434,-0.2126,1.021
20.849952308,-0.3151,0.9336,-0.2318,1.012
20.850728308,-0.2974,0.9280,-0.2526,1.007
20.851511616,-0.2772,0.9211,-0.2697,0.999
20.860167308,-0.2501,0.9167,-0.2734,0.989
20.860996924,-0.2198,0.9169,-0.2739,0.982
20.86116977,-0.1861,0.9245,-0.2709,0.981
20.861329232,-0.1509,0.9336,-0.2663,0.982
20.862326155,-0.1131,0.9455,-0.2529,0.985
20.864950078,-0.0626,0.9595,-0.2401,0.991
20.867504847,-0.0046,0.9707,-0.2271,0.997
20.870584308,0.0491,0.9988,-0.2131,1.022
20.871832539,0.0965,1.0330,-0.1933,1.055
20.874235385,0.1546,1.0618,-0.1624,1.085
20.876599616,0.2177,1.0882,-0.1383,1.118
20.878892539,0.2807,1.1109,-0.1178,1.152
20.881423616,0.3264,1.1349,-0.1192,1.187
20.883830462,0.3748,1.1605,-0.1226,1.226
20.886341539,0.4407,1.1766,-0.0945,1.260
20.889123001,0.5106,1.1928,-0.0586,1.299
20.891350155,0.5761,1.2187,-0.0371,1.349
20.894930693,0.6447,1.2404,0.0109,1.398
20.896298078,0.7127,1.2572,0.0004,1.445
20.898323308,0.8004,1.2665,-0.0073,1.498
20.900816308,0.8744,1.2910,0.0053,1.559
20.903192924,0.9245,1.3277,0.0234,1.618
20.905639693,0.9555,1.3734,0.0481,1.674
20.908460232,1.0061,1.4371,0.0798,1.756
20.910870078,1.0505,1.4931,0.1015,1.828
20.912801539,1.0638,1.5388,0.1069,1.874
20.915363693,1.0286,1.5597,0.1453,1.874
20.917645539,0.9382,1.5675,0.1944,1.837
20.920076616,0.8157,1.5561,0.2061,1.769
20.922644616,0.6774,1.5265,0.1790,1.680
20.924995693,0.5362,1.4742,0.1187,1.573
20.928567693,0.4097,1.4039,0.0393,1.463
20.929679924,0.2765,1.3382,-0.0400,1.367
20.932271078,0.1453,1.2590,-0.1297,1.274
20.934506462,0.0170,1.1747,-0.2147,1.194
20.936909232,-0.1091,1.0965,-0.2927,1.140
20.939287693,-0.2293,1.0230,-0.3606,1.109
20.942015616,-0.3461,0.9502,-0.4011,1.088
20.944796616,-0.4350,0.8942,-0.4183,1.079
20.946463616,-0.5215,0.8417,-0.4466,1.086
20.948916924,-0.5976,0.7899,-0.4976,1.108
20.952539616,-0.6684,0.7391,-0.5583,1.142
20.953810693,-0.7192,0.6905,-0.6208,1.174
20.956278155,-0.7373,0.6465,-0.6571,1.180
20.95894577,-0.7387,0.6206,-0.6655,1.172
20.965165462,-0.7236,0.5852,-0.7070,1.169
20.965860308,-0.6999,0.5651,-0.7295,1.158
20.966493232,-0.6798,0.5654,-0.7500,1.159
20.976742693,-0.6722,0.5835,-0.7612,1.171
20.977507308,-0.6869,0.6308,-0.7383,1.189
20.977831924,-0.6959,0.6844,-0.6865,1.193
20.978052847,-0.7246,0.7533,-0.6841,1.249
20.978529232,-0.7717,0.8374,-0.5636,1.271
20.98010577,-0.8054,0.9277,-0.3960,1.291
20.98348177,-0.8186,1.0181,-0.2434,1.329
20.987028539,-0.8198,1.0860,-0.0987,1.364
20.987984616,-0.8431,1.1463,-0.0608,1.424
20.990223693,-0.8477,1.1826,0.0127,1.455
20.993680924,-0.8238,1.1945,0.0784,1.453
20.995005847,-0.7721,1.1813,0.1223,1.417
20.997077847,-0.7036,1.1615,0.1604,1.367
20.999726155,-0.6373,1.1426,0.1788,1.321
21.002207616,-0.5931,1.1325,0.1846,1.292
21.004470462,-0.5573,1.1412,0.2061,1.287
21.006957462,-0.5208,1.1430,0.2007,1.272
21.010853539,-0.4786,1.1342,0.1788,1.244
21.011634155,-0.4382,1.1181,0.1506,1.210
21.014746078,-0.3987,1.0934,0.1113,1.169
21.017020616,-0.3637,1.0755,0.0574,1.137
21.01930577,-0.3277,1.0503,0.0048,1.100
21.022944001,-0.3004,1.0298,-0.0469,1.074
21.023676924,-0.2780,1.0128,-0.0962,1.055
21.026740847,-0.2489,0.9930,-0.1493,1.034
21.028487385,-0.2112,0.9776,-0.1864,1.017
21.031296847,-0.1829,0.9697,-0.1952,1.006
21.033684924,-0.1506,0.9585,-0.2030,0.991
21.036252924,-0.1138,0.9548,-0.2120,0.985
21.038365539,-0.0817,0.9490,-0.2206,0.978
21.040812616,-0.0461,0.9478,-0.2294,0.976
21.043050078,-0.0104,0.9504,-0.2509,0.983
21.045345232,0.0219,0.9495,-0.2714,0.988
21.047805155,0.0606,0.9551,-0.2925,1.001
21.050284308,0.0904,0.9604,-0.3115,1.014
21.052516616,0.1199,0.9692,-0.3261,1.030
21.054978462,0.1451,0.9797,-0.3450,1.049
21.057632232,0.1686,0.9865,-0.3720,1.068
21.063835693,0.1877,0.9958,-0.3794,1.082
21.064515693,0.2025,0.9995,-0.3713,1.085
21.065047078,0.2126,1.0079,-0.3667,1.093
21.073592001,0.2213,1.0142,-0.3680,1.101
21.074503001,0.2236,1.0181,-0.3713,1.106
21.074755385,0.2184,1.0212,-0.3687,1.107
21.075075001,0.2128,1.0279,-0.3564,1.109
21.084295385,0.1964,1.0286,-0.3396,1.101
21.085089155,0.1651,1.0237,-0.3259,1.087
21.085318385,0.1304,1.0235,-0.3070,1.076
21.085513462,0.0845,1.0273,-0.2907,1.071
21.087514155,0.0415,1.0296,-0.2753,1.067
21.088634693,-0.0070,1.0293,-0.2592,1.061
21.092349539,-0.0522,1.0303,-0.2469,1.061
21.093684616,-0.1047,1.0328,-0.2336,1.064
21.095842155,-0.1572,1.0338,-0.2194,1.068
21.098719001,-0.2081,1.0352,-0.2126,1.077
21.101851385,-0.2547,1.0369,-0.2079,1.088
21.103260232,-0.2987,1.0342,-0.2077,1.096
21.105775693,-0.3381,1.0354,-0.2074,1.109
21.109227385,-0.3724,1.0338,-0.2118,1.119
21.110695308,-0.4015,1.0326,-0.2191,1.129
21.112809539,-0.4245,1.0322,-0.2257,1.139
21.115389462,-0.4448,1.0320,-0.2284,1.147
21.117786385,-0.4563,1.0254,-0.2348,1.147
21.12038177,-0.4627,1.0191,-0.2382,1.144
21.122587001,-0.4600,1.0117,-0.2441,1.138
21.126286155,-0.4487,1.0000,-0.2455,1.123
21.12739777,-0.4299,0.9946,-0.2492,1.112
21.130548847,-0.4080,0.9876,-0.2538,1.098
21.132466155,-0.3833,0.9839,-0.2573,1.087
21.135244847,-0.3488,0.9825,-0.2592,1.074
21.136875078,-0.3146,0.9783,-0.2616,1.060
21.139562462,-0.2762,0.9737,-0.2655,1.046
21.142264232,-0.2359,0.9709,-0.2676,1.034
21.144324616,-0.1961,0.9653,-0.2751,1.023
21.146551924,-0.1595,0.9641,-0.2795,1.016
21.150541847,-0.1245,0.9634,-0.2804,1.011
21.151847385,-0.0952,0.9621,-0.2834,1.008
21.154013232,-0.0684,0.9592,-0.2878,1.004
21.156460308,-0.0490,0.9580,-0.2998,1.005
21.162662155,-0.0316,0.9614,-0.3091,1.010
21.163572847,-0.0183,0.9616,-0.3151,1.012
21.163995924,-0.0072,0.9644,-0.3166,1.015
21.165943616,-0.0038,0.9636,-0.3161,1.014
21.173982385,0.0030,0.9646,-0.3161,1.015
21.174884539,0.0030,0.9683,-0.3122,1.017
21.175107924,0.0037,0.9727,-0.3110,1.021
21.175614693,-0.0002,0.9724,-0.3098,1.021
21.177909847,0.0007,0.9751,-0.3049,1.022
21.18020577,-0.0018,0.9770,-0.2949,1.021
21.185542693,-0.0034,0.9773,-0.2849,1.018
21.187652308,-0.0029,0.9793,-0.2758,1.017
21.188131385,-0.0043,0.9788,-0.2599,1.013
21.190693232,-0.0092,0.9807,-0.2406,1.010
21.192680924,-0.0075,0.9819,-0.2287,1.008
21.194698155,-0.0129,0.9839,-0.2194,1.008
21.197769155,-0.0170,0.9837,-0.2138,1.007
21.199834078,-0.0236,0.9819,-0.2094,1.004
21.202051001,-0.0326,0.9851,-0.2133,1.008
21.204353539,-0.0437,0.9846,-0.2155,1.009
21.208782462,-0.0598,0.9849,-0.2194,1.011
21.209758462,-0.0768,0.9902,-0.2233,1.018
21.212208001,-0.0989,0.9956,-0.2194,1.024
21.214598693,-0.1218,0.9975,-0.2184,1.028
21.216640308,-0.1429,0.9979,-0.2184,1.031
21.219778078,-0.1567,0.9991,-0.2218,1.035
21.221827001,-0.1639,0.9958,-0.2260,1.034
21.225089539,-0.1736,0.9930,-0.2301,1.034
21.226189232,-0.1719,0.9883,-0.2374,1.031
21.228646155,-0.1658,0.9825,-0.2434,1.026
21.231186462,-0.1590,0.9797,-0.2499,1.023
21.233618155,-0.1438,0.9721,-0.2538,1.015
21.236163078,-0.1287,0.9611,-0.2583,1.003
21.238422462,-0.1201,0.9558,-0.2639,0.999
21.241475924,-0.1066,0.9467,-0.2667,0.989
21.243111924,-0.0969,0.9424,-0.2680,0.984
21.245642155,-0.0864,0.9431,-0.2699,0.985
21.248046385,-0.0735,0.9380,-0.2751,0.980
21.250856924,-0.0566,0.9367,-0.2814,0.980
21.253203385,-0.0412,0.9362,-0.2844,0.979
21.255390155,-0.0276,0.9355,-0.2809,0.977
21.26022577,-0.0180,0.9390,-0.2790,0.980
21.261103385,-0.0099,0.9406,-0.2758,0.980
21.262268924,0.0009,0.9436,-0.2653,0.980
21.264703924,0.0127,0.9455,-0.2599,0.981
21.272203616,0.0232,0.9474,-0.2565,0.982
21.273151693,0.0312,0.9465,-0.2524,0.980
21.273404001,0.0454,0.9506,-0.2487,0.984
21.275831924,0.0586,0.9499,-0.2455,0.983
21.27762277,0.0762,0.9521,-0.2426,0.986
21.279910693,0.0909,0.9516,-0.2426,0.986
21.283350155,0.1050,0.9509,-0.2455,0.988
21.284298078,0.1127,0.9516,-0.2462,0.989
21.287214385,0.1248,0.9572,-0.2494,0.997
21.28952577,0.1332,0.9576,-0.2492,0.998
21.292143616,0.1421,0.9607,-0.2502,1.003
21.293816001,0.1490,0.9626,-0.2521,1.006
21.296153847,0.1554,0.9692,-0.2574,1.015
21.29903477,0.1635,0.9675,-0.2621,1.016
21.301299001,0.1688,0.9672,-0.2709,1.019
21.303352232,0.1710,0.9680,-0.2783,1.022
21.307052309,0.1756,0.9648,-0.2856,1.021
21.30813377,0.1779,0.9639,-0.2927,1.023
21.310545462,0.1761,0.9563,-0.2993,1.017
21.313400924,0.1705,0.9567,-0.3066,1.019
21.315749232,0.1691,0.9536,-0.3124,1.018
21.317792232,0.1632,0.9504,-0.3151,1.014
21.320655924,0.1605,0.9511,-0.3130,1.014
21.323457232,0.1532,0.9487,-0.3103,1.010
21.326488309,0.1493,0.9467,-0.3088,1.007
21.327697155,0.1478,0.9458,-0.3058,1.005
21.330200847,0.1432,0.9436,-0.3014,1.001
21.332770385,0.1388,0.9416,-0.2965,0.997
21.335406155,0.1295,0.9378,-0.2919,0.991
21.337723616,0.1234,0.9369,-0.2885,0.988
21.341194693,0.1155,0.9375,-0.2868,0.987
21.342807616,0.1031,0.9369,-0.2878,0.986
21.344378462,0.0913,0.9414,-0.2824,0.987
21.346859078,0.0769,0.9409,-0.2758,0.984
21.349539693,0.0647,0.9462,-0.2680,0.986
21.351900924,0.0520,0.9497,-0.2611,0.986
21.354155309,0.0435,0.9460,-0.2562,0.981
21.361715385,0.0349,0.9495,-0.2526,0.983
21.362816847,0.0324,0.9497,-0.2485,0.982
21.363517155,0.0324,0.9458,-0.2411,0.977
21.363905155,0.0337,0.9455,-0.2341,0.975
21.374488232,0.0408,0.9434,-0.2252,0.971
21.375164616,0.0461,0.9380,-0.2215,0.965
21.375401462,0.0533,0.9316,-0.2184,0.958
21.375640616,0.0577,0.9294,-0.2180,0.956
21.375844001,0.0628,0.9282,-0.2184,0.956
21.379030462,0.0669,0.9272,-0.2201,0.955
21.381675924,0.0715,0.9311,-0.2177,0.959
21.383326385,0.0764,0.9385,-0.2177,0.966
21.385271078,0.0750,0.9465,-0.2175,0.974
21.387620001,0.0764,0.9546,-0.2211,0.983
21.390439078,0.0731,0.9611,-0.2313,0.991
21.392400616,0.0728,0.9660,-0.2453,0.999
21.395149462,0.0682,0.9714,-0.2565,1.007
21.398543309,0.0633,0.9765,-0.2670,1.014
21.39977377,0.0606,0.9773,-0.2802,1.018
21.402247001,0.0564,0.9778,-0.2934,1.022
21.404788001,0.0589,0.9749,-0.2990,1.021
21.407483385,0.0517,0.9716,-0.3000,1.018
21.409702385,0.0449,0.9729,-0.3058,1.021
21.412071078,0.0366,0.9751,-0.3054,1.022
21.414709155,0.0284,0.9795,-0.3024,1.026
21.416816309,0.0181,0.9800,-0.3066,1.027
21.419254385,0.0075,0.9805,-0.3135,1.029
21.421775078,0.0034,0.9834,-0.3296,1.037
21.424045847,-0.0060,0.9785,-0.3410,1.036
21.426813462,-0.0158,0.9778,-0.3508,1.039
21.431440309,-0.0211,0.9707,-0.3547,1.034
21.432499693,-0.0270,0.9672,-0.3522,1.030
21.433583001,-0.0344,0.9604,-0.3438,1.021
21.436409847,-0.0383,0.9529,-0.3252,1.008
21.439292232,-0.0463,0.9458,-0.3010,0.994
21.441364309,-0.0470,0.9414,-0.2839,0.984
21.443294155,-0.0439,0.9397,-0.2685,0.978
21.447971693,-0.0368,0.9357,-0.2587,0.972
21.449305462,-0.0270,0.9341,-0.2553,0.969
21.452038155,-0.0176,0.9365,-0.2590,0.972
21.453202462,-0.0046,0.9402,-0.2678,0.978
21.461499616,0.0063,0.9411,-0.2812,0.982
21.461978462,0.0188,0.9462,-0.2937,0.991
21.46223077,0.0347,0.9541,-0.3142,1.005
21.462654155,0.0424,0.9595,-0.3398,1.019
21.471795693,0.0515,0.9670,-0.3615,1.034
21.47278677,0.0564,0.9737,-0.3838,1.048
21.473334078,0.0684,0.9817,-0.4006,1.063
21.473530385,0.0715,0.9888,-0.4004,1.069
21.474439001,0.0792,1.0017,-0.3938,1.079
21.477088616,0.0811,1.0081,-0.3845,1.082
21.479447693,0.0818,1.0179,-0.3736,1.087
21.483158385,0.0820,1.0249,-0.3631,1.090
21.484816001,0.0804,1.0230,-0.3531,1.085
21.486774385,0.0759,1.0257,-0.3430,1.084
21.489133847,0.0626,1.0269,-0.3320,1.081
21.491342693,0.0433,1.0264,-0.3225,1.077
21.494375385,0.0215,1.0284,-0.3144,1.076
21.497233847,-0.0065,1.0291,-0.3068,1.074
21.498853539,-0.0316,1.0293,-0.2951,1.071
21.501103924,-0.0605,1.0322,-0.2851,1.073
21.504071924,-0.0822,1.0345,-0.2792,1.075
21.50628977,-0.1022,1.0308,-0.2746,1.072
21.514739616,-0.1206,1.0277,-0.2723,1.070
21.515219924,-0.1355,1.0233,-0.2744,1.068
21.515629847,-0.1474,1.0289,-0.2797,1.076
21.516298155,-0.1548,1.0330,-0.2919,1.085
21.518126693,-0.1599,1.0379,-0.2993,1.092
21.520443385,-0.1632,1.0428,-0.3095,1.100
21.522690078,-0.1646,1.0523,-0.3222,1.113
21.525148924,-0.1655,1.0650,-0.3300,1.127
21.527663924,-0.1648,1.0792,-0.3281,1.140
21.530091924,-0.1619,1.1016,-0.3198,1.158
21.532349462,-0.1580,1.1270,-0.3066,1.179
21.53505477,-0.1546,1.1598,-0.2949,1.207
21.538286693,-0.1502,1.2020,-0.2814,1.244
21.539612001,-0.1421,1.2395,-0.2658,1.276
21.541908924,-0.1345,1.2744,-0.2418,1.304
21.54476977,-0.1299,1.3093,-0.2143,1.333
21.546930385,-0.1277,1.3401,-0.1893,1.359
21.54952677,-0.1355,1.3673,-0.1573,1.383
21.551686155,-0.1514,1.4000,-0.1170,1.413
21.558539078,-0.1651,1.4322,-0.0628,1.443
21.559479385,-0.1858,1.4630,-0.0100,1.475
21.559807616,-0.2083,1.4962,0.0486,1.511
21.561752616,-0.2328,1.5238,0.1082,1.545
21.565891309,-0.2522,1.5439,0.1644,1.573
21.566387616,-0.2772,1.5570,0.2100,1.595
21.568689462,-0.2955,1.5574,0.2464,1.604
21.577525155,-0.3160,1.5441,0.2645,1.598
21.577955385,-0.3410,1.5304,0.2716,1.591
21.57816977,-0.3664,1.5111,0.2667,1.578
21.57860177,-0.3906,1.4862,0.2564,1.558
21.580744539,-0.4136,1.4615,0.2384,1.538
21.583054693,-0.4362,1.4371,0.2254,1.519
21.585755616,-0.4585,1.4190,0.2149,1.507
21.588034155,-0.4770,1.4058,0.2132,1.500
21.590360924,-0.4983,1.3967,0.2086,1.498
21.592852309,-0.5177,1.3934,0.1888,1.498
21.596052539,-0.5276,1.3929,0.1660,1.499
21.597400616,-0.5345,1.3955,0.1572,1.503
21.599893539,-0.5298,1.3985,0.1624,1.504
21.602581155,-0.5189,1.3990,0.1712,1.502
21.604895001,-0.5030,1.4009,0.1751,1.499
21.607820309,-0.4800,1.3976,0.1753,1.488
21.609812232,-0.4521,1.3929,0.1744,1.475
21.612875309,-0.4226,1.3865,0.1749,1.460
21.614357155,-0.3871,1.3806,0.1629,1.443
21.61729877,-0.3470,1.3746,0.1455,1.425
21.619383616,-0.3041,1.3734,0.1216,1.412
21.621775078,-0.2615,1.3723,0.1020,1.401
21.624248847,-0.2159,1.3624,0.0773,1.382
21.627345847,-0.1680,1.3513,0.0556,1.363
21.62936677,-0.1248,1.3359,0.0236,1.342
21.631293462,-0.0833,1.3130,-0.0088,1.316
21.633840616,-0.0481,1.2903,-0.0466,1.292
21.636316616,-0.0158,1.2626,-0.1034,1.267
21.638338078,0.0063,1.2390,-0.1717,1.251
21.64126677,0.0266,1.2084,-0.2441,1.233
21.644087078,0.0542,1.1828,-0.3124,1.225
21.646012232,0.0813,1.1507,-0.3769,1.214
21.649638693,0.0992,1.1237,-0.4260,1.206
21.65083377,0.1204,1.0936,-0.4659,1.195
21.653847924,0.1226,1.0664,-0.4974,1.183
21.656687693,0.1136,1.0440,-0.5160,1.170
21.657675385,0.1118,1.0254,-0.5216,1.156
21.660309462,0.0941,1.0088,-0.5216,1.140
21.666157155,0.0764,0.9961,-0.5123,1.123
21.666515924,0.0566,0.9805,-0.4930,1.099
21.667451001,0.0330,0.9692,-0.4715,1.078
21.677620847,0.0086,0.9521,-0.4449,1.051
21.678454078,-0.0334,0.9378,-0.4224,1.029
21.678869232,-0.0684,0.9236,-0.4080,1.012
21.679476539,-0.0703,0.9064,-0.4170,1.000
21.67989777,-0.0815,0.8882,-0.4341,0.992
21.682200924,-0.1192,0.8676,-0.4414,0.981
21.684732847,-0.1732,0.8530,-0.4437,0.977
21.68817377,-0.2276,0.8397,-0.4393,0.975
21.689620001,-0.2777,0.8319,-0.4334,0.978
21.691503924,-0.3290,0.8290,-0.4236,0.987
21.69380977,-0.3798,0.8241,-0.4127,0.997
21.696366693,-0.4313,0.8214,-0.4034,1.012
21.699248001,-0.4795,0.8256,-0.3887,1.031
21.701440847,-0.5261,0.8260,-0.3785,1.050
21.703980232,-0.5643,0.8290,-0.3701,1.069
21.706511693,-0.5985,0.8297,-0.3489,1.081
21.708927616,-0.6310,0.8312,-0.3237,1.093
21.711976847,-0.6717,0.8319,-0.2949,1.109
21.713609462,-0.7138,0.8312,-0.2658,1.127
21.716172616,-0.7627,0.8276,-0.2350,1.150
21.718571309,-0.8338,0.8260,-0.2062,1.192
21.721323001,-0.9034,0.8212,-0.1796,1.234
21.723182462,-0.9755,0.8209,-0.1546,1.284
21.725807001,-1.0556,0.8188,-0.1216,1.341
21.727815309,-1.1340,0.8021,-0.1073,1.393
21.730954078,-1.2119,0.7772,-0.0554,1.441
21.732804232,-1.2787,0.7575,-0.0083,1.486
21.735193232,-1.3309,0.7271,0.0378,1.517
21.737760924,-1.3688,0.6914,0.0871,1.536
21.739787693,-1.3847,0.6513,0.1392,1.537
21.743324001,-1.3945,0.6108,0.1919,1.534
21.745812924,-1.3684,0.5707,0.2377,1.502
21.747877847,-1.3155,0.5263,0.2716,1.443
21.749758693,-1.2371,0.4945,0.2960,1.365
21.75305477,-1.1475,0.4684,0.2711,1.269
21.754800309,-1.0519,0.4508,0.2518,1.172
21.756918693,-0.9710,0.4445,0.2325,1.093
21.759215385,-0.8912,0.4384,0.2049,1.014
21.765497462,-0.8147,0.4440,0.1946,0.948
21.766220001,-0.7441,0.4481,0.1683,0.885
21.766681232,-0.6642,0.4510,0.1425,0.815
21.777938155,-0.5927,0.4633,0.1243,0.762
21.779179385,-0.5301,0.4725,0.1128,0.719
21.779614078,-0.4741,0.4855,0.1003,0.686
21.779821155,-0.4220,0.5034,0.0982,0.664
21.779997539,-0.3796,0.5183,0.0984,0.650
21.781037155,-0.3412,0.5336,0.1094,0.643
21.783451616,-0.3165,0.5563,0.0917,0.647
21.787132616,-0.2902,0.5554,0.0805,0.632
21.788799616,-0.2729,0.5537,0.0742,0.622
21.790923078,-0.2540,0.5546,0.0673,0.614
21.794296616,-0.2420,0.5558,0.0576,0.609
21.795262462,-0.2242,0.5583,0.0451,0.603
21.797857232,-0.2066,0.5534,0.0302,0.591
21.800435693,-0.1868,0.5493,0.0141,0.580
21.802851924,-0.1636,0.5424,-0.0024,0.567
21.805124924,-0.1421,0.5297,-0.0114,0.549
21.807580924,-0.1182,0.5219,-0.0176,0.535
21.810853539,-0.0966,0.5094,-0.0225,0.519
21.812131924,-0.0766,0.4976,-0.0263,0.504
21.814514462,-0.0617,0.4860,-0.0354,0.491
21.818897232,-0.0442,0.4780,-0.0437,0.482
21.820184309,-0.0304,0.4691,-0.0561,0.473
21.821814155,-0.0236,0.4671,-0.0675,0.473
21.824612232,-0.0111,0.4613,-0.0745,0.467
21.82724277,-0.0014,0.4584,-0.0820,0.466
21.829054385,0.0102,0.4552,-0.0885,0.464
21.831842693,0.0276,0.4498,-0.0923,0.460
21.834146385,0.0356,0.4493,-0.0850,0.459
21.836681462,0.0466,0.4513,-0.0780,0.460
21.838804924,0.0610,0.4517,-0.0699,0.461
21.841889462,0.0759,0.4606,-0.0584,0.470
21.844159616,0.0877,0.4682,-0.0410,0.478
21.845944616,0.0880,0.4796,-0.0242,0.488
21.848679616,0.0980,0.4836,-0.0168,0.494
21.852108539,0.0948,0.4926,-0.0017,0.502
21.853270462,0.0885,0.5078,0.0041,0.515
21.855800232,0.0864,0.5224,0.0029,0.529
21.858970462,0.0806,0.5388,0.0097,0.545
21.86549377,0.0708,0.5566,0.0139,0.561
21.866180539,0.0635,0.5717,0.0127,0.575
21.866454693,0.0447,0.6005,0.0124,0.602
21.879958462,0.0242,0.6282,0.0148,0.629
21.881048616,0.0042,0.6567,0.0136,0.657
21.881274385,-0.0170,0.6795,0.0111,0.680
21.881458693,-0.0372,0.6983,0.0004,0.699
21.881650693,-0.0530,0.7139,-0.0083,0.716
21.882276309,-0.0728,0.7320,-0.0214,0.736
21.882469539,-0.0866,0.7506,-0.0337,0.756
21.888033539,-0.1018,0.7725,-0.0415,0.780
21.88919077,-0.1196,0.7901,-0.0522,0.801
21.889614155,-0.1311,0.8099,-0.0631,0.823
21.891753462,-0.1478,0.8327,-0.0699,0.849
21.893979309,-0.1719,0.8547,-0.0750,0.875
21.896601462,-0.1898,0.8766,-0.0720,0.900
21.899410462,-0.2063,0.9013,-0.0659,0.927
21.902177847,-0.2171,0.9211,-0.0598,0.948
21.903795001,-0.2264,0.9353,-0.0571,0.964
21.906384539,-0.2345,0.9548,-0.0461,0.984
21.91011777,-0.2433,0.9739,-0.0335,1.004
21.911190385,-0.2475,0.9924,-0.0256,1.023
21.91355777,-0.2464,0.9986,-0.0291,1.029
21.916229539,-0.2459,1.0119,-0.0056,1.041
21.918791616,-0.2538,1.0308,0.0283,1.062
21.921406693,-0.2682,1.0484,0.0663,1.084
21.923757847,-0.2782,1.0694,0.0969,1.109
21.926260232,-0.2950,1.0846,0.1255,1.131
21.927911616,-0.3080,1.1021,0.1402,1.153
21.930452924,-0.3251,1.1153,0.1453,1.171
21.933053232,-0.3422,1.1321,0.1446,1.192
21.935397462,-0.3635,1.1435,0.1318,1.207
21.937875385,-0.3838,1.1584,0.1233,1.226
21.940219309,-0.4143,1.1664,0.1143,1.243
21.943091616,-0.4399,1.1764,0.1087,1.261
21.944892309,-0.4414,1.1898,0.0884,1.272
21.947421232,-0.4526,1.1964,0.0679,1.281
21.950189155,-0.4702,1.2040,0.0544,1.294
21.952980232,-0.4947,1.2026,0.0566,1.302
21.955003001,-0.5164,1.2055,0.0510,1.312
21.95722977,-0.5352,1.2067,0.0407,1.321
21.963568616,-0.5524,1.2082,0.0449,1.329
21.964326155,-0.5657,1.2055,0.0424,1.332
21.965219001,-0.5772,1.1971,0.0439,1.330
21.975224539,-0.5846,1.1891,0.0510,1.326
21.976251385,-0.5911,1.1773,0.0517,1.318
21.976440232,-0.5970,1.1715,0.0507,1.316
21.976614462,-0.5911,1.1647,0.0525,1.307
21.976767616,-0.5846,1.1549,0.0549,1.296
21.979204539,-0.5794,1.1463,0.0547,1.286
21.981873847,-0.5729,1.1370,0.0561,1.274
21.984443385,-0.5620,1.1321,0.0570,1.265
21.985805155,-0.5515,1.1278,0.0537,1.257
21.988163616,-0.5464,1.1241,0.0300,1.250
21.99068277,-0.5431,1.1300,0.0178,1.254
21.992951309,-0.5308,1.1305,0.0329,1.249
21.995628001,-0.5259,1.1319,0.0083,1.248
21.998417155,-0.5210,1.1361,-0.0960,1.254
22.000806078,-0.5135,1.1334,-0.1139,1.249
22.002999309,-0.5059,1.1281,-0.0872,1.239
22.005469539,-0.5012,1.1244,-0.0740,1.233
22.007634462,-0.5007,1.1276,-0.0862,1.237
22.010357232,-0.4983,1.1229,-0.0985,1.232
22.012298693,-0.4930,1.1188,-0.1046,1.227
22.01477777,-0.4891,1.1146,-0.1099,1.222
22.017252924,-0.4824,1.1085,-0.1204,1.215
22.019684616,-0.4712,1.1034,-0.1334,1.207
22.022572232,-0.4553,1.0867,-0.1556,1.188
22.025661539,-0.4336,1.0765,-0.1728,1.173
22.026852232,-0.4131,1.0569,-0.1924,1.151
22.030000924,-0.3869,1.0410,-0.2045,1.129
22.031916232,-0.3623,1.0257,-0.2194,1.110
22.034470462,-0.3337,1.0096,-0.2289,1.088
22.037149539,-0.3034,0.9966,-0.2320,1.067
22.03921477,-0.2757,0.9827,-0.2267,1.045
22.041810385,-0.2452,0.9697,-0.2294,1.026
22.043702385,-0.2119,0.9546,-0.2355,1.006
22.046298078,-0.1812,0.9382,-0.2372,0.985
22.048634385,-0.1462,0.9269,-0.2364,0.968
22.051156309,-0.1184,0.9216,-0.2282,0.957
22.054083693,-0.0969,0.9157,-0.2157,0.946
22.05604677,-0.0740,0.9113,-0.1996,0.936
22.063654155,-0.0581,0.9131,-0.1808,0.933
22.064500616,-0.0432,0.9171,-0.1588,0.932
22.065004232,-0.0337,0.9236,-0.1353,0.934
22.073878462,-0.0272,0.9287,-0.1073,0.935
22.074799385,-0.0292,0.9397,-0.0808,0.944
22.07506277,-0.0326,0.9490,-0.0579,0.951
22.075775924,-0.0405,0.9563,-0.0364,0.958
22.076141155,-0.0514,0.9660,-0.0193,0.968
22.078788309,-0.0728,0.9783,-0.0083,0.981
22.079890462,-0.0971,0.9827,-0.0007,0.987
22.084013539,-0.1164,0.9900,0.0048,0.997
22.085070155,-0.1425,0.9961,0.0053,1.006
22.087098385,-0.1709,1.0047,0.0062,1.019
22.089575001,-0.1979,1.0100,0.0046,1.029
22.091853232,-0.2235,1.0119,0.0021,1.036
22.094744232,-0.2440,1.0166,0.0053,1.046
22.097225155,-0.2650,1.0166,0.0031,1.051
22.099759693,-0.2797,1.0119,-0.0002,1.050
22.101923693,-0.2887,1.0068,-0.0030,1.047
22.104178385,-0.2946,0.9981,-0.0093,1.041
22.106899616,-0.2929,0.9895,-0.0146,1.032
22.108973155,-0.2882,0.9812,-0.0193,1.023
22.11128177,-0.2813,0.9685,-0.0281,1.009
22.114082078,-0.2706,0.9570,-0.0344,0.995
22.116674462,-0.2569,0.9478,-0.0437,0.983
22.118596924,-0.2382,0.9369,-0.0589,0.969
22.121006155,-0.2191,0.9241,-0.0733,0.953
22.124351309,-0.2002,0.9238,-0.0941,0.950
22.12577377,-0.1814,0.9162,-0.1139,0.941
22.128602155,-0.1567,0.9155,-0.1339,0.938
22.130880616,-0.1353,0.9169,-0.1488,0.939
22.133257155,-0.1120,0.9192,-0.1686,0.941
22.135532539,-0.0700,0.9233,-0.1842,0.944
22.138000232,-0.0219,0.9257,-0.1949,0.946
22.140282155,0.0100,0.9350,-0.1984,0.956
22.142585539,0.0354,0.9424,-0.2040,0.965
22.145320924,0.0557,0.9504,-0.2084,0.975
22.147629232,0.0750,0.9585,-0.2064,0.983
22.154652847,0.0982,0.9619,-0.1917,0.986
22.155230385,0.1209,0.9651,-0.1730,0.988
22.155500001,0.1383,0.9685,-0.1449,0.989
22.163154155,0.1551,0.9732,-0.1187,0.993
22.163648309,0.1742,0.9790,-0.1024,1.000
22.163886693,0.1823,0.9809,-0.0867,1.001
22.164435078,0.1808,0.9870,-0.0720,1.006
22.175358693,0.1742,0.9924,-0.0557,1.009
22.176314693,0.1612,0.9954,-0.0410,1.009
22.176583616,0.1395,0.9954,-0.0330,1.006
22.177086078,0.1160,1.0003,-0.0271,1.007
22.177322078,0.0957,1.0007,-0.0284,1.006
22.178966693,0.0696,1.0086,-0.0356,1.012
22.182636847,0.0479,1.0230,-0.0559,1.026
22.183404309,0.0361,1.0464,-0.0848,1.050
22.186018155,0.0422,1.0801,-0.1082,1.086
22.188427385,0.0628,1.1278,-0.0960,1.134
22.190913462,0.1060,1.1845,-0.0454,1.190
22.193494462,0.1668,1.2465,0.0505,1.259
22.195716001,0.2304,1.3079,0.1790,1.340
22.199047924,0.3066,1.3748,0.3274,1.446
22.200469462,0.4085,1.4307,0.4893,1.566
22.202902693,0.4915,1.4826,0.6428,1.689
22.205307924,0.5724,1.5285,0.7732,1.806
22.207887693,0.6560,1.5470,0.7932,1.858
22.210363078,0.7234,1.5353,0.6796,1.828
22.212788232,0.7742,1.4957,0.4795,1.751
22.216392616,0.8033,1.4325,0.2890,1.668
22.217310462,0.8182,1.3545,0.1446,1.589
22.220260924,0.8395,1.2749,0.0874,1.529
22.222218462,0.8475,1.2092,0.0752,1.479
22.224617232,0.8617,1.1542,0.0871,1.443
22.22711077,0.8988,1.1146,0.1026,1.435
22.229846078,0.9098,1.0970,0.1174,1.430
22.231949462,0.8783,1.0906,0.1233,1.406
22.234254385,0.7820,1.1002,0.1108,1.354
22.236906462,0.6476,1.1151,0.0759,1.292
22.240708232,0.5197,1.1160,0.0239,1.231
22.241636924,0.4178,1.0951,-0.0007,1.172
22.244095385,0.3191,1.0626,-0.0114,1.109
22.246451385,0.2255,1.0328,-0.0631,1.059
22.248981462,0.1544,0.9893,-0.0887,1.005
22.251525847,0.0862,0.9462,-0.1167,0.957
22.253738462,0.0021,0.9277,-0.1497,0.940
22.256380616,-0.0835,0.9120,-0.1617,0.930
22.258416232,-0.1555,0.8938,-0.1598,0.921
22.260670155,-0.2391,0.8801,-0.1556,0.925
22.263306078,-0.3209,0.8752,-0.1644,0.947
22.270000232,-0.3791,0.8642,-0.1715,0.959
22.270593232,-0.4495,0.8522,-0.1886,0.982
22.270876232,-0.5240,0.8519,-0.2418,1.029
22.280631078,-0.5899,0.8451,-0.3298,1.082
22.281956924,-0.6510,0.8316,-0.4474,1.147
22.282155385,-0.7143,0.8116,-0.5665,1.221
22.282325462,-0.7572,0.7875,-0.6508,1.272
22.282773847,-0.7898,0.7494,-0.7523,1.323
22.285368309,-0.8059,0.7230,-0.7903,1.340
22.287495309,-0.8115,0.7058,-0.8172,1.351
22.290330078,-0.8105,0.6968,-0.8201,1.347
22.292428924,-0.8042,0.6951,-0.8101,1.336
22.294545155,-0.8008,0.7112,-0.8023,1.338
22.297237232,-0.8017,0.7391,-0.7728,1.336
22.299192924,-0.8049,0.7829,-0.7241,1.336
22.301788309,-0.8189,0.8405,-0.6664,1.349
22.304281232,-0.8413,0.9113,-0.5758,1.367
22.306881232,-0.8669,0.9842,-0.4717,1.394
22.309129155,-0.8960,1.0538,-0.3825,1.435
22.311756232,-0.9305,1.1126,-0.3179,1.485
22.314512924,-0.9677,1.1568,-0.2497,1.529
22.316232616,-0.9955,1.1850,-0.1749,1.558
22.319111309,-1.0090,1.2011,-0.0965,1.572
22.321488309,-1.0090,1.2143,-0.0288,1.579
22.323893462,-0.9985,1.2211,0.0209,1.578
22.327031616,-0.9722,1.2267,0.0532,1.566
22.328383616,-0.9381,1.2341,0.0715,1.552
22.330913232,-0.8939,1.2399,0.0791,1.531
22.333573232,-0.8357,1.2392,0.0740,1.496
22.335855385,-0.7668,1.2265,0.0561,1.448
22.339664616,-0.6899,1.2106,0.0309,1.394
22.340697847,-0.6007,1.1850,-0.0005,1.329
22.343271309,-0.5130,1.1571,-0.0330,1.266
22.345682693,-0.4189,1.1229,-0.0535,1.200
22.348025539,-0.3241,1.0862,-0.0711,1.136
22.350075078,-0.2330,1.0459,-0.0818,1.075
22.352778693,-0.1506,1.0044,-0.0931,1.020
22.355400232,-0.0700,0.9648,-0.1118,0.974
22.357132924,0.0081,0.9277,-0.1378,0.938
22.359612616,0.0857,0.8920,-0.1649,0.911
22.363180539,0.1453,0.8561,-0.1910,0.889
22.366981847,0.1976,0.8321,-0.2306,0.886
22.367739309,0.2455,0.8095,-0.2821,0.892
22.370342693,0.2870,0.7958,-0.3235,0.906
22.371856232,0.3193,0.7990,-0.3631,0.934
22.378629539,0.3435,0.8119,-0.3923,0.965
22.379294078,0.3547,0.8270,-0.4172,0.992
22.379815078,0.3628,0.8527,-0.4285,1.021
22.387698385,0.3623,0.8822,-0.4275,1.045
22.388081155,0.3606,0.9155,-0.4253,1.072
22.388278155,0.3528,0.9558,-0.4202,1.102
22.388443385,0.3420,0.9961,-0.4141,1.132
22.391272924,0.3254,1.0373,-0.4004,1.159
22.393673539,0.3088,1.0704,-0.3885,1.180
22.396787309,0.2995,1.0902,-0.3808,1.193
22.398977462,0.2751,1.1229,-0.3848,1.218
22.400499693,0.2529,1.1356,-0.3782,1.223
22.403370462,0.2255,1.1417,-0.3699,1.221
22.405665539,0.1849,1.1419,-0.3591,1.211
22.407783616,0.1444,1.1400,-0.3543,1.202
22.410387078,0.0994,1.1332,-0.3473,1.189
22.413751078,0.0503,1.1258,-0.3320,1.175
22.415264232,-0.0004,1.1205,-0.3154,1.164
22.417800616,-0.0566,1.1168,-0.2978,1.157
22.420060232,-0.1118,1.1036,-0.2780,1.144
22.422726155,-0.1727,1.0965,-0.2590,1.140
22.424631616,-0.2259,1.0846,-0.2543,1.137
22.427410693,-0.2824,1.0713,-0.2541,1.137
22.429831309,-0.3405,1.0592,-0.2580,1.142
22.432187693,-0.3991,1.0513,-0.2618,1.155
22.434546462,-0.4483,1.0425,-0.2583,1.164
22.438046155,-0.4939,1.0373,-0.2531,1.176
22.439275309,-0.5362,1.0271,-0.2492,1.185
22.441776232,-0.5718,1.0208,-0.2462,1.196
22.444290693,-0.6036,1.0144,-0.2448,1.205
22.447244847,-0.6293,1.0049,-0.2462,1.211
22.449256232,-0.6422,0.9937,-0.2462,1.209
22.451383385,-0.6432,0.9827,-0.2426,1.199
22.453743309,-0.6298,0.9680,-0.2362,1.179
22.459648616,-0.6032,0.9529,-0.2252,1.150
22.460359001,-0.5660,0.9362,-0.2175,1.115
22.468000847,-0.5184,0.9223,-0.2122,1.079
22.468453847,-0.4676,0.9196,-0.2064,1.052
22.468917462,-0.4108,0.9140,-0.2025,1.022
22.469187078,-0.3491,0.9120,-0.1954,0.996
22.479420616,-0.2953,0.9084,-0.1959,0.975
22.479991078,-0.2394,0.9091,-0.1996,0.961
22.480294078,-0.1895,0.9091,-0.2096,0.952
22.480465539,-0.1404,0.9124,-0.2215,0.949
22.480640616,-0.1026,0.9160,-0.2329,0.951
22.482493462,-0.0698,0.9218,-0.2401,0.955
22.485799616,-0.0385,0.9269,-0.2448,0.959
22.48789077,-0.0183,0.9357,-0.2490,0.968
22.490002693,0.0019,0.9453,-0.2536,0.979
22.492456232,0.0130,0.9555,-0.2506,0.988
22.495969155,0.0198,0.9602,-0.2521,0.993
22.497222155,0.0279,0.9678,-0.2518,1.000
22.499938155,0.0276,0.9797,-0.2480,1.011
22.502232616,0.0315,0.9842,-0.2455,1.015
22.504700539,0.0308,0.9924,-0.2418,1.022
22.506829539,0.0286,0.9993,-0.2362,1.027
22.509370462,0.0296,1.0005,-0.2333,1.028
22.511657847,0.0259,1.0037,-0.2318,1.030
22.51401877,0.0247,0.9975,-0.2280,1.024
22.521895693,0.0176,0.9930,-0.2289,1.019
22.522405539,0.0112,0.9844,-0.2306,1.011
22.522779001,0.0039,0.9770,-0.2362,1.005
22.524469155,-0.0078,0.9702,-0.2409,1.000
22.526192539,-0.0180,0.9595,-0.2482,0.991
22.528447386,-0.0283,0.9514,-0.2541,0.985
22.530815616,-0.0412,0.9453,-0.2578,0.981
22.533436616,-0.0537,0.9406,-0.2618,0.978
22.537337847,-0.0696,0.9375,-0.2697,0.978
22.53803777,-0.0812,0.9375,-0.2680,0.978
22.540608924,-0.0959,0.9372,-0.2641,0.978
22.543255309,-0.1120,0.9402,-0.2616,0.982
22.545494462,-0.1285,0.9438,-0.2583,0.987
22.548016847,-0.1431,0.9460,-0.2565,0.991
22.550206693,-0.1487,0.9504,-0.2538,0.995
22.556540847,-0.1583,0.9531,-0.2499,0.998
22.557404924,-0.1619,0.9546,-0.2431,0.998
22.557750078,-0.1602,0.9578,-0.2336,0.999
22.559780232,-0.1548,0.9609,-0.2296,1.000
22.565475309,-0.1497,0.9623,-0.2248,1.000
22.565979924,-0.1413,0.9616,-0.2171,0.996
22.567041462,-0.1316,0.9590,-0.2113,0.991
22.577618155,-0.1211,0.9602,-0.2025,0.989
22.57837777,-0.1094,0.9607,-0.1964,0.987
22.578545847,-0.0994,0.9623,-0.1910,0.986
22.578805232,-0.0852,0.9639,-0.1905,0.986
22.579055616,-0.0710,0.9648,-0.1893,0.986
22.581475001,-0.0542,0.9680,-0.1924,0.988
22.583783309,-0.0395,0.9692,-0.1947,0.989
22.586976847,-0.0258,0.9672,-0.2040,0.989
22.58856177,-0.0109,0.9716,-0.2108,0.994
22.591203386,0.0007,0.9734,-0.2211,0.998
22.593448539,0.0098,0.9751,-0.2509,1.007
22.595894693,0.0147,0.9778,-0.2421,1.007
22.598299693,0.0205,0.9861,-0.2385,1.015
22.600748924,0.0271,0.9890,-0.2357,1.017
22.603830386,0.0310,0.9930,-0.2329,1.020
22.605684616,0.0317,0.9966,-0.2313,1.024
22.608047616,0.0303,0.9975,-0.2296,1.024
22.612365847,0.0230,0.9983,-0.2325,1.025
22.617317847,0.0186,0.9970,-0.2357,1.025
22.617846693,0.0066,0.9951,-0.2329,1.022
22.618289232,-0.0026,0.9954,-0.2306,1.022
22.620606462,-0.0163,0.9902,-0.2308,1.017
22.622359693,-0.0290,0.9888,-0.2289,1.015
22.624907078,-0.0439,0.9839,-0.2238,1.010
22.628228847,-0.0551,0.9785,-0.2228,1.005
22.630330462,-0.0610,0.9753,-0.2191,1.001
22.632190693,-0.0693,0.9688,-0.2189,0.996
22.635174078,-0.0691,0.9639,-0.2152,0.990
22.636918155,-0.0707,0.9614,-0.2152,0.988
22.639512616,-0.0686,0.9543,-0.2171,0.981
22.641800847,-0.0698,0.9529,-0.2162,0.980
22.644245847,-0.0691,0.9502,-0.2155,0.977
22.646556309,-0.0693,0.9465,-0.2189,0.974
22.64918977,-0.0684,0.9453,-0.2182,0.973
22.656428309,-0.0712,0.9462,-0.2189,0.974
22.657153539,-0.0798,0.9473,-0.2213,0.976
22.657806462,-0.0847,0.9473,-0.2194,0.976
22.658542386,-0.0891,0.9495,-0.2140,0.977
22.669893539,-0.0947,0.9506,-0.2096,0.978
22.670427693,-0.0989,0.9521,-0.2115,0.980
22.670709155,-0.0964,0.9551,-0.2135,0.983
22.670968616,-0.0901,0.9588,-0.2182,0.987
22.671224001,-0.0857,0.9609,-0.2211,0.990
22.673292924,-0.0784,0.9614,-0.2311,0.992
22.675469847,-0.0637,0.9614,-0.2426,0.994
22.682848847,-0.0488,0.9585,-0.2562,0.993
22.683475001,-0.0361,0.9576,-0.2665,0.995
22.683801232,-0.0234,0.9536,-0.2775,0.993
22.685421155,-0.0136,0.9553,-0.2853,0.997
22.687422078,-0.0075,0.9558,-0.2895,0.999
22.690020232,-0.0036,0.9563,-0.2878,0.999
22.692349847,-0.0011,0.9597,-0.2812,1.000
22.694713232,-0.0014,0.9641,-0.2783,1.003
22.698106386,-0.0026,0.9678,-0.2726,1.005
22.69975777,-0.0029,0.9719,-0.2699,1.009
22.702572539,-0.0021,0.9739,-0.2692,1.010
22.704362693,0.0007,0.9741,-0.2670,1.010
22.707470155,0.0042,0.9770,-0.2616,1.011
22.709628309,0.0058,0.9741,-0.2621,1.009
22.711811078,0.0154,0.9744,-0.2592,1.008
22.714263386,0.0230,0.9648,-0.2555,0.998
22.716664847,0.0300,0.9602,-0.2574,0.995
22.719099616,0.0384,0.9504,-0.2595,0.986
22.721485155,0.0452,0.9434,-0.2621,0.980
22.723761155,0.0473,0.9355,-0.2683,0.974
22.727170155,0.0535,0.9333,-0.2714,0.973
22.728596539,0.0613,0.9292,-0.2704,0.970
22.731439616,0.0659,0.9264,-0.2719,0.968
22.733693232,0.0726,0.9292,-0.2732,0.971
22.736024539,0.0767,0.9316,-0.2748,0.974
22.738392539,0.0799,0.9402,-0.2792,0.984
22.740959078,0.0867,0.9416,-0.2846,0.988
22.74330977,0.0918,0.9527,-0.2974,1.002
22.745532309,0.0909,0.9597,-0.3091,1.012
22.748740232,0.0889,0.9668,-0.3205,1.022
22.752007309,0.0929,0.9741,-0.3271,1.032
22.753016847,0.0869,0.9830,-0.3291,1.040
22.755240001,0.0816,0.9874,-0.3317,1.045
22.764699001,0.0708,0.9907,-0.3371,1.049
22.765365847,0.0594,0.9932,-0.3413,1.052
22.76565477,0.0430,0.9979,-0.3489,1.058
22.766269539,0.0249,1.0007,-0.3584,1.063
22.767844924,0.0100,1.0061,-0.3591,1.068
22.777347386,-0.0097,1.0059,-0.3554,1.067
22.778347309,-0.0263,1.0076,-0.3571,1.069
22.778558386,-0.0439,1.0110,-0.3545,1.072
22.779041462,-0.0593,1.0130,-0.3438,1.071
22.779811386,-0.0717,1.0168,-0.3396,1.074
22.78168277,-0.0852,1.0245,-0.3401,1.083
22.785254462,-0.0998,1.0303,-0.3296,1.086
22.786325232,-0.1103,1.0413,-0.3191,1.095
22.788867386,-0.1248,1.0469,-0.3132,1.100
22.791368001,-0.1385,1.0571,-0.3098,1.110
22.793768232,-0.1487,1.0640,-0.3105,1.118
22.795939386,-0.1641,1.0765,-0.3068,1.131
22.798748309,-0.1734,1.0885,-0.3042,1.143
22.801165232,-0.1834,1.1063,-0.2917,1.159
22.803379078,-0.1912,1.1256,-0.2744,1.174
22.805773232,-0.1951,1.1447,-0.2590,1.190
22.809624539,-0.1973,1.1701,-0.2325,1.209
22.810695001,-0.2032,1.1915,-0.2057,1.226
22.813059616,-0.2027,1.2153,-0.1837,1.246
22.815499386,-0.2019,1.2306,-0.1679,1.258
22.81799777,-0.2037,1.2480,-0.1593,1.274
22.820294155,-0.2012,1.2619,-0.1497,1.287
22.823809847,-0.1970,1.2858,-0.1260,1.307
22.825122693,-0.1934,1.3068,-0.1053,1.325
22.827546078,-0.1875,1.3313,-0.0767,1.347
22.830121847,-0.1812,1.3513,-0.0476,1.364
22.832500001,-0.1785,1.3725,-0.0239,1.384
22.834787386,-0.1725,1.3883,-0.0139,1.399
22.838200924,-0.1673,1.3988,-0.0191,1.409
22.840008001,-0.1678,1.4021,-0.0352,1.413
22.842670078,-0.1707,1.4100,-0.0579,1.421
22.844290155,-0.1819,1.4146,-0.0794,1.428
22.846907386,-0.1902,1.4219,-0.1013,1.438
22.850144616,-0.2002,1.4339,-0.1192,1.453
22.852972616,-0.2163,1.4491,-0.1253,1.470
22.854219924,-0.2266,1.4652,-0.1270,1.488
22.856359616,-0.2349,1.4850,-0.1202,1.508
22.858949232,-0.2317,1.5067,-0.1024,1.528
22.861168539,-0.2308,1.5241,-0.0728,1.543
22.863651001,-0.2224,1.5404,-0.0347,1.557
22.871123616,-0.2140,1.5504,0.0050,1.565
22.87179877,-0.1986,1.5568,0.0446,1.570
22.872026078,-0.1819,1.5585,0.0803,1.571
22.882798078,-0.1644,1.5581,0.1091,1.570
22.883397847,-0.1458,1.5519,0.1287,1.564
22.883664309,-0.1311,1.5419,0.1367,1.554
22.883880616,-0.1174,1.5343,0.1483,1.546
22.88408577,-0.1120,1.5238,0.1543,1.536
22.886039309,-0.1074,1.5155,0.1590,1.528
22.887901462,-0.1001,1.5072,0.1531,1.518
22.891810386,-0.0952,1.4960,0.1333,1.505
22.892931924,-0.0893,1.4920,0.1321,1.501
22.895043386,-0.0982,1.4964,0.1292,1.505
22.89762277,-0.1057,1.4960,0.1038,1.503
22.90064277,-0.1250,1.4880,0.0637,1.495
22.902323616,-0.1360,1.4777,0.0221,1.484
22.904746078,-0.1399,1.4657,-0.0122,1.472
22.908033462,-0.1329,1.4601,-0.0464,1.467
22.909517155,-0.1243,1.4561,-0.0720,1.463
22.911914078,-0.1113,1.4481,-0.0969,1.456
22.914899001,-0.0920,1.4508,-0.1197,1.459
22.917321462,-0.0654,1.4473,-0.1405,1.456
22.919168232,-0.0383,1.4312,-0.1612,1.441
22.921821232,-0.0116,1.4175,-0.1823,1.429
22.924955924,0.0161,1.3951,-0.2103,1.411
22.926587309,0.0410,1.3709,-0.2469,1.394
22.928959924,0.0596,1.3420,-0.2909,1.375
22.931434078,0.0764,1.3098,-0.3361,1.354
22.934136232,0.0852,1.2714,-0.3769,1.329
22.936415924,0.0916,1.2321,-0.4102,1.302
22.938554155,0.0869,1.1918,-0.4337,1.271
22.941356539,0.0845,1.1510,-0.4568,1.241
22.943142693,0.0677,1.1146,-0.4789,1.215
22.945795309,0.0476,1.0799,-0.5010,1.191
22.948213847,0.0188,1.0464,-0.5167,1.167
22.951291924,-0.0163,1.0071,-0.5260,1.136
22.95295877,-0.0600,0.9765,-0.5162,1.106
22.955195693,-0.1123,0.9492,-0.4803,1.070
22.962519386,-0.1641,0.9243,-0.4293,1.032
22.963354693,-0.2186,0.9108,-0.3724,1.008
22.963805462,-0.2780,0.9013,-0.3212,0.996
22.964961847,-0.3326,0.8952,-0.2760,0.994
22.970847001,-0.3759,0.8779,-0.2287,0.982
22.971303309,-0.4248,0.8773,-0.1893,0.993
22.973869232,-0.4660,0.8730,-0.1414,1.000
22.982841155,-0.5173,0.8628,-0.1036,1.011
22.983410155,-0.5716,0.8535,-0.0771,1.030
22.983684616,-0.6295,0.8446,-0.0823,1.057
22.984303693,-0.6915,0.8353,-0.1229,1.091
22.984614155,-0.7563,0.8273,-0.1747,1.134
22.986635616,-0.8235,0.8151,-0.2240,1.180
22.989531078,-0.8951,0.7997,-0.2531,1.227
22.992117462,-0.9498,0.7792,-0.2785,1.260
22.993960924,-0.9750,0.7345,-0.3237,1.263
22.99750577,-0.9882,0.6949,-0.3235,1.251
22.999143693,-1.0045,0.6478,-0.3215,1.238
23.001090078,-1.0485,0.6289,-0.3070,1.261
23.003532847,-1.0989,0.6213,-0.2655,1.290
23.006202386,-1.1529,0.6162,-0.2199,1.326
23.008552616,-1.2030,0.6077,-0.1820,1.360
23.01085077,-1.2535,0.6010,-0.1453,1.398
23.01320577,-1.2990,0.5940,-0.0943,1.431
23.015744924,-1.3349,0.5879,-0.0319,1.459
23.018037539,-1.3566,0.5820,0.0304,1.477
23.020474078,-1.3686,0.5700,0.0994,1.486
23.024032309,-1.3632,0.5517,0.1898,1.483
23.025346386,-1.3309,0.5395,0.2606,1.460
23.027770155,-1.2437,0.5295,0.3216,1.389
23.030562078,-1.1340,0.5211,0.3656,1.300
23.032787616,-1.0334,0.5087,0.3854,1.215
23.035337155,-0.9396,0.4994,0.3842,1.131
23.037626386,-0.8494,0.4884,0.3623,1.045
23.040595078,-0.7588,0.4728,0.3253,0.951
23.042056539,-0.6764,0.4573,0.2894,0.866
23.044552847,-0.5976,0.4417,0.2471,0.783
23.047158462,-0.5179,0.4242,0.2140,0.703
23.049755693,-0.4418,0.4154,0.1653,0.629
23.051920847,-0.3677,0.4110,0.1318,0.567
23.05475077,-0.3034,0.4114,0.1143,0.524
23.06107077,-0.2550,0.4034,0.1028,0.488
23.062149847,-0.2079,0.3948,0.0637,0.451
23.062814155,-0.1712,0.3895,0.0623,0.430
23.064781155,-0.1474,0.3939,0.0964,0.431
23.072314155,-0.1260,0.3965,0.1255,0.435
23.073088309,-0.1045,0.3995,0.1399,0.436
23.073372847,-0.0833,0.3983,0.1499,0.434
23.073917155,-0.0615,0.3941,0.1546,0.428
23.076597155,-0.0390,0.3900,0.1483,0.419
23.078178693,-0.0136,0.3890,0.1416,0.414
23.082216616,0.0073,0.3880,0.1373,0.412
23.083688539,0.0203,0.3821,0.1272,0.403
23.085503386,0.0244,0.3804,0.1299,0.403
23.088154386,0.0271,0.3799,0.1329,0.403
23.090520616,0.0232,0.3827,0.1233,0.403
23.092730693,0.0158,0.3858,0.1120,0.402
23.095133847,0.0135,0.3919,0.1079,0.407
23.097932539,0.0112,0.3956,0.1013,0.409
23.100190078,0.0098,0.4032,0.0913,0.413
23.102470155,0.0073,0.4102,0.0933,0.421
23.105084924,0.0086,0.4191,0.0915,0.429
23.107208232,0.0068,0.4275,0.0933,0.438
23.110012232,0.0026,0.4373,0.0926,0.447
23.112251001,-0.0018,0.4452,0.0945,0.455
23.114980309,-0.0048,0.4577,0.0984,0.468
23.116990386,-0.0127,0.4679,0.0989,0.478
23.119535309,-0.0276,0.4818,0.0982,0.493
23.122848924,-0.0400,0.4965,0.0933,0.507
23.124029232,-0.0512,0.5090,0.0945,0.520
23.126823309,-0.0651,0.5211,0.0903,0.533
23.131330155,-0.0735,0.5341,0.0840,0.546
23.132072616,-0.0830,0.5441,0.0830,0.557
23.13374277,-0.0940,0.5570,0.0789,0.570
23.136738078,-0.1079,0.5666,0.0761,0.582
23.138613155,-0.1187,0.5768,0.0773,0.594
23.141065155,-0.1329,0.5896,0.0805,0.610
23.144011693,-0.1431,0.6017,0.0901,0.625
23.146384309,-0.1541,0.6166,0.0979,0.643
23.148384232,-0.1632,0.6296,0.1120,0.660
23.150995616,-0.1727,0.6441,0.1216,0.678
23.153307001,-0.1797,0.6623,0.1275,0.698
23.155636309,-0.1841,0.6780,0.1326,0.715
23.158108309,-0.1900,0.6965,0.1374,0.735
23.16044977,-0.1932,0.7135,0.1413,0.753
23.162947078,-0.1902,0.7308,0.1450,0.769
23.169006155,-0.1858,0.7503,0.1467,0.787
23.169769155,-0.1795,0.7680,0.1431,0.802
23.171299309,-0.1636,0.7780,0.1341,0.806
23.183637462,-0.1651,0.8053,0.1345,0.833
23.184243078,-0.1673,0.8363,0.1241,0.862
23.184419386,-0.1676,0.8632,0.1292,0.889
23.184576539,-0.1736,0.8891,0.1262,0.915
23.184738155,-0.1732,0.9115,0.1321,0.937
23.184991924,-0.1758,0.9375,0.1252,0.962
23.187117462,-0.1753,0.9597,0.1277,0.984
23.191788924,-0.1832,0.9863,0.1316,1.012
23.192384232,-0.1851,1.0117,0.1245,1.036
23.194164001,-0.1788,1.0257,0.0964,1.046
23.197101232,-0.1819,1.0499,0.1087,1.071
23.198724616,-0.1939,1.0767,0.1157,1.100
23.201284001,-0.1998,1.1009,0.1140,1.125
23.203888232,-0.2022,1.1232,0.1022,1.146
23.206599078,-0.2112,1.1486,0.0969,1.172
23.209071309,-0.2142,1.1637,0.0913,1.187
23.211174462,-0.2184,1.1813,0.0908,1.205
23.213815693,-0.2298,1.1980,0.1111,1.225
23.215648001,-0.2433,1.2138,0.1297,1.245
23.219053232,-0.2684,1.2269,0.1421,1.264
23.221028001,-0.2850,1.2427,0.1541,1.284
23.223036001,-0.3102,1.2602,0.1744,1.309
23.225326386,-0.3412,1.2765,0.1939,1.335
23.227841462,-0.3754,1.2886,0.2056,1.358
23.230048232,-0.4043,1.2926,0.2186,1.372
23.232540232,-0.4406,1.2926,0.2364,1.386
23.235099924,-0.4819,1.2954,0.2489,1.404
23.238759924,-0.5198,1.2926,0.2677,1.419
23.239884847,-0.5475,1.2814,0.2723,1.420
23.242285155,-0.5821,1.2702,0.2699,1.423
23.245481847,-0.6173,1.2644,0.2689,1.433
23.248082155,-0.6468,1.2514,0.2652,1.433
23.251820001,-0.6677,1.2353,0.2471,1.426
23.252709847,-0.6855,1.2141,0.2268,1.413
23.255075693,-0.6971,1.1935,0.2105,1.398
23.256670693,-0.7104,1.1808,0.1968,1.392
23.259182386,-0.7120,1.1666,0.1797,1.379
23.261719078,-0.7148,1.1544,0.1704,1.368
23.267700309,-0.7111,1.1439,0.1644,1.357
23.268330693,-0.6959,1.1363,0.1583,1.342
23.268608539,-0.6774,1.1330,0.1504,1.329
23.276324924,-0.6564,1.1298,0.1362,1.314
23.277090155,-0.6270,1.1253,0.0779,1.291
23.277277539,-0.5923,1.1234,0.0642,1.272
23.288639616,-0.5769,1.1319,0.0945,1.274
23.289155693,-0.5625,1.1515,0.1128,1.287
23.289588924,-0.5625,1.1769,0.1243,1.310
23.28984977,-0.5667,1.1931,0.1057,1.325
23.290023309,-0.5655,1.2126,0.0605,1.339
23.290275693,-0.5645,1.2302,0.0202,1.354
23.293349462,-0.5718,1.2546,-0.0061,1.379
23.296733462,-0.5831,1.2707,-0.0312,1.398
23.297831309,-0.5897,1.2827,-0.0662,1.413
23.300940924,-0.5838,1.2886,-0.0982,1.418
23.302897155,-0.5718,1.2879,-0.1118,1.414
23.304954078,-0.5513,1.2837,-0.1285,1.403
23.307580232,-0.5261,1.2717,-0.1365,1.383
23.309966693,-0.5005,1.2572,-0.1373,1.360
23.31244677,-0.4688,1.2424,-0.1363,1.335
23.314612847,-0.4267,1.2185,-0.1373,1.298
23.31719777,-0.3903,1.1989,-0.1493,1.270
23.319503309,-0.3605,1.1779,-0.1566,1.242
23.321838462,-0.3305,1.1625,-0.1517,1.218
23.32454277,-0.2936,1.1400,-0.1710,1.190
23.32683377,-0.2518,1.1165,-0.1803,1.159
23.329788001,-0.2144,1.1014,-0.1747,1.136
23.331496616,-0.1856,1.1009,-0.1952,1.133
23.334051078,-0.1492,1.1029,-0.2264,1.136
23.337916232,-0.1062,1.1036,-0.2502,1.137
23.33904977,-0.0707,1.1076,-0.2667,1.141
23.341572847,-0.0388,1.1170,-0.2804,1.152
23.343868616,-0.0097,1.1224,-0.2816,1.157
23.347210078,0.0127,1.1224,-0.2778,1.156
23.348625462,0.0352,1.1227,-0.2597,1.153
23.350841232,0.0582,1.1202,-0.2074,1.141
23.353292924,0.0720,1.1205,-0.1365,1.131
23.359317155,0.0801,1.1190,-0.0642,1.124
23.359933232,0.0804,1.1200,-0.0179,1.123
23.360375693,0.0679,1.1178,0.0060,1.120
23.369039616,0.0366,1.1185,0.0127,1.119
23.369502078,-0.0016,1.1088,0.0099,1.109
23.369893539,-0.0486,1.0897,-0.0002,1.091
23.370167001,-0.1087,1.0648,-0.0110,1.070
23.373199078,-0.1697,1.0340,-0.0271,1.048
23.375635001,-0.2293,0.9979,-0.0303,1.024
23.378543386,-0.2869,0.9523,-0.0496,0.996
23.38113377,-0.3356,0.9028,-0.0691,0.966
23.382392924,-0.3833,0.8519,-0.0743,0.937
23.384764616,-0.4123,0.8011,-0.0733,0.904
23.387110155,-0.4348,0.7471,-0.0640,0.867
23.389265232,-0.4621,0.7000,-0.0540,0.841
23.392066462,-0.4900,0.6606,-0.0361,0.823
23.394390386,-0.5124,0.6280,-0.0268,0.811
23.39657477,-0.5328,0.6062,-0.0212,0.807
23.398979386,-0.5459,0.5957,-0.0249,0.808
23.40169477,-0.5494,0.5922,-0.0364,0.809
23.403979309,-0.5518,0.5974,-0.0486,0.815
23.406704232,-0.5455,0.6138,-0.0610,0.823
23.408592539,-0.5359,0.6411,-0.0691,0.838
23.411732309,-0.5242,0.6716,-0.0762,0.855
23.413423924,-0.5068,0.7079,-0.0941,0.876
23.415947386,-0.4842,0.7550,-0.1048,0.903
23.418490155,-0.4592,0.8087,-0.0955,0.935
23.420955001,-0.4257,0.8742,-0.0706,0.975
23.423268001,-0.3943,0.9448,-0.0473,1.025
23.425828539,-0.3647,1.0098,-0.0445,1.075
23.429387693,-0.3402,1.0785,-0.0522,1.132
23.430419386,-0.3163,1.1437,-0.0479,1.188
23.432728924,-0.2923,1.1980,-0.0170,1.233
23.436454078,-0.2633,1.2321,0.0029,1.260
23.437783924,-0.2230,1.2612,-0.0065,1.281
23.439966386,-0.1734,1.2830,-0.0508,1.296
23.442749539,-0.1204,1.3091,-0.0808,1.317
23.445009232,-0.0656,1.3420,-0.0904,1.347
23.447326155,-0.0099,1.3790,-0.0671,1.381
23.449701462,0.0398,1.4219,-0.0437,1.423
23.453055078,0.0752,1.4799,-0.0212,1.482
23.454528001,0.0836,1.5514,0.0090,1.554
23.457001232,0.0962,1.6384,0.0551,1.642
23.459759616,0.1180,1.7068,0.1306,1.716
23.461956001,0.1507,1.7542,0.1814,1.770
23.464164539,0.1747,1.7843,0.2633,1.812
23.467357232,0.1722,1.8013,0.3459,1.842
23.473420847,0.1732,1.7833,0.3994,1.836
23.474179078,0.1893,1.7379,0.4309,1.800
23.474567616,0.2245,1.6585,0.4204,1.726
23.477007078,0.2632,1.5576,0.3644,1.621
23.487093539,0.3014,1.4452,0.2674,1.500
23.487881462,0.3342,1.3089,0.1521,1.359
23.488087001,0.3479,1.1710,0.0353,1.222
23.488271386,0.3640,1.0298,-0.1111,1.098
23.488455078,0.3899,0.8708,-0.2453,0.985
23.491386386,0.4099,0.7244,-0.3107,0.888
23.494102078,0.3950,0.6052,-0.3193,0.790
23.49583877,0.3498,0.5143,-0.3012,0.691
23.498552001,0.2851,0.4533,-0.2716,0.600
23.50040577,0.1940,0.4279,-0.2187,0.518
23.502774462,0.0955,0.4224,-0.2022,0.478
23.50506177,-0.0053,0.4186,-0.2126,0.469
23.507604232,-0.1089,0.4202,-0.2711,0.512
23.510331693,-0.2051,0.4232,-0.3200,0.569
23.512687616,-0.2927,0.4288,-0.3718,0.639
23.51513077,-0.3705,0.4420,-0.4481,0.730
23.517680309,-0.4402,0.4526,-0.5199,0.818
23.519893847,-0.5047,0.4771,-0.5817,0.906
23.52264677,-0.5625,0.5126,-0.6259,0.985
23.524904924,-0.6021,0.5539,-0.6438,1.041
23.527304616,-0.6358,0.6126,-0.6506,1.097
23.534940539,-0.6649,0.6819,-0.6357,1.145
23.535953847,-0.6857,0.7518,-0.5856,1.174
23.53674277,-0.7082,0.8383,-0.5103,1.210
23.537343309,-0.7407,0.9338,-0.4234,1.265
23.539237462,-0.7971,1.0289,-0.3417,1.346
23.541384539,-0.8569,1.1309,-0.2224,1.436
23.543610462,-0.8809,1.2409,-0.0525,1.523
23.546441232,-0.8976,1.3467,0.0815,1.620
23.548598462,-0.9279,1.4354,0.1264,1.714
23.551941847,-0.9745,1.5038,0.1385,1.797
23.55327777,-1.0221,1.5424,0.1539,1.857
23.555837847,-1.0502,1.5565,0.1837,1.887
23.558193462,-1.0749,1.5448,0.2076,1.893
23.560729539,-1.0891,1.5109,0.2242,1.876
23.562957155,-1.0896,1.4637,0.2305,1.839
23.565622078,-1.0768,1.4056,0.2345,1.786
23.572108001,-1.0524,1.3455,0.2273,1.723
23.572761232,-1.0094,1.2800,0.2107,1.644
23.573229155,-0.9530,1.2225,0.1714,1.560
23.580953539,-0.8765,1.1622,0.1148,1.460
23.581397847,-0.7826,1.0960,0.0537,1.348
23.581589462,-0.6754,1.0369,-0.0049,1.238
23.582419001,-0.5589,0.9874,-0.0675,1.137
23.591633847,-0.4343,0.9404,-0.1162,1.042
23.592209155,-0.3075,0.9001,-0.1605,0.965
23.592540616,-0.1919,0.8656,-0.1940,0.908
23.59266677,-0.0884,0.8405,-0.2274,0.875
23.594143924,-0.0004,0.8212,-0.2685,0.864
23.59650977,0.0715,0.8095,-0.3200,0.873
23.599418693,0.1360,0.7982,-0.3755,0.893
23.601613462,0.1868,0.8011,-0.4202,0.924
23.603996232,0.2287,0.8031,-0.4425,0.945
23.606465847,0.2627,0.8107,-0.4454,0.962
23.60913377,0.2851,0.8356,-0.4349,0.984
23.611015386,0.2946,0.8698,-0.4085,1.005
23.613475078,0.3039,0.9043,-0.3733,1.024
23.616064539,0.3110,0.9448,-0.3506,1.055
23.618600539,0.3122,0.9821,-0.3266,1.081
23.620670155,0.3115,1.0208,-0.3058,1.110
23.623272232,0.3081,1.0559,-0.2968,1.139
23.62596177,0.3035,1.0882,-0.2795,1.164
23.627928539,0.2937,1.1263,-0.2590,1.192
23.630283309,0.2732,1.1568,-0.2441,1.213
23.633117539,0.2482,1.1840,-0.2331,1.232
23.635644847,0.2201,1.2020,-0.2276,1.243
23.637575309,0.1845,1.1991,-0.2282,1.234
23.640379309,0.1405,1.2008,-0.2331,1.231
23.643593462,0.0943,1.1940,-0.2397,1.221
23.645019078,0.0494,1.1784,-0.2469,1.205
23.647576539,0.0009,1.1571,-0.2529,1.184
23.649728309,-0.0486,1.1398,-0.2583,1.170
23.652059924,-0.0969,1.1168,-0.2585,1.150
23.65463377,-0.1467,1.0967,-0.2536,1.135
23.657061232,-0.1949,1.0813,-0.2423,1.125
23.662482155,-0.2310,1.0533,-0.2399,1.105
23.663181155,-0.2718,1.0357,-0.2331,1.096
23.664620539,-0.3148,1.0217,-0.2206,1.092
23.672450462,-0.3556,1.0091,-0.2062,1.090
23.673187001,-0.3935,1.0035,-0.1917,1.095
23.673404616,-0.4290,0.9958,-0.1740,1.098
23.674071616,-0.4604,0.9886,-0.1526,1.101
23.682795924,-0.4891,0.9851,-0.1304,1.108
23.683649847,-0.5105,0.9807,-0.1121,1.111
23.683976232,-0.5240,0.9800,-0.0945,1.115
23.684475309,-0.5315,0.9763,-0.0738,1.114
23.685862693,-0.5294,0.9739,-0.0542,1.110
23.688317539,-0.5196,0.9727,-0.0354,1.103
23.691144847,-0.4971,0.9737,-0.0183,1.093
23.693596309,-0.4702,0.9749,-0.0117,1.082
23.695805847,-0.4331,0.9768,-0.0139,1.069
23.698632924,-0.3894,0.9790,-0.0232,1.054
23.70059477,-0.3339,0.9812,-0.0528,1.038
23.702704001,-0.2801,0.9781,-0.0899,1.021
23.705305847,-0.2198,0.9776,-0.1368,1.011
23.709153232,-0.1648,0.9760,-0.1763,1.005
23.710069155,-0.1079,0.9770,-0.2135,1.006
23.712437539,-0.0486,0.9802,-0.2399,1.010
23.715059078,0.0058,0.9746,-0.2511,1.006
23.717719001,0.0542,0.9737,-0.2541,1.008
23.719913232,0.0987,0.9756,-0.2516,1.012
23.722183309,0.1351,0.9758,-0.2490,1.016
23.725744616,0.1649,0.9809,-0.2467,1.025
23.72694677,0.1903,0.9853,-0.2465,1.033
23.729401539,0.2042,0.9886,-0.2450,1.039
23.731898155,0.2150,0.9975,-0.2457,1.050
23.734383001,0.2159,1.0037,-0.2448,1.055
23.73742177,0.2152,1.0100,-0.2455,1.061
23.739601232,0.2050,1.0156,-0.2404,1.064
23.742455001,0.1913,1.0215,-0.2336,1.065
23.744278386,0.1684,1.0252,-0.2336,1.065
23.747195693,0.1434,1.0279,-0.2264,1.062
23.749111001,0.1258,1.0286,-0.2162,1.059
23.751588924,0.1016,1.0230,-0.2110,1.049
23.753900616,0.0806,1.0184,-0.2082,1.043
23.756308539,0.0571,1.0112,-0.2038,1.033
23.758447616,0.0323,1.0022,-0.1954,1.022
23.760803001,0.0030,0.9983,-0.1884,1.016
23.763504232,-0.0258,0.9924,-0.1854,1.010
23.770241232,-0.0512,0.9868,-0.1849,1.005
23.770895616,-0.0749,0.9832,-0.1833,1.003
23.77126577,-0.0977,0.9795,-0.1766,1.000
23.773203924,-0.1113,0.9719,-0.1676,0.993
23.781658078,-0.1269,0.9732,-0.1605,0.994
23.782245232,-0.1389,0.9688,-0.1602,0.992
23.782468616,-0.1480,0.9695,-0.1607,0.994
23.782670386,-0.1567,0.9668,-0.1544,0.992
23.785411309,-0.1567,0.9634,-0.1495,0.987
23.788647386,-0.1567,0.9636,-0.1397,0.986
23.790915693,-0.1509,0.9621,-0.1370,0.984
23.792448847,-0.1443,0.9604,-0.1358,0.981
23.794396924,-0.1292,0.9632,-0.1360,0.981
23.797490693,-0.1108,0.9595,-0.1441,0.977
23.79969777,-0.0923,0.9632,-0.1532,0.980
23.801748847,-0.0717,0.9611,-0.1670,0.978
23.805102386,-0.0473,0.9609,-0.1791,0.979
23.806585847,-0.0204,0.9576,-0.1747,0.974
23.809007924,0.0037,0.9563,-0.1730,0.972
23.811396001,0.0263,0.9548,-0.1722,0.971
23.813910386,0.0377,0.9534,-0.1683,0.969
23.817087386,0.0522,0.9536,-0.1725,0.970
23.818858693,0.0610,0.9521,-0.1735,0.970
23.821308001,0.0684,0.9509,-0.1632,0.967
23.824709155,0.0738,0.9527,-0.1521,0.968
23.825947078,0.0745,0.9560,-0.1425,0.969
23.82825777,0.0757,0.9555,-0.1434,0.969
23.830773539,0.0736,0.9595,-0.1502,0.974
23.833112616,0.0687,0.9602,-0.1605,0.976
23.835620001,0.0691,0.9570,-0.1668,0.974
23.838604539,0.0655,0.9602,-0.1866,0.980
23.841192309,0.0659,0.9614,-0.1996,0.984
23.842743386,0.0643,0.9578,-0.2108,0.983
23.845690693,0.0706,0.9531,-0.2169,0.980
23.84771477,0.0780,0.9485,-0.2133,0.975
23.850083924,0.0776,0.9453,-0.2118,0.972
23.852585847,0.0780,0.9426,-0.2050,0.968
23.855066078,0.0784,0.9404,-0.1989,0.964
23.86126577,0.0823,0.9434,-0.1877,0.965
23.861913539,0.0848,0.9438,-0.1756,0.964
23.862329463,0.0862,0.9455,-0.1644,0.964
23.864481539,0.0892,0.9462,-0.1622,0.964
23.870342078,0.0889,0.9480,-0.1632,0.966
23.870709232,0.0894,0.9467,-0.1666,0.965
23.87152177,0.0857,0.9490,-0.1761,0.969
23.880463693,0.0813,0.9485,-0.1830,0.969
23.880859924,0.0743,0.9514,-0.1868,0.972
23.881018386,0.0655,0.9539,-0.1864,0.974
23.881174078,0.0591,0.9546,-0.1871,0.975
23.88353377,0.0505,0.9585,-0.1823,0.977
23.886276539,0.0398,0.9632,-0.1779,0.980
23.88860277,0.0293,0.9670,-0.1722,0.983
23.891131078,0.0191,0.9729,-0.1681,0.987
23.89362677,0.0117,0.9770,-0.1659,0.991
23.896276001,0.0002,0.9861,-0.1673,1.000
23.898591693,-0.0106,0.9902,-0.1673,1.004
23.90098277,-0.0195,0.9986,-0.1659,1.012
23.90321477,-0.0253,1.0027,-0.1656,1.017
23.907280616,-0.0288,1.0042,-0.1595,1.017
23.908081847,-0.0319,1.0071,-0.1586,1.020
23.911554463,-0.0285,1.0066,-0.1500,1.018
23.913372309,-0.0219,1.0091,-0.1437,1.020
23.915678386,-0.0127,1.0093,-0.1385,1.019
23.917576924,0.0026,1.0051,-0.1341,1.014
23.920936232,0.0247,0.9983,-0.1336,1.007
23.922979616,0.0457,0.9883,-0.1292,0.998
23.925262386,0.0715,0.9783,-0.1248,0.989
23.927455693,0.1078,0.9639,-0.1280,0.978
23.929668616,0.1444,0.9548,-0.1067,0.972
23.932066463,0.1688,0.9453,-0.1219,0.968
23.934357847,0.1877,0.9343,-0.1441,0.964
23.936908616,0.2091,0.9272,-0.1400,0.961
23.939916539,0.2385,0.9255,-0.1236,0.964
23.942518463,0.2567,0.9318,-0.1280,0.975
23.944117847,0.2692,0.9357,-0.1453,0.984
23.946606693,0.2839,0.9380,-0.1542,0.992
23.949050386,0.2963,0.9441,-0.1598,1.002
23.951616847,0.2976,0.9490,-0.1707,1.009
23.953924001,0.2919,0.9570,-0.1886,1.018
23.960912847,0.2827,0.9668,-0.1971,1.026
23.961621155,0.2707,0.9805,-0.1891,1.035
23.96206677,0.2553,0.9914,-0.1924,1.042
23.963879386,0.2382,0.9988,-0.1984,1.046
23.973929463,0.2226,1.0049,-0.2057,1.050
23.975280616,0.2038,1.0142,-0.2103,1.056
23.975531309,0.1889,1.0100,-0.2184,1.050
23.975721847,0.1703,1.0044,-0.2231,1.043
23.975898386,0.1521,0.9963,-0.2289,1.034
23.978722463,0.1319,0.9830,-0.2262,1.017
23.982820616,0.1062,0.9724,-0.2169,1.002
23.983263001,0.0836,0.9688,-0.2110,0.995
23.984947386,0.0510,0.9690,-0.1973,0.990
23.98737077,0.0237,0.9680,-0.1798,0.985
23.989807616,-0.0018,0.9675,-0.1642,0.981
23.992619001,-0.0219,0.9724,-0.1581,0.985
23.99471377,-0.0358,0.9768,-0.1583,0.990
23.997568847,-0.0461,0.9783,-0.1607,0.992
23.999465463,-0.0473,0.9814,-0.1683,0.997
24.001884924,-0.0400,0.9878,-0.1730,1.004
24.004313847,-0.0288,0.9942,-0.1800,1.011
24.00674677,-0.0114,0.9991,-0.1913,1.017
24.009168309,0.0081,1.0110,-0.2120,1.033
24.011745539,0.0293,1.0257,-0.2364,1.053
24.01426577,0.0545,1.0398,-0.2565,1.072
24.01631377,0.0831,1.0645,-0.2734,1.102
24.019416232,0.1172,1.0823,-0.2839,1.125
24.022572924,0.1500,1.1058,-0.2844,1.152
24.023787616,0.1864,1.1339,-0.2804,1.183
24.026215078,0.2213,1.1617,-0.2670,1.212
24.031033539,0.2494,1.1901,-0.2524,1.242
24.031961155,0.2851,1.2162,-0.2177,1.268
24.033335924,0.3119,1.2431,-0.1656,1.292
24.03591077,0.3333,1.2761,-0.1139,1.324
24.039159078,0.3438,1.3142,-0.0669,1.360
24.040452539,0.3447,1.3580,-0.0263,1.401
24.042939386,0.3389,1.4053,0.0131,1.446
24.047312232,0.3261,1.4559,0.0510,1.493
24.048201232,0.3122,1.5080,0.0756,1.542
24.050467309,0.2890,1.5626,0.0869,1.592
24.052684616,0.2504,1.6186,0.0913,1.640
24.055767309,0.2074,1.6697,0.0835,1.685
24.057345155,0.1537,1.7156,0.0605,1.724
24.060559693,0.0892,1.7594,0.0337,1.762
24.068999616,0.0200,1.7999,0.0000,1.800
24.069859693,-0.0579,1.8409,-0.0284,1.842
24.070680539,-0.1374,1.8803,-0.0530,1.886
24.07113777,-0.2186,1.9231,-0.0498,1.936
24.071900616,-0.3023,1.9697,-0.0564,1.994
24.074408847,-0.3766,2.0074,-0.0459,2.043
24.07663077,-0.4663,2.0643,-0.0151,2.116
24.079245155,-0.5423,2.1080,-0.0002,2.177
24.081514078,-0.5983,2.1295,0.0368,2.212
24.084707693,-0.6373,2.1278,0.0977,2.223
24.087220924,-0.6466,2.1075,0.1704,2.211
24.090182463,-0.6381,2.0662,0.2142,2.173
24.091416616,-0.6349,2.0271,0.2428,2.138
24.093532539,-0.6114,1.9714,0.2382,2.078
24.096031386,-0.5824,1.9086,0.2112,2.007
24.098516309,-0.5524,1.8407,0.1553,1.928
24.100886078,-0.5230,1.7755,0.0798,1.853
24.103537539,-0.4942,1.7144,-0.0070,1.784
24.10554577,-0.4668,1.6516,-0.0860,1.719
24.107863386,-0.4367,1.5940,-0.1554,1.660
24.110777155,-0.3991,1.5339,-0.2167,1.600
24.112892309,-0.3612,1.4710,-0.2821,1.541
24.115244001,-0.3146,1.4173,-0.3498,1.493
24.117748232,-0.2748,1.3657,-0.4053,1.451
24.120304847,-0.2291,1.3125,-0.4581,1.409
24.123124001,-0.1824,1.2597,-0.4894,1.364
24.125167616,-0.1316,1.2064,-0.5015,1.313
24.127356232,-0.0908,1.1584,-0.4974,1.264
24.129769155,-0.0514,1.1116,-0.4926,1.217
24.132371078,-0.0192,1.0685,-0.4745,1.169
24.134805539,0.0051,1.0296,-0.4502,1.124
24.137116539,0.0086,0.9958,-0.4229,1.082
24.139430155,0.0032,0.9651,-0.3946,1.043
24.14252577,-0.0065,0.9369,-0.3701,1.007
24.144484001,-0.0260,0.9113,-0.3484,0.976
24.147231693,-0.0588,0.8886,-0.3181,0.946
24.149880309,-0.0966,0.8691,-0.3100,0.928
24.151727309,-0.1238,0.8405,-0.3212,0.908
24.154503693,-0.1578,0.8087,-0.3379,0.890
24.156182386,-0.1909,0.7760,-0.3447,0.870
24.158656232,-0.2208,0.7361,-0.3408,0.841
24.161240001,-0.2660,0.6951,-0.3289,0.814
24.16718277,-0.3400,0.6658,-0.3151,0.811
24.168055616,-0.4353,0.6513,-0.3284,0.849
24.168332616,-0.5271,0.6140,-0.3281,0.873
24.170586078,-0.6129,0.5871,-0.3577,0.921
24.181214078,-0.6950,0.5724,-0.4041,0.987
24.182430386,-0.7698,0.5647,-0.4256,1.045
24.182652309,-0.8399,0.5578,-0.4234,1.094
24.182970078,-0.8993,0.5600,-0.4102,1.136
24.183256309,-0.9466,0.5656,-0.3985,1.173
24.186615616,-0.9874,0.5779,-0.3740,1.204
24.188968001,-1.0299,0.6030,-0.3274,1.238
24.189855616,-1.0570,0.6179,-0.2590,1.251
24.192587924,-1.0725,0.6348,-0.1686,1.258
24.195791386,-1.0859,0.6443,-0.0689,1.265
24.19730977,-1.0989,0.6521,0.0304,1.278
24.20001477,-1.1071,0.6553,0.1192,1.292
24.202142463,-1.1077,0.6572,0.1878,1.302
24.204518155,-1.0930,0.6513,0.2401,1.295
24.207707078,-1.0598,0.6392,0.2767,1.268
24.209420001,-1.0016,0.6228,0.3039,1.218
24.21224677,-0.9193,0.5989,0.3139,1.141
24.214011001,-0.8401,0.5761,0.3009,1.062
24.216771309,-0.7661,0.5490,0.2687,0.980
24.220761463,-0.6918,0.5209,0.2286,0.896
24.221780309,-0.6129,0.4904,0.1930,0.808
24.223825232,-0.5338,0.4615,0.1634,0.724
24.226748232,-0.4621,0.4330,0.1429,0.649
24.229465232,-0.3959,0.4065,0.1275,0.582
24.231218386,-0.3321,0.3811,0.1180,0.519
24.233801232,-0.2704,0.3578,0.1050,0.461
24.237162693,-0.2212,0.3367,0.0957,0.414
24.238284001,-0.1793,0.3215,0.0913,0.379
24.240692616,-0.1441,0.3052,0.0889,0.349
24.243761232,-0.1123,0.2910,0.0915,0.325
24.245780232,-0.0959,0.2824,0.0933,0.313
24.248524847,-0.0877,0.2793,0.0986,0.309
24.250795078,-0.0869,0.2800,0.0996,0.310
24.253875309,-0.0861,0.2783,0.0928,0.306
24.255183924,-0.0942,0.2783,0.0825,0.305
24.258041539,-0.1010,0.2859,0.0717,0.312
24.261932232,-0.1096,0.2919,0.0576,0.317
24.262827693,-0.1218,0.2959,0.0449,0.323
24.26574177,-0.1446,0.3035,0.0378,0.338
24.267583386,-0.1634,0.3135,0.0253,0.354
24.27511877,-0.1844,0.3247,0.0151,0.374
24.275974155,-0.2025,0.3359,0.0055,0.392
24.276272924,-0.2249,0.3464,-0.0075,0.413
24.276979309,-0.2479,0.3665,-0.0244,0.443
24.286368539,-0.2711,0.3867,-0.0310,0.473
24.287062463,-0.2927,0.4068,-0.0332,0.502
24.287726155,-0.3129,0.4183,-0.0349,0.523
24.288044616,-0.3285,0.4315,-0.0384,0.544
24.289035693,-0.3486,0.4513,-0.0293,0.571
24.292031309,-0.3624,0.4691,-0.0188,0.593
24.294677539,-0.3612,0.4676,-0.0100,0.591
24.296705232,-0.3632,0.4747,0.0090,0.598
24.298479924,-0.3684,0.4943,0.0176,0.617
24.300919078,-0.3598,0.4985,0.0329,0.616
24.303513539,-0.3407,0.4973,0.0498,0.605
24.306293847,-0.3265,0.4987,0.0712,0.600
24.30828277,-0.3065,0.4987,0.0994,0.594
24.311139386,-0.2843,0.4969,0.1233,0.586
24.31340977,-0.2848,0.5139,0.1394,0.604
24.315423078,-0.2904,0.5351,0.1578,0.629
24.31800577,-0.2867,0.5434,0.1712,0.638
24.320903693,-0.2813,0.5505,0.1756,0.643
24.322813232,-0.2824,0.5607,0.1739,0.651
24.325612847,-0.2813,0.5719,0.1665,0.659
24.327835924,-0.2780,0.5803,0.1567,0.662
24.329952001,-0.2750,0.5928,0.1443,0.669
24.332594693,-0.2757,0.6035,0.1292,0.676
24.334963386,-0.2816,0.6203,0.1201,0.692
24.337260001,-0.2684,0.6213,0.1057,0.685
24.339819309,-0.3119,0.6618,0.0928,0.738
24.34195777,-0.3170,0.6814,0.0764,0.755
24.344257232,-0.3204,0.7021,0.0542,0.774
24.346759078,-0.3405,0.7303,0.0373,0.807
24.349260924,-0.3451,0.7466,0.0232,0.823
24.352997463,-0.3527,0.7659,0.0119,0.843
24.354160924,-0.3584,0.7887,0.0062,0.866
24.356656309,-0.3632,0.8123,0.0116,0.890
24.358855001,-0.3668,0.8341,0.0219,0.911
24.361654693,-0.3647,0.8539,0.0316,0.929
24.363588616,-0.3624,0.8764,0.0409,0.949
24.366323001,-0.3647,0.8957,0.0554,0.969
24.372641463,-0.3566,0.9136,0.0656,0.983
24.373431309,-0.3458,0.9260,0.0752,0.991
24.374108309,-0.3451,0.9478,0.0928,1.013
24.376032924,-0.3422,0.9675,0.1050,1.032
24.387919616,-0.3525,0.9934,0.1152,1.060
24.388950155,-0.3551,1.0140,0.1128,1.080
24.389596924,-0.3481,1.0257,0.0996,1.088
24.389950693,-0.3361,1.0233,0.0933,1.081
24.390302463,-0.3393,1.0482,0.0869,1.105
24.390638463,-0.3439,1.0528,0.0861,1.111
24.393714078,-0.3559,1.0606,0.1089,1.124
24.395847924,-0.3630,1.0571,0.1047,1.123
24.397484847,-0.3766,1.0550,0.1052,1.125
24.399715693,-0.3808,1.0443,0.0891,1.115
24.40228277,-0.4003,1.0438,0.0784,1.121
24.404629539,-0.4031,1.0266,0.0659,1.105
24.407150386,-0.4052,1.0015,0.0537,1.082
24.410758386,-0.4001,0.9741,0.0397,1.054
24.411852924,-0.4069,0.9563,0.0356,1.040
24.414307386,-0.4177,0.9362,0.0270,1.026
24.416879386,-0.4255,0.9213,0.0143,1.015
24.419323924,-0.4374,0.9184,0.0092,1.017
24.421568847,-0.4516,0.9155,0.0072,1.021
24.42392277,-0.4651,0.9243,0.0134,1.035
24.42678977,-0.4793,0.9260,0.0143,1.043
24.428938693,-0.4937,0.9348,0.0232,1.057
24.431339616,-0.5074,0.9434,0.0248,1.071
24.43538277,-0.5220,0.9516,0.0185,1.086
24.436248309,-0.5391,0.9516,0.0143,1.094
24.438658155,-0.5536,0.9543,0.0107,1.103
24.441551693,-0.5601,0.9595,0.0060,1.111
24.443552616,-0.5699,0.9553,-0.0065,1.112
24.445628539,-0.5753,0.9509,-0.0176,1.112
24.448247693,-0.5878,0.9429,-0.0293,1.111
24.451833539,-0.5953,0.9353,-0.0377,1.109
24.45321777,-0.6009,0.9225,-0.0473,1.102
24.455464847,-0.5995,0.9057,-0.0776,1.089
24.45800277,-0.6026,0.8847,-0.0933,1.075
24.460620847,-0.6070,0.8749,-0.0916,1.069
24.462484001,-0.6124,0.8674,-0.0957,1.066
24.465186463,-0.6170,0.8642,-0.0955,1.066
24.467706693,-0.6293,0.8654,-0.0916,1.074
24.47423377,-0.6317,0.8595,-0.0901,1.070
24.474918155,-0.6234,0.8510,-0.0833,1.058
24.475295693,-0.6144,0.8442,-0.0774,1.047
24.484184309,-0.6021,0.8390,-0.0789,1.036
24.485418693,-0.5880,0.8316,-0.0769,1.021
24.485883309,-0.5757,0.8276,-0.0755,1.011
24.486124001,-0.5638,0.8209,-0.0769,0.999
24.487664001,-0.5482,0.8146,-0.0833,0.985
24.489647386,-0.5350,0.8119,-0.0862,0.976
24.491399924,-0.5205,0.8126,-0.0880,0.969
24.495201155,-0.5088,0.8116,-0.0950,0.963
24.496203924,-0.4981,0.8080,-0.0978,0.954
24.498967616,-0.4917,0.8119,-0.0994,0.954
24.501701847,-0.4842,0.8111,-0.1004,0.950
24.503436616,-0.4765,0.8078,-0.1009,0.943
24.506466155,-0.4707,0.8043,-0.1043,0.938
24.508474155,-0.4607,0.7978,-0.1048,0.927
24.51088977,-0.4563,0.7911,-0.1018,0.919
24.513262078,-0.4487,0.7845,-0.0960,0.909
24.516380001,-0.4411,0.7706,-0.0885,0.892
24.519123309,-0.4309,0.7591,-0.0850,0.877
24.520465232,-0.4241,0.7494,-0.0792,0.865
24.522771001,-0.4209,0.7384,-0.0645,0.852
24.525568924,-0.4174,0.7298,-0.0520,0.842
24.527751001,-0.4145,0.7181,-0.0471,0.830
24.53074977,-0.4152,0.7073,-0.0391,0.821
24.532711078,-0.4152,0.6988,-0.0344,0.814
24.541187078,-0.4157,0.6902,-0.0271,0.806
24.541925847,-0.4192,0.6827,-0.0176,0.801
24.542332847,-0.4250,0.6773,-0.0112,0.800
24.542732232,-0.4301,0.6741,-0.0070,0.800
24.544464309,-0.4309,0.6709,-0.0005,0.797
24.54693777,-0.4346,0.6667,0.0006,0.796
24.550569847,-0.4394,0.6678,-0.0014,0.799
24.551598463,-0.4378,0.6695,-0.0014,0.800
24.554264309,-0.4373,0.6714,-0.0075,0.801
24.556617155,-0.4346,0.6709,-0.0093,0.799
24.559219078,-0.4358,0.6721,-0.0095,0.801
24.561163001,-0.4355,0.6711,-0.0061,0.800
24.563717539,-0.4269,0.6699,-0.0070,0.794
24.569030078,-0.4220,0.6707,-0.0122,0.793
24.569471386,-0.4174,0.6672,-0.0156,0.787
24.571090463,-0.4113,0.6678,-0.0247,0.785
24.573796309,-0.4082,0.6651,-0.0344,0.781
24.576232924,-0.4040,0.6672,-0.0442,0.781
24.57842577,-0.3966,0.6699,-0.0561,0.781
24.580663693,-0.3938,0.6765,-0.0682,0.786
24.587743001,-0.3850,0.6825,-0.0794,0.788
24.588286693,-0.3761,0.6909,-0.0933,0.792
24.588536309,-0.3654,0.7012,-0.1016,0.797
24.590680232,-0.3493,0.7086,-0.1109,0.798
24.592784924,-0.3302,0.7171,-0.1116,0.797
24.595787078,-0.3188,0.7249,-0.1170,0.800
24.59760277,-0.3088,0.7317,-0.1232,0.804
24.599979309,-0.2972,0.7408,-0.1234,0.808
24.602263616,-0.2857,0.7510,-0.1187,0.812
24.604579616,-0.2750,0.7531,-0.1192,0.811
24.608267309,-0.2643,0.7566,-0.1211,0.811
24.609733847,-0.2555,0.7603,-0.1221,0.811
24.612114155,-0.2494,0.7608,-0.1241,0.810
24.614462463,-0.2374,0.7608,-0.1283,0.807
24.616950078,-0.2337,0.7601,-0.1295,0.806
24.619384001,-0.2279,0.7589,-0.1324,0.803
24.622050693,-0.2196,0.7564,-0.1376,0.800
24.625043001,-0.2088,0.7535,-0.1405,0.794
24.626375078,-0.2012,0.7496,-0.1388,0.788
24.628938693,-0.1942,0.7454,-0.1378,0.783
24.631514693,-0.1824,0.7337,-0.1336,0.768
24.633972309,-0.1765,0.7242,-0.1307,0.757
24.63698977,-0.1673,0.7130,-0.1275,0.743
24.638619924,-0.1595,0.7051,-0.1255,0.734
24.641490386,-0.1553,0.6978,-0.1253,0.726
24.643450693,-0.1543,0.6881,-0.1221,0.716
24.645730693,-0.1551,0.6812,-0.1221,0.709
24.648221232,-0.1587,0.6783,-0.1197,0.707
24.650855386,-0.1609,0.6780,-0.1167,0.707
24.652882155,-0.1665,0.6744,-0.1114,0.704
24.655818078,-0.1744,0.6765,-0.1078,0.707
24.660778693,-0.1856,0.6851,-0.1050,0.718
24.66138977,-0.1961,0.6995,-0.0992,0.733
24.662863924,-0.2091,0.7117,-0.0997,0.748
24.670919616,-0.2230,0.7296,-0.1036,0.770
24.671304616,-0.2413,0.7477,-0.1102,0.793
24.671486463,-0.2552,0.7720,-0.1134,0.821
24.672767924,-0.2716,0.7941,-0.1183,0.848
24.680899693,-0.2848,0.8178,-0.1219,0.874
24.681771309,-0.3009,0.8414,-0.1251,0.902
24.681977847,-0.3129,0.8676,-0.1288,0.931
24.682156001,-0.3246,0.8957,-0.1336,0.962
24.684166693,-0.3358,0.9260,-0.1393,0.995
24.686632616,-0.3407,0.9560,-0.1441,1.025
24.690818693,-0.3422,0.9853,-0.1495,1.054
24.691688001,-0.3417,1.0174,-0.1579,1.085
24.69414677,-0.3373,1.0469,-0.1651,1.112
24.696668309,-0.3324,1.0792,-0.1774,1.143
24.698862463,-0.3251,1.1060,-0.1873,1.168
24.701273155,-0.3185,1.1383,-0.2025,1.199
24.703672616,-0.3092,1.1628,-0.2187,1.223
24.706201232,-0.2999,1.1876,-0.2264,1.246
24.708366693,-0.2890,1.2069,-0.2343,1.263
24.71114977,-0.2797,1.2129,-0.2394,1.267
24.715637463,-0.2706,1.2116,-0.2416,1.265
24.716497847,-0.2571,1.1994,-0.2416,1.250
24.718459924,-0.2433,1.1757,-0.2431,1.225
24.720712001,-0.2264,1.1447,-0.2362,1.191
24.723690155,-0.2032,1.1072,-0.2228,1.148
24.725707693,-0.1744,1.0543,-0.2013,1.087
24.728063924,-0.1482,0.9973,-0.1756,1.023
24.730834078,-0.1199,0.9333,-0.1434,0.952
24.733056847,-0.0952,0.8754,-0.1127,0.888
24.735347386,-0.0840,0.8305,-0.0747,0.838
24.738003616,-0.1071,0.8321,-0.0361,0.840
24.740728309,-0.1531,0.8365,-0.0284,0.851
24.742278155,-0.2068,0.8232,-0.0769,0.852
24.744667001,-0.2587,0.7909,-0.1593,0.847
24.747214693,-0.3016,0.7352,-0.2355,0.829
24.749601539,-0.3288,0.6541,-0.3117,0.796
24.751922463,-0.3395,0.5630,-0.4178,0.779
24.754520001,-0.3461,0.5134,-0.6462,0.895
24.756879924,-0.3549,0.4828,-0.9876,1.155
24.759055616,-0.3803,0.5006,-1.2829,1.429
24.761860539,-0.4167,0.6020,-1.3002,1.492
24.769463616,-0.4480,0.7740,-1.0283,1.363
24.770575386,-0.4218,0.9734,-0.4779,1.163
24.770947309,-0.4160,1.1822,0.1660,1.264
24.771401232,-0.4318,1.3692,0.5729,1.546
24.781417847,-0.4746,1.5380,0.7495,1.775
24.782056001,-0.5904,1.6883,0.7020,1.921
24.782550155,-0.7278,1.8104,0.6007,2.042
24.782902463,-0.7919,1.9045,0.5371,2.131
24.783465463,-0.7162,1.9318,0.3512,2.090
24.786635616,-0.5120,1.9026,0.1257,1.974
24.789115616,-0.2520,1.8444,0.0507,1.862
24.791051386,0.0098,1.7803,0.1145,1.784
24.792970155,0.2413,1.7843,0.1572,1.807
24.795392539,0.4938,1.8223,0.0668,1.889
24.79766677,0.7119,1.8977,-0.1204,2.030
24.800025847,0.8744,1.9751,-0.2861,2.179
24.803422155,0.9406,2.0574,-0.3464,2.289
24.806662078,0.9641,2.1419,-0.4051,2.384
24.807635309,0.9816,2.2373,-0.5660,2.508
24.810359309,1.0176,2.3557,-0.7722,2.680
24.812232539,1.0322,2.4759,-0.9672,2.852
24.814997155,0.9704,2.6124,-1.1111,3.000
24.817010463,1.0275,2.7181,-1.0471,3.089
24.819308924,1.0156,2.8727,-0.8153,3.154
24.823262155,1.1754,3.0083,-0.3210,3.246
24.824279693,1.4339,3.1437,0.3034,3.469
24.826664539,1.7514,3.2392,0.9368,3.800
24.829214078,2.0691,3.2340,1.3656,4.075
24.832416616,2.2858,3.1712,1.5149,4.192
24.834375309,2.3512,3.0867,1.3649,4.113
24.836519386,2.3232,2.9778,1.0495,3.920
24.839591001,2.0828,2.8353,0.7500,3.597
24.841210693,1.7559,2.6433,0.5115,3.214
24.843568309,1.4796,2.4090,0.3216,2.845
24.845938693,1.2724,2.1300,0.0975,2.483
24.848604001,1.0354,1.8593,0.0167,2.128
24.85084977,0.7290,1.6279,-0.0466,1.784
24.85359777,0.4966,1.4019,-0.1332,1.493
24.85600577,0.3237,1.1794,-0.1666,1.234
24.85808577,0.1373,1.0159,-0.1461,1.036
24.860505539,-0.0624,0.8468,-0.2299,0.880
24.863078078,-0.2491,0.7083,-0.2455,0.790
24.865388847,-0.4868,0.6250,-0.2220,0.823
24.867828232,-0.7439,0.5691,-0.2695,0.975
24.870425155,-0.9952,0.5412,-0.2944,1.170
24.877146155,-1.1423,0.5134,-0.2299,1.273
24.878320232,-1.1655,0.4799,-0.2651,1.288
24.878765232,-1.1685,0.4207,-0.2506,1.267
24.892963078,-1.2577,0.3629,-0.2231,1.328
24.893618693,-1.3519,0.3147,-0.2672,1.414
24.893827386,-1.4790,0.2824,-0.2680,1.529
24.894584539,-1.6002,0.2593,-0.3179,1.652
24.894770155,-1.7185,0.2576,-0.3799,1.779
24.895155309,-1.8413,0.2751,-0.5462,1.940
24.895517463,-1.9640,0.3173,-0.5800,2.072
24.90191077,-2.0676,0.3797,-0.6100,2.189
24.902887001,-2.1443,0.4515,-0.6228,2.278
24.903071001,-2.1855,0.5360,-0.6030,2.330
24.903856616,-2.1946,0.6304,-0.5541,2.350
24.90620577,-2.1609,0.7330,-0.5018,2.336
24.908616616,-2.0786,0.8468,-0.4432,2.288
24.911293539,-1.9484,0.9607,-0.3762,2.205
24.913591309,-1.7907,1.0396,-0.3107,2.094
24.915906463,-1.6330,1.0985,-0.2734,1.987
24.91870277,-1.4736,1.1488,-0.2631,1.887
24.920804924,-1.3211,1.1723,-0.2574,1.785
24.922982155,-1.1695,1.1864,-0.2602,1.686
24.925574463,-1.0275,1.1852,-0.2699,1.592
24.928048001,-0.8912,1.1794,-0.2618,1.501
24.930779386,-0.7585,1.1635,-0.2413,1.410
24.932781232,-0.6347,1.1393,-0.2201,1.323
24.93554977,-0.5005,1.1067,-0.2087,1.232
24.938851386,-0.3649,1.0692,-0.2033,1.148
24.94023477,-0.2345,1.0266,-0.2145,1.075
24.942435386,-0.1189,0.9876,-0.2438,1.024
24.945021232,-0.0155,0.9458,-0.2763,0.985
24.947308232,0.0752,0.9152,-0.2988,0.966
24.949790386,0.1607,0.8898,-0.3124,0.957
24.952528539,0.2448,0.8681,-0.3340,0.962
24.955408616,0.3205,0.8556,-0.3420,0.976
24.956816309,0.3909,0.8417,-0.3328,0.986
24.95966677,0.4566,0.8341,-0.3188,1.003
24.962099924,0.5169,0.8332,-0.3086,1.028
24.964714078,0.5651,0.8381,-0.2956,1.053
24.966881232,0.5883,0.8475,-0.2821,1.070
24.969403386,0.5883,0.8632,-0.2688,1.079
24.975956001,0.5837,0.8815,-0.2526,1.087
24.976778155,0.5712,0.9028,-0.2348,1.094
24.977083693,0.5487,0.9280,-0.2248,1.101
24.985258693,0.5162,0.9527,-0.2131,1.104
24.985956001,0.4749,0.9800,-0.1961,1.107
24.986135386,0.4309,1.0054,-0.1828,1.109
24.986317539,0.3813,1.0247,-0.1779,1.108
24.996475078,0.3335,1.0384,-0.1774,1.105
24.997189155,0.2793,1.0403,-0.1871,1.093
24.997524616,0.2224,1.0386,-0.1969,1.080
24.997800232,0.1754,1.0269,-0.2079,1.062
24.998537847,0.1327,1.0149,-0.2128,1.045
25.000221155,0.0950,0.9995,-0.2103,1.026
25.002777463,0.0623,0.9814,-0.2015,1.004
25.005400616,0.0305,0.9632,-0.1891,0.982
25.007645539,-0.0016,0.9446,-0.1742,0.961
25.011035309,-0.0272,0.9245,-0.1539,0.938
25.013071616,-0.0561,0.9055,-0.1465,0.919
25.014988309,-0.0812,0.8857,-0.1395,0.900
25.017412616,-0.1113,0.8644,-0.1425,0.883
25.020353463,-0.1389,0.8412,-0.1439,0.865
25.022391924,-0.1641,0.8139,-0.1642,0.846
25.024764847,-0.1865,0.7813,-0.1856,0.824
25.027322693,-0.2061,0.7494,-0.2206,0.808
25.029816847,-0.2335,0.7222,-0.2355,0.795
25.031698155,-0.2528,0.6953,-0.2380,0.777
25.034662463,-0.2748,0.6692,-0.2441,0.763
25.036600924,-0.2978,0.6487,-0.2518,0.757
25.038917539,-0.3207,0.6329,-0.2604,0.756
25.041453539,-0.3442,0.6199,-0.2683,0.758
25.043758386,-0.3703,0.6059,-0.2788,0.763
25.046796232,-0.3931,0.6020,-0.2907,0.776
25.048903309,-0.4148,0.6045,-0.2986,0.792
25.052434155,-0.4329,0.6162,-0.2949,0.809
25.055163386,-0.4434,0.6364,-0.2699,0.821
25.05599077,-0.4463,0.6721,-0.2306,0.839
25.058677155,-0.4331,0.7171,-0.1861,0.858
25.060812847,-0.3999,0.7640,-0.1468,0.875
25.063059309,-0.3503,0.8078,-0.1211,0.889
25.065532309,-0.2836,0.8468,-0.1021,0.899
25.067972001,-0.2079,0.8857,-0.0904,0.914
25.073838386,-0.1292,0.9184,-0.0926,0.932
25.074643616,-0.0417,0.9511,-0.0923,0.957
25.075229463,0.0440,0.9805,-0.0850,0.985
25.077694155,0.1275,1.0117,-0.0774,1.023
25.085453539,0.2074,1.0403,-0.0823,1.064
25.086408539,0.2741,1.0660,-0.0975,1.105
25.086627309,0.3373,1.0904,-0.1174,1.147
25.087092309,0.3923,1.1175,-0.1486,1.194
25.090079616,0.4305,1.1400,-0.1784,1.232
25.09221777,0.4593,1.1637,-0.1884,1.265
25.095852001,0.4815,1.1794,-0.1966,1.289
25.096795001,0.4928,1.1882,-0.2069,1.303
25.099115078,0.4933,1.1903,-0.2138,1.306
25.101776847,0.4810,1.1847,-0.2301,1.299
25.104222155,0.4661,1.1686,-0.2457,1.282
25.106760616,0.4381,1.1454,-0.2614,1.254
25.109339616,0.3985,1.1151,-0.2748,1.216
25.111883309,0.3515,1.0816,-0.2780,1.171
25.113716001,0.3005,1.0443,-0.2756,1.121
25.116426463,0.2462,0.9968,-0.2667,1.061
25.12031077,0.1891,0.9490,-0.2538,1.000
25.121896924,0.1360,0.8913,-0.2431,0.934
25.124137155,0.0838,0.8256,-0.2382,0.863
25.125909155,0.0271,0.7613,-0.2478,0.801
25.128443616,-0.0365,0.6883,-0.2697,0.740
25.13086154,-0.1054,0.6203,-0.2946,0.695
25.133244232,-0.1888,0.5627,-0.3228,0.676
25.135403001,-0.2806,0.5109,-0.3491,0.679
25.138034386,-0.3791,0.4738,-0.3543,0.703
25.140258386,-0.4727,0.4515,-0.3471,0.740
25.143195386,-0.5594,0.4479,-0.2970,0.776
25.14590554,-0.6332,0.4547,-0.2355,0.814
25.14747777,-0.6911,0.4666,-0.1766,0.852
25.150064232,-0.7392,0.4901,-0.1131,0.894
25.153055078,-0.7665,0.5207,-0.0428,0.928
25.154752232,-0.7719,0.5556,0.0246,0.951
25.156927693,-0.7546,0.5910,0.0756,0.961
25.159766078,-0.7246,0.6282,0.1003,0.964
25.162224309,-0.6803,0.6623,0.0971,0.954
25.164746155,-0.6310,0.7046,0.0735,0.949
25.166885847,-0.5827,0.7496,0.0312,0.950
25.173643309,-0.5359,0.7978,-0.0114,0.961
25.17454554,-0.4935,0.8593,-0.0528,0.992
25.175217847,-0.4575,0.9297,-0.0804,1.039
25.17787077,-0.4294,1.0084,-0.0965,1.100
25.18389377,-0.4057,1.0880,-0.1127,1.167
25.184511386,-0.3879,1.1720,-0.1393,1.242
25.184803078,-0.3745,1.2507,-0.1800,1.318
25.18610054,-0.3612,1.3198,-0.2274,1.387
25.188216616,-0.3491,1.3760,-0.2756,1.446
25.190983078,-0.3361,1.4221,-0.3305,1.498
25.194532924,-0.3116,1.4500,-0.3901,1.534
25.195480616,-0.2857,1.4637,-0.4537,1.559
25.19807477,-0.2596,1.4642,-0.4950,1.567
25.20050054,-0.2333,1.4447,-0.5115,1.550
25.203508924,-0.1937,1.4175,-0.5040,1.517
25.205174155,-0.1562,1.3767,-0.4698,1.463
25.207918386,-0.1231,1.3242,-0.4439,1.402
25.211283386,-0.1013,1.2712,-0.3904,1.334
25.212660232,-0.0808,1.2185,-0.3391,1.267
25.215312924,-0.0583,1.1640,-0.2824,1.199
25.217855078,-0.0451,1.1212,-0.2196,1.143
25.220011693,-0.0444,1.0848,-0.1647,1.098
25.222071693,-0.0530,1.0584,-0.1358,1.068
25.224771924,-0.0647,1.0369,-0.1283,1.047
25.227367078,-0.0840,1.0245,-0.1236,1.035
25.229859078,-0.1106,1.0161,-0.1248,1.030
25.232187924,-0.1502,1.0035,-0.1388,1.024
25.235908847,-0.1909,0.9851,-0.1500,1.015
25.236701155,-0.2305,0.9518,-0.1695,0.994
25.239867386,-0.2611,0.9120,-0.2057,0.971
25.242155309,-0.2897,0.8720,-0.2448,0.951
25.244767616,-0.3163,0.8283,-0.2783,0.929
25.246301847,-0.3321,0.7789,-0.3024,0.899
25.248947001,-0.3505,0.7312,-0.3268,0.874
25.251371309,-0.3700,0.6814,-0.3422,0.848
25.25368677,-0.3877,0.6323,-0.3486,0.820
25.256291078,-0.4104,0.5910,-0.3442,0.798
25.258576309,-0.4338,0.5517,-0.3252,0.774
25.264208309,-0.4485,0.5069,-0.2861,0.735
25.265301155,-0.4746,0.4501,-0.2367,0.696
25.267039693,-0.5028,0.3827,-0.1859,0.659
25.27664054,-0.5452,0.3010,-0.1542,0.642
25.27744854,-0.6011,0.2020,-0.1546,0.653
25.277704616,-0.6717,0.0914,-0.1949,0.705
25.277930693,-0.7581,-0.0218,-0.2497,0.798
25.278772924,-0.8533,-0.1322,-0.2934,0.912
25.280514155,-0.9449,-0.2207,-0.3149,1.020
25.28344854,-1.0334,-0.2880,-0.2956,1.113
25.28542977,-1.1267,-0.3243,-0.2313,1.195
25.287182386,-1.2044,-0.3270,-0.1288,1.255
25.289531309,-1.2603,-0.2769,-0.0176,1.290
25.292393232,-1.2833,-0.1809,0.0962,1.300
25.294324924,-1.2699,-0.0409,0.1986,1.286
25.296955078,-1.2222,0.1386,0.2706,1.259
25.299736309,-1.1518,0.3541,0.2880,1.239
25.30338854,-1.0796,0.6052,0.2526,1.263
25.303969155,-1.0199,0.8954,0.1653,1.367
25.307050386,-0.9869,1.2329,0.0400,1.580
25.310091001,-0.9799,1.6073,-0.1082,1.886
25.311491924,-0.9887,2.0242,-0.2716,2.269
25.313999309,-0.9762,2.3853,-0.3464,2.601
25.316331693,-0.9317,2.6775,-0.3950,2.862
25.318802463,-0.8371,2.8388,-0.3684,2.982
25.321137232,-0.7241,2.9166,-0.2809,3.018
25.323584616,-0.5762,2.9315,-0.2140,2.995
25.326159616,-0.4018,2.9052,-0.1766,2.938
25.328101463,-0.2110,2.8363,-0.1463,2.848
25.330900847,-0.0192,2.7375,-0.1381,2.741
25.334044309,0.1644,2.6030,-0.1519,2.613
25.336308232,0.3259,2.4229,-0.1842,2.452
25.338220847,0.4632,2.2038,-0.2367,2.264
25.34067354,0.5690,1.9529,-0.3039,2.057
25.34285354,0.6240,1.7130,-0.3594,1.858
25.34518854,0.6406,1.4850,-0.4251,1.672
25.347878078,0.6443,1.2585,-0.5226,1.507
25.35018277,0.6245,1.0410,-0.6293,1.367
25.35350977,0.5600,0.8715,-0.6750,1.236
25.355269232,0.4470,0.7645,-0.7002,1.129
25.357436924,0.2978,0.7191,-0.7073,1.052
25.364106463,0.1307,0.7195,-0.6934,1.008
25.365400616,-0.0437,0.7601,-0.6569,1.006
25.366007001,-0.2240,0.8383,-0.5956,1.052
25.366799078,-0.4008,0.9369,-0.5091,1.139
25.374953463,-0.5611,1.0431,-0.4246,1.258
25.375512309,-0.7109,1.1584,-0.3525,1.404
25.376015693,-0.8413,1.2656,-0.3335,1.556
25.376792924,-0.9493,1.3536,-0.3330,1.686
25.379488309,-1.0472,1.4371,-0.3335,1.809
25.382821463,-1.1338,1.5113,-0.3413,1.920
25.385734386,-1.1897,1.5581,-0.3426,1.990
25.386507078,-1.2110,1.5791,-0.3168,2.015
25.388532616,-1.2068,1.5730,-0.2631,2.000
25.391006386,-1.1916,1.5397,-0.1973,1.957
25.393471693,-1.1829,1.5006,-0.1419,1.916
25.39630554,-1.1670,1.4593,-0.1165,1.872
25.398848616,-1.1387,1.4090,-0.1136,1.815
25.400715309,-1.0945,1.3487,-0.1069,1.740
25.403179309,-1.0380,1.2714,-0.0899,1.644
25.405292309,-0.9735,1.1801,-0.0831,1.532
25.408431309,-0.9121,1.0836,-0.0931,1.419
25.411137847,-0.8597,0.9968,-0.1158,1.321
25.412682078,-0.8152,0.9133,-0.1278,1.231
25.415277463,-0.7776,0.8290,-0.1416,1.145
25.417686155,-0.7306,0.7237,-0.1989,1.047
25.420767309,-0.6808,0.6110,-0.2429,0.946
25.422425232,-0.6633,0.5388,-0.2770,0.898
25.425647309,-0.6547,0.4545,-0.3081,0.854
25.42712954,-0.6605,0.3932,-0.3405,0.841
25.429559693,-0.6806,0.3420,-0.3689,0.846
25.432071924,-0.7106,0.3012,-0.3967,0.868
25.434507924,-0.7480,0.2663,-0.3999,0.889
25.436889232,-0.7758,0.2187,-0.3936,0.897
25.439554463,-0.7988,0.1673,-0.3773,0.899
25.44209654,-0.8238,0.1270,-0.3510,0.904
25.444236309,-0.8631,0.0997,-0.3219,0.927
25.44670977,-0.9105,0.0909,-0.2963,0.962
25.448748309,-0.9659,0.0851,-0.2748,1.008
25.451318463,-1.0344,0.0738,-0.2590,1.069
25.453869847,-1.1147,0.0531,-0.2316,1.140
25.456248924,-1.2009,0.0217,-0.2169,1.221
25.458571001,-1.2864,-0.0234,-0.2087,1.303
25.46138854,-1.3407,-0.0724,-0.1896,1.356
25.463543078,-1.3556,-0.1352,-0.1605,1.372
25.465907386,-1.3188,-0.2048,-0.1483,1.343
25.468570463,-1.2364,-0.2750,-0.1321,1.274
25.470657847,-1.1338,-0.3460,-0.0920,1.189
25.47335777,-1.0080,-0.4125,-0.0305,1.090
25.479098386,-0.8550,-0.4841,0.0635,0.985
25.479771309,-0.6943,-0.5564,0.2056,0.913
25.480554078,-0.5196,-0.6204,0.3891,0.898
25.489886386,-0.3390,-0.6649,0.5814,0.946
25.49091377,-0.1670,-0.7082,0.7167,1.021
25.491227616,-0.0099,-0.7421,0.7826,1.079
25.491407924,0.1346,-0.7655,0.8157,1.127
25.492152847,0.2595,-0.7685,0.7859,1.129
25.495108616,0.3550,-0.7526,0.6752,1.072
25.497032001,0.4036,-0.7089,0.5217,0.968
25.499976847,0.4144,-0.6405,0.3649,0.846
25.501715924,0.4036,-0.5505,0.2054,0.713
25.504351309,0.3726,-0.4533,0.0730,0.591
25.50787254,0.3410,-0.3541,-0.0312,0.493
25.509187078,0.3005,-0.2466,-0.1114,0.404
25.511803309,0.2585,-0.1403,-0.1656,0.338
25.514101463,0.2208,-0.0383,-0.1996,0.300
25.516452309,0.1868,0.0499,-0.2352,0.305
25.518961847,0.1390,0.1474,-0.2482,0.320
25.521310463,0.1013,0.2367,-0.2543,0.362
25.52383777,0.0679,0.3164,-0.2623,0.417
25.526174386,0.0303,0.3909,-0.2688,0.475
25.529691693,-0.0072,0.4626,-0.2785,0.540
25.531217155,-0.0561,0.5278,-0.2881,0.604
25.533908924,-0.1059,0.5908,-0.3010,0.671
25.535692309,-0.1485,0.6416,-0.3039,0.725
25.53821254,-0.1800,0.6819,-0.3179,0.774
25.540743078,-0.2076,0.7184,-0.3291,0.817
25.54905877,-0.2249,0.7474,-0.3447,0.853
25.549914078,-0.2298,0.7687,-0.3501,0.875
25.550827693,-0.2513,0.7924,-0.3433,0.899
25.551539693,-0.2638,0.8109,-0.3379,0.917
25.553881847,-0.2743,0.8256,-0.3303,0.931
25.55485377,-0.2696,0.8386,-0.3210,0.938
25.557808847,-0.2623,0.8495,-0.3466,0.954
25.559634386,-0.2508,0.8593,-0.3528,0.962
25.562216232,-0.2091,0.9145,-0.1239,0.946
25.56816454,-0.1797,0.9651,-0.0969,0.986
25.568654693,-0.1485,1.0110,-0.0885,1.026
25.569348309,-0.1587,1.0660,-0.0496,1.079
25.572896924,-0.1863,1.1156,-0.0078,1.131
25.57499654,-0.2313,1.1693,0.0458,1.193
25.57659354,-0.2970,1.2136,0.0833,1.252
25.579027693,-0.3330,1.2399,0.1311,1.291
25.586978078,-0.3952,1.2707,0.2152,1.348
25.587397463,-0.4665,1.3084,0.2980,1.421
25.587548616,-0.5484,1.3459,0.3666,1.499
25.588912616,-0.6347,1.3685,0.4052,1.562
25.590986386,-0.7367,1.3785,0.3926,1.612
25.594123078,-0.8536,1.3839,0.3402,1.661
25.596184232,-0.9713,1.3718,0.2501,1.699
25.59867254,-1.0866,1.3496,0.1563,1.740
25.601278693,-1.0463,1.2514,0.0957,1.634
25.603080847,-1.1122,1.1987,0.0740,1.637
25.605623924,-1.1851,1.1522,-0.0279,1.653
25.608166463,-1.2449,1.0978,-0.1730,1.669
25.61032554,-1.2921,1.0452,-0.1779,1.671
25.612894463,-1.3065,0.9721,-0.1581,1.636
25.615367924,-1.3002,0.8922,-0.1676,1.586
25.617408232,-1.2738,0.8224,-0.1761,1.526
25.620043309,-1.2281,0.7498,-0.1490,1.447
25.623638463,-1.1623,0.6812,-0.1148,1.352
25.624697463,-1.0952,0.6196,-0.1050,1.263
25.627071309,-1.0236,0.5712,-0.0962,1.176
25.62964054,-0.9564,0.5390,-0.0794,1.101
25.63229354,-0.8848,0.5134,-0.0461,1.024
25.63442177,-0.8274,0.5046,-0.0361,0.970
25.637295386,-0.7737,0.5094,-0.0239,0.927
25.639664001,-0.7329,0.5255,-0.0114,0.902
25.64164177,-0.6989,0.5556,-0.0200,0.893
25.644064616,-0.6782,0.5969,-0.0319,0.904
25.646556309,-0.6703,0.6513,-0.0388,0.935
25.648896309,-0.6835,0.7081,-0.0459,0.985
25.651529155,-0.6847,0.7577,-0.0493,1.022
25.654353155,-0.6950,0.8102,-0.0920,1.071
25.656671309,-0.7111,0.8617,-0.1316,1.125
25.658804232,-0.7339,0.9131,-0.1722,1.184
25.66151654,-0.7621,0.9695,-0.2182,1.252
25.664597155,-0.7940,1.0152,-0.2578,1.314
25.665901847,-0.8169,1.0562,-0.2897,1.366
25.668263001,-0.8401,1.0894,-0.3088,1.410
25.671498078,-0.8573,1.1160,-0.3235,1.444
25.676560924,-0.8682,1.1309,-0.3393,1.466
25.67769254,-0.8726,1.1349,-0.3515,1.474
25.67817654,-0.8711,1.1332,-0.3631,1.475
25.680996309,-0.8697,1.1293,-0.3518,1.468
25.689227924,-0.8516,1.1170,-0.3482,1.447
25.689992616,-0.8369,1.1009,-0.3533,1.427
25.690253847,-0.8142,1.0753,-0.3794,1.401
25.690387309,-0.7768,1.0401,-0.4163,1.363
25.692925155,-0.7597,1.0289,-0.2816,1.310
25.695894155,-0.7529,1.0212,-0.1964,1.284
25.700070693,-0.7421,1.0177,-0.1830,1.273
25.700795616,-0.7231,1.0051,-0.1842,1.252
25.702200616,-0.6967,0.9981,-0.1808,1.231
25.70465754,-0.6779,0.9839,-0.1781,1.208
25.706837155,-0.6708,0.9751,-0.1781,1.197
25.70916454,-0.6615,0.9683,-0.1771,1.186
25.711826693,-0.6484,0.9527,-0.1719,1.165
25.71417377,-0.6393,0.9375,-0.1710,1.148
25.716528232,-0.6256,0.9194,-0.1647,1.124
25.719400232,-0.6112,0.9045,-0.1579,1.103
25.721607924,-0.5916,0.8789,-0.1659,1.072
25.72422454,-0.5611,0.8519,-0.1817,1.036
25.72649077,-0.5347,0.8273,-0.1881,1.003
25.72875077,-0.5044,0.8065,-0.1893,0.970
25.731521847,-0.4800,0.7978,-0.1864,0.950
25.733420616,-0.4409,0.7816,-0.1810,0.916
25.736087924,-0.4033,0.7718,-0.1644,0.886
25.739690155,-0.3656,0.7676,-0.1519,0.864
25.740978693,-0.3305,0.7650,-0.1365,0.844
25.74303477,-0.3078,0.7682,-0.1270,0.837
25.745790463,-0.2882,0.7713,-0.1185,0.832
25.748522693,-0.2729,0.7767,-0.1134,0.831
25.750854463,-0.2564,0.7808,-0.1131,0.830
25.752756924,-0.2401,0.7887,-0.1153,0.832
25.756026463,-0.2237,0.7962,-0.1204,0.836
25.757771001,-0.2124,0.8041,-0.1248,0.841
25.761304309,-0.2005,0.8097,-0.1283,0.844
25.762766693,-0.1861,0.8141,-0.1283,0.845
25.765032309,-0.1776,0.8175,-0.1316,0.847
25.767134078,-0.1702,0.8270,-0.1356,0.855
25.769866078,-0.1609,0.8314,-0.1441,0.859
25.775911693,-0.1521,0.8339,-0.1507,0.861
25.776664001,-0.1329,0.8424,-0.1579,0.867
25.777574386,-0.1103,0.8434,-0.1823,0.870
25.789378386,-0.0938,0.8463,-0.1715,0.869
25.790420001,-0.0877,0.8542,-0.1521,0.872
25.790800232,-0.0808,0.8576,-0.1425,0.873
25.790988001,-0.0675,0.8622,-0.1363,0.876
25.79130954,-0.0502,0.8710,-0.1309,0.882
25.791607309,-0.0302,0.8824,-0.1292,0.892
25.794655616,-0.0229,0.8861,-0.1383,0.897
25.797878463,-0.0158,0.8849,-0.1416,0.896
25.798581847,-0.0102,0.8886,-0.1461,0.901
25.800906463,0.0017,0.8896,-0.1512,0.902
25.803651078,0.0107,0.8901,-0.1554,0.904
25.805777232,0.0293,0.8898,-0.1524,0.903
25.808442693,0.0412,0.8864,-0.1500,0.900
25.810751924,0.0538,0.8854,-0.1500,0.900
25.81381777,0.0633,0.8828,-0.1432,0.897
25.815347386,0.0731,0.8835,-0.1378,0.897
25.817842463,0.0880,0.8845,-0.1339,0.899
25.821647386,0.0969,0.8842,-0.1278,0.899
25.822846693,0.1016,0.8840,-0.1204,0.898
25.824979693,0.1043,0.8864,-0.1114,0.899
25.82782677,0.1050,0.8876,-0.0972,0.899
25.830249232,0.1048,0.8901,-0.0782,0.900
25.832518693,0.1065,0.8910,-0.0620,0.900
25.834799386,0.1024,0.8898,-0.0503,0.897
25.838177155,0.0985,0.8891,-0.0469,0.896
25.839535693,0.0953,0.8849,-0.0479,0.891
25.842133847,0.0857,0.8791,-0.0542,0.885
25.844720001,0.0816,0.8700,-0.0615,0.876
25.84729377,0.0755,0.8635,-0.0659,0.869
25.849701155,0.0677,0.8549,-0.0726,0.861
25.851857463,0.0566,0.8456,-0.0838,0.852
25.854614078,0.0476,0.8388,-0.0994,0.846
25.85645254,0.0393,0.8327,-0.1146,0.841
25.858890155,0.0293,0.8251,-0.1275,0.835
25.862618463,0.0251,0.8216,-0.1370,0.833
25.863731616,0.0228,0.8204,-0.1402,0.833
25.866003309,0.0230,0.8183,-0.1402,0.831
25.868631616,0.0256,0.8256,-0.1416,0.838
25.875136001,0.0281,0.8329,-0.1451,0.846
25.87585477,0.0293,0.8468,-0.1493,0.860
25.876108616,0.0298,0.8610,-0.1524,0.875
25.87859477,0.0256,0.8803,-0.1579,0.895
25.88624154,0.0219,0.8971,-0.1607,0.912
25.886962463,0.0166,0.9167,-0.1644,0.932
25.887138386,0.0078,0.9333,-0.1647,0.948
25.887946463,-0.0038,0.9560,-0.1703,0.971
25.890793232,-0.0124,0.9680,-0.1732,0.983
25.892553463,-0.0239,0.9863,-0.1766,1.002
25.896280847,-0.0346,0.9993,-0.1828,1.016
25.897595001,-0.0488,1.0152,-0.1913,1.034
25.899740309,-0.0593,1.0249,-0.1954,1.045
25.902271309,-0.0693,1.0315,-0.2028,1.054
25.904807616,-0.0768,1.0443,-0.2101,1.068
25.906877155,-0.0781,1.0471,-0.2184,1.073
25.909805232,-0.0803,1.0496,-0.2224,1.076
25.912036924,-0.0845,1.0501,-0.2233,1.077
25.914990463,-0.0852,1.0474,-0.2245,1.075
25.916704847,-0.0822,1.0457,-0.2218,1.072
25.91962677,-0.0781,1.0371,-0.2206,1.063
25.921900616,-0.0744,1.0257,-0.2122,1.050
25.924463616,-0.0668,1.0137,-0.2050,1.036
25.926857232,-0.0581,1.0039,-0.1984,1.025
25.92983377,-0.0468,0.9858,-0.1866,1.004
25.931041232,-0.0326,0.9721,-0.1744,0.988
25.933673155,-0.0244,0.9514,-0.1622,0.965
25.937255616,-0.0178,0.9331,-0.1524,0.946
25.938362155,-0.0097,0.9108,-0.1446,0.922
25.940917155,-0.0085,0.8901,-0.1351,0.900
25.943525847,-0.0114,0.8666,-0.1263,0.876
25.946703078,-0.0188,0.8407,-0.1216,0.850
25.948981463,-0.0356,0.8270,-0.1226,0.837
25.950564924,-0.0568,0.8339,-0.1488,0.849
25.953700924,-0.0910,0.8449,-0.1891,0.871
25.955767078,-0.1304,0.8434,-0.2465,0.888
25.958021847,-0.1587,0.8253,-0.2958,0.891
25.96046554,-0.1778,0.7792,-0.2993,0.853
25.962946386,-0.1851,0.7017,-0.2804,0.778
25.96490454,-0.1702,0.5996,-0.3049,0.694
25.967881155,-0.1470,0.4938,-0.4777,0.703
25.97400177,-0.1128,0.3814,-0.8339,0.924
25.975136309,-0.0825,0.2730,-1.2839,1.315
25.975606386,-0.0761,0.2053,-1.6066,1.621
25.977683001,-0.1038,0.2094,-1.5919,1.609
25.987702693,-0.1487,0.3115,-1.3217,1.366
25.988431078,-0.1993,0.4860,-0.9895,1.120
25.988694386,-0.2382,0.6658,-0.7779,1.051
25.989286078,-0.2426,0.8588,-0.3312,0.952
25.989495924,-0.2420,1.0704,0.1502,1.108
25.992382155,-0.3202,1.2810,0.4509,1.395
25.994689232,-0.4930,1.5136,0.6283,1.711
25.996234078,-0.6828,1.7368,0.7722,2.020
25.998572309,-0.7710,1.9003,0.8462,2.218
26.001306693,-0.7734,2.0659,0.7986,2.346
26.00707877,-0.6822,2.1825,0.6261,2.371
26.00778854,-0.5066,2.2504,0.5245,2.366
26.008544616,-0.2631,2.2565,0.6566,2.365
26.011931309,0.0424,2.2187,0.9547,2.416
26.013098386,0.3909,2.1962,1.1429,2.506
26.015552616,0.6462,2.2087,1.1005,2.551
26.017966078,0.7681,2.2812,0.7532,2.522
26.020458693,0.8123,2.4026,0.1712,2.542
26.023126078,0.8527,2.5036,-0.2748,2.659
26.025840924,0.8353,2.5817,-0.9298,2.868
26.027734155,0.7884,2.7801,-1.2863,3.163
26.030204847,0.7689,3.0093,-1.2863,3.362
26.032755001,0.7217,3.2651,-0.9944,3.489
26.035935924,0.7549,3.4764,-0.4444,3.585
26.037365847,0.8490,3.6762,0.3185,3.786
26.039824309,1.0577,3.7444,1.0229,4.023
26.042301847,1.3457,3.6168,1.5499,4.159
26.044736616,1.5555,3.3181,1.7905,4.079
26.047623616,1.6865,2.9001,1.8112,3.813
26.04965377,1.7300,2.4862,1.6554,3.452
26.053001232,1.6117,2.1649,1.5435,3.109
26.054222693,1.3931,1.8700,1.2198,2.632
26.056775693,1.1481,1.5737,0.8096,2.109
26.06018854,0.8414,1.3589,0.2987,1.626
26.062015078,0.5590,1.1596,-0.0724,1.289
26.064044924,0.3198,0.9690,-0.4329,1.108
26.066392232,0.1278,0.7760,-0.7121,1.061
26.069339001,-0.0493,0.5971,-0.9484,1.122
26.070894386,-0.2291,0.4275,-1.1025,1.205
26.073640309,-0.3966,0.2830,-1.0938,1.197
26.082314155,-0.5723,0.2062,-1.0415,1.206
26.082722386,-0.7080,0.1637,-0.8827,1.143
26.08322454,-0.8008,0.1510,-0.7603,1.115
26.08339377,-0.8667,0.1488,-0.7039,1.126
26.096806693,-0.9124,0.1500,-0.6797,1.148
26.097923309,-0.9225,0.1491,-0.7185,1.179
26.098117232,-0.9279,0.1403,-0.7840,1.223
26.098279001,-0.9454,0.1468,-0.8192,1.260
26.098445847,-0.9694,0.1598,-0.9357,1.357
26.098604924,-1.0102,0.1913,-1.0200,1.448
26.100783386,-1.0632,0.2348,-1.0500,1.513
26.104702155,-1.1469,0.2930,-1.0176,1.561
26.105288924,-1.2232,0.3578,-1.0530,1.653
26.107032847,-1.2894,0.4317,-1.0049,1.691
26.110363001,-1.3740,0.5239,-0.9262,1.738
26.111916616,-1.4541,0.6174,-0.8380,1.788
26.114346155,-1.5289,0.7144,-0.7376,1.842
26.117166386,-1.6009,0.8072,-0.6354,1.902
26.119263078,-1.6737,0.8998,-0.5357,1.974
26.122448847,-1.7397,0.9839,-0.4495,2.049
26.12433254,-1.7900,1.0545,-0.3608,2.109
26.126974078,-1.8264,1.1253,-0.2802,2.163
26.129240847,-1.8347,1.1845,-0.2028,2.193
26.131855693,-1.8135,1.2372,-0.1416,2.200
26.135336616,-1.7492,1.2719,-0.0867,2.164
26.13649377,-1.6486,1.2844,-0.0806,2.091
26.13862154,-1.5342,1.2753,-0.1046,1.998
26.141495078,-1.4094,1.2509,-0.1474,1.890
26.143647693,-1.2711,1.2150,-0.1937,1.769
26.145947616,-1.1311,1.1668,-0.2369,1.642
26.148434693,-0.9931,1.1175,-0.2670,1.519
26.151059001,-0.8587,1.0618,-0.2770,1.393
26.154055078,-0.7294,1.0071,-0.2756,1.274
26.155358463,-0.6078,0.9602,-0.2663,1.167
26.157982693,-0.4988,0.9180,-0.2455,1.073
26.160476847,-0.3966,0.8842,-0.2199,0.994
26.162742693,-0.2941,0.8628,-0.1891,0.931
26.165348232,-0.1968,0.8495,-0.1622,0.887
26.171980232,-0.1128,0.8424,-0.1373,0.861
26.17274277,-0.0481,0.8481,-0.1172,0.857
26.173670386,0.0081,0.8630,-0.0978,0.869
26.174852847,0.0503,0.8891,-0.0864,0.895
26.181570386,0.0836,0.9192,-0.0815,0.927
26.182208924,0.1241,0.9495,-0.0880,0.962
26.182449847,0.1610,0.9802,-0.1118,1.000
26.192351386,0.1952,1.0088,-0.1481,1.038
26.193192924,0.2189,1.0454,-0.1922,1.085
26.193489155,0.2316,1.0806,-0.2350,1.130
26.193792001,0.2331,1.1195,-0.2683,1.175
26.194451078,0.2318,1.1503,-0.2883,1.208
26.196350386,0.2184,1.1813,-0.3000,1.238
26.199512924,0.2010,1.2055,-0.3151,1.262
26.202118693,0.1728,1.2262,-0.3181,1.279
26.203598386,0.1390,1.2421,-0.3166,1.289
26.206342155,0.1013,1.2483,-0.3061,1.289
26.209515924,0.0631,1.2443,-0.2937,1.280
26.210872309,0.0203,1.2316,-0.2709,1.261
26.213558693,-0.0263,1.1996,-0.2455,1.225
26.215791309,-0.0800,1.1637,-0.2282,1.189
26.218638693,-0.1350,1.1319,-0.2133,1.160
26.220523616,-0.1886,1.1007,-0.2028,1.135
26.223606693,-0.2413,1.0718,-0.1877,1.115
26.226649847,-0.2887,1.0391,-0.1779,1.093
26.228138386,-0.3307,1.0027,-0.1722,1.070
26.230958386,-0.3659,0.9634,-0.1715,1.045
26.234137155,-0.3935,0.9229,-0.1705,1.018
26.23531477,-0.4192,0.8871,-0.1703,0.996
26.23764677,-0.4348,0.8495,-0.1728,0.970
26.24006277,-0.4483,0.8200,-0.1698,0.950
26.243279386,-0.4548,0.7909,-0.1728,0.929
26.24459354,-0.4600,0.7740,-0.1774,0.918
26.247438078,-0.4544,0.7569,-0.1776,0.901
26.251242693,-0.4421,0.7420,-0.1766,0.882
26.252166693,-0.4250,0.7376,-0.1710,0.868
26.254466155,-0.4067,0.7386,-0.1598,0.858
26.257308309,-0.3838,0.7489,-0.1456,0.854
26.259741155,-0.3619,0.7622,-0.1297,0.854
26.261588924,-0.3414,0.7872,-0.1123,0.865
26.264490078,-0.3190,0.8148,-0.0978,0.880
26.266610078,-0.2941,0.8386,-0.0845,0.893
26.269155386,-0.2631,0.8635,-0.0799,0.906
26.271262078,-0.2389,0.8917,-0.0815,0.927
26.273664847,-0.2063,0.9133,-0.0923,0.941
26.279622386,-0.1736,0.9343,-0.1043,0.956
26.28034954,-0.1443,0.9502,-0.1219,0.969
26.281223001,-0.1155,0.9656,-0.1451,0.983
26.290352309,-0.0864,0.9839,-0.1700,1.002
26.291320232,-0.0605,0.9946,-0.1856,1.014
26.291497847,-0.0363,1.0039,-0.1984,1.024
26.291750693,-0.0099,1.0115,-0.2035,1.032
26.292717847,0.0147,1.0147,-0.2164,1.038
26.295354463,0.0352,1.0119,-0.2274,1.038
26.298380309,0.0557,1.0112,-0.2426,1.041
26.301332309,0.0767,1.0088,-0.2548,1.043
26.30236977,0.0948,1.0022,-0.2678,1.042
26.305151924,0.1127,0.9954,-0.2768,1.039
26.308775924,0.1260,0.9851,-0.2878,1.034
26.311417155,0.1363,0.9778,-0.3010,1.032
26.31206854,0.1453,0.9719,-0.3149,1.032
26.314742463,0.1486,0.9683,-0.3215,1.031
26.317095001,0.1490,0.9672,-0.3300,1.033
26.319822463,0.1481,0.9641,-0.3310,1.030
26.322454693,0.1414,0.9678,-0.3289,1.032
26.325148924,0.1368,0.9660,-0.3271,1.029
26.32658854,0.1295,0.9672,-0.3240,1.028
26.329949155,0.1223,0.9672,-0.3230,1.027
26.331748616,0.1114,0.9639,-0.3230,1.023
26.33394554,0.1009,0.9607,-0.3240,1.019
26.336639693,0.0864,0.9576,-0.3225,1.014
26.339037155,0.0689,0.9514,-0.3186,1.006
26.341371616,0.0508,0.9467,-0.3159,0.999
26.344242078,0.0340,0.9409,-0.3091,0.991
26.346225155,0.0170,0.9365,-0.3000,0.984
26.34835877,-0.0009,0.9289,-0.2927,0.974
26.351782693,-0.0151,0.9250,-0.2814,0.967
26.353963001,-0.0280,0.9238,-0.2753,0.964
26.355924232,-0.0372,0.9199,-0.2704,0.960
26.358798155,-0.0476,0.9194,-0.2611,0.957
26.360431309,-0.0505,0.9148,-0.2511,0.950
26.363022463,-0.0505,0.9136,-0.2426,0.947
26.369617232,-0.0463,0.9101,-0.2352,0.941
26.370724616,-0.0400,0.9071,-0.2280,0.936
26.371179078,-0.0260,0.9035,-0.2201,0.930
26.372520001,-0.0131,0.8987,-0.2159,0.924
26.382168924,0.0083,0.8928,-0.2103,0.917
26.382906155,0.0249,0.8933,-0.2054,0.917
26.383474463,0.0420,0.8910,-0.2017,0.915
26.383675001,0.0610,0.8935,-0.2003,0.918
26.384395924,0.0794,0.8966,-0.1961,0.921
26.38767754,0.0938,0.9006,-0.1949,0.926
26.391974386,0.1053,0.9108,-0.1881,0.936
26.392696924,0.1163,0.9196,-0.1776,0.944
26.393964617,0.1263,0.9301,-0.1605,0.952
26.396907386,0.1344,0.9443,-0.1468,0.965
26.399160617,0.1412,0.9543,-0.1360,0.974
26.401333232,0.1470,0.9656,-0.1229,0.984
26.404229847,0.1546,0.9763,-0.1174,0.995
26.406596001,0.1661,0.9825,-0.1109,1.003
26.408722693,0.1756,0.9851,-0.1143,1.007
26.411156847,0.1835,0.9832,-0.1239,1.008
26.413895001,0.1915,0.9732,-0.1427,1.002
26.416322078,0.1964,0.9595,-0.1698,0.994
26.418846386,0.1966,0.9426,-0.1979,0.983
26.421385463,0.1877,0.9218,-0.2306,0.969
26.424021155,0.1717,0.8930,-0.2641,0.947
26.425728924,0.1502,0.8600,-0.2917,0.920
26.42800177,0.1163,0.8253,-0.3210,0.893
26.430590693,0.0655,0.7857,-0.3452,0.861
26.433299693,-0.0034,0.7452,-0.3662,0.830
26.435626463,-0.0852,0.7083,-0.3785,0.808
26.437799693,-0.1881,0.6807,-0.3897,0.807
26.440497155,-0.2923,0.6541,-0.3797,0.811
26.442377232,-0.4001,0.6360,-0.3498,0.829
26.445078078,-0.5079,0.6323,-0.3051,0.867
26.447437463,-0.6129,0.6372,-0.2521,0.919
26.449956232,-0.7069,0.6585,-0.1915,0.985
26.452176001,-0.7930,0.6895,-0.1246,1.058
26.454977847,-0.8685,0.7281,-0.0471,1.134
26.457386155,-0.9205,0.7687,0.0393,1.200
26.459519617,-0.9722,0.8160,0.1213,1.275
26.462091924,-0.9926,0.8595,0.1912,1.327
26.464353155,-0.9923,0.9018,0.2442,1.363
26.46647077,-0.9720,0.9441,0.2750,1.383
26.469810463,-0.9388,0.9817,0.2813,1.387
26.471470078,-0.8873,1.0235,0.2667,1.381
26.477436232,-0.8235,1.0731,0.2310,1.372
26.47813877,-0.7537,1.1270,0.1812,1.368
26.478795693,-0.6794,1.1955,0.1297,1.381
26.48872954,-0.6088,1.2717,0.0744,1.412
26.489707924,-0.5391,1.3555,0.0195,1.459
26.48994177,-0.4665,1.4374,-0.0247,1.511
26.490076001,-0.3884,1.5241,-0.0594,1.574
26.490680232,-0.2992,1.6071,-0.0794,1.637
26.493339924,-0.1973,1.6885,-0.0869,1.702
26.49534154,-0.0779,1.7517,-0.0657,1.755
26.500210463,0.0596,1.7918,-0.0281,1.793
26.501226078,0.2033,1.8121,0.0202,1.824
26.50260277,0.3574,1.7987,0.0539,1.835
26.505749155,0.4984,1.7540,0.0558,1.824
26.507846155,0.6112,1.6683,-0.0037,1.777
26.509898155,0.6892,1.5502,-0.1082,1.700
26.512733232,0.7263,1.4041,-0.2429,1.599
26.514910693,0.7456,1.2341,-0.3913,1.494
26.517167924,0.7507,1.0513,-0.5131,1.390
26.519857155,0.7168,0.8793,-0.5636,1.267
26.522414078,0.6266,0.7315,-0.5602,1.114
26.524259001,0.4964,0.6155,-0.5289,0.951
26.527061232,0.3261,0.5372,-0.4737,0.787
26.52958854,0.1461,0.4872,-0.4148,0.656
26.531733232,-0.0449,0.4620,-0.3682,0.592
26.534120232,-0.2389,0.4542,-0.3196,0.605
26.536523001,-0.4169,0.4528,-0.2595,0.668
26.539585155,-0.5709,0.4447,-0.2030,0.752
26.541276924,-0.6947,0.4273,-0.1575,0.831
26.543681232,-0.7959,0.3970,-0.1153,0.897
26.546202463,-0.8634,0.3531,-0.0933,0.937
26.554554386,-0.9303,0.3057,-0.0820,0.983
26.555563693,-0.9682,0.2475,-0.1065,1.005
26.555934078,-0.9936,0.1880,-0.1419,1.021
26.556264232,-1.0097,0.1317,-0.1700,1.032
26.558060847,-1.0327,0.0892,-0.1969,1.055
26.560664924,-1.0654,0.0648,-0.2091,1.088
26.564063386,-1.1089,0.0667,-0.1984,1.128
26.565611078,-1.1602,0.0939,-0.1681,1.176
26.568512001,-1.2083,0.1454,-0.1183,1.223
26.570500001,-1.2552,0.2136,-0.0486,1.274
26.573198693,-1.2843,0.3001,0.0253,1.319
26.575094693,-1.2960,0.3953,0.0938,1.358
26.577534693,-1.2874,0.5001,0.1397,1.388
26.58304554,-1.2601,0.6075,0.1639,1.408
26.583530078,-1.2117,0.7217,0.1690,1.420
26.584735617,-1.1494,0.8281,0.1523,1.425
26.587094693,-1.0735,0.9169,0.1245,1.417
26.592117847,-0.9899,0.9839,0.0869,1.398
26.592457155,-0.9037,1.0479,0.0353,1.384
26.594334463,-0.8147,1.0860,-0.0188,1.358
26.603219617,-0.7238,1.1046,-0.0654,1.322
26.603889847,-0.6415,1.1023,-0.1162,1.281
26.604081232,-0.5620,1.0843,-0.1627,1.232
26.604552232,-0.4746,1.0499,-0.2079,1.171
26.60640577,-0.3918,0.9934,-0.2509,1.097
26.608663924,-0.3129,0.9262,-0.3010,1.023
26.611278463,-0.2475,0.8486,-0.3070,0.936
26.614099309,-0.1949,0.7659,-0.2988,0.845
26.615773847,-0.1511,0.6902,-0.2961,0.766
26.61852977,-0.1269,0.6231,-0.2912,0.699
26.621206463,-0.1152,0.5656,-0.2837,0.643
26.62308577,-0.1213,0.5221,-0.2907,0.610
26.625472309,-0.1357,0.4974,-0.2970,0.595
26.628047001,-0.1673,0.4926,-0.3098,0.605
26.630460309,-0.2098,0.5178,-0.3230,0.645
26.63278677,-0.2657,0.5663,-0.3328,0.709
26.635374155,-0.3261,0.6409,-0.3482,0.799
26.63801254,-0.3920,0.7327,-0.3684,0.909
26.639944001,-0.4555,0.8363,-0.3897,1.029
26.642466386,-0.5208,0.9372,-0.4055,1.146
26.64493654,-0.5838,1.0210,-0.4178,1.248
26.647563693,-0.6383,1.1151,-0.4309,1.355
26.649862078,-0.6850,1.2148,-0.4505,1.466
26.65226954,-0.7199,1.2932,-0.4759,1.555
26.655382463,-0.7427,1.3636,-0.5062,1.633
26.657120232,-0.7593,1.4244,-0.5262,1.698
26.659791693,-0.7644,1.4757,-0.5245,1.743
26.662216924,-0.7688,1.5204,-0.5138,1.779
26.66494854,-0.7770,1.5619,-0.5033,1.816
26.666799078,-0.7844,1.5989,-0.4903,1.847
26.669678155,-0.7854,1.6218,-0.4820,1.865
26.676322155,-0.7915,1.6350,-0.4479,1.871
26.677623386,-0.7940,1.6347,-0.4114,1.863
26.678095309,-0.7910,1.6252,-0.3831,1.848
26.678846155,-0.7814,1.6037,-0.3755,1.823
26.685948617,-0.7754,1.5770,-0.3689,1.796
26.687028001,-0.7768,1.5358,-0.3669,1.760
26.687207617,-0.7768,1.4906,-0.3618,1.719
26.68836554,-0.7756,1.4319,-0.3550,1.667
26.690803924,-0.7763,1.3618,-0.3494,1.606
26.69338054,-0.7779,1.2898,-0.3559,1.548
26.697892232,-0.7766,1.2104,-0.3669,1.484
26.69819354,-0.7768,1.1307,-0.3806,1.424
26.70032154,-0.7798,1.0550,-0.3938,1.370
26.702828001,-0.7826,0.9881,-0.4041,1.324
26.705910078,-0.7835,0.9194,-0.4248,1.280
26.707565463,-0.7851,0.8535,-0.4544,1.245
26.710268309,-0.7952,0.7909,-0.4842,1.222
26.712924617,-0.8103,0.7366,-0.5001,1.204
26.715939386,-0.8287,0.6978,-0.4991,1.193
26.717543693,-0.8576,0.6780,-0.5010,1.203
26.719808617,-0.8827,0.6494,-0.5289,1.217
26.722441232,-0.8956,0.6023,-0.5543,1.213
26.725033232,-0.8916,0.5446,-0.5819,1.196
26.72726177,-0.8948,0.4920,-0.5800,1.174
26.729483001,-0.9088,0.4564,-0.5619,1.162
26.731811386,-0.9026,0.4027,-0.5487,1.130
26.734471001,-0.9149,0.3670,-0.5483,1.128
26.737685463,-0.9317,0.3382,-0.5548,1.136
26.739060001,-0.9530,0.3140,-0.5636,1.151
26.741437847,-0.9747,0.2896,-0.5775,1.169
26.743961232,-0.9980,0.2656,-0.5888,1.189
26.74644854,-1.0272,0.2458,-0.5956,1.213
26.749026463,-1.0570,0.2243,-0.5939,1.233
26.751297847,-1.0933,0.2013,-0.5785,1.253
26.754071386,-1.1355,0.1799,-0.5595,1.279
26.755827078,-1.1834,0.1537,-0.5250,1.304
26.758421847,-1.2398,0.1288,-0.4654,1.331
26.760729232,-1.2801,0.0944,-0.3962,1.343
26.763144617,-1.3131,0.0545,-0.3433,1.358
26.76560554,-1.3307,0.0124,-0.3070,1.366
26.768154693,-1.3388,-0.0323,-0.2939,1.371
26.775106078,-1.3358,-0.0812,-0.2858,1.368
26.775981463,-1.3300,-0.1359,-0.2775,1.365
26.776255693,-1.3190,-0.1816,-0.2567,1.356
26.778051309,-1.3062,-0.2302,-0.2206,1.345
26.789802078,-1.2929,-0.2762,-0.1781,1.334
26.790428309,-1.2813,-0.3150,-0.1449,1.327
26.790771078,-1.2743,-0.3419,-0.1505,1.328
26.791662693,-1.2689,-0.3493,-0.1881,1.329
26.792431924,-1.2535,-0.3243,-0.2164,1.313
26.793003617,-1.2095,-0.2669,-0.1868,1.253
26.79790454,-1.1175,-0.1767,-0.1195,1.138
26.798911617,-0.9771,-0.0835,-0.0293,0.981
26.799458155,-0.8238,0.0012,0.0556,0.826
26.80353654,-0.6705,0.0672,0.1565,0.692
26.804448924,-0.5222,0.1207,0.2594,0.595
26.807467386,-0.3852,0.1608,0.3610,0.552
26.80940177,-0.2628,0.1867,0.4560,0.558
26.811701155,-0.1490,0.2050,0.5333,0.590
26.81441477,-0.0539,0.2202,0.5948,0.637
26.816223924,0.0170,0.2343,0.6430,0.685
26.818791693,0.0820,0.2456,0.6659,0.715
26.82147654,0.1502,0.2537,0.6400,0.705
26.823527078,0.1994,0.2563,0.5672,0.654
26.826209463,0.2590,0.2529,0.4483,0.576
26.828351617,0.2998,0.2502,0.3227,0.507
26.83113254,0.3191,0.2544,0.1917,0.451
26.833258463,0.3066,0.2658,0.0574,0.410
26.836765232,0.2785,0.2824,-0.0596,0.401
26.838196924,0.2438,0.3028,-0.1568,0.419
26.840362078,0.2006,0.3201,-0.2541,0.455
26.84462554,0.1524,0.3413,-0.3300,0.499
26.845728617,0.0975,0.3523,-0.3913,0.536
26.847686463,0.0403,0.3734,-0.4412,0.579
26.851271386,-0.0002,0.3836,-0.4735,0.609
26.853150693,-0.0493,0.3844,-0.4828,0.619
26.854785232,-0.0825,0.3865,-0.4894,0.629
26.857259078,-0.1079,0.3888,-0.4879,0.633
26.859842155,-0.1301,0.3907,-0.4768,0.630
26.862001463,-0.1502,0.3941,-0.4551,0.620
26.864579386,-0.1739,0.4012,-0.4190,0.606
26.867119693,-0.1939,0.4114,-0.3687,0.585
26.873737463,-0.2228,0.4284,-0.3154,0.577
26.874456001,-0.2503,0.4471,-0.2607,0.575
26.875202693,-0.2799,0.4659,-0.1994,0.579
26.877341847,-0.3067,0.4826,-0.1434,0.589
26.886480924,-0.3312,0.5013,-0.0931,0.608
26.887772847,-0.3510,0.5229,-0.0503,0.632
26.888192617,-0.3696,0.5461,-0.0179,0.660
26.888422155,-0.3813,0.5639,0.0067,0.681
26.888614693,-0.3886,0.5864,0.0221,0.704
26.891588924,-0.3957,0.6089,0.0439,0.727
26.896250463,-0.3969,0.6271,0.0654,0.745
26.897182386,-0.3901,0.6482,0.0910,0.762
26.89915654,-0.3835,0.6660,0.1133,0.777
26.900870078,-0.3686,0.6812,0.1236,0.784
26.906019001,-0.3624,0.6912,0.1133,0.789
26.90655477,-0.3402,0.6949,0.1033,0.781
26.907946463,-0.3197,0.7073,0.1033,0.783
26.911084001,-0.3344,0.7266,0.0854,0.804
26.91261354,-0.3439,0.7268,0.0525,0.806
26.915080847,-0.3461,0.7415,0.0568,0.820
26.917485155,-0.3608,0.7523,0.0488,0.836
26.919860847,-0.3786,0.7626,0.0195,0.852
26.922482078,-0.3996,0.7699,-0.0146,0.868
26.924913155,-0.4236,0.7760,-0.0457,0.885
26.927443078,-0.4544,0.7789,-0.0757,0.905
26.930242463,-0.4971,0.7885,-0.0911,0.937
26.932035386,-0.5286,0.7948,-0.0941,0.959
26.934439078,-0.5550,0.7990,-0.0929,0.977
26.937330693,-0.5843,0.8058,-0.0877,0.999
26.939828232,-0.6019,0.8021,-0.0892,1.007
26.941950078,-0.6153,0.7929,-0.0972,1.008
26.944550693,-0.6393,0.7946,-0.1062,1.025
26.946689232,-0.6564,0.7897,-0.1183,1.034
26.948941463,-0.6776,0.7906,-0.1297,1.049
26.952208617,-0.7092,0.7904,-0.1509,1.073
26.953635617,-0.7213,0.7909,-0.1717,1.084
26.956291617,-0.7432,0.7994,-0.1896,1.108
26.958986155,-0.7575,0.8050,-0.1947,1.122
26.961323001,-0.7774,0.8134,-0.1908,1.141
26.96360154,-0.7993,0.8253,-0.1837,1.163
26.966496309,-0.8154,0.8388,-0.1840,1.184
26.972211309,-0.8245,0.8519,-0.1779,1.199
26.972931386,-0.8331,0.8679,-0.1693,1.215
26.974064924,-0.8264,0.8766,-0.1661,1.216
26.976656001,-0.8166,0.8898,-0.1654,1.219
26.984482386,-0.8047,0.9082,-0.1649,1.225
26.985466155,-0.7907,0.9216,-0.1427,1.223
26.985694078,-0.7719,0.9350,-0.1106,1.218
26.985902693,-0.7331,0.9495,-0.0838,1.202
26.988053463,-0.6866,0.9570,-0.0784,1.180
26.990703001,-0.6354,0.9695,-0.0975,1.163
26.992876847,-0.5929,0.9890,-0.1026,1.158
26.996217232,-0.5631,1.0084,-0.0992,1.159
26.997145155,-0.5322,1.0252,-0.1092,1.160
26.999476924,-0.5135,1.0406,-0.1265,1.167
27.002227693,-0.5015,1.0508,-0.1542,1.175
27.004269847,-0.4870,1.0618,-0.1933,1.184
27.00682854,-0.4741,1.0729,-0.2318,1.196
27.009839924,-0.4602,1.0778,-0.2775,1.204
27.012684001,-0.4521,1.0834,-0.3137,1.215
27.014306155,-0.4455,1.0831,-0.3491,1.222
27.016602155,-0.4443,1.0831,-0.3720,1.228
27.018943309,-0.4399,1.0885,-0.3869,1.236
27.021394386,-0.4402,1.0838,-0.3965,1.235
27.023906693,-0.4367,1.0831,-0.4087,1.237
27.026466155,-0.4313,1.0792,-0.4058,1.231
27.02940554,-0.4267,1.0755,-0.4092,1.227
27.030866386,-0.4301,1.0753,-0.4073,1.228
27.035081463,-0.4304,1.0689,-0.4024,1.221
27.036079078,-0.4374,1.0652,-0.3948,1.217
27.038268617,-0.4429,1.0694,-0.3801,1.218
27.040776232,-0.4514,1.0782,-0.3684,1.226
27.043194463,-0.4619,1.0858,-0.3589,1.233
27.045476924,-0.4795,1.1002,-0.3482,1.250
27.04774954,-0.4963,1.1151,-0.3377,1.266
27.051178693,-0.5032,1.1293,-0.3289,1.279
27.052583078,-0.5171,1.1426,-0.3168,1.294
27.054989232,-0.5315,1.1600,-0.3091,1.313
27.057873232,-0.5391,1.1691,-0.2765,1.317
27.060206386,-0.5320,1.1803,-0.2602,1.321
27.062451693,-0.5266,1.1871,-0.2627,1.325
27.064687309,-0.5135,1.1959,-0.2678,1.329
27.067340847,-0.5000,1.2040,-0.2634,1.330
27.069384924,-0.4844,1.2048,-0.2411,1.321
27.071824847,-0.4685,1.1980,-0.2171,1.305
27.074313232,-0.4485,1.1879,-0.1901,1.284
27.08003777,-0.4280,1.1701,-0.1622,1.256
27.080711386,-0.4064,1.1542,-0.1351,1.231
27.082563386,-0.3877,1.1305,-0.1178,1.201
27.094682155,-0.3722,1.1034,-0.1102,1.170
27.095411386,-0.3600,1.0706,-0.1053,1.134
27.095916001,-0.3446,1.0386,-0.0948,1.098
27.09640954,-0.3317,1.0037,-0.0792,1.060
27.096616847,-0.3080,0.9716,-0.0510,1.021
27.097046693,-0.2834,0.9436,-0.0249,0.986
27.09947654,-0.2545,0.9223,-0.0032,0.957
27.103027309,-0.2271,0.9013,0.0070,0.930
27.103907924,-0.2027,0.8894,0.0083,0.912
27.10574177,-0.1768,0.8717,0.0004,0.889
27.109021463,-0.1590,0.8619,-0.0086,0.877
27.110283309,-0.1409,0.8532,-0.0173,0.865
27.112919078,-0.1267,0.8502,-0.0237,0.860
27.115610693,-0.1208,0.8446,-0.0279,0.854
27.118451693,-0.1157,0.8402,-0.0324,0.849
27.119956001,-0.1164,0.8381,-0.0288,0.847
27.123368847,-0.1220,0.8409,-0.0288,0.850
27.125750386,-0.1378,0.8498,-0.0296,0.861
27.127371924,-0.1583,0.8527,-0.0324,0.868
27.130188847,-0.1846,0.8581,-0.0340,0.878
27.133940617,-0.2122,0.8610,-0.0403,0.888
27.134920617,-0.2438,0.8661,-0.0525,0.901
27.137173463,-0.2769,0.8666,-0.0598,0.912
27.139738693,-0.2962,0.8605,-0.0703,0.913
27.14203777,-0.3160,0.8512,-0.0784,0.911
27.144421463,-0.3373,0.8426,-0.0792,0.911
27.147214693,-0.3519,0.8290,-0.0724,0.903
27.150536309,-0.3703,0.8139,-0.0671,0.897
27.151692847,-0.3810,0.8011,-0.0618,0.889
27.153976309,-0.3962,0.7865,-0.0584,0.883
27.15680577,-0.3969,0.7731,-0.0496,0.870
27.159231001,-0.4006,0.7571,-0.0384,0.857
27.161250155,-0.4123,0.7408,-0.0259,0.848
27.163978693,-0.4185,0.7266,-0.0095,0.839
27.167215309,-0.4229,0.7159,0.0143,0.832
27.168595309,-0.4229,0.7066,0.0351,0.824
27.17086177,-0.4204,0.7024,0.0547,0.820
27.173448924,-0.4123,0.6970,0.0712,0.813
27.180591924,-0.3979,0.7019,0.0796,0.811
27.181531617,-0.3782,0.7063,0.0781,0.805
27.181810155,-0.3568,0.7112,0.0744,0.799
27.190693232,-0.3337,0.7188,0.0623,0.795
27.191528617,-0.3060,0.7322,0.0458,0.795
27.191847693,-0.2750,0.7469,0.0221,0.796
27.192007693,-0.2417,0.7626,-0.0039,0.800
27.192260309,-0.2083,0.7808,-0.0268,0.809
27.195750386,-0.1704,0.7969,-0.0491,0.816
27.19837654,-0.1338,0.8107,-0.0618,0.824
27.201940309,-0.1035,0.8239,-0.0774,0.834
27.202420617,-0.0719,0.8386,-0.0872,0.846
27.20430554,-0.0449,0.8524,-0.0978,0.859
27.207160309,-0.0192,0.8588,-0.1060,0.866
27.209309232,0.0012,0.8656,-0.1121,0.873
27.211660617,0.0166,0.8679,-0.1143,0.876
27.21420554,0.0298,0.8656,-0.1121,0.873
27.216644232,0.0393,0.8632,-0.1041,0.870
27.219175078,0.0408,0.8622,-0.0972,0.869
27.22145777,0.0459,0.8527,-0.0904,0.859
27.224898463,0.0430,0.8481,-0.0920,0.854
27.226066078,0.0377,0.8437,-0.1050,0.851
27.228586155,0.0296,0.8386,-0.1141,0.847
27.231139078,0.0215,0.8400,-0.1214,0.849
27.23355754,0.0144,0.8346,-0.0972,0.840
27.23598977,0.0007,0.8397,-0.0782,0.843
27.238507309,-0.0006,0.8353,-0.0713,0.838
27.24122977,-0.0072,0.8341,-0.0787,0.838
27.243111693,-0.0111,0.8365,-0.0920,0.842
27.245659386,-0.0116,0.8370,-0.1090,0.844
27.247926078,-0.0207,0.8414,-0.1226,0.851
27.250465847,-0.0258,0.8507,-0.1370,0.862
27.253215693,-0.0321,0.8598,-0.1449,0.873
27.255287001,-0.0427,0.8684,-0.1478,0.882
27.257861463,-0.0500,0.8779,-0.1486,0.892
27.260067693,-0.0576,0.8896,-0.1524,0.904
27.263243309,-0.0675,0.8971,-0.1551,0.913
27.265922078,-0.0698,0.9033,-0.1602,0.920
27.267193155,-0.0747,0.9111,-0.1712,0.930
27.269791309,-0.0798,0.9241,-0.1840,0.946
27.272119309,-0.0877,0.9406,-0.2028,0.966
27.277888001,-0.0998,0.9414,-0.2392,0.976
27.278487693,-0.1194,0.9473,-0.3184,1.006
27.279768847,-0.1455,0.9521,-0.3882,1.038
27.287014078,-0.1614,0.9269,-0.4432,1.040
27.287409232,-0.1555,0.8549,-0.5006,1.003
27.287603078,-0.1101,0.7513,-0.5807,0.956
27.289918078,-0.0409,0.6504,-0.8001,1.032
27.297470463,0.0149,0.5856,-1.1472,1.288
27.297936617,0.0571,0.6152,-1.3007,1.440
27.298120001,0.0784,0.7433,-1.1859,1.402
27.298669847,0.0926,0.9231,-0.8267,1.243
27.301073232,0.1474,1.1136,-0.2856,1.159
27.303428232,0.2343,1.3181,0.3156,1.375
27.306634693,0.3212,1.4791,0.6742,1.657
27.308048924,0.3574,1.5968,0.7663,1.807
27.310882693,0.3024,1.6878,0.7423,1.868
27.313435386,0.2775,1.7181,0.6715,1.865
27.315704232,0.2978,1.7657,0.4973,1.858
27.31796977,0.3464,1.8160,0.3300,1.878
27.32040677,0.4119,1.8348,0.1760,1.889
27.322775386,0.4632,1.8251,0.0090,1.883
27.32489254,0.4989,1.7867,-0.1700,1.863
27.32751477,0.4994,1.7566,-0.2768,1.847
27.330038386,0.4676,1.7393,-0.3403,1.833
27.332409232,0.4209,1.7158,-0.3760,1.806
27.334832232,0.3904,1.6758,-0.2683,1.741
27.337309155,0.3880,1.6299,-0.0666,1.677
27.33990977,0.4009,1.5788,0.0908,1.631
27.341942155,0.4373,1.5297,0.1570,1.599
27.34444154,0.4524,1.4982,0.0737,1.567
27.346915078,0.4258,1.4933,-0.1151,1.557
27.34932577,0.3821,1.5187,-0.3308,1.601
27.35182154,0.3501,1.5746,-0.5369,1.700
27.35428277,0.3518,1.6520,-0.6559,1.812
27.356400847,0.3934,1.7459,-0.6289,1.897
27.358806155,0.4615,1.8598,-0.5187,1.985
27.361868617,0.5436,2.0175,-0.3728,2.122
27.363838386,0.6496,2.2369,-0.2167,2.339
27.36608154,0.7715,2.5255,-0.0510,2.641
27.368661232,0.8881,2.8642,0.1331,3.002
27.371059078,1.0027,3.1707,0.3630,3.345
27.377507924,1.1206,3.4143,0.6845,3.658
27.378385847,1.1876,3.6156,1.1340,3.971
27.378884617,1.1991,3.7151,1.6067,4.222
27.388026463,1.2225,3.6173,1.8464,4.241
27.389122386,1.2128,3.3599,1.7832,3.992
27.38946954,1.0586,2.9970,1.3864,3.468
27.389798155,0.8625,2.6205,0.9154,2.907
27.390118078,0.6140,2.2673,0.4788,2.397
27.393123386,0.3462,1.9778,0.1805,2.016
27.396091386,0.0591,1.7058,-0.0687,1.708
27.398447617,-0.2110,1.4452,-0.2585,1.483
27.40008154,-0.4532,1.2180,-0.4062,1.362
27.40215654,-0.6722,1.0144,-0.5455,1.334
27.404645155,-0.8616,0.7960,-0.6667,1.349
27.407090693,-0.9920,0.5517,-0.9282,1.466
27.410223078,-0.9789,0.2839,-1.0044,1.431
27.412076847,-1.0376,0.0939,-0.9428,1.405
27.414496309,-1.0947,-0.0790,-0.8730,1.402
27.416783309,-1.2482,-0.2063,-0.8180,1.507
27.419617847,-1.4285,-0.3231,-0.7796,1.659
27.421917463,-1.5931,-0.4066,-0.7620,1.812
27.424013847,-1.7282,-0.4469,-0.7556,1.938
27.426382078,-1.8387,-0.4320,-0.7673,2.039
27.429042463,-1.9134,-0.3766,-0.7575,2.092
27.431377847,-1.9459,-0.2784,-0.7286,2.096
27.433694155,-1.9149,-0.1384,-0.6745,2.035
27.436128232,-1.8233,0.0254,-0.5976,1.919
27.43894854,-1.7231,0.1864,-0.5157,1.808
27.440747001,-1.6224,0.3450,-0.4479,1.718
27.44341377,-1.5222,0.4887,-0.4062,1.650
27.445988617,-1.4169,0.6184,-0.3804,1.592
27.44801254,-1.3141,0.7368,-0.3684,1.551
27.451553847,-1.2159,0.8405,-0.3657,1.523
27.45319377,-1.1271,0.9289,-0.3476,1.501
27.456368001,-1.0534,1.0119,-0.3855,1.511
27.457664309,-0.9911,1.0927,-0.3816,1.524
27.46016554,-0.9486,1.1603,-0.3865,1.548
27.462687078,-0.9242,1.2172,-0.3950,1.579
27.465106155,-0.9158,1.2724,-0.4051,1.619
27.467345155,-0.9168,1.3154,-0.4139,1.656
27.469943924,-0.9263,1.3467,-0.4158,1.687
27.472552309,-0.9293,1.3638,-0.4087,1.700
27.474725463,-0.9279,1.3608,-0.3997,1.695
27.477187617,-0.9183,1.3445,-0.3806,1.672
27.483923078,-0.8936,1.3110,-0.3476,1.624
27.484911309,-0.8472,1.2649,-0.3256,1.557
27.485143078,-0.7863,1.2082,-0.3081,1.474
27.486655617,-0.7118,1.1444,-0.2876,1.378
27.494415617,-0.6221,1.0774,-0.2553,1.270
27.495483386,-0.5261,1.0112,-0.2184,1.161
27.495721463,-0.4321,0.9570,-0.1886,1.067
27.497339309,-0.3324,0.9075,-0.1558,0.979
27.499551078,-0.2396,0.8728,-0.1307,0.914
27.500915693,-0.1614,0.8468,-0.1085,0.869
27.503859309,-0.1118,0.8376,-0.0957,0.850
27.506103309,-0.0744,0.8400,-0.0860,0.848
27.508186386,-0.0390,0.8505,-0.0666,0.854
27.51136454,-0.0118,0.8661,-0.0618,0.868
27.513539386,0.0117,0.8833,-0.0728,0.886
27.515427078,0.0219,0.9050,-0.0762,0.908
27.51805877,0.0263,0.9318,-0.0820,0.936
27.521732847,0.0193,0.9565,-0.0987,0.962
27.522723924,0.0058,0.9770,-0.1114,0.983
27.525192309,-0.0083,0.9991,-0.1209,1.006
27.527858155,-0.0321,1.0130,-0.1321,1.022
27.530440847,-0.0656,1.0342,-0.1512,1.047
27.532340847,-0.1013,1.0503,-0.1793,1.070
27.534992309,-0.1378,1.0618,-0.2042,1.090
27.538179078,-0.1707,1.0731,-0.2211,1.109
27.53969354,-0.2039,1.0809,-0.2211,1.122
27.542124309,-0.2305,1.0855,-0.2152,1.130
27.544663924,-0.2503,1.0878,-0.2077,1.135
27.549035078,-0.2620,1.0829,-0.2038,1.133
27.550107693,-0.2628,1.0685,-0.2038,1.119
27.55185377,-0.2559,1.0557,-0.1998,1.105
27.555344232,-0.2389,1.0391,-0.2006,1.085
27.564067617,-0.2240,1.0220,-0.1998,1.065
27.565022078,-0.2095,1.0047,-0.1898,1.044
27.565743386,-0.1951,0.9832,-0.1774,1.018
27.566182693,-0.1809,0.9621,-0.1610,0.992
27.566619924,-0.1739,0.9446,-0.1444,0.971
27.56885754,-0.1621,0.9252,-0.1341,0.949
27.57209354,-0.1592,0.9045,-0.1285,0.927
27.573420309,-0.1592,0.8847,-0.1263,0.908
27.575859001,-0.1592,0.8671,-0.1288,0.891
27.579815386,-0.1614,0.8524,-0.1319,0.878
27.580530693,-0.1648,0.8388,-0.1432,0.867
27.583199386,-0.1729,0.8325,-0.1517,0.864
27.58542577,-0.1788,0.8197,-0.1581,0.854
27.588320001,-0.1851,0.8204,-0.1639,0.857
27.590623693,-0.1902,0.8200,-0.1666,0.858
27.59292177,-0.1883,0.8246,-0.1683,0.862
27.595445232,-0.1875,0.8351,-0.1703,0.873
27.597467078,-0.1819,0.8458,-0.1717,0.882
27.59987354,-0.1741,0.8630,-0.1719,0.897
27.602643078,-0.1590,0.8766,-0.1725,0.907
27.604783001,-0.1450,0.8922,-0.1766,0.921
27.607082386,-0.1233,0.9075,-0.1784,0.933
27.609719078,-0.1010,0.9182,-0.1805,0.941
27.612255309,-0.0810,0.9277,-0.1837,0.949
27.614325232,-0.0583,0.9365,-0.1877,0.957
27.616922693,-0.0381,0.9436,-0.1898,0.963
27.620351693,-0.0167,0.9495,-0.1917,0.969
27.621708232,-0.0002,0.9555,-0.1920,0.975
27.624154155,0.0168,0.9567,-0.1945,0.976
27.628792232,0.0344,0.9527,-0.1942,0.973
27.629524232,0.0479,0.9483,-0.1971,0.970
27.631915386,0.0586,0.9421,-0.1973,0.964
27.63387377,0.0666,0.9362,-0.2013,0.960
27.637309847,0.0736,0.9255,-0.2054,0.951
27.638328001,0.0771,0.9157,-0.2126,0.943
27.64089777,0.0838,0.9075,-0.2243,0.939
27.643387309,0.0836,0.9013,-0.2311,0.934
27.645764001,0.0880,0.8979,-0.2333,0.932
27.648621463,0.0889,0.8947,-0.2311,0.928
27.650724309,0.0882,0.9001,-0.2320,0.934
27.653817155,0.0874,0.8998,-0.2387,0.935
27.655313232,0.0867,0.9028,-0.2462,0.940
27.657914078,0.0862,0.9145,-0.2597,0.955
27.660364309,0.0818,0.9236,-0.2704,0.966
27.663416232,0.0843,0.9309,-0.2744,0.974
27.664980924,0.0831,0.9426,-0.2751,0.985
27.667718386,0.0831,0.9511,-0.2760,0.994
27.673367386,0.0848,0.9609,-0.2726,1.002
27.674016617,0.0880,0.9672,-0.2680,1.008
27.674715078,0.0867,0.9727,-0.2614,1.011
27.677176847,0.0887,0.9737,-0.2548,1.010
27.682858463,0.0850,0.9692,-0.2490,1.004
27.683228924,0.0811,0.9626,-0.2487,0.998
27.684359386,0.0726,0.9518,-0.2469,0.986
27.693129463,0.0571,0.9446,-0.2502,0.979
27.69382454,0.0373,0.9343,-0.2509,0.968
27.694016232,0.0161,0.9236,-0.2516,0.957
27.694206463,-0.0083,0.9111,-0.2555,0.946
27.69622954,-0.0393,0.9003,-0.2570,0.937
27.69873254,-0.0671,0.8861,-0.2578,0.925
27.701345232,-0.0913,0.8705,-0.2587,0.913
27.703955386,-0.1180,0.8581,-0.2567,0.903
27.706093155,-0.1397,0.8456,-0.2578,0.895
27.708763078,-0.1572,0.8370,-0.2553,0.889
27.711310386,-0.1765,0.8305,-0.2467,0.884
27.713530078,-0.1914,0.8293,-0.2343,0.883
27.71561354,-0.1990,0.8305,-0.2155,0.881
27.718295924,-0.2022,0.8339,-0.1928,0.879
27.72063254,-0.1932,0.8437,-0.1715,0.882
27.72316854,-0.1788,0.8551,-0.1512,0.887
27.726720001,-0.1587,0.8684,-0.1360,0.893
27.728605463,-0.1292,0.8822,-0.1190,0.900
27.73038177,-0.0950,0.8950,-0.0975,0.905
27.732619309,-0.0574,0.9082,-0.0733,0.913
27.736482155,-0.0170,0.9162,-0.0552,0.918
27.73798954,0.0200,0.9238,-0.0473,0.925
27.739792001,0.0547,0.9255,-0.0437,0.928
27.742408232,0.0860,0.9199,-0.0430,0.925
27.74477754,0.1026,0.9067,-0.0601,0.914
27.747804617,0.1102,0.8857,-0.0994,0.898
27.749654155,0.0987,0.8576,-0.1614,0.878
27.753411694,0.0787,0.8236,-0.2331,0.860
27.754213463,0.0386,0.7960,-0.2946,0.850
27.75709254,-0.0165,0.7764,-0.3408,0.848
27.759298386,-0.0881,0.7715,-0.3633,0.857
27.761571694,-0.1763,0.7792,-0.3615,0.877
27.764300617,-0.2636,0.7916,-0.3417,0.902
27.766586155,-0.3507,0.8123,-0.3032,0.935
27.769982694,-0.4329,0.8383,-0.2621,0.979
27.771300001,-0.5052,0.8635,-0.2255,1.026
27.774178078,-0.5657,0.8915,-0.1930,1.073
27.776287001,-0.6146,0.9176,-0.1637,1.117
27.783475309,-0.6559,0.9431,-0.1390,1.157
27.784378078,-0.6866,0.9700,-0.1118,1.194
27.784668001,-0.7125,1.0000,-0.0906,1.231
27.78574154,-0.7234,1.0328,-0.0740,1.263
27.788060232,-0.7258,1.0694,-0.0669,1.294
27.790565155,-0.7172,1.1112,-0.0608,1.324
27.793441463,-0.6975,1.1530,-0.0662,1.349
27.795203309,-0.6591,1.1977,-0.0699,1.369
27.79851077,-0.6107,1.2436,-0.0780,1.388
27.800601155,-0.5511,1.2891,-0.0852,1.405
27.80317377,-0.4875,1.3326,-0.0806,1.421
27.80496154,-0.4162,1.3657,-0.0708,1.429
27.807360001,-0.3400,1.3907,-0.0631,1.433
27.810629463,-0.2533,1.3983,-0.0682,1.423
27.81207254,-0.1646,1.3865,-0.0916,1.399
27.81458054,-0.0771,1.3608,-0.1319,1.369
27.816959694,0.0100,1.3093,-0.1700,1.320
27.819426386,0.0789,1.2392,-0.1873,1.256
27.821793155,0.1546,1.1395,-0.1891,1.165
27.824587617,0.2213,1.0210,-0.1779,1.060
27.827307309,0.2294,0.8915,-0.1954,0.941
27.829075924,0.2152,0.7479,-0.2252,0.810
27.83172554,0.1710,0.6054,-0.2736,0.686
27.835132309,0.0899,0.4747,-0.3531,0.598
27.836564617,-0.0041,0.3518,-0.4329,0.558
27.839162463,-0.1267,0.2553,-0.4866,0.564
27.841561232,-0.2660,0.1875,-0.5013,0.598
27.84375777,-0.4106,0.1398,-0.4742,0.643
27.84658554,-0.5576,0.1112,-0.4024,0.697
27.848533232,-0.7008,0.1016,-0.2974,0.768
27.851471001,-0.8355,0.0958,-0.1947,0.863
27.853597463,-0.9486,0.0785,-0.1118,0.958
27.85589077,-1.0265,0.0562,-0.0577,1.030
27.858250155,-1.0966,0.0394,-0.0271,1.098
27.86109477,-1.1274,0.0279,-0.0279,1.128
27.86355754,-1.1301,0.0387,-0.0403,1.131
27.865350078,-1.1164,0.0787,-0.0442,1.120
27.872683309,-1.0879,0.1524,-0.0256,1.099
27.873280232,-1.0437,0.2654,0.0111,1.077
27.873528847,-0.9967,0.4029,0.0542,1.076
27.875167001,-0.9505,0.5570,0.0828,1.105
27.88098054,-0.9061,0.7298,0.0910,1.167
27.881318694,-0.8729,0.9199,0.0710,1.270
27.882332924,-0.8431,1.1281,0.0202,1.408
27.890915386,-0.8206,1.3484,-0.0535,1.579
27.891926386,-0.7991,1.5879,-0.1351,1.783
27.892243386,-0.7678,1.8048,-0.2079,1.972
27.892707309,-0.7141,1.9846,-0.2655,2.126
27.894716847,-0.6349,2.1104,-0.2970,2.224
27.897077847,-0.5433,2.2189,-0.2783,2.301
27.899564924,-0.4367,2.2944,-0.2438,2.348
27.901931078,-0.3251,2.3447,-0.2066,2.376
27.903773155,-0.2132,2.3799,-0.1786,2.396
27.906538694,-0.1099,2.3911,-0.1630,2.399
27.909878155,-0.0065,2.3972,-0.1474,2.402
27.911279694,0.0829,2.3946,-0.1612,2.401
27.913614155,0.1705,2.3789,-0.1915,2.393
27.916023924,0.2565,2.3379,-0.2091,2.361
27.918739694,0.3337,2.2819,-0.1947,2.314
27.920779924,0.3860,2.2020,-0.1686,2.242
27.923380847,0.4393,2.0946,-0.1373,2.145
27.926096924,0.4654,1.9639,-0.1351,2.023
27.927890078,0.4584,1.8106,-0.1575,1.874
27.931168847,0.4288,1.6460,-0.2038,1.713
27.932812001,0.3713,1.4686,-0.2467,1.535
27.935626155,0.2775,1.3052,-0.3030,1.368
27.93800954,0.1505,1.1705,-0.4024,1.247
27.941615001,0.0156,1.0564,-0.5140,1.175
27.943678155,-0.1345,0.9672,-0.5614,1.126
27.944935617,-0.2950,0.9094,-0.5611,1.109
27.947915078,-0.4474,0.8786,-0.5472,1.128
27.949980847,-0.5960,0.8696,-0.5404,1.185
27.952517232,-0.7367,0.8759,-0.5418,1.266
27.954627078,-0.8694,0.8998,-0.5289,1.358
27.957038155,-1.0016,0.9426,-0.5082,1.466
27.959400617,-1.1038,0.9876,-0.4759,1.556
27.961724232,-1.1951,1.0364,-0.4353,1.641
27.964293232,-1.2508,1.0706,-0.3934,1.693
27.966915617,-1.2852,1.0973,-0.3428,1.724
27.968930694,-1.2957,1.1156,-0.3159,1.739
27.97157654,-1.2867,1.1144,-0.3044,1.729
27.974011694,-1.2724,1.1034,-0.2937,1.710
27.976178463,-1.2496,1.0897,-0.2780,1.681
27.978731001,-1.2170,1.0745,-0.2629,1.645
27.981530078,-1.1780,1.0471,-0.2465,1.595
27.988405847,-1.1292,1.0174,-0.2271,1.537
27.989300847,-1.0737,0.9797,-0.2089,1.468
27.990000309,-1.0255,0.9345,-0.2150,1.404
27.99157254,-0.9845,0.8861,-0.2509,1.348
28.003185155,-0.9530,0.8424,-0.3061,1.308
28.00436277,-0.9232,0.7918,-0.3748,1.273
28.004574694,-0.8834,0.7237,-0.4167,1.216
28.004920847,-0.8403,0.6478,-0.4571,1.155
28.005217463,-0.8042,0.5717,-0.4656,1.091
28.005600309,-0.7898,0.5160,-0.4481,1.044
28.008315001,-0.7795,0.4471,-0.4314,0.997
28.010945232,-0.7714,0.3665,-0.3929,0.940
28.01223077,-0.7800,0.3033,-0.3564,0.910
28.014867617,-0.8042,0.2495,-0.3518,0.913
28.018002078,-0.8382,0.2031,-0.3789,0.942
28.019707924,-0.8816,0.1584,-0.4119,0.986
28.022497463,-0.9274,0.1073,-0.4232,1.025
28.025016001,-0.9880,0.0528,-0.4373,1.082
28.026819309,-1.0509,-0.0141,-0.4700,1.151
28.029269155,-1.1238,-0.0778,-0.4879,1.228
28.031725847,-1.2007,-0.1384,-0.4849,1.302
28.034028847,-1.2748,-0.1841,-0.4882,1.377
28.03650554,-1.3400,-0.2170,-0.5020,1.447
28.03937254,-1.3779,-0.2281,-0.5047,1.485
28.042338386,-1.3610,-0.2234,-0.4642,1.455
28.043699001,-1.2897,-0.2048,-0.3867,1.362
28.047121847,-1.1824,-0.1860,-0.3014,1.234
28.050185847,-1.0521,-0.1648,-0.2208,1.088
28.051258463,-0.9190,-0.1452,-0.1248,0.939
28.05343377,-0.7779,-0.1326,-0.0042,0.789
28.055904617,-0.6261,-0.1198,0.1531,0.656
28.058319078,-0.4891,-0.1166,0.3221,0.597
28.060741232,-0.3652,-0.1223,0.4778,0.614
28.06309254,-0.2410,-0.1326,0.6078,0.667
28.067031386,-0.1345,-0.1577,0.6698,0.701
28.068137155,-0.0344,-0.2068,0.6726,0.704
28.070457232,0.0774,-0.2796,0.6256,0.690
28.072716309,0.1805,-0.3441,0.5750,0.694
28.075364001,0.2627,-0.3881,0.5233,0.702
28.077507694,0.3333,-0.4159,0.4324,0.686
28.080442078,0.3782,-0.4138,0.3148,0.643
28.086907001,0.3946,-0.3932,0.2076,0.594
28.087822386,0.3975,-0.3539,0.1211,0.546
28.088193232,0.3750,-0.2933,0.0442,0.478
28.090301847,0.3389,-0.2268,-0.0373,0.409
28.096486386,0.3093,-0.1457,-0.0923,0.354
28.097288001,0.2592,-0.0639,-0.1566,0.309
28.097619309,0.2079,0.0176,-0.2135,0.298
28.106769463,0.1644,0.0939,-0.2482,0.312
28.107385232,0.1078,0.1682,-0.2531,0.322
28.10775877,0.0743,0.2318,-0.2641,0.359
28.10801877,0.0503,0.2876,-0.2490,0.384
28.10880554,0.0170,0.3416,-0.2215,0.408
28.11109377,-0.0029,0.3948,-0.2030,0.444
28.114653463,-0.0192,0.4368,-0.1673,0.468
28.116730386,-0.0525,0.4782,-0.1441,0.502
28.118595078,-0.0793,0.5123,-0.1314,0.535
28.121611386,-0.1082,0.5319,-0.1058,0.553
28.123927924,-0.1482,0.5607,-0.0887,0.587
28.125563694,-0.1878,0.5761,-0.0671,0.610
28.128205155,-0.2156,0.5971,-0.0557,0.637
28.130554155,-0.2450,0.6118,-0.0533,0.661
28.13333477,-0.2657,0.6271,-0.0530,0.683
28.13650677,-0.2816,0.6394,-0.0498,0.700
28.138223924,-0.2970,0.6567,-0.0479,0.722
28.140606694,-0.3102,0.6711,-0.0415,0.741
28.142635078,-0.3181,0.6853,-0.0291,0.756
28.145288847,-0.3185,0.7093,-0.0137,0.778
28.147712924,-0.3083,0.7366,0.0160,0.799
28.149911386,-0.3083,0.7647,0.0329,0.825
28.15290954,-0.3234,0.7792,0.0109,0.844
28.155630463,-0.2547,0.8139,0.2096,0.878
28.158303617,-0.2200,0.8409,0.1930,0.890
28.159478078,-0.2587,0.8700,0.1702,0.923
28.16207077,-0.3078,0.8954,0.1660,0.961
28.165004001,-0.3654,0.9269,0.1409,1.006
28.166651924,-0.4125,0.9651,0.1632,1.062
28.169031078,-0.4509,0.9865,0.1277,1.092
28.171862463,-0.5003,0.9988,0.1115,1.123
28.174012001,-0.5599,1.0091,0.1229,1.161
28.176478155,-0.6312,1.0117,0.1020,1.197
28.178984232,-0.7074,1.0156,0.0886,1.241
28.185470694,-0.7871,1.0103,0.0651,1.282
28.186148617,-0.8646,0.9993,0.0468,1.322
28.186802694,-0.9508,0.9865,0.0368,1.371
28.194487078,-1.0297,0.9641,0.0163,1.411
28.195199078,-1.0788,0.9338,0.0111,1.427
28.195493847,-1.1284,0.9001,0.0158,1.443
28.196130078,-1.1707,0.8749,0.0000,1.462
28.205481463,-1.1951,0.8388,-0.0188,1.460
28.205954463,-1.2075,0.8050,-0.0207,1.451
28.206141847,-1.2081,0.7745,-0.0417,1.436
28.206801847,-1.1958,0.7466,-0.0838,1.412
28.207598078,-1.1697,0.7176,-0.1111,1.377
28.210075001,-1.1429,0.6986,-0.1336,1.346
28.212811694,-1.1131,0.6963,-0.1314,1.319
28.21506677,-1.0739,0.7079,-0.1327,1.293
28.21760154,-1.0302,0.7273,-0.1267,1.267
28.219991617,-0.9887,0.7510,-0.1131,1.247
28.223358155,-0.9442,0.7936,-0.0933,1.237
28.224565155,-0.8968,0.8393,-0.0724,1.230
28.227008001,-0.8423,0.8828,-0.0422,1.221
28.229596617,-0.7832,0.9231,-0.0305,1.211
28.235425847,-0.7316,0.9529,-0.0352,1.202
28.236617847,-0.6835,0.9865,-0.0471,1.201
28.23736154,-0.6363,1.0142,-0.0610,1.199
28.239608309,-0.5967,1.0420,-0.0845,1.204
28.241395078,-0.5633,1.0660,-0.0965,1.210
28.244048001,-0.5396,1.0951,-0.1153,1.226
28.246299001,-0.5181,1.1209,-0.1385,1.243
28.248936309,-0.5012,1.1423,-0.1686,1.259
28.251269847,-0.4879,1.1552,-0.2030,1.270
28.253682155,-0.4774,1.1701,-0.2299,1.284
28.25594054,-0.4717,1.1769,-0.2688,1.296
28.258356232,-0.4632,1.1726,-0.3073,1.298
28.261404617,-0.4406,1.1540,-0.3579,1.286
28.264279694,-0.4275,1.1419,-0.3813,1.278
28.265468001,-0.4290,1.1417,-0.3716,1.275
28.267990386,-0.4290,1.1410,-0.3589,1.271
28.270483386,-0.4329,1.1376,-0.3410,1.264
28.272893847,-0.4309,1.1234,-0.3244,1.246
28.275810694,-0.4311,1.1112,-0.2883,1.226
28.278000924,-0.4311,1.0967,-0.2487,1.204
28.285056847,-0.4297,1.0841,-0.2240,1.187
28.286123309,-0.4216,1.0685,-0.1996,1.166
28.286611001,-0.4108,1.0575,-0.1703,1.147
28.29811777,-0.4052,1.0482,-0.1747,1.137
28.299194463,-0.4101,1.0408,-0.1905,1.135
28.299424847,-0.4001,1.0315,-0.1656,1.119
28.299776232,-0.3586,1.0107,-0.0823,1.076
28.300192232,-0.3300,0.9924,-0.0843,1.049
28.300613232,-0.3046,0.9744,-0.0938,1.025
28.302715386,-0.2911,0.9592,-0.1099,1.008
28.304156617,-0.2946,0.9492,-0.1295,1.002
28.306670694,-0.3021,0.9485,-0.1505,1.007
28.309071078,-0.3237,0.9516,-0.1737,1.020
28.311348309,-0.3272,0.9446,-0.1673,1.014
28.314452309,-0.3251,0.9353,-0.1434,1.001
28.316057847,-0.3141,0.9267,-0.1006,0.984
28.318558386,-0.2865,0.9084,-0.0582,0.954
28.321690694,-0.2625,0.8930,-0.0354,0.931
28.323420001,-0.2459,0.8842,-0.0356,0.918
28.32594054,-0.2361,0.8859,-0.0469,0.918
28.328308001,-0.2357,0.8930,-0.0618,0.926
28.330900232,-0.2349,0.9033,-0.0694,0.936
28.333715001,-0.2366,0.9113,-0.0699,0.944
28.336076847,-0.2347,0.9264,-0.0613,0.958
28.33890977,-0.2384,0.9404,-0.0559,0.972
28.340430078,-0.2430,0.9551,-0.0489,0.987
28.34271654,-0.2482,0.9688,-0.0505,1.001
28.346004617,-0.2584,0.9819,-0.0579,1.017
28.34766454,-0.2620,0.9924,-0.0584,1.028
28.349962078,-0.2680,1.0047,-0.0584,1.041
28.352470694,-0.2671,1.0105,-0.0591,1.047
28.355292309,-0.2623,1.0132,-0.0596,1.048
28.357583617,-0.2582,1.0154,-0.0618,1.050
28.35996954,-0.2501,1.0076,-0.0647,1.040
28.363378386,-0.2371,1.0056,-0.0642,1.035
28.364746155,-0.2254,0.9975,-0.0638,1.025
28.366983078,-0.2122,0.9856,-0.0635,1.010
28.37155077,-0.1951,0.9737,-0.0657,0.995
28.372622078,-0.1732,0.9551,-0.0620,0.973
28.374467694,-0.1558,0.9394,-0.0650,0.954
28.376807386,-0.1285,0.9194,-0.0664,0.931
28.383660001,-0.1020,0.9055,-0.0640,0.913
28.384704309,-0.0696,0.8789,-0.0724,0.885
28.385217847,-0.0372,0.8466,-0.0836,0.852
28.387652309,-0.0141,0.8219,-0.0857,0.827
28.395510078,0.0119,0.7969,-0.0904,0.802
28.396534694,0.0308,0.7718,-0.1009,0.779
28.396743617,0.0486,0.7520,-0.1041,0.761
28.397058694,0.0645,0.7354,-0.1034,0.745
28.398091924,0.0840,0.7161,-0.1038,0.728
28.40041777,0.0936,0.7027,-0.1029,0.716
28.403848617,0.1016,0.6953,-0.1099,0.711
28.406083924,0.1094,0.6860,-0.1174,0.705
28.407806694,0.1158,0.6816,-0.1221,0.702
28.410339694,0.1170,0.6795,-0.1300,0.702
28.412716924,0.1192,0.6780,-0.1307,0.701
28.415284309,0.1170,0.6792,-0.1307,0.701
28.417856001,0.1099,0.6821,-0.1285,0.703
28.419979078,0.1065,0.6890,-0.1239,0.708
28.422252617,0.0992,0.6983,-0.1207,0.716
28.42465654,0.0857,0.7091,-0.1153,0.723
28.42729077,0.0764,0.7193,-0.1094,0.732
28.429887078,0.0652,0.7320,-0.1065,0.743
28.432181155,0.0505,0.7449,-0.1016,0.753
28.434744924,0.0340,0.7638,-0.1050,0.772
28.437873155,0.0188,0.7833,-0.1069,0.791
28.439228847,-0.0036,0.7943,-0.0945,0.800
28.441821463,-0.0270,0.8085,-0.0840,0.813
28.44422277,-0.0514,0.8192,-0.0745,0.824
28.44649254,-0.0803,0.8268,-0.0682,0.834
28.448870463,-0.1064,0.8334,-0.0633,0.843
28.451554078,-0.1299,0.8393,-0.0564,0.851
28.454134386,-0.1536,0.8412,-0.0491,0.857
28.456220309,-0.1763,0.8412,-0.0400,0.860
28.458926463,-0.1946,0.8405,-0.0330,0.863
28.461164001,-0.2124,0.8407,-0.0251,0.868
28.46347377,-0.2273,0.8432,-0.0210,0.874
28.466172617,-0.2389,0.8412,-0.0203,0.875
28.468374155,-0.2494,0.8409,-0.0207,0.877
28.470563386,-0.2582,0.8405,-0.0227,0.880
28.472907617,-0.2667,0.8458,-0.0279,0.887
28.475655694,-0.2726,0.8544,-0.0368,0.898
28.482880232,-0.2755,0.8651,-0.0489,0.909
28.483820309,-0.2785,0.8747,-0.0601,0.920
28.48441877,-0.2801,0.8882,-0.0757,0.934
28.485312924,-0.2787,0.9010,-0.0950,0.948
28.494040309,-0.2753,0.9196,-0.1106,0.966
28.494761155,-0.2664,0.9341,-0.1285,0.980
28.495123001,-0.2522,0.9470,-0.1449,0.991
28.495338386,-0.2410,0.9607,-0.1530,1.002
28.49696854,-0.2249,0.9712,-0.1598,1.010
28.499531924,-0.2119,0.9807,-0.1663,1.017
28.502307078,-0.1939,0.9888,-0.1728,1.022
28.50472977,-0.1741,0.9963,-0.1812,1.028
28.506638463,-0.1585,1.0039,-0.1889,1.034
28.509182155,-0.1453,1.0105,-0.1954,1.039
28.511791694,-0.1277,1.0174,-0.2017,1.045
28.513881232,-0.1140,1.0191,-0.2082,1.046
28.516728847,-0.0973,1.0184,-0.2135,1.045
28.519204617,-0.0781,1.0135,-0.2133,1.039
28.521201155,-0.0654,1.0049,-0.2120,1.029
28.523909463,-0.0493,0.9944,-0.2069,1.017
28.526631694,-0.0395,0.9874,-0.1984,1.008
28.528634386,-0.0381,0.9788,-0.1873,0.997
28.531130463,-0.0402,0.9714,-0.1761,0.988
28.533523078,-0.0402,0.9597,-0.1686,0.975
28.536540309,-0.0442,0.9509,-0.1617,0.966
28.538116232,-0.0419,0.9450,-0.1554,0.959
28.54106154,-0.0461,0.9367,-0.1509,0.950
28.543059078,-0.0517,0.9287,-0.1514,0.942
28.545785847,-0.0588,0.9262,-0.1566,0.941
28.548385232,-0.0700,0.9204,-0.1639,0.937
28.550416924,-0.0871,0.9171,-0.1747,0.938
28.553167078,-0.1043,0.9189,-0.1842,0.943
28.554987617,-0.1289,0.9287,-0.1922,0.957
28.557915309,-0.1673,0.9619,-0.2296,1.003
28.559994463,-0.2100,0.9912,-0.3127,1.060
28.562382463,-0.2506,1.0032,-0.4219,1.117
28.564566155,-0.2853,0.9917,-0.4781,1.137
28.567372232,-0.3051,0.9402,-0.4786,1.098
28.570126155,-0.3055,0.8615,-0.4337,1.012
28.577292309,-0.2958,0.7918,-0.4647,0.965
28.57790577,-0.2799,0.7650,-0.6564,1.046
28.578523078,-0.2562,0.7774,-0.9262,1.236
28.579023386,-0.2301,0.8365,-1.1016,1.402
28.582110078,-0.2035,0.9634,-1.0300,1.425
28.584019309,-0.1861,1.1470,-0.7339,1.374
28.589084232,-0.1624,1.3516,-0.1945,1.375
28.589419694,-0.1106,1.5336,0.4649,1.606
28.591584309,-0.0368,1.6706,0.9650,1.930
28.599802078,-0.0090,1.7752,1.2381,2.164
28.600334078,-0.0835,1.8686,1.1736,2.208
28.600552924,-0.2315,1.9411,0.9225,2.162
28.600900309,-0.3691,1.9860,0.6026,2.108
28.603169155,-0.4431,1.9860,0.3197,2.060
28.605456001,-0.4394,1.9382,0.1382,1.992
28.607988924,-0.3784,1.8617,0.0039,1.900
28.610523617,-0.2694,1.7836,0.0160,1.804
28.612748001,-0.1304,1.7288,0.0808,1.736
28.615062155,0.0215,1.7019,0.1902,1.713
28.617663694,0.1637,1.7107,0.3373,1.751
28.619935617,0.2853,1.7445,0.4961,1.836
28.622637232,0.3623,1.7824,0.6029,1.916
28.625459386,0.4295,1.8082,0.6417,1.966
28.634434386,0.4803,1.8075,0.5785,1.958
28.634938078,0.5289,1.7808,0.4052,1.901
28.635109847,0.5756,1.7298,0.1470,1.829
28.635271617,0.6120,1.6851,-0.0757,1.794
28.637433232,0.6359,1.6629,-0.1663,1.788
28.639236617,0.6323,1.6858,-0.1642,1.808
28.64233254,0.6093,1.7244,-0.1388,1.834
28.644600617,0.5753,1.7806,-0.0969,1.874
28.646805155,0.5446,1.8360,-0.0652,1.916
28.649138078,0.5570,1.8889,0.0016,1.969
28.65182177,0.5914,1.9264,0.0786,2.017
28.653675001,0.6672,1.9572,0.1580,2.074
28.656271001,0.7596,1.9893,0.2249,2.141
28.658821155,0.8810,2.0312,0.2396,2.227
28.662430694,0.9631,2.0720,0.2188,2.295
28.66429254,1.0650,2.1239,0.1797,2.383
28.66624577,1.1016,2.2035,0.1844,2.470
28.668800847,1.0845,2.2575,0.1907,2.512
28.670838694,1.0728,2.2572,0.1998,2.507
28.673111078,1.0673,2.2101,0.2310,2.465
28.675460309,1.0109,2.1095,0.2137,2.349
28.680296001,0.9320,1.9453,0.0982,2.159
28.681115078,0.8954,1.7281,-0.0820,1.948
28.683153847,0.7803,1.5008,-0.3533,1.728
28.689849847,0.6418,1.2568,-0.5756,1.524
28.690315078,0.5233,0.9986,-0.7060,1.330
28.690494694,0.2709,0.8111,-0.7820,1.159
28.700659386,0.0850,0.7181,-0.7388,1.034
28.701100232,-0.1413,0.6951,-0.6508,0.963
28.701303924,-0.3840,0.7114,-0.5150,0.959
28.701846386,-0.6298,0.7474,-0.3970,1.055
28.702570463,-0.8646,0.7760,-0.3186,1.205
28.704363617,-1.1171,0.7948,-0.2925,1.402
28.707011924,-1.3185,0.7833,-0.2888,1.561
28.709828847,-1.4890,0.7447,-0.2921,1.690
28.711657232,-1.5885,0.6711,-0.3179,1.753
28.71423877,-1.6275,0.5791,-0.3515,1.763
28.716497155,-1.6029,0.4671,-0.4272,1.723
28.718890463,-1.5589,0.3543,-0.5919,1.705
28.721530078,-1.5212,0.2448,-0.7652,1.720
28.723880309,-1.4846,0.1679,-0.9120,1.750
28.72657877,-1.4455,0.1298,-1.0198,1.774
28.72848554,-1.3961,0.1400,-1.0484,1.752
28.731293463,-1.3461,0.1931,-1.0083,1.693
28.733640001,-1.3060,0.2819,-0.9198,1.622
28.73590154,-1.2671,0.3946,-0.7974,1.548
28.738310694,-1.2291,0.5267,-0.6482,1.486
28.74069354,-1.1816,0.6734,-0.4979,1.448
28.742866694,-1.1350,0.8216,-0.3579,1.446
28.745507386,-1.0979,0.9490,-0.2526,1.473
28.74788177,-1.0561,1.0440,-0.1820,1.496
28.751113463,-1.0150,1.1244,-0.1490,1.522
28.752666463,-0.9652,1.1779,-0.1563,1.531
28.75522954,-0.9188,1.2231,-0.1852,1.541
28.757952617,-0.8736,1.2619,-0.2264,1.551
28.760115309,-0.8291,1.2951,-0.2685,1.561
28.762647617,-0.7873,1.3189,-0.3079,1.567
28.764978463,-0.7411,1.3362,-0.3354,1.564
28.767342463,-0.6911,1.3423,-0.3601,1.552
28.769651924,-0.6342,1.3364,-0.3769,1.527
28.772144232,-0.5655,1.3189,-0.3862,1.486
28.774727078,-0.4891,1.2919,-0.3934,1.436
28.777098155,-0.4185,1.2534,-0.4002,1.381
28.779498155,-0.3400,1.2084,-0.3992,1.317
28.781798463,-0.2664,1.1628,-0.3899,1.255
28.787523001,-0.1927,1.1156,-0.3713,1.191
28.788213232,-0.1260,1.0725,-0.3333,1.130
28.789239078,-0.0610,1.0298,-0.3154,1.079
28.791316232,-0.0146,0.9937,-0.2919,1.036
28.799951694,0.0271,0.9619,-0.2602,0.997
28.80071777,0.0666,0.9341,-0.2345,0.965
28.800967309,0.0887,0.9118,-0.2115,0.940
28.80143377,0.1050,0.8905,-0.1896,0.917
28.803164924,0.1127,0.8720,-0.1830,0.898
28.805625847,0.1043,0.8542,-0.1928,0.882
28.808622078,0.0899,0.8356,-0.2028,0.865
28.81038454,0.0666,0.8239,-0.2135,0.854
28.813083694,0.0300,0.8123,-0.2224,0.843
28.815758386,-0.0251,0.8070,-0.2313,0.840
28.817806078,-0.0950,0.8060,-0.2397,0.846
28.820072847,-0.1688,0.8095,-0.2426,0.862
28.822878155,-0.2374,0.8165,-0.2320,0.881
28.825280617,-0.2960,0.8197,-0.2196,0.899
28.827399078,-0.3551,0.8239,-0.2020,0.920
28.829974386,-0.4015,0.8312,-0.1796,0.940
28.832505463,-0.4394,0.8402,-0.1566,0.961
28.834902078,-0.4660,0.8530,-0.1358,0.981
28.837412309,-0.4883,0.8622,-0.1129,0.997
28.839807617,-0.5000,0.8754,-0.0938,1.012
28.842254155,-0.5005,0.8903,-0.0845,1.025
28.844371617,-0.4939,0.9108,-0.0755,1.039
28.846971309,-0.4761,0.9297,-0.0713,1.047
28.850642078,-0.4516,0.9590,-0.0620,1.062
28.851691694,-0.4229,0.9917,-0.0459,1.079
28.853979001,-0.3908,1.0233,-0.0296,1.096
28.856554078,-0.3581,1.0580,-0.0002,1.117
28.859328232,-0.3181,1.0858,0.0253,1.132
28.861471924,-0.2816,1.1065,0.0500,1.143
28.864531001,-0.2417,1.1246,0.0632,1.152
28.86682054,-0.2095,1.1363,0.0705,1.158
28.868372924,-0.1707,1.1417,0.0644,1.156
28.870983309,-0.1392,1.1426,0.0495,1.152
28.874982694,-0.1125,1.1356,0.0300,1.142
28.87585254,-0.0930,1.1244,0.0043,1.128
28.878295001,-0.0710,1.1023,-0.0415,1.105
28.880996617,-0.0595,1.0834,-0.0696,1.087
28.887818078,-0.0444,1.0648,-0.0752,1.068
28.888404232,-0.0334,1.0379,-0.0885,1.042
28.888923309,-0.0251,1.0088,-0.1048,1.015
28.902100847,-0.0183,0.9846,-0.1236,0.992
28.902982078,-0.0146,0.9639,-0.1483,0.975
28.903188309,-0.0146,0.9394,-0.1715,0.955
28.903381847,-0.0170,0.9238,-0.1922,0.944
28.903568924,-0.0176,0.9091,-0.2101,0.933
28.904048617,-0.0148,0.8938,-0.2236,0.921
28.905456617,-0.0143,0.8886,-0.2323,0.919
28.907703309,-0.0109,0.8796,-0.2374,0.911
28.910668924,-0.0055,0.8733,-0.2457,0.907
28.911804617,-0.0031,0.8720,-0.2529,0.908
28.914663078,0.0051,0.8698,-0.2618,0.908
28.916764001,0.0158,0.8703,-0.2663,0.910
28.919328924,0.0305,0.8656,-0.2748,0.909
28.921627694,0.0405,0.8595,-0.2795,0.905
28.924305155,0.0508,0.8581,-0.2870,0.906
28.926204617,0.0635,0.8481,-0.2930,0.899
28.928731386,0.0733,0.8353,-0.3042,0.892
28.931504924,0.0755,0.8219,-0.3232,0.886
28.933900924,0.0728,0.8078,-0.3445,0.881
28.935899001,0.0703,0.7929,-0.3647,0.876
28.93901477,0.0594,0.7787,-0.3820,0.869
28.941360001,0.0479,0.7626,-0.3906,0.858
28.943479386,0.0342,0.7471,-0.3936,0.845
28.945816924,0.0119,0.7342,-0.3890,0.831
28.949441847,-0.0167,0.7261,-0.3841,0.822
28.950735694,-0.0470,0.7139,-0.3848,0.812
28.95330577,-0.0857,0.7103,-0.3808,0.810
28.955317463,-0.1245,0.7068,-0.3713,0.808
28.958188232,-0.1739,0.7073,-0.3543,0.810
28.960639001,-0.2240,0.7110,-0.3268,0.814
28.962558386,-0.2760,0.7184,-0.2937,0.824
28.965437847,-0.3268,0.7291,-0.2562,0.839
28.967505771,-0.3698,0.7420,-0.2238,0.859
28.970174463,-0.4108,0.7550,-0.1957,0.882
28.972386463,-0.4439,0.7728,-0.1695,0.907
28.97521254,-0.4707,0.7885,-0.1390,0.929
28.977079617,-0.4846,0.8016,-0.1146,0.944
28.980115386,-0.4881,0.8148,-0.0882,0.954
28.986975078,-0.4793,0.8221,-0.0669,0.954
28.987664309,-0.4595,0.8241,-0.0459,0.945
28.988207694,-0.4280,0.8246,-0.0259,0.929
28.989645847,-0.3882,0.8248,-0.0119,0.912
28.999660309,-0.3498,0.8248,-0.0037,0.896
29.000915617,-0.3058,0.8321,0.0011,0.887
29.001267309,-0.2618,0.8365,0.0041,0.877
29.001459694,-0.2181,0.8500,0.0155,0.878
29.001626155,-0.1778,0.8717,0.0278,0.890
29.004403001,-0.1378,0.9035,0.0204,0.914
29.006998386,-0.0940,0.9411,0.0029,0.946
29.008960309,-0.0421,0.9819,0.0067,0.983
29.010626386,0.0168,1.0247,0.0202,1.025
29.013414155,0.0816,1.0750,0.0036,1.078
29.015662463,0.1456,1.1321,-0.0454,1.142
29.017814155,0.2052,1.1906,-0.1121,1.213
29.020468847,0.2663,1.2458,-0.1884,1.288
29.023641771,0.3249,1.3071,-0.2627,1.372
29.025128847,0.3729,1.3655,-0.3266,1.453
29.027600847,0.4083,1.4034,-0.3841,1.511
29.030768924,0.4327,1.4051,-0.4356,1.533
29.032808001,0.4378,1.4107,-0.4705,1.550
29.034765155,0.4295,1.3939,-0.4989,1.542
29.037733232,0.4099,1.3513,-0.5148,1.503
29.040500309,0.3836,1.2702,-0.5311,1.429
29.042721771,0.3249,1.1515,-0.5627,1.322
29.044902771,0.2580,0.9893,-0.5935,1.182
29.048325771,0.1439,0.8288,-0.6061,1.037
29.049645232,0.0000,0.6878,-0.6044,0.916
29.051824001,-0.1585,0.5693,-0.5807,0.829
29.054545847,-0.3417,0.4784,-0.5434,0.801
29.056957463,-0.5477,0.4121,-0.4947,0.845
29.059602078,-0.7700,0.3675,-0.4219,0.952
29.061802463,-1.0021,0.3438,-0.3371,1.112
29.06472454,-1.2183,0.3343,-0.2357,1.285
29.066346694,-1.4108,0.3396,-0.1329,1.457
29.06861654,-1.5420,0.3692,-0.0319,1.586
29.071175078,-1.6004,0.4191,0.0624,1.656
29.074012617,-1.5997,0.4840,0.1365,1.677
29.076610694,-1.5531,0.5737,0.1954,1.667
29.078839001,-1.4670,0.6951,0.2313,1.640
29.085310694,-1.3463,0.8449,0.2415,1.608
29.086012309,-1.2127,1.0228,0.2335,1.603
29.086273771,-1.0784,1.2248,0.2084,1.645
29.087988617,-0.9603,1.4332,0.1651,1.733
29.097808924,-0.8506,1.6289,0.0874,1.840
29.098361847,-0.7373,1.7972,-0.0530,1.943
29.098923309,-0.6200,1.9558,-0.1884,2.060
29.099207386,-0.5071,2.1104,-0.2824,2.189
29.101047924,-0.3759,2.2194,-0.3279,2.275
29.103480309,-0.2212,2.2807,-0.2800,2.308
29.106235001,-0.0390,2.2732,-0.1695,2.280
29.107248232,0.1614,2.1975,-0.0388,2.204
29.109679617,0.3675,2.0477,0.0388,2.081
29.11200454,0.5543,1.8378,0.0414,1.920
29.114567694,0.6967,1.5947,-0.0081,1.740
29.116754386,0.7891,1.3228,-0.1886,1.552
29.119523078,0.8854,0.9900,-0.4877,1.415
29.122394386,0.9702,0.5912,-0.7476,1.360
29.12395654,0.9972,0.2365,-0.8348,1.322
29.12666454,0.9338,-0.0187,-0.8524,1.264
29.129016617,0.7617,-0.1924,-0.8199,1.136
29.131456617,0.5185,-0.3004,-0.7742,0.979
29.13448154,0.2360,-0.3568,-0.7090,0.828
29.136793463,-0.0568,-0.3630,-0.6261,0.726
29.139438694,-0.3402,-0.3358,-0.5321,0.715
29.141270694,-0.6205,-0.2754,-0.4327,0.805
29.143521232,-0.8790,-0.1970,-0.3266,0.958
29.145948847,-1.0949,-0.1140,-0.2110,1.121
29.148223309,-1.2403,-0.0306,-0.1058,1.245
29.15069354,-1.3476,0.0594,-0.0161,1.349
29.153490463,-1.3637,0.1466,0.0801,1.374
29.155524847,-1.3172,0.2378,0.1531,1.347
29.158867694,-1.2240,0.3387,0.2025,1.286
29.160492847,-1.1028,0.4535,0.2347,1.215
29.164137155,-0.9684,0.5788,0.2620,1.158
29.165172232,-0.8457,0.7191,0.2689,1.142
29.167641847,-0.7516,0.8791,0.2550,1.184
29.170062155,-0.6752,1.0506,0.2466,1.273
29.172800847,-0.6342,1.2546,0.2171,1.422
29.174645847,-0.6188,1.4652,0.1472,1.597
29.177460847,-0.6141,1.6629,0.0097,1.773
29.184426155,-0.6451,1.8751,-0.0820,1.985
29.185785463,-0.7036,2.0740,-0.1358,2.194
29.18602854,-0.7465,2.2138,-0.1397,2.340
29.197156924,-0.7823,2.2912,-0.1136,2.424
29.198013155,-0.8161,2.3149,-0.0762,2.456
29.198235924,-0.8392,2.2863,-0.0286,2.436
29.198930463,-0.8553,2.2211,-0.0012,2.380
29.199350078,-0.8587,2.1183,-0.0017,2.286
29.199767924,-0.8394,1.9790,-0.0137,2.150
29.201410463,-0.8003,1.8158,-0.0677,1.986
29.203714771,-0.7488,1.6480,-0.1148,1.814
29.206042078,-0.6931,1.4920,-0.1458,1.652
29.208402694,-0.6463,1.3564,-0.1735,1.513
29.21096154,-0.6000,1.2372,-0.2167,1.392
29.213560309,-0.5536,1.1214,-0.2639,1.278
29.215721771,-0.5115,1.0174,-0.3100,1.180
29.218615078,-0.4681,0.9201,-0.3361,1.086
29.220695001,-0.4336,0.8370,-0.3320,0.999
29.223107386,-0.4120,0.7638,-0.3186,0.924
29.225383078,-0.4080,0.7079,-0.2990,0.870
29.227843078,-0.4084,0.6592,-0.2816,0.825
29.230503309,-0.4140,0.6091,-0.2699,0.784
29.232606694,-0.4231,0.5595,-0.2548,0.746
29.23586554,-0.4350,0.5090,-0.2599,0.718
29.238352232,-0.4458,0.4435,-0.2868,0.691
29.240141232,-0.4741,0.3876,-0.2816,0.674
29.24300054,-0.5171,0.3494,-0.2956,0.691
29.244778386,-0.5576,0.2859,-0.3098,0.699
29.247308001,-0.6127,0.2395,-0.3254,0.734
29.249601847,-0.6798,0.2031,-0.3452,0.789
29.252554694,-0.7409,0.1828,-0.3738,0.850
29.254630463,-0.7919,0.1626,-0.3916,0.898
29.256791694,-0.8553,0.1400,-0.4146,0.961
29.259371078,-0.9114,0.1137,-0.4288,1.014
29.262584847,-0.9605,0.0907,-0.4383,1.060
29.264157463,-1.0092,0.0685,-0.4370,1.102
29.26649754,-1.0553,0.0523,-0.4278,1.140
29.269306386,-1.0959,0.0411,-0.4104,1.171
29.271586155,-1.1259,0.0259,-0.3776,1.188
29.273778771,-1.1460,0.0217,-0.3337,1.194
29.277440617,-1.1648,0.0198,-0.2788,1.198
29.283554463,-1.1734,0.0164,-0.2113,1.192
29.284297155,-1.1832,0.0145,-0.1421,1.192
29.284755001,-1.1953,0.0059,-0.0825,1.198
29.286615617,-1.2122,-0.0069,-0.0359,1.213
29.296909771,-1.2333,-0.0218,0.0127,1.234
29.297690386,-1.2594,-0.0419,0.0566,1.261
29.298262155,-1.2860,-0.0619,0.0861,1.290
29.298613232,-1.3090,-0.0825,0.0889,1.315
29.298929847,-1.3300,-0.1005,0.0476,1.335
29.301040232,-1.3417,-0.1193,-0.0227,1.347
29.302705463,-1.3432,-0.1301,-0.1067,1.354
29.304898155,-1.3158,-0.1364,-0.1812,1.335
29.307264309,-1.2667,-0.1364,-0.2282,1.294
29.310135001,-1.1807,-0.1366,-0.2284,1.210
29.312335617,-1.0776,-0.1294,-0.1856,1.101
29.314497771,-0.9684,-0.1220,-0.1236,0.984
29.317367386,-0.8562,-0.1084,-0.0498,0.864
29.320435694,-0.7444,-0.0947,0.0293,0.751
29.322091617,-0.6403,-0.0786,0.1071,0.654
29.324237232,-0.5389,-0.0607,0.1819,0.572
29.326777771,-0.4453,-0.0380,0.2501,0.512
29.329848847,-0.3630,-0.0155,0.2999,0.471
29.331464232,-0.2897,0.0044,0.3256,0.436
29.334140924,-0.2315,0.0245,0.3302,0.404
29.337189155,-0.1834,0.0476,0.3197,0.372
29.338861771,-0.1429,0.0741,0.2834,0.326
29.341487924,-0.1145,0.1027,0.2328,0.279
29.345221463,-0.0926,0.1347,0.1770,0.241
29.346227924,-0.0798,0.1679,0.1262,0.225
29.348543309,-0.0688,0.2045,0.0798,0.230
29.351594078,-0.0671,0.2458,0.0442,0.259
29.353909232,-0.0698,0.2832,0.0165,0.292
29.355632309,-0.0766,0.3259,-0.0005,0.335
29.358225463,-0.0849,0.3672,-0.0134,0.377
29.360584847,-0.1008,0.4065,-0.0183,0.419
29.362962078,-0.1233,0.4481,-0.0251,0.465
29.365539694,-0.1526,0.4823,-0.0249,0.507
29.370324309,-0.1886,0.5148,-0.0317,0.549
29.371069771,-0.2279,0.5388,-0.0498,0.587
29.372745463,-0.2811,0.5622,-0.0675,0.632
29.375183001,-0.3305,0.5796,-0.0885,0.673
29.377592924,-0.3882,0.5971,-0.1104,0.721
29.380196001,-0.4346,0.6084,-0.1260,0.758
29.382740309,-0.4922,0.6174,-0.1407,0.802
29.389563309,-0.5259,0.6248,-0.1526,0.831
29.390191386,-0.5643,0.6323,-0.1593,0.862
29.390887078,-0.6011,0.6399,-0.1600,0.892
29.391891001,-0.6317,0.6462,-0.1602,0.918
29.401003694,-0.6577,0.6534,-0.1530,0.940
29.402124232,-0.6786,0.6570,-0.1368,0.954
29.402334463,-0.6877,0.6641,-0.1136,0.963
29.402646771,-0.6945,0.6697,-0.0831,0.968
29.403743386,-0.6957,0.6790,-0.0430,0.973
29.406233155,-0.6967,0.6878,-0.0124,0.979
29.408928847,-0.6915,0.6986,0.0195,0.983
29.411309155,-0.6967,0.7151,0.0356,0.999
29.413497847,-0.6887,0.7195,0.0430,0.997
29.416149155,-0.6928,0.7373,0.0793,1.015
29.418454078,-0.7001,0.7564,0.1113,1.037
29.420763617,-0.7031,0.7772,0.1378,1.057
29.423003078,-0.6989,0.7950,0.1541,1.070
29.425743078,-0.7085,0.8107,0.1551,1.088
29.428069155,-0.7116,0.8204,0.1431,1.095
29.430423694,-0.7182,0.8232,0.1355,1.101
29.432723386,-0.7174,0.8341,0.1373,1.109
29.435568001,-0.7141,0.8426,0.1404,1.113
29.437576924,-0.7118,0.8524,0.1252,1.118
29.44045654,-0.7043,0.8514,0.1031,1.110
29.442563078,-0.6871,0.8505,0.0754,1.096
29.444962155,-0.6647,0.8421,0.0544,1.074
29.448150155,-0.6424,0.8365,0.0358,1.055
29.449633232,-0.6078,0.8251,0.0221,1.025
29.452764924,-0.5785,0.8183,0.0029,1.002
29.454473463,-0.5418,0.8014,-0.0019,0.967
29.457021847,-0.5054,0.7909,0.0072,0.939
29.459471694,-0.4709,0.7767,0.0192,0.909
29.462769155,-0.4338,0.7647,0.0253,0.880
29.46425354,-0.4099,0.7508,0.0219,0.856
29.466597232,-0.4018,0.7474,0.0212,0.849
29.469541847,-0.4013,0.7430,0.0180,0.845
29.471426771,-0.4057,0.7466,0.0180,0.850
29.474088232,-0.4118,0.7479,0.0241,0.854
29.477627078,-0.4257,0.7584,0.0258,0.870
29.478571078,-0.4409,0.7769,0.0234,0.894
29.481028232,-0.4567,0.7929,0.0131,0.915
29.483629463,-0.4732,0.8070,-0.0078,0.936
29.490166078,-0.4866,0.8195,-0.0342,0.954
29.49110054,-0.5017,0.8334,-0.0654,0.975
29.491683924,-0.5098,0.8437,-0.0894,0.990
29.49462854,-0.5108,0.8556,-0.1055,1.002
29.501699617,-0.5032,0.8649,-0.1165,1.007
29.502614155,-0.5012,0.8805,-0.1221,1.021
29.502871617,-0.5049,0.8959,-0.1170,1.035
29.503263309,-0.5103,0.9148,-0.1024,1.052
29.505699924,-0.5124,0.9236,-0.0820,1.059
29.507771078,-0.5149,0.9348,-0.0496,1.068
29.51120554,-0.5181,0.9478,-0.0232,1.080
29.512484001,-0.5164,0.9487,-0.0019,1.080
29.514770463,-0.5112,0.9534,0.0129,1.082
29.517714078,-0.4998,0.9539,0.0119,1.077
29.520586078,-0.4846,0.9492,0.0036,1.066
29.522016617,-0.4705,0.9414,-0.0158,1.053
29.524725771,-0.4553,0.9399,-0.0391,1.045
29.526939617,-0.4394,0.9378,-0.0650,1.038
29.529394386,-0.4282,0.9257,-0.0960,1.024
29.531672924,-0.4229,0.9180,-0.1278,1.019
29.533986386,-0.4148,0.9140,-0.1610,1.017
29.536368001,-0.4123,0.9069,-0.1930,1.015
29.538810078,-0.4096,0.9045,-0.2257,1.018
29.541553232,-0.4092,0.8964,-0.2560,1.018
29.543904001,-0.4116,0.8954,-0.2804,1.025
29.546108232,-0.4218,0.8991,-0.2946,1.036
29.548714463,-0.4353,0.9099,-0.3032,1.053
29.551634771,-0.4467,0.9189,-0.2990,1.065
29.553319694,-0.4519,0.9236,-0.3044,1.072
29.555756309,-0.4590,0.9304,-0.2986,1.080
29.558603924,-0.4624,0.9411,-0.2853,1.087
29.560689155,-0.4707,0.9527,-0.2746,1.098
29.563197232,-0.4751,0.9639,-0.2609,1.106
29.565581155,-0.4788,0.9783,-0.2448,1.116
29.568023386,-0.4812,0.9907,-0.2255,1.124
29.570415078,-0.4858,1.0047,-0.2079,1.135
29.572567617,-0.4910,1.0215,-0.1991,1.151
29.575136924,-0.4942,1.0366,-0.1976,1.165
29.57754154,-0.4930,1.0457,-0.1922,1.172
29.585329155,-0.4824,1.0545,-0.1849,1.174
29.585854155,-0.4727,1.0606,-0.1784,1.175
29.586307001,-0.4580,1.0615,-0.1740,1.169
29.587144001,-0.4483,1.0535,-0.1686,1.157
29.591303309,-0.4346,1.0482,-0.1728,1.148
29.592043924,-0.4182,1.0335,-0.1717,1.128
29.594282155,-0.4047,1.0205,-0.1670,1.110
29.596588232,-0.3866,1.0051,-0.1575,1.088
29.59915354,-0.3679,0.9870,-0.1458,1.063
29.601652232,-0.3515,0.9739,-0.1332,1.044
29.604041463,-0.3319,0.9595,-0.1146,1.022
29.606426694,-0.3132,0.9485,-0.0972,1.004
29.61059254,-0.2938,0.9360,-0.0808,0.984
29.611069232,-0.2718,0.9280,-0.0677,0.969
29.613741232,-0.2494,0.9233,-0.0618,0.958
29.616313232,-0.2305,0.9150,-0.0586,0.945
29.618640617,-0.2115,0.9106,-0.0535,0.936
29.620629232,-0.1934,0.9106,-0.0473,0.932
29.623414771,-0.1756,0.9057,-0.0377,0.923
29.625862771,-0.1604,0.8998,-0.0284,0.914
29.628028001,-0.1446,0.8945,-0.0214,0.906
29.630560309,-0.1280,0.8830,-0.0191,0.892
29.633737155,-0.1108,0.8717,-0.0183,0.879
29.635183001,-0.0966,0.8649,-0.0212,0.871
29.637751924,-0.0833,0.8559,-0.0340,0.861
29.640904001,-0.0740,0.8442,-0.0461,0.849
29.642568847,-0.0661,0.8337,-0.0469,0.838
29.64498054,-0.0656,0.8239,-0.0428,0.828
29.647251617,-0.0605,0.8172,-0.0466,0.821
29.650663078,-0.0607,0.8065,-0.0430,0.810
29.652002694,-0.0612,0.7965,-0.0388,0.800
29.654371386,-0.0661,0.7911,-0.0344,0.795
29.65676854,-0.0712,0.7811,-0.0230,0.785
29.659291078,-0.0796,0.7760,-0.0137,0.780
29.66164954,-0.0952,0.7725,-0.0061,0.778
29.663987924,-0.1145,0.7692,-0.0019,0.778
29.666601232,-0.1389,0.7676,0.0048,0.780
29.668870155,-0.1639,0.7680,0.0083,0.785
29.671547001,-0.1888,0.7728,0.0067,0.796
29.674593771,-0.2105,0.7757,0.0023,0.804
29.677773232,-0.2271,0.7816,-0.0014,0.814
29.679230771,-0.2435,0.7850,-0.0093,0.822
29.681295694,-0.2540,0.7924,-0.0191,0.832
29.684887309,-0.2633,0.7941,-0.0317,0.837
29.686039694,-0.2677,0.7997,-0.0466,0.845
29.688221771,-0.2680,0.8029,-0.0610,0.849
29.694863617,-0.2657,0.8083,-0.0759,0.854
29.695197155,-0.2603,0.8129,-0.0908,0.858
29.695523924,-0.2564,0.8163,-0.1053,0.862
29.698068232,-0.2513,0.8192,-0.1165,0.865
29.700585463,-0.2406,0.8202,-0.1272,0.864
29.702675617,-0.2203,0.8241,-0.1378,0.864
29.705387386,-0.1951,0.8221,-0.1524,0.859
29.708266155,-0.1697,0.8224,-0.1683,0.856
29.71056154,-0.1474,0.8295,-0.1879,0.863
29.712389771,-0.1267,0.8307,-0.2091,0.866
29.715035694,-0.1064,0.8381,-0.2282,0.875
29.717343309,-0.0942,0.8475,-0.2397,0.886
29.719725463,-0.0859,0.8566,-0.2514,0.897
29.722502155,-0.0854,0.8730,-0.2583,0.914
29.724933463,-0.0861,0.8822,-0.2587,0.923
29.726853771,-0.0800,0.8896,-0.2536,0.928
29.729411617,-0.0808,0.9040,-0.2423,0.939
29.731770463,-0.0786,0.9167,-0.2301,0.948
29.734204232,-0.0754,0.9280,-0.2157,0.956
29.736902386,-0.0700,0.9416,-0.1973,0.965
29.739739001,-0.0656,0.9551,-0.1871,0.975
29.741537463,-0.0619,0.9604,-0.1896,0.981
29.743969232,-0.0610,0.9739,-0.1893,0.994
29.746584847,-0.0659,0.9821,-0.1935,1.003
29.749738771,-0.0703,0.9917,-0.1959,1.013
29.751039924,-0.0789,0.9942,-0.2022,1.018
29.753566771,-0.0869,0.9986,-0.1973,1.022
29.755819617,-0.0950,0.9973,-0.1881,1.019
29.758499078,-0.1020,0.9895,-0.1725,1.010
29.760725232,-0.1052,0.9805,-0.1544,0.998
29.763439617,-0.1074,0.9653,-0.1376,0.981
29.766632847,-0.1082,0.9455,-0.1239,0.960
29.768026694,-0.1074,0.9187,-0.1183,0.932
29.771035078,-0.1074,0.8910,-0.1167,0.905
29.773015386,-0.1035,0.8593,-0.1123,0.873
29.77552054,-0.1008,0.8400,-0.1134,0.854
29.778612617,-0.1135,0.8321,-0.1280,0.850
29.781026463,-0.1326,0.8319,-0.1524,0.856
29.787104309,-0.1526,0.8185,-0.1913,0.854
29.787858694,-0.1826,0.7965,-0.1959,0.840
29.788287694,-0.2093,0.7571,-0.1744,0.805
29.789799617,-0.2382,0.6981,-0.3017,0.797
29.797102694,-0.2596,0.6231,-0.6564,0.942
29.798054694,-0.2638,0.5461,-1.1676,1.316
29.798242386,-0.2631,0.4869,-1.6364,1.727
29.799275386,-0.2892,0.4941,-1.7901,1.879
29.801576924,-0.3207,0.6030,-1.5621,1.705
29.804151924,-0.3018,0.7699,-1.1311,1.401
29.808962463,-0.2631,0.9492,-0.6464,1.178
29.809689463,-0.2140,1.1076,-0.2382,1.153
29.811389232,-0.1983,1.2576,0.0353,1.274
29.813823078,-0.2777,1.4221,0.1697,1.459
29.816252924,-0.4355,1.5971,0.3314,1.688
29.81855254,-0.5985,1.7715,0.6085,1.966
29.821248847,-0.6722,1.8994,0.8061,2.170
29.824104847,-0.5843,1.9450,0.8226,2.191
29.825914155,-0.3705,1.9296,0.6486,2.069
29.828209232,-0.1071,1.8756,0.5616,1.961
29.830779001,0.1278,1.8495,0.4717,1.913
29.833052232,0.3648,1.8372,0.3410,1.904
29.835688924,0.5873,1.8162,0.2838,1.930
29.838119617,0.7224,1.8419,0.1956,1.988
29.840568924,0.7782,1.9416,-0.0948,2.094
29.842813847,0.8180,2.1236,-0.6909,2.378
29.845498463,0.8339,2.3736,-1.4170,2.887
29.849188001,0.7777,2.7200,-2.2071,3.588
29.850321155,0.7645,3.1793,-2.7251,4.257
29.852353847,0.7871,3.7232,-2.7397,4.689
29.855021771,0.7523,4.3086,-1.8626,4.754
29.857509771,0.8773,4.7876,-0.3230,4.878
29.859672232,1.1497,5.0244,1.4560,5.356
29.86215754,1.5431,4.9261,2.8364,5.890
29.865644309,2.0158,4.4977,3.4059,5.991
29.867240847,2.5038,3.7737,3.2007,5.546
29.869466694,2.9850,2.9524,2.4675,4.870
29.87194854,2.9818,2.3685,1.7861,4.206
29.874246771,2.5783,1.9529,1.4475,3.543
29.87666454,2.0554,1.6423,1.0476,2.832
29.879262386,1.6293,1.3315,0.3884,2.140
29.881847924,1.2641,0.9502,-0.1590,1.589
29.883789232,0.8504,0.7107,-0.5724,1.247
29.886377463,0.4757,0.4848,-0.8380,1.079
29.889045155,0.1573,0.2036,-1.0581,1.089
29.895012309,-0.1570,0.0137,-1.1807,1.191
29.89571354,-0.3906,-0.1117,-1.1167,1.188
29.909622155,-0.4910,-0.1867,-1.0598,1.183
29.910326386,-0.6407,-0.2549,-0.9369,1.163
29.910972847,-0.8345,-0.3768,-0.9343,1.308
29.911356924,-0.9041,-0.5081,-0.8187,1.321
29.911708924,-1.0106,-0.6111,-0.7959,1.424
29.911895078,-1.2643,-0.6705,-0.7745,1.627
29.912071694,-1.4753,-0.7128,-0.7414,1.798
29.914052309,-1.7045,-0.7301,-0.6846,1.977
29.916813847,-1.9449,-0.7284,-0.8683,2.251
29.917821463,-2.0721,-0.6080,-0.7791,2.296
29.919977155,-2.1641,-0.4371,-0.7021,2.317
29.922717232,-2.2645,-0.2325,-0.5455,2.341
29.924567924,-2.3334,-0.0306,-0.3869,2.365
29.927019694,-2.3891,0.1784,-0.2325,2.407
29.929661463,-2.4408,0.3670,-0.1043,2.470
29.93198954,-2.4565,0.5576,0.0530,2.520
29.934612232,-2.3815,0.7528,0.1411,2.502
29.936960924,-2.3197,0.9306,0.1355,2.503
29.939299078,-2.2528,1.0931,0.1438,2.508
29.942030386,-2.1667,1.2372,0.1326,2.499
29.944289463,-2.0910,1.4007,0.0950,2.519
29.947886694,-2.0131,1.5265,0.0048,2.526
29.948908232,-1.9476,1.6364,-0.1146,2.546
29.951218155,-1.8750,1.7319,-0.2138,2.561
29.953868001,-1.8054,1.8180,-0.3119,2.581
29.956211078,-1.7285,1.8786,-0.4398,2.590
29.958419078,-1.6373,1.9155,-0.5229,2.574
29.961695309,-1.4981,1.9203,-0.5555,2.498
29.963468232,-1.3204,1.8957,-0.5497,2.375
29.966028309,-1.1445,1.8451,-0.5287,2.235
29.968167078,-0.9630,1.7752,-0.4999,2.081
29.971179078,-0.7665,1.6921,-0.4766,1.918
29.973805463,-0.5560,1.6003,-0.4607,1.756
29.975732309,-0.3530,1.5033,-0.4551,1.610
29.978482771,-0.1448,1.3958,-0.4652,1.478
29.981196617,0.0628,1.2937,-0.4728,1.379
29.982578694,0.2448,1.1950,-0.4766,1.310
29.98512954,0.4014,1.1083,-0.4781,1.272
29.987524001,0.5201,1.0357,-0.4705,1.251
29.993375386,0.6128,0.9683,-0.4630,1.236
29.994536924,0.6809,0.9091,-0.4526,1.223
29.995122463,0.7209,0.8607,-0.4417,1.207
30.007989463,0.7219,0.8229,-0.4349,1.178
30.008731001,0.7063,0.7934,-0.4244,1.144
30.009104001,0.6667,0.7743,-0.4053,1.099
30.009687309,0.5956,0.7713,-0.3913,1.050
30.009876847,0.5038,0.7782,-0.3808,1.002
30.010050155,0.3918,0.7962,-0.3680,0.961
30.012707617,0.2707,0.8273,-0.3535,0.939
30.01534054,0.1519,0.8603,-0.3386,0.937
30.016132847,0.0247,0.8917,-0.3200,0.948
30.018706155,-0.0884,0.9187,-0.3000,0.970
30.02177354,-0.1819,0.9418,-0.2676,0.996
30.023453771,-0.2713,0.9614,-0.2316,1.025
30.025947001,-0.3510,0.9783,-0.1996,1.058
30.028452617,-0.4113,0.9949,-0.1610,1.089
30.031167386,-0.4681,1.0103,-0.1192,1.120
30.033771386,-0.5115,1.0242,-0.0882,1.148
30.035788847,-0.5418,1.0350,-0.0552,1.170
30.038653232,-0.5623,1.0433,-0.0205,1.185
30.040455078,-0.5775,1.0440,0.0011,1.193
30.043068001,-0.5769,1.0408,0.0146,1.190
30.045465463,-0.5706,1.0326,0.0209,1.180
30.047886463,-0.5625,1.0164,0.0146,1.162
30.050106078,-0.5471,0.9944,0.0006,1.135
30.053136924,-0.5322,0.9692,-0.0214,1.106
30.055184924,-0.5137,0.9460,-0.0584,1.078
30.057468924,-0.4881,0.9174,-0.0936,1.043
30.059778694,-0.4644,0.8957,-0.1302,1.017
30.063449155,-0.4380,0.8691,-0.1663,0.987
30.064517463,-0.4074,0.8527,-0.1873,0.963
30.067405232,-0.3789,0.8402,-0.1854,0.940
30.069702771,-0.3619,0.8402,-0.1637,0.929
30.072802771,-0.3417,0.8461,-0.1251,0.921
30.074643309,-0.3221,0.8579,-0.0906,0.921
30.076916232,-0.2970,0.8728,-0.0666,0.924
30.084423694,-0.2692,0.8930,-0.0557,0.934
30.085492617,-0.2408,0.9059,-0.0601,0.939
30.085891617,-0.2088,0.9241,-0.0728,0.950
30.093985847,-0.1765,0.9385,-0.0869,0.959
30.094730386,-0.1413,0.9465,-0.1058,0.963
30.094914078,-0.1099,0.9583,-0.1148,0.971
30.095084309,-0.0744,0.9692,-0.1251,0.980
30.105700232,-0.0402,0.9702,-0.1263,0.979
30.106811309,-0.0078,0.9697,-0.1248,0.978
30.107340309,0.0232,0.9641,-0.1204,0.972
30.107630155,0.0489,0.9623,-0.1285,0.972
30.107883078,0.0718,0.9570,-0.1321,0.969
30.108343694,0.0887,0.9506,-0.1416,0.965
30.111104617,0.0957,0.9455,-0.1568,0.963
30.113655694,0.0921,0.9392,-0.1728,0.959
30.116485771,0.0860,0.9318,-0.1893,0.955
30.117762078,0.0689,0.9272,-0.2059,0.952
30.120674155,0.0513,0.9192,-0.2250,0.948
30.122367001,0.0266,0.9111,-0.2387,0.942
30.124886771,0.0086,0.8989,-0.2494,0.933
30.127869847,-0.0127,0.8882,-0.2521,0.923
30.12983354,-0.0297,0.8791,-0.2546,0.916
30.132511617,-0.0483,0.8661,-0.2583,0.905
30.134727001,-0.0635,0.8566,-0.2578,0.897
30.137709847,-0.0789,0.8478,-0.2636,0.891
30.139311001,-0.0861,0.8451,-0.2658,0.890
30.141785847,-0.0959,0.8397,-0.2676,0.886
30.144314771,-0.0973,0.8346,-0.2699,0.883
30.146766386,-0.0998,0.8356,-0.2690,0.883
30.149033232,-0.0966,0.8337,-0.2697,0.882
30.151658155,-0.0903,0.8368,-0.2672,0.883
30.15410054,-0.0768,0.8383,-0.2660,0.883
30.156177847,-0.0593,0.8402,-0.2648,0.883
30.158812617,-0.0390,0.8481,-0.2665,0.890
30.161299617,-0.0180,0.8519,-0.2653,0.892
30.164082078,0.0019,0.8559,-0.2646,0.896
30.166101771,0.0232,0.8595,-0.2653,0.900
30.168573847,0.0428,0.8630,-0.2623,0.903
30.171122155,0.0610,0.8661,-0.2565,0.905
30.173520232,0.0726,0.8644,-0.2518,0.903
30.176125155,0.0820,0.8666,-0.2462,0.905
30.179099924,0.0869,0.8630,-0.2436,0.901
30.180282386,0.0897,0.8651,-0.2436,0.903
30.183021847,0.0877,0.8628,-0.2494,0.902
30.185357771,0.0789,0.8576,-0.2555,0.898
30.191779309,0.0691,0.8556,-0.2658,0.899
30.19230554,0.0559,0.8568,-0.2814,0.904
30.192568232,0.0391,0.8547,-0.2934,0.904
30.204031078,0.0222,0.8576,-0.3007,0.909
30.204623617,0.0021,0.8612,-0.3007,0.912
30.204815078,-0.0202,0.8674,-0.2956,0.917
30.205339617,-0.0424,0.8735,-0.2853,0.920
30.205740309,-0.0579,0.8789,-0.2690,0.921
30.207524617,-0.0749,0.8781,-0.2480,0.915
30.210706463,-0.0833,0.8754,-0.2304,0.909
30.212536924,-0.0947,0.8696,-0.2140,0.901
30.213923078,-0.0998,0.8603,-0.1989,0.889
30.216535386,-0.1071,0.8432,-0.1817,0.869
30.218917232,-0.1111,0.8229,-0.1688,0.847
30.221431078,-0.1236,0.8016,-0.1635,0.827
30.223669847,-0.1380,0.7777,-0.1656,0.807
30.226506694,-0.1614,0.7501,-0.1791,0.788
30.228633232,-0.1834,0.7305,-0.1949,0.778
30.231205847,-0.2179,0.7130,-0.2133,0.775
30.233447309,-0.2638,0.7010,-0.2304,0.784
30.237526771,-0.3148,0.6978,-0.2387,0.802
30.238297771,-0.3656,0.7076,-0.2367,0.831
30.240749463,-0.4157,0.7222,-0.2238,0.863
30.243251617,-0.4532,0.7464,-0.1959,0.895
30.245650078,-0.4819,0.7718,-0.1647,0.925
30.247910078,-0.4956,0.8027,-0.1341,0.953
30.250967617,-0.4998,0.8353,-0.1129,0.980
30.25342554,-0.4924,0.8649,-0.1060,1.001
30.255078155,-0.4819,0.8971,-0.1106,1.024
30.258000924,-0.4585,0.9311,-0.1253,1.045
30.260222386,-0.4313,0.9621,-0.1416,1.064
30.262395617,-0.4018,0.9993,-0.1561,1.088
30.264648617,-0.3684,1.0394,-0.1670,1.115
30.267686078,-0.3351,1.0818,-0.1686,1.145
30.27004854,-0.2997,1.1258,-0.1730,1.178
30.272288617,-0.2652,1.1752,-0.1749,1.217
30.274730694,-0.2305,1.2218,-0.1842,1.257
30.276931078,-0.1942,1.2663,-0.1884,1.295
30.27942954,-0.1607,1.3103,-0.1805,1.332
30.281630771,-0.1269,1.3511,-0.1581,1.366
30.284171694,-0.0913,1.3806,-0.1253,1.389
30.290684848,-0.0549,1.3967,-0.0916,1.401
30.292030463,-0.0285,1.3973,-0.0752,1.400
30.292473848,-0.0046,1.3797,-0.0808,1.382
30.300503617,0.0090,1.3457,-0.1134,1.351
30.301153771,0.0215,1.2951,-0.1668,1.306
30.301395386,0.0293,1.2236,-0.2250,1.244
30.301631309,0.0210,1.1447,-0.2900,1.181
30.303382078,0.0056,1.0577,-0.3300,1.108
30.306415001,-0.0085,0.9737,-0.3417,1.032
30.308427309,-0.0365,0.8908,-0.3300,0.951
30.311329771,-0.0828,0.8129,-0.3037,0.872
30.313151309,-0.1287,0.7449,-0.2636,0.801
30.315535309,-0.1770,0.6816,-0.2255,0.739
30.319080001,-0.2256,0.6199,-0.1861,0.685
30.320067694,-0.2794,0.5514,-0.1486,0.636
30.322881232,-0.3321,0.4782,-0.1214,0.595
30.325527924,-0.3923,0.3958,-0.1085,0.568
30.327552001,-0.4536,0.2971,-0.1097,0.553
30.330265232,-0.5245,0.1823,-0.1327,0.571
30.332674771,-0.6085,0.0516,-0.1805,0.637
30.335840924,-0.7099,-0.0907,-0.2475,0.757
30.337147309,-0.8269,-0.2412,-0.3205,0.919
30.339528924,-0.9615,-0.3868,-0.3918,1.108
30.342350771,-1.0984,-0.5247,-0.4434,1.295
30.344742771,-1.2482,-0.6332,-0.4730,1.477
30.347547001,-1.3920,-0.7079,-0.4607,1.628
30.349557848,-1.4930,-0.7499,-0.3794,1.713
30.352414155,-1.5506,-0.7336,-0.2338,1.731
30.354016001,-1.5559,-0.6656,-0.0381,1.693
30.356499001,-1.5032,-0.5466,0.1653,1.608
30.360545771,-1.3910,-0.3835,0.3307,1.480
30.361822386,-1.2247,-0.1907,0.4565,1.321
30.363750694,-1.0395,0.0181,0.5193,1.162
30.366563617,-0.8694,0.2339,0.5061,1.033
30.369296232,-0.7302,0.4447,0.4309,0.957
30.370915694,-0.6237,0.6492,0.3283,0.958
30.373586155,-0.5467,0.8502,0.1981,1.030
30.377095078,-0.5064,1.0557,0.0486,1.172
30.378503386,-0.5066,1.2949,-0.1465,1.398
30.380628001,-0.5543,1.5966,-0.4085,1.739
30.383475694,-0.6312,1.9369,-0.8118,2.193
30.389869848,-0.7216,2.3010,-1.1779,2.684
30.390421463,-0.7898,2.6089,-1.3198,3.029
30.391012924,-0.7742,2.8346,-1.1299,3.148
30.402019386,-0.6911,2.9709,-0.8238,3.160
30.402978694,-0.5303,3.0102,-0.4979,3.097
30.403440617,-0.3263,2.9760,-0.1712,2.999
30.40366554,-0.1018,2.8839,0.0923,2.887
30.403858386,0.1046,2.7440,0.2237,2.755
30.404750694,0.2881,2.5521,0.2012,2.576
30.407079924,0.4383,2.3159,0.0576,2.358
30.410312848,0.5514,2.0540,-0.1253,2.130
30.41175354,0.6000,1.7845,-0.2573,1.900
30.414367617,0.5991,1.5316,-0.3168,1.675
30.418425155,0.5763,1.2996,-0.3438,1.463
30.419377848,0.5238,1.0946,-0.3596,1.266
30.421696309,0.4388,0.9294,-0.3228,1.077
30.42442854,0.3357,0.8036,-0.2734,0.913
30.426490386,0.2126,0.7161,-0.2469,0.787
30.428812001,0.0894,0.6502,-0.2639,0.707
30.431200848,-0.0268,0.6040,-0.2873,0.669
30.435045463,-0.1590,0.5810,-0.3127,0.679
30.436048617,-0.2931,0.5837,-0.3324,0.733
30.438481463,-0.4199,0.6091,-0.3215,0.807
30.440965848,-0.5396,0.6509,-0.2990,0.897
30.443696232,-0.6528,0.7144,-0.2697,1.005
30.44676954,-0.7514,0.7887,-0.2741,1.123
30.44839654,-0.8245,0.8768,-0.2990,1.240
30.451269463,-0.9032,0.9988,-0.3110,1.382
30.452912001,-0.9613,1.1317,-0.3322,1.522
30.455319924,-0.9964,1.2637,-0.3515,1.647
30.45789354,-1.0134,1.3872,-0.3217,1.748
30.460331001,-1.0170,1.4984,-0.2518,1.828
30.462886386,-1.0099,1.5800,-0.1805,1.884
30.467871617,-0.9889,1.6352,-0.1258,1.915
30.468571694,-0.9647,1.6662,-0.0774,1.927
30.469759309,-0.9400,1.6709,-0.0291,1.917
30.472448309,-0.9158,1.6485,0.0134,1.886
30.476139078,-0.8995,1.5971,0.0417,1.833
30.47753754,-0.8900,1.5234,0.0332,1.765
30.479934771,-0.8834,1.4363,-0.0086,1.686
30.483468924,-0.8704,1.3376,-0.0669,1.597
30.48464054,-0.8555,1.2380,-0.1356,1.511
30.487360232,-0.8325,1.1410,-0.1966,1.426
30.490142078,-0.8022,1.0396,-0.2536,1.337
30.492011386,-0.7600,0.9394,-0.3163,1.249
30.498075924,-0.7216,0.8510,-0.3687,1.175
30.499356232,-0.6847,0.7620,-0.4285,1.110
30.49998154,-0.6540,0.6841,-0.4537,1.050
30.501126155,-0.6410,0.6287,-0.4698,1.013
30.508376617,-0.6407,0.5771,-0.5152,1.005
30.509021232,-0.6263,0.5150,-0.5597,0.985
30.509464848,-0.6251,0.4720,-0.5744,0.971
30.511608309,-0.6178,0.4078,-0.6359,0.976
30.513863617,-0.5831,0.2919,-0.7376,0.984
30.516519694,-0.5687,0.1882,-0.7689,0.975
30.518949155,-0.5608,0.1046,-0.7891,0.974
30.520196617,-0.5775,0.0418,-0.8040,0.991
30.522965232,-0.6234,-0.0089,-0.8241,1.033
30.525513848,-0.6740,-0.0651,-0.8504,1.087
30.527591617,-0.7355,-0.1196,-0.8717,1.147
30.53046054,-0.8081,-0.1667,-0.8749,1.203
30.533595924,-0.8860,-0.2068,-0.8504,1.245
30.535209463,-0.9718,-0.2317,-0.7967,1.278
30.537397463,-1.0637,-0.2498,-0.7273,1.313
30.539728001,-1.1609,-0.2571,-0.6640,1.362
30.541952848,-1.2517,-0.2561,-0.6105,1.416
30.544423309,-1.3324,-0.2473,-0.5467,1.461
30.547095694,-1.3935,-0.2295,-0.4833,1.493
30.55020454,-1.4320,-0.2100,-0.4078,1.504
30.552212232,-1.4527,-0.1841,-0.3281,1.501
30.555009463,-1.4467,-0.1531,-0.2465,1.476
30.557156617,-1.4120,-0.1198,-0.1566,1.426
30.558928924,-1.3483,-0.0707,-0.0647,1.352
30.561602694,-1.2464,-0.0120,0.0241,1.247
30.563995309,-1.1231,0.0528,0.1350,1.132
30.566251617,-0.9859,0.1112,0.2615,1.026
30.568692309,-0.8431,0.1620,0.3691,0.934
30.571164924,-0.7024,0.2064,0.4575,0.863
30.574756001,-0.5692,0.2355,0.5403,0.819
30.575820001,-0.4499,0.2500,0.6165,0.803
30.578182155,-0.3463,0.2583,0.6742,0.801
30.581017848,-0.2640,0.2649,0.7129,0.805
30.58356154,-0.1990,0.2717,0.7157,0.791
30.585626155,-0.1467,0.2783,0.6689,0.739
30.588042463,-0.1162,0.2810,0.5699,0.646
30.594366694,-0.1084,0.2812,0.4480,0.540
30.594943694,-0.1184,0.2828,0.3276,0.449
30.595244617,-0.1425,0.2856,0.2105,0.382
30.599432924,-0.1719,0.2912,0.0977,0.352
30.601927309,-0.2047,0.2952,-0.0044,0.359
30.60252454,-0.2364,0.3059,-0.0975,0.399
30.604804617,-0.2682,0.3173,-0.1759,0.451
30.613113232,-0.2943,0.3308,-0.2316,0.500
30.613581463,-0.3227,0.3499,-0.2665,0.545
30.613745155,-0.3481,0.3667,-0.2914,0.584
30.614945155,-0.3717,0.3851,-0.2990,0.613
30.616793848,-0.3901,0.4032,-0.2965,0.635
30.61922454,-0.4050,0.4210,-0.2853,0.650
30.621725155,-0.4164,0.4398,-0.2748,0.665
30.624264848,-0.4278,0.4571,-0.2653,0.680
30.62645654,-0.4329,0.4794,-0.2536,0.694
30.628936232,-0.4370,0.4967,-0.2374,0.703
30.632401155,-0.4406,0.5165,-0.2206,0.714
30.633703694,-0.4406,0.5363,-0.1986,0.722
30.636013155,-0.4406,0.5558,-0.1749,0.731
30.638955924,-0.4378,0.5732,-0.1524,0.737
30.641206078,-0.4331,0.5903,-0.1307,0.744
30.643707078,-0.4260,0.6096,-0.1078,0.751
30.646128848,-0.4211,0.6299,-0.0877,0.763
30.649050771,-0.4148,0.6502,-0.0694,0.774
30.650496001,-0.4089,0.6690,-0.0515,0.786
30.652919694,-0.4047,0.6876,-0.0359,0.799
30.655535694,-0.4052,0.7083,-0.0200,0.816
30.657757232,-0.4080,0.7291,-0.0078,0.835
30.660380001,-0.4150,0.7538,-0.0007,0.860
30.663108001,-0.4265,0.7752,0.0114,0.885
30.665620309,-0.4443,0.7985,0.0173,0.914
30.667337463,-0.4656,0.8239,0.0216,0.947
30.669905771,-0.4895,0.8530,0.0183,0.984
30.672375386,-0.5152,0.8784,0.0200,1.019
30.674833771,-0.5391,0.9018,0.0080,1.051
30.677131617,-0.5508,0.9171,0.0083,1.070
30.679639924,-0.5650,0.9272,0.0207,1.086
30.684408924,-0.5872,0.9543,0.0339,1.121
30.684869155,-0.6278,0.9946,0.0332,1.177
30.686671617,-0.6589,1.0266,0.0514,1.221
30.689553771,-0.6779,1.0474,0.0586,1.249
30.694238771,-0.6962,1.0657,0.0549,1.274
30.694612001,-0.7085,1.0769,0.0554,1.290
30.696242694,-0.7512,1.0953,0.0414,1.329
30.703606155,-0.7879,1.1023,0.0200,1.355
30.703912309,-0.7881,1.1107,0.0300,1.362
30.704031617,-0.7866,1.1190,0.0446,1.369
30.706419617,-0.7900,1.1165,0.0405,1.368
30.708277232,-0.7861,1.1112,0.0321,1.362
30.710799694,-0.7807,1.1039,0.0309,1.352
30.713788617,-0.7673,1.0862,0.0321,1.330
30.715754463,-0.7705,1.0860,0.0326,1.332
30.718289848,-0.7651,1.0741,0.0444,1.319
30.720645848,-0.7575,1.0589,0.0644,1.304
30.72326154,-0.7456,1.0469,0.0847,1.288
30.725416848,-0.7324,1.0271,0.0861,1.264
30.727660232,-0.7374,1.0281,0.0833,1.268
30.730336848,-0.7399,1.0277,0.0710,1.268
30.732607001,-0.7448,1.0303,0.0486,1.272
30.734942078,-0.7346,1.0305,0.0239,1.266
30.737682694,-0.7324,1.0386,0.0136,1.271
30.739914694,-0.7250,1.0431,-0.0032,1.270
30.742122771,-0.7136,1.0491,-0.0235,1.269
30.744882463,-0.6940,1.0526,-0.0608,1.262
30.748555001,-0.6766,1.0708,-0.0980,1.270
30.749799386,-0.6544,1.0836,-0.1453,1.274
30.752017771,-0.6388,1.0997,-0.1854,1.285
30.754490463,-0.5988,1.1121,-0.2220,1.282
30.757019309,-0.5374,1.1097,-0.2521,1.259
30.760007001,-0.4763,1.1088,-0.2780,1.238
30.76161254,-0.4390,1.1195,-0.3070,1.241
30.764962694,-0.4011,1.1175,-0.3328,1.233
30.766449232,-0.3563,1.1102,-0.3496,1.217
30.768892001,-0.3072,1.1014,-0.3647,1.200
30.771413463,-0.2684,1.0948,-0.3652,1.185
30.773766463,-0.2233,1.0806,-0.3675,1.163
30.776315386,-0.1886,1.0682,-0.3745,1.148
30.778780309,-0.1543,1.0559,-0.3848,1.134
30.781207309,-0.1164,1.0415,-0.3872,1.117
30.783348232,-0.0805,1.0273,-0.3776,1.098
30.785759694,-0.0566,1.0191,-0.3706,1.086
30.788300309,-0.0319,1.0137,-0.3713,1.080
30.794593771,-0.0134,1.0144,-0.3533,1.074
30.795283694,0.0000,1.0117,-0.3352,1.066
30.795563309,0.0046,1.0122,-0.3149,1.060
30.805722386,-0.0053,1.0184,-0.2905,1.059
30.806892309,-0.0165,1.0326,-0.2685,1.067
30.807261155,-0.0363,1.0538,-0.2475,1.083
30.807555924,-0.0579,1.0723,-0.2248,1.097
30.807831001,-0.0759,1.0911,-0.2074,1.113
30.810634386,-0.0837,1.1067,-0.1877,1.126
30.812865848,-0.0879,1.1181,-0.1693,1.134
30.814631924,-0.0871,1.1241,-0.1532,1.138
30.816772309,-0.0833,1.1288,-0.1376,1.140
30.819663001,-0.0700,1.1288,-0.1180,1.137
30.821874771,-0.0507,1.1302,-0.0877,1.135
30.824111078,-0.0434,1.1351,-0.0792,1.139
30.826517232,-0.0397,1.1405,-0.0987,1.145
30.829380309,-0.0339,1.1473,-0.1283,1.155
30.832205771,-0.0292,1.1495,-0.1390,1.158
30.834352232,-0.0290,1.1500,-0.1478,1.160
30.83647354,-0.0412,1.1505,-0.1683,1.163
30.839330155,-0.0649,1.1600,-0.1808,1.176
30.841434078,-0.0877,1.1664,-0.1937,1.186
30.843767617,-0.1111,1.1677,-0.1982,1.190
30.847131001,-0.1385,1.1674,-0.1986,1.192
30.848434386,-0.1619,1.1620,-0.1984,1.190
30.850928001,-0.1942,1.1554,-0.1864,1.186
30.853490386,-0.2256,1.1475,-0.1784,1.183
30.855794386,-0.2528,1.1386,-0.1695,1.179
30.858161155,-0.2853,1.1253,-0.1654,1.173
30.861300001,-0.3092,1.1132,-0.1647,1.167
30.862991001,-0.3276,1.0948,-0.1659,1.155
30.865282386,-0.3422,1.0826,-0.1630,1.147
30.868237155,-0.3495,1.0594,-0.1272,1.123
30.870405771,-0.3522,1.0340,-0.0840,1.096
30.872507078,-0.3547,1.0166,-0.0706,1.079
30.874804848,-0.3515,1.0049,-0.0857,1.068
30.87845654,-0.3449,0.9939,-0.1153,1.058
30.883577232,-0.3253,0.9770,-0.1397,1.039
30.88412054,-0.2958,0.9611,-0.1566,1.018
30.884665232,-0.2606,0.9448,-0.1612,0.993
30.892347001,-0.2228,0.9313,-0.1600,0.971
30.892644617,-0.1807,0.9204,-0.1756,0.954
30.892791078,-0.1345,0.9140,-0.1871,0.943
30.894517155,-0.0961,0.9155,-0.1920,0.940
30.902614694,-0.0505,0.9138,-0.2074,0.938
30.903323924,-0.0121,0.9136,-0.2147,0.939
30.903642694,0.0235,0.9131,-0.2203,0.940
30.903990386,0.0554,0.9201,-0.2236,0.948
30.906948617,0.0806,0.9294,-0.2267,0.960
30.908942694,0.1078,0.9404,-0.2276,0.974
30.911639694,0.1290,0.9548,-0.2255,0.990
30.913660309,0.1393,0.9702,-0.2177,1.004
30.916465232,0.1439,0.9863,-0.2194,1.021
30.918394386,0.1456,1.0000,-0.2236,1.035
30.921984848,0.1421,1.0084,-0.2236,1.043
30.923114771,0.1502,1.0168,-0.2218,1.052
30.925519001,0.1659,1.0159,-0.2191,1.052
30.928112001,0.1700,1.0154,-0.2215,1.053
30.930512232,0.1676,1.0152,-0.2189,1.052
30.932739924,0.1700,1.0107,-0.2177,1.048
30.935670463,0.1719,1.0027,-0.2150,1.040
30.938173848,0.1786,0.9949,-0.2169,1.034
30.940348617,0.1784,0.9861,-0.2238,1.027
30.94243354,0.1808,0.9788,-0.2252,1.020
30.946359924,0.1768,0.9719,-0.2271,1.014
30.947609848,0.1659,0.9651,-0.2245,1.005
30.949862078,0.1546,0.9578,-0.2267,0.996
30.952317155,0.1397,0.9502,-0.2236,0.986
30.954636309,0.1143,0.9438,-0.2236,0.977
30.956971924,0.0823,0.9357,-0.2180,0.964
30.959376309,0.0515,0.9304,-0.2135,0.956
30.962216001,0.0119,0.9245,-0.2050,0.947
30.964631001,-0.0353,0.9199,-0.2145,0.945
30.966610463,-0.0715,0.9164,-0.2406,0.950
30.969193232,-0.1089,0.9167,-0.2536,0.957
30.971535001,-0.1429,0.9196,-0.2499,0.964
30.973859617,-0.1702,0.9196,-0.2411,0.966
30.97619754,-0.1930,0.9157,-0.2360,0.965
30.982859617,-0.2147,0.9089,-0.2252,0.961
30.983642386,-0.2389,0.9064,-0.2164,0.962
30.984026463,-0.2608,0.9069,-0.2091,0.967
30.986712848,-0.2794,0.9055,-0.1976,0.968
30.99223254,-0.2927,0.9040,-0.1828,0.968
30.992890694,-0.3055,0.9069,-0.1730,0.973
30.993391694,-0.3207,0.9115,-0.1781,0.983
30.995903386,-0.3419,0.9218,-0.2098,1.005
31.00204854,-0.3596,0.9365,-0.2814,1.042
31.002704001,-0.3869,0.9541,-0.3899,1.101
31.002956924,-0.4082,0.9812,-0.5152,1.181
31.005164848,-0.4150,1.0266,-0.6010,1.260
31.007619078,-0.4071,1.0914,-0.6284,1.324
31.010326078,-0.3769,1.1713,-0.6005,1.369
31.012867001,-0.3144,1.2523,-0.5338,1.397
31.014847001,-0.2217,1.3350,-0.4188,1.417
31.017516309,-0.1028,1.4268,-0.2504,1.452
31.020220309,0.0371,1.5155,-0.0586,1.517
31.022722694,0.1684,1.6240,0.1425,1.639
31.024369232,0.2863,1.7489,0.2794,1.794
31.027105463,0.3545,1.8849,0.4329,1.966
31.030250386,0.3829,2.0435,0.5919,2.162
31.032456232,0.4305,2.1644,0.7632,2.335
31.034463386,0.4879,2.2604,0.9242,2.490
31.037304924,0.5567,2.3443,1.0053,2.611
31.038900309,0.6030,2.3946,0.9764,2.655
31.041511694,0.6518,2.3841,0.8848,2.625
31.043750463,0.6611,2.3191,0.7253,2.518
31.046972232,0.6765,2.1798,0.5340,2.344
31.048590386,0.6440,2.0027,0.3085,2.126
31.051404848,0.5966,1.7997,0.0891,1.898
31.05396054,0.5465,1.5812,-0.1065,1.676
31.056257232,0.4769,1.3782,-0.2478,1.479
31.058456617,0.4388,1.1566,-0.4136,1.304
31.060611001,0.4102,0.9448,-0.5273,1.157
31.062885771,0.3726,0.7603,-0.5483,1.009
31.065364001,0.3215,0.6147,-0.4928,0.851
31.068018078,0.2597,0.4929,-0.4493,0.716
31.070443617,0.1828,0.3877,-0.3377,0.546
31.072656001,0.0965,0.2981,-0.2387,0.394
31.07529654,0.0026,0.2280,-0.1339,0.264
31.077544001,-0.1040,0.1466,-0.0892,0.201
31.083424848,-0.2315,0.0704,-0.1180,0.269
31.084048309,-0.3845,0.0081,-0.2308,0.449
31.085695924,-0.5291,-0.0311,-0.3259,0.622
31.092926694,-0.6488,-0.0318,-0.4232,0.775
31.09394054,-0.7497,-0.0099,-0.5543,0.932
31.094414155,-0.8159,0.0235,-0.6706,1.056
31.094620001,-0.8496,0.0669,-0.7596,1.142
31.103467309,-0.8758,0.1337,-0.8236,1.210
31.103997155,-0.9102,0.2180,-0.8478,1.263
31.104527078,-0.9305,0.3294,-0.8976,1.334
31.105057155,-0.9324,0.4538,-0.9345,1.396
31.106357771,-0.9379,0.5873,-0.9364,1.450
31.109305463,-0.9652,0.7379,-0.8925,1.507
31.111480617,-1.0069,0.9096,-0.8072,1.579
31.11370554,-1.0586,1.1007,-0.6019,1.641
31.116249463,-1.0815,1.2919,-0.3337,1.718
31.118886155,-1.1401,1.4815,-0.1740,1.878
31.121425848,-1.2075,1.6443,-0.0279,2.040
31.124097771,-1.2435,1.7745,0.1245,2.170
31.125843924,-1.2435,1.8728,0.2305,2.260
31.128351309,-1.2219,1.9348,0.3326,2.312
31.130403001,-1.1841,1.9494,0.3568,2.309
31.133141848,-1.1325,1.9162,0.3393,2.252
31.136120232,-1.0588,1.8339,0.2983,2.138
31.137724309,-0.9880,1.7273,0.2442,2.005
31.140186463,-0.9281,1.6213,0.1709,1.876
31.142700617,-0.8721,1.5136,0.0917,1.749
31.145365463,-0.8152,1.4041,0.0312,1.624
31.147544001,-0.7529,1.2988,-0.0254,1.501
31.150058463,-0.6822,1.1982,-0.0889,1.382
31.152701232,-0.5936,1.0953,-0.1719,1.258
31.155405771,-0.5012,1.0081,-0.2431,1.152
31.157467001,-0.4011,0.9269,-0.3300,1.063
31.159474386,-0.3139,0.8605,-0.3662,0.986
31.161961463,-0.2384,0.8121,-0.3825,0.929
31.164443309,-0.1734,0.7785,-0.3911,0.888
31.166759001,-0.1020,0.7491,-0.3838,0.848
31.169126694,-0.0414,0.7264,-0.3764,0.819
31.171519617,0.0139,0.7098,-0.3906,0.810
31.174044617,0.0659,0.7017,-0.3931,0.807
31.17751254,0.1004,0.7110,-0.3667,0.806
31.178671078,0.1199,0.7298,-0.3349,0.812
31.181319386,0.1321,0.7518,-0.3049,0.822
31.183744232,0.1453,0.7806,-0.2785,0.841
31.186318771,0.1493,0.8134,-0.2680,0.869
31.188913848,0.1434,0.8625,-0.2688,0.915
31.190851924,0.1344,0.9140,-0.2707,0.963
31.193580848,0.1256,0.9704,-0.2629,1.013
31.198864001,0.1114,1.0203,-0.2516,1.057
31.199345155,0.1034,1.0748,-0.2478,1.108
31.201000617,0.1006,1.1229,-0.2504,1.155
31.207541155,0.0999,1.1598,-0.2524,1.191
31.208253155,0.0965,1.1933,-0.2672,1.227
31.208508617,0.0943,1.2199,-0.2851,1.256
31.210777155,0.0969,1.2321,-0.2983,1.271
31.217918771,0.0941,1.2318,-0.3139,1.275
31.218443617,0.1021,1.2162,-0.3303,1.264
31.218857771,0.1073,1.1962,-0.3513,1.251
31.220100232,0.1148,1.1708,-0.3711,1.234
31.22224454,0.1146,1.1390,-0.3857,1.208
31.22457754,0.1078,1.1072,-0.3918,1.179
31.227046155,0.0909,1.0797,-0.4009,1.155
31.229289771,0.0733,1.0515,-0.3987,1.127
31.232117232,0.0445,1.0277,-0.3929,1.101
31.235593848,0.0163,1.0037,-0.3829,1.074
31.236716617,-0.0146,0.9888,-0.3764,1.058
31.238962155,-0.0544,0.9734,-0.3692,1.042
31.241495078,-0.0926,0.9614,-0.3659,1.033
31.244087694,-0.1301,0.9585,-0.3584,1.032
31.246170771,-0.1602,0.9502,-0.3513,1.026
31.248748232,-0.1930,0.9474,-0.3435,1.026
31.251573155,-0.2191,0.9450,-0.3320,1.025
31.253501155,-0.2433,0.9443,-0.3191,1.026
31.256054694,-0.2620,0.9446,-0.3046,1.026
31.258471078,-0.2733,0.9436,-0.2890,1.024
31.26069254,-0.2787,0.9480,-0.2692,1.024
31.263082771,-0.2834,0.9485,-0.2514,1.021
31.265715694,-0.2836,0.9514,-0.2274,1.019
31.268032924,-0.2755,0.9583,-0.2054,1.018
31.270375078,-0.2696,0.9607,-0.1879,1.015
31.273212309,-0.2543,0.9641,-0.1728,1.012
31.275306771,-0.2361,0.9685,-0.1614,1.010
31.27768954,-0.2188,0.9683,-0.1526,1.004
31.279950463,-0.1934,0.9714,-0.1476,1.001
31.282915386,-0.1729,0.9683,-0.1502,0.995
31.288660232,-0.1543,0.9697,-0.1524,0.994
31.289414386,-0.1311,0.9695,-0.1554,0.991
31.289824309,-0.1128,0.9670,-0.1614,0.987
31.298010155,-0.0891,0.9629,-0.1676,0.981
31.298671078,-0.0710,0.9592,-0.1705,0.977
31.298847001,-0.0558,0.9551,-0.1784,0.973
31.299496848,-0.0430,0.9531,-0.1830,0.971
31.308043694,-0.0316,0.9485,-0.1847,0.967
31.308431386,-0.0223,0.9483,-0.1924,0.968
31.308631001,-0.0085,0.9446,-0.1976,0.965
31.309157463,0.0039,0.9414,-0.2094,0.964
31.31121754,0.0188,0.9394,-0.2182,0.965
31.313641463,0.0298,0.9406,-0.2282,0.968
31.316491386,0.0464,0.9367,-0.2355,0.967
31.318741463,0.0613,0.9341,-0.2434,0.967
31.320915924,0.0799,0.9272,-0.2550,0.965
31.323701463,0.0990,0.9241,-0.2676,0.967
31.326330694,0.1192,0.9225,-0.2844,0.973
31.328177155,0.1456,0.9196,-0.2956,0.977
31.330816001,0.1725,0.9164,-0.3056,0.981
31.333147617,0.1926,0.9101,-0.3124,0.981
31.335526694,0.2155,0.9071,-0.3181,0.985
31.337854771,0.2387,0.9064,-0.3198,0.990
31.340386078,0.2587,0.9050,-0.3237,0.995
31.342717771,0.2788,0.9055,-0.3298,1.003
31.345291924,0.2963,0.9033,-0.3352,1.008
31.347624924,0.3091,0.9064,-0.3398,1.016
31.351287078,0.3237,0.9106,-0.3479,1.027
31.352482694,0.3333,0.9120,-0.3508,1.032
31.355091617,0.3413,0.9206,-0.3508,1.043
31.357474771,0.3457,0.9250,-0.3508,1.048
31.359973848,0.3501,0.9280,-0.3450,1.050
31.362143694,0.3503,0.9333,-0.3337,1.051
31.364590694,0.3535,0.9394,-0.3240,1.055
31.367020001,0.3562,0.9414,-0.3176,1.055
31.369210155,0.3626,0.9467,-0.3107,1.060
31.371891617,0.3648,0.9441,-0.2963,1.055
31.374766771,0.3652,0.9443,-0.2873,1.052
31.376686463,0.3720,0.9462,-0.2778,1.054
31.379268001,0.3801,0.9429,-0.2676,1.051
31.382014463,0.3914,0.9380,-0.2509,1.047
31.384437232,0.4051,0.9353,-0.2348,1.046
31.387554694,0.4127,0.9331,-0.2171,1.043
31.388753848,0.4183,0.9306,-0.2035,1.040
31.395318078,0.4180,0.9233,-0.1947,1.032
31.39598154,0.4123,0.9236,-0.1847,1.028
31.39635254,0.4029,0.9252,-0.1793,1.025
31.399146078,0.3882,0.9280,-0.1817,1.022
31.407117232,0.3680,0.9318,-0.1868,1.019
31.407927386,0.3433,0.9380,-0.1920,1.017
31.408142386,0.3191,0.9436,-0.1949,1.015
31.408357463,0.2956,0.9521,-0.2035,1.018
31.410945463,0.2690,0.9551,-0.2126,1.015
31.413633848,0.2406,0.9576,-0.2238,1.012
31.416652001,0.2089,0.9609,-0.2323,1.010
31.417544309,0.1805,0.9668,-0.2429,1.013
31.419702771,0.1526,0.9702,-0.2543,1.015
31.422511924,0.1221,0.9680,-0.2646,1.011
31.424635617,0.0933,0.9695,-0.2736,1.012
31.42751254,0.0689,0.9712,-0.2839,1.014
31.429869771,0.0476,0.9690,-0.2865,1.012
31.431946694,0.0279,0.9683,-0.2807,1.009
31.434706463,0.0102,0.9702,-0.2775,1.009
31.436934078,-0.0121,0.9716,-0.2678,1.008
31.439727001,-0.0312,0.9744,-0.2602,1.009
31.442063694,-0.0502,0.9770,-0.2590,1.012
31.444177463,-0.0686,0.9790,-0.2618,1.016
31.446612924,-0.0847,0.9814,-0.2658,1.020
31.449874694,-0.1015,0.9817,-0.2707,1.023
31.451796232,-0.1138,0.9844,-0.2707,1.027
31.453754155,-0.1282,0.9851,-0.2663,1.028
31.456195386,-0.1389,0.9827,-0.2604,1.026
31.458732924,-0.1506,0.9861,-0.2562,1.030
31.46144854,-0.1607,0.9834,-0.2453,1.026
31.463518694,-0.1700,0.9837,-0.2360,1.026
31.466832848,-0.1793,0.9830,-0.2250,1.024
31.468323078,-0.1785,0.9846,-0.2140,1.023
31.470741155,-0.1793,0.9830,-0.1998,1.019
31.473354694,-0.1739,0.9851,-0.1879,1.018
31.47571254,-0.1651,0.9856,-0.1798,1.015
31.477716309,-0.1511,0.9851,-0.1715,1.011
31.480547924,-0.1331,0.9834,-0.1637,1.006
31.486075001,-0.1115,0.9834,-0.1607,1.003
31.486612617,-0.0859,0.9853,-0.1605,1.002
31.487810078,-0.0588,0.9856,-0.1635,1.001
31.494935694,-0.0344,0.9819,-0.1659,0.996
31.495371924,-0.0170,0.9783,-0.1679,0.993
31.495532001,0.0019,0.9781,-0.1784,0.994
31.497983694,0.0195,0.9746,-0.1893,0.993
31.505398155,0.0340,0.9732,-0.1961,0.993
31.505977155,0.0449,0.9727,-0.2108,0.996
31.506155924,0.0533,0.9683,-0.2213,0.995
31.506793232,0.0652,0.9683,-0.2357,0.999
31.509201771,0.0703,0.9680,-0.2482,1.002
31.511424924,0.0724,0.9680,-0.2604,1.005
31.514174078,0.0764,0.9685,-0.2741,1.009
31.516625155,0.0789,0.9688,-0.2756,1.010
31.518934463,0.0792,0.9653,-0.2909,1.011
31.52140554,0.0794,0.9623,-0.2990,1.011
31.524091694,0.0816,0.9583,-0.2976,1.007
31.525863694,0.0808,0.9534,-0.2974,1.002
31.528597771,0.0833,0.9470,-0.2937,0.995
31.530867694,0.0857,0.9380,-0.2919,0.986
31.533490694,0.0889,0.9313,-0.2841,0.978
31.536043924,0.0831,0.9220,-0.2775,0.966
31.538758771,0.0811,0.9180,-0.2676,0.960
31.540655001,0.0771,0.9118,-0.2558,0.950
31.543553155,0.0759,0.9069,-0.2492,0.944
31.545427694,0.0738,0.9059,-0.2467,0.942
31.548975078,0.0694,0.9006,-0.2494,0.937
31.550030463,0.0689,0.8996,-0.2562,0.938
31.552572848,0.0718,0.8998,-0.2658,0.941
31.554970386,0.0757,0.8991,-0.2763,0.944
31.557819925,0.0811,0.8998,-0.2812,0.946
31.559855309,0.0874,0.8994,-0.2893,0.949
31.562165771,0.0960,0.8957,-0.2876,0.946
31.565330771,0.1080,0.8964,-0.2804,0.945
31.567015309,0.1146,0.8974,-0.2736,0.945
31.569401155,0.1251,0.8974,-0.2748,0.947
31.571751386,0.1341,0.8994,-0.2726,0.949
31.574251386,0.1446,0.9089,-0.2719,0.960
31.576594694,0.1490,0.9174,-0.2707,0.968
31.57892854,0.1500,0.9323,-0.2697,0.982
31.585559386,0.1556,0.9453,-0.2683,0.995
31.586576001,0.1474,0.9663,-0.2778,1.016
31.586847309,0.1432,0.9763,-0.2909,1.029
31.588683078,0.1378,0.9856,-0.3037,1.040
31.596336232,0.1332,0.9923,-0.3119,1.049
31.597040001,0.1239,1.0012,-0.3259,1.060
31.597338078,0.1062,1.0125,-0.3310,1.070
31.598614463,0.0885,1.0193,-0.3450,1.080
31.600543617,0.0675,1.0322,-0.3503,1.092
31.603362386,0.0447,1.0438,-0.3428,1.100
31.606942463,0.0207,1.0575,-0.3393,1.111
31.612567694,-0.0036,1.0699,-0.3259,1.118
31.613152001,-0.0329,1.0826,-0.3086,1.126
31.613735694,-0.0607,1.0929,-0.2921,1.133
31.615511694,-0.0822,1.1034,-0.2790,1.141
31.61764554,-0.1052,1.1134,-0.2716,1.151
31.620093232,-0.1248,1.1227,-0.2678,1.161
31.62241754,-0.1453,1.1305,-0.2704,1.171
31.62478454,-0.1712,1.1439,-0.2683,1.187
31.627337771,-0.1927,1.1642,-0.2627,1.209
31.629973771,-0.2130,1.1817,-0.2487,1.226
31.632063078,-0.2315,1.2036,-0.2301,1.247
31.634435617,-0.2464,1.2206,-0.2145,1.264
31.637488848,-0.2584,1.2387,-0.2020,1.281
31.639640925,-0.2694,1.2590,-0.1898,1.301
31.641719386,-0.2772,1.2758,-0.1742,1.317
31.644311309,-0.2841,1.3015,-0.1519,1.341
31.646576925,-0.2943,1.3257,-0.1300,1.364
31.648899386,-0.2990,1.3506,-0.1148,1.388
31.651394694,-0.3070,1.3770,-0.0962,1.414
31.653832309,-0.3160,1.4036,-0.0689,1.440
31.656409232,-0.3239,1.4268,-0.0296,1.463
31.659328232,-0.3295,1.4556,0.0116,1.492
31.660934386,-0.3361,1.4894,0.0623,1.528
31.664343925,-0.3458,1.5253,0.1111,1.568
31.665692232,-0.3479,1.5609,0.1653,1.608
31.668467001,-0.3463,1.5932,0.2240,1.646
31.67061254,-0.3398,1.6162,0.2772,1.675
31.673474771,-0.3290,1.6206,0.3193,1.684
31.675302463,-0.3139,1.6196,0.3483,1.686
31.67791754,-0.2962,1.6042,0.3479,1.668
31.681715078,-0.2809,1.5783,0.3239,1.635
31.683160001,-0.2667,1.5497,0.2775,1.597
31.685208617,-0.2487,1.5136,0.2228,1.550
31.688062694,-0.2398,1.4826,0.1621,1.511
31.689762386,-0.2320,1.4491,0.1145,1.472
31.692373848,-0.2261,1.4249,0.0720,1.445
31.694875925,-0.2303,1.4051,0.0309,1.424
31.698202694,-0.2354,1.3875,-0.0073,1.407
31.699402155,-0.2415,1.3711,-0.0279,1.393
31.702218155,-0.2475,1.3643,-0.0198,1.387
31.704399617,-0.2518,1.3599,-0.0042,1.383
31.706766386,-0.2520,1.3528,0.0180,1.376
31.709526463,-0.2503,1.3477,0.0414,1.371
31.711682694,-0.2522,1.3425,0.0527,1.367
31.714262078,-0.2543,1.3396,0.0561,1.365
31.716455694,-0.2533,1.3366,0.0686,1.362
31.719303309,-0.2584,1.3338,0.0761,1.361
31.721273463,-0.2608,1.3306,0.0715,1.358
31.723633771,-0.2582,1.3215,0.0525,1.348
31.726117155,-0.2611,1.3103,0.0437,1.337
31.728700001,-0.2789,1.3040,0.0617,1.335
31.730860617,-0.2931,1.2856,0.0710,1.320
31.733443617,-0.3109,1.2626,0.0796,1.303
31.73629254,-0.3361,1.2427,0.0568,1.289
31.738754386,-0.3574,1.2167,0.0136,1.268
31.740558386,-0.3764,1.1874,-0.0381,1.246
31.743107694,-0.3928,1.1573,-0.0904,1.226
31.745726694,-0.4045,1.1216,-0.1324,1.200
31.748908617,-0.4120,1.0887,-0.1715,1.177
31.750657463,-0.4199,1.0550,-0.2108,1.155
31.752634463,-0.4269,1.0233,-0.2399,1.134
31.755398386,-0.4294,0.9926,-0.2602,1.112
31.757643078,-0.4336,0.9621,-0.2704,1.089
31.760486155,-0.4355,0.9301,-0.2770,1.064
31.763752232,-0.4370,0.9018,-0.2683,1.037
31.765144617,-0.4367,0.8698,-0.2487,1.005
31.767149771,-0.4378,0.8378,-0.2233,0.971
31.770074078,-0.4380,0.8080,-0.2074,0.942
31.772417155,-0.4390,0.7804,-0.2042,0.918
31.774429155,-0.4474,0.7538,-0.2126,0.902
31.77694954,-0.4602,0.7281,-0.2255,0.890
31.779925232,-0.4786,0.7076,-0.2506,0.890
31.781797232,-0.5015,0.6902,-0.2827,0.899
31.784155694,-0.5282,0.6670,-0.3159,0.908
31.786734694,-0.5501,0.6499,-0.3430,0.918
31.792807925,-0.5687,0.6299,-0.3675,0.925
31.793546155,-0.5824,0.6189,-0.3941,0.937
31.794143386,-0.6114,0.6182,-0.4123,0.962
31.796406463,-0.6430,0.6113,-0.4119,0.978
31.803752848,-0.6782,0.6098,-0.4344,1.010
31.804157771,-0.7060,0.6120,-0.4439,1.034
31.804490155,-0.7348,0.6215,-0.4329,1.055
31.805750771,-0.7686,0.6284,-0.4183,1.077
31.807972617,-0.8164,0.6421,-0.3862,1.108
31.81144954,-0.8618,0.6565,-0.3454,1.137
31.813638155,-0.9127,0.6729,-0.2988,1.173
31.815256848,-0.9589,0.6870,-0.2614,1.208
31.818164001,-0.9967,0.6958,-0.2372,1.239
31.820984848,-1.0302,0.6978,-0.1632,1.255
31.822471001,-1.0556,0.7030,-0.1018,1.272
31.824922694,-1.0727,0.7037,-0.0347,1.283
31.828500232,-1.0737,0.7034,0.0334,1.284
31.830295386,-1.0434,0.6968,0.1136,1.260
31.832984925,-0.9869,0.6819,0.1981,1.216
31.834734386,-0.9317,0.6727,0.2785,1.182
31.837544309,-0.8870,0.6597,0.3439,1.158
31.839554155,-0.8511,0.6534,0.3825,1.139
31.841991386,-0.8166,0.6441,0.3915,1.111
31.844562386,-0.7791,0.6331,0.3728,1.071
31.846812617,-0.7367,0.6213,0.3375,1.021
31.849224848,-0.6915,0.6091,0.2953,0.968
31.851909771,-0.6383,0.5940,0.2615,0.910
31.854434694,-0.5885,0.5835,0.2164,0.856
31.856384232,-0.5394,0.5759,0.1702,0.807
31.858852925,-0.4917,0.5712,0.1450,0.768
31.861303386,-0.4474,0.5661,0.1285,0.733
31.863559078,-0.4096,0.5647,0.1287,0.709
31.866090771,-0.3754,0.5656,0.1382,0.693
31.868591617,-0.3449,0.5688,0.1585,0.684
31.870970771,-0.3221,0.5737,0.1858,0.684
31.873999078,-0.2983,0.5756,0.2049,0.680
31.875770078,-0.2755,0.5773,0.2068,0.672
31.878979309,-0.2562,0.5756,0.2059,0.663
31.88058054,-0.2361,0.5730,0.2042,0.652
31.88296554,-0.2217,0.5739,0.2003,0.647
31.885462078,-0.2081,0.5676,0.1951,0.635
31.888100617,-0.2030,0.5681,0.1875,0.632
31.890602386,-0.1976,0.5666,0.1751,0.625
31.893365463,-0.1917,0.5617,0.1580,0.614
31.898401232,-0.1917,0.5578,0.1378,0.606
31.898970771,-0.1900,0.5586,0.1159,0.601
31.901311617,-0.1912,0.5551,0.0940,0.595
31.902474694,-0.1870,0.5549,0.0722,0.590
31.907574386,-0.1837,0.5554,0.0542,0.587
31.907984925,-0.1795,0.5563,0.0412,0.586
31.909444309,-0.1739,0.5583,0.0334,0.586
31.920071386,-0.1644,0.5617,0.0319,0.586
31.920685232,-0.1529,0.5649,0.0349,0.586
31.921056925,-0.1401,0.5719,0.0442,0.591
31.921348001,-0.1233,0.5773,0.0558,0.593
31.921624309,-0.1103,0.5832,0.0675,0.597
31.923915078,-0.0991,0.5898,0.0808,0.603
31.926944232,-0.0935,0.5974,0.0926,0.612
31.92894854,-0.0849,0.6066,0.1064,0.622
31.931140309,-0.0830,0.6174,0.1155,0.634
31.934244309,-0.0796,0.6257,0.1196,0.642
31.936755694,-0.0786,0.6392,0.1162,0.654
31.938380848,-0.0847,0.6534,0.1182,0.669
31.940934386,-0.0920,0.6651,0.1157,0.681
31.943286694,-0.0954,0.6829,0.1079,0.698
31.945679386,-0.1043,0.6990,0.1013,0.714
31.948480309,-0.1103,0.7144,0.0966,0.729
31.950808925,-0.1194,0.7337,0.0933,0.749
31.953155386,-0.1245,0.7494,0.0923,0.765
31.955539617,-0.1294,0.7706,0.0894,0.786
31.957740848,-0.1362,0.7877,0.0877,0.804
31.960040617,-0.1436,0.8036,0.0849,0.821
31.962649848,-0.1518,0.8260,0.0791,0.844
31.964886078,-0.1585,0.8463,0.0771,0.864
31.967554386,-0.1660,0.8622,0.0720,0.881
31.969677771,-0.1716,0.8822,0.0607,0.901
31.972372001,-0.1763,0.9067,0.0549,0.925
31.975428001,-0.1812,0.9260,0.0532,0.945
31.978533463,-0.1883,0.9474,0.0505,0.967
31.979687925,-0.1921,0.9675,0.0417,0.987
31.982582694,-0.1905,0.9842,0.0302,1.003
31.984482694,-0.1824,1.0042,0.0244,1.021
31.987120925,-0.1714,1.0154,0.0207,1.030
31.989865232,-0.1660,1.0342,0.0454,1.048
31.99186854,-0.1607,1.0555,0.0715,1.070
31.998846771,-0.1580,1.0750,0.0940,1.091
31.999690694,-0.1458,1.0818,0.1145,1.098
32.000143617,-0.1562,1.1114,0.1285,1.130
32.001899309,-0.1636,1.1327,0.1306,1.152
32.011510463,-0.1685,1.1454,0.1597,1.169
32.012229155,-0.1768,1.1612,0.1809,1.188
32.012468925,-0.1853,1.1661,0.1995,1.197
32.012698694,-0.1990,1.1740,0.2084,1.209
32.014470771,-0.2181,1.1733,0.2119,1.212
32.016510155,-0.2371,1.1761,0.2179,1.219
32.019090694,-0.2601,1.1764,0.2191,1.225
32.021156925,-0.2838,1.1737,0.2217,1.228
32.022713848,-0.3132,1.1740,0.2247,1.236
32.025712001,-0.3400,1.1686,0.2276,1.238
32.02847754,-0.3708,1.1666,0.2303,1.246
32.030466078,-0.3971,1.1642,0.2315,1.252
32.032537232,-0.4223,1.1622,0.2398,1.260
32.035589155,-0.4360,1.1556,0.2361,1.258
32.037129232,-0.4519,1.1483,0.2291,1.255
32.039762078,-0.4595,1.1402,0.2215,1.249
32.042199078,-0.4714,1.1295,0.2210,1.244
32.044622078,-0.4788,1.1202,0.2215,1.238
32.046980001,-0.4844,1.1116,0.2212,1.233
32.050015617,-0.4863,1.1065,0.2181,1.228
32.052248232,-0.4805,1.1051,0.2098,1.223
32.054078078,-0.4739,1.0965,0.2003,1.211
32.056508232,-0.4717,1.0914,0.1844,1.203
32.059107386,-0.4648,1.0836,0.1741,1.192
32.061427386,-0.4487,1.0848,0.1690,1.186
32.064117155,-0.4394,1.0894,0.1700,1.187
32.066196848,-0.4358,1.0899,0.1660,1.185
32.068758463,-0.4236,1.0911,0.1641,1.182
32.07092954,-0.4084,1.0980,0.1714,1.184
32.073719078,-0.3947,1.1046,0.1644,1.184
32.076045848,-0.3798,1.1112,0.1506,1.184
32.078180001,-0.3623,1.1153,0.1367,1.181
32.080915078,-0.3481,1.1241,0.1174,1.183
32.085246386,-0.3290,1.1305,0.1006,1.182
32.085900001,-0.3160,1.1405,0.0747,1.186
32.088061848,-0.3055,1.1447,0.0525,1.186
32.090562694,-0.2929,1.1488,0.0288,1.186
32.098087386,-0.2785,1.1481,0.0092,1.181
32.098774463,-0.2729,1.1556,-0.0281,1.188
32.099193848,-0.2743,1.1637,-0.0671,1.197
32.100726463,-0.2680,1.1661,-0.0620,1.198
32.107096925,-0.2520,1.1686,-0.0584,1.197
32.108039001,-0.2357,1.1681,-0.0571,1.193
32.108271694,-0.2112,1.1603,-0.0501,1.180
32.118290386,-0.1893,1.1517,-0.0496,1.168
32.119204309,-0.1741,1.1515,-0.0574,1.166
32.119474078,-0.1526,1.1444,-0.0574,1.156
32.119713848,-0.1441,1.1444,-0.0691,1.155
32.120146386,-0.1343,1.1461,-0.0804,1.157
32.121731309,-0.1243,1.1414,-0.0669,1.150
32.124109848,-0.0945,1.1286,-0.0388,1.133
32.126714463,-0.0681,1.1156,-0.0349,1.118
32.128865848,-0.0434,1.1041,-0.0373,1.106
32.131466694,-0.0199,1.0974,-0.0364,1.098
32.135025463,-0.0067,1.1002,-0.0449,1.101
32.135970386,-0.0004,1.1048,-0.0505,1.106
32.138933155,-0.0002,1.1036,-0.0473,1.105
32.141200232,-0.0026,1.1067,-0.0379,1.107
32.143442078,-0.0080,1.1126,-0.0210,1.113
32.145787309,-0.0163,1.1136,-0.0007,1.114
32.14834954,-0.0268,1.1156,-0.0073,1.116
32.150731386,-0.0381,1.1144,-0.0242,1.115
32.152979694,-0.0417,1.1144,-0.0242,1.115
32.155413771,-0.0456,1.1095,-0.0158,1.111
32.158020848,-0.0473,1.1011,-0.0053,1.102
32.160320309,-0.0478,1.0943,-0.0065,1.095
32.162565771,-0.0510,1.0865,-0.0117,1.088
32.165350771,-0.0510,1.0797,-0.0186,1.081
32.167887694,-0.0527,1.0682,-0.0198,1.070
32.169809463,-0.0635,1.0608,-0.0274,1.063
32.17222954,-0.0651,1.0499,-0.0303,1.052
32.174699001,-0.0732,1.0386,-0.0259,1.041
32.177143694,-0.0825,1.0273,-0.0179,1.031
32.180204001,-0.0961,1.0203,-0.0110,1.025
32.183162386,-0.1143,1.0142,-0.0156,1.021
32.188290386,-0.1324,1.0059,-0.0183,1.015
32.189013155,-0.1450,0.9975,-0.0279,1.008
32.189438078,-0.1539,0.9825,-0.0317,0.995
32.19586154,-0.1614,0.9704,-0.0286,0.984
32.196192309,-0.1690,0.9565,-0.0274,0.972
32.196363925,-0.1727,0.9446,-0.0303,0.961
32.199591386,-0.1788,0.9318,-0.0315,0.949
32.207072925,-0.1751,0.9069,-0.0359,0.924
32.207871309,-0.1695,0.8833,-0.0440,0.900
32.208264232,-0.1692,0.8600,-0.0618,0.879
32.208618463,-0.1727,0.8378,-0.0762,0.859
32.210699617,-0.1748,0.8212,-0.0872,0.844
32.213435309,-0.1793,0.8092,-0.0950,0.834
32.21590454,-0.1888,0.8104,-0.1127,0.840
32.218160309,-0.1979,0.8111,-0.1167,0.843
32.220657848,-0.1993,0.7960,-0.1074,0.828
32.223578386,-0.1956,0.7792,-0.1041,0.810
32.225915617,-0.1881,0.7631,-0.1050,0.793
32.227774078,-0.1814,0.7503,-0.1190,0.781
32.230489771,-0.1688,0.7405,-0.1304,0.771
32.23276454,-0.1560,0.7303,-0.1412,0.760
32.235294771,-0.1411,0.7252,-0.1558,0.755
32.237766386,-0.1311,0.7163,-0.1635,0.746
32.240091617,-0.1140,0.7098,-0.1656,0.738
32.242426155,-0.0952,0.7095,-0.1610,0.734
32.244722694,-0.0830,0.7093,-0.1610,0.732
32.247309155,-0.0668,0.7122,-0.1593,0.733
32.250650386,-0.0554,0.7161,-0.1554,0.735
32.25180854,-0.0414,0.7217,-0.1590,0.740
32.25425354,-0.0332,0.7317,-0.1698,0.752
32.257018463,-0.0256,0.7381,-0.1700,0.758
32.259218078,-0.0192,0.7454,-0.1791,0.767
32.261644617,-0.0146,0.7538,-0.1833,0.776
32.264203617,-0.0106,0.7608,-0.1842,0.783
32.267102771,-0.0046,0.7689,-0.1881,0.792
32.268688848,-0.0031,0.7762,-0.1930,0.800
32.271706155,0.0039,0.7862,-0.2079,0.813
32.27393654,0.0102,0.7906,-0.2159,0.820
32.276469232,0.0156,0.7973,-0.2196,0.827
32.278822463,0.0228,0.8065,-0.2228,0.837
32.281877771,0.0274,0.8092,-0.2228,0.840
32.283590386,0.0349,0.8116,-0.2269,0.843
32.286027001,0.0377,0.8172,-0.2323,0.850
32.288405848,0.0396,0.8190,-0.2441,0.856
32.294713848,0.0396,0.8190,-0.2607,0.860
32.295242771,0.0340,0.8216,-0.2697,0.865
32.295520848,0.0349,0.8212,-0.2780,0.868
32.298566155,0.0305,0.8229,-0.2751,0.868
32.30969354,0.0324,0.8244,-0.2648,0.866
32.310243386,0.0293,0.8278,-0.2467,0.864
32.310441155,0.0259,0.8325,-0.2269,0.863
32.310602771,0.0230,0.8383,-0.2082,0.864
32.311071694,0.0179,0.8430,-0.1917,0.865
32.312310386,0.0081,0.8510,-0.1742,0.869
32.314654386,-0.0031,0.8593,-0.1624,0.875
32.317764617,-0.0118,0.8666,-0.1451,0.879
32.319768848,-0.0246,0.8740,-0.1334,0.884
32.32188554,-0.0316,0.8784,-0.1246,0.888
32.324738155,-0.0442,0.8824,-0.1214,0.892
32.326484925,-0.0507,0.8837,-0.1214,0.893
32.329177848,-0.0586,0.8908,-0.1211,0.901
32.331411001,-0.0659,0.8942,-0.1253,0.905
32.333800309,-0.0759,0.8964,-0.1278,0.909
32.336322771,-0.0837,0.9018,-0.1290,0.915
32.338995078,-0.0945,0.9035,-0.1321,0.918
32.341213771,-0.1033,0.9045,-0.1319,0.920
32.343554386,-0.1128,0.9038,-0.1336,0.921
32.346494386,-0.1269,0.9057,-0.1332,0.924
32.349819925,-0.1404,0.9040,-0.1297,0.924
32.350916848,-0.1555,0.9055,-0.1285,0.928
32.353373155,-0.1688,0.9047,-0.1304,0.930
32.355728848,-0.1834,0.9040,-0.1385,0.933
32.358270386,-0.1986,0.9006,-0.1486,0.934
32.360603001,-0.2076,0.9010,-0.1656,0.939
32.363073771,-0.2161,0.8982,-0.1849,0.942
32.366790771,-0.2224,0.8917,-0.2054,0.942
32.367819386,-0.2268,0.8977,-0.2475,0.958
32.37028854,-0.2261,0.9101,-0.3119,0.988
32.372535309,-0.2252,0.9441,-0.3909,1.046
32.374965771,-0.2122,0.9851,-0.4285,1.095
32.377691001,-0.1824,1.0254,-0.4087,1.119
32.379800848,-0.1226,1.0687,-0.3545,1.133
32.382482386,-0.0417,1.1151,-0.2763,1.150
32.384384617,0.0242,1.1691,-0.1817,1.183
32.387505771,0.0517,1.2460,-0.0738,1.249
32.390200925,0.0675,1.3440,0.0407,1.346
32.393971925,0.0792,1.4435,0.1963,1.459
32.394701463,0.1094,1.5407,0.3468,1.583
32.397556309,0.1781,1.6308,0.4609,1.704
32.40237654,0.2665,1.7014,0.5704,1.814
32.403040001,0.3743,1.7456,0.6762,1.909
32.40420954,0.5306,1.7540,0.8020,2.000
32.412782155,0.6880,1.7515,0.9291,2.099
32.413247309,0.9089,1.6921,0.9630,2.149
32.413446771,1.1278,1.5954,0.8452,2.129
32.413615925,1.3298,1.4677,0.5191,2.047
32.416940232,1.5077,1.3301,0.1250,2.014
32.418360848,1.6599,1.2064,-0.1922,2.061
32.420931078,1.7668,1.0973,-0.3531,2.110
32.423768001,1.8055,1.0418,-0.3794,2.119
32.425479694,1.8015,1.0098,-0.3736,2.099
32.428176001,1.7922,0.9981,-0.3093,2.075
32.431837771,1.7507,0.9951,-0.2770,2.033
32.432806078,1.6764,0.9975,-0.2050,1.962
32.435470463,1.5807,0.9991,-0.1158,1.874
32.437997155,1.4700,0.9937,-0.0493,1.775
32.440175694,1.3102,0.9942,0.0016,1.645
32.442723001,1.1278,0.9907,0.0227,1.501
32.445328925,0.9531,0.9830,0.0029,1.369
32.44832854,0.8064,0.9651,-0.0312,1.258
32.449699001,0.6738,0.9516,-0.0433,1.167
32.452062155,0.5519,0.9502,0.0141,1.099
32.454902386,0.4148,0.9585,0.0864,1.048
32.457129463,0.2700,0.9832,0.0966,1.024
32.459351694,0.1263,1.0203,0.0481,1.029
32.462040232,-0.0011,1.0685,-0.0034,1.068
32.465196848,-0.1257,1.1170,-0.0542,1.125
32.466382463,-0.2210,1.1659,-0.0820,1.190
32.469116309,-0.2904,1.1999,-0.0718,1.237
32.473751078,-0.3486,1.1977,-0.0430,1.248
32.475006155,-0.4028,1.1677,-0.0268,1.235
32.476245155,-0.4348,1.1366,0.0321,1.217
32.478983694,-0.4362,1.1178,0.1502,1.209
32.48212954,-0.4443,1.0911,0.1700,1.190
32.483455386,-0.4751,1.0618,0.1028,1.168
32.486057848,-0.5399,1.0533,0.0270,1.184
32.488922771,-0.5726,1.0308,-0.0024,1.179
32.491784925,-0.5995,1.0012,-0.0755,1.169
32.493590463,-0.6207,0.9656,-0.1824,1.162
32.495622463,-0.6637,0.9360,-0.2453,1.173
32.50162054,-0.6901,0.9087,-0.3049,1.181
32.502783925,-0.7365,0.8954,-0.4148,1.231
32.503188925,-0.7712,0.8712,-0.5297,1.278
32.51057254,-0.8086,0.8478,-0.6217,1.326
32.511198694,-0.8240,0.8172,-0.6660,1.338
32.511458155,-0.8569,0.7911,-0.6862,1.353
32.512380232,-0.8904,0.7841,-0.6850,1.370
32.520428848,-0.9139,0.7736,-0.7168,1.396
32.52106154,-0.9332,0.7696,-0.7330,1.414
32.521537155,-0.9332,0.7684,-0.7207,1.407
32.522031001,-0.9176,0.7740,-0.6750,1.377
32.524279694,-0.9007,0.7934,-0.6066,1.345
32.526778155,-0.8816,0.8260,-0.5189,1.315
32.529530386,-0.8576,0.8730,-0.4180,1.293
32.531683078,-0.8291,0.9229,-0.3264,1.283
32.534322694,-0.7895,0.9739,-0.2445,1.277
32.536879309,-0.7304,1.0215,-0.1663,1.267
32.539079617,-0.6686,1.0673,-0.0989,1.263
32.541323925,-0.6009,1.1078,-0.0393,1.261
32.543660617,-0.5362,1.1388,0.0131,1.259
32.546264617,-0.4673,1.1588,0.0647,1.251
32.548407386,-0.4050,1.1666,0.1050,1.239
32.550932309,-0.3449,1.1674,0.1304,1.224
32.553494463,-0.2955,1.1566,0.1413,1.202
32.555987386,-0.2522,1.1468,0.1324,1.182
32.558064848,-0.2119,1.1332,0.1177,1.159
32.560746694,-0.1816,1.1151,0.0820,1.133
32.563924925,-0.1572,1.0958,0.0368,1.108
32.565362078,-0.1316,1.0713,-0.0149,1.079
32.567907078,-0.1087,1.0552,-0.0762,1.064
32.570431386,-0.0903,1.0406,-0.1285,1.052
32.573502771,-0.0659,1.0228,-0.1759,1.040
32.575153463,-0.0353,1.0091,-0.2106,1.031
32.577618463,-0.0065,0.9939,-0.2445,1.024
32.580584232,0.0249,0.9790,-0.2741,1.017
32.582824925,0.0535,0.9721,-0.2944,1.017
32.585120925,0.0840,0.9634,-0.3124,1.016
32.587580617,0.1131,0.9621,-0.3230,1.021
32.590380309,0.1365,0.9665,-0.3359,1.032
32.592074078,0.1583,0.9672,-0.3433,1.038
32.594499078,0.1800,0.9716,-0.3501,1.048
32.600183617,0.2045,0.9744,-0.3557,1.057
32.601055925,0.2308,0.9739,-0.3528,1.061
32.601936925,0.2580,0.9751,-0.3520,1.068
32.611343925,0.2856,0.9737,-0.3430,1.071
32.612121463,0.3083,0.9763,-0.3315,1.076
32.612277771,0.3254,0.9778,-0.3115,1.077
32.612419001,0.3459,0.9800,-0.2865,1.078
32.620864001,0.3648,0.9834,-0.2636,1.081
32.621297463,0.3760,0.9865,-0.2482,1.085
32.621729463,0.3855,0.9923,-0.2404,1.091
32.622167386,0.3892,1.0007,-0.2411,1.100
32.626903078,0.3821,1.0112,-0.2411,1.108
32.627254463,0.3713,1.0223,-0.2436,1.115
32.628062694,0.3574,1.0366,-0.2497,1.125
32.63060854,0.3386,1.0474,-0.2604,1.131
32.633908001,0.3237,1.0547,-0.2685,1.135
32.635239078,0.3030,1.0533,-0.2795,1.131
32.63805354,0.2736,1.0540,-0.2914,1.127
32.640132925,0.2355,1.0564,-0.2998,1.123
32.642479925,0.1938,1.0545,-0.2932,1.111
32.645281232,0.1507,1.0543,-0.2758,1.100
32.647476925,0.1067,1.0547,-0.2660,1.093
32.649777771,0.0666,1.0523,-0.2562,1.085
32.652243078,0.0271,1.0494,-0.2457,1.078
32.654657155,-0.0129,1.0462,-0.2453,1.075
32.657199617,-0.0456,1.0382,-0.2485,1.068
32.659602386,-0.0822,1.0310,-0.2529,1.065
32.663157463,-0.1123,1.0179,-0.2636,1.057
32.664077463,-0.1467,1.0066,-0.2744,1.054
32.666800617,-0.1807,0.9961,-0.2893,1.053
32.669313232,-0.2163,0.9849,-0.2981,1.052
32.671861463,-0.2496,0.9727,-0.3088,1.051
32.674132848,-0.2880,0.9646,-0.3154,1.055
32.676478386,-0.3214,0.9572,-0.3225,1.060
32.679243617,-0.3542,0.9518,-0.3235,1.066
32.681030155,-0.3884,0.9509,-0.3203,1.076
32.683503386,-0.4148,0.9555,-0.3110,1.087
32.685974155,-0.4399,0.9570,-0.2949,1.094
32.688194155,-0.4600,0.9621,-0.2795,1.102
32.690714386,-0.4727,0.9683,-0.2646,1.109
32.693100001,-0.4819,0.9707,-0.2485,1.112
32.696519694,-0.4826,0.9737,-0.2357,1.112
32.69778554,-0.4786,0.9751,-0.2292,1.110
32.700445463,-0.4681,0.9744,-0.2208,1.103
32.702903694,-0.4539,0.9749,-0.2135,1.096
32.705369232,-0.4360,0.9724,-0.2108,1.086
32.707473463,-0.4136,0.9744,-0.2062,1.078
32.710363078,-0.3915,0.9760,-0.2030,1.071
32.713239694,-0.3715,0.9825,-0.1947,1.068
32.714982694,-0.3507,0.9856,-0.1905,1.063
32.717255617,-0.3312,0.9888,-0.1884,1.060
32.721593232,-0.3065,0.9914,-0.1889,1.055
32.722436001,-0.2873,0.9930,-0.1868,1.050
32.724703617,-0.2643,0.9944,-0.1893,1.046
32.726929155,-0.2413,0.9954,-0.1945,1.043
32.729456001,-0.2203,0.9954,-0.2013,1.039
32.731763694,-0.1958,0.9939,-0.2074,1.034
32.734222694,-0.1756,0.9958,-0.2113,1.033
32.738176925,-0.1536,0.9961,-0.2118,1.030
32.739061232,-0.1367,0.9934,-0.2089,1.024
32.74252954,-0.1182,0.9939,-0.2096,1.023
32.744452848,-0.1033,0.9993,-0.2106,1.026
32.746359694,-0.0891,0.9988,-0.2106,1.025
32.748623078,-0.0754,0.9968,-0.2133,1.022
32.751333232,-0.0635,0.9946,-0.2155,1.020
32.754067694,-0.0561,0.9951,-0.2180,1.020
32.755824001,-0.0510,0.9986,-0.2191,1.024
32.758433463,-0.0458,1.0027,-0.2206,1.028
32.760624232,-0.0463,1.0027,-0.2262,1.029
32.763198694,-0.0424,1.0068,-0.2343,1.035
32.765503925,-0.0393,1.0115,-0.2413,1.041
32.77060954,-0.0461,1.0164,-0.2431,1.046
32.771831386,-0.0517,1.0161,-0.2475,1.047
32.773056925,-0.0661,1.0137,-0.2436,1.045
32.775252617,-0.0771,1.0149,-0.2429,1.046
32.781265463,-0.0935,1.0152,-0.2406,1.048
32.781987617,-0.1155,1.0137,-0.2320,1.046
32.78238154,-0.1423,1.0098,-0.2228,1.044
32.785458078,-0.1714,1.0132,-0.2138,1.050
32.787571001,-0.1917,1.0105,-0.2103,1.050
32.789698463,-0.2132,1.0091,-0.2096,1.052
32.792328848,-0.2357,1.0049,-0.2022,1.052
32.797793848,-0.2520,1.0059,-0.1952,1.055
32.798336925,-0.2652,1.0010,-0.1833,1.052
32.799434463,-0.2785,0.9961,-0.1742,1.049
32.807409232,-0.2860,0.9923,-0.1722,1.047
32.807908848,-0.2929,0.9863,-0.1722,1.043
32.808122386,-0.2965,0.9788,-0.1781,1.038
32.809129463,-0.2918,0.9737,-0.1837,1.033
32.81645654,-0.2892,0.9636,-0.1957,1.025
32.817054155,-0.2818,0.9529,-0.2069,1.015
32.817276309,-0.2716,0.9504,-0.2152,1.012
32.819212617,-0.2562,0.9441,-0.2276,1.004
32.820967925,-0.2413,0.9357,-0.2429,0.996
32.823558078,-0.2259,0.9348,-0.2394,0.991
32.826701463,-0.2152,0.9353,-0.2357,0.988
32.828754155,-0.2005,0.9375,-0.2367,0.987
32.831386078,-0.1868,0.9414,-0.2457,0.991
32.833797463,-0.1690,0.9470,-0.2320,0.990
32.836461771,-0.1572,0.9492,-0.2201,0.987
32.838072925,-0.1404,0.9521,-0.2152,0.986
32.840398694,-0.1220,0.9567,-0.2106,0.987
32.842859694,-0.0971,0.9570,-0.2143,0.986
32.84544054,-0.0817,0.9639,-0.2203,0.992
32.847827925,-0.0656,0.9672,-0.2226,0.995
32.851096232,-0.0554,0.9756,-0.2292,1.004
32.853407309,-0.0421,0.9853,-0.2362,1.014
32.856894463,-0.0321,0.9907,-0.2372,1.019
32.857806386,-0.0290,0.9934,-0.2364,1.022
32.859823078,-0.0272,1.0017,-0.2362,1.030
32.862426463,-0.0227,1.0059,-0.2401,1.034
32.865007078,-0.0256,1.0091,-0.2490,1.040
32.86773754,-0.0321,1.0135,-0.2558,1.046
32.870016002,-0.0319,1.0142,-0.2597,1.047
32.871576925,-0.0390,1.0159,-0.2616,1.050
32.874396002,-0.0437,1.0128,-0.2621,1.047
32.877798694,-0.0476,1.0140,-0.2534,1.046
32.879280848,-0.0451,1.0110,-0.2482,1.042
32.881719925,-0.0444,1.0103,-0.2457,1.041
32.88378154,-0.0456,1.0044,-0.2448,1.035
32.886317771,-0.0463,0.9983,-0.2431,1.028
32.888588925,-0.0537,0.9998,-0.2392,1.029
32.891211694,-0.0588,1.0000,-0.2292,1.028
32.898063925,-0.0666,0.9954,-0.2171,1.021
32.898810155,-0.0759,0.9966,-0.2054,1.020
32.899558694,-0.0849,0.9970,-0.1891,1.018
32.900963694,-0.0913,0.9973,-0.1717,1.016
32.90783254,-0.1003,0.9963,-0.1586,1.014
32.908551078,-0.1069,0.9932,-0.1486,1.010
32.908793232,-0.1069,0.9907,-0.1453,1.007
32.916483617,-0.1066,0.9910,-0.1444,1.007
32.917234078,-0.1026,0.9849,-0.1483,1.001
32.917496925,-0.0986,0.9802,-0.1519,0.997
32.918107002,-0.0935,0.9697,-0.1610,0.987
32.919875002,-0.0830,0.9599,-0.1710,0.979
32.922167078,-0.0700,0.9473,-0.1812,0.967
32.92481254,-0.0603,0.9385,-0.1933,0.960
32.927233232,-0.0478,0.9250,-0.2001,0.948
32.929489463,-0.0375,0.9162,-0.2120,0.941
32.932356309,-0.0248,0.9136,-0.2199,0.940
32.935716309,-0.0143,0.9096,-0.2245,0.937
32.936703386,0.0002,0.9069,-0.2260,0.935
32.939189848,0.0135,0.9047,-0.2316,0.934
32.941909232,0.0266,0.9069,-0.2308,0.936
32.944072617,0.0424,0.9150,-0.2296,0.944
32.94665354,0.0643,0.9201,-0.2325,0.951
32.949579078,0.0862,0.9241,-0.2364,0.958
32.952295002,0.1070,0.9285,-0.2387,0.965
32.953807309,0.1265,0.9338,-0.2462,0.974
32.957127309,0.1456,0.9380,-0.2514,0.982
32.958859002,0.1668,0.9399,-0.2529,0.988
32.961903386,0.1824,0.9424,-0.2529,0.993
32.963738386,0.1989,0.9414,-0.2502,0.994
32.966163386,0.2131,0.9483,-0.2441,1.002
32.969173848,0.2215,0.9504,-0.2382,1.005
32.970537232,0.2320,0.9539,-0.2313,1.009
32.973646771,0.2365,0.9609,-0.2306,1.016
32.975775617,0.2429,0.9623,-0.2331,1.020
32.978349155,0.2438,0.9658,-0.2416,1.025
32.980215386,0.2362,0.9680,-0.2504,1.027
32.983125155,0.2282,0.9732,-0.2611,1.033
32.985220848,0.2155,0.9797,-0.2721,1.039
32.987377232,0.1984,0.9827,-0.2772,1.040
32.989976848,0.1791,0.9886,-0.2851,1.044
32.997821771,0.1630,0.9874,-0.2888,1.042
32.998438694,0.1430,0.9865,-0.2873,1.037
32.998631078,0.1209,0.9863,-0.2802,1.032
33.000582078,0.0955,0.9874,-0.2646,1.027
33.009774078,0.0701,0.9886,-0.2511,1.022
33.010443617,0.0401,0.9919,-0.2306,1.019
33.010690386,0.0100,0.9951,-0.2108,1.017
33.010937848,-0.0241,0.9946,-0.1930,1.013
33.011544002,-0.0588,0.9961,-0.1815,1.014
33.014386771,-0.0930,0.9981,-0.1791,1.018
33.018236925,-0.1238,1.0010,-0.1774,1.024
33.019187309,-0.1482,1.0003,-0.1810,1.027
33.02156054,-0.1744,0.9956,-0.1889,1.028
33.023729155,-0.1905,0.9939,-0.2006,1.032
33.026111617,-0.1998,0.9876,-0.2110,1.029
33.028284309,-0.2068,0.9781,-0.2236,1.024
33.031075309,-0.2056,0.9737,-0.2355,1.023
33.034593155,-0.2032,0.9668,-0.2445,1.018
33.035626771,-0.1939,0.9607,-0.2546,1.013
33.038024925,-0.1839,0.9570,-0.2534,1.007
33.040743925,-0.1768,0.9543,-0.2524,1.003
33.043014155,-0.1655,0.9521,-0.2436,0.997
33.045371309,-0.1543,0.9534,-0.2406,0.995
33.047812309,-0.1418,0.9518,-0.2380,0.991
33.051523694,-0.1277,0.9595,-0.2357,0.996
33.05262854,-0.1167,0.9653,-0.2394,1.001
33.055050463,-0.1020,0.9737,-0.2438,1.009
33.057574386,-0.0928,0.9805,-0.2502,1.016
33.060897232,-0.0786,0.9893,-0.2574,1.025
33.06251654,-0.0696,0.9919,-0.2721,1.031
33.06463254,-0.0619,0.9975,-0.2851,1.039
33.068197463,-0.0574,1.0027,-0.2949,1.047
33.069613848,-0.0517,1.0032,-0.3079,1.051
33.072486155,-0.0551,1.0044,-0.3151,1.054
33.074648232,-0.0561,1.0066,-0.3210,1.058
33.07741754,-0.0615,1.0063,-0.3225,1.059
33.079387309,-0.0659,1.0071,-0.3242,1.060
33.08275654,-0.0761,1.0107,-0.3244,1.064
33.084917463,-0.0891,1.0132,-0.3198,1.066
33.086342463,-0.0994,1.0191,-0.3188,1.072
33.088901463,-0.1180,1.0233,-0.3254,1.080
33.091365463,-0.1341,1.0205,-0.3279,1.080
33.097352848,-0.1502,1.0273,-0.3286,1.089
33.098028232,-0.1651,1.0296,-0.3215,1.091
33.100176925,-0.1772,1.0298,-0.3068,1.089
33.109387694,-0.1927,1.0326,-0.2925,1.090
33.109953848,-0.2032,1.0364,-0.2732,1.091
33.110459925,-0.2086,1.0391,-0.2550,1.090
33.110911617,-0.2142,1.0352,-0.2475,1.086
33.111109232,-0.2173,1.0338,-0.2460,1.085
33.113024309,-0.2149,1.0322,-0.2416,1.082
33.116266078,-0.2124,1.0382,-0.2421,1.087
33.118248232,-0.2095,1.0408,-0.2369,1.088
33.119975309,-0.2044,1.0513,-0.2323,1.096
33.122278386,-0.1986,1.0664,-0.2255,1.108
33.125874155,-0.1927,1.0792,-0.2171,1.118
33.127174155,-0.1812,1.0941,-0.2096,1.129
33.129610694,-0.1746,1.1095,-0.2035,1.141
33.133715309,-0.1634,1.1268,-0.1924,1.155
33.134468232,-0.1504,1.1483,-0.1712,1.171
33.136943078,-0.1365,1.1693,-0.1397,1.185
33.139645463,-0.1164,1.1850,-0.1121,1.196
33.141916925,-0.0938,1.1920,-0.0957,1.200
33.144163617,-0.0691,1.1920,-0.0864,1.197
33.146806694,-0.0424,1.1869,-0.0887,1.191
33.14958954,-0.0188,1.1773,-0.0945,1.181
33.151452925,-0.0048,1.1715,-0.1004,1.176
33.153915694,0.0037,1.1671,-0.1041,1.172
33.156280617,0.0088,1.1644,-0.1041,1.169
33.158796848,0.0070,1.1659,-0.1004,1.170
33.161298386,0.0030,1.1752,-0.0957,1.179
33.163878694,-0.0053,1.1847,-0.0845,1.188
33.167281848,-0.0109,1.2011,-0.0701,1.203
33.168611386,-0.0190,1.2157,-0.0615,1.217
33.170927002,-0.0246,1.2331,-0.0528,1.234
33.174054078,-0.0246,1.2509,-0.0396,1.252
33.175998386,-0.0263,1.2653,-0.0286,1.266
33.177989848,-0.0251,1.2783,-0.0198,1.279
33.180519309,-0.0239,1.2939,-0.0198,1.294
33.183435309,-0.0223,1.3079,-0.0274,1.308
33.185904232,-0.0251,1.3271,-0.0274,1.328
33.18802054,-0.0260,1.3533,-0.0198,1.354
33.192120002,-0.0307,1.3814,-0.0044,1.382
33.193698694,-0.0383,1.4068,0.0124,1.407
33.195161155,-0.0458,1.4293,0.0251,1.430
33.197588232,-0.0546,1.4528,0.0381,1.454
33.206868309,-0.0647,1.4715,0.0414,1.474
33.207730155,-0.0761,1.4867,0.0424,1.489
33.208017771,-0.0854,1.4996,0.0468,1.503
33.208480232,-0.1001,1.5106,0.0556,1.515
33.210123002,-0.1159,1.5194,0.0671,1.525
33.211653232,-0.1292,1.5290,0.0730,1.536
33.214021155,-0.1448,1.5397,0.0784,1.548
33.218932002,-0.1592,1.5485,0.0889,1.559
33.219307386,-0.1688,1.5581,0.1045,1.571
33.221892309,-0.1802,1.5600,0.1194,1.575
33.225443694,-0.1834,1.5527,0.1074,1.567
33.226013155,-0.1873,1.5446,0.1257,1.561
33.228418386,-0.2098,1.5465,0.1567,1.569
33.231101848,-0.2325,1.5429,0.1585,1.568
33.233251925,-0.2506,1.5329,0.1458,1.560
33.235780617,-0.2671,1.5199,0.1192,1.548
33.239399386,-0.2887,1.5036,0.0886,1.534
33.241315617,-0.3083,1.4787,0.0576,1.512
33.243407309,-0.3221,1.4481,0.0173,1.484
33.24556054,-0.3319,1.4244,-0.0356,1.463
33.248871386,-0.3342,1.4053,-0.1006,1.448
33.250178078,-0.3251,1.3767,-0.1705,1.425
33.252548002,-0.3078,1.3477,-0.2311,1.402
33.255244848,-0.2809,1.3133,-0.2797,1.372
33.258337848,-0.2452,1.2746,-0.3176,1.336
33.260007078,-0.2163,1.2365,-0.3491,1.303
33.262290386,-0.1875,1.1964,-0.3760,1.268
33.265492002,-0.1644,1.1530,-0.3970,1.230
33.267149155,-0.1499,1.1148,-0.4109,1.198
33.269752232,-0.1446,1.0750,-0.4090,1.159
33.271993463,-0.1389,1.0382,-0.4127,1.126
33.274845771,-0.1367,1.0063,-0.4167,1.098
33.276923078,-0.1429,0.9802,-0.4293,1.080
33.280114771,-0.1514,0.9548,-0.4398,1.062
33.282166386,-0.1655,0.9316,-0.4547,1.050
33.284370463,-0.1875,0.9079,-0.4659,1.038
33.287171386,-0.2259,0.8896,-0.4837,1.037
33.291199309,-0.2677,0.8663,-0.5089,1.040
33.292782386,-0.3114,0.8458,-0.5280,1.045
33.293979386,-0.3493,0.8325,-0.5399,1.052
33.303289463,-0.3681,0.8132,-0.5472,1.047
33.304436925,-0.3931,0.7994,-0.5660,1.055
33.305288848,-0.4257,0.7924,-0.5865,1.074
33.30555354,-0.4612,0.7862,-0.6119,1.098
33.318615309,-0.4944,0.7780,-0.6171,1.109
33.319305771,-0.5382,0.7738,-0.6112,1.123
33.319848617,-0.5890,0.7748,-0.5824,1.134
33.320398155,-0.6437,0.7774,-0.5516,1.150
33.320739002,-0.6989,0.7811,-0.5084,1.165
33.321220309,-0.7793,0.7901,-0.4588,1.201
33.321553463,-0.8487,0.7916,-0.4039,1.229
33.32641354,-0.9276,0.7929,-0.3471,1.269
33.326862155,-0.9987,0.7875,-0.3014,1.307
33.328132848,-1.0771,0.7799,-0.2768,1.358
33.330005232,-1.1494,0.7603,-0.2621,1.403
33.332271002,-1.2063,0.7333,-0.2695,1.437
33.33452054,-1.2598,0.7103,-0.2707,1.471
33.337504925,-1.0730,0.5989,-0.2143,1.247
33.339734078,-1.0563,0.5661,-0.1248,1.205
33.341902694,-1.2638,0.6150,-0.1935,1.419
33.344716848,-1.2926,0.5822,-0.1873,1.430
33.348047617,-1.2852,0.5370,-0.1679,1.403
33.349170386,-1.2684,0.5102,-0.1209,1.372
33.35173254,-1.2356,0.4884,-0.0586,1.330
33.35642054,-1.1683,0.4662,0.0111,1.258
33.357455386,-1.0864,0.4577,0.0894,1.182
33.358712617,-0.9987,0.4584,0.1504,1.109
33.362358155,-0.9188,0.4542,0.1881,1.042
33.365403002,-0.8492,0.4606,0.2340,0.994
33.366891002,-0.7891,0.4694,0.2538,0.953
33.368506078,-0.7292,0.4774,0.2576,0.909
33.371065155,-0.6659,0.4789,0.2459,0.856
33.374116617,-0.6004,0.4838,0.2203,0.802
33.375931386,-0.5377,0.4838,0.1821,0.746
33.379069771,-0.4824,0.4882,0.1406,0.701
33.380976848,-0.4331,0.4904,0.1074,0.663
33.382808309,-0.3828,0.4918,0.0928,0.630
33.386375925,-0.3451,0.4908,0.0840,0.606
33.387882078,-0.3173,0.4855,0.0840,0.586
33.39052954,-0.2953,0.4799,0.0994,0.572
33.392886078,-0.2748,0.4831,0.0979,0.564
33.39509654,-0.2584,0.4831,0.0791,0.553
33.400266694,-0.2359,0.4752,0.0530,0.533
33.400797155,-0.2132,0.4650,0.0344,0.513
33.403033463,-0.1961,0.4549,0.0160,0.496
33.405744617,-0.1770,0.4440,0.0158,0.478
33.410924617,-0.1611,0.4379,0.0204,0.467
33.411866694,-0.1578,0.4384,0.0375,0.467
33.412023386,-0.1482,0.4376,0.0400,0.464
33.421125463,-0.1416,0.4330,0.0358,0.457
33.421486386,-0.1446,0.4354,0.0341,0.460
33.421643309,-0.1578,0.4393,0.0281,0.468
33.421802386,-0.1886,0.4501,0.0134,0.488
33.423767617,-0.2342,0.4638,-0.0037,0.520
33.426335617,-0.2829,0.4747,-0.0214,0.553
33.428787694,-0.3277,0.4855,-0.0384,0.587
33.431448232,-0.3712,0.4974,-0.0645,0.624
33.433775694,-0.4111,0.5055,-0.0929,0.658
33.436084232,-0.4409,0.5150,-0.1127,0.687
33.438828002,-0.4629,0.5209,-0.1265,0.708
33.440929848,-0.4805,0.5246,-0.1316,0.723
33.443037463,-0.4866,0.5251,-0.1348,0.729
33.445676002,-0.4830,0.5231,-0.1241,0.723
33.447840925,-0.4685,0.5190,-0.1058,0.707
33.450424848,-0.4532,0.5143,-0.0787,0.690
33.453313848,-0.4280,0.5099,-0.0528,0.668
33.455742386,-0.3954,0.5031,-0.0259,0.640
33.457709155,-0.3563,0.4962,0.0026,0.611
33.460395925,-0.3170,0.4913,0.0265,0.585
33.463385463,-0.2723,0.4818,0.0456,0.555
33.465252925,-0.2345,0.4745,0.0568,0.532
33.467344925,-0.1958,0.4708,0.0586,0.513
33.469798155,-0.1629,0.4657,0.0481,0.496
33.472288848,-0.1331,0.4706,0.0339,0.490
33.474487694,-0.1033,0.4743,0.0167,0.486
33.477452232,-0.0768,0.4808,-0.0034,0.487
33.480526155,-0.0544,0.4913,-0.0193,0.495
33.481774771,-0.0361,0.5092,-0.0310,0.511
33.484302694,-0.0216,0.5243,-0.0368,0.526
33.486758463,-0.0146,0.5483,-0.0437,0.550
33.489021463,-0.0136,0.5739,-0.0473,0.576
33.491723309,-0.0087,0.6010,-0.0473,0.603
33.494001771,-0.0078,0.6323,-0.0535,0.635
33.499163309,-0.0151,0.6663,-0.0626,0.669
33.499933771,-0.0280,0.7037,-0.0675,0.707
33.501794694,-0.0473,0.7393,-0.0728,0.744
33.50365354,-0.0673,0.7740,-0.0780,0.781
33.511725232,-0.0947,0.8090,-0.0784,0.818
33.512229232,-0.1228,0.8446,-0.0789,0.857
33.512357771,-0.1502,0.8798,-0.0794,0.896
33.513872002,-0.1788,0.9079,-0.0789,0.929
33.515338386,-0.2076,0.9333,-0.0759,0.959
33.518629771,-0.2289,0.9572,-0.0694,0.987
33.521293463,-0.2540,0.9781,-0.0642,1.013
33.52267354,-0.2731,0.9973,-0.0628,1.036
33.525169155,-0.2878,1.0154,-0.0596,1.057
33.528466155,-0.3095,1.0357,-0.0317,1.081
33.530868232,-0.3378,1.0601,-0.0037,1.113
33.532325463,-0.3642,1.0872,0.0216,1.147
33.534992925,-0.3871,1.1046,0.0407,1.171
33.537460925,-0.4087,1.1114,0.0505,1.185
33.539512617,-0.4353,1.1197,0.0527,1.202
33.542193155,-0.4707,1.1363,0.0444,1.231
33.54471354,-0.4991,1.1430,0.0481,1.248
33.547046078,-0.5310,1.1505,0.0539,1.268
33.549618463,-0.5576,1.1563,0.0535,1.285
33.551899925,-0.5878,1.1544,0.0612,1.297
33.554220309,-0.6168,1.1544,0.0671,1.311
33.556471617,-0.6415,1.1512,0.0688,1.320
33.559158463,-0.6624,1.1479,0.0861,1.328
33.563099694,-0.6852,1.1419,0.1062,1.336
33.563927078,-0.7036,1.1400,0.1184,1.345
33.566111694,-0.7162,1.1332,0.1348,1.347
33.568706078,-0.7165,1.1253,0.1648,1.344
33.571198694,-0.7145,1.1165,0.1660,1.336
33.573493232,-0.7048,1.1058,0.1639,1.322
33.576035078,-0.6915,1.0970,0.1604,1.307
33.578562694,-0.6698,1.0843,0.1487,1.283
33.580919694,-0.6447,1.0676,0.1387,1.255
33.583016002,-0.6185,1.0531,0.1390,1.229
33.585600002,-0.5931,1.0373,0.1360,1.203
33.590229771,-0.5704,1.0308,0.1374,1.186
33.590614078,-0.5489,1.0210,0.1345,1.167
33.59337254,-0.5298,1.0107,0.1231,1.148
33.599457463,-0.5145,1.0051,0.1108,1.135
33.600029155,-0.5032,0.9975,0.0910,1.121
33.600404232,-0.4935,0.9895,0.0724,1.108
33.609071309,-0.4858,0.9868,0.0535,1.101
33.610068002,-0.4802,0.9817,0.0356,1.093
33.610435309,-0.4783,0.9837,0.0204,1.094
33.611606078,-0.4781,0.9844,0.0095,1.094
33.612055694,-0.4758,0.9874,0.0021,1.096
33.614414386,-0.4756,0.9912,-0.0056,1.099
33.61725354,-0.4753,0.9966,-0.0102,1.104
33.620245771,-0.4749,1.0017,-0.0124,1.109
33.621664002,-0.4705,1.0063,-0.0225,1.111
33.623988232,-0.4597,1.0112,-0.0276,1.111
33.626610078,-0.4532,1.0177,-0.0347,1.115
33.63410154,-0.4521,1.0281,-0.0864,1.126
33.634958386,-0.4463,1.0342,-0.0591,1.128
33.635580848,-0.4318,1.0342,-0.0026,1.121
33.636049155,-0.4189,1.0350,-0.0124,1.117
33.638395925,-0.4069,1.0308,-0.0281,1.109
33.641139694,-0.3945,1.0261,-0.0484,1.100
33.643359617,-0.3773,1.0196,-0.0669,1.089
33.645771078,-0.3566,1.0132,-0.0745,1.077
33.648015002,-0.3405,1.0091,-0.0728,1.067
33.65078154,-0.3209,0.9951,-0.0774,1.048
33.653087309,-0.2985,0.9851,-0.0843,1.033
33.655262463,-0.2816,0.9714,-0.0877,1.015
33.658510078,-0.2648,0.9607,-0.0957,1.001
33.661470078,-0.2520,0.9473,-0.1031,0.986
33.662696848,-0.2361,0.9309,-0.1111,0.967
33.665256002,-0.2224,0.9145,-0.1143,0.948
33.667673463,-0.2142,0.9006,-0.1170,0.933
33.670163617,-0.2076,0.8847,-0.1202,0.917
33.67214954,-0.2017,0.8688,-0.1197,0.900
33.674831309,-0.1937,0.8510,-0.1183,0.881
33.677958694,-0.1883,0.8334,-0.1180,0.862
33.679373848,-0.1839,0.8160,-0.1270,0.846
33.681859694,-0.1793,0.7985,-0.1307,0.829
33.684420925,-0.1753,0.7833,-0.1370,0.814
33.686805155,-0.1732,0.7689,-0.1451,0.801
33.689247694,-0.1695,0.7513,-0.1519,0.785
33.691476232,-0.1714,0.7359,-0.1575,0.772
33.697312002,-0.1707,0.7217,-0.1632,0.759
33.697796848,-0.1697,0.7100,-0.1681,0.749
33.699241463,-0.1707,0.6968,-0.1670,0.737
33.70122154,-0.1704,0.6853,-0.1590,0.724
33.705532925,-0.1683,0.6732,-0.1526,0.710
33.705867002,-0.1644,0.6602,-0.1444,0.696
33.708695694,-0.1660,0.6543,-0.1346,0.688
33.716334771,-0.1707,0.6492,-0.1211,0.682
33.716928925,-0.1785,0.6467,-0.1074,0.679
33.717137848,-0.1849,0.6438,-0.0918,0.676
33.720207078,-0.1937,0.6424,-0.0731,0.675
33.720630155,-0.2066,0.6404,-0.0584,0.675
33.722780232,-0.2149,0.6480,-0.0420,0.684
33.725439925,-0.2233,0.6555,-0.0300,0.693
33.727783309,-0.2303,0.6616,-0.0166,0.701
33.730128002,-0.2359,0.6739,-0.0078,0.714
33.732444848,-0.2442,0.6849,0.0006,0.727
33.735551925,-0.2503,0.6941,0.0080,0.738
33.737238463,-0.2528,0.7019,0.0124,0.746
33.739721771,-0.2543,0.7112,0.0163,0.755
33.742244617,-0.2531,0.7184,0.0197,0.762
33.744704925,-0.2538,0.7240,0.0214,0.767
33.746910463,-0.2574,0.7264,0.0234,0.771
33.749478386,-0.2564,0.7333,0.0244,0.777
33.752221848,-0.2582,0.7364,0.0251,0.781
33.754367386,-0.2587,0.7386,0.0219,0.783
33.75662154,-0.2547,0.7366,0.0202,0.780
33.759187617,-0.2526,0.7359,0.0136,0.778
33.761818463,-0.2440,0.7340,0.0090,0.774
33.763805155,-0.2345,0.7310,0.0029,0.768
33.767042694,-0.2247,0.7288,-0.0065,0.763
33.769111309,-0.2132,0.7240,-0.0130,0.755
33.771268309,-0.1988,0.7240,-0.0176,0.751
33.773686771,-0.1870,0.7228,-0.0212,0.747
33.777310386,-0.1785,0.7247,-0.0274,0.747
33.778332925,-0.1788,0.7168,-0.0310,0.739
33.781015078,-0.1704,0.7070,-0.0371,0.728
33.783444925,-0.1624,0.7005,-0.0412,0.720
33.785817232,-0.1529,0.6937,-0.0430,0.712
33.78821354,-0.1474,0.6868,-0.0430,0.704
33.790783694,-0.1413,0.6856,-0.0479,0.702
33.797299309,-0.1413,0.6834,-0.0486,0.700
33.798184848,-0.1436,0.6834,-0.0542,0.700
33.798727309,-0.1480,0.6827,-0.0645,0.701
33.800639386,-0.1492,0.6865,-0.0703,0.706
33.806834386,-0.1516,0.6919,-0.0752,0.712
33.807755694,-0.1514,0.6988,-0.0752,0.719
33.807961848,-0.1529,0.7100,-0.0755,0.730
33.816075078,-0.1494,0.7181,-0.0724,0.737
33.816594463,-0.1474,0.7298,-0.0726,0.748
33.816890771,-0.1455,0.7438,-0.0750,0.762
33.817165848,-0.1450,0.7552,-0.0787,0.773
33.819549848,-0.1531,0.7655,-0.0857,0.785
33.821929232,-0.1580,0.7833,-0.0965,0.805
33.824251694,-0.1604,0.7994,-0.0987,0.821
33.826706463,-0.1587,0.8185,-0.1018,0.840
33.829167925,-0.1570,0.8341,-0.1029,0.855
33.831748232,-0.1485,0.8512,-0.0982,0.870
33.834828309,-0.1465,0.8628,-0.1053,0.881
33.836344232,-0.1504,0.8710,-0.1239,0.893
33.838856617,-0.1560,0.8796,-0.1425,0.905
33.841374694,-0.1526,0.8869,-0.1456,0.912
33.843591925,-0.1462,0.8959,-0.1400,0.918
33.846171386,-0.1431,0.8984,-0.1285,0.919
33.848703694,-0.1374,0.9008,-0.1251,0.920
33.851294155,-0.1297,0.9008,-0.1270,0.919
33.853208309,-0.1218,0.8998,-0.1319,0.918
33.855614155,-0.1120,0.8945,-0.1381,0.912
33.858267617,-0.1062,0.8896,-0.1437,0.907
33.860442771,-0.0994,0.8815,-0.1451,0.899
33.86287254,-0.0942,0.8717,-0.1500,0.890
33.865596617,-0.0866,0.8591,-0.1483,0.876
33.868084848,-0.0798,0.8466,-0.1476,0.863
33.871014386,-0.0747,0.8383,-0.1463,0.854
33.873148848,-0.0724,0.8361,-0.1388,0.851
33.874862694,-0.0659,0.8288,-0.1304,0.842
33.877221771,-0.0593,0.8263,-0.1216,0.837
33.879849232,-0.0568,0.8256,-0.1143,0.835
33.882535386,-0.0537,0.8273,-0.1102,0.836
33.884711694,-0.0473,0.8314,-0.1067,0.840
33.887347309,-0.0432,0.8374,-0.1021,0.845
33.889619002,-0.0370,0.8488,-0.0975,0.855
33.892340925,-0.0337,0.8603,-0.1009,0.867
33.894160002,-0.0272,0.8752,-0.1038,0.882
33.896642694,-0.0221,0.8928,-0.1106,0.900
33.899075694,-0.0188,0.9128,-0.1190,0.921
33.904578463,-0.0151,0.9304,-0.1263,0.939
33.905366771,-0.0075,0.9527,-0.1353,0.962
33.906388309,-0.0036,0.9737,-0.1465,0.985
33.912966155,0.0000,0.9905,-0.1554,1.003
33.913670386,0.0070,1.0117,-0.1647,1.025
33.913977232,0.0149,1.0277,-0.1742,1.042
33.924319002,0.0261,1.0418,-0.1815,1.058
33.925195617,0.0335,1.0611,-0.1886,1.078
33.925476848,0.0364,1.0838,-0.1940,1.102
33.925756232,0.0408,1.1039,-0.1976,1.122
33.926028309,0.0447,1.1234,-0.1964,1.141
33.927971078,0.0457,1.1468,-0.1924,1.164
33.930819002,0.0557,1.1637,-0.1812,1.179
33.934203694,0.0655,1.1749,-0.1627,1.188
33.935346155,0.0796,1.1761,-0.1390,1.187
33.938193848,0.0943,1.1642,-0.1214,1.174
33.940215617,0.1065,1.1381,-0.1099,1.148
33.942619078,0.1232,1.1060,-0.1034,1.118
33.944758771,0.1376,1.0587,-0.1106,1.073
33.947439002,0.1519,1.0066,-0.1292,1.026
33.950084617,0.1619,0.9543,-0.1500,0.979
33.951966463,0.1784,0.8938,-0.1749,0.928
33.954680848,0.1873,0.8370,-0.1898,0.879
33.956917771,0.2013,0.7867,-0.1873,0.833
33.95976854,0.2066,0.7381,-0.1635,0.784
33.961617771,0.2106,0.6986,-0.1304,0.741
33.964131386,0.2064,0.6695,-0.0889,0.706
33.966736309,0.1961,0.6465,-0.0430,0.677
33.96938154,0.1666,0.6614,0.0026,0.682
33.971396232,0.1160,0.7051,0.0232,0.715
33.975041155,0.0517,0.7430,0.0097,0.745
33.976170155,-0.0246,0.7664,-0.0642,0.769
33.978767925,-0.1038,0.7575,-0.1691,0.783
33.981533155,-0.1676,0.7149,-0.2614,0.779
33.983593771,-0.2173,0.6504,-0.4014,0.795
33.985880925,-0.2660,0.5986,-0.6608,0.930
33.988257232,-0.3158,0.5820,-1.0261,1.221
33.990682078,-0.3850,0.6126,-1.3291,1.513
33.993343386,-0.4761,0.7098,-1.3065,1.561
33.995498155,-0.5499,0.8879,-1.0034,1.448
33.998109232,-0.5936,1.1270,-0.4334,1.345
34.003390771,-0.5992,1.3823,0.2576,1.528
34.004095386,-0.6011,1.5971,0.7064,1.847
34.006013232,-0.5995,1.7718,0.9666,2.106
34.007760617,-0.6784,1.9513,1.0477,2.316
34.013310155,-0.7646,2.1097,1.1082,2.503
34.013986463,-0.7541,2.2336,1.0654,2.587
34.014951617,-0.6244,2.2797,0.8538,2.513
34.021325155,-0.4280,2.2570,0.4961,2.350
34.021825848,-0.1988,2.2020,0.2948,2.231
34.022521848,-0.0118,2.1882,0.0412,2.189
34.024352617,0.1421,2.1866,-0.2932,2.211
34.026632925,0.3019,2.1964,-0.5485,2.284
34.029115002,0.4060,2.1926,-0.6874,2.333
34.032909232,0.4178,2.2143,-0.7717,2.382
34.034018694,0.4090,2.2448,-0.7383,2.398
34.036622771,0.4737,2.2414,-0.7351,2.406
34.040946771,0.5074,2.2123,-0.7256,2.383
34.041920232,0.6093,2.1326,-0.6611,2.314
34.043785463,0.6552,2.0426,-0.6086,2.230
34.046390694,0.7261,1.9380,-0.5318,2.137
34.048678078,0.8278,1.8558,-0.3528,2.062
34.050989232,0.9291,1.8067,-0.1624,2.038
34.053529463,1.0263,1.7894,0.0442,2.063
34.055866078,1.1097,1.7980,0.2692,2.130
34.058682078,1.2250,1.7674,0.3984,2.187
34.060747386,1.2763,1.7268,0.5019,2.205
34.063123925,1.2538,1.6951,0.5049,2.168
34.065945848,1.1859,1.6594,0.4832,2.096
34.068335002,1.0733,1.6240,0.4209,1.992
34.070546386,0.9333,1.5756,0.2990,1.856
34.072796617,0.7810,1.5229,0.1837,1.721
34.074948232,0.6379,1.4556,0.0901,1.592
34.077665771,0.5038,1.3694,0.0183,1.459
34.080409848,0.3804,1.2688,-0.0393,1.325
34.082753232,0.2570,1.1691,-0.0882,1.200
34.084727386,0.1356,1.0753,-0.1488,1.094
34.088251078,0.0298,0.9778,-0.2157,1.002
34.08965354,-0.0817,0.8998,-0.2937,0.950
34.092008232,-0.1970,0.8378,-0.3430,0.926
34.094306463,-0.3146,0.7897,-0.3757,0.929
34.096733771,-0.4267,0.7540,-0.3728,0.943
34.102639078,-0.5469,0.7398,-0.3531,0.985
34.103415078,-0.6598,0.7327,-0.3442,1.044
34.105454771,-0.7605,0.7357,-0.3413,1.112
34.112635925,-0.8494,0.7498,-0.3289,1.180
34.11338054,-0.9356,0.7789,-0.3308,1.262
34.113587694,-1.0146,0.8190,-0.3264,1.344
34.113765155,-1.0849,0.8642,-0.3291,1.426
34.121555309,-1.1394,0.9182,-0.3386,1.502
34.122490694,-1.1834,0.9768,-0.3611,1.576
34.122755617,-1.2173,1.0345,-0.3682,1.639
34.123367002,-1.2284,1.0924,-0.3608,1.683
34.125497848,-1.2303,1.1544,-0.3381,1.721
34.12865354,-1.2286,1.2106,-0.3156,1.753
34.130537155,-1.2219,1.2609,-0.2919,1.780
34.13320854,-1.2100,1.3044,-0.2890,1.803
34.135492309,-1.1912,1.3308,-0.3000,1.811
34.137931694,-1.1641,1.3464,-0.3117,1.807
34.140228002,-1.1228,1.3431,-0.3215,1.780
34.142503309,-1.0810,1.3233,-0.3219,1.739
34.145840002,-1.0390,1.2954,-0.3115,1.690
34.147523925,-1.0038,1.2653,-0.2902,1.641
34.14968154,-0.9691,1.2311,-0.2604,1.588
34.152305155,-0.9258,1.1887,-0.2345,1.525
34.154871002,-0.8775,1.1435,-0.2203,1.458
34.157288617,-0.8222,1.0899,-0.2228,1.383
34.15944154,-0.7641,1.0394,-0.2462,1.313
34.16204154,-0.7026,0.9956,-0.2780,1.250
34.165280925,-0.6356,0.9553,-0.3171,1.190
34.166712848,-0.5694,0.9220,-0.3550,1.140
34.169211694,-0.5022,0.8908,-0.3877,1.094
34.171570771,-0.4355,0.8661,-0.4155,1.055
34.174292232,-0.3668,0.8449,-0.4395,1.021
34.176899002,-0.3048,0.8334,-0.4566,0.998
34.18018854,-0.2469,0.8227,-0.4642,0.976
34.182218079,-0.1946,0.8160,-0.4640,0.959
34.183482155,-0.1467,0.8134,-0.4575,0.945
34.186851617,-0.1045,0.8126,-0.4398,0.930
34.189303002,-0.0764,0.8136,-0.4197,0.919
34.190918463,-0.0605,0.8209,-0.3904,0.911
34.193327386,-0.0539,0.8388,-0.3531,0.912
34.200922694,-0.0579,0.8544,-0.3188,0.914
34.201614463,-0.0737,0.8803,-0.2856,0.928
34.202059002,-0.0966,0.9050,-0.2406,0.941
34.204803309,-0.1252,0.9257,-0.1966,0.955
34.205115694,-0.1514,0.9474,-0.1691,0.974
34.210735925,-0.1873,0.9741,-0.1554,1.004
34.211167386,-0.2203,0.9986,-0.1432,1.033
34.212478694,-0.2479,1.0142,-0.1351,1.053
34.219087694,-0.2723,1.0269,-0.1468,1.073
34.219740617,-0.2938,1.0357,-0.1526,1.087
34.219982079,-0.3075,1.0438,-0.1600,1.100
34.222202771,-0.3209,1.0459,-0.1688,1.107
34.224465463,-0.3263,1.0462,-0.1719,1.109
34.226921463,-0.3256,1.0369,-0.1742,1.101
34.229682155,-0.3251,1.0257,-0.1803,1.091
34.23200054,-0.3221,1.0117,-0.1877,1.078
34.234410771,-0.3183,0.9934,-0.1952,1.061
34.236978771,-0.3176,0.9760,-0.1971,1.045
34.239343925,-0.3107,0.9570,-0.1971,1.025
34.241328232,-0.3083,0.9402,-0.1908,1.008
34.244052617,-0.3048,0.9211,-0.1732,0.986
34.247569848,-0.3021,0.9108,-0.1632,0.973
34.248720002,-0.2990,0.8974,-0.1486,0.958
34.251148925,-0.2965,0.8950,-0.1324,0.952
34.253751694,-0.2906,0.8866,-0.1174,0.940
34.256150155,-0.2821,0.8847,-0.1109,0.935
34.258313155,-0.2694,0.8735,-0.1085,0.920
34.260858694,-0.2582,0.8773,-0.1139,0.922
34.263809848,-0.2420,0.8781,-0.1202,0.919
34.265545155,-0.2237,0.8803,-0.1285,0.917
34.268135079,-0.2035,0.8830,-0.1360,0.916
34.270450694,-0.1802,0.8886,-0.1425,0.918
34.272923925,-0.1580,0.8952,-0.1630,0.924
34.275439079,-0.1353,0.9035,-0.1866,0.932
34.277777771,-0.1152,0.9089,-0.1930,0.936
34.280736848,-0.0977,0.9160,-0.1949,0.942
34.282515386,-0.0791,0.9196,-0.1973,0.944
34.285013771,-0.0581,0.9262,-0.2001,0.949
34.287764002,-0.0476,0.9262,-0.2010,0.949
34.290092002,-0.0375,0.9257,-0.2047,0.949
34.292185463,-0.0280,0.9241,-0.2094,0.948
34.294685232,-0.0248,0.9218,-0.2167,0.947
34.300559002,-0.0202,0.9152,-0.2245,0.943
34.301561155,-0.0214,0.9101,-0.2311,0.939
34.301872309,-0.0236,0.8987,-0.2341,0.929
34.304155617,-0.0312,0.8866,-0.2421,0.920
34.310584232,-0.0346,0.8720,-0.2534,0.909
34.311595694,-0.0437,0.8637,-0.2562,0.902
34.312066463,-0.0488,0.8563,-0.2499,0.893
34.320079386,-0.0556,0.8483,-0.2469,0.885
34.320779925,-0.0623,0.8402,-0.2445,0.877
34.321285232,-0.0656,0.8278,-0.2392,0.864
34.32170554,-0.0700,0.8214,-0.2352,0.857
34.323438463,-0.0715,0.8116,-0.2318,0.847
34.32581354,-0.0779,0.8041,-0.2362,0.842
34.328307694,-0.0820,0.7960,-0.2387,0.835
34.330698463,-0.0854,0.7950,-0.2418,0.835
34.333020002,-0.0915,0.7990,-0.2467,0.841
34.335618463,-0.0964,0.8021,-0.2516,0.846
34.338145771,-0.1038,0.8109,-0.2607,0.858
34.340207925,-0.1091,0.8256,-0.2758,0.877
34.342688309,-0.1180,0.8432,-0.2912,0.900
34.345443617,-0.1277,0.8649,-0.3007,0.925
34.347533848,-0.1369,0.8852,-0.2953,0.943
34.349928848,-0.1436,0.9062,-0.2824,0.960
34.352608925,-0.1502,0.9264,-0.2655,0.975
34.354939925,-0.1509,0.9436,-0.2485,0.987
34.357291617,-0.1492,0.9632,-0.2331,1.002
34.359732925,-0.1465,0.9714,-0.2240,1.008
34.361974771,-0.1418,0.9765,-0.2180,1.011
34.364425155,-0.1385,0.9858,-0.2126,1.018
34.367006155,-0.1331,0.9844,-0.2091,1.015
34.369857232,-0.1301,0.9821,-0.1994,1.011
34.371963694,-0.1255,0.9753,-0.1852,1.001
34.374344309,-0.1164,0.9658,-0.1728,0.988
34.376776925,-0.1043,0.9539,-0.1588,0.973
34.379470155,-0.0947,0.9360,-0.1478,0.952
34.381212617,-0.0869,0.9167,-0.1439,0.932
34.383762694,-0.0773,0.8922,-0.1488,0.908
34.38642554,-0.0696,0.8703,-0.1610,0.888
34.388567925,-0.0673,0.8475,-0.1715,0.867
34.391124232,-0.0612,0.8258,-0.1774,0.847
34.39360554,-0.0576,0.8080,-0.1791,0.830
34.399803617,-0.0563,0.7911,-0.1749,0.812
34.400515309,-0.0544,0.7780,-0.1676,0.798
34.402528232,-0.0558,0.7762,-0.1622,0.795
34.408804232,-0.0561,0.7733,-0.1521,0.790
34.409873463,-0.0522,0.7829,-0.1425,0.797
34.410186694,-0.0490,0.7946,-0.1360,0.808
34.410839079,-0.0346,0.8111,-0.1251,0.821
34.417278079,-0.0121,0.8349,-0.1090,0.842
34.417894079,0.0127,0.8600,-0.1097,0.867
34.418164309,0.0340,0.8910,-0.1449,0.903
34.420239925,0.0577,0.9220,-0.2022,0.946
34.422491386,0.0776,0.9563,-0.2639,0.995
34.424746694,0.0955,0.9979,-0.3203,1.052
34.427214386,0.1048,1.0420,-0.3680,1.110
34.429711386,0.1116,1.0960,-0.4024,1.173
34.43186554,0.1136,1.1491,-0.4281,1.231
34.43487654,0.0978,1.1982,-0.4437,1.281
34.437191925,0.0848,1.2424,-0.4488,1.324
34.439248002,0.0606,1.2812,-0.4402,1.356
34.441726155,0.0284,1.3042,-0.4167,1.369
34.445820232,-0.0109,1.3149,-0.3897,1.371
34.446704002,-0.0583,1.3137,-0.3647,1.365
34.448924002,-0.1118,1.3019,-0.3396,1.350
34.452074386,-0.1678,1.2781,-0.3161,1.327
34.453953771,-0.2237,1.2451,-0.2902,1.298
34.456404925,-0.2838,1.2067,-0.2690,1.268
34.458693463,-0.3417,1.1649,-0.2602,1.242
34.461956002,-0.3950,1.1205,-0.2469,1.213
34.463223386,-0.4483,1.0821,-0.2289,1.193
34.465793232,-0.4951,1.0469,-0.2069,1.176
34.468501155,-0.5328,1.0174,-0.1835,1.163
34.470787309,-0.5664,0.9937,-0.1573,1.155
34.473472617,-0.5960,0.9800,-0.1385,1.155
34.475528848,-0.6119,0.9751,-0.1260,1.158
34.478640848,-0.6214,0.9856,-0.1139,1.171
34.480237232,-0.6298,1.0042,-0.1034,1.190
34.48283254,-0.6205,1.0354,-0.0904,1.210
34.485306463,-0.5983,1.0821,-0.0759,1.239
34.487442386,-0.5650,1.1449,-0.0645,1.278
34.489832925,-0.5128,1.2290,-0.0422,1.332
34.492800232,-0.4644,1.3164,-0.0105,1.396
34.498472848,-0.3989,1.4058,0.0361,1.462
34.499323617,-0.3229,1.4918,0.0845,1.529
34.499952232,-0.2349,1.5614,0.1164,1.583
34.50228454,-0.1397,1.6103,0.1229,1.621
34.509419386,-0.0324,1.6294,0.1067,1.633
34.510190694,0.1026,1.6203,0.0722,1.625
34.510611925,0.1961,1.5863,0.0176,1.598
34.511520002,0.2883,1.5089,-0.0750,1.538
34.514665848,0.3806,1.4025,-0.1605,1.462
34.517247386,0.4332,1.2751,-0.2385,1.368
34.519605463,0.4728,1.1278,-0.3107,1.262
34.520982771,0.4720,0.9797,-0.3459,1.141
34.523466079,0.4530,0.8216,-0.3525,1.002
34.526330463,0.3899,0.6792,-0.3680,0.865
34.528239386,0.2995,0.5502,-0.3848,0.735
34.531032309,0.1737,0.4433,-0.4099,0.628
34.533539309,0.0158,0.3525,-0.4421,0.566
34.535832925,-0.1570,0.2717,-0.4573,0.555
34.538058694,-0.3547,0.2094,-0.4928,0.642
34.540689848,-0.5515,0.1517,-0.4987,0.759
34.543242771,-0.7429,0.1105,-0.5101,0.908
34.545617848,-0.9163,0.0851,-0.4940,1.044
34.547664309,-1.0402,0.0836,-0.4278,1.128
34.550026694,-1.1328,0.0951,-0.3386,1.186
34.552982463,-1.1997,0.1337,-0.2267,1.228
34.555423617,-1.2506,0.1857,-0.0918,1.268
34.557389848,-1.2652,0.2556,0.0349,1.291
34.559971386,-1.2440,0.3443,0.1387,1.298
34.562367386,-1.1919,0.4538,0.2220,1.295
34.564735079,-1.1074,0.5712,0.2824,1.278
34.567222155,-0.9975,0.6917,0.3307,1.258
34.56964954,-0.8677,0.8143,0.3451,1.239
34.572013771,-0.7434,0.9294,0.3307,1.235
34.574474155,-0.6302,1.0361,0.2899,1.247
34.577689848,-0.5415,1.1481,0.2293,1.290
34.579035386,-0.4624,1.2367,0.1653,1.331
34.581630155,-0.3994,1.3149,0.1013,1.378
34.584044232,-0.3439,1.3709,0.0442,1.414
34.586630386,-0.2978,1.4009,-0.0007,1.432
34.589320002,-0.2555,1.4012,-0.0469,1.425
34.591267694,-0.2212,1.3562,-0.0955,1.377
34.596891386,-0.1881,1.2688,-0.1509,1.291
34.597414079,-0.1655,1.1398,-0.2191,1.172
34.599172617,-0.1567,0.9827,-0.2942,1.038
34.600906694,-0.1663,0.8151,-0.3633,0.908
34.608308925,-0.1983,0.6525,-0.4151,0.798
34.608893463,-0.2454,0.5097,-0.4505,0.723
34.609064232,-0.3121,0.3885,-0.4617,0.679
34.618134155,-0.3850,0.2873,-0.4622,0.667
34.619151386,-0.4578,0.2141,-0.4603,0.684
34.619699694,-0.5226,0.1645,-0.4439,0.705
34.620111694,-0.5750,0.1307,-0.4070,0.717
34.620341771,-0.6168,0.1246,-0.3787,0.734
34.622321848,-0.6525,0.1403,-0.3333,0.746
34.625148848,-0.6703,0.1794,-0.2758,0.747
34.627463386,-0.6696,0.2404,-0.2162,0.744
34.629909848,-0.6547,0.3145,-0.1602,0.744
34.632319002,-0.6249,0.3846,-0.1043,0.741
34.635164925,-0.5853,0.4584,-0.0699,0.747
34.641332002,-0.5431,0.5258,-0.0635,0.759
34.642004925,-0.5091,0.5933,-0.0799,0.786
34.642628617,-0.4783,0.6531,-0.1148,0.818
34.644246079,-0.4665,0.7063,-0.1602,0.862
34.646526155,-0.4646,0.7643,-0.2106,0.919
34.649146155,-0.4751,0.8268,-0.2643,0.990
34.651637463,-0.4949,0.9050,-0.3115,1.077
34.653687002,-0.5240,0.9849,-0.3571,1.171
34.656232848,-0.5520,1.0767,-0.3958,1.273
34.658636848,-0.5838,1.1625,-0.4402,1.373
34.661079925,-0.6116,1.2458,-0.4813,1.469
34.663296617,-0.6417,1.3210,-0.5118,1.555
34.665993463,-0.6559,1.3804,-0.5509,1.625
34.668409848,-0.6679,1.4386,-0.5560,1.681
34.670595002,-0.6945,1.5085,-0.5040,1.735
34.673339002,-0.7167,1.5546,-0.4693,1.775
34.676380617,-0.7278,1.5819,-0.4334,1.794
34.677849232,-0.7314,1.5928,-0.4043,1.799
34.680506386,-0.7351,1.5910,-0.3869,1.795
34.682891925,-0.7470,1.5768,-0.3818,1.786
34.685447079,-0.7634,1.5514,-0.3880,1.772
34.687623309,-0.7737,1.5087,-0.3850,1.739
34.690770386,-0.7884,1.4481,-0.3943,1.695
34.694690463,-0.7988,1.3741,-0.3929,1.637
34.695424925,-0.8201,1.2930,-0.4095,1.585
34.697421232,-0.8433,1.2089,-0.4209,1.533
34.699431002,-0.8618,1.1234,-0.4305,1.480
34.702972002,-0.8767,1.0428,-0.4502,1.435
34.704340925,-0.8846,0.9639,-0.4761,1.392
34.707049155,-0.8741,0.8810,-0.4777,1.330
34.711415694,-0.8667,0.8212,-0.4859,1.289
34.711835079,-0.8562,0.7615,-0.4984,1.250
34.714128925,-0.8587,0.7135,-0.5022,1.224
34.717341155,-0.8567,0.6606,-0.5216,1.201
34.718760848,-0.8406,0.6017,-0.5323,1.163
34.721206386,-0.8254,0.5421,-0.5450,1.128
34.723859309,-0.8040,0.4782,-0.5595,1.090
34.726290079,-0.7888,0.4202,-0.5651,1.057
34.728397155,-0.7868,0.3860,-0.5260,1.022
34.731426694,-0.8008,0.3678,-0.4777,1.002
34.734255309,-0.8291,0.3601,-0.4297,1.001
34.736193771,-0.8625,0.3555,-0.3909,1.012
34.738244848,-0.9046,0.3506,-0.3552,1.033
34.740635002,-0.9468,0.3513,-0.3330,1.063
34.743057463,-0.9952,0.3492,-0.3058,1.098
34.746115386,-1.0434,0.3440,-0.2768,1.133
34.748070771,-1.0847,0.3340,-0.2524,1.163
34.750886771,-1.1177,0.3196,-0.2333,1.186
34.752526079,-1.1333,0.3033,-0.2199,1.194
34.755523002,-1.1315,0.2786,-0.2150,1.185
34.757661155,-1.1054,0.2514,-0.2071,1.152
34.759952925,-1.0598,0.2236,-0.1835,1.099
34.762412925,-0.9994,0.1869,-0.1514,1.028
34.765127079,-0.9347,0.1512,-0.1139,0.954
34.767270694,-0.8634,0.1139,-0.0691,0.874
34.769472232,-0.7895,0.0726,-0.0002,0.793
34.77197354,-0.7226,0.0396,0.0830,0.728
34.775265771,-0.6456,-0.0104,0.1753,0.669
34.776722155,-0.5580,-0.0641,0.2442,0.612
34.779179309,-0.4798,-0.1154,0.2995,0.577
34.782718155,-0.4118,-0.1643,0.3212,0.548
34.784274155,-0.3532,-0.2146,0.2878,0.504
34.787047002,-0.3055,-0.2488,0.2382,0.460
34.790025463,-0.2564,-0.2822,0.2014,0.431
34.792567925,-0.2047,-0.2906,0.1688,0.394
34.793658079,-0.1562,-0.2855,0.1343,0.352
34.796374155,-0.1159,-0.2633,0.0935,0.302
34.798664848,-0.0815,-0.2305,0.0698,0.254
34.803404617,-0.0663,-0.1818,0.0276,0.196
34.803910694,-0.0605,-0.1252,-0.0179,0.140
34.805901155,-0.0568,-0.0624,-0.0469,0.097
34.818531002,-0.0598,-0.0026,-0.0635,0.087
34.819444232,-0.0668,0.0638,-0.0740,0.118
34.819620617,-0.0752,0.1305,-0.0913,0.176
34.819786694,-0.0656,0.1864,-0.1062,0.224
34.820034079,-0.0624,0.2468,-0.1207,0.282
34.820224925,-0.0752,0.3003,-0.1346,0.338
34.822651079,-0.0842,0.3533,-0.1451,0.391
34.826231617,-0.0954,0.3983,-0.1600,0.440
34.827770694,-0.1111,0.4371,-0.1707,0.482
34.829749463,-0.1226,0.4750,-0.1798,0.522
34.833220848,-0.1355,0.5102,-0.1800,0.558
34.834714155,-0.1478,0.5437,-0.1796,0.591
34.837046694,-0.1614,0.5670,-0.1673,0.613
34.83967354,-0.1765,0.5847,-0.1612,0.632
34.842315617,-0.1881,0.6008,-0.1537,0.648
34.844323617,-0.1988,0.6131,-0.1481,0.661
34.847045155,-0.2081,0.6220,-0.1395,0.671
34.850039925,-0.2179,0.6296,-0.1360,0.680
34.851604309,-0.2279,0.6397,-0.1346,0.692
34.853913463,-0.2386,0.6487,-0.1353,0.704
34.856506694,-0.2603,0.6525,-0.1434,0.717
34.858803694,-0.2741,0.6587,-0.1610,0.731
34.861362771,-0.2452,0.6785,-0.0713,0.725
34.863737232,-0.2420,0.7034,-0.0352,0.745
34.866495925,-0.2430,0.7401,-0.0381,0.780
34.868374386,-0.2196,0.7608,-0.0559,0.794
34.871047309,-0.2457,0.7973,-0.0261,0.835
34.873545232,-0.3067,0.8414,-0.0312,0.896
34.875821232,-0.3300,0.8876,-0.0191,0.947
34.878151002,-0.3681,0.9369,0.0072,1.007
34.880872848,-0.4180,0.9781,0.0153,1.064
34.883013848,-0.4602,1.0184,0.0332,1.118
34.885447309,-0.5166,1.0550,0.0510,1.176
34.887970155,-0.5836,1.0875,0.0507,1.235
34.894713232,-0.6556,1.1097,0.0227,1.289
34.895601232,-0.7141,1.1193,0.0365,1.328
34.895935309,-0.7928,1.1459,0.0551,1.394
34.897647386,-0.8601,1.1608,0.0920,1.448
34.903466386,-0.9161,1.1584,0.1201,1.482
34.903821771,-0.9623,1.1444,0.1294,1.501
34.904573155,-1.0013,1.1232,0.1241,1.510
34.915149771,-1.0348,1.1053,0.1057,1.518
34.915691617,-1.0556,1.0762,0.0869,1.510
34.91595654,-1.0658,1.0379,0.0715,1.489
34.916195309,-1.0551,0.9858,0.0554,1.445
34.916750386,-1.0202,0.9311,0.0414,1.382
34.919330079,-0.9877,0.8930,0.0583,1.333
34.921878155,-0.9410,0.8625,0.0470,1.277
34.924321848,-0.8739,0.8123,-0.0026,1.193
34.926142155,-0.8049,0.7782,-0.0457,1.120
34.928588232,-0.7336,0.7535,-0.0654,1.054
34.93131354,-0.6654,0.7457,-0.0784,1.002
34.93376954,-0.5997,0.7410,-0.1097,0.960
34.935845848,-0.5401,0.7449,-0.1129,0.927
34.938736617,-0.4886,0.7603,-0.1050,0.910
34.941231309,-0.4507,0.7948,-0.0897,0.918
34.943376848,-0.4280,0.8370,-0.0811,0.944
34.945889232,-0.4148,0.8840,-0.0724,0.979
34.948731309,-0.4169,0.9343,-0.0969,1.028
34.950331002,-0.4343,0.9895,-0.1199,1.087
34.953029232,-0.4709,1.0450,-0.1229,1.153
34.955388848,-0.5123,1.0962,-0.1488,1.219
34.957770155,-0.5576,1.1444,-0.1896,1.287
34.960172309,-0.6036,1.1745,-0.2169,1.338
34.962776848,-0.6461,1.1991,-0.2467,1.384
34.96566954,-0.6745,1.2157,-0.2800,1.418
34.967351617,-0.6705,1.2080,-0.3156,1.417
34.969747002,-0.6774,1.2033,-0.3308,1.420
34.972566463,-0.6884,1.1935,-0.3305,1.417
34.974683002,-0.6887,1.1720,-0.3310,1.399
34.977057848,-0.6784,1.1388,-0.3235,1.364
34.979940848,-0.6635,1.1121,-0.3112,1.332
34.982310386,-0.6581,1.0838,-0.2946,1.302
34.984861232,-0.6405,1.0511,-0.2741,1.261
34.986806079,-0.6168,1.0119,-0.2714,1.216
34.98920954,-0.5831,0.9716,-0.2695,1.165
34.991511694,-0.5560,0.9343,-0.2494,1.115
34.993824925,-0.5445,0.9006,-0.2653,1.085
34.996463925,-0.5406,0.8749,-0.2778,1.065
35.000657232,-0.5515,0.8544,-0.2870,1.057
35.001177771,-0.5625,0.8327,-0.2821,1.044
35.004703925,-0.5680,0.8136,-0.2739,1.029
35.006820848,-0.5582,0.7955,-0.2546,1.005
35.014981848,-0.5359,0.7715,-0.2159,0.964
35.016123386,-0.5074,0.7486,-0.1735,0.921
35.016342386,-0.4873,0.7389,-0.1446,0.897
35.016534386,-0.4717,0.7384,-0.1502,0.889
35.017991694,-0.4541,0.7333,-0.1647,0.878
35.02156854,-0.4455,0.7349,-0.1568,0.874
35.023385232,-0.4367,0.7452,-0.1481,0.876
35.025550463,-0.4350,0.7545,-0.1500,0.884
35.027491079,-0.4265,0.7645,-0.1483,0.888
35.030415386,-0.4290,0.7764,-0.1356,0.897
35.032273463,-0.4338,0.7934,-0.1283,0.913
35.034753232,-0.4365,0.8167,-0.1304,0.935
35.03716854,-0.4418,0.8424,-0.1300,0.960
35.039811925,-0.4485,0.8649,-0.1185,0.981
35.042605771,-0.4448,0.8871,-0.0989,0.997
35.044644232,-0.4423,0.9108,-0.0845,1.016
35.047791309,-0.4365,0.9331,-0.0738,1.033
35.049223925,-0.4306,0.9499,-0.0684,1.045
35.051708848,-0.4169,0.9632,-0.0640,1.051
35.054250386,-0.4050,0.9788,-0.0601,1.061
35.056741232,-0.3886,0.9890,-0.0654,1.065
35.059087309,-0.3700,0.9956,-0.0669,1.064
35.061685848,-0.3476,0.9973,-0.0728,1.059
35.064186694,-0.3141,0.9912,-0.1065,1.045
35.066210155,-0.2867,0.9790,-0.1067,1.026
35.068950463,-0.2620,0.9721,-0.0889,1.011
35.071140309,-0.2415,0.9616,-0.0774,0.995
35.073798079,-0.2186,0.9483,-0.0747,0.976
35.075868925,-0.1909,0.9292,-0.0840,0.952
35.078627309,-0.1658,0.9126,-0.0889,0.932
35.081003309,-0.1490,0.8930,-0.0931,0.910
35.083135309,-0.1250,0.8747,-0.0967,0.889
35.085510079,-0.1020,0.8539,-0.0904,0.865
35.088087002,-0.0886,0.8419,-0.0840,0.851
35.090642155,-0.0891,0.8207,-0.0735,0.829
35.092967079,-0.0896,0.8014,-0.0618,0.809
35.095400232,-0.0945,0.7831,-0.0498,0.790
35.097791386,-0.0998,0.7704,-0.0449,0.778
35.100499925,-0.1135,0.7515,-0.0464,0.761
35.102500925,-0.1280,0.7320,-0.0584,0.745
35.108658155,-0.1399,0.7203,-0.0652,0.737
35.109355309,-0.1583,0.7142,-0.0664,0.735
35.10981254,-0.1732,0.7161,-0.0618,0.739
35.112653463,-0.1958,0.7198,-0.0510,0.748
35.118262155,-0.2217,0.7312,-0.0574,0.766
35.118860309,-0.2440,0.7410,-0.0691,0.783
35.119317155,-0.2594,0.7533,-0.0820,0.801
35.12888054,-0.2689,0.7608,-0.0953,0.813
35.129827925,-0.2701,0.7694,-0.1013,0.822
35.130119617,-0.2680,0.7838,-0.1011,0.834
35.130603694,-0.2591,0.7950,-0.0978,0.842
35.131595079,-0.2466,0.8099,-0.0950,0.852
35.133677848,-0.2333,0.8234,-0.0957,0.861
35.136971002,-0.2168,0.8381,-0.1024,0.872
35.139491925,-0.1995,0.8527,-0.1060,0.882
35.141070386,-0.1861,0.8622,-0.1153,0.890
35.144266463,-0.1663,0.8674,-0.1258,0.892
35.147466694,-0.1431,0.8705,-0.1329,0.892
35.148295694,-0.1171,0.8671,-0.1397,0.886
35.150863694,-0.0845,0.8537,-0.1456,0.870
35.153449232,-0.0542,0.8400,-0.1526,0.855
35.155750386,-0.0211,0.8227,-0.1595,0.838
35.158134155,0.0086,0.8058,-0.1686,0.823
35.160406771,0.0386,0.7926,-0.1791,0.813
35.163291617,0.0584,0.7838,-0.1786,0.806
35.165063617,0.0740,0.7733,-0.1779,0.797
35.167556925,0.0829,0.7748,-0.1779,0.799
35.170282079,0.0967,0.7748,-0.1693,0.799
35.172807079,0.0978,0.7757,-0.1465,0.795
35.17467254,0.1046,0.7723,-0.1390,0.792
35.177332925,0.1102,0.7740,-0.1381,0.794
35.179802694,0.1151,0.7745,-0.1407,0.796
35.181833232,0.1129,0.7740,-0.1441,0.795
35.184493771,0.1029,0.7787,-0.1427,0.798
35.187031617,0.0918,0.7946,-0.1351,0.811
35.189295002,0.0767,0.8050,-0.1304,0.819
35.191696002,0.0522,0.8204,-0.1216,0.831
35.194425232,0.0268,0.8421,-0.1104,0.850
35.199229232,0.0002,0.8598,-0.1090,0.867
35.199792925,-0.0292,0.8705,-0.1034,0.877
35.202409463,-0.0581,0.8810,-0.0969,0.888
35.208743386,-0.0817,0.8828,-0.0906,0.891
35.209707617,-0.1084,0.9001,-0.0840,0.910
35.209977771,-0.1558,0.9390,-0.1080,0.958
35.210885155,-0.2086,0.9632,-0.1666,0.999
35.219296617,-0.2574,0.9567,-0.2054,1.012
35.220083617,-0.3083,0.9487,-0.2042,1.018
35.220552848,-0.3283,0.9101,-0.2723,1.005
35.22079754,-0.3092,0.8234,-0.4747,0.999
35.223163002,-0.2694,0.7184,-0.8455,1.142
35.225378694,-0.2477,0.6318,-1.3457,1.507
35.228124309,-0.2620,0.5912,-1.5702,1.698
35.23032854,-0.2983,0.6518,-1.3887,1.563
35.232500232,-0.3241,0.7997,-0.9941,1.316
35.235305848,-0.3317,0.9800,-0.4358,1.123
35.237451002,-0.2806,1.1417,0.1634,1.187
35.239979617,-0.2137,1.2497,0.4404,1.342
35.242303002,-0.2115,1.3091,0.3512,1.372
35.244620617,-0.2960,1.3976,0.2179,1.445
35.247204925,-0.3996,1.5432,0.1624,1.602
35.249506463,-0.4204,1.6929,0.1727,1.753
35.252217771,-0.3349,1.8300,0.1514,1.867
35.254506079,-0.1441,1.9001,0.1387,1.911
35.257539386,0.0586,1.9431,0.0813,1.946
35.259682694,0.2397,2.0254,-0.0449,2.040
35.262563386,0.4132,2.1470,-0.1265,2.190
35.264225232,0.5883,2.2830,-0.0715,2.359
35.266262386,0.7183,2.4202,0.0908,2.526
35.268987925,0.7971,2.5627,0.2184,2.693
35.271827617,0.8851,2.7105,0.2792,2.865
35.274079386,0.9611,2.8432,0.1844,3.007
35.276171002,1.0061,2.9420,-0.0344,3.110
35.278794386,1.0428,2.9978,-0.2296,3.182
35.280796925,1.0254,3.0284,-0.3522,3.217
35.283199002,1.0425,3.0677,-0.3303,3.257
35.286146386,1.0992,3.0869,-0.1106,3.279
35.288018463,1.1812,3.0787,0.2750,3.309
35.291193463,1.2851,3.0591,0.6987,3.391
35.293366155,1.4155,3.0349,1.0844,3.520
35.298202155,1.5145,2.9436,1.3275,3.567
35.298863079,1.5983,2.7996,1.4431,3.532
35.300994079,1.6379,2.6242,1.4106,3.400
35.303629232,1.6279,2.4097,1.2171,3.152
35.308998771,1.5746,2.1854,0.9982,2.873
35.309988232,1.4244,1.9553,0.7600,2.536
35.310200617,1.2399,1.7468,0.5189,2.204
35.319162771,1.0230,1.5490,0.3319,1.886
35.319637155,0.8231,1.3494,0.0928,1.583
35.319857232,0.5866,1.1723,-0.1316,1.317
35.320066079,0.3745,1.0056,-0.3232,1.121
35.322147079,0.1800,0.8579,-0.4579,0.989
35.324217848,-0.0768,0.7342,-0.6440,0.980
35.326634694,-0.2997,0.6038,-0.8072,1.052
35.329160002,-0.4805,0.4738,-0.8790,1.108
35.332012925,-0.6188,0.3658,-0.8844,1.140
35.334127386,-0.7583,0.2930,-0.9375,1.241
35.337041771,-0.8843,0.2532,-0.9699,1.337
35.338604617,-1.0129,0.2211,-0.9741,1.423
35.341444848,-1.1264,0.1823,-0.9897,1.510
35.34368854,-1.2073,0.1212,-1.0295,1.591
35.345921848,-1.3085,0.0643,-1.0686,1.691
35.34835754,-1.4680,0.0145,-1.0850,1.825
35.351032848,-1.6337,-0.0116,-1.1881,2.020
35.353670771,-1.8117,-0.0116,-1.2113,2.179
35.355624002,-1.9762,0.0222,-1.1763,2.300
35.358282771,-2.1135,0.0890,-1.0999,2.384
35.361631925,-2.2068,0.1891,-0.9899,2.426
35.362975002,-2.2554,0.3003,-0.8548,2.431
35.365400617,-2.2566,0.4166,-0.7188,2.405
35.367781232,-2.2021,0.5353,-0.5944,2.343
35.370228848,-2.0900,0.6504,-0.5074,2.247
35.372620848,-1.9676,0.7643,-0.4361,2.155
35.375000002,-1.8706,0.8871,-0.3845,2.106
35.378275694,-1.7947,1.0066,-0.3393,2.086
35.379739925,-1.7260,1.1092,-0.2983,2.073
35.382115617,-1.6491,1.2069,-0.2482,2.059
35.384652848,-1.5773,1.2798,-0.2233,2.043
35.386944848,-1.4937,1.3335,-0.2162,2.014
35.389518079,-1.4050,1.3655,-0.2269,1.972
35.392445848,-1.3121,1.3804,-0.2651,1.923
35.398351002,-1.2191,1.3782,-0.3222,1.868
35.399067309,-1.1213,1.3645,-0.3872,1.808
35.39945754,-1.0123,1.3340,-0.4370,1.731
35.407943925,-0.9029,1.2984,-0.4830,1.654
35.408951617,-0.7844,1.2539,-0.5220,1.568
35.409131079,-0.6628,1.2036,-0.5448,1.478
35.409536848,-0.5237,1.1588,-0.5518,1.386
35.418658386,-0.3617,1.1097,-0.5402,1.286
35.419666694,-0.2230,1.0697,-0.5184,1.209
35.419924848,-0.1140,1.0373,-0.4722,1.145
35.420188617,-0.0361,1.0233,-0.4004,1.099
35.420720925,0.0401,1.0224,-0.3203,1.072
35.423176848,0.1178,1.0200,-0.2292,1.052
35.425623386,0.1979,1.0233,-0.1441,1.052
35.428409232,0.2707,1.0333,-0.0675,1.070
35.43052854,0.3324,1.0410,-0.0056,1.093
35.432858694,0.3797,1.0531,0.0337,1.120
35.435624925,0.4132,1.0611,0.0568,1.140
35.437850463,0.4272,1.0664,0.0586,1.150
35.440378386,0.4232,1.0713,0.0588,1.153
35.442844232,0.3967,1.0780,0.0522,1.150
35.445232925,0.3466,1.0870,0.0393,1.142
35.447766386,0.2716,1.0970,0.0297,1.131
35.449699925,0.1742,1.1090,0.0136,1.123
35.452630386,0.0728,1.1146,-0.0110,1.117
35.455462463,-0.0265,1.1181,-0.0408,1.119
35.456990771,-0.1135,1.1132,-0.0764,1.122
35.460243002,-0.1909,1.1036,-0.1067,1.125
35.461813848,-0.2545,1.0880,-0.1309,1.125
35.464099079,-0.3063,1.0650,-0.1478,1.118
35.466914386,-0.3442,1.0345,-0.1554,1.101
35.469236848,-0.3724,1.0019,-0.1602,1.081
35.471350386,-0.3874,0.9688,-0.1583,1.055
35.473811386,-0.4040,0.9365,-0.1568,1.032
35.477019617,-0.4131,0.9124,-0.1546,1.013
35.478623386,-0.4187,0.8905,-0.1526,0.996
35.481043309,-0.4243,0.8742,-0.1495,0.983
35.483879386,-0.4189,0.8593,-0.1427,0.967
35.485822386,-0.4106,0.8442,-0.1405,0.949
35.488399002,-0.3966,0.8302,-0.1346,0.930
35.490829848,-0.3817,0.8183,-0.1258,0.912
35.493487694,-0.3654,0.8087,-0.1167,0.895
35.495458156,-0.3430,0.7997,-0.1099,0.877
35.498047002,-0.3229,0.7982,-0.1046,0.867
35.50037654,-0.3051,0.8065,-0.1018,0.868
35.505546694,-0.2841,0.8080,-0.1013,0.862
35.506278386,-0.2643,0.8192,-0.1065,0.867
35.50797254,-0.2415,0.8283,-0.1170,0.871
35.512946694,-0.2173,0.8463,-0.1280,0.883
35.513503694,-0.1961,0.8583,-0.1334,0.890
35.515597848,-0.1700,0.8756,-0.1363,0.902
35.523361463,-0.1401,0.8908,-0.1304,0.911
35.524253232,-0.1113,0.9020,-0.1167,0.916
35.524663386,-0.0845,0.9101,-0.0929,0.919
35.525546771,-0.0510,0.9184,-0.0757,0.923
35.527240617,-0.0256,0.9272,-0.0591,0.929
35.529307079,0.0024,0.9353,-0.0513,0.937
35.53166854,0.0279,0.9424,-0.0569,0.944
35.534796925,0.0498,0.9416,-0.0703,0.946
35.536505848,0.0736,0.9434,-0.0933,0.951
35.538901463,0.0929,0.9397,-0.1178,0.952
35.541567617,0.1118,0.9380,-0.1385,0.955
35.543691925,0.1234,0.9333,-0.1514,0.953
35.54638454,0.1307,0.9243,-0.1566,0.947
35.54866554,0.1356,0.9167,-0.1632,0.941
35.551407617,0.1353,0.9108,-0.1703,0.936
35.553221156,0.1353,0.9013,-0.1796,0.929
35.555680848,0.1292,0.8971,-0.1920,0.927
35.558330156,0.1219,0.8959,-0.2022,0.927
35.560681848,0.1078,0.8957,-0.2138,0.927
35.563128002,0.0957,0.8979,-0.2243,0.930
35.566130694,0.0843,0.8998,-0.2289,0.932
35.568285463,0.0699,0.9057,-0.2238,0.936
35.570191002,0.0538,0.9108,-0.2162,0.938
35.572795386,0.0396,0.9160,-0.2054,0.940
35.576323617,0.0284,0.9225,-0.1966,0.944
35.57752554,0.0170,0.9294,-0.1886,0.948
35.580005463,0.0149,0.9277,-0.1833,0.946
35.584174694,0.0170,0.9280,-0.1776,0.945
35.585343002,0.0195,0.9289,-0.1749,0.945
35.587238771,0.0249,0.9236,-0.1742,0.940
35.589803079,0.0379,0.9150,-0.1673,0.931
35.592803617,0.0466,0.9043,-0.1637,0.920
35.59435754,0.0584,0.8947,-0.1622,0.911
35.596760002,0.0679,0.8740,-0.1610,0.891
35.599540848,0.0784,0.8576,-0.1612,0.876
35.605253463,0.0869,0.8346,-0.1579,0.854
35.605899925,0.0938,0.8067,-0.1561,0.827
35.607494156,0.0918,0.7752,-0.1476,0.794
35.609124925,0.0867,0.7430,-0.1360,0.760
35.613450156,0.0708,0.7039,-0.1285,0.719
35.614156848,0.0479,0.6648,-0.1321,0.679
35.616800925,0.0119,0.6250,-0.1539,0.644
35.624942386,-0.0285,0.5886,-0.1805,0.616
35.626020309,-0.0830,0.5554,-0.2108,0.600
35.626445771,-0.1485,0.5383,-0.2323,0.605
35.626690694,-0.2217,0.5309,-0.2514,0.628
35.628920002,-0.2972,0.5393,-0.2548,0.666
35.630767694,-0.3659,0.5600,-0.2478,0.713
35.634280925,-0.4304,0.5959,-0.2240,0.768
35.635159694,-0.4832,0.6429,-0.1949,0.827
35.638383309,-0.5242,0.6932,-0.1725,0.886
35.640402079,-0.5543,0.7515,-0.1644,0.948
35.64278154,-0.5687,0.8074,-0.1642,1.001
35.649265771,-0.5723,0.8612,-0.1639,1.047
35.649624232,-0.5594,0.9138,-0.1586,1.083
35.650108848,-0.5379,0.9644,-0.1507,1.114
35.65204054,-0.5105,1.0166,-0.1432,1.147
35.654459386,-0.4824,1.0682,-0.1327,1.180
35.65719754,-0.4495,1.1168,-0.1285,1.211
35.65940854,-0.4192,1.1637,-0.1275,1.243
35.661748232,-0.3877,1.2043,-0.1248,1.271
35.664263002,-0.3563,1.2421,-0.1216,1.298
35.666937232,-0.3300,1.2768,-0.1153,1.324
35.668990079,-0.2980,1.3068,-0.1034,1.344
35.671379386,-0.2643,1.3303,-0.0972,1.360
35.67390054,-0.2322,1.3445,-0.0982,1.368
35.676206771,-0.1951,1.3467,-0.1207,1.366
35.67854154,-0.1516,1.3369,-0.1605,1.355
35.681713848,-0.1054,1.3137,-0.2194,1.336
35.683770386,-0.0495,1.2744,-0.2827,1.306
35.685922694,-0.0116,1.2290,-0.3359,1.274
35.688472232,0.0230,1.1810,-0.3738,1.239
35.691590463,0.0586,1.1351,-0.3782,1.198
35.693327002,0.0972,1.0853,-0.3515,1.145
35.696011002,0.1312,1.0320,-0.2932,1.081
35.698133848,0.1627,0.9739,-0.2333,1.015
35.701706463,0.1847,0.9062,-0.2025,0.947
35.702619617,0.1845,0.8312,-0.2035,0.875
35.705321232,0.1630,0.7459,-0.2150,0.793
35.709247386,0.1209,0.6455,-0.2413,0.700
35.710068232,0.0640,0.5383,-0.2744,0.608
35.712391309,-0.0102,0.4232,-0.2932,0.515
35.718324309,-0.1047,0.3042,-0.2990,0.439
35.718813771,-0.2249,0.1887,-0.2970,0.418
35.719534694,-0.3776,0.0809,-0.2963,0.487
35.722402694,-0.5543,-0.0282,-0.3024,0.632
35.724675386,-0.7519,-0.1382,-0.3186,0.828
35.726804925,-0.9650,-0.2593,-0.3322,1.053
35.729425156,-1.1878,-0.3849,-0.3445,1.295
35.732452617,-1.3964,-0.5095,-0.3420,1.525
35.734065771,-1.6076,-0.6223,-0.3188,1.753
35.736387694,-1.7837,-0.7091,-0.2667,1.938
35.738930386,-1.9083,-0.7624,-0.1707,2.062
35.741672309,-1.9766,-0.7641,-0.0496,2.120
35.744166771,-1.9826,-0.7076,0.0926,2.107
35.74626854,-1.9217,-0.5960,0.2462,2.027
35.749102386,-1.8010,-0.4401,0.4064,1.898
35.751122694,-1.6476,-0.2327,0.5294,1.746
35.753342079,-1.4778,0.0081,0.5958,1.593
35.755737771,-1.3234,0.2761,0.6107,1.483
35.758355694,-1.1953,0.5419,0.5709,1.431
35.760624002,-1.0866,0.8099,0.4658,1.433
35.76318954,-1.0045,1.0809,0.3346,1.513
35.765519694,-0.9493,1.3709,0.0957,1.670
35.767910463,-0.9608,1.7573,-0.1994,2.013
35.770353848,-1.0116,2.2187,-0.5162,2.492
35.773211617,-1.0583,2.6818,-0.8262,2.999
35.774999617,-1.0683,3.0745,-0.9529,3.391
35.777430694,-0.9671,3.2853,-0.9408,3.552
35.780844848,-0.7678,3.3054,-0.8683,3.503
35.782411617,-0.4812,3.2206,-0.6838,3.327
35.784971309,-0.1646,3.0969,-0.4696,3.137
35.787799386,0.1521,2.9606,-0.3173,2.981
35.790605463,0.4586,2.8190,-0.2413,2.866
35.792188617,0.7484,2.6736,-0.2397,2.787
35.794783079,1.0044,2.5162,-0.2758,2.723
35.797177848,1.2133,2.3408,-0.3112,2.655
35.800192002,1.3774,2.1498,-0.3391,2.576
35.80177354,1.4490,1.9687,-0.3577,2.470
35.804228848,1.4945,1.7799,-0.3696,2.353
35.810397232,1.4735,1.6071,-0.3901,2.215
35.811163309,1.3999,1.4554,-0.4346,2.066
35.811488309,1.2497,1.3484,-0.4928,1.903
35.814506386,1.0295,1.2947,-0.5585,1.746
35.820980925,0.7552,1.2937,-0.6198,1.621
35.821655309,0.4722,1.3366,-0.6508,1.560
35.821818079,0.2066,1.4009,-0.6455,1.556
35.830797848,-0.0244,1.4715,-0.6119,1.594
35.831455079,-0.2191,1.5380,-0.5709,1.655
35.831691079,-0.3728,1.6052,-0.5378,1.733
35.832189848,-0.4917,1.6653,-0.5103,1.810
35.833480848,-0.5716,1.7230,-0.4749,1.876
35.83561254,-0.6197,1.7549,-0.4444,1.913
35.838303617,-0.6510,1.7689,-0.3631,1.920
35.84068854,-0.6789,1.7669,-0.3058,1.917
35.842603002,-0.7057,1.7420,-0.2438,1.895
35.845212232,-0.7329,1.7037,-0.2128,1.867
35.848613848,-0.7612,1.6418,-0.1961,1.820
35.849935002,-0.7881,1.5705,-0.1796,1.766
35.852223617,-0.8154,1.4787,-0.1586,1.696
35.854991079,-0.8389,1.3704,-0.1383,1.613
35.857979079,-0.8480,1.2534,-0.1219,1.518
35.859735694,-0.8408,1.1283,-0.1302,1.413
35.862121463,-0.8257,1.0071,-0.1365,1.309
35.865410079,-0.8169,0.9140,-0.1468,1.235
35.866745232,-0.7819,0.7985,-0.1740,1.131
35.869612309,-0.7467,0.6914,-0.2033,1.038
35.871756309,-0.7318,0.6028,-0.2228,0.974
35.874041156,-0.7162,0.5131,-0.2739,0.923
35.876910694,-0.6835,0.4007,-0.3230,0.856
35.879167617,-0.6661,0.3103,-0.3240,0.803
35.881436309,-0.6624,0.2321,-0.3166,0.770
35.883787694,-0.6738,0.1666,-0.2946,0.754
35.886457463,-0.7057,0.1168,-0.2627,0.762
35.888756309,-0.7651,0.0701,-0.2329,0.803
35.890929156,-0.8438,0.0333,-0.2292,0.875
35.893445156,-0.9315,-0.0111,-0.2695,0.970
35.895952848,-1.0290,-0.0455,-0.3535,1.089
35.901532848,-1.1245,-0.0683,-0.4390,1.209
35.902372925,-1.2344,-0.0915,-0.5162,1.341
35.903345463,-1.2894,-0.1403,-0.5707,1.417
35.905958156,-1.4548,-0.1394,-0.6068,1.582
35.911307079,-1.4993,-0.1577,-0.6037,1.624
35.912205463,-1.5047,-0.1748,-0.5935,1.627
35.91290154,-1.4763,-0.1929,-0.5455,1.586
35.921308925,-1.4189,-0.2070,-0.4524,1.504
35.921930079,-1.3221,-0.2300,-0.3215,1.380
35.922280848,-1.1897,-0.2554,-0.1590,1.227
35.922885232,-1.0383,-0.2808,0.0163,1.076
35.924620002,-0.8770,-0.3026,0.1927,0.948
35.927315386,-0.7087,-0.3223,0.3591,0.857
35.929634386,-0.5364,-0.3412,0.4966,0.807
35.932168848,-0.3724,-0.3632,0.5809,0.780
35.934217232,-0.2271,-0.3932,0.6202,0.769
35.937154463,-0.1040,-0.4238,0.6168,0.756
35.939230156,-0.0050,-0.4504,0.5858,0.739
35.941678771,0.0780,-0.4626,0.5504,0.723
35.944191617,0.1481,-0.4624,0.4851,0.686
35.948034386,0.1938,-0.4464,0.3752,0.615
35.949051309,0.2118,-0.4069,0.2574,0.526
35.951359309,0.2135,-0.3541,0.1480,0.439
35.953728232,0.2015,-0.2936,0.0470,0.359
35.956120309,0.1691,-0.2227,-0.0466,0.283
35.958434079,0.1275,-0.1455,-0.1275,0.232
35.961266386,0.0694,-0.0697,-0.1959,0.219
35.963432309,0.0095,0.0081,-0.2536,0.254
35.965744232,-0.0568,0.0827,-0.2988,0.315
35.96829254,-0.1262,0.1542,-0.3225,0.379
35.97064954,-0.1976,0.2169,-0.3328,0.444
35.972815309,-0.2667,0.2761,-0.3303,0.506
35.97530554,-0.3390,0.3313,-0.3242,0.574
35.977912309,-0.4094,0.3763,-0.3103,0.637
35.980422156,-0.4725,0.4226,-0.3012,0.702
35.982636617,-0.5318,0.4606,-0.2951,0.763
35.98534954,-0.5890,0.4936,-0.2902,0.821
35.989016617,-0.6417,0.5260,-0.2912,0.879
35.990276925,-0.6940,0.5441,-0.2844,0.927
35.992248848,-0.7329,0.5668,-0.2618,0.963
35.995032848,-0.7434,0.5966,-0.1837,0.971
35.997906694,-0.7419,0.6225,-0.1251,0.977
35.999543386,-0.7419,0.6385,-0.1139,0.985
36.002084848,-0.7309,0.6448,-0.1018,0.980
36.007818079,-0.7109,0.6494,-0.0916,0.967
36.008567309,-0.6926,0.6567,-0.0752,0.957
36.00932854,-0.6738,0.6641,-0.0738,0.949
36.01241254,-0.6305,0.6631,-0.0442,0.916
36.017929463,-0.6070,0.6748,-0.0274,0.908
36.018675386,-0.5941,0.6905,-0.0132,0.911
36.01904954,-0.5904,0.7058,-0.0119,0.920
36.029122463,-0.5802,0.7222,0.0083,0.926
36.029739079,-0.5765,0.7300,0.0141,0.930
36.029930156,-0.5814,0.7415,0.0207,0.943
36.03012154,-0.5953,0.7508,0.0268,0.959
36.031025156,-0.6078,0.7569,0.0353,0.971
36.033631617,-0.6302,0.7696,0.0432,0.996
36.035787617,-0.6559,0.7816,0.0583,1.022
36.038066156,-0.6791,0.7904,0.0796,1.045
36.040268002,-0.7043,0.7960,0.0945,1.067
36.043160925,-0.7236,0.7950,0.0959,1.079
36.046333463,-0.7390,0.7943,0.0889,1.089
36.047861156,-0.7544,0.7887,0.0768,1.094
36.050316002,-0.7668,0.7816,0.0642,1.097
36.053000002,-0.7634,0.7687,0.0437,1.084
36.055154771,-0.7568,0.7587,0.0163,1.072
36.05743654,-0.7607,0.7489,-0.0046,1.067
36.059930694,-0.7556,0.7445,-0.0158,1.061
36.06269254,-0.7465,0.7384,-0.0163,1.050
36.064461232,-0.7336,0.7310,-0.0117,1.036
36.067237156,-0.7192,0.7293,-0.0090,1.024
36.070053848,-0.6989,0.7259,-0.0081,1.008
36.075424617,-0.6701,0.7232,-0.0173,0.986
36.076036309,-0.6339,0.7184,-0.0232,0.958
36.076751309,-0.5948,0.7142,-0.0210,0.930
36.079395694,-0.5574,0.7098,-0.0420,0.904
36.081546386,-0.5325,0.7095,-0.0528,0.889
36.083922079,-0.5086,0.7179,-0.0561,0.882
36.08684454,-0.4863,0.7266,-0.0542,0.876
36.089023925,-0.4721,0.7386,-0.0591,0.879
36.091068232,-0.4580,0.7491,-0.0601,0.880
36.093876309,-0.4348,0.7533,-0.0652,0.872
36.096079002,-0.4092,0.7640,-0.0640,0.869
36.098292232,-0.3882,0.7767,-0.0528,0.870
36.101058156,-0.3712,0.7901,-0.0440,0.874
36.10320854,-0.3640,0.8078,-0.0249,0.886
36.107633156,-0.3659,0.8283,-0.0144,0.906
36.108323002,-0.3720,0.8473,-0.0065,0.925
36.11179354,-0.3810,0.8717,-0.0098,0.951
36.116971925,-0.4033,0.8974,-0.0132,0.984
36.117976617,-0.4253,0.9260,-0.0219,1.019
36.11818054,-0.4497,0.9485,-0.0433,1.051
36.125989848,-0.4826,0.9734,-0.0694,1.089
36.126486463,-0.5156,1.0024,-0.1024,1.132
36.126714463,-0.5413,1.0220,-0.1292,1.164
36.127598386,-0.5694,1.0484,-0.1500,1.202
36.129708002,-0.5972,1.0708,-0.1752,1.239
36.132010079,-0.6230,1.0846,-0.1935,1.266
36.13488854,-0.6432,1.0967,-0.2120,1.289
36.137860848,-0.6610,1.1039,-0.2267,1.306
36.139290156,-0.6733,1.1058,-0.2364,1.316
36.14187754,-0.6855,1.1076,-0.2445,1.325
36.145374386,-0.6977,1.1067,-0.2469,1.331
36.146772617,-0.7101,1.1004,-0.2411,1.332
36.149327617,-0.7192,1.0965,-0.2360,1.332
36.151661848,-0.7304,1.0892,-0.2296,1.331
36.154454463,-0.7436,1.0787,-0.2231,1.329
36.156387386,-0.7529,1.0685,-0.2120,1.324
36.158771617,-0.7644,1.0540,-0.1984,1.317
36.162035617,-0.7781,1.0433,-0.1837,1.314
36.163675309,-0.7866,1.0335,-0.1656,1.309
36.166233463,-0.7976,1.0261,-0.1400,1.307
36.168544232,-0.8020,1.0188,-0.1204,1.302
36.170840848,-0.8081,1.0093,-0.1069,1.297
36.173227617,-0.8052,0.9986,-0.0967,1.286
36.175809463,-0.8020,0.9827,-0.0828,1.271
36.178739386,-0.7905,0.9660,-0.0747,1.250
36.180394463,-0.7700,0.9511,-0.0711,1.226
36.182814694,-0.7419,0.9357,-0.0579,1.196
36.186781771,-0.7153,0.9194,-0.0476,1.166
36.18787754,-0.6784,0.9038,-0.0471,1.131
36.190364848,-0.6314,0.8886,-0.0479,1.091
36.193552232,-0.5860,0.8744,-0.0479,1.054
36.195725232,-0.5423,0.8603,-0.0493,1.018
36.197440002,-0.4935,0.8498,-0.0481,0.984
36.199578386,-0.4485,0.8402,-0.0445,0.953
36.202226156,-0.4028,0.8325,-0.0452,0.926
36.206899386,-0.3600,0.8234,-0.0433,0.900
36.20779754,-0.3209,0.8158,-0.0442,0.878
36.210555617,-0.2897,0.8114,-0.0435,0.863
36.216783694,-0.2582,0.8065,-0.0481,0.848
36.21763354,-0.2337,0.8027,-0.0515,0.838
36.217877848,-0.2110,0.8016,-0.0513,0.831
36.224519309,-0.1930,0.8004,-0.0503,0.825
36.225203386,-0.1809,0.8021,-0.0491,0.824
36.225601232,-0.1729,0.8072,-0.0547,0.827
36.226346463,-0.1712,0.8175,-0.0510,0.837
36.228695694,-0.1680,0.8263,-0.0428,0.844
36.231111386,-0.1716,0.8349,-0.0420,0.853
36.233977848,-0.1709,0.8432,-0.0503,0.862
36.236312232,-0.1678,0.8544,-0.0566,0.873
36.238159309,-0.1634,0.8600,-0.0652,0.878
36.240628309,-0.1590,0.8656,-0.0801,0.884
36.243155002,-0.1541,0.8705,-0.0929,0.889
36.245792848,-0.1487,0.8744,-0.0967,0.892
36.247795309,-0.1487,0.8773,-0.0965,0.895
36.250646771,-0.1429,0.8796,-0.0953,0.896
36.253072925,-0.1326,0.8781,-0.0999,0.894
36.255802386,-0.1311,0.8723,-0.1009,0.888
36.257783002,-0.1311,0.8668,-0.1067,0.883
36.260738079,-0.1289,0.8607,-0.1131,0.878
36.262379309,-0.1313,0.8579,-0.1207,0.876
36.264946386,-0.1318,0.8507,-0.1211,0.869
36.267692309,-0.1269,0.8451,-0.1214,0.863
36.270214079,-0.1243,0.8358,-0.1248,0.854
36.272307925,-0.1245,0.8270,-0.1329,0.847
36.275136002,-0.1272,0.8172,-0.1425,0.839
36.277760617,-0.1285,0.8085,-0.1551,0.833
36.27940154,-0.1373,0.7969,-0.1686,0.826
36.281863925,-0.1392,0.7862,-0.1805,0.819
36.284250694,-0.1462,0.7780,-0.1935,0.815
36.287056617,-0.1526,0.7706,-0.1957,0.810
36.29030554,-0.1585,0.7618,-0.2006,0.804
36.291649232,-0.1604,0.7564,-0.2001,0.799
36.297189156,-0.1621,0.7479,-0.2025,0.792
36.298049848,-0.1636,0.7452,-0.2087,0.791
36.299019617,-0.1641,0.7417,-0.2145,0.789
36.301693463,-0.1644,0.7445,-0.2175,0.793
36.308100309,-0.1667,0.7474,-0.2208,0.797
36.309018771,-0.1746,0.7477,-0.2226,0.799
36.309204309,-0.1768,0.7515,-0.2269,0.805
36.31718054,-0.1826,0.7564,-0.2308,0.812
36.317914156,-0.1873,0.7564,-0.2289,0.812
36.318221771,-0.1870,0.7542,-0.2299,0.810
36.318884848,-0.1832,0.7501,-0.2262,0.805
36.320180232,-0.1781,0.7408,-0.2162,0.792
36.322505771,-0.1748,0.7333,-0.2001,0.780
36.325406771,-0.1744,0.7284,-0.1849,0.771
36.327589848,-0.1712,0.7191,-0.1637,0.757
36.330165232,-0.1665,0.7107,-0.1449,0.744
36.332467386,-0.1663,0.6998,-0.1246,0.730
36.335163079,-0.1695,0.6963,-0.1043,0.724
36.337232848,-0.1704,0.7014,-0.0857,0.727
36.339616309,-0.1716,0.6965,-0.0701,0.721
36.343485156,-0.1760,0.7014,-0.0633,0.726
36.344499002,-0.1802,0.7051,-0.0559,0.730
36.346800848,-0.1886,0.7168,-0.0484,0.743
36.34962154,-0.1946,0.7368,-0.0428,0.763
36.352476617,-0.2012,0.7599,-0.0324,0.787
36.353887386,-0.2132,0.7997,-0.0279,0.828
36.356464002,-0.2374,0.8674,-0.0515,0.901
36.358866771,-0.2657,0.9394,-0.1302,0.985
36.361443309,-0.2838,0.9907,-0.2524,1.061
36.363527694,-0.2855,1.0012,-0.3215,1.090
36.367069232,-0.2750,0.9663,-0.2885,1.045
36.368691002,-0.2664,0.9003,-0.2921,0.983
36.371574079,-0.2587,0.8344,-0.4987,1.006
36.373791309,-0.2413,0.7889,-0.9357,1.247
36.375793156,-0.2135,0.7674,-1.5308,1.726
36.378089463,-0.1707,0.7787,-1.9224,2.081
36.380519925,-0.1020,0.8219,-1.7356,1.923
36.382975002,-0.0236,0.8959,-1.1541,1.461
36.385457156,0.0489,1.0410,-0.4686,1.143
36.387707925,0.0948,1.2478,0.1096,1.256
36.390361463,0.1176,1.4889,0.4218,1.552
36.393173156,0.1143,1.7447,0.3608,1.785
36.395390694,0.0771,1.9878,-0.0009,1.989
36.397430771,0.0950,2.1640,-0.3462,2.194
36.40024054,0.2025,2.2374,-0.4265,2.287
36.40230454,0.3373,2.2262,-0.2921,2.271
36.404697771,0.4610,2.2103,-0.0904,2.260
36.407290694,0.5495,2.2199,0.1922,2.295
36.412423079,0.5942,2.2558,0.5189,2.390
36.41321654,0.6059,2.3350,0.8359,2.553
36.415710694,0.6450,2.3741,1.0363,2.670
36.423738463,0.7156,2.4007,1.1758,2.767
36.424275079,0.8060,2.4102,1.2142,2.817
36.42446554,0.8532,2.4146,1.1550,2.809
36.424717463,0.9056,2.3855,0.9972,2.740
36.433150771,0.9672,2.3177,0.6982,2.607
36.433888617,1.0132,2.2211,0.4209,2.477
36.434281848,1.0107,2.1461,0.3002,2.391
36.434624232,0.9308,2.1329,0.2706,2.343
36.435913156,0.8013,2.1612,0.2366,2.317
36.438334079,0.6831,2.2013,0.1849,2.312
36.44079354,0.6230,2.2243,0.1837,2.317
36.44327654,0.6252,2.2006,0.2674,2.303
36.445690771,0.6911,2.1595,0.4302,2.308
36.448194694,0.7852,2.1239,0.5573,2.332
36.450511386,0.8583,2.0962,0.6051,2.345
36.452932232,0.9020,2.0620,0.5897,2.327
36.455465232,0.8871,2.0271,0.4705,2.262
36.458005848,0.8064,1.9778,0.2079,2.146
36.460032925,0.6934,1.8949,-0.0608,2.019
36.462942079,0.5519,1.7706,-0.3247,1.883
36.465131617,0.3833,1.6071,-0.5140,1.730
36.467619925,0.1735,1.4293,-0.6350,1.574
36.469849232,-0.0265,1.2488,-0.7073,1.435
36.472352309,-0.2215,1.0875,-0.7319,1.329
36.475583617,-0.4309,0.9585,-0.7368,1.283
36.476965156,-0.6738,0.8724,-0.7689,1.344
36.479519079,-0.8972,0.8167,-0.7376,1.420
36.482396848,-1.2110,0.8004,-0.7645,1.641
36.484301848,-1.5606,0.7836,-0.7928,1.918
36.487397771,-1.8518,0.7440,-0.7507,2.132
36.489188309,-2.0607,0.6909,-0.6916,2.281
36.492223002,-2.2256,0.6462,-0.6474,2.406
36.493975694,-2.3502,0.5730,-0.6310,2.500
36.496209463,-2.4169,0.4796,-0.6384,2.545
36.498707386,-2.4360,0.3678,-0.6377,2.545
36.501151925,-2.4497,0.2625,-0.6528,2.549
36.503612925,-2.4267,0.1818,-0.6587,2.521
36.506119925,-2.3695,0.1447,-0.6726,2.467
36.512111002,-2.2845,0.1561,-0.6594,2.383
36.513076232,-2.1678,0.2202,-0.6068,2.262
36.514767002,-2.0101,0.3482,-0.5148,2.104
36.516043694,-1.8422,0.5378,-0.4009,1.961
36.52136554,-1.7120,0.7198,-0.3115,1.883
36.521889771,-1.6004,0.8712,-0.2467,1.839
36.522995309,-1.4954,0.9868,-0.2175,1.805
36.530048309,-1.3998,1.0699,-0.2296,1.777
36.530698463,-1.3111,1.1276,-0.2756,1.751
36.530937848,-1.2330,1.1664,-0.3401,1.731
36.532978156,-1.1513,1.1891,-0.4129,1.706
36.535099925,-1.0722,1.1974,-0.4771,1.677
36.537276617,-0.9869,1.1940,-0.5321,1.638
36.539716617,-0.9058,1.1882,-0.5783,1.602
36.542789463,-0.8173,1.1752,-0.6000,1.552
36.544455079,-0.7316,1.1591,-0.6093,1.500
36.546931079,-0.6395,1.1354,-0.6191,1.443
36.550084925,-0.5450,1.1119,-0.6061,1.379
36.551683925,-0.4409,1.0829,-0.6108,1.319
36.554596002,-0.3405,1.0562,-0.5998,1.261
36.556887617,-0.2454,1.0354,-0.5827,1.213
36.559026463,-0.1478,1.0132,-0.5648,1.169
36.561547079,-0.0576,0.9954,-0.5382,1.133
36.564567309,0.0212,0.9788,-0.5089,1.103
36.566318771,0.0816,0.9700,-0.4728,1.082
36.568795386,0.1421,0.9588,-0.4327,1.061
36.571346386,0.2064,0.9580,-0.3894,1.054
36.573693771,0.2702,0.9546,-0.3510,1.052
36.57592854,0.2846,0.9592,-0.3103,1.048
36.578527002,0.2739,0.9678,-0.2816,1.044
36.581711617,0.2397,0.9817,-0.2580,1.043
36.583674463,0.1952,0.9919,-0.2394,1.039
36.585990079,0.1405,0.9968,-0.2284,1.032
36.58812154,0.0787,1.0010,-0.2206,1.028
36.591690694,0.0183,1.0007,-0.2155,1.024
36.592647386,-0.0483,0.9973,-0.2133,1.021
36.595427309,-0.1162,0.9905,-0.2152,1.020
36.597762463,-0.1788,0.9844,-0.2203,1.024
36.600141232,-0.2382,0.9773,-0.2257,1.031
36.602500309,-0.2855,0.9702,-0.2372,1.039
36.604965463,-0.3283,0.9634,-0.2472,1.047
36.611638694,-0.3649,0.9580,-0.2485,1.055
36.612934156,-0.3964,0.9480,-0.2394,1.055
36.613191002,-0.4155,0.9429,-0.2262,1.055
36.614460925,-0.4336,0.9399,-0.2030,1.055
36.621609232,-0.4416,0.9404,-0.1740,1.053
36.622396925,-0.4439,0.9397,-0.1451,1.049
36.622747079,-0.4406,0.9399,-0.1236,1.045
36.630269232,-0.4265,0.9385,-0.1048,1.036
36.630812925,-0.4160,0.9362,-0.0982,1.029
36.631251002,-0.3940,0.9362,-0.1011,1.021
36.631695002,-0.3693,0.9333,-0.1038,1.009
36.633727694,-0.3451,0.9323,-0.0948,0.999
36.636002079,-0.3156,0.9309,-0.0808,0.986
36.638507925,-0.2943,0.9299,-0.0608,0.977
36.641192925,-0.2669,0.9309,-0.0403,0.969
36.643285771,-0.2438,0.9287,-0.0279,0.961
36.646115694,-0.2184,0.9260,-0.0132,0.952
36.64902954,-0.1976,0.9264,-0.0083,0.947
36.656434156,-0.1781,0.9213,-0.0124,0.938
36.65706554,-0.1587,0.9143,-0.0183,0.928
36.657518771,-0.1406,0.9087,-0.0205,0.920
36.659855309,-0.1236,0.9010,-0.0156,0.910
36.660623386,-0.1018,0.8930,-0.0105,0.899
36.662745463,-0.0817,0.8840,-0.0110,0.888
36.665227079,-0.0675,0.8798,-0.0142,0.882
36.667354156,-0.0519,0.8730,-0.0195,0.875
36.669903386,-0.0332,0.8659,-0.0276,0.867
36.672296925,-0.0185,0.8581,-0.0428,0.859
36.674703309,0.0024,0.8514,-0.0596,0.854
36.677002771,0.0235,0.8456,-0.0747,0.849
36.680042079,0.0422,0.8419,-0.0852,0.847
36.682187925,0.0643,0.8370,-0.0982,0.845
36.684233463,0.0825,0.8358,-0.1050,0.846
36.687119309,0.1058,0.8314,-0.1155,0.846
36.690448002,0.1258,0.8244,-0.1232,0.843
36.691429463,0.1434,0.8204,-0.1363,0.844
36.694322771,0.1617,0.8170,-0.1456,0.846
36.696531694,0.1786,0.8129,-0.1509,0.846
36.69895654,0.1933,0.8087,-0.1502,0.845
36.701414156,0.2050,0.8129,-0.1532,0.852
36.703885156,0.2169,0.8146,-0.1570,0.857
36.710248002,0.2231,0.8195,-0.1590,0.864
36.710823617,0.2304,0.8251,-0.1617,0.872
36.711107617,0.2287,0.8314,-0.1647,0.878
36.713970156,0.2280,0.8409,-0.1710,0.888
36.717941156,0.2282,0.8527,-0.1688,0.899
36.718255694,0.2267,0.8659,-0.1700,0.911
36.720511309,0.2204,0.8803,-0.1681,0.923
36.727790156,0.2131,0.8917,-0.1649,0.932
36.728061463,0.2040,0.9079,-0.1605,0.944
36.728196233,0.1984,0.9216,-0.1521,0.955
36.730809156,0.1920,0.9313,-0.1439,0.962
36.732748233,0.1886,0.9474,-0.1321,0.975
36.734849463,0.1824,0.9595,-0.1223,0.984
36.737732617,0.1837,0.9719,-0.1062,0.995
36.740032002,0.1889,0.9861,-0.0938,1.008
36.742176617,0.1964,0.9951,-0.0838,1.018
36.744512309,0.2074,1.0039,-0.0769,1.028
36.748341771,0.2164,1.0161,-0.0713,1.041
36.74947354,0.2306,1.0240,-0.0687,1.052
36.751982079,0.2448,1.0284,-0.0682,1.059
36.754548925,0.2546,1.0269,-0.0745,1.061
36.756724925,0.2663,1.0196,-0.0950,1.058
36.758995925,0.2783,1.0076,-0.1229,1.052
36.762001463,0.2816,0.9893,-0.1602,1.041
36.764634079,0.2765,0.9770,-0.2077,1.036
36.766385463,0.2716,0.9609,-0.2494,1.029
36.768985463,0.2602,0.9470,-0.2937,1.025
36.77148554,0.2553,0.9336,-0.3310,1.023
36.773654156,0.2541,0.9252,-0.3473,1.020
36.775957848,0.2514,0.9194,-0.3484,1.015
36.778870771,0.2441,0.9192,-0.3266,1.006
36.780972309,0.2320,0.9192,-0.2876,0.991
36.783068925,0.2115,0.9231,-0.2382,0.976
36.785939617,0.1868,0.9241,-0.1969,0.963
36.78808554,0.1588,0.9218,-0.1737,0.951
36.790302694,0.1283,0.9148,-0.1742,0.940
36.793147002,0.0982,0.9040,-0.1976,0.931
36.795934386,0.0647,0.8935,-0.2350,0.926
36.798286694,0.0308,0.8764,-0.2751,0.919
36.800170771,-0.0002,0.8603,-0.3054,0.913
36.803197848,-0.0361,0.8559,-0.3176,0.914
36.811042771,-0.0693,0.8502,-0.3093,0.907
36.811827617,-0.1059,0.8481,-0.2802,0.899
36.812198079,-0.1492,0.8483,-0.2392,0.894
36.812438156,-0.1907,0.8490,-0.2001,0.893
36.820689233,-0.2364,0.8502,-0.1754,0.900
36.821170079,-0.2806,0.8488,-0.1614,0.908
36.821343002,-0.3288,0.8412,-0.1575,0.917
36.822752309,-0.3686,0.8312,-0.1458,0.921
36.824735617,-0.4008,0.8209,-0.1131,0.921
36.826554694,-0.4275,0.8087,-0.0626,0.917
36.82921654,-0.4575,0.7950,-0.0214,0.918
36.83160054,-0.4849,0.7860,0.0078,0.924
36.833900002,-0.5156,0.7748,0.0192,0.931
36.836476848,-0.5499,0.7657,0.0200,0.943
36.839087925,-0.5834,0.7531,0.0060,0.953
36.841691925,-0.6141,0.7417,-0.0154,0.963
36.844227386,-0.6391,0.7352,-0.0447,0.975
36.845987617,-0.6556,0.7330,-0.0603,0.985
36.848351386,-0.6598,0.7477,-0.0662,0.999
36.850862156,-0.6554,0.7715,-0.0666,1.015
36.85341654,-0.6393,0.8111,-0.0745,1.035
36.855783002,-0.6156,0.8588,-0.0852,1.060
36.858270463,-0.5804,0.9079,-0.1155,1.084
36.860567617,-0.5350,0.9551,-0.1691,1.108
36.863736925,-0.4819,1.0003,-0.2438,1.137
36.865466386,-0.4282,1.0408,-0.3127,1.168
36.867697848,-0.3712,1.0853,-0.3631,1.203
36.870072002,-0.3097,1.1251,-0.3909,1.231
36.872604617,-0.2564,1.1579,-0.4011,1.252
36.874911617,-0.2054,1.1791,-0.4029,1.263
36.877399617,-0.1655,1.1826,-0.4085,1.262
36.880073848,-0.1348,1.1696,-0.4209,1.250
36.882147617,-0.1089,1.1414,-0.4224,1.222
36.884952617,-0.0840,1.1029,-0.3982,1.176
36.887075079,-0.1074,1.0523,-0.3855,1.126
36.889561156,-0.1243,0.9995,-0.3813,1.077
36.891808848,-0.1734,0.9546,-0.3716,1.039
36.894285463,-0.2320,0.9220,-0.3562,1.015
36.897096848,-0.2953,0.9079,-0.3200,1.007
36.899181848,-0.3637,0.9057,-0.2676,1.012
36.90180854,-0.4331,0.9208,-0.2167,1.040
36.909167386,-0.4937,0.9365,-0.1761,1.073
36.909892233,-0.5455,0.9509,-0.1407,1.105
36.910583386,-0.5860,0.9611,-0.1143,1.131
36.911112848,-0.6107,0.9688,-0.0982,1.149
36.920885463,-0.6237,0.9697,-0.0857,1.156
36.921818771,-0.6214,0.9660,-0.0724,1.151
36.922041771,-0.6085,0.9511,-0.0540,1.130
36.922473848,-0.5934,0.9260,-0.0332,1.100
36.923112309,-0.5790,0.8954,-0.0288,1.067
36.925418463,-0.5709,0.8532,-0.0508,1.028
36.927998386,-0.5694,0.8172,-0.0933,1.000
36.930280233,-0.5713,0.7838,-0.1444,0.981
36.932640925,-0.5760,0.7579,-0.1763,0.968
36.935336309,-0.5811,0.7413,-0.1959,0.962
36.938560309,-0.5895,0.7398,-0.2071,0.968
36.939901233,-0.5967,0.7552,-0.2157,0.986
36.943197463,-0.6060,0.7872,-0.2231,1.018
36.944863309,-0.6109,0.8321,-0.2231,1.056
36.947404233,-0.6100,0.8869,-0.2325,1.101
36.949839002,-0.6011,0.9570,-0.2413,1.156
36.952422694,-0.5899,1.0359,-0.2374,1.216
36.95524154,-0.5775,1.1116,-0.2534,1.278
36.957112002,-0.5538,1.1959,-0.2732,1.346
36.959852233,-0.5271,1.2846,-0.2965,1.420
36.962664617,-0.5030,1.3831,-0.3171,1.505
36.964138771,-0.4834,1.4769,-0.3303,1.589
36.966479002,-0.4734,1.5707,-0.3300,1.673
36.969213156,-0.4702,1.6611,-0.3286,1.757
36.971599079,-0.4665,1.7496,-0.3410,1.843
36.973897771,-0.4753,1.8190,-0.3718,1.916
36.976411309,-0.4863,1.8578,-0.4239,1.967
36.979771002,-0.4895,1.9030,-0.4495,2.016
36.981301463,-0.4979,1.9429,-0.4519,2.056
36.983563386,-0.5130,1.9770,-0.4523,2.092
36.987442463,-0.5291,2.0027,-0.4554,2.121
36.988474386,-0.5399,2.0114,-0.4474,2.130
36.990751617,-0.5511,2.0074,-0.4346,2.127
36.993376233,-0.5599,1.9834,-0.3911,2.098
36.996063002,-0.5709,1.9421,-0.3349,2.052
36.99788154,-0.5865,1.8805,-0.2792,1.990
37.000495386,-0.6002,1.8009,-0.2276,1.912
37.007877463,-0.6190,1.7009,-0.1928,1.820
37.008543925,-0.6435,1.5842,-0.1781,1.719
37.009070386,-0.6654,1.4561,-0.1763,1.611
37.010632309,-0.6950,1.3333,-0.1800,1.514
37.020915617,-0.7231,1.2182,-0.1940,1.430
37.021769233,-0.7490,1.1165,-0.2079,1.360
37.022278771,-0.7766,1.0257,-0.2106,1.304
37.022503617,-0.7905,0.9465,-0.1966,1.249
37.023091925,-0.8074,0.8779,-0.1605,1.203
37.024681463,-0.8201,0.8165,-0.1160,1.163
37.026943079,-0.8345,0.7622,-0.0638,1.132
37.029337771,-0.8455,0.7046,-0.0706,1.103
37.031633156,-0.8347,0.6257,-0.1078,1.049
37.034118386,-0.8213,0.5416,-0.1514,0.995
37.036895002,-0.8254,0.4794,-0.1719,0.970
37.038742386,-0.8291,0.4286,-0.1949,0.953
37.041790771,-0.8203,0.3553,-0.2220,0.921
37.045106156,-0.8287,0.3023,-0.2385,0.914
37.04601654,-0.8415,0.2590,-0.2385,0.912
37.04868854,-0.8580,0.2246,-0.2274,0.916
37.051496848,-0.8814,0.1777,-0.2152,0.925
37.053915002,-0.9086,0.1351,-0.1991,0.940
37.05604454,-0.9444,0.0887,-0.1991,0.969
37.05820854,-0.9926,0.0428,-0.2001,1.013
37.062123386,-1.0470,-0.0031,-0.1989,1.066
37.063232848,-1.1140,-0.0500,-0.1917,1.131
37.065540309,-1.1937,-0.0923,-0.1889,1.212
37.067961156,-1.2764,-0.1238,-0.1994,1.298
37.070358386,-1.3603,-0.1474,-0.2511,1.391
37.072623079,-1.4313,-0.1706,-0.3266,1.478
37.075250771,-1.4832,-0.1841,-0.4014,1.548
37.077596925,-1.4951,-0.2000,-0.4591,1.577
37.080068309,-1.4614,-0.2168,-0.4823,1.554
37.082361848,-1.3830,-0.2376,-0.4659,1.479
37.086752925,-1.2733,-0.2503,-0.4036,1.359
37.087986771,-1.1550,-0.2564,-0.2963,1.220
37.089662463,-1.0253,-0.2679,-0.1563,1.071
37.092087386,-0.8824,-0.2796,-0.0009,0.926
37.094946079,-0.7287,-0.2911,0.1555,0.800
37.096730386,-0.5650,-0.3077,0.3034,0.711
37.09953654,-0.4015,-0.3241,0.4241,0.668
37.103199925,-0.2613,-0.3465,0.4826,0.649
37.104034386,-0.1521,-0.3700,0.4837,0.628
37.106435386,-0.0437,-0.3940,0.4951,0.634
37.109086771,0.0461,-0.4037,0.4600,0.614
37.116385848,0.1167,-0.4017,0.3979,0.577
37.117373463,0.1639,-0.3851,0.3104,0.521
37.117791617,0.1957,-0.3556,0.2047,0.455
37.119558463,0.2169,-0.3155,0.1020,0.396
37.129392002,0.2155,-0.2684,0.0283,0.345
37.130437233,0.2169,-0.2134,-0.0312,0.306
37.130667694,0.2143,-0.1452,-0.0769,0.270
37.130834771,0.2171,-0.0861,-0.1143,0.260
37.131154694,0.2096,-0.0213,-0.1432,0.255
37.133988233,0.2175,0.0328,-0.1534,0.268
37.136603386,0.2218,0.0848,-0.1368,0.274
37.137632002,0.2169,0.1376,-0.1376,0.291
37.140076617,0.2108,0.1884,-0.1199,0.307
37.143882386,0.1966,0.2392,-0.1199,0.332
37.144960848,0.1810,0.2898,-0.1139,0.360
37.147522079,0.1554,0.3389,-0.1199,0.392
37.150308925,0.1321,0.3834,-0.1214,0.423
37.152696309,0.1118,0.4273,-0.1160,0.457
37.154941463,0.0864,0.4701,-0.1011,0.489
37.157371002,0.0564,0.5050,-0.0776,0.514
37.159813463,0.0093,0.5370,-0.0650,0.541
37.162295309,-0.0356,0.5644,-0.0422,0.567
37.164304002,-0.0835,0.5903,-0.0344,0.597
37.167111694,-0.1250,0.6147,-0.0232,0.628
37.169569233,-0.1632,0.6382,-0.0235,0.659
37.171576233,-0.2032,0.6626,-0.0191,0.693
37.174108233,-0.2310,0.6883,-0.0191,0.726
37.177469771,-0.2501,0.7103,-0.0119,0.753
37.178756309,-0.2601,0.7324,0.0072,0.777
37.181377848,-0.2731,0.7550,0.0190,0.803
37.183791002,-0.2777,0.7875,0.0351,0.836
37.186258386,-0.2874,0.8114,0.0514,0.862
37.188486386,-0.3075,0.8302,0.0353,0.886
37.191111925,-0.3212,0.8432,0.0258,0.903
37.193838079,-0.3080,0.8756,0.1690,0.943
37.195864617,-0.3312,0.9096,0.1465,0.979
37.198335617,-0.3381,0.9208,0.1229,0.989
37.201084617,-0.3563,0.9336,0.1378,1.009
37.203587079,-0.3708,0.9455,0.1329,1.024
37.205711617,-0.4011,0.9607,0.1111,1.047
37.207828002,-0.4367,0.9741,0.0784,1.070
37.214179386,-0.4578,0.9825,0.0558,1.085
37.215156617,-0.4725,0.9793,0.0258,1.088
37.215564233,-0.4856,0.9776,-0.0002,1.092
37.226747309,-0.5091,0.9737,-0.0161,1.099
37.22770154,-0.5426,0.9700,-0.0335,1.112
37.228162156,-0.5713,0.9641,-0.0493,1.122
37.228481233,-0.5934,0.9539,-0.0675,1.125
37.228785233,-0.6261,0.9529,-0.0799,1.143
37.229410694,-0.6559,0.9434,-0.0948,1.153
37.231736848,-0.6843,0.9380,-0.1065,1.166
37.23560454,-0.7109,0.9321,-0.1202,1.178
37.236441463,-0.7385,0.9264,-0.1376,1.193
37.239410463,-0.7646,0.9233,-0.1463,1.208
37.241688002,-0.7826,0.9167,-0.1514,1.215
37.244176617,-0.7956,0.9108,-0.1505,1.219
37.246644617,-0.7979,0.9038,-0.1446,1.214
37.248872233,-0.7984,0.8962,-0.1409,1.208
37.251463386,-0.7944,0.8938,-0.1402,1.204
37.253835617,-0.7819,0.8950,-0.1458,1.197
37.256022156,-0.7656,0.8962,-0.1568,1.189
37.259499079,-0.7441,0.8979,-0.1707,1.179
37.261759386,-0.7255,0.9001,-0.1844,1.171
37.263574463,-0.7069,0.9064,-0.1964,1.166
37.265792925,-0.6957,0.9145,-0.2079,1.168
37.268128233,-0.6835,0.9233,-0.2147,1.169
37.270391309,-0.6713,0.9316,-0.2147,1.168
37.272983386,-0.6596,0.9362,-0.2126,1.165
37.276232925,-0.6537,0.9392,-0.2175,1.165
37.277748848,-0.6500,0.9443,-0.2274,1.169
37.28014454,-0.6471,0.9480,-0.2421,1.173
37.282584002,-0.6444,0.9506,-0.2739,1.181
37.28508054,-0.6415,0.9576,-0.2981,1.191
37.28728454,-0.6461,0.9639,-0.3207,1.204
37.289848925,-0.6544,0.9707,-0.3522,1.223
37.293370771,-0.6568,0.9788,-0.3750,1.237
37.294558079,-0.6564,0.9830,-0.3890,1.244
37.297038156,-0.6498,0.9844,-0.4055,1.247
37.299495309,-0.6430,0.9874,-0.4041,1.246
37.301807694,-0.6335,0.9898,-0.4018,1.242
37.304798694,-0.6181,0.9944,-0.3948,1.236
37.306977233,-0.6044,0.9898,-0.3845,1.222
37.314343079,-0.5929,0.9856,-0.3713,1.209
37.315202079,-0.5853,0.9788,-0.3535,1.194
37.315821771,-0.5797,0.9765,-0.3305,1.183
37.318074771,-0.5767,0.9741,-0.3068,1.173
37.324907925,-0.5682,0.9797,-0.2792,1.166
37.325907002,-0.5629,0.9863,-0.2453,1.162
37.326308925,-0.5573,0.9876,-0.2096,1.153
37.326529233,-0.5552,0.9883,-0.1828,1.148
37.328538156,-0.5548,0.9802,-0.1561,1.137
37.330603309,-0.5492,0.9753,-0.1360,1.128
37.334647617,-0.5450,0.9619,-0.1180,1.112
37.335550694,-0.5379,0.9480,-0.1041,1.095
37.338667386,-0.5279,0.9331,-0.0889,1.076
37.340347925,-0.5149,0.9094,-0.0784,1.048
37.342782771,-0.5017,0.8873,-0.0689,1.022
37.345524925,-0.4821,0.8600,-0.0596,0.988
37.348086463,-0.4614,0.8312,-0.0550,0.952
37.350479309,-0.4355,0.8034,-0.0501,0.915
37.35236454,-0.4087,0.7728,-0.0379,0.875
37.354860617,-0.3822,0.7477,-0.0288,0.840
37.358011925,-0.3561,0.7284,-0.0166,0.811
37.359710463,-0.3305,0.7098,-0.0105,0.783
37.361982463,-0.3034,0.7017,-0.0268,0.765
37.364912233,-0.2782,0.6914,-0.0188,0.746
37.367322156,-0.2545,0.6900,0.0029,0.735
37.36997754,-0.2322,0.6878,0.0253,0.726
37.372002079,-0.2059,0.6912,0.0337,0.722
37.374265771,-0.1846,0.6897,0.0314,0.715
37.376475002,-0.1636,0.6919,0.0300,0.712
37.37907354,-0.1450,0.6888,0.0300,0.705
37.381447925,-0.1285,0.6883,0.0212,0.700
37.384620002,-0.1133,0.6878,0.0160,0.697
37.386410771,-0.1022,0.6890,0.0107,0.697
37.388788002,-0.0896,0.6849,0.0109,0.691
37.391027617,-0.0854,0.6829,0.0080,0.688
37.393530079,-0.0859,0.6792,0.0036,0.685
37.395791694,-0.0869,0.6812,0.0018,0.687
37.398409848,-0.1050,0.6780,-0.0088,0.686
37.40521354,-0.1289,0.6667,-0.0276,0.680
37.406081771,-0.1531,0.6623,-0.0259,0.680
37.406334694,-0.1824,0.6667,-0.0051,0.691
37.413261156,-0.2208,0.6753,0.0055,0.711
37.413633771,-0.2562,0.6832,0.0055,0.730
37.413963309,-0.2904,0.7021,0.0009,0.760
37.415124848,-0.3190,0.7279,-0.0100,0.795
37.422906156,-0.3458,0.7550,-0.0214,0.831
37.423359925,-0.3642,0.7831,-0.0337,0.864
37.423771617,-0.3796,0.8170,-0.0440,0.902
37.42564854,-0.3830,0.8470,-0.0547,0.931
37.42703754,-0.3817,0.8761,-0.0631,0.958
37.429684925,-0.3761,0.9023,-0.0677,0.980
37.433291309,-0.3600,0.9252,-0.0738,0.996
37.434691694,-0.3383,0.9458,-0.0825,1.008
37.437084925,-0.3134,0.9607,-0.0867,1.014
37.439694694,-0.2804,0.9658,-0.0933,1.010
37.442151079,-0.2469,0.9614,-0.1001,0.998
37.444309771,-0.2091,0.9516,-0.1094,0.980
37.44686154,-0.1741,0.9360,-0.1195,0.960
37.449697463,-0.1423,0.9204,-0.1312,0.941
37.451460233,-0.1164,0.9018,-0.1453,0.921
37.453991079,-0.0938,0.8837,-0.1583,0.903
37.456258694,-0.0759,0.8637,-0.1722,0.884
37.458784309,-0.0566,0.8446,-0.1823,0.866
37.460997848,-0.0456,0.8248,-0.1842,0.846
37.464380925,-0.0383,0.8114,-0.1856,0.833
37.466184848,-0.0393,0.7936,-0.1849,0.816
37.46815354,-0.0514,0.7826,-0.1824,0.805
37.470862156,-0.0639,0.7792,-0.1793,0.802
37.473383002,-0.0808,0.7738,-0.1722,0.797
37.475603002,-0.0996,0.7725,-0.1642,0.796
37.478103617,-0.1277,0.7760,-0.1570,0.802
37.480610156,-0.1539,0.7826,-0.1483,0.811
37.482803002,-0.1802,0.7936,-0.1390,0.826
37.48526954,-0.2056,0.8085,-0.1324,0.845
37.487750694,-0.2266,0.8273,-0.1300,0.868
37.490050386,-0.2484,0.8430,-0.1229,0.887
37.492309771,-0.2682,0.8715,-0.1065,0.918
37.494749771,-0.3036,0.9111,-0.1121,0.967
37.497209156,-0.3461,0.9416,-0.1742,1.018
37.499521771,-0.3952,0.9497,-0.2399,1.056
37.502171079,-0.4487,0.9216,-0.1928,1.043
37.504455617,-0.4856,0.8595,-0.1908,1.005
37.51219254,-0.4995,0.7850,-0.4733,1.044
37.512998079,-0.4986,0.7054,-1.0046,1.325
37.513244848,-0.4942,0.6467,-1.5716,1.770
37.514067925,-0.5133,0.6597,-1.9389,2.111
37.525740617,-0.5205,0.7618,-1.8192,2.040
37.526629771,-0.4893,0.9140,-1.4432,1.777
37.52726854,-0.4329,1.0633,-0.9685,1.502
37.52757354,-0.3671,1.2172,-0.5551,1.387
37.527885463,-0.2904,1.3765,-0.2469,1.428
37.528477848,-0.3393,1.5656,-0.0222,1.602
37.531064617,-0.4944,1.8011,0.3967,1.909
37.533774079,-0.6023,1.9934,0.9985,2.309
37.535891309,-0.6063,2.1132,1.4387,2.627
37.53810054,-0.5059,2.1579,1.4025,2.623
37.540542694,-0.3249,2.1808,1.0493,2.442
37.543487694,-0.1143,2.2111,0.6424,2.305
37.545552617,0.1502,2.2062,0.5475,2.278
37.549028233,0.4950,2.1624,0.7392,2.338
37.549986156,0.8343,2.1119,1.0053,2.483
37.552446771,1.0484,2.1239,1.1233,2.621
37.556880233,1.1180,2.1720,0.8025,2.571
37.557697848,1.0808,2.2700,0.1749,2.520
37.559719386,1.0049,2.4447,-0.5047,2.691
37.562701848,0.9101,2.6531,-1.2113,3.055
37.565405156,0.9020,2.8519,-1.6841,3.433
37.567112309,0.9171,3.0522,-1.6526,3.590
37.569494386,0.9443,3.2426,-1.1334,3.562
37.572447925,0.9582,3.4395,-0.3726,3.590
37.575098156,1.1185,3.5830,0.4961,3.786
37.576872233,1.2734,3.6525,1.2012,4.050
37.579710079,1.3855,3.5313,1.5552,4.100
37.581790156,1.5546,3.2726,1.6987,4.002
37.583891079,1.6875,2.9511,1.6332,3.771
37.586602694,1.6682,2.5937,1.4096,3.391
37.590150079,1.5113,2.2478,1.0583,2.908
37.591461463,1.1977,1.9536,0.6579,2.384
37.593520309,0.9455,1.6472,0.3129,1.925
37.596100617,0.6990,1.4173,-0.1131,1.584
37.598463925,0.4964,1.2040,-0.4358,1.373
37.600752925,0.2853,1.0137,-0.6552,1.240
37.603767694,0.0867,0.8321,-0.7943,1.154
37.610719002,-0.0961,0.6900,-0.8895,1.130
37.612106156,-0.2834,0.5715,-0.9523,1.146
37.612744848,-0.4809,0.4941,-0.8807,1.119
37.613083079,-0.6645,0.4764,-0.7882,1.136
37.621364848,-0.8052,0.4918,-0.7330,1.195
37.622183079,-0.9053,0.4924,-0.6261,1.206
37.622372617,-1.0038,0.4699,-0.6669,1.294
37.622541233,-1.1760,0.4340,-0.6636,1.418
37.625379694,-1.3903,0.3846,-0.6736,1.592
37.627231925,-1.6249,0.3198,-0.6978,1.797
37.629855386,-1.8387,0.2385,-0.7544,2.002
37.63192954,-2.0290,0.1549,-0.7877,2.182
37.634374463,-2.2032,0.0899,-0.8187,2.352
37.637066694,-2.3236,0.0572,-0.8084,2.461
37.639555309,-2.3910,0.0585,-0.8013,2.522
37.641618771,-2.4154,0.0923,-0.7540,2.532
37.644817848,-2.3724,0.1617,-0.6716,2.471
37.646823002,-2.2283,0.2609,-0.5734,2.316
37.649011079,-2.0627,0.4188,-0.4722,2.157
37.651378386,-1.9419,0.5901,-0.4043,2.069
37.653921771,-1.8408,0.7506,-0.3774,2.023
37.663145771,-1.7467,0.8879,-0.3799,1.996
37.66450454,-1.6481,1.0010,-0.4004,1.969
37.66528054,-1.5506,1.0885,-0.4358,1.944
37.665741233,-1.4499,1.1524,-0.4571,1.908
37.666133233,-1.3615,1.2060,-0.4661,1.878
37.668448617,-1.2750,1.2385,-0.4666,1.838
37.670895694,-1.1895,1.2583,-0.4722,1.795
37.673164309,-1.0996,1.2604,-0.4891,1.743
37.675457848,-1.0073,1.2467,-0.5133,1.683
37.67817354,-0.9046,1.2231,-0.5458,1.616
37.680544848,-0.7924,1.1891,-0.5821,1.543
37.682620002,-0.6801,1.1430,-0.6068,1.462
37.685113233,-0.5576,1.1011,-0.6191,1.381
37.687705771,-0.4399,1.0633,-0.6210,1.308
37.690207309,-0.3229,1.0345,-0.6030,1.240
37.69232054,-0.2210,1.0117,-0.5737,1.184
37.695089848,-0.1336,1.0061,-0.5348,1.147
37.699591925,-0.0583,1.0137,-0.4698,1.119
37.700149463,0.0021,1.0303,-0.4268,1.115
37.702207617,0.0535,1.0555,-0.3874,1.126
37.706750079,0.0990,1.0909,-0.3450,1.148
37.707210463,0.1427,1.1207,-0.3124,1.172
37.709389233,0.1747,1.1568,-0.2646,1.199
37.711663002,0.1922,1.2003,-0.2143,1.234
37.717311309,0.2077,1.2446,-0.1688,1.273
37.717718694,0.2248,1.2744,-0.1260,1.300
37.719475925,0.2282,1.3093,-0.0787,1.331
37.721439309,0.2213,1.3511,-0.0312,1.369
37.723624002,0.2079,1.3814,0.0200,1.397
37.726009771,0.1803,1.3953,0.0801,1.409
37.728436002,0.1275,1.3875,0.1094,1.398
37.731031079,0.0489,1.3660,0.1013,1.371
37.733183617,-0.0324,1.3331,0.0681,1.335
37.735712233,-0.1152,1.2961,0.0285,1.302
37.738270771,-0.1905,1.2536,-0.0114,1.268
37.74054954,-0.2594,1.2018,-0.0461,1.230
37.743483309,-0.3197,1.1491,-0.0682,1.195
37.745612617,-0.3825,1.0887,-0.0808,1.157
37.747876002,-0.4299,1.0279,-0.1016,1.119
37.750162156,-0.4693,0.9704,-0.1102,1.084
37.752895386,-0.5117,0.9218,-0.1043,1.059
37.755313463,-0.5423,0.8824,-0.1011,1.041
37.757608925,-0.5680,0.8478,-0.0989,1.025
37.760315002,-0.5818,0.8204,-0.0989,1.011
37.762863617,-0.5860,0.8016,-0.1021,0.998
37.764608233,-0.5762,0.7820,-0.1036,0.977
37.767327617,-0.5557,0.7662,-0.1046,0.952
37.769800233,-0.5271,0.7618,-0.1106,0.933
37.771985233,-0.4924,0.7650,-0.1114,0.917
37.775008002,-0.4578,0.7704,-0.1073,0.903
37.777701771,-0.4209,0.7841,-0.0943,0.895
37.779980925,-0.3847,0.7969,-0.0787,0.888
37.781540233,-0.3473,0.8078,-0.0594,0.881
37.784231079,-0.3124,0.8180,-0.0442,0.877
37.786960309,-0.2799,0.8248,-0.0310,0.872
37.788936309,-0.2475,0.8302,-0.0288,0.867
37.791182079,-0.2159,0.8312,-0.0319,0.859
37.793611002,-0.1909,0.8283,-0.0415,0.851
37.796104002,-0.1721,0.8239,-0.0594,0.844
37.799136233,-0.1546,0.8212,-0.0840,0.840
37.801155309,-0.1455,0.8153,-0.1102,0.835
37.807918694,-0.1374,0.8104,-0.1360,0.833
37.808509848,-0.1304,0.8050,-0.1563,0.830
37.808906079,-0.1311,0.8016,-0.1688,0.830
37.811554463,-0.1311,0.7974,-0.1744,0.827
37.818730771,-0.1287,0.7990,-0.1791,0.829
37.819148002,-0.1311,0.8016,-0.1812,0.832
37.819311309,-0.1294,0.8034,-0.1805,0.834
37.829187694,-0.1228,0.8065,-0.1817,0.836
37.829638771,-0.1147,0.8129,-0.1803,0.840
37.829914771,-0.1028,0.8195,-0.1798,0.845
37.830082771,-0.0864,0.8312,-0.1820,0.855
37.830471925,-0.0722,0.8417,-0.1815,0.864
37.832134463,-0.0500,0.8535,-0.1791,0.873
37.834768309,-0.0307,0.8666,-0.1763,0.885
37.837856309,-0.0083,0.8815,-0.1766,0.899
37.839351694,0.0151,0.9010,-0.1756,0.918
37.842853463,0.0408,0.9152,-0.1774,0.933
37.844295925,0.0635,0.9306,-0.1715,0.948
37.846829848,0.0857,0.9455,-0.1670,0.964
37.849155386,0.1102,0.9604,-0.1579,0.980
37.852051079,0.1334,0.9727,-0.1456,0.992
37.854263309,0.1558,0.9846,-0.1327,1.006
37.856367079,0.1784,0.9923,-0.1192,1.015
37.859015079,0.1952,1.0010,-0.1080,1.026
37.862317771,0.2145,1.0032,-0.0957,1.030
37.863685156,0.2269,1.0088,-0.0860,1.038
37.866556617,0.2397,1.0147,-0.0808,1.046
37.869030156,0.2455,1.0103,-0.0840,1.043
37.870991694,0.2482,1.0007,-0.1018,1.036
37.874023694,0.2492,0.9923,-0.1223,1.030
37.875927925,0.2404,0.9776,-0.1490,1.018
37.879107925,0.2280,0.9616,-0.1725,1.003
37.880502694,0.2133,0.9436,-0.1971,0.987
37.883129156,0.1930,0.9269,-0.2140,0.971
37.887375386,0.1679,0.9103,-0.2262,0.953
37.888200233,0.1376,0.8942,-0.2262,0.933
37.890586079,0.1111,0.8761,-0.2175,0.910
37.892859617,0.0782,0.8610,-0.2042,0.888
37.895094771,0.0486,0.8424,-0.1812,0.863
37.897554386,0.0195,0.8204,-0.1517,0.835
37.900061848,-0.0143,0.7924,-0.1234,0.802
37.902491002,-0.0495,0.7594,-0.1048,0.768
37.908946156,-0.0884,0.7228,-0.0885,0.733
37.909832309,-0.1272,0.6860,-0.0728,0.702
37.910085156,-0.1636,0.6416,-0.0517,0.664
37.921239079,-0.2030,0.5986,-0.0366,0.633
37.922021463,-0.2582,0.5578,-0.0274,0.615
37.922329848,-0.3080,0.5263,-0.0259,0.610
37.922591925,-0.3598,0.5013,-0.0271,0.618
37.922882079,-0.4043,0.4857,-0.0242,0.632
37.924888002,-0.4409,0.4860,-0.0134,0.656
37.926431002,-0.4714,0.4994,-0.0132,0.687
37.929221156,-0.4922,0.5204,-0.0242,0.717
37.931132002,-0.5042,0.5600,-0.0433,0.755
37.933638463,-0.5076,0.6071,-0.0811,0.795
37.936330771,-0.5047,0.6653,-0.1069,0.842
37.93917754,-0.4912,0.7401,-0.1246,0.897
37.941350386,-0.4705,0.8216,-0.1146,0.954
37.944705233,-0.4382,0.9084,-0.0916,1.013
37.946035079,-0.3996,0.9890,-0.0657,1.069
37.948180309,-0.3579,1.0685,-0.0522,1.128
37.950724925,-0.3139,1.1339,-0.0574,1.178
37.953281156,-0.2716,1.1950,-0.0794,1.228
37.955227694,-0.2315,1.2490,-0.1146,1.275
37.957793463,-0.2124,1.2991,-0.1622,1.326
37.961892925,-0.2115,1.3399,-0.2182,1.374
37.962764617,-0.2010,1.3594,-0.2699,1.400
37.96520554,-0.2091,1.3699,-0.2968,1.417
37.967713233,-0.2086,1.3636,-0.3249,1.417
37.971472002,-0.2249,1.3387,-0.3428,1.400
37.97268854,-0.2477,1.2996,-0.3513,1.369
37.974749463,-0.2753,1.2483,-0.3550,1.327
37.978086386,-0.3009,1.1952,-0.3569,1.283
37.979372309,-0.3358,1.1483,-0.3435,1.245
37.982301848,-0.3659,1.1070,-0.3171,1.208
37.984331079,-0.3969,1.0813,-0.2732,1.184
37.986796309,-0.4204,1.0650,-0.2103,1.164
37.989350156,-0.4427,1.0608,-0.1324,1.157
37.991801233,-0.4570,1.0689,-0.0584,1.164
37.994467694,-0.4624,1.0736,-0.0017,1.169
37.996222771,-0.4526,1.0780,0.0344,1.170
37.998689233,-0.4306,1.0794,0.0466,1.163
38.001433463,-0.4015,1.0738,0.0234,1.147
38.003926694,-0.3712,1.0643,-0.0263,1.127
38.005986156,-0.3407,1.0506,-0.0920,1.108
38.00871131,-0.3151,1.0413,-0.1651,1.100
38.015339002,-0.2967,1.0487,-0.2413,1.116
38.016027617,-0.2962,1.0748,-0.3056,1.156
38.016582079,-0.3080,1.1153,-0.3433,1.207
38.018457848,-0.3263,1.1779,-0.3496,1.271
38.029052925,-0.3435,1.2539,-0.3061,1.336
38.029905463,-0.3566,1.3264,-0.2240,1.392
38.030083002,-0.3571,1.3885,-0.1221,1.439
38.030243617,-0.3398,1.4330,-0.0014,1.473
38.030509233,-0.3075,1.4547,0.1180,1.492
38.032342079,-0.2625,1.4393,0.2115,1.478
38.03644154,-0.2071,1.3831,0.2511,1.421
38.037327079,-0.1509,1.2954,0.2350,1.325
38.039860233,-0.0959,1.1810,0.1644,1.196
38.042337848,-0.0409,1.0450,0.0527,1.047
38.044638079,-0.0146,0.9140,-0.0610,0.916
38.047058694,-0.0124,0.7965,-0.1612,0.813
38.04985354,-0.0434,0.7076,-0.2338,0.746
38.052341463,-0.1064,0.6474,-0.2812,0.714
38.054436233,-0.1881,0.6220,-0.3049,0.718
38.05730831,-0.2918,0.6292,-0.3068,0.758
38.059563079,-0.4015,0.6578,-0.2895,0.823
38.062500002,-0.5084,0.7105,-0.2595,0.911
38.064154771,-0.6141,0.7748,-0.2296,1.015
38.066962079,-0.7138,0.8535,-0.2020,1.131
38.069129156,-0.7968,0.9367,-0.1861,1.244
38.070945156,-0.8636,1.0186,-0.1840,1.348
38.073579079,-0.9161,1.0978,-0.2030,1.444
38.07714431,-0.9430,1.1661,-0.2426,1.519
38.078213771,-0.9533,1.2221,-0.2790,1.575
38.080785156,-0.9410,1.2626,-0.3049,1.604
38.08330054,-0.9083,1.2876,-0.3168,1.607
38.08583531,-0.8672,1.3035,-0.3181,1.598
38.088089848,-0.8145,1.2996,-0.3191,1.567
38.090415386,-0.7595,1.2842,-0.3161,1.525
38.09382431,-0.7136,1.2604,-0.3115,1.482
38.09528431,-0.6726,1.2229,-0.3024,1.428
38.097659002,-0.6383,1.1726,-0.3026,1.369
38.100046771,-0.6088,1.1160,-0.3179,1.310
38.102756848,-0.5865,1.0511,-0.3357,1.250
38.10481354,-0.5746,0.9846,-0.3557,1.194
38.107343079,-0.5769,0.9150,-0.3533,1.138
38.113886771,-0.5887,0.8481,-0.3433,1.088
38.114967079,-0.6088,0.7836,-0.3450,1.051
38.11553931,-0.6168,0.7095,-0.3547,1.005
38.117697156,-0.6274,0.6176,-0.4258,0.978
38.125170463,-0.6412,0.5278,-0.4622,0.950
38.126043002,-0.6717,0.4549,-0.4628,0.934
38.126654463,-0.7267,0.4063,-0.4412,0.942
38.126868617,-0.8079,0.3697,-0.4160,0.981
38.130563386,-0.9078,0.3420,-0.4009,1.050
38.133326079,-1.0204,0.3173,-0.3913,1.138
38.13398054,-1.1338,0.3040,-0.3782,1.233
38.136052848,-1.2447,0.2879,-0.3652,1.329
38.138377771,-1.3532,0.2726,-0.3543,1.425
38.141031002,-1.4436,0.2546,-0.3312,1.503
38.143614771,-1.5026,0.2316,-0.3081,1.551
38.145752617,-1.5349,0.2025,-0.3014,1.577
38.148123694,-1.5340,0.1718,-0.3112,1.575
38.150807617,-1.5086,0.1317,-0.3240,1.549
38.152983079,-1.4521,0.0874,-0.3173,1.489
38.155818156,-1.3698,0.0364,-0.3026,1.403
38.158913771,-1.2684,-0.0180,-0.2783,1.299
38.160540002,-1.1553,-0.0690,-0.2059,1.176
38.162892002,-1.0231,-0.1310,-0.0994,1.036
38.165316848,-0.8985,-0.1929,0.0165,0.919
38.16785754,-0.7805,-0.2564,0.1309,0.832
38.170188233,-0.6586,-0.3165,0.2184,0.763
38.172440617,-0.5291,-0.3698,0.2589,0.695
38.176356617,-0.3975,-0.4108,0.2496,0.624
38.177139386,-0.2845,-0.4485,0.2084,0.571
38.179741463,-0.1714,-0.4772,0.1663,0.534
38.182644233,-0.0644,-0.4939,0.1196,0.512
38.185045463,0.0268,-0.4909,0.0759,0.497
38.187288617,0.0889,-0.4590,0.0183,0.468
38.189602386,0.1292,-0.4003,-0.0403,0.423
38.192245463,0.1551,-0.3339,-0.0999,0.381
38.193934771,0.1649,-0.2498,-0.1635,0.341
38.196369233,0.1681,-0.1657,-0.2045,0.312
38.198953771,0.1624,-0.0763,-0.2318,0.293
38.201685156,0.1612,0.0064,-0.2453,0.294
38.203651079,0.1544,0.0899,-0.2445,0.303
38.206555386,0.1458,0.1696,-0.2320,0.322
38.213051386,0.1290,0.2488,-0.2150,0.353
38.213743617,0.1009,0.3262,-0.2008,0.396
38.21416954,0.0608,0.4002,-0.1945,0.449
38.216571386,0.0105,0.4676,-0.1922,0.506
38.22568031,-0.0351,0.5321,-0.1976,0.569
38.226851617,-0.0761,0.5879,-0.2001,0.626
38.227587002,-0.1355,0.6421,-0.2033,0.687
38.228271694,-0.1924,0.6834,-0.2182,0.743
38.228687617,-0.2471,0.7135,-0.2350,0.791
38.230715694,-0.3039,0.7354,-0.2413,0.832
38.234317233,-0.3525,0.7545,-0.2546,0.871
38.235402694,-0.3943,0.7669,-0.2658,0.902
38.237463002,-0.4229,0.7674,-0.2714,0.917
38.240432002,-0.4514,0.7774,-0.2599,0.936
38.243223002,-0.4849,0.7796,-0.2573,0.953
38.245748617,-0.4979,0.7777,-0.2670,0.961
38.246998079,-0.4578,0.7936,-0.1183,0.924
38.250401156,-0.4231,0.8141,-0.0424,0.918
38.251842694,-0.4094,0.8307,-0.0720,0.929
38.254287617,-0.3801,0.8397,-0.0811,0.925
38.256633848,-0.3414,0.8500,-0.0473,0.917
38.25932054,-0.3654,0.8640,-0.0340,0.939
38.26159254,-0.3735,0.8724,-0.0009,0.949
38.26449354,-0.3915,0.8824,0.0281,0.966
38.26665354,-0.4104,0.8989,0.0493,0.989
38.268655386,-0.4294,0.9071,0.0610,1.005
38.271098156,-0.4551,0.9160,0.0612,1.025
38.274941771,-0.4830,0.9138,0.0539,1.035
38.27596954,-0.5128,0.9055,0.0451,1.042
38.278411002,-0.5506,0.8925,0.0383,1.049
38.281242156,-0.5831,0.8759,0.0185,1.052
38.283107617,-0.6139,0.8619,0.0009,1.058
38.285581233,-0.6393,0.8463,-0.0256,1.061
38.288036002,-0.6589,0.8270,-0.0513,1.059
38.290772233,-0.6696,0.8014,-0.0696,1.047
38.293144002,-0.6733,0.7755,-0.0780,1.030
38.296189848,-0.6647,0.7438,-0.0747,1.000
38.29768431,-0.6512,0.7149,-0.0703,0.970
38.300611925,-0.6391,0.6885,-0.0679,0.942
38.302421848,-0.6242,0.6699,-0.0666,0.918
38.305650386,-0.6102,0.6578,-0.0642,0.900
38.309354694,-0.5970,0.6436,-0.0613,0.880
38.310234156,-0.5902,0.6421,-0.0561,0.874
38.312066156,-0.5797,0.6480,-0.0481,0.871
38.314535386,-0.5767,0.6592,-0.0415,0.877
38.31782454,-0.5741,0.6763,-0.0368,0.888
38.319261463,-0.5767,0.6995,-0.0340,0.907
38.321782079,-0.5772,0.7217,-0.0259,0.925
38.328289156,-0.5778,0.7486,-0.0158,0.946
38.329278386,-0.5811,0.7785,-0.0114,0.972
38.32964831,-0.5804,0.8014,-0.0132,0.990
38.332793463,-0.5853,0.8270,-0.0124,1.013
38.33394731,-0.5907,0.8475,-0.0207,1.033
38.336335694,-0.5939,0.8723,-0.0398,1.056
38.339092233,-0.6068,0.8969,-0.0591,1.085
38.342331079,-0.6195,0.9184,-0.0796,1.111
38.343418463,-0.6370,0.9390,-0.1053,1.140
38.346029848,-0.6564,0.9629,-0.1381,1.173
38.348890463,-0.6779,0.9846,-0.1647,1.207
38.350647694,-0.7076,1.0079,-0.1920,1.246
38.353246079,-0.7402,1.0347,-0.2215,1.291
38.355691925,-0.7758,1.0633,-0.2467,1.339
38.357960617,-0.8128,1.0843,-0.2726,1.382
38.360596617,-0.8508,1.1048,-0.2956,1.425
38.36306454,-0.8814,1.1185,-0.3200,1.460
38.36668454,-0.9137,1.1307,-0.3386,1.493
38.367725156,-0.9405,1.1374,-0.3522,1.517
38.37033631,-0.9726,1.1370,-0.3918,1.547
38.372755002,-1.0206,1.1488,-0.4439,1.599
38.375850079,-1.0243,1.1281,-0.3247,1.558
38.378106156,-1.0434,1.1165,-0.3247,1.562
38.379687925,-1.0541,1.0995,-0.3098,1.554
38.382204233,-1.0530,1.0716,-0.3144,1.535
38.384562386,-1.0509,1.0386,-0.3268,1.513
38.387071617,-1.0360,1.0071,-0.3032,1.476
38.390962694,-1.0067,0.9700,-0.2695,1.424
38.391813771,-0.9669,0.9387,-0.2377,1.368
38.394504925,-0.9237,0.9069,-0.2115,1.312
38.397334386,-0.8778,0.8728,-0.1905,1.252
38.399732002,-0.8294,0.8430,-0.1700,1.195
38.401455386,-0.7779,0.8067,-0.1619,1.132
38.40396054,-0.7169,0.7647,-0.1537,1.059
38.40636054,-0.6593,0.7279,-0.1419,0.992
38.409136617,-0.6000,0.6995,-0.1334,0.931
38.41143531,-0.5462,0.6727,-0.1288,0.876
38.413619617,-0.4907,0.6553,-0.1241,0.828
38.416810156,-0.4421,0.6431,-0.1214,0.790
38.418890694,-0.3943,0.6311,-0.1211,0.754
38.42103531,-0.3519,0.6255,-0.1221,0.728
38.429783694,-0.3197,0.6269,-0.1209,0.714
38.430365156,-0.2914,0.6289,-0.1170,0.703
38.430583617,-0.2701,0.6355,-0.1114,0.699
38.430794463,-0.2555,0.6429,-0.1029,0.699
38.439490079,-0.2401,0.6555,-0.0997,0.705
38.440441233,-0.2330,0.6687,-0.0913,0.714
38.440720617,-0.2252,0.6851,-0.0848,0.726
38.441248617,-0.2186,0.7098,-0.0764,0.747
38.442388233,-0.2175,0.7261,-0.0792,0.762
38.444961771,-0.2171,0.7466,-0.0840,0.782
38.448958386,-0.2212,0.7684,-0.0877,0.804
38.450012233,-0.2220,0.7875,-0.0850,0.823
38.451964002,-0.2266,0.8041,-0.0848,0.840
38.454622386,-0.2184,0.8200,-0.1174,0.857
38.456725156,-0.2100,0.8356,-0.1316,0.872
38.459493848,-0.2081,0.8554,-0.1123,0.887
38.461834694,-0.2212,0.8724,-0.0774,0.903
38.464924848,-0.2384,0.8871,-0.0566,0.920
38.466476002,-0.2482,0.8971,-0.0476,0.932
38.469001463,-0.2547,0.9057,-0.0489,0.942
38.471493156,-0.2601,0.9157,-0.0566,0.954
38.473991925,-0.2633,0.9208,-0.0694,0.960
38.476225463,-0.2780,0.9216,-0.0823,0.966
38.478855002,-0.2821,0.9131,-0.0945,0.960
38.481627925,-0.2782,0.9026,-0.1038,0.950
38.483444233,-0.2701,0.8849,-0.1114,0.932
38.486276848,-0.2655,0.8637,-0.1094,0.910
38.488444925,-0.2454,0.8327,-0.1139,0.876
38.49079754,-0.2273,0.7918,-0.1116,0.831
38.493199617,-0.1983,0.7528,-0.1060,0.786
38.495649233,-0.1763,0.7179,-0.0918,0.745
38.498095925,-0.1616,0.6829,-0.0818,0.706
38.500279079,-0.1378,0.6529,-0.0669,0.671
38.502995694,-0.1243,0.6225,-0.0547,0.637
38.506407079,-0.1052,0.6013,-0.0464,0.612
38.507987617,-0.0926,0.5847,-0.0391,0.593
38.510056617,-0.0828,0.5796,-0.0359,0.587
38.512511925,-0.0820,0.5775,-0.0396,0.585
38.519406156,-0.0915,0.5842,-0.0479,0.593
38.520256233,-0.1089,0.6028,-0.0571,0.615
38.52048154,-0.1343,0.6318,-0.0582,0.649
38.531582079,-0.1632,0.6687,-0.0645,0.691
38.532486386,-0.1865,0.7061,-0.0708,0.734
38.532752233,-0.2071,0.7506,-0.0804,0.783
38.533247002,-0.2222,0.7924,-0.0906,0.828
38.533476617,-0.2347,0.8325,-0.0992,0.871
38.535081848,-0.2408,0.8724,-0.1082,0.912
38.537642386,-0.2442,0.9055,-0.1085,0.944
38.53930431,-0.2482,0.9362,-0.1058,0.974
38.541902463,-0.2526,0.9611,-0.1104,1.000
38.543519002,-0.2574,0.9842,-0.0994,1.022
38.547128233,-0.2567,0.9949,-0.0675,1.030
38.548627002,-0.2571,1.0012,-0.0489,1.035
38.550859079,-0.2508,1.0022,-0.0454,1.034
38.553571386,-0.2459,1.0030,-0.0342,1.033
38.556139617,-0.2550,1.0142,-0.0119,1.046
38.558077771,-0.2848,1.0415,-0.0298,1.080
38.560453848,-0.3214,1.0515,-0.1036,1.104
38.564106079,-0.3581,1.0210,-0.2133,1.103
38.565483694,-0.3833,0.9467,-0.3049,1.066
38.567864002,-0.3950,0.8388,-0.3792,1.002
38.57040054,-0.3982,0.7139,-0.5676,0.995
38.57313354,-0.3910,0.6203,-0.9667,1.213
38.575528925,-0.3850,0.5737,-1.4791,1.632
38.577722156,-0.3617,0.6323,-1.7869,1.930
38.580495694,-0.3176,0.8260,-1.7046,1.921
38.582258156,-0.2946,1.0929,-1.1956,1.646
38.584880233,-0.2584,1.3753,-0.4815,1.480
38.587314156,-0.1614,1.6122,0.3955,1.668
38.589719386,-0.0468,1.7579,1.2266,2.144
38.59190031,-0.0095,1.8519,1.8049,2.586
38.594945156,-0.0913,1.9333,2.0539,2.822
38.59737931,-0.1763,1.9621,1.7488,2.634
38.599532233,-0.1397,1.9201,0.9645,2.153
38.601904617,0.0305,1.8114,0.1970,1.822
38.609231079,0.2147,1.7086,-0.3061,1.749
38.610265156,0.3983,1.6474,-0.6589,1.818
38.610709771,0.5612,1.6198,-0.6694,1.840
38.61116831,0.6217,1.6477,-0.3506,1.796
38.618340848,0.5817,1.7569,-0.0561,1.852
38.619073848,0.4784,1.9066,-0.1920,1.975
38.619262156,0.3105,2.0958,-0.5511,2.189
38.627507002,0.1246,2.2275,-1.1307,2.501
38.628260848,-0.0295,2.2313,-1.6228,2.759
38.628571925,-0.1216,2.1449,-1.6985,2.739
38.628993156,-0.0752,2.0027,-1.4332,2.464
38.631517233,0.0554,1.8849,-0.9574,2.115
38.63297531,0.1969,1.8332,-0.5553,1.926
38.635323002,0.3107,1.8668,-0.0999,1.895
38.638108848,0.2966,1.9998,0.3845,2.058
38.640178079,0.2010,2.1947,0.7903,2.341
38.643271079,0.1221,2.3880,0.9792,2.584
38.645040617,0.0505,2.5460,0.8956,2.699
38.647748848,-0.0270,2.6587,0.7468,2.762
38.649868233,-0.0735,2.7212,0.6048,2.789
38.654836233,-0.0732,2.7324,0.4939,2.778
38.655837233,-0.0075,2.7137,0.4451,2.750
38.657454463,0.1067,2.6762,0.4125,2.710
38.659716925,0.2485,2.6179,0.3766,2.656
38.663257463,0.4163,2.5248,0.2657,2.573
38.664456925,0.5756,2.3878,0.1289,2.460
38.673783694,0.7024,2.2043,0.0006,2.313
38.674405156,0.7759,1.9875,-0.1078,2.136
38.674849156,0.7894,1.7493,-0.1561,1.925
38.675284617,0.7207,1.5221,-0.1642,1.692
38.677321463,0.5979,1.3250,-0.1316,1.460
38.678707002,0.4272,1.1635,-0.1278,1.246
38.68110954,0.2233,1.0452,-0.1700,1.082
38.683556617,-0.0116,0.9588,-0.2529,0.992
38.686137156,-0.2576,0.8905,-0.3315,0.985
38.688354156,-0.5017,0.8344,-0.3829,1.046
38.690757463,-0.7719,0.8058,-0.4226,1.193
38.693295002,-0.9967,0.7811,-0.4339,1.339
38.69565931,-1.1690,0.7496,-0.4212,1.451
38.698055386,-1.3148,0.7219,-0.4014,1.553
38.70071631,-1.4360,0.6973,-0.3831,1.642
38.702859694,-1.5188,0.6736,-0.3764,1.704
38.707235617,-1.5587,0.6525,-0.3638,1.728
38.707947386,-1.5491,0.6345,-0.3718,1.715
38.710281771,-1.5200,0.6225,-0.3867,1.687
38.714507617,-1.4660,0.6187,-0.4095,1.643
38.715017463,-1.3859,0.6267,-0.4708,1.592
38.717482386,-1.2950,0.6331,-0.5524,1.544
38.724203617,-1.2293,0.6478,-0.6515,1.535
38.724986463,-1.1674,0.6753,-0.7132,1.526
38.725334694,-1.1179,0.7179,-0.7668,1.534
38.726940233,-1.0942,0.7728,-0.7877,1.554
38.72932054,-1.0942,0.8312,-0.7757,1.578
38.732678694,-1.1164,0.8964,-0.7432,1.613
38.735144617,-1.1492,0.9580,-0.6943,1.649
38.74129531,-1.1916,1.0112,-0.6286,1.685
38.746479386,-1.2356,1.0569,-0.5590,1.719
38.747098771,-1.2701,1.0870,-0.4935,1.743
38.74720731,-1.2852,1.1007,-0.4332,1.747
38.747306156,-1.2711,1.0924,-0.3916,1.721
38.748713848,-1.2328,1.0701,-0.3724,1.674
38.751222079,-1.1716,1.0361,-0.3701,1.607
38.755693463,-1.0986,1.0027,-0.3740,1.534
38.756760617,-1.0178,0.9651,-0.3785,1.453
38.759420848,-0.9337,0.9304,-0.3801,1.372
38.760963925,-0.8436,0.8959,-0.3836,1.289
38.764624002,-0.7553,0.8654,-0.3762,1.209
38.76533531,-0.6713,0.8412,-0.3633,1.136
38.768015002,-0.5862,0.8190,-0.3445,1.064
38.770373771,-0.5064,0.8034,-0.3212,1.003
38.772872848,-0.4350,0.7955,-0.3032,0.956
38.775211386,-0.3703,0.7921,-0.2821,0.919
38.778000002,-0.3102,0.8014,-0.2744,0.902
38.779851925,-0.2648,0.8172,-0.2719,0.901
38.78226831,-0.2200,0.8405,-0.2597,0.907
38.784646771,-0.1826,0.8566,-0.2325,0.906
38.787105771,-0.1446,0.8691,-0.2066,0.905
38.789935694,-0.1169,0.8833,-0.1979,0.913
38.792077771,-0.0478,0.9087,-0.1898,0.930
38.79491354,-0.0195,0.9292,-0.2101,0.953
38.797131694,-0.0432,0.9639,-0.1905,0.983
38.799306079,-0.0673,1.0015,-0.1637,1.017
38.803057771,-0.0915,1.0249,-0.1421,1.039
38.804137233,-0.1199,1.0526,-0.0957,1.064
38.80675631,-0.1578,1.0809,-0.0948,1.096
38.809601156,-0.1878,1.0960,-0.1080,1.117
38.81438731,-0.2035,1.0987,-0.1197,1.124
38.815008617,-0.2112,1.0990,-0.1397,1.128
38.816231617,-0.2122,1.0951,-0.1649,1.128
38.820789848,-0.2140,1.0887,-0.1771,1.124
38.821155694,-0.2152,1.0755,-0.1752,1.111
38.823254463,-0.2124,1.0657,-0.1737,1.100
38.826749771,-0.2074,1.0515,-0.1742,1.086
38.830959386,-0.2005,1.0371,-0.1864,1.073
38.831392848,-0.1958,1.0277,-0.1725,1.060
38.833595002,-0.2037,1.0168,-0.1730,1.051
38.835404617,-0.2083,1.0063,-0.1397,1.037
38.837740617,-0.2305,1.0054,-0.1029,1.037
38.840505463,-0.2386,1.0003,-0.1099,1.034
38.842790463,-0.2296,0.9846,-0.1172,1.018
38.845670694,-0.2175,0.9672,-0.1309,1.000
38.84761654,-0.2086,0.9499,-0.1421,0.983
38.850051694,-0.2002,0.9369,-0.1517,0.970
38.85362331,-0.1898,0.9192,-0.1703,0.954
38.85476554,-0.1760,0.9020,-0.1859,0.938
38.85770154,-0.1665,0.8898,-0.1866,0.924
38.860678386,-0.1546,0.8796,-0.1922,0.914
38.862106386,-0.1416,0.8656,-0.1994,0.899
38.864564617,-0.1233,0.8544,-0.2096,0.888
38.86702054,-0.1071,0.8426,-0.2122,0.876
38.869698156,-0.0913,0.8337,-0.2147,0.866
38.871628233,-0.0784,0.8236,-0.2171,0.855
38.874118386,-0.0681,0.8116,-0.2228,0.844
38.877538463,-0.0574,0.8055,-0.2308,0.840
38.878887925,-0.0507,0.7941,-0.2406,0.831
38.881242156,-0.0439,0.7887,-0.2521,0.829
38.883660233,-0.0427,0.7806,-0.2614,0.824
38.886313156,-0.0397,0.7772,-0.2697,0.824
38.888398463,-0.0402,0.7723,-0.2751,0.821
38.891040848,-0.0414,0.7633,-0.2748,0.812
38.893861233,-0.0427,0.7601,-0.2753,0.810
38.895757233,-0.0488,0.7528,-0.2744,0.803
38.898282694,-0.0532,0.7459,-0.2809,0.799
38.902052002,-0.0639,0.7396,-0.2909,0.797
38.902953848,-0.0737,0.7264,-0.3037,0.791
38.90535254,-0.0903,0.7149,-0.3217,0.789
38.908037771,-0.1076,0.7079,-0.3317,0.789
38.91393654,-0.1333,0.7005,-0.3391,0.790
38.914806694,-0.1646,0.6983,-0.3447,0.796
38.915207002,-0.1905,0.6995,-0.3430,0.802
38.921476925,-0.2212,0.7056,-0.3381,0.813
38.922125463,-0.2520,0.7161,-0.3305,0.828
38.922307617,-0.2806,0.7296,-0.3219,0.845
38.924670079,-0.3065,0.7396,-0.3068,0.857
38.931442386,-0.3263,0.7542,-0.2895,0.871
38.931987079,-0.3446,0.7713,-0.2707,0.887
38.932222463,-0.3588,0.7860,-0.2524,0.900
38.935503694,-0.3656,0.8041,-0.2329,0.913
38.936741463,-0.3644,0.8153,-0.2108,0.918
38.939345771,-0.3596,0.8265,-0.1901,0.921
38.94143654,-0.3439,0.8363,-0.1747,0.921
38.943812617,-0.3258,0.8434,-0.1590,0.918
38.946222694,-0.3026,0.8475,-0.1500,0.912
38.948714386,-0.2711,0.8505,-0.1427,0.904
38.951211079,-0.2371,0.8481,-0.1370,0.891
38.953791694,-0.1983,0.8446,-0.1329,0.878
38.956099694,-0.1602,0.8393,-0.1336,0.865
38.958342386,-0.1255,0.8332,-0.1427,0.855
38.960734386,-0.0874,0.8207,-0.1563,0.840
38.96331631,-0.0563,0.8109,-0.1798,0.833
38.966363925,-0.0297,0.8006,-0.2054,0.827
38.968189848,-0.0050,0.7899,-0.2211,0.820
38.970391617,0.0154,0.7826,-0.2276,0.815
38.972986386,0.0352,0.7774,-0.2284,0.811
38.976390079,0.0454,0.7718,-0.2206,0.804
38.977667925,0.0562,0.7667,-0.2054,0.796
38.980120617,0.0679,0.7618,-0.1881,0.788
38.982639925,0.0720,0.7547,-0.1715,0.777
38.985445233,0.0792,0.7454,-0.1642,0.767
38.987555079,0.0818,0.7284,-0.1526,0.749
38.990035925,0.0808,0.7151,-0.1493,0.735
38.993153233,0.0736,0.6986,-0.1412,0.716
38.994622079,0.0603,0.6827,-0.1397,0.699
38.997184002,0.0412,0.6709,-0.1558,0.690
39.002460925,0.0228,0.6687,-0.1661,0.689
39.003481233,0.0054,0.6692,-0.1619,0.689
39.004473771,-0.0176,0.6753,-0.1688,0.696
39.006822156,-0.0412,0.6795,-0.2020,0.710
39.009866771,-0.0707,0.6860,-0.2558,0.736
39.011587079,-0.1020,0.6895,-0.3173,0.766
39.014504848,-0.1331,0.6941,-0.3689,0.797
39.022813463,-0.1678,0.7083,-0.4065,0.834
39.023365233,-0.2056,0.7240,-0.4378,0.871
39.02396031,-0.2518,0.7471,-0.4600,0.913
39.024687386,-0.3023,0.7750,-0.4737,0.957
39.034351694,-0.3617,0.8087,-0.4828,1.009
39.035606156,-0.4229,0.8430,-0.4768,1.057
39.036168233,-0.4900,0.8828,-0.4603,1.110
39.036610386,-0.5587,0.9250,-0.4260,1.162
39.036899694,-0.6200,0.9614,-0.3801,1.205
39.038126079,-0.6738,1.0017,-0.3240,1.250
39.040472848,-0.7118,1.0338,-0.2629,1.282
39.043954771,-0.7451,1.0664,-0.2106,1.318
39.04579131,-0.7663,1.0967,-0.1605,1.348
39.047686156,-0.7737,1.1265,-0.1195,1.372
39.050280925,-0.7656,1.1542,-0.0882,1.388
39.052384848,-0.7460,1.1835,-0.0533,1.400
39.055018771,-0.7120,1.2108,-0.0271,1.405
39.058424002,-0.6691,1.2375,-0.0063,1.407
39.060545848,-0.6090,1.2604,0.0188,1.400
39.063454386,-0.5467,1.2810,0.0346,1.393
39.064602463,-0.4805,1.2968,0.0424,1.384
39.067339002,-0.4180,1.3115,0.0402,1.377
39.069571002,-0.3593,1.3198,0.0204,1.368
39.072046463,-0.3083,1.3228,-0.0075,1.358
39.074370463,-0.2615,1.3217,-0.0420,1.348
39.076752925,-0.2208,1.3186,-0.0794,1.339
39.079212925,-0.1844,1.3120,-0.1165,1.330
39.081768233,-0.1509,1.3137,-0.1458,1.330
39.083974079,-0.1204,1.3103,-0.1715,1.327
39.086484617,-0.0954,1.3108,-0.1820,1.327
39.088746771,-0.0724,1.3091,-0.1693,1.322
39.092039386,-0.0502,1.3059,-0.1321,1.314
39.093572848,-0.0321,1.2883,-0.0864,1.292
39.096733771,-0.0251,1.2521,-0.0286,1.253
39.098797463,-0.0092,1.1859,0.0111,1.186
39.101842079,-0.0048,1.0902,0.0163,1.090
39.10344954,0.0030,0.9641,-0.0239,0.964
39.105813771,0.0078,0.8004,-0.1062,0.807
39.108614386,-0.0095,0.6215,-0.2094,0.656
39.110421848,-0.0483,0.4266,-0.3181,0.534
39.112937233,-0.1167,0.2280,-0.4207,0.493
39.115279694,-0.2394,0.0662,-0.5103,0.568
39.11925631,-0.3943,-0.0870,-0.5907,0.716
39.120274156,-0.5818,-0.2379,-0.6496,0.904
39.123261156,-0.7795,-0.3783,-0.6631,1.091
39.133238694,-0.9628,-0.5032,-0.6298,1.256
39.134395079,-1.1602,-0.6216,-0.5514,1.427
39.134614156,-1.3505,-0.7164,-0.4344,1.589
39.134822386,-1.5315,-0.8042,-0.3002,1.756
39.13537931,-1.6782,-0.8696,-0.1437,1.896
39.136905463,-1.7790,-0.9227,0.0023,2.004
39.139417156,-1.8086,-0.9595,0.1495,2.053
39.14182431,-1.7644,-0.9607,0.2618,2.026
39.145082079,-1.6579,-0.9170,0.3265,1.923
39.14655354,-1.5051,-0.8300,0.3757,1.759
39.149903925,-1.3490,-0.6986,0.4015,1.571
39.15132954,-1.2237,-0.5247,0.4125,1.394
39.153838079,-1.1338,-0.3162,0.4292,1.253
39.15625654,-1.0842,-0.0819,0.4399,1.173
39.159053156,-1.0719,0.1684,0.4253,1.165
39.161165848,-1.0886,0.4224,0.4067,1.236
39.16380331,-1.1179,0.6670,0.3798,1.356
39.166591386,-1.1509,0.8928,0.3424,1.496
39.168232848,-1.1765,1.1141,0.2836,1.645
39.17075354,-1.2009,1.3257,0.2061,1.801
39.173498386,-1.2340,1.5770,0.1006,2.005
39.175925233,-1.2608,1.8167,-0.0388,2.212
39.178586156,-1.3011,2.1107,-0.2521,2.492
39.180346156,-1.3146,2.3862,-0.3799,2.751
39.182911617,-1.2808,2.6273,-0.4598,2.959
39.185181156,-1.1844,2.7889,-0.4740,3.067
39.187747694,-1.0502,2.8851,-0.4293,3.100
39.190276925,-0.8951,2.9222,-0.3738,3.079
39.192395002,-0.7143,2.9086,-0.3149,3.012
39.194954079,-0.5147,2.8539,-0.2853,2.914
39.19756554,-0.3121,2.7673,-0.2800,2.799
39.199946079,-0.1140,2.6489,-0.3203,2.671
39.202194694,0.0664,2.5201,-0.3787,2.549
39.204727925,0.2133,2.3723,-0.4268,2.420
39.207570079,0.3112,2.2229,-0.4656,2.292
39.209496617,0.3620,2.0843,-0.4903,2.172
39.211695002,0.3785,1.9585,-0.5087,2.059
39.214460848,0.3584,1.8470,-0.5331,1.956
39.220970694,0.3098,1.7610,-0.5536,1.872
39.222080002,0.2360,1.6976,-0.5758,1.808
39.222388233,0.1339,1.6536,-0.5881,1.760
39.232302694,0.0242,1.6213,-0.5942,1.727
39.233471617,-0.0893,1.5961,-0.6088,1.711
39.234030156,-0.1924,1.5719,-0.6225,1.702
39.23427631,-0.2873,1.5453,-0.6282,1.693
39.234656233,-0.3661,1.5129,-0.6247,1.677
39.236057771,-0.4326,1.4694,-0.6240,1.654
39.238203386,-0.4863,1.4093,-0.6140,1.612
39.240878156,-0.5322,1.3291,-0.5991,1.552
39.243098463,-0.5687,1.2458,-0.6086,1.499
39.245566386,-0.5992,1.1654,-0.6577,1.466
39.248529771,-0.6249,1.0897,-0.7263,1.451
39.250225848,-0.6454,1.0161,-0.7713,1.430
39.25280154,-0.6677,0.9539,-0.8150,1.421
39.255876002,-0.6803,0.8894,-0.9068,1.441
39.260982694,-0.6879,0.8246,-0.9916,1.462
39.261725463,-0.6964,0.7764,-1.0407,1.473
39.262466463,-0.7094,0.7324,-1.0708,1.479
39.26580954,-0.7082,0.6716,-1.0957,1.467
39.267151002,-0.7087,0.6159,-1.1029,1.448
39.269649463,-0.6918,0.5229,-1.1737,1.459
39.272369848,-0.6673,0.4086,-1.2355,1.462
39.274499079,-0.6574,0.3110,-1.2352,1.433
39.27671354,-0.6815,0.2451,-1.1861,1.390
39.279747002,-0.7309,0.2041,-1.1048,1.340
39.282386463,-0.7986,0.1764,-1.0073,1.297
39.284003079,-0.8965,0.1598,-0.9159,1.292
39.286552002,-1.0041,0.1498,-0.8346,1.314
39.289022463,-1.1331,0.1456,-0.7689,1.377
39.291298079,-1.2833,0.1491,-0.7270,1.482
39.294139617,-1.4385,0.1593,-0.7112,1.613
39.296259387,-1.5836,0.1684,-0.7085,1.743
39.299151002,-1.7180,0.1808,-0.6831,1.858
39.301124617,-1.8247,0.1850,-0.6277,1.938
39.303644925,-1.8992,0.1928,-0.5243,1.980
39.307117156,-1.9437,0.1984,-0.3929,1.993
39.308384002,-1.9512,0.2004,-0.2504,1.977
39.310744848,-1.9176,0.1896,-0.0943,1.929
39.313413771,-1.8511,0.1742,0.0793,1.861
39.320238387,-1.7399,0.1603,0.2496,1.765
39.32077931,-1.5792,0.1556,0.4074,1.638
39.321189156,-1.3854,0.1608,0.5261,1.491
39.330256233,-1.1878,0.1689,0.5970,1.340
39.330962387,-0.9955,0.1752,0.6165,1.184
39.331167925,-0.8126,0.1742,0.5909,1.020
39.331351387,-0.6488,0.1759,0.5308,0.857
39.33229254,-0.5100,0.1720,0.4511,0.702
39.334541156,-0.3950,0.1771,0.3664,0.567
39.337646079,-0.3058,0.1852,0.2821,0.455
39.339818694,-0.2337,0.1931,0.1976,0.362
39.34203631,-0.1914,0.2104,0.1199,0.309
39.344313771,-0.1590,0.2224,0.0442,0.277
39.348221848,-0.1470,0.2395,-0.0130,0.281
39.349227694,-0.1450,0.2472,-0.0652,0.294
39.351820233,-0.1663,0.2561,-0.1106,0.325
39.354183925,-0.1893,0.2630,-0.1598,0.361
39.356483079,-0.2252,0.2683,-0.2047,0.406
39.358842771,-0.2574,0.2737,-0.2341,0.443
39.361339925,-0.2857,0.2719,-0.2567,0.471
39.363768848,-0.3099,0.2658,-0.2844,0.498
39.366066771,-0.3283,0.2588,-0.3091,0.520
39.368521233,-0.3375,0.2500,-0.3289,0.533
39.37108854,-0.3446,0.2404,-0.3491,0.546
39.373654387,-0.3393,0.2290,-0.3645,0.548
39.378236002,-0.3249,0.2192,-0.3731,0.541
39.378547925,-0.3055,0.2085,-0.3743,0.526
39.380610771,-0.2799,0.1996,-0.3680,0.504
39.382917463,-0.2567,0.1952,-0.3520,0.477
39.385378156,-0.2377,0.1980,-0.3312,0.453
39.387862694,-0.2130,0.2043,-0.3091,0.427
39.390352848,-0.1983,0.2129,-0.2921,0.412
39.392815079,-0.1858,0.2267,-0.2788,0.405
39.395187002,-0.1768,0.2463,-0.2719,0.407
39.397414079,-0.1758,0.2683,-0.2690,0.419
39.399725463,-0.1812,0.2919,-0.2716,0.438
39.402218387,-0.1932,0.3225,-0.2760,0.466
39.407445848,-0.2098,0.3504,-0.2829,0.497
39.408181771,-0.2264,0.3821,-0.2917,0.531
39.409397233,-0.2477,0.4163,-0.3010,0.570
39.415298387,-0.2762,0.4549,-0.3063,0.614
39.41633131,-0.2941,0.4941,-0.3127,0.654
39.416664617,-0.3080,0.5288,-0.3130,0.687
39.419185233,-0.3225,0.5649,-0.3130,0.722
39.424633771,-0.3386,0.6003,-0.3230,0.761
39.425215617,-0.3535,0.6369,-0.3298,0.800
39.426277233,-0.3656,0.6675,-0.3364,0.832
39.430788002,-0.3845,0.6941,-0.3403,0.863
39.432942156,-0.4131,0.7252,-0.3445,0.903
39.433907079,-0.4260,0.7486,-0.3384,0.925
39.436042771,-0.4262,0.7748,-0.3127,0.938
39.438251617,-0.4272,0.7965,-0.2834,0.947
39.440625771,-0.4331,0.8143,-0.2636,0.959
39.443073848,-0.4324,0.8305,-0.2404,0.967
39.446571925,-0.4306,0.8446,-0.2182,0.973
39.448216848,-0.4292,0.8556,-0.1947,0.977
39.450312233,-0.4241,0.8688,-0.1691,0.981
39.452662079,-0.4231,0.8768,-0.1409,0.984
39.455379694,-0.4241,0.8849,-0.1248,0.989
39.457795002,-0.4255,0.8876,-0.1062,0.990
39.460051002,-0.4331,0.8913,-0.0957,0.996
39.463118387,-0.4451,0.8905,-0.0923,1.000
39.466084848,-0.4565,0.8945,-0.0931,1.009
39.467139617,-0.4685,0.8942,-0.0960,1.014
39.469503079,-0.4844,0.8922,-0.1094,1.021
39.472370156,-0.5061,0.9015,-0.1288,1.042
39.47474154,-0.5276,0.9084,-0.1556,1.062
39.477391002,-0.5459,0.9140,-0.1849,1.081
39.480296617,-0.5664,0.9294,-0.2084,1.108
39.482671925,-0.5853,0.9392,-0.2299,1.130
39.484053233,-0.6000,0.9470,-0.2480,1.148
39.488118463,-0.6095,0.9585,-0.2655,1.166
39.491967079,-0.6170,0.9724,-0.2756,1.184
39.492266771,-0.6242,0.9883,-0.2770,1.201
39.493961771,-0.6276,1.0068,-0.2768,1.218
39.496203387,-0.6270,1.0237,-0.2753,1.232
39.498469156,-0.6265,1.0396,-0.2697,1.243
39.500891002,-0.6214,1.0531,-0.2636,1.251
39.50504454,-0.6156,1.0620,-0.2462,1.252
39.505711694,-0.6070,1.0694,-0.2280,1.251
39.508128848,-0.6007,1.0772,-0.2077,1.251
39.510878156,-0.5895,1.0858,-0.1920,1.250
39.514111002,-0.5809,1.0918,-0.1786,1.250
39.515432617,-0.5760,1.0995,-0.1740,1.253
39.517799079,-0.5672,1.1072,-0.1705,1.256
39.523233463,-0.5599,1.1144,-0.1700,1.259
39.523931387,-0.5540,1.1239,-0.1717,1.265
39.525135002,-0.5531,1.1305,-0.1817,1.272
39.527477771,-0.5515,1.1366,-0.1903,1.278
39.530466079,-0.5574,1.1417,-0.1957,1.286
39.53231254,-0.5645,1.1417,-0.2025,1.290
39.534651387,-0.5687,1.1381,-0.2101,1.289
39.537112925,-0.5827,1.1358,-0.2187,1.295
39.539577771,-0.5958,1.1312,-0.2323,1.299
39.542041233,-0.6119,1.1270,-0.2570,1.308
39.544590771,-0.6298,1.1219,-0.2865,1.318
39.547030156,-0.6517,1.1207,-0.3200,1.335
39.549566771,-0.6766,1.1214,-0.3506,1.356
39.551758694,-0.7045,1.1273,-0.3716,1.380
39.554284233,-0.7378,1.1374,-0.3731,1.406
39.556621771,-0.7665,1.1515,-0.3618,1.430
39.559134387,-0.8000,1.1652,-0.3377,1.453
39.562833156,-0.8306,1.1845,-0.3056,1.479
39.564483387,-0.8585,1.2033,-0.2665,1.502
39.566761771,-0.8799,1.2120,-0.2257,1.515
39.568597233,-0.8883,1.2223,-0.1854,1.522
39.570992233,-0.8860,1.2234,-0.1546,1.518
39.573271387,-0.8775,1.2221,-0.1341,1.510
39.575935002,-0.8669,1.2167,-0.1236,1.499
39.578998387,-0.8516,1.2106,-0.1216,1.485
39.580597771,-0.8322,1.2055,-0.1278,1.470
39.583060233,-0.8081,1.1977,-0.1405,1.452
39.587277233,-0.7886,1.1874,-0.1544,1.434
39.587785463,-0.7634,1.1840,-0.1728,1.419
39.590305771,-0.7390,1.1817,-0.1849,1.406
39.592637233,-0.7204,1.1838,-0.2028,1.401
39.596135925,-0.7013,1.1866,-0.2159,1.395
39.597527079,-0.6864,1.1910,-0.2262,1.393
39.599914694,-0.6728,1.1957,-0.2284,1.391
39.603363002,-0.6601,1.2040,-0.2267,1.392
39.604689156,-0.6532,1.2111,-0.2169,1.393
39.607052002,-0.6437,1.2162,-0.2159,1.393
39.609430156,-0.6317,1.2176,-0.2143,1.388
39.615269233,-0.6190,1.2145,-0.2135,1.380
39.615923694,-0.5995,1.2087,-0.2140,1.366
39.618423002,-0.5787,1.2006,-0.2128,1.350
39.620064002,-0.5562,1.1874,-0.2106,1.328
39.628461848,-0.5340,1.1717,-0.2087,1.304
39.629716925,-0.5135,1.1586,-0.2162,1.286
39.629912002,-0.4863,1.1456,-0.2218,1.264
39.630221771,-0.4627,1.1261,-0.2236,1.238
39.631328002,-0.4326,1.1104,-0.2250,1.213
39.633630156,-0.4047,1.0960,-0.2233,1.189
39.636307617,-0.3764,1.0818,-0.2213,1.167
39.638705463,-0.3456,1.0633,-0.2228,1.140
39.640890694,-0.3181,1.0550,-0.2236,1.124
39.643326387,-0.2902,1.0482,-0.2269,1.111
39.646162463,-0.2648,1.0452,-0.2284,1.102
39.648346387,-0.2394,1.0435,-0.2206,1.093
39.651542771,-0.2152,1.0425,-0.2128,1.086
39.65308154,-0.1973,1.0376,-0.2030,1.076
39.65620831,-0.1816,1.0354,-0.1961,1.069
39.657922771,-0.1721,1.0340,-0.1917,1.066
39.661729463,-0.1704,1.0313,-0.1884,1.062
39.662954079,-0.1732,1.0320,-0.1812,1.062
39.665455002,-0.1781,1.0313,-0.1605,1.059
39.667411387,-0.1844,1.0350,-0.1495,1.062
39.670586156,-0.1917,1.0326,-0.1351,1.059
39.672334079,-0.1912,1.0277,-0.1216,1.052
39.674775002,-0.1976,1.0261,-0.1048,1.050
39.67834731,-0.2130,1.0122,-0.0860,1.038
39.687207002,-0.2305,0.9995,-0.0782,1.029
39.687821771,-0.2552,0.9870,-0.0720,1.022
39.688741771,-0.2806,0.9751,-0.0711,1.017
39.68930031,-0.3124,0.9611,-0.0647,1.013
39.69010031,-0.3386,0.9506,-0.0577,1.011
39.692178156,-0.3581,0.9406,-0.0498,1.008
39.694279925,-0.3828,0.9292,-0.0442,1.006
39.696241771,-0.4011,0.9176,-0.0352,1.002
39.698898463,-0.4155,0.9091,-0.0232,1.000
39.701494771,-0.4250,0.9006,-0.0086,0.996
39.703847925,-0.4316,0.8947,0.0165,0.994
39.705867925,-0.4306,0.8894,0.0434,0.989
39.709005233,-0.4292,0.8908,0.0705,0.991
39.714417463,-0.4306,0.8991,0.0923,1.001
39.714991694,-0.4282,0.9089,0.1008,1.010
39.715713233,-0.4223,0.9218,0.0861,1.018
39.722476233,-0.4157,0.9333,0.0857,1.025
39.722841156,-0.4143,0.9516,0.0859,1.041
39.72336831,-0.4194,0.9656,0.0962,1.057
39.725475387,-0.4155,0.9809,0.0930,1.069
39.731684233,-0.4089,0.9893,0.0730,1.073
39.732227617,-0.4062,1.0019,0.0551,1.083
39.732623925,-0.4003,1.0107,0.0373,1.088
39.73594054,-0.3889,1.0100,0.0276,1.083
39.737283002,-0.3717,1.0093,0.0241,1.076
39.739842387,-0.3488,1.0051,0.0344,1.064
39.742360617,-0.3317,1.0010,0.0512,1.056
39.744686694,-0.3148,0.9942,0.0623,1.045
39.747337848,-0.2974,0.9837,0.0742,1.030
39.74984854,-0.2958,0.9744,0.0820,1.022
39.752164617,-0.2890,0.9602,0.0905,1.007
39.754218694,-0.2927,0.9426,0.0882,0.991
39.756670079,-0.2974,0.9252,0.0628,0.974
39.75909631,-0.3011,0.9094,0.0324,0.958
39.761510771,-0.3029,0.8905,-0.0112,0.941
39.763975079,-0.3002,0.8740,-0.0623,0.926
39.767559617,-0.2909,0.8591,-0.1104,0.914
39.76979131,-0.2631,0.8475,-0.1309,0.897
39.771625771,-0.2237,0.8397,-0.1348,0.879
39.773875079,-0.1744,0.8454,-0.1295,0.873
39.77719254,-0.1167,0.8535,-0.1356,0.872
39.778357463,-0.0537,0.8591,-0.1507,0.874
39.781068848,0.0107,0.8535,-0.1752,0.871
39.783267694,0.0652,0.8361,-0.2091,0.864
39.785835002,0.1090,0.8139,-0.2795,0.867
39.78820031,0.1502,0.7958,-0.3911,0.899
39.790742463,0.2006,0.7826,-0.5115,0.956
39.793949156,0.2438,0.7953,-0.6208,1.038
39.795297848,0.2846,0.8353,-0.6811,1.115
39.797661463,0.3105,0.8989,-0.6813,1.170
39.800252848,0.3230,0.9856,-0.6491,1.224
39.80272554,0.3403,1.0836,-0.6051,1.287
39.80523754,0.3745,1.2062,-0.5353,1.372
39.807477463,0.4251,1.3340,-0.4114,1.459
39.810006463,0.4918,1.4989,-0.2599,1.599
39.812150156,0.5570,1.6953,-0.1021,1.787
39.814823079,0.6168,1.8957,0.0283,1.994
39.81760031,0.6948,2.1090,0.1436,2.225
39.821707079,0.7415,2.2922,0.2019,2.418
39.82252054,0.7549,2.4605,0.2985,2.591
39.824243387,0.7617,2.5810,0.3784,2.718
39.830419694,0.7796,2.6120,0.4280,2.759
39.830799694,0.7906,2.5570,0.4534,2.715
39.831850079,0.7738,2.4351,0.4805,2.600
39.833711079,0.6923,2.2680,0.5017,2.424
39.839923387,0.5842,2.0767,0.4849,2.211
39.840661771,0.4679,1.8840,0.4292,1.988
39.841302771,0.3528,1.6853,0.3092,1.749
39.843573463,0.2716,1.4828,0.1834,1.519
39.845864925,0.1747,1.2817,0.0178,1.294
39.848485771,0.0715,1.0867,-0.1365,1.098
39.85086431,0.0149,0.8894,-0.2629,0.928
39.85337931,-0.0537,0.7032,-0.3967,0.809
39.85566854,-0.1443,0.5251,-0.5306,0.760
39.858108925,-0.2462,0.3541,-0.6469,0.778
39.860532617,-0.3686,0.2023,-0.7479,0.858
39.863157771,-0.4814,0.0778,-0.7713,0.913
39.865625156,-0.5892,0.0066,-0.7573,0.960
39.868010771,-0.6803,-0.0304,-0.7163,0.988
39.870204002,-0.7565,-0.0326,-0.6562,1.002
39.872644925,-0.8269,0.0037,-0.5956,1.019
39.876308002,-0.8792,0.0690,-0.5362,1.032
39.877550771,-0.9361,0.1528,-0.4703,1.059
39.879765233,-0.9638,0.2537,-0.4290,1.085
39.884299387,-0.9652,0.3683,-0.3808,1.101
39.885230387,-0.9452,0.4823,-0.3259,1.110
39.887419925,-0.9037,0.5979,-0.2663,1.116
39.88966154,-0.8415,0.7117,-0.1868,1.118
39.893022387,-0.7634,0.8160,-0.1192,1.124
39.894360617,-0.6754,0.9067,-0.0789,1.133
39.897412002,-0.6139,0.9995,-0.0699,1.175
39.899375387,-0.5582,1.0774,-0.0371,1.214
39.902674771,-0.5159,1.1495,0.0070,1.260
39.903952617,-0.4947,1.2304,0.0535,1.327
39.906537463,-0.4942,1.3059,0.0877,1.399
39.909957156,-0.5054,1.3692,0.0954,1.463
39.911010156,-0.5254,1.4183,0.0822,1.515
39.913450079,-0.5538,1.4540,0.0532,1.557
39.921448848,-0.5824,1.4745,0.0143,1.585
39.922537463,-0.6161,1.4820,-0.0242,1.605
39.922954771,-0.6383,1.4799,-0.0601,1.613
39.923564848,-0.6525,1.4613,-0.0969,1.603
39.935002463,-0.6525,1.4291,-0.1316,1.576
39.935355617,-0.6300,1.3846,-0.1681,1.530
39.935633771,-0.5923,1.3301,-0.1973,1.469
39.935763079,-0.5426,1.2685,-0.2252,1.398
39.935992002,-0.4900,1.1999,-0.2570,1.321
39.937428925,-0.4255,1.1283,-0.2930,1.241
39.939775617,-0.3596,1.0587,-0.3293,1.166
39.942640925,-0.2943,0.9942,-0.3731,1.102
39.944885848,-0.2301,0.9345,-0.4039,1.044
39.947166694,-0.1660,0.8859,-0.4339,1.000
39.949854463,-0.1123,0.8454,-0.4581,0.968
39.951871617,-0.0630,0.8114,-0.4749,0.942
39.954382771,-0.0236,0.7921,-0.4842,0.929
39.956799694,0.0207,0.7820,-0.5269,0.943
39.95919254,0.0522,0.7848,-0.5020,0.933
39.961755617,0.0664,0.8070,-0.4649,0.934
39.96436731,0.0650,0.8293,-0.4358,0.939
39.966858156,0.0631,0.8510,-0.4107,0.947
39.96904054,0.0650,0.8717,-0.3792,0.953
39.971744233,0.0659,0.8920,-0.3386,0.956
39.974170079,0.0618,0.9108,-0.3135,0.965
39.977161848,0.0550,0.9333,-0.2914,0.979
39.979015694,0.0428,0.9570,-0.2721,0.996
39.981656617,0.0296,0.9783,-0.2543,1.011
39.984365771,0.0170,0.9970,-0.2392,1.025
39.985996617,0.0019,1.0166,-0.2224,1.041
39.991387002,-0.0176,1.0310,-0.2064,1.052
39.992094771,-0.0507,1.0454,-0.1989,1.065
39.992880925,-0.0784,1.0557,-0.1930,1.076
39.995333156,-0.1096,1.0648,-0.1898,1.087
39.998479925,-0.1399,1.0676,-0.1913,1.094
40.00378454,-0.1636,1.0685,-0.1961,1.099
40.004003387,-0.1875,1.0618,-0.2033,1.097
40.005227002,-0.2095,1.0528,-0.2094,1.094
40.009499079,-0.2349,1.0371,-0.2118,1.084
40.012817233,-0.2557,1.0277,-0.2180,1.081
40.013243002,-0.2789,1.0122,-0.2287,1.075
40.014982079,-0.2929,0.9949,-0.2426,1.065
40.017368002,-0.3085,0.9834,-0.2560,1.062
40.019411002,-0.3173,0.9714,-0.2719,1.057
40.023195002,-0.3214,0.9675,-0.2900,1.060
40.025913233,-0.3195,0.9634,-0.3068,1.060
40.026906771,-0.3141,0.9656,-0.3222,1.065
40.029306156,-0.2962,0.9646,-0.3310,1.062
40.033115617,-0.2745,0.9683,-0.3361,1.061
40.034496002,-0.2464,0.9680,-0.3417,1.056
40.036473848,-0.2117,0.9653,-0.3469,1.047
40.038784617,-0.1802,0.9626,-0.3486,1.040
40.041236002,-0.1458,0.9588,-0.3510,1.031
40.043516002,-0.1174,0.9567,-0.3501,1.026
40.047446387,-0.0915,0.9516,-0.3473,1.017
40.048674463,-0.0679,0.9470,-0.3457,1.010
40.051588925,-0.0483,0.9467,-0.3413,1.008
40.053105156,-0.0312,0.9438,-0.3379,1.003
40.055545156,-0.0211,0.9380,-0.3320,0.995
40.058575079,-0.0109,0.9399,-0.3242,0.994
40.060304002,-0.0055,0.9372,-0.3156,0.989
40.062780233,-0.0026,0.9372,-0.3030,0.985
40.065186771,-0.0053,0.9394,-0.2844,0.982
40.067598463,-0.0055,0.9406,-0.2646,0.977
40.06999354,-0.0050,0.9441,-0.2413,0.974
40.072367694,-0.0083,0.9465,-0.2184,0.971
40.074856233,-0.0106,0.9539,-0.2042,0.976
40.077517233,-0.0211,0.9629,-0.1964,0.983
40.079740002,-0.0288,0.9700,-0.1989,0.991
40.082697463,-0.0349,0.9739,-0.2147,0.998
40.08451254,-0.0419,0.9756,-0.2355,1.005
40.086864925,-0.0519,0.9770,-0.2623,1.013
40.089696925,-0.0615,0.9744,-0.2846,1.017
40.09167754,-0.0668,0.9714,-0.3061,1.021
40.094202771,-0.0691,0.9636,-0.3225,1.018
40.096636002,-0.0686,0.9604,-0.3357,1.020
40.099169156,-0.0673,0.9531,-0.3445,1.016
40.101378694,-0.0639,0.9467,-0.3486,1.011
40.105178463,-0.0554,0.9424,-0.3543,1.008
40.108675002,-0.0419,0.9394,-0.3550,1.005
40.10911631,-0.0265,0.9326,-0.3589,1.000
40.11096154,-0.0102,0.9299,-0.3603,0.997
40.113497848,0.0063,0.9243,-0.3608,0.992
40.115853233,0.0256,0.9199,-0.3569,0.987
40.118234771,0.0381,0.9155,-0.3550,0.983
40.120582694,0.0515,0.9145,-0.3554,0.982
40.124541156,0.0659,0.9111,-0.3589,0.981
40.125439387,0.0813,0.9094,-0.3596,0.981
40.127928925,0.0950,0.9091,-0.3589,0.982
40.130970387,0.1043,0.9128,-0.3533,0.984
40.132847387,0.1155,0.9145,-0.3445,0.984
40.135200233,0.1219,0.9199,-0.3330,0.986
40.138346463,0.1202,0.9285,-0.3237,0.991
40.140220233,0.1183,0.9343,-0.3212,0.995
40.14419231,0.1129,0.9414,-0.3191,1.000
40.145003079,0.1073,0.9478,-0.3184,1.006
40.147840233,0.0962,0.9499,-0.3184,1.006
40.149614463,0.0855,0.9511,-0.3200,1.007
40.152157156,0.0771,0.9502,-0.3222,1.006
40.154527002,0.0750,0.9492,-0.3277,1.007
40.157063002,0.0682,0.9429,-0.3286,1.001
40.159313771,0.0645,0.9390,-0.3256,0.996
40.16188954,0.0657,0.9311,-0.3230,0.988
40.164875387,0.0659,0.9245,-0.3154,0.979
40.169353848,0.0691,0.9192,-0.3088,0.972
40.170321848,0.0720,0.9169,-0.3086,0.970
40.171608848,0.0784,0.9133,-0.3061,0.966
40.174201233,0.0804,0.9075,-0.3035,0.960
40.17633654,0.0816,0.9084,-0.3037,0.961
40.178571079,0.0831,0.9055,-0.3005,0.958
40.181046156,0.0808,0.9108,-0.2953,0.961
40.183368233,0.0743,0.9115,-0.2849,0.958
40.185825233,0.0682,0.9184,-0.2760,0.961
40.189121463,0.0615,0.9216,-0.2702,0.962
40.190675387,0.0491,0.9257,-0.2643,0.964
40.19297654,0.0384,0.9367,-0.2599,0.973
40.19542731,0.0298,0.9402,-0.2570,0.975
40.19778854,0.0149,0.9511,-0.2574,0.985
40.200282463,-0.0034,0.9700,-0.2604,1.004
40.202720002,-0.0272,0.9868,-0.2726,1.024
40.207105156,-0.0483,1.0044,-0.2870,1.046
40.207666387,-0.0705,1.0203,-0.3002,1.066
40.210202387,-0.0901,1.0254,-0.3049,1.074
40.212946387,-0.1140,1.0266,-0.2976,1.075
40.214914387,-0.1360,1.0237,-0.2917,1.073
40.217224233,-0.1555,1.0147,-0.2858,1.066
40.219480233,-0.1741,1.0071,-0.2809,1.060
40.223265771,-0.1954,0.9961,-0.2841,1.054
40.225855002,-0.2083,0.9868,-0.2846,1.048
40.22674454,-0.2188,0.9785,-0.2797,1.041
40.229328617,-0.2233,0.9704,-0.2770,1.034
40.23176431,-0.2256,0.9651,-0.2736,1.028
40.234082079,-0.2259,0.9580,-0.2680,1.020
40.236714771,-0.2261,0.9506,-0.2685,1.013
40.238932233,-0.2233,0.9450,-0.2692,1.008
40.241209463,-0.2147,0.9402,-0.2751,1.003
40.243668617,-0.2088,0.9378,-0.2795,1.001
40.24655754,-0.2007,0.9357,-0.2809,0.997
40.249022156,-0.1907,0.9329,-0.2837,0.994
40.250901848,-0.1746,0.9360,-0.2893,0.995
40.253396848,-0.1624,0.9404,-0.2865,0.996
40.255801156,-0.1453,0.9453,-0.2807,0.997
40.258150079,-0.1341,0.9504,-0.2849,1.001
40.260588848,-0.1201,0.9521,-0.3019,1.006
40.263201233,-0.1066,0.9543,-0.3093,1.009
40.265822156,-0.0971,0.9539,-0.3049,1.006
40.267815079,-0.0877,0.9478,-0.3024,0.999
40.27032431,-0.0766,0.9443,-0.3044,0.995
40.272648848,-0.0705,0.9450,-0.3046,0.995
40.275042079,-0.0624,0.9441,-0.3024,0.993
40.277945463,-0.0532,0.9438,-0.3054,0.993
40.279940617,-0.0402,0.9465,-0.3000,0.994
40.282264233,-0.0290,0.9441,-0.2893,0.988
40.28468731,-0.0158,0.9362,-0.2788,0.977
40.287568925,-0.0011,0.9350,-0.2707,0.973
40.290014694,0.0149,0.9309,-0.2723,0.970
40.292123694,0.0305,0.9292,-0.2772,0.970
40.294509771,0.0461,0.9238,-0.2816,0.967
40.297081463,0.0591,0.9225,-0.2851,0.967
40.299472002,0.0759,0.9204,-0.2870,0.967
40.301827925,0.0885,0.9201,-0.2861,0.968
40.305417463,0.0972,0.9184,-0.2839,0.966
40.306744848,0.1031,0.9213,-0.2819,0.969
40.308900002,0.1114,0.9250,-0.2814,0.973
40.311452002,0.1165,0.9274,-0.2834,0.977
40.314250079,0.1180,0.9294,-0.2829,0.979
40.316218463,0.1216,0.9350,-0.2841,0.985
40.318709848,0.1216,0.9375,-0.2827,0.987
40.32435131,0.1204,0.9387,-0.2834,0.988
40.325077156,0.1160,0.9418,-0.2844,0.991
40.325811387,0.1109,0.9485,-0.2853,0.997
40.328149233,0.1070,0.9514,-0.2861,0.999
40.33429654,0.1031,0.9551,-0.2804,1.001
40.33512031,0.0969,0.9611,-0.2695,1.003
40.335321848,0.0874,0.9665,-0.2651,1.006
40.344451079,0.0799,0.9688,-0.2660,1.008
40.345461848,0.0736,0.9702,-0.2665,1.009
40.345816233,0.0682,0.9695,-0.2729,1.009
40.346121156,0.0589,0.9678,-0.2809,1.009
40.347798463,0.0533,0.9639,-0.2912,1.008
40.350060002,0.0433,0.9570,-0.2998,1.004
40.352529771,0.0335,0.9504,-0.3058,0.999
40.355749156,0.0271,0.9480,-0.3115,0.998
40.357364848,0.0176,0.9443,-0.3112,0.994
40.359972848,0.0078,0.9455,-0.3070,0.994
40.36258031,0.0007,0.9480,-0.3026,0.995
40.364331925,-0.0075,0.9497,-0.2983,0.995
40.366833771,-0.0139,0.9531,-0.2974,0.998
40.36966831,-0.0216,0.9572,-0.2988,1.003
40.37276331,-0.0278,0.9663,-0.3005,1.012
40.37499531,-0.0300,0.9749,-0.3093,1.023
40.376713848,-0.0349,0.9830,-0.3193,1.034
40.379730156,-0.0353,0.9902,-0.3308,1.045
40.381325156,-0.0375,0.9981,-0.3420,1.056
40.383950156,-0.0375,1.0076,-0.3442,1.065
40.386385233,-0.0363,1.0135,-0.3440,1.071
40.388659617,-0.0361,1.0159,-0.3405,1.072
40.391350463,-0.0349,1.0171,-0.3359,1.072
40.39386454,-0.0326,1.0198,-0.3305,1.073
40.395823617,-0.0326,1.0277,-0.3284,1.079
40.398161233,-0.0321,1.0259,-0.3281,1.078
40.400609233,-0.0316,1.0284,-0.3277,1.080
40.40420454,-0.0324,1.0296,-0.3296,1.082
40.405298463,-0.0307,1.0291,-0.3310,1.081
40.407822079,-0.0302,1.0298,-0.3364,1.084
40.410373848,-0.0272,1.0293,-0.3384,1.084
40.413171925,-0.0272,1.0298,-0.3410,1.085
40.415440233,-0.0246,1.0301,-0.3433,1.086
40.417520617,-0.0202,1.0293,-0.3457,1.086
40.424703925,-0.0116,1.0224,-0.3459,1.079
40.42587231,-0.0053,1.0249,-0.3422,1.081
40.426402387,0.0000,1.0291,-0.3371,1.083
40.427674771,0.0051,1.0330,-0.3186,1.081
40.436676617,0.0098,1.0425,-0.3005,1.085
40.437244617,0.0086,1.0557,-0.2832,1.093
40.437709156,0.0075,1.0648,-0.2690,1.098
40.437889156,0.0051,1.0755,-0.2580,1.106
40.438976002,0.0005,1.0927,-0.2472,1.120
40.441500848,-0.0065,1.1097,-0.2336,1.134
40.444018463,-0.0151,1.1295,-0.2164,1.150
40.44625354,-0.0190,1.1503,-0.2052,1.169
40.448739079,-0.0234,1.1666,-0.1973,1.183
40.451816002,-0.0260,1.1806,-0.1877,1.196
40.453639925,-0.0272,1.1928,-0.1798,1.207
40.456063002,-0.0260,1.2145,-0.1632,1.226
40.458448925,-0.0260,1.2362,-0.1561,1.246
40.461818156,-0.0260,1.2621,-0.1348,1.270
40.463236848,-0.0276,1.2874,-0.1160,1.293
40.466055079,-0.0251,1.3108,-0.1036,1.315
40.468115079,-0.0197,1.3340,-0.0972,1.338
40.470522387,-0.0141,1.3455,-0.0936,1.349
40.472717771,-0.0092,1.3528,-0.0923,1.356
40.475360925,-0.0078,1.3650,-0.0913,1.368
40.477683079,-0.0141,1.3767,-0.0945,1.380
40.480005233,-0.0263,1.3911,-0.0855,1.394
40.48245931,-0.0439,1.4081,-0.0706,1.411
40.485266387,-0.0651,1.4286,-0.0415,1.431
40.487394156,-0.0901,1.4484,-0.0142,1.451
40.489736617,-0.1204,1.4682,0.0167,1.473
40.49211531,-0.1518,1.4806,0.0595,1.490
40.494618694,-0.1883,1.4908,0.0996,1.506
40.497344233,-0.2210,1.4962,0.1380,1.519
40.499565848,-0.2613,1.5041,0.1732,1.536
40.502046771,-0.2980,1.5099,0.2037,1.552
40.504789771,-0.3358,1.5192,0.2301,1.573
40.506738771,-0.3703,1.5302,0.2524,1.594
40.50910454,-0.4052,1.5336,0.2729,1.609
40.514983387,-0.4346,1.5390,0.2931,1.626
40.515643617,-0.4585,1.5383,0.3160,1.636
40.516544848,-0.4793,1.5378,0.3342,1.645
40.524991387,-0.4956,1.5346,0.3381,1.648
40.525388233,-0.5022,1.5272,0.3281,1.641
40.52580554,-0.5074,1.5202,0.3092,1.632
40.526001848,-0.5028,1.5129,0.2892,1.620
40.533654694,-0.4966,1.5092,0.2729,1.612
40.534139002,-0.4851,1.5038,0.2547,1.600
40.534525463,-0.4753,1.4999,0.2426,1.592
40.537144002,-0.4634,1.4906,0.2335,1.578
40.538091387,-0.4487,1.4862,0.2310,1.570
40.540372233,-0.4257,1.4738,0.2210,1.550
40.54297354,-0.4008,1.4481,0.1979,1.515
40.545785771,-0.3752,1.4200,0.1575,1.477
40.548120925,-0.3525,1.3865,0.1208,1.436
40.550139079,-0.3319,1.3572,0.0776,1.399
40.553422156,-0.3192,1.3340,0.0234,1.372
40.554994387,-0.3078,1.3059,-0.0486,1.343
40.557477463,-0.2983,1.2758,-0.1390,1.318
40.559710156,-0.2874,1.2529,-0.2350,1.307
40.562828925,-0.2741,1.2206,-0.3200,1.291
40.564647925,-0.2522,1.1980,-0.3880,1.284
40.567098694,-0.2340,1.1693,-0.4537,1.276
40.569316233,-0.2161,1.1414,-0.5008,1.265
40.572298694,-0.1961,1.1126,-0.5250,1.246
40.574023387,-0.1758,1.0860,-0.5485,1.229
40.577295617,-0.1523,1.0587,-0.5536,1.204
40.579031617,-0.1367,1.0345,-0.5495,1.179
40.581584925,-0.1218,1.0084,-0.5287,1.145
40.58596331,-0.1087,0.9865,-0.5115,1.117
40.586887925,-0.1026,0.9648,-0.4871,1.086
40.589027079,-0.0971,0.9455,-0.4671,1.059
40.591008617,-0.0989,0.9250,-0.4488,1.033
40.594445156,-0.1079,0.9020,-0.4393,1.009
40.597050156,-0.1341,0.8835,-0.4339,0.993
40.598258694,-0.1748,0.8583,-0.4341,0.978
40.600778079,-0.2254,0.8424,-0.4412,0.977
40.60316954,-0.2769,0.8258,-0.4488,0.980
40.605645848,-0.3314,0.8090,-0.4583,0.987
40.607934387,-0.3903,0.7943,-0.4640,0.999
40.613920617,-0.4427,0.7816,-0.4720,1.015
40.614509848,-0.4905,0.7708,-0.4801,1.032
40.615342771,-0.5301,0.7635,-0.4928,1.052
40.625463694,-0.5643,0.7528,-0.4873,1.060
40.626311079,-0.5855,0.7454,-0.4705,1.058
40.626563617,-0.6219,0.7442,-0.4563,1.072
40.626798464,-0.6630,0.7442,-0.4288,1.085
40.627351002,-0.7055,0.7464,-0.3909,1.099
40.629676848,-0.7556,0.7461,-0.3469,1.117
40.631923925,-0.8140,0.7494,-0.2934,1.145
40.63549631,-0.8762,0.7538,-0.2509,1.183
40.636880002,-0.9347,0.7520,-0.2131,1.218
40.639283079,-0.9906,0.7428,-0.1905,1.253
40.64181354,-1.0395,0.7322,-0.1568,1.281
40.644282079,-1.0819,0.7076,-0.1334,1.300
40.64649631,-1.1218,0.6788,-0.1211,1.317
40.648974156,-1.1529,0.6473,-0.1385,1.329
40.651501233,-1.1865,0.6122,-0.1393,1.342
40.65379254,-1.2130,0.5768,-0.1229,1.349
40.656040617,-1.2312,0.5470,-0.0899,1.350
40.658639617,-1.2424,0.5170,-0.0987,1.349
40.661079387,-1.2391,0.4862,-0.0764,1.333
40.663505771,-1.2274,0.4552,-0.0403,1.310
40.665918156,-1.2068,0.4281,-0.0044,1.281
40.668386694,-1.1729,0.4049,0.0314,1.241
40.670834387,-1.1299,0.3865,0.0715,1.196
40.673334079,-1.0686,0.3755,0.1113,1.138
40.676426387,-0.9960,0.3739,0.1465,1.074
40.678018387,-0.9251,0.3785,0.1763,1.015
40.680972002,-0.8582,0.3858,0.1995,0.962
40.683500925,-0.7937,0.3921,0.2161,0.911
40.685434694,-0.7265,0.3963,0.2303,0.859
40.68773631,-0.6657,0.4044,0.2379,0.814
40.690074156,-0.6046,0.4017,0.2403,0.765
40.693235387,-0.5462,0.4051,0.2413,0.722
40.700945233,-0.4881,0.4039,0.2366,0.676
40.70156954,-0.4321,0.4068,0.2228,0.634
40.701855387,-0.3815,0.4083,0.2068,0.596
40.702296002,-0.3444,0.4095,0.1951,0.570
40.704597771,-0.3129,0.4051,0.1875,0.545
40.706908002,-0.2890,0.4049,0.1746,0.527
40.710965156,-0.2813,0.4090,0.1734,0.526
40.71161231,-0.2792,0.4198,0.1839,0.537
40.71408154,-0.2708,0.4202,0.1721,0.529
40.716586694,-0.2608,0.4154,0.1614,0.516
40.719508233,-0.2489,0.4161,0.1521,0.508
40.72158954,-0.2394,0.4142,0.1404,0.499
40.724223694,-0.2357,0.4065,0.1250,0.486
40.728406079,-0.2276,0.4032,0.1167,0.477
40.728955694,-0.2252,0.4009,0.1169,0.474
40.73103131,-0.2235,0.4009,0.1162,0.473
40.733746156,-0.2244,0.4034,0.1169,0.476
40.735732848,-0.2233,0.4027,0.1150,0.475
40.738101464,-0.2244,0.4068,0.1211,0.480
40.740589848,-0.2289,0.4125,0.1187,0.486
40.742877848,-0.2217,0.4105,0.1216,0.482
40.745348233,-0.2193,0.4163,0.1189,0.485
40.747680233,-0.2140,0.4176,0.1233,0.485
40.75079754,-0.2095,0.4239,0.1260,0.489
40.75279354,-0.2044,0.4300,0.1245,0.492
40.755133848,-0.2025,0.4398,0.1243,0.500
40.758502694,-0.1961,0.4400,0.1199,0.496
40.759836925,-0.1905,0.4433,0.1184,0.497
40.762235387,-0.1886,0.4447,0.1177,0.497
40.765022771,-0.1849,0.4491,0.1143,0.499
40.767983694,-0.1805,0.4477,0.1115,0.495
40.769566771,-0.1768,0.4484,0.0998,0.492
40.771938156,-0.1751,0.4477,0.0869,0.488
40.775518079,-0.1783,0.4503,0.0747,0.490
40.776717156,-0.1807,0.4554,0.0532,0.493
40.779210156,-0.1873,0.4571,0.0341,0.495
40.783813771,-0.1958,0.4630,0.0136,0.503
40.78456731,-0.1988,0.4740,-0.0056,0.514
40.786535694,-0.2019,0.4872,-0.0244,0.528
40.789094464,-0.2081,0.5009,-0.0445,0.544
40.792065156,-0.2095,0.5143,-0.0608,0.559
40.793864002,-0.2063,0.5302,-0.0767,0.574
40.796051002,-0.1976,0.5485,-0.0869,0.589
40.79845754,-0.1875,0.5728,-0.0916,0.610
40.802386156,-0.1719,0.5942,-0.0931,0.626
40.803469464,-0.1548,0.6182,-0.0838,0.643
40.805680925,-0.1392,0.6426,-0.0735,0.662
40.812013156,-0.1187,0.6683,-0.0601,0.681
40.81292831,-0.1003,0.6912,-0.0412,0.700
40.813369771,-0.0886,0.7171,-0.0284,0.723
40.815479694,-0.0766,0.7438,-0.0161,0.748
40.824387079,-0.0693,0.7704,-0.0093,0.774
40.82536331,-0.0642,0.8004,-0.0095,0.803
40.825650694,-0.0574,0.8270,-0.0154,0.829
40.825801848,-0.0530,0.8591,-0.0340,0.861
40.827411925,-0.0437,0.8840,-0.0715,0.888
40.829690387,-0.0388,0.9143,-0.0740,0.918
40.832210771,-0.0356,0.9421,-0.0699,0.945
40.834766387,-0.0278,0.9704,-0.0669,0.973
40.837053464,-0.0390,1.0242,-0.0808,1.028
40.839275617,-0.0346,1.0633,-0.0855,1.067
40.841870079,-0.0280,1.1016,-0.0789,1.105
40.844286771,-0.0180,1.1334,-0.0857,1.137
40.847087925,-0.0136,1.1681,-0.0596,1.170
40.849479387,-0.0160,1.2118,-0.0342,1.212
40.851572233,-0.0239,1.2397,-0.0127,1.240
40.85394331,-0.0337,1.2730,0.0102,1.273
40.856311694,-0.0442,1.2981,0.0295,1.299
40.858795925,-0.0581,1.3228,0.0510,1.325
40.861339694,-0.0808,1.3347,0.0696,1.339
40.863598694,-0.1079,1.3445,0.0815,1.351
40.866248002,-0.1399,1.3474,0.0920,1.358
40.868407387,-0.1641,1.3489,0.0998,1.362
40.87089531,-0.1927,1.3374,0.0954,1.355
40.873441233,-0.2212,1.3208,0.0882,1.342
40.875647002,-0.2694,1.3135,0.0947,1.344
40.87800731,-0.3158,1.3024,0.1082,1.345
40.880428233,-0.3539,1.2863,0.1047,1.338
40.88315531,-0.3943,1.2739,0.0935,1.337
40.885462387,-0.4358,1.2597,0.0761,1.335
40.887808925,-0.4744,1.2441,0.0579,1.333
40.891555617,-0.5120,1.2285,0.0417,1.332
40.892724233,-0.5469,1.2145,0.0114,1.332
40.894995694,-0.5797,1.2043,-0.0005,1.337
40.897476617,-0.6041,1.1987,0.0256,1.343
40.899812925,-0.6261,1.1906,0.0456,1.346
40.902203925,-0.6430,1.1850,0.0710,1.350
40.904634156,-0.6586,1.1813,0.0849,1.355
40.907345233,-0.6696,1.1786,0.0915,1.359
40.90939354,-0.6801,1.1766,0.1010,1.363
40.911885156,-0.6962,1.1813,0.0930,1.374
40.91422854,-0.7094,1.1813,0.0969,1.381
40.917827079,-0.7209,1.1820,0.1069,1.389
40.920191387,-0.7321,1.1838,0.1150,1.397
40.921292002,-0.7390,1.1869,0.1199,1.403
40.930839617,-0.7492,1.1910,0.1211,1.412
40.931355079,-0.7421,1.1887,0.0849,1.404
40.931569848,-0.7250,1.1747,0.0373,1.381
40.931763002,-0.7089,1.1668,-0.0212,1.365
40.933447002,-0.6913,1.1568,-0.0542,1.349
40.935787002,-0.6654,1.1510,-0.0330,1.330
40.938755387,-0.6307,1.1366,-0.0034,1.300
40.941423694,-0.5870,1.1163,-0.0017,1.261
40.943266156,-0.5528,1.1016,-0.0251,1.233
40.945687387,-0.5191,1.0902,-0.0486,1.208
40.948924617,-0.4842,1.0823,-0.0804,1.188
40.950462156,-0.4478,1.0673,-0.1202,1.164
40.952958156,-0.4113,1.0520,-0.1698,1.142
40.956350156,-0.3805,1.0422,-0.2094,1.129
40.958640848,-0.3437,1.0335,-0.2226,1.112
40.960311002,-0.3097,1.0254,-0.2262,1.095
40.96267354,-0.2785,1.0200,-0.2494,1.086
40.965326694,-0.2547,1.0171,-0.2641,1.081
40.967557771,-0.2386,1.0200,-0.2824,1.085
40.970655002,-0.2147,1.0245,-0.3039,1.090
40.972305233,-0.1927,1.0293,-0.3058,1.091
40.97592331,-0.1709,1.0369,-0.3035,1.094
40.977180233,-0.1485,1.0454,-0.3056,1.099
40.979275617,-0.1243,1.0550,-0.2930,1.102
40.982353464,-0.1006,1.0657,-0.2748,1.105
40.98415131,-0.0822,1.0799,-0.2536,1.112
40.986611694,-0.0656,1.0904,-0.2380,1.118
40.989860233,-0.0478,1.0978,-0.2194,1.120
40.99147131,-0.0365,1.1041,-0.1945,1.122
40.993727925,-0.0280,1.1119,-0.1659,1.125
40.99616154,-0.0349,1.1221,-0.1344,1.131
40.998681233,-0.0402,1.1325,-0.1016,1.138
41.001331079,-0.0532,1.1407,-0.0740,1.144
41.00347531,-0.0696,1.1449,-0.0513,1.148
41.006869233,-0.0903,1.1442,-0.0340,1.148
41.008693771,-0.1113,1.1381,-0.0053,1.144
41.01086954,-0.1338,1.1312,0.0050,1.139
41.01312431,-0.1487,1.1139,0.0014,1.124
41.02341931,-0.1636,1.0858,-0.0075,1.098
41.023984233,-0.1700,1.0559,-0.0158,1.070
41.024245771,-0.1778,1.0223,-0.0288,1.038
41.024356925,-0.1802,0.9930,-0.0391,1.010
41.02534831,-0.1783,0.9543,-0.0503,0.972
41.027697464,-0.1688,0.9145,-0.0610,0.932
41.032082694,-0.1604,0.8764,-0.0671,0.894
41.03555931,-0.1394,0.8358,-0.0752,0.851
41.03827931,-0.1071,0.7929,-0.0811,0.804
41.03871131,-0.0942,0.7545,-0.0747,0.764
41.040091694,-0.0817,0.7203,-0.0594,0.727
41.044031002,-0.0771,0.6897,-0.0417,0.695
41.04447354,-0.0663,0.6594,-0.0188,0.663
41.047703387,-0.0586,0.6367,0.0021,0.639
41.050100848,-0.0581,0.6171,0.0116,0.620
41.05194831,-0.0719,0.6071,0.0192,0.612
41.054927694,-0.0930,0.6028,0.0229,0.610
41.057404925,-0.1255,0.6010,0.0234,0.614
41.059528848,-0.1634,0.6071,0.0185,0.629
41.061228925,-0.2066,0.6184,-0.0051,0.652
41.065458387,-0.2513,0.6329,-0.0210,0.681
41.068273233,-0.2948,0.6506,-0.0227,0.715
41.069303387,-0.3305,0.6663,-0.0188,0.744
41.070840002,-0.3574,0.6846,-0.0083,0.772
41.073540002,-0.3722,0.7051,-0.0012,0.797
41.075767694,-0.3747,0.7252,0.0065,0.816
41.078495617,-0.3681,0.7482,0.0127,0.834
41.080473233,-0.3507,0.7748,0.0173,0.851
41.082955694,-0.3227,0.7982,0.0104,0.861
41.085523387,-0.2869,0.8212,-0.0139,0.870
41.088274694,-0.2503,0.8478,-0.0677,0.887
41.090338079,-0.2135,0.8830,-0.1486,0.920
41.09269654,-0.1739,0.9282,-0.2262,0.971
41.095737156,-0.1306,0.9805,-0.2711,1.026
41.097780848,-0.0740,1.0398,-0.2925,1.083
41.099794694,-0.0090,1.1076,-0.3024,1.148
41.102455617,0.0691,1.1813,-0.2858,1.217
41.104862464,0.1614,1.2607,-0.2284,1.291
41.107434387,0.2570,1.3501,-0.1358,1.381
41.11044431,0.3599,1.4242,-0.0354,1.469
41.11221931,0.4381,1.5097,0.0078,1.572
41.114297233,0.5018,1.6069,0.0288,1.684
41.117186387,0.5563,1.6965,-0.0154,1.785
41.119007925,0.5993,1.7735,-0.0882,1.874
41.122630387,0.6117,1.8521,-0.1654,1.958
41.12388031,0.6354,1.9238,-0.2478,2.041
41.126297771,0.6286,1.9870,-0.2641,2.101
41.128677771,0.6887,2.0124,-0.2074,2.137
41.131180848,0.7044,2.0337,-0.0780,2.154
41.133546771,0.7305,2.0217,0.1136,2.153
41.135989771,0.7432,1.9970,0.2772,2.149
41.138601771,0.7791,1.9038,0.4514,2.106
41.140871617,0.8092,1.7803,0.6048,2.047
41.143388848,0.8255,1.6380,0.6605,1.950
41.147281771,0.8101,1.4896,0.6116,1.803
41.148324002,0.7584,1.3396,0.5198,1.625
41.150677848,0.6792,1.1808,0.3302,1.402
41.152976002,0.5927,1.0230,0.1052,1.187
41.155477233,0.4999,0.8803,-0.0666,1.015
41.158482694,0.3943,0.7523,-0.2087,0.875
41.160178464,0.2819,0.6416,-0.2734,0.752
41.16342731,0.1679,0.5449,-0.3184,0.653
41.165186156,0.0454,0.4699,-0.3184,0.569
41.167540848,-0.0825,0.4142,-0.3023,0.519
41.170089233,-0.2115,0.3697,-0.3774,0.569
41.172334156,-0.3483,0.3182,-0.4532,0.654
41.17480731,-0.4832,0.2766,-0.5143,0.758
41.177033156,-0.6088,0.2500,-0.5821,0.879
41.179431617,-0.7182,0.2483,-0.6606,1.007
41.18190954,-0.8045,0.2719,-0.7127,1.109
41.184404925,-0.8531,0.3184,-0.7356,1.171
41.187005771,-0.8765,0.3753,-0.7344,1.204
41.190202156,-0.8948,0.4456,-0.7468,1.248
41.19149254,-0.8848,0.5276,-0.7791,1.292
41.194190387,-0.8912,0.6282,-0.8067,1.356
41.197089771,-0.9210,0.7422,-0.7730,1.413
41.200583079,-0.9517,0.8749,-0.6926,1.467
41.20153254,-1.0170,1.0103,-0.5893,1.550
41.20443754,-1.0849,1.1461,-0.4214,1.633
41.206811079,-1.1374,1.2937,-0.1537,1.729
41.208467387,-1.1900,1.4251,0.0270,1.857
41.21108954,-1.2542,1.5187,0.1089,1.973
41.21519231,-1.3204,1.5795,0.2010,2.068
41.215744233,-1.3419,1.6250,0.2962,2.128
41.218283002,-1.3539,1.6284,0.3456,2.146
41.223371387,-1.3349,1.5839,0.3419,2.099
41.22402031,-1.2281,1.4920,0.2990,1.955
41.225432848,-1.1013,1.4051,0.2526,1.803
41.228236617,-1.0090,1.3445,0.2110,1.694
41.23245254,-0.9479,1.3017,0.1809,1.620
41.232744848,-0.8907,1.2495,0.1474,1.542
41.23478154,-0.8179,1.1842,0.0847,1.442
41.240547079,-0.7378,1.1067,0.0009,1.330
41.240884617,-0.6559,1.0352,-0.1036,1.230
41.242170771,-0.5711,0.9646,-0.2171,1.142
41.245184002,-0.4930,0.9013,-0.3377,1.081
41.247114694,-0.4209,0.8486,-0.4407,1.045
41.249466694,-0.3542,0.8011,-0.5280,1.023
41.252056002,-0.2860,0.7689,-0.5932,1.012
41.255586464,-0.2224,0.7501,-0.6305,1.005
41.257834156,-0.1621,0.7393,-0.6471,0.996
41.259301233,-0.1099,0.7393,-0.6528,0.992
41.262491079,-0.0510,0.7422,-0.6435,0.984
41.263974694,0.0049,0.7622,-0.6179,0.981
41.266364925,0.0633,0.7843,-0.5814,0.978
41.269196233,0.1219,0.8109,-0.5465,0.985
41.27240431,0.1654,0.8466,-0.5108,1.003
41.273707617,0.2047,0.8842,-0.4786,1.026
41.27609531,0.2331,0.9218,-0.4519,1.053
41.279209771,0.2641,0.9614,-0.4302,1.086
41.280885848,0.2878,0.9963,-0.4204,1.119
41.283278771,0.3188,1.0193,-0.4204,1.148
41.285775002,0.3522,1.0431,-0.4190,1.178
41.288349771,0.3689,1.0699,-0.4065,1.203
41.290774771,0.3762,1.0980,-0.3857,1.223
41.292943694,0.3743,1.1172,-0.3501,1.229
41.295993771,0.3694,1.1349,-0.3110,1.233
41.298550771,0.3555,1.1491,-0.2768,1.234
41.300489464,0.3357,1.1561,-0.2467,1.229
41.304154771,0.3137,1.1588,-0.2226,1.221
41.305283079,0.2819,1.1528,-0.2135,1.206
41.307419002,0.2369,1.1398,-0.2252,1.186
41.309856925,0.1857,1.1251,-0.2369,1.165
41.312256848,0.1223,1.1107,-0.2506,1.145
41.314561156,0.0623,1.0943,-0.2685,1.128
41.317073771,0.0032,1.0797,-0.2919,1.118
41.323964233,-0.0514,1.0648,-0.3115,1.111
41.324419387,-0.1050,1.0518,-0.3281,1.107
41.324605156,-0.1607,1.0428,-0.3454,1.110
41.327860925,-0.2135,1.0391,-0.3596,1.120
41.336503925,-0.2599,1.0281,-0.3566,1.119
41.337279387,-0.3058,1.0230,-0.3491,1.123
41.337742079,-0.3486,1.0181,-0.3377,1.128
41.338088617,-0.3864,1.0188,-0.3186,1.135
41.338902156,-0.4260,1.0159,-0.3010,1.142
41.341026079,-0.4607,1.0128,-0.2814,1.148
41.344997848,-0.4879,1.0112,-0.2585,1.152
41.34583654,-0.5124,1.0103,-0.2389,1.158
41.348331079,-0.5298,1.0073,-0.2243,1.160
41.350784002,-0.5447,0.9995,-0.2126,1.158
41.353188002,-0.5543,0.9963,-0.2040,1.158
41.35548054,-0.5604,0.9890,-0.1961,1.154
41.357941464,-0.5620,0.9807,-0.1898,1.146
41.361190156,-0.5569,0.9744,-0.1849,1.137
41.365737848,-0.5494,0.9685,-0.1791,1.128
41.366140848,-0.5330,0.9675,-0.1740,1.118
41.367670156,-0.5110,0.9688,-0.1639,1.107
41.370435002,-0.4919,0.9763,-0.1605,1.105
41.372565233,-0.4634,0.9788,-0.1519,1.094
41.37479354,-0.4285,0.9830,-0.1495,1.083
41.37851654,-0.3928,0.9917,-0.1497,1.077
41.379902079,-0.3566,0.9993,-0.1549,1.072
41.382057464,-0.3176,1.0054,-0.1607,1.067
41.384628002,-0.2792,1.0098,-0.1756,1.062
41.387275002,-0.2396,1.0117,-0.1937,1.058
41.389846079,-0.2012,1.0147,-0.2110,1.056
41.392013848,-0.1583,1.0093,-0.2274,1.047
41.39468831,-0.1118,1.0015,-0.2392,1.036
41.396652617,-0.0624,0.9874,-0.2514,1.021
41.399407002,-0.0170,0.9729,-0.2543,1.006
41.401629464,0.0242,0.9570,-0.2514,0.990
41.40382554,0.0591,0.9436,-0.2485,0.978
41.409772925,0.0967,0.9350,-0.2392,0.970
41.410020617,0.1309,0.9255,-0.2308,0.963
41.412183002,0.1593,0.9111,-0.2318,0.954
41.413626464,0.1810,0.9118,-0.2401,0.960
41.41584731,0.1991,0.9126,-0.2534,0.968
41.421038464,0.2192,0.9150,-0.2732,0.980
41.421469233,0.2399,0.9174,-0.2837,0.990
41.42307631,0.2607,0.9238,-0.2878,1.002
41.425708925,0.2812,0.9292,-0.2878,1.013
41.42974554,0.3030,0.9348,-0.2870,1.024
41.43021631,0.3215,0.9392,-0.2841,1.033
41.432577848,0.3361,0.9418,-0.2824,1.039
41.439253848,0.3489,0.9446,-0.2790,1.045
41.440156848,0.3628,0.9446,-0.2772,1.049
41.440515002,0.3704,0.9429,-0.2795,1.051
41.442465464,0.3767,0.9453,-0.2837,1.056
41.445077848,0.3664,0.9450,-0.2868,1.053
41.447433233,0.3496,0.9529,-0.2927,1.056
41.449855079,0.3281,0.9619,-0.3017,1.060
41.452205156,0.3017,0.9668,-0.3142,1.060
41.454959925,0.2723,0.9646,-0.3249,1.054
41.457179925,0.2506,0.9626,-0.3284,1.048
41.46101231,0.2316,0.9527,-0.3305,1.035
41.461915387,0.2159,0.9450,-0.3308,1.024
41.464110387,0.2091,0.9367,-0.3315,1.015
41.466623694,0.2089,0.9248,-0.3308,1.004
41.46937931,0.2145,0.9176,-0.3328,0.999
41.471357156,0.2233,0.9094,-0.3256,0.991
41.473895079,0.2357,0.9026,-0.3135,0.984
41.476325464,0.2467,0.8942,-0.2990,0.975
41.479244617,0.2548,0.8915,-0.2890,0.971
41.481377156,0.2595,0.8905,-0.2780,0.968
41.48371631,0.2629,0.8917,-0.2672,0.967
41.485879387,0.2621,0.8938,-0.2518,0.965
41.488519925,0.2543,0.8996,-0.2457,0.967
41.490796233,0.2429,0.9033,-0.2429,0.966
41.493819617,0.2348,0.9079,-0.2445,0.969
41.495763387,0.2231,0.9113,-0.2475,0.970
41.49810031,0.2101,0.9176,-0.2434,0.972
41.50214954,0.1910,0.9211,-0.2406,0.971
41.503004002,0.1752,0.9250,-0.2360,0.971
41.50547654,0.1619,0.9280,-0.2301,0.970
41.508070156,0.1483,0.9304,-0.2255,0.969
41.51106854,0.1390,0.9301,-0.2171,0.965
41.512271079,0.1319,0.9248,-0.2177,0.959
41.515007079,0.1221,0.9182,-0.2191,0.952
41.524632002,0.1207,0.9155,-0.2211,0.950
41.525347002,0.1216,0.9131,-0.2206,0.947
41.525628002,0.1216,0.9094,-0.2236,0.944
41.525898694,0.1246,0.9096,-0.2233,0.945
41.528194387,0.1267,0.9152,-0.2248,0.951
41.529273233,0.1244,0.9169,-0.2301,0.954
41.531680233,0.1223,0.9233,-0.2331,0.960
41.536534387,0.1155,0.9297,-0.2453,0.968
41.53722054,0.1090,0.9375,-0.2604,0.979
41.538953848,0.0978,0.9483,-0.2758,0.992
41.541414771,0.0874,0.9595,-0.2885,1.006
41.544504002,0.0769,0.9758,-0.2958,1.023
41.546127694,0.0626,0.9902,-0.2974,1.036
41.548495694,0.0489,1.0098,-0.2888,1.051
41.551691387,0.0393,1.0259,-0.2714,1.062
41.553371002,0.0263,1.0447,-0.2518,1.075
41.555921233,0.0127,1.0589,-0.2397,1.086
41.558381233,-0.0055,1.0697,-0.2362,1.095
41.561069771,-0.0260,1.0725,-0.2436,1.100
41.563075079,-0.0517,1.0738,-0.2609,1.106
41.565452233,-0.0849,1.0697,-0.2844,1.110
41.568521771,-0.1245,1.0648,-0.3032,1.114
41.570239925,-0.1599,1.0559,-0.3176,1.114
41.572594156,-0.1988,1.0511,-0.3219,1.117
41.576339002,-0.2298,1.0415,-0.3107,1.111
41.577496617,-0.2587,1.0376,-0.2878,1.107
41.580025464,-0.2772,1.0291,-0.2602,1.097
41.582346771,-0.2902,1.0161,-0.2311,1.082
41.585107925,-0.2899,1.0035,-0.2025,1.064
41.587462079,-0.2816,0.9865,-0.1854,1.043
41.589696617,-0.2669,0.9695,-0.1774,1.021
41.593298156,-0.2499,0.9546,-0.1776,1.003
41.594606387,-0.2261,0.9375,-0.1828,0.982
41.59700454,-0.2066,0.9260,-0.1903,0.968
41.59931931,-0.1819,0.9220,-0.2022,0.961
41.602238771,-0.1562,0.9192,-0.2047,0.955
41.60434454,-0.1238,0.9216,-0.2045,0.952
41.606855079,-0.0961,0.9243,-0.2042,0.951
41.609370694,-0.0619,0.9231,-0.2035,0.947
41.611116848,-0.0292,0.9257,-0.2118,0.950
41.613840233,0.0049,0.9282,-0.2228,0.955
41.621559387,0.0396,0.9274,-0.2436,0.960
41.622377233,0.0736,0.9264,-0.2607,0.965
41.622865156,0.1109,0.9292,-0.2778,0.976
41.624531617,0.1451,0.9309,-0.2963,0.988
41.631976848,0.1715,0.9318,-0.3086,0.996
41.633133771,0.1949,0.9372,-0.3244,1.011
41.633374464,0.2143,0.9462,-0.3335,1.026
41.633721464,0.2289,0.9565,-0.3330,1.038
41.63596331,0.2329,0.9690,-0.3308,1.050
41.638025771,0.2316,0.9830,-0.3203,1.059
41.640196002,0.2218,0.9958,-0.3115,1.067
41.642653771,0.2106,1.0027,-0.3014,1.068
41.644816848,0.1889,1.0054,-0.2949,1.065
41.647478156,0.1642,1.0073,-0.2942,1.062
41.650251387,0.1327,1.0107,-0.2970,1.062
41.652242771,0.0960,1.0056,-0.2944,1.052
41.65460854,0.0598,1.0015,-0.2970,1.046
41.657559617,0.0279,0.9898,-0.2965,1.034
41.65990854,0.0024,0.9773,-0.2932,1.020
41.662267387,-0.0195,0.9604,-0.2917,1.004
41.66434554,-0.0339,0.9411,-0.2881,0.985
41.666941771,-0.0446,0.9243,-0.2844,0.968
41.669803617,-0.0442,0.9033,-0.2758,0.945
41.671764002,-0.0427,0.8830,-0.2670,0.923
41.675557848,-0.0402,0.8637,-0.2597,0.903
41.67705754,-0.0314,0.8512,-0.2480,0.887
41.678974079,-0.0211,0.8486,-0.2350,0.881
41.681314387,-0.0080,0.8461,-0.2196,0.874
41.684462464,0.0086,0.8522,-0.1913,0.873
41.686145771,0.0310,0.8598,-0.1632,0.876
41.689121233,0.0601,0.8781,-0.1583,0.894
41.694533848,0.0869,0.9111,-0.1805,0.933
41.695361848,0.1221,0.9527,-0.1954,0.980
41.69578454,0.1637,1.0086,-0.1864,1.039
41.698110156,0.2091,1.0704,-0.1766,1.105
41.707779387,0.2441,1.1321,-0.2110,1.177
41.708543925,0.2702,1.1938,-0.2856,1.257
41.709393771,0.2873,1.2453,-0.3701,1.331
41.709808617,0.2939,1.3010,-0.4444,1.406
41.710443387,0.2886,1.3501,-0.5020,1.469
41.712540233,0.2781,1.3997,-0.5177,1.518
41.715060233,0.2516,1.4520,-0.4915,1.553
41.717216925,0.2155,1.5085,-0.4221,1.581
41.71953354,0.1624,1.5624,-0.3259,1.604
41.72208554,0.0972,1.6135,-0.2157,1.631
41.724964617,0.0203,1.6670,-0.0857,1.669
41.726808233,-0.0488,1.7222,0.0630,1.724
41.729295617,-0.1091,1.7703,0.1922,1.784
41.734416925,-0.1644,1.8018,0.2921,1.833
41.73477254,-0.2224,1.8148,0.3473,1.861
41.73679931,-0.2762,1.8185,0.3935,1.881
41.739030464,-0.3326,1.8078,0.4141,1.884
41.741615387,-0.3833,1.7923,0.4084,1.878
41.744230694,-0.4238,1.7659,0.3962,1.859
41.746293771,-0.4637,1.7356,0.3894,1.838
41.748962079,-0.4976,1.7007,0.3889,1.814
41.750931617,-0.5296,1.6641,0.3877,1.789
41.753555694,-0.5540,1.6287,0.3906,1.764
41.758208233,-0.5809,1.5947,0.3852,1.740
41.75909631,-0.6063,1.5607,0.3728,1.715
41.760676848,-0.6270,1.5388,0.3461,1.697
41.763212925,-0.6444,1.5285,0.3190,1.689
41.766834694,-0.6605,1.5211,0.2904,1.684
41.76797254,-0.6691,1.5231,0.2990,1.690
41.770648002,-0.6693,1.5216,0.3366,1.696
41.77300031,-0.6689,1.5197,0.3559,1.698
41.775721156,-0.6598,1.5167,0.3677,1.694
41.777953156,-0.6176,1.5023,0.3624,1.664
41.780162387,-0.5426,1.4789,0.3381,1.611
41.783107617,-0.4690,1.4622,0.3151,1.568
41.78500154,-0.3945,1.4361,0.2778,1.515
41.78756731,-0.3063,1.3826,0.1802,1.428
41.790922079,-0.2142,1.3294,0.1434,1.354
41.79202954,-0.1467,1.2870,0.0793,1.298
41.794519925,-0.0886,1.2502,0.0029,1.253
41.796888925,-0.0500,1.2185,-0.0794,1.222
41.79928831,-0.0178,1.1810,-0.1774,1.194
41.801696925,0.0154,1.1451,-0.2858,1.180
41.804059002,0.0513,1.1058,-0.3838,1.172
41.807119002,0.0789,1.0697,-0.4566,1.166
41.809059387,0.1146,1.0345,-0.5192,1.163
41.811494387,0.1339,0.9991,-0.5746,1.160
41.813968848,0.1334,0.9648,-0.6293,1.160
41.816710464,0.1204,0.9429,-0.6762,1.167
41.819105848,0.1234,0.9162,-0.7405,1.185
41.830593156,0.1136,0.8859,-0.7747,1.182
41.831942771,0.0874,0.8588,-0.7779,1.162
41.832755925,0.0669,0.8368,-0.7777,1.144
41.833507002,0.0574,0.8195,-0.7774,1.131
41.834074079,0.0489,0.7955,-0.7652,1.105
41.834658387,0.0300,0.7743,-0.7363,1.069
41.840163617,-0.0016,0.7596,-0.7067,1.038
41.842375617,-0.0346,0.7508,-0.6797,1.013
41.843075617,-0.0728,0.7457,-0.6574,0.997
41.843713771,-0.1087,0.7384,-0.6289,0.976
41.845955079,-0.1590,0.7393,-0.5961,0.963
41.852478156,-0.2179,0.7469,-0.5712,0.965
41.852924617,-0.2958,0.7601,-0.5539,0.986
41.85332331,-0.3722,0.7792,-0.5365,1.017
41.855308233,-0.4516,0.7997,-0.5150,1.053
41.858579387,-0.5193,0.8229,-0.4820,1.086
41.859820002,-0.5802,0.8473,-0.4412,1.118
41.86196054,-0.6249,0.8632,-0.4016,1.139
41.864666387,-0.6645,0.8779,-0.3596,1.158
41.867532925,-0.7048,0.8938,-0.3266,1.184
41.870095387,-0.7380,0.8971,-0.2968,1.199
41.872562694,-0.8008,0.9167,-0.2382,1.240
41.874807694,-0.8729,0.9353,-0.1928,1.294
41.877903925,-0.9420,0.9467,-0.1456,1.343
41.879224541,-1.0131,0.9518,-0.0833,1.393
41.882388925,-1.0774,0.9474,-0.0166,1.435
41.883671387,-1.1355,0.9353,0.0558,1.472
41.886389848,-1.1841,0.9267,0.1653,1.513
41.889753848,-1.2288,0.9126,0.2755,1.555
41.891014387,-1.2789,0.8938,0.3637,1.602
41.893804617,-1.3167,0.8684,0.4316,1.635
41.89823531,-1.3676,0.8426,0.4590,1.671
41.899117233,-1.4059,0.8018,0.4570,1.682
41.900947002,-1.4184,0.7589,0.4343,1.666
41.903316541,-1.4159,0.7112,0.3854,1.631
41.906612617,-1.3823,0.6558,0.3244,1.564
41.907831617,-1.3337,0.5952,0.2559,1.483
41.910335079,-1.2731,0.5429,0.1912,1.397
41.912623002,-1.2086,0.5023,0.1045,1.313
41.914988848,-1.1206,0.4557,0.0146,1.210
41.917611387,-1.0218,0.4256,-0.0324,1.107
41.920113541,-0.9268,0.4144,-0.0718,1.018
41.928409541,-0.8389,0.4098,-0.0901,0.938
41.930093848,-0.7588,0.4156,-0.0706,0.868
41.930396002,-0.6825,0.4249,-0.0481,0.805
41.930925771,-0.6141,0.4305,-0.0503,0.752
41.931871617,-0.5408,0.4288,-0.0464,0.692
41.934312848,-0.4725,0.4307,-0.0412,0.641
41.937225848,-0.4148,0.4340,-0.0354,0.601
41.941760617,-0.3598,0.4396,-0.0200,0.568
41.94286431,-0.3124,0.4449,-0.0014,0.544
41.944264541,-0.2692,0.4496,0.0127,0.524
41.947106387,-0.2317,0.4566,0.0337,0.513
41.949332848,-0.2088,0.4601,0.0486,0.508
41.951726464,-0.1905,0.4603,0.0632,0.502
41.953799079,-0.1785,0.4659,0.0761,0.505
41.956308925,-0.1716,0.4687,0.0857,0.506
41.958636541,-0.1592,0.4703,0.0940,0.505
41.961184617,-0.1511,0.4733,0.1015,0.507
41.964289541,-0.1392,0.4735,0.0926,0.502
41.965761464,-0.1182,0.4642,0.0712,0.484
41.968156848,-0.0971,0.4545,0.0505,0.467
41.971835002,-0.0737,0.4442,0.0312,0.451
41.97305231,-0.0534,0.4315,0.0087,0.435
41.975723617,-0.0341,0.4214,-0.0093,0.423
41.978312848,-0.0183,0.4114,-0.0254,0.413
41.98127531,-0.0062,0.4065,-0.0515,0.410
41.982774694,0.0026,0.3983,-0.0633,0.403
41.986153464,0.0183,0.3948,-0.0699,0.401
41.98845531,0.0315,0.3958,-0.0718,0.404
41.989755387,0.0420,0.3981,-0.0757,0.407
41.99215131,0.0586,0.4014,-0.0675,0.411
41.994638464,0.0780,0.4088,-0.0510,0.419
41.997564541,0.0962,0.4183,-0.0307,0.430
41.999633771,0.1163,0.4281,-0.0114,0.444
42.002327617,0.1316,0.4379,0.0026,0.457
42.005435387,0.1498,0.4573,0.0219,0.482
42.006745156,0.1661,0.4757,0.0417,0.506
42.009384541,0.1796,0.4926,0.0598,0.528
42.011671002,0.1969,0.5069,0.0754,0.549
42.014088848,0.2042,0.5288,0.0905,0.574
42.016381541,0.2096,0.5532,0.1040,0.601
42.019570156,0.2108,0.5756,0.1113,0.623
42.025331079,0.2101,0.5986,0.1120,0.644
42.025945848,0.2033,0.6269,0.1026,0.667
42.026521848,0.1891,0.6587,0.0879,0.691
42.028608541,0.1752,0.6865,0.0693,0.712
42.037564925,0.1551,0.7174,0.0522,0.736
42.038106387,0.1365,0.7501,0.0353,0.763
42.038268925,0.1190,0.7787,0.0209,0.788
42.038420925,0.0999,0.8070,0.0111,0.813
42.040459387,0.0885,0.8329,0.0011,0.838
42.044074464,0.0682,0.8583,-0.0058,0.861
42.046220617,0.0517,0.8824,-0.0093,0.884
42.047603617,0.0396,0.9124,0.0006,0.913
42.050018694,0.0298,0.9372,0.0039,0.938
42.052540233,0.0176,0.9641,0.0058,0.964
42.055138464,0.0056,0.9883,0.0029,0.988
42.057336925,-0.0050,1.0171,0.0039,1.017
42.059706464,-0.0148,1.0398,-0.0073,1.040
42.06324731,-0.0170,1.0592,-0.0168,1.059
42.064521156,-0.0385,1.0890,0.0060,1.090
42.067021464,-0.0546,1.1165,0.0148,1.118
42.069369541,-0.0728,1.1456,0.0234,1.148
42.071785541,-0.0920,1.1679,0.0246,1.172
42.074186387,-0.1066,1.1854,0.0192,1.190
42.076627387,-0.1213,1.1999,0.0055,1.206
42.079455617,-0.1324,1.2164,0.0060,1.224
42.081562079,-0.1492,1.2358,0.0190,1.245
42.083825848,-0.1648,1.2502,0.0270,1.261
42.087643925,-0.1821,1.2621,0.0373,1.276
42.088677464,-0.2010,1.2756,0.0488,1.292
42.091132233,-0.2237,1.2802,0.0574,1.301
42.093681156,-0.2426,1.2863,0.0715,1.311
42.096289156,-0.2603,1.2905,0.0791,1.319
42.098531925,-0.2829,1.2905,0.0773,1.323
42.101032233,-0.3114,1.2874,0.0756,1.327
42.104195387,-0.3798,1.2770,0.0781,1.335
42.105579079,-0.4697,1.2572,0.0947,1.345
42.107992925,-0.4697,1.2390,0.1076,1.329
42.110592233,-0.3381,1.2688,0.0691,1.315
42.113107002,-0.3349,1.2563,0.0263,1.300
42.115856541,-0.3473,1.2385,0.0234,1.286
42.117580233,-0.3337,1.2470,0.0463,1.292
42.12205531,-0.3505,1.2490,0.0549,1.298
42.122711387,-0.3708,1.2544,0.0623,1.310
42.124925464,-0.3898,1.2443,0.0813,1.306
42.127471079,-0.4199,1.2502,0.0854,1.322
42.133009541,-0.4429,1.2416,0.0784,1.321
42.133773156,-0.4753,1.2460,0.0635,1.335
42.134812233,-0.4954,1.2453,0.0537,1.341
42.141028848,-0.5115,1.2404,0.0421,1.342
42.141763925,-0.5282,1.2370,0.0260,1.345
42.142375079,-0.5391,1.2262,0.0099,1.340
42.145857541,-0.5538,1.2145,-0.0114,1.335
42.146719617,-0.5580,1.2101,-0.0090,1.333
42.149363387,-0.5531,1.2077,-0.0032,1.328
42.151829233,-0.5524,1.2023,-0.0046,1.323
42.154095002,-0.5587,1.1943,-0.0112,1.319
42.156137541,-0.5564,1.1915,-0.0193,1.315
42.158685233,-0.5445,1.1922,-0.0356,1.311
42.16198331,-0.5401,1.1943,-0.0517,1.312
42.163377464,-0.5374,1.1906,-0.0626,1.308
42.165889464,-0.5081,1.1840,-0.0745,1.291
42.168347694,-0.4912,1.1852,-0.0801,1.285
42.170808925,-0.4719,1.1859,-0.0923,1.280
42.173152617,-0.4397,1.1749,-0.1009,1.259
42.175655002,-0.4155,1.1754,-0.1197,1.252
42.178555002,-0.4038,1.1887,-0.1309,1.262
42.180276541,-0.3801,1.1879,-0.1251,1.253
42.182793233,-0.3715,1.1940,-0.1134,1.256
42.185498464,-0.3647,1.1964,-0.1062,1.255
42.187777771,-0.3596,1.1913,-0.1085,1.249
42.189950387,-0.3635,1.1950,-0.1292,1.256
42.193248848,-0.3535,1.1896,-0.1573,1.251
42.195282387,-0.3227,1.1720,-0.1740,1.228
42.197443694,-0.2985,1.1459,-0.1656,1.196
42.199751925,-0.2780,1.1165,-0.1458,1.160
42.202182387,-0.2499,1.0860,-0.1356,1.123
42.204578387,-0.2215,1.0571,-0.1288,1.088
42.206884002,-0.2007,1.0320,-0.1288,1.059
42.210277848,-0.1875,1.0144,-0.1280,1.039
42.215679387,-0.1834,1.0015,-0.1267,1.026
42.21635131,-0.1853,0.9937,-0.1183,1.018
42.216729541,-0.1909,0.9905,-0.1102,1.015
42.227980233,-0.1986,0.9902,-0.1151,1.016
42.228938771,-0.1995,0.9902,-0.1226,1.018
42.22913931,-0.2049,0.9900,-0.1300,1.019
42.229585848,-0.2110,0.9942,-0.1381,1.026
42.229757771,-0.2200,0.9983,-0.1476,1.033
42.231082387,-0.2293,1.0042,-0.1558,1.042
42.233637464,-0.2408,1.0115,-0.1579,1.052
42.236711617,-0.2503,1.0152,-0.1754,1.060
42.238153156,-0.2582,1.0164,-0.1844,1.065
42.240616848,-0.2706,1.0215,-0.1873,1.073
42.243316925,-0.2753,1.0168,-0.2022,1.073
42.245491002,-0.2750,1.0152,-0.2101,1.073
42.247789771,-0.2843,1.0181,-0.2103,1.078
42.250865771,-0.2904,1.0110,-0.2274,1.076
42.253480925,-0.2862,1.0007,-0.2348,1.067
42.255340233,-0.2853,0.9895,-0.2348,1.056
42.258003617,-0.2797,0.9793,-0.2250,1.043
42.260790156,-0.2760,0.9724,-0.2155,1.034
42.262301233,-0.2699,0.9634,-0.2010,1.020
42.26491631,-0.2571,0.9527,-0.1879,1.004
42.267343694,-0.2454,0.9421,-0.1740,0.989
42.269754156,-0.2308,0.9318,-0.1632,0.974
42.271988541,-0.2152,0.9236,-0.1632,0.962
42.274576233,-0.1944,0.9136,-0.1663,0.949
42.277866771,-0.1734,0.9028,-0.1668,0.934
42.279277848,-0.1485,0.8930,-0.1673,0.921
42.281808541,-0.1238,0.8817,-0.1656,0.906
42.284225771,-0.1003,0.8730,-0.1676,0.895
42.286805848,-0.0747,0.8661,-0.1725,0.886
42.288888617,-0.0461,0.8554,-0.1725,0.874
42.291698387,-0.0202,0.8502,-0.1742,0.868
42.293832617,0.0014,0.8483,-0.1710,0.865
42.296099694,0.0225,0.8412,-0.1707,0.859
42.298701233,0.0410,0.8376,-0.1695,0.856
42.301066079,0.0586,0.8332,-0.1666,0.852
42.303433541,0.0691,0.8258,-0.1637,0.845
42.305942156,0.0787,0.8165,-0.1637,0.836
42.308726771,0.0811,0.8078,-0.1705,0.830
42.314765233,0.0848,0.7987,-0.1781,0.823
42.315463387,0.0838,0.7892,-0.1901,0.816
42.315840002,0.0792,0.7801,-0.2003,0.809
42.326228233,0.0736,0.7704,-0.2106,0.802
42.326990464,0.0582,0.7655,-0.2208,0.799
42.327193771,0.0401,0.7662,-0.2280,0.800
42.327372925,0.0217,0.7650,-0.2325,0.800
42.327543617,0.0005,0.7645,-0.2313,0.799
42.329953233,-0.0227,0.7635,-0.2262,0.797
42.332235387,-0.0468,0.7652,-0.2145,0.796
42.334622771,-0.0747,0.7647,-0.2022,0.795
42.336979925,-0.1040,0.7582,-0.1852,0.787
42.339392617,-0.1345,0.7582,-0.1719,0.789
42.341754694,-0.1673,0.7523,-0.1602,0.787
42.344278079,-0.2002,0.7523,-0.1509,0.793
42.346629156,-0.2352,0.7484,-0.1405,0.797
42.34911231,-0.2664,0.7435,-0.1319,0.801
42.351667079,-0.2962,0.7433,-0.1207,0.809
42.353968848,-0.3272,0.7442,-0.1094,0.820
42.356668233,-0.3561,0.7410,-0.1034,0.829
42.360284848,-0.3850,0.7391,-0.0978,0.839
42.361490079,-0.4047,0.7393,-0.0906,0.848
42.36373231,-0.4241,0.7401,-0.0894,0.858
42.366209156,-0.4411,0.7489,-0.1172,0.877
42.368682464,-0.4480,0.7611,-0.1395,0.894
42.371052002,-0.4460,0.7760,-0.1439,0.907
42.373367925,-0.4343,0.7911,-0.1419,0.914
42.376542387,-0.4045,0.7953,-0.1483,0.904
42.378131002,-0.3586,0.8006,-0.1517,0.890
42.380514771,-0.3058,0.8050,-0.1414,0.873
42.383275694,-0.2513,0.8114,-0.1353,0.860
42.385574387,-0.2014,0.8232,-0.1332,0.858
42.387816925,-0.1592,0.8407,-0.1383,0.867
42.390505541,-0.1196,0.8659,-0.1419,0.886
42.393080002,-0.0901,0.9018,-0.1429,0.918
42.395221233,-0.0588,0.9424,-0.1622,0.958
42.39786031,-0.0239,0.9881,-0.2069,1.010
42.400107925,0.0170,1.0484,-0.2548,1.079
42.402621464,0.0623,1.1153,-0.2839,1.153
42.405061156,0.1131,1.1913,-0.2753,1.228
42.408256848,0.1610,1.2895,-0.2287,1.319
42.409765464,0.1922,1.4359,-0.1183,1.454
42.412007694,0.2013,1.6179,0.0481,1.631
42.414902694,0.2196,1.7933,0.2247,1.821
42.417603002,0.2944,1.9485,0.5279,2.040
42.419015079,0.4544,2.0838,0.9391,2.330
42.421466156,0.6767,2.2020,1.3253,2.658
42.424779387,0.8842,2.2814,1.5350,2.888
42.431292848,1.0083,2.3606,1.5068,2.977
42.43187631,1.0803,2.3974,1.2801,2.925
42.432261541,1.2220,2.3193,0.6163,2.693
42.443831079,1.5015,2.1370,-0.2651,2.625
42.444473464,1.6848,1.9091,-0.7148,2.645
42.444723694,1.7466,1.7007,-0.7735,2.558
42.445137233,1.7237,1.5416,-0.7500,2.431
42.445717464,1.5881,1.4354,-0.7163,2.257
42.445905464,1.3720,1.3569,-0.7029,2.054
42.448558156,1.1490,1.2663,-0.7021,1.848
42.451239002,0.9545,1.1668,-0.6660,1.648
42.45289931,0.7610,1.0650,-0.5912,1.436
42.45524731,0.5693,0.9672,-0.4854,1.223
42.457852541,0.3806,0.8733,-0.3669,1.021
42.460087002,0.2128,0.8036,-0.2695,0.874
42.46530731,0.0522,0.7545,-0.2115,0.785
42.466020541,-0.0971,0.7179,-0.1486,0.739
42.467590771,-0.2301,0.6895,-0.0677,0.730
42.469730771,-0.3522,0.6699,0.0283,0.757
42.472147694,-0.4485,0.6480,0.0754,0.792
42.474621848,-0.5294,0.6187,0.0654,0.817
42.476970079,-0.6081,0.6035,0.0490,0.858
42.479407387,-0.6926,0.5917,-0.0073,0.911
42.482016925,-0.7707,0.5773,-0.0880,0.967
42.484238387,-0.8870,0.5822,-0.1854,1.077
42.486742387,-0.9263,0.5724,-0.2426,1.116
42.489228848,-0.9046,0.5483,-0.3513,1.115
42.492286464,-0.8792,0.5390,-0.4920,1.143
42.493926694,-0.8526,0.5470,-0.6159,1.186
42.496242464,-0.8077,0.5679,-0.7241,1.224
42.498868233,-0.7578,0.5994,-0.7962,1.252
42.501794156,-0.7008,0.6429,-0.8104,1.249
42.503839925,-0.6608,0.6961,-0.8008,1.250
42.506031617,-0.6258,0.7566,-0.7735,1.250
42.50862331,-0.6124,0.8414,-0.7172,1.264
42.511316848,-0.6195,0.9431,-0.6373,1.296
42.513471079,-0.6664,1.0584,-0.5565,1.369
42.517116848,-0.7306,1.1798,-0.4004,1.444
42.518312002,-0.7907,1.3008,-0.2233,1.539
42.520658771,-0.8557,1.4156,-0.0403,1.655
42.523443079,-0.9356,1.5131,0.0510,1.780
42.530104541,-1.0360,1.5719,0.1411,1.888
42.530556233,-1.1343,1.6069,0.2638,1.985
42.530785848,-1.2484,1.6245,0.2623,2.065
42.532761464,-1.3365,1.6064,0.2978,2.111
42.545042079,-1.3979,1.5490,0.3178,2.111
42.546002464,-1.4280,1.4759,0.3229,2.079
42.546208925,-1.4378,1.3883,0.3102,2.023
42.546383925,-1.4106,1.2905,0.2858,1.933
42.546564848,-1.3470,1.1982,0.2501,1.820
42.54713631,-1.2540,1.1234,0.2156,1.697
42.552397156,-1.1489,1.0660,0.1725,1.577
42.553110156,-1.0267,1.0068,0.1216,1.443
42.554638771,-0.8963,0.9380,0.0566,1.299
42.556686156,-0.7624,0.8803,-0.0107,1.165
42.558894694,-0.6302,0.8260,-0.0869,1.043
42.561482464,-0.5068,0.7850,-0.1600,0.948
42.566629464,-0.3931,0.7587,-0.2184,0.882
42.567369848,-0.2904,0.7459,-0.2788,0.848
42.568805464,-0.1986,0.7428,-0.3320,0.837
42.571588617,-0.1120,0.7518,-0.3804,0.850
42.574742156,-0.0341,0.7701,-0.4127,0.874
42.57589531,0.0403,0.7936,-0.4412,0.909
42.578281848,0.1080,0.8167,-0.4654,0.946
42.580920233,0.1691,0.8381,-0.4728,0.977
42.583545233,0.2320,0.8637,-0.4710,1.011
42.585875925,0.2856,0.8930,-0.4688,1.048
42.588134694,0.3317,0.9201,-0.4622,1.082
42.591323079,0.3716,0.9487,-0.4476,1.113
42.592719925,0.4116,0.9781,-0.4278,1.144
42.595325156,0.4400,1.0096,-0.4078,1.174
42.598563694,0.4635,1.0445,-0.3872,1.207
42.600255002,0.4826,1.0704,-0.3718,1.232
42.602767617,0.5057,1.0924,-0.3579,1.256
42.605040002,0.5238,1.1244,-0.3491,1.289
42.607810387,0.5382,1.1493,-0.3225,1.309
42.609664925,0.5504,1.1726,-0.3019,1.330
42.612396541,0.5414,1.1901,-0.2829,1.338
42.615562079,0.5167,1.2045,-0.2526,1.335
42.616996002,0.4826,1.2096,-0.2329,1.323
42.619375925,0.4278,1.2101,-0.2362,1.305
42.622058387,0.3684,1.2033,-0.1922,1.273
42.628809848,0.3140,1.1833,-0.1742,1.237
42.629324617,0.2597,1.1681,-0.1842,1.211
42.629577848,0.2008,1.1493,-0.2079,1.185
42.631735925,0.1388,1.1366,-0.2418,1.170
42.639701848,0.0759,1.1188,-0.2816,1.156
42.640281156,0.0170,1.1034,-0.3137,1.147
42.640476925,-0.0372,1.0892,-0.3296,1.139
42.641158387,-0.0917,1.0769,-0.3396,1.133
42.64398731,-0.1423,1.0685,-0.3445,1.132
42.646527694,-0.1902,1.0587,-0.3503,1.131
42.648814156,-0.2379,1.0501,-0.3589,1.135
42.650506387,-0.2775,1.0352,-0.3699,1.134
42.653269156,-0.3116,1.0115,-0.3877,1.127
42.655674464,-0.3414,0.9888,-0.4041,1.121
42.657889464,-0.3593,0.9576,-0.4109,1.102
42.660208848,-0.3679,0.9269,-0.4107,1.079
42.662896002,-0.3666,0.8977,-0.3985,1.048
42.665679387,-0.3519,0.8712,-0.3825,1.015
42.667476925,-0.3251,0.8446,-0.3618,0.975
42.670244848,-0.2899,0.8178,-0.3361,0.930
42.673911079,-0.2469,0.7994,-0.3161,0.894
42.674818387,-0.2042,0.7929,-0.2988,0.872
42.677199925,-0.1562,0.7897,-0.2873,0.855
42.679975925,-0.1064,0.7906,-0.2790,0.845
42.682600925,-0.0574,0.7997,-0.2780,0.849
42.684706156,-0.0124,0.8119,-0.2832,0.860
42.686951079,0.0230,0.8302,-0.2905,0.880
42.69010431,0.0552,0.8544,-0.2981,0.907
42.691588925,0.0796,0.8805,-0.3049,0.935
42.694095002,0.1002,0.9106,-0.3056,0.966
42.696628617,0.1102,0.9416,-0.3107,0.998
42.699302464,0.1141,0.9714,-0.3066,1.025
42.701442771,0.1146,0.9991,-0.3026,1.050
42.70382731,0.1085,1.0208,-0.2951,1.068
42.706436002,0.1043,1.0420,-0.2900,1.087
42.708481464,0.0948,1.0526,-0.2868,1.095
42.711477233,0.0862,1.0618,-0.2844,1.103
42.718785848,0.0789,1.0638,-0.2821,1.103
42.719546464,0.0696,1.0611,-0.2775,1.099
42.719910156,0.0586,1.0515,-0.2778,1.089
42.723956002,0.0486,1.0457,-0.2783,1.083
42.72417931,0.0377,1.0322,-0.2768,1.069
42.728205771,0.0237,1.0168,-0.2816,1.055
42.728592233,0.0105,1.0051,-0.2925,1.047
42.730258771,0.0005,0.9868,-0.3058,1.033
42.737350156,-0.0092,0.9702,-0.3176,1.021
42.738020925,-0.0167,0.9578,-0.3274,1.012
42.741589771,-0.0207,0.9448,-0.3291,1.001
42.742092233,-0.0256,0.9316,-0.3296,0.989
42.742622156,-0.0244,0.9208,-0.3240,0.976
42.744789156,-0.0244,0.9138,-0.3163,0.967
42.747137541,-0.0229,0.9064,-0.3075,0.957
42.749327387,-0.0229,0.9067,-0.2939,0.953
42.751903617,-0.0170,0.9047,-0.2819,0.948
42.754651694,-0.0129,0.9067,-0.2765,0.948
42.756772925,-0.0065,0.9067,-0.2753,0.948
42.759328002,-0.0034,0.9106,-0.2751,0.951
42.761923387,-0.0004,0.9133,-0.2741,0.954
42.764269771,0.0054,0.9187,-0.2775,0.960
42.76643531,0.0083,0.9241,-0.2780,0.965
42.768865771,0.0158,0.9304,-0.2821,0.972
42.772188541,0.0232,0.9331,-0.2844,0.976
42.773846464,0.0330,0.9372,-0.2905,0.982
42.776231925,0.0424,0.9385,-0.2970,0.985
42.77879931,0.0522,0.9399,-0.2905,0.985
42.781155387,0.0591,0.9350,-0.2827,0.979
42.783180617,0.0596,0.9357,-0.2736,0.977
42.786050464,0.0635,0.9348,-0.2641,0.973
42.789195387,0.0677,0.9341,-0.2567,0.971
42.790474387,0.0666,0.9326,-0.2639,0.971
42.792813848,0.0669,0.9301,-0.2702,0.971
42.795596848,0.0664,0.9289,-0.2719,0.970
42.798059002,0.0638,0.9255,-0.2690,0.966
42.800447079,0.0628,0.9269,-0.2695,0.967
42.803291694,0.0677,0.9248,-0.2711,0.966
42.805907617,0.0748,0.9287,-0.2723,0.971
42.807276541,0.0818,0.9326,-0.2719,0.975
42.80989531,0.0904,0.9385,-0.2697,0.981
42.812451617,0.0994,0.9416,-0.2683,0.984
42.815000848,0.1085,0.9453,-0.2702,0.989
42.817292617,0.1148,0.9504,-0.2723,0.995
42.819737156,0.1158,0.9521,-0.2809,0.999
42.824611387,0.1148,0.9529,-0.2965,1.005
42.825195002,0.1116,0.9546,-0.3105,1.010
42.826806464,0.1038,0.9585,-0.3205,1.016
42.829148541,0.0933,0.9607,-0.3277,1.019
42.833721848,0.0801,0.9663,-0.3300,1.024
42.834332233,0.0664,0.9709,-0.3354,1.029
42.836748925,0.0533,0.9805,-0.3361,1.038
42.844001233,0.0386,0.9878,-0.3396,1.045
42.844456541,0.0254,0.9942,-0.3373,1.050
42.844651617,0.0088,1.0019,-0.3364,1.057
42.846708848,-0.0058,1.0061,-0.3337,1.060
42.848216848,-0.0258,1.0084,-0.3333,1.062
42.850743694,-0.0407,1.0100,-0.3303,1.063
42.853671617,-0.0581,1.0107,-0.3279,1.064
42.856023079,-0.0759,1.0073,-0.3249,1.061
42.859513541,-0.0901,1.0024,-0.3188,1.056
42.861064925,-0.1035,0.9958,-0.3095,1.048
42.863268002,-0.1135,0.9942,-0.2993,1.044
42.865942387,-0.1250,0.9861,-0.2827,1.033
42.86778831,-0.1333,0.9814,-0.2699,1.027
42.870953541,-0.1374,0.9773,-0.2565,1.020
42.873022771,-0.1450,0.9721,-0.2485,1.014
42.875385848,-0.1443,0.9678,-0.2392,1.007
42.877602156,-0.1436,0.9648,-0.2301,1.002
42.880255617,-0.1446,0.9580,-0.2218,0.994
42.882135002,-0.1411,0.9553,-0.2140,0.989
42.884783925,-0.1350,0.9543,-0.2120,0.987
42.887201233,-0.1264,0.9506,-0.2089,0.981
42.889874156,-0.1140,0.9460,-0.2101,0.976
42.891953156,-0.0923,0.9429,-0.2106,0.970
42.894286387,-0.0696,0.9385,-0.2126,0.965
42.896769541,-0.0451,0.9345,-0.2167,0.960
42.89922831,-0.0219,0.9316,-0.2208,0.958
42.901911387,0.0042,0.9304,-0.2226,0.957
42.904977156,0.0279,0.9306,-0.2284,0.959
42.906681233,0.0557,0.9287,-0.2372,0.960
42.908718694,0.0831,0.9309,-0.2423,0.966
42.91162031,0.1073,0.9331,-0.2411,0.970
42.914214387,0.1307,0.9336,-0.2289,0.970
42.915950464,0.1530,0.9367,-0.2157,0.973
42.918835617,0.1735,0.9411,-0.2128,0.980
42.925109233,0.1896,0.9453,-0.2077,0.986
42.926275387,0.2047,0.9509,-0.2045,0.994
42.926953541,0.2177,0.9599,-0.2035,1.005
42.928921541,0.2301,0.9634,-0.2045,1.011
42.936436541,0.2374,0.9670,-0.2028,1.016
42.937520233,0.2409,0.9670,-0.2030,1.017
42.937852617,0.2443,0.9697,-0.2038,1.021
42.938155002,0.2438,0.9749,-0.1986,1.024
42.940176002,0.2394,0.9793,-0.1991,1.028
42.942548617,0.2377,0.9858,-0.2045,1.034
42.946196925,0.2313,0.9956,-0.2069,1.043
42.947196002,0.2196,1.0103,-0.2101,1.055
42.949706464,0.2120,1.0245,-0.2074,1.067
42.952003925,0.1982,1.0394,-0.2008,1.077
42.954599002,0.1823,1.0450,-0.1973,1.079
42.956789464,0.1649,1.0523,-0.1913,1.082
42.959571617,0.1490,1.0513,-0.1871,1.078
42.962650694,0.1344,1.0450,-0.1810,1.069
42.964201156,0.1165,1.0376,-0.1859,1.061
42.966611617,0.0997,1.0293,-0.1933,1.052
42.96922431,0.0816,1.0230,-0.1945,1.044
42.971458694,0.0591,1.0212,-0.1933,1.041
42.973988541,0.0412,1.0210,-0.1961,1.041
42.976278771,0.0244,1.0217,-0.1979,1.041
42.979135694,0.0122,1.0196,-0.2040,1.040
42.981055694,0.0002,1.0142,-0.2054,1.035
42.983705156,-0.0055,1.0128,-0.2001,1.032
42.986095925,-0.0124,1.0059,-0.1859,1.023
42.98848831,-0.0170,1.0044,-0.1700,1.019
42.991213156,-0.0209,1.0054,-0.1495,1.017
42.993739694,-0.0251,1.0051,-0.1390,1.015
42.996018694,-0.0270,1.0068,-0.1346,1.016
42.998506694,-0.0307,1.0117,-0.1360,1.021
43.000899617,-0.0363,1.0240,-0.1437,1.035
43.004144541,-0.0461,1.0382,-0.1497,1.050
43.005179387,-0.0576,1.0620,-0.1453,1.073
43.00761131,-0.0681,1.0870,-0.1302,1.097
43.010211079,-0.0754,1.1197,-0.1178,1.128
43.012374079,-0.0766,1.1470,-0.1046,1.154
43.014784617,-0.0833,1.1764,-0.0860,1.183
43.01748831,-0.0820,1.2126,-0.0703,1.217
43.024587617,-0.0808,1.2514,-0.0471,1.255
43.025215387,-0.0847,1.2907,-0.0266,1.294
43.025661464,-0.0896,1.3369,-0.0117,1.340
43.038062694,-0.0961,1.3823,0.0043,1.386
43.03910731,-0.1062,1.4351,0.0332,1.439
43.039258464,-0.1196,1.4845,0.0617,1.491
43.039377771,-0.1338,1.5414,0.0903,1.550
43.039510464,-0.1490,1.5979,0.1199,1.609
43.039622156,-0.1641,1.6506,0.1285,1.664
43.041179617,-0.1841,1.7044,0.1483,1.721
43.044391617,-0.2166,1.7682,0.1802,1.790
43.046086464,-0.2599,1.8270,0.1881,1.855
43.048458694,-0.2999,1.8842,0.1826,1.917
43.050841771,-0.3346,1.9385,0.1758,1.975
43.053335387,-0.3632,1.9863,0.1704,2.026
43.055753848,-0.3950,2.0381,0.1760,2.083
43.058175387,-0.4152,2.0938,0.1839,2.142
43.062082771,-0.4213,2.1473,0.2215,2.199
43.062932925,-0.4253,2.2045,0.2496,2.259
43.065403387,-0.4036,2.2446,0.2469,2.294
43.067945233,-0.3574,2.2526,0.2224,2.292
43.070551079,-0.3209,2.2668,0.2000,2.298
43.072738079,-0.2897,2.2590,0.1690,2.284
43.075278694,-0.2423,2.2162,0.1148,2.232
43.078311925,-0.1883,2.1373,0.0185,2.146
43.079914156,-0.1397,2.0596,-0.1143,2.067
43.082490464,-0.0881,1.9756,-0.2404,1.992
43.08502731,-0.0383,1.8837,-0.3564,1.917
43.088576541,0.0021,1.7955,-0.4659,1.855
43.089567925,0.0364,1.7088,-0.5653,1.800
43.092229541,0.0620,1.6191,-0.6469,1.745
43.09839631,0.0782,1.5343,-0.7060,1.691
43.099167002,0.0916,1.4613,-0.7388,1.640
43.099586771,0.0929,1.3992,-0.7461,1.588
43.101685464,0.1018,1.3401,-0.7358,1.532
43.104069771,0.1109,1.2839,-0.7041,1.468
43.106440541,0.1185,1.2346,-0.6569,1.404
43.108969156,0.1111,1.1879,-0.6061,1.338
43.111692233,0.0955,1.1505,-0.5570,1.282
43.113656617,0.0918,1.1102,-0.5108,1.226
43.116365771,0.0769,1.0676,-0.4952,1.179
43.122114771,0.0112,1.0479,-0.5224,1.171
43.122638771,-0.1324,1.0701,-0.5797,1.224
43.123544617,-0.2413,1.0687,-0.6584,1.278
43.126554464,-0.2479,1.0205,-0.5802,1.200
43.133031002,-0.2203,0.9658,-0.4190,1.076
43.133875002,-0.2079,0.9211,-0.3293,1.000
43.134319925,-0.2335,0.9003,-0.2939,0.975
43.142968848,-0.2755,0.8898,-0.2946,0.977
43.14400831,-0.3249,0.8852,-0.3159,0.994
43.144219694,-0.3825,0.8801,-0.3373,1.017
43.144558387,-0.4336,0.8830,-0.3479,1.043
43.145274694,-0.4627,0.8873,-0.3645,1.065
43.147257156,-0.4937,0.8896,-0.3764,1.085
43.149657771,-0.5273,0.8996,-0.3999,1.117
43.152062387,-0.5543,0.8952,-0.4006,1.127
43.154469771,-0.6188,0.8950,-0.3882,1.155
43.15723631,-0.6969,0.8984,-0.4058,1.207
43.159885771,-0.8012,0.9075,-0.3484,1.260
43.161934771,-0.9281,0.9087,-0.3657,1.349
43.164124233,-1.0214,0.8950,-0.3540,1.403
43.166720925,-1.0922,0.8761,-0.3452,1.442
43.169278079,-1.1429,0.8393,-0.3373,1.458
43.171503618,-1.1751,0.7960,-0.3357,1.458
43.17394731,-1.1704,0.7107,-0.4021,1.427
43.177017848,-0.9633,0.5253,-0.4002,1.168
43.178934156,-1.2787,0.5602,-0.4153,1.456
43.181333233,-1.3483,0.5065,-0.4163,1.499
43.183718387,-1.3854,0.4657,-0.3601,1.505
43.185956618,-1.4236,0.4366,-0.2873,1.516
43.188504233,-1.4421,0.4102,-0.2066,1.514
43.190892618,-1.4438,0.3780,-0.1204,1.497
43.193622156,-1.4382,0.3485,-0.0528,1.481
43.195531618,-1.4013,0.3162,-0.0034,1.437
43.197892618,-1.3283,0.2873,0.0537,1.360
43.201100618,-1.2193,0.2558,0.1003,1.250
43.202876925,-1.0759,0.2341,0.1373,1.110
43.205242387,-0.9515,0.2339,0.1678,0.994
43.207789541,-0.8438,0.2380,0.1927,0.898
43.210319618,-0.7492,0.2465,0.2135,0.817
43.212550694,-0.6593,0.2514,0.2313,0.743
43.215125848,-0.5716,0.2532,0.2508,0.674
43.223054694,-0.4891,0.2576,0.2716,0.616
43.224020233,-0.4116,0.2570,0.2955,0.568
43.224294079,-0.3437,0.2602,0.3163,0.535
43.225578464,-0.2826,0.2627,0.3268,0.506
43.234986771,-0.2308,0.2668,0.3188,0.475
43.235489464,-0.1986,0.2714,0.3124,0.459
43.235728848,-0.1832,0.2849,0.2848,0.443
43.23664731,-0.1450,0.2824,0.2352,0.395
43.237010156,-0.1308,0.2912,0.1863,0.370
43.239608848,-0.1091,0.2952,0.1490,0.348
43.242448618,-0.0979,0.2993,0.1199,0.337
43.244297541,-0.0886,0.3035,0.1038,0.333
43.247047694,-0.0866,0.3061,0.0989,0.333
43.248812848,-0.0920,0.3126,0.0982,0.340
43.25148431,-0.0996,0.3169,0.0966,0.346
43.253588925,-0.1140,0.3231,0.0950,0.356
43.256593464,-0.1423,0.3401,0.0866,0.379
43.259131925,-0.1736,0.3485,0.0796,0.397
43.260935694,-0.2140,0.3629,0.0764,0.428
43.26319531,-0.2582,0.3697,0.0605,0.455
43.265693848,-0.3107,0.3697,0.0307,0.484
43.268140541,-0.3722,0.3765,-0.0075,0.530
43.270439002,-0.4059,0.3641,-0.0493,0.548
43.27328831,-0.4324,0.3506,-0.0857,0.563
43.275441464,-0.4971,0.3746,-0.1183,0.634
43.277752848,-0.5245,0.3675,-0.1409,0.656
43.280082079,-0.5291,0.3531,-0.1619,0.656
43.282696233,-0.5235,0.3452,-0.1771,0.652
43.285082771,-0.5061,0.3359,-0.1866,0.635
43.287469464,-0.4651,0.3198,-0.1864,0.594
43.289846387,-0.4663,0.3433,-0.1568,0.600
43.292248541,-0.4309,0.3555,-0.1232,0.572
43.294495387,-0.3975,0.3704,-0.0792,0.549
43.297246387,-0.3503,0.3809,-0.0361,0.519
43.299761233,-0.3063,0.3863,0.0006,0.493
43.302390387,-0.2631,0.3951,0.0263,0.475
43.304230694,-0.2259,0.4044,0.0390,0.465
43.306639694,-0.2010,0.4195,0.0329,0.466
43.308947002,-0.1641,0.4237,0.0026,0.454
43.311601848,-0.1280,0.4291,-0.0271,0.449
43.31378731,-0.0986,0.4335,-0.0471,0.447
43.317263694,-0.0886,0.4491,-0.0579,0.461
43.318582771,-0.0619,0.4540,-0.0694,0.463
43.321041233,-0.0537,0.4640,-0.0764,0.473
43.323530771,-0.0607,0.4725,-0.0887,0.485
43.330690079,-0.0623,0.4811,-0.0999,0.495
43.331457233,-0.0617,0.4962,-0.1214,0.515
43.331893233,-0.0534,0.5018,-0.1478,0.526
43.343635618,-0.0651,0.5231,-0.1759,0.556
43.344553848,-0.0319,0.5078,-0.1996,0.547
43.34507231,-0.0910,0.5639,-0.2182,0.611
43.345287079,-0.1228,0.6045,-0.2352,0.660
43.345477771,-0.1174,0.6131,-0.2382,0.668
43.346291079,-0.0598,0.5886,-0.2382,0.638
43.347638771,-0.0365,0.5879,-0.2252,0.631
43.351137464,-0.0979,0.6345,-0.2341,0.683
43.352229233,-0.2063,0.7352,-0.2511,0.804
43.354818464,-0.2757,0.8129,-0.2091,0.883
43.35773231,-0.2995,0.8544,-0.1681,0.921
43.359827079,-0.3088,0.8905,-0.1241,0.951
43.362343079,-0.3326,0.9402,-0.1082,1.003
43.364787002,-0.3512,0.9861,-0.0459,1.048
43.366934694,-0.3931,1.0457,0.0062,1.117
43.369645233,-0.4152,1.0838,0.0542,1.162
43.371930694,-0.4670,1.1432,0.1026,1.239
43.375162156,-0.5108,1.1964,0.1345,1.308
43.376520233,-0.5477,1.2290,0.1607,1.355
43.379115079,-0.5899,1.2576,0.1690,1.399
43.381466156,-0.6335,1.2839,0.1907,1.444
43.384051079,-0.6887,1.3064,0.2259,1.494
43.386493233,-0.7463,1.3145,0.2550,1.533
43.388776233,-0.8089,1.3220,0.2841,1.576
43.391478464,-0.8064,1.2744,0.2826,1.534
43.393792925,-0.8802,1.2649,0.2689,1.564
43.395796541,-0.9747,1.2768,0.2254,1.622
43.398409771,-1.0094,1.2416,0.1858,1.611
43.40060031,-1.0153,1.1757,0.1614,1.562
43.403044618,-1.0668,1.1530,0.1704,1.580
43.405836848,-1.0472,1.0838,0.1639,1.516
43.408050771,-1.0439,1.0435,0.1639,1.485
43.410252618,-0.9943,0.9781,0.1753,1.406
43.412911079,-0.9762,0.9567,0.1685,1.377
43.416353464,-0.9214,0.9128,0.1438,1.305
43.418233541,-0.8790,0.8891,0.1287,1.257
43.420313464,-0.8164,0.8579,0.1148,1.190
43.422766156,-0.7500,0.8363,0.1143,1.129
43.430198079,-0.7229,0.8461,0.1152,1.119
43.430646156,-0.6762,0.8432,0.1045,1.086
43.430875618,-0.6298,0.8346,0.1038,1.051
43.442692848,-0.6391,0.8691,0.1026,1.084
43.443765156,-0.6063,0.8756,0.0764,1.068
43.444211694,-0.5821,0.8756,0.0263,1.052
43.444598771,-0.5555,0.8749,-0.0183,1.037
43.444977771,-0.5384,0.8723,-0.0491,1.026
43.445373771,-0.5240,0.8793,-0.0740,1.026
43.447769464,-0.5040,0.8791,-0.1155,1.020
43.451419925,-0.4951,0.8805,-0.1512,1.021
43.452076618,-0.4959,0.8861,-0.1676,1.029
43.454050156,-0.5035,0.8952,-0.1868,1.044
43.457458464,-0.5044,0.8979,-0.2189,1.053
43.458666079,-0.5040,0.9018,-0.2460,1.062
43.460881848,-0.4993,0.9045,-0.2716,1.068
43.464267387,-0.4895,0.8969,-0.3462,1.079
43.466023079,-0.4575,0.8833,-0.3816,1.065
43.468169771,-0.4600,0.8974,-0.2900,1.049
43.470975694,-0.4763,0.9211,-0.2504,1.067
43.474069771,-0.4781,0.9289,-0.2538,1.075
43.475385848,-0.4749,0.9326,-0.2529,1.077
43.477908233,-0.4683,0.9355,-0.2583,1.078
43.481119618,-0.4529,0.9316,-0.2721,1.071
43.483237233,-0.4329,0.9274,-0.2821,1.062
43.485045233,-0.4164,0.9241,-0.2873,1.053
43.487574079,-0.4011,0.9208,-0.2895,1.045
43.490784925,-0.3982,0.9260,-0.2976,1.051
43.492286387,-0.3959,0.9289,-0.2890,1.050
43.494752541,-0.3825,0.9229,-0.2765,1.037
43.497466771,-0.3608,0.9084,-0.2648,1.013
43.499741771,-0.3330,0.8891,-0.2534,0.983
43.502456541,-0.3181,0.8703,-0.2534,0.961
43.504614079,-0.3165,0.8576,-0.2580,0.950
43.507194771,-0.3239,0.8483,-0.2636,0.945
43.509175925,-0.3373,0.8414,-0.2692,0.946
43.51170831,-0.3547,0.8334,-0.2667,0.944
43.515587002,-0.3684,0.8290,-0.2611,0.944
43.516551694,-0.3776,0.8165,-0.2490,0.933
43.51890431,-0.3869,0.8060,-0.2325,0.924
43.527778156,-0.3954,0.7992,-0.2150,0.917
43.528810464,-0.3987,0.7833,-0.1959,0.900
43.529358387,-0.4013,0.7704,-0.1788,0.887
43.529620925,-0.4008,0.7535,-0.1656,0.869
43.539687618,-0.4036,0.7398,-0.1519,0.856
43.540977771,-0.4008,0.7228,-0.1397,0.838
43.541246771,-0.4011,0.7105,-0.1229,0.825
43.541476925,-0.4028,0.6968,-0.1055,0.812
43.541888925,-0.4008,0.6885,-0.0911,0.802
43.544084002,-0.4020,0.6812,-0.0711,0.794
43.546910079,-0.4050,0.6729,-0.0501,0.787
43.548913156,-0.4067,0.6692,-0.0303,0.784
43.550060541,-0.4116,0.6636,-0.0130,0.781
43.552551925,-0.4111,0.6578,0.0060,0.776
43.555963618,-0.4125,0.6580,0.0234,0.777
43.557449233,-0.4143,0.6553,0.0390,0.776
43.559810387,-0.4167,0.6565,0.0600,0.780
43.562423618,-0.4131,0.6516,0.0703,0.775
43.564709233,-0.4094,0.6443,0.0754,0.767
43.567343694,-0.4047,0.6369,0.0786,0.759
43.569644233,-0.3996,0.6301,0.0830,0.751
43.572356925,-0.3874,0.6211,0.0798,0.736
43.574529233,-0.3779,0.6106,0.0679,0.721
43.576966694,-0.3647,0.6033,0.0869,0.710
43.579294694,-0.3561,0.5949,0.1057,0.701
43.581799618,-0.3495,0.5868,0.1194,0.693
43.584091002,-0.3410,0.5791,0.1343,0.685
43.586936925,-0.3334,0.5751,0.1324,0.678
43.59055131,-0.3297,0.5754,0.1213,0.674
43.59186031,-0.3190,0.5768,0.1103,0.668
43.593518694,-0.3134,0.5796,0.0940,0.666
43.596206156,-0.3009,0.5884,0.0810,0.666
43.598642464,-0.2885,0.5952,0.0686,0.665
43.600817771,-0.2757,0.6028,0.0591,0.665
43.603373771,-0.2650,0.6166,0.0488,0.673
43.606131618,-0.2533,0.6284,0.0412,0.679
43.608613156,-0.2406,0.6450,0.0334,0.689
43.610732541,-0.2266,0.6616,0.0302,0.700
43.612978694,-0.2156,0.6756,0.0219,0.710
43.615314694,-0.2071,0.6902,0.0121,0.721
43.617738156,-0.1961,0.7063,0.0055,0.733
43.620494771,-0.1888,0.7232,0.0021,0.747
43.627138464,-0.1856,0.7386,-0.0032,0.762
43.62828431,-0.1793,0.7533,-0.0110,0.774
43.628547925,-0.1781,0.7664,-0.0188,0.787
43.639369464,-0.1748,0.7764,-0.0259,0.796
43.640049464,-0.1670,0.7820,-0.0373,0.801
43.640276002,-0.1590,0.7838,-0.0405,0.801
43.640477156,-0.1567,0.7865,-0.0368,0.803
43.640688618,-0.1504,0.7877,-0.0361,0.803
43.642010771,-0.1448,0.7850,-0.0371,0.799
43.644280618,-0.1360,0.7789,-0.0400,0.792
43.647782387,-0.1304,0.7720,-0.0501,0.785
43.649102387,-0.1194,0.7676,-0.0579,0.779
43.652179002,-0.1074,0.7584,-0.0659,0.769
43.653992541,-0.0984,0.7474,-0.0713,0.757
43.656582079,-0.0857,0.7398,-0.0750,0.749
43.658622387,-0.0756,0.7303,-0.0696,0.737
43.661493233,-0.0691,0.7198,-0.0594,0.726
43.663897848,-0.0612,0.7119,-0.0454,0.716
43.665847925,-0.0539,0.7117,-0.0312,0.714
43.668656925,-0.0502,0.7117,-0.0212,0.714
43.671005464,-0.0525,0.7154,-0.0188,0.718
43.673497771,-0.0507,0.7219,-0.0166,0.724
43.675747387,-0.0588,0.7300,-0.0166,0.733
43.678355925,-0.0663,0.7449,-0.0239,0.748
43.680703079,-0.0728,0.7591,-0.0323,0.763
43.683350387,-0.0786,0.7760,-0.0481,0.781
43.685675618,-0.0884,0.7931,-0.0615,0.800
43.688742694,-0.1008,0.8146,-0.0782,0.825
43.689971387,-0.1164,0.8332,-0.0999,0.847
43.692428925,-0.1275,0.8542,-0.1155,0.871
43.695010694,-0.1404,0.8717,-0.1283,0.892
43.697675002,-0.1482,0.8920,-0.1419,0.915
43.699756233,-0.1539,0.9071,-0.1549,0.933
43.702790694,-0.1562,0.9245,-0.1630,0.952
43.705602079,-0.1597,0.9406,-0.1710,0.969
43.707162079,-0.1636,0.9570,-0.1744,0.986
43.710143079,-0.1636,0.9719,-0.1759,1.001
43.711979002,-0.1614,0.9851,-0.1754,1.014
43.714257771,-0.1634,0.9991,-0.1766,1.028
43.717052002,-0.1655,1.0152,-0.1800,1.044
43.719881541,-0.1670,1.0286,-0.1752,1.057
43.725780541,-0.1714,1.0459,-0.1740,1.074
43.726492233,-0.1739,1.0636,-0.1700,1.091
43.726930079,-0.1721,1.0753,-0.1619,1.101
43.731568541,-0.1712,1.0890,-0.1509,1.113
43.731808541,-0.1678,1.0960,-0.1412,1.118
43.735848233,-0.1648,1.1021,-0.1346,1.122
43.736283618,-0.1624,1.1032,-0.1104,1.120
43.745412618,-0.1592,1.0948,-0.0831,1.109
43.74628731,-0.1509,1.0831,-0.0650,1.095
43.746597541,-0.1394,1.0577,-0.0422,1.068
43.746839925,-0.1318,1.0303,-0.0075,1.039
43.747710694,-0.1282,1.0032,0.0272,1.012
43.750370694,-0.1226,0.9690,0.0583,0.978
43.752749233,-0.1167,0.9316,0.0798,0.942
43.755396848,-0.1101,0.8971,0.1038,0.910
43.758456925,-0.1018,0.8659,0.1275,0.881
43.760010079,-0.0971,0.8507,0.1345,0.867
43.762438387,-0.0961,0.8407,0.1727,0.864
43.764656541,-0.1223,0.8507,0.2479,0.894
43.767296233,-0.1616,0.8542,0.3617,0.942
43.771122387,-0.2088,0.8363,0.3640,0.936
43.771884618,-0.2303,0.7780,-0.0335,0.812
43.774668233,-0.2093,0.6734,-0.5781,0.912
43.776921464,-0.2032,0.5642,-1.0291,1.191
43.780374694,-0.2271,0.5025,-1.1991,1.320
43.781899079,-0.2904,0.5236,-1.0926,1.246
43.784514771,-0.3574,0.5922,-0.9396,1.167
43.787464618,-0.3975,0.6767,-0.7887,1.113
43.78878831,-0.4092,0.7542,-0.6028,1.049
43.79119931,-0.4248,0.8288,-0.4454,1.032
43.79377531,-0.5149,0.9243,-0.4486,1.149
43.796180848,-0.6630,1.0479,-0.5350,1.350
43.79873231,-0.8218,1.2255,-0.5636,1.580
43.800817233,-0.8985,1.4068,-0.5260,1.750
43.80450431,-0.8604,1.5595,-0.5040,1.851
43.806447694,-0.7241,1.6706,-0.5062,1.890
43.808166156,-0.5794,1.7669,-0.5133,1.929
43.810729848,-0.4467,1.8644,-0.5010,1.982
43.813167694,-0.2708,1.9182,-0.3631,1.971
43.815524925,-0.0334,1.9259,-0.0396,1.927
43.818191002,0.2099,1.9721,0.2377,1.997
43.826122464,0.4085,2.1170,0.3297,2.181
43.82676431,0.4873,2.3569,0.1849,2.414
43.826986694,0.5069,2.6848,-0.2607,2.745
43.827903387,0.4828,3.1622,-0.8951,3.322
43.836118387,0.4229,3.8164,-1.3596,4.073
43.836563079,0.3741,4.7004,-1.2878,4.888
43.836731079,0.4720,5.4529,-0.5462,5.500
43.837340848,0.7027,5.8460,0.7661,5.938
43.839394694,1.1908,5.9417,2.2997,6.482
43.842036002,1.6867,5.6449,3.6001,6.904
43.847366771,2.1572,5.0337,4.1098,6.847
43.848229771,2.5667,4.2266,3.6174,6.127
43.849287002,2.8902,3.4481,2.8753,5.339
43.85341131,3.0365,2.7129,1.7991,4.452
43.854267079,2.9359,2.1605,0.9972,3.779
43.856560002,2.6498,1.6929,0.4255,3.173
43.858943694,2.3244,1.2756,-0.1973,2.659
43.862043002,1.9350,0.9150,-0.6885,2.248
43.863824848,1.5233,0.5705,-1.1106,1.970
43.866248848,1.1541,0.2297,-1.5143,1.918
43.86891531,0.8560,-0.1275,-1.6967,1.905
43.870963387,0.5411,-0.4924,-1.6459,1.801
43.873570079,0.2629,-0.7362,-1.5924,1.774
43.876007925,-0.1087,-0.8564,-1.4886,1.721
43.878596002,-0.4292,-0.8831,-1.2880,1.620
43.88062331,-0.7507,-0.8132,-1.1153,1.571
43.883229233,-1.0973,-0.7054,-0.9694,1.625
43.885514771,-1.3544,-0.5589,-0.7826,1.661
43.887886079,-1.5543,-0.4115,-0.6780,1.745
43.890360848,-1.6850,-0.2647,-0.5881,1.804
43.893234079,-1.4886,-0.0072,-0.6135,1.610
43.895437464,-1.5958,0.0233,-0.3823,1.641
43.897342387,-1.6378,0.0379,-0.4454,1.698
43.899971618,-1.6640,0.0916,-0.4935,1.738
43.903694156,-1.6354,0.1722,-0.5341,1.729
43.90456731,-1.6111,0.2837,-0.6171,1.748
43.907740925,-1.6090,0.4119,-0.6354,1.778
43.909619618,-1.5902,0.5693,-0.5483,1.776
43.91218431,-1.6070,0.7242,-0.5362,1.842
43.914845464,-1.6398,0.8686,-0.5115,1.925
43.916968925,-1.6803,1.0024,-0.4337,2.004
43.923816618,-1.7338,1.1227,-0.3855,2.101
43.924919079,-1.8086,1.2519,-0.3415,2.226
43.925201233,-1.8741,1.3548,-0.2550,2.327
43.927196618,-1.9442,1.4335,-0.2616,2.430
43.937374079,-2.0172,1.5006,-0.2748,2.529
43.937912541,-2.0886,1.5541,-0.2639,2.617
43.938115694,-2.1462,1.5908,-0.2397,2.682
43.938506156,-2.1748,1.6152,-0.1994,2.716
43.938714694,-2.1377,1.6045,-0.1549,2.677
43.941528618,-2.0089,1.5565,-0.1388,2.545
43.945423694,-1.8254,1.4738,-0.1705,2.352
43.946073541,-1.6239,1.3772,-0.2030,2.139
43.948032925,-1.4201,1.2830,-0.2280,1.927
43.950785464,-1.2161,1.1830,-0.2441,1.714
43.953344541,-1.0141,1.0870,-0.2521,1.508
43.955246156,-0.8191,0.9961,-0.2570,1.315
43.957686387,-0.6347,0.9211,-0.2467,1.146
43.960888541,-0.4546,0.8419,-0.2665,0.993
43.962538156,-0.2762,0.7713,-0.2775,0.865
43.965578156,-0.1162,0.7130,-0.2829,0.776
43.967536925,0.0315,0.6634,-0.2902,0.725
43.969991079,0.1617,0.6223,-0.2974,0.708
43.973009541,0.2790,0.5945,-0.3122,0.727
43.974747387,0.4388,0.5681,-0.3203,0.786
43.977669233,0.5189,0.5768,-0.3373,0.846
43.979441541,0.5409,0.6098,-0.3347,0.881
43.982239079,0.5369,0.6525,-0.3200,0.904
43.98449931,0.5233,0.7054,-0.2974,0.927
43.987047618,0.5045,0.7696,-0.2748,0.960
43.988994694,0.4840,0.8370,-0.2377,0.996
43.992097156,0.4554,0.8989,-0.1903,1.025
43.994094464,0.4237,0.9580,-0.1437,1.057
43.996660002,0.3774,1.0168,-0.1050,1.090
43.998866771,0.3217,1.0799,-0.0823,1.130
44.002601233,0.2632,1.1317,-0.0757,1.164
44.003700233,0.2006,1.1773,-0.0764,1.197
44.007856925,0.1370,1.2223,-0.0799,1.233
44.009268618,0.0792,1.2546,-0.0955,1.261
44.011750694,0.0308,1.2724,-0.1180,1.278
44.013184848,-0.0246,1.2863,-0.1593,1.296
44.015704848,-0.0681,1.2924,-0.1691,1.305
44.019156925,-0.1022,1.2961,-0.1542,1.309
44.020652925,-0.1365,1.2907,-0.1160,1.303
44.022852618,-0.1604,1.2778,-0.0960,1.291
44.025493771,-0.1846,1.2534,-0.0808,1.269
44.031273156,-0.2007,1.2265,-0.0804,1.245
44.032138694,-0.2149,1.1906,-0.0962,1.214
44.03269231,-0.2305,1.1505,-0.1167,1.179
44.042207002,-0.2417,1.0987,-0.1334,1.133
44.042945233,-0.2518,1.0440,-0.1395,1.083
44.043143387,-0.2652,0.9934,-0.1351,1.037
44.043319925,-0.2848,0.9518,-0.1243,1.001
44.044645156,-0.3048,0.9128,-0.1148,0.969
44.046772002,-0.3244,0.8777,-0.1055,0.942
44.049597541,-0.3410,0.8530,-0.0962,0.924
44.052056925,-0.3512,0.8312,-0.0904,0.907
44.054263925,-0.3561,0.8121,-0.0789,0.890
44.056781233,-0.3588,0.7980,-0.0635,0.877
44.060539387,-0.3539,0.7904,-0.0501,0.867
44.061471925,-0.3481,0.7924,-0.0356,0.866
44.064126156,-0.3337,0.8039,-0.0217,0.871
44.066352233,-0.3160,0.8146,-0.0225,0.874
44.06888731,-0.2927,0.8263,-0.0288,0.877
44.071545156,-0.2640,0.8393,-0.0388,0.881
44.073907002,-0.2377,0.8505,-0.0594,0.885
44.07663631,-0.2112,0.8625,-0.0889,0.892
44.078364618,-0.1888,0.8688,-0.1278,0.898
44.080676002,-0.1676,0.8771,-0.1659,0.908
44.083343925,-0.1474,0.8805,-0.2020,0.915
44.085749848,-0.1378,0.8822,-0.2325,0.923
44.087911694,-0.1329,0.8842,-0.2618,0.932
44.090642771,-0.1306,0.8833,-0.2870,0.938
44.093119079,-0.1301,0.8786,-0.3093,0.940
44.095409156,-0.1362,0.8759,-0.3254,0.944
44.097908618,-0.1446,0.8747,-0.3393,0.949
44.101315925,-0.1529,0.8696,-0.3462,0.948
44.102501541,-0.1646,0.8717,-0.3462,0.952
44.105036925,-0.1795,0.8784,-0.3384,0.958
44.107656233,-0.1956,0.8849,-0.3296,0.964
44.110695387,-0.2093,0.8977,-0.3127,0.973
44.112180233,-0.2198,0.9150,-0.2917,0.985
44.114792233,-0.2237,0.9326,-0.2707,0.996
44.122471002,-0.2249,0.9521,-0.2531,1.011
44.123126156,-0.2179,0.9712,-0.2401,1.024
44.123420848,-0.2100,0.9898,-0.2306,1.038
44.124892541,-0.1979,1.0091,-0.2292,1.054
44.131053233,-0.1763,1.0261,-0.2294,1.066
44.13150431,-0.1543,1.0401,-0.2284,1.076
44.13169531,-0.1324,1.0506,-0.2243,1.082
44.141805156,-0.1101,1.0618,-0.2196,1.090
44.142367002,-0.0869,1.0664,-0.2145,1.091
44.143029233,-0.0591,1.0643,-0.2147,1.087
44.143451694,-0.0346,1.0587,-0.2220,1.082
44.14383131,-0.0118,1.0499,-0.2355,1.076
44.145811002,0.0049,1.0408,-0.2524,1.071
44.148375694,0.0225,1.0261,-0.2639,1.060
44.150734464,0.0332,1.0125,-0.2726,1.049
44.153371002,0.0442,0.9966,-0.2827,1.037
44.155779694,0.0513,0.9851,-0.2797,1.025
44.158958771,0.0635,0.9714,-0.2663,1.009
44.160247925,0.0820,0.9632,-0.2478,0.998
44.163013848,0.0969,0.9551,-0.2245,0.986
44.165194156,0.1155,0.9429,-0.2040,0.972
44.167607925,0.1312,0.9294,-0.1908,0.958
44.170053541,0.1458,0.9133,-0.1868,0.944
44.172483387,0.1561,0.8979,-0.1901,0.931
44.175629771,0.1568,0.8768,-0.1915,0.911
44.177940233,0.1537,0.8498,-0.1891,0.884
44.180474079,0.1432,0.8246,-0.1901,0.858
44.182309464,0.1083,0.7990,-0.1933,0.829
44.184602694,0.0594,0.7720,-0.1917,0.798
44.187500618,-0.0029,0.7515,-0.1866,0.774
44.189629541,-0.0737,0.7268,-0.1810,0.753
44.19239131,-0.1518,0.7024,-0.1756,0.740
44.194129541,-0.2371,0.6719,-0.1763,0.734
44.196463079,-0.3283,0.6436,-0.1881,0.747
44.199154464,-0.4216,0.6138,-0.1996,0.771
44.201753233,-0.5120,0.5864,-0.2094,0.806
44.203830156,-0.5963,0.5617,-0.2059,0.845
44.206612925,-0.6806,0.5402,-0.1924,0.890
44.208700848,-0.7551,0.5192,-0.1759,0.933
44.211056618,-0.8269,0.5041,-0.1558,0.981
44.213593464,-0.8785,0.4997,-0.1278,1.019
44.216883694,-0.9212,0.5055,-0.0913,1.055
44.218236233,-0.9420,0.5190,-0.0484,1.077
44.220569771,-0.9505,0.5385,-0.0102,1.092
44.223118464,-0.9432,0.5693,0.0141,1.102
44.225720541,-0.9198,0.6145,0.0209,1.106
44.228436925,-0.8767,0.6653,0.0183,1.101
44.230390079,-0.8177,0.7230,0.0078,1.091
44.237441156,-0.7524,0.7965,-0.0124,1.096
44.238193541,-0.6806,0.8808,-0.0415,1.114
44.238932002,-0.6063,0.9709,-0.0662,1.147
44.241595079,-0.5340,1.0526,-0.0916,1.184
44.247043387,-0.4563,1.1339,-0.1155,1.228
44.247970694,-0.3757,1.2157,-0.1542,1.282
44.248172002,-0.2946,1.2891,-0.2091,1.339
44.256375079,-0.2107,1.3575,-0.2751,1.401
44.257178464,-0.1269,1.4219,-0.3345,1.466
44.257787387,-0.0486,1.4779,-0.3623,1.522
44.258284618,0.0276,1.5314,-0.3640,1.574
44.259190694,0.1002,1.5761,-0.3525,1.618
44.261880848,0.1676,1.5991,-0.3228,1.640
44.264356541,0.2280,1.5942,-0.3030,1.639
44.266881771,0.2704,1.5532,-0.2953,1.604
44.269059694,0.2865,1.4775,-0.3237,1.539
44.271969541,0.2934,1.3797,-0.3562,1.455
44.274713771,0.2914,1.2670,-0.4014,1.361
44.275962079,0.2853,1.1395,-0.4451,1.256
44.278416618,0.2719,1.0042,-0.4668,1.140
44.281408848,0.2469,0.8628,-0.4610,1.009
44.283854771,0.1926,0.7191,-0.4339,0.862
44.286339925,0.0990,0.5854,-0.4141,0.724
44.288314771,-0.0067,0.4635,-0.3911,0.606
44.291147002,-0.1269,0.3604,-0.3479,0.517
44.292930156,-0.2682,0.2819,-0.3098,0.497
44.295406771,-0.4177,0.2285,-0.2988,0.562
44.297994464,-0.5697,0.1742,-0.2961,0.665
44.300303387,-0.7223,0.1234,-0.3002,0.792
44.303148233,-0.8721,0.0765,-0.2853,0.921
44.305341541,-0.9943,0.0415,-0.2514,1.026
44.308051925,-1.0803,0.0205,-0.1859,1.096
44.31020431,-1.1441,0.0169,-0.1065,1.149
44.312461156,-1.1687,0.0264,-0.0198,1.169
44.315905156,-1.1546,0.0428,0.0530,1.157
44.317121541,-1.1145,0.0704,0.1001,1.121
44.319749771,-1.0532,0.1105,0.1177,1.065
44.322165156,-0.9759,0.1622,0.1143,0.996
44.324649771,-0.8968,0.2297,0.0957,0.931
44.326729233,-0.8179,0.3138,0.0647,0.878
44.329296848,-0.7507,0.4090,0.0316,0.855
44.331643925,-0.6955,0.5170,0.0023,0.867
44.33774731,-0.6549,0.6264,-0.0284,0.907
44.338845848,-0.6134,0.7347,-0.0533,0.959
44.339257464,-0.5699,0.8439,-0.0652,1.020
44.350366771,-0.5245,0.9534,-0.0825,1.091
44.351174771,-0.4814,1.0667,-0.1139,1.176
44.351373156,-0.4331,1.1654,-0.1844,1.257
44.35155131,-0.3920,1.2730,-0.3115,1.368
44.351719925,-0.3556,1.3976,-0.4668,1.516
44.353985848,-0.3276,1.5304,-0.5865,1.671
44.356591079,-0.3090,1.6823,-0.6538,1.831
44.358333464,-0.2892,1.8300,-0.6970,1.979
44.360370079,-0.2748,1.9772,-0.6669,2.105
44.363185848,-0.2671,2.1046,-0.5423,2.190
44.365533233,-0.2487,2.2045,-0.3833,2.251
44.367819694,-0.2014,2.2651,-0.2074,2.283
44.370380848,-0.1429,2.2839,-0.0328,2.289
44.373322694,-0.0764,2.2565,0.1252,2.261
44.37491931,-0.0038,2.1708,0.2268,2.183
44.377417156,0.0594,2.0349,0.2406,2.050
44.380118694,0.0965,1.8554,0.1856,1.867
44.382342694,0.0980,1.6467,0.0663,1.651
44.384877848,0.0728,1.4471,-0.0762,1.451
44.387214694,0.0300,1.2656,-0.1986,1.281
44.39004731,-0.0385,1.1107,-0.2702,1.144
44.391882387,-0.1189,0.9963,-0.3212,1.054
44.394265771,-0.2203,0.9257,-0.3657,1.019
44.398789233,-0.3183,0.8801,-0.4074,1.021
44.399633541,-0.4160,0.8666,-0.4232,1.050
44.401832002,-0.5068,0.8861,-0.4165,1.103
44.404343925,-0.5883,0.9355,-0.4097,1.179
44.408052848,-0.6659,1.0049,-0.4114,1.274
44.409228848,-0.7262,1.0853,-0.4256,1.373
44.411526771,-0.7781,1.1784,-0.4272,1.475
44.415217541,-0.8308,1.2802,-0.4200,1.583
44.416739079,-0.8582,1.3665,-0.3911,1.660
44.418461156,-0.8953,1.4542,-0.3240,1.738
44.42322431,-0.9183,1.5167,-0.2702,1.794
44.424103079,-0.9200,1.5492,-0.2411,1.818
44.426552618,-0.9139,1.5519,-0.2091,1.813
44.428236233,-0.9156,1.5360,-0.1910,1.798
44.435908618,-0.9200,1.4952,-0.1861,1.765
44.436783002,-0.9239,1.4319,-0.1954,1.715
44.437105464,-0.9170,1.3552,-0.2098,1.650
44.438838771,-0.9137,1.2653,-0.2436,1.580
44.449676002,-0.9095,1.1759,-0.2873,1.514
44.450771387,-0.9049,1.0887,-0.3289,1.453
44.451030695,-0.8936,1.0037,-0.3606,1.391
44.451621233,-0.8821,0.9252,-0.3804,1.334
44.452060541,-0.8743,0.8647,-0.4043,1.294
44.452380618,-0.8621,0.8027,-0.4654,1.267
44.454708233,-0.8377,0.7366,-0.4994,1.222
44.456875695,-0.8196,0.6778,-0.5199,1.184
44.459814079,-0.8052,0.6236,-0.5644,1.164
44.461797156,-0.7881,0.5735,-0.6301,1.161
44.464703618,-0.7705,0.5224,-0.6948,1.162
44.466845233,-0.7485,0.4703,-0.7330,1.148
44.469171079,-0.7162,0.3958,-0.7544,1.113
44.47250431,-0.6847,0.3184,-0.7810,1.086
44.474044848,-0.6577,0.2402,-0.7887,1.055
44.476453464,-0.6456,0.1777,-0.7437,1.001
44.479828002,-0.6500,0.1258,-0.6853,0.953
44.482274771,-0.6708,0.0755,-0.6440,0.933
44.48356831,-0.7043,0.0303,-0.6117,0.933
44.486071695,-0.7507,-0.0126,-0.6093,0.967
44.489053156,-0.8115,-0.0560,-0.6108,1.017
44.490706156,-0.8829,-0.0975,-0.5856,1.064
44.493093541,-0.9731,-0.1315,-0.5507,1.126
44.497272925,-1.0622,-0.1638,-0.5367,1.201
44.501069464,-1.1602,-0.1831,-0.5409,1.293
44.501497848,-1.2433,-0.1965,-0.5421,1.370
44.502834695,-1.3087,-0.1921,-0.5204,1.421
44.505767618,-1.3427,-0.1753,-0.4647,1.432
44.507717233,-1.3329,-0.1508,-0.3671,1.391
44.510208848,-1.2816,-0.1259,-0.2362,1.309
44.514243079,-1.2009,-0.0956,-0.0713,1.207
44.515412541,-1.0920,-0.0616,0.1213,1.100
44.517293848,-0.9664,-0.0257,0.3053,1.014
44.522637848,-0.8274,-0.0003,0.4693,0.951
44.523713156,-0.6884,0.0269,0.6295,0.933
44.524412848,-0.5487,0.0462,0.7600,0.938
44.527140618,-0.4177,0.0604,0.8567,0.955
44.52944431,-0.2931,0.0718,0.9012,0.950
44.53543931,-0.1849,0.0831,0.9109,0.933
44.536266695,-0.0950,0.0929,0.8674,0.878
44.538041156,-0.0290,0.1009,0.7705,0.778
44.547912541,0.0251,0.1039,0.6279,0.637
44.548636233,0.0699,0.1021,0.4805,0.496
44.548940618,0.1004,0.1029,0.3339,0.363
44.549122156,0.1232,0.1039,0.1946,0.253
44.549280925,0.1332,0.1144,0.0693,0.189
44.551149233,0.1329,0.1270,-0.0384,0.188
44.554661464,0.1197,0.1486,-0.1153,0.223
44.556146079,0.0894,0.1742,-0.1920,0.274
44.558178156,0.0620,0.2060,-0.2467,0.327
44.560563387,0.0286,0.2339,-0.2753,0.362
44.563616618,-0.0065,0.2665,-0.3063,0.406
44.56545531,-0.0444,0.2964,-0.3422,0.455
44.568438695,-0.0840,0.3299,-0.3677,0.501
44.571982771,-0.1250,0.3569,-0.3872,0.541
44.57312831,-0.1736,0.3900,-0.4036,0.587
44.575144233,-0.2081,0.4154,-0.4065,0.617
44.578215079,-0.2440,0.4393,-0.4036,0.644
44.580277541,-0.2757,0.4603,-0.3918,0.664
44.582275618,-0.2972,0.4789,-0.3764,0.678
44.585294771,-0.3158,0.4953,-0.3538,0.686
44.588509156,-0.3358,0.5092,-0.3242,0.691
44.589639079,-0.3451,0.5229,-0.2953,0.693
44.592105771,-0.3576,0.5385,-0.2631,0.698
44.594520925,-0.3642,0.5485,-0.2316,0.698
44.596803925,-0.3668,0.5600,-0.2025,0.699
44.599391002,-0.3652,0.5666,-0.1844,0.699
44.601750387,-0.3615,0.5744,-0.1644,0.698
44.605047387,-0.3623,0.5879,-0.1497,0.707
44.60669131,-0.3628,0.5954,-0.1336,0.710
44.60915231,-0.3588,0.6066,-0.1192,0.715
44.611598387,-0.3388,0.6211,-0.0880,0.713
44.614119002,-0.3183,0.6367,-0.0566,0.714
44.616475387,-0.3344,0.6518,-0.0469,0.734
44.618829848,-0.3466,0.6672,-0.0393,0.753
44.621439695,-0.3488,0.6853,-0.0112,0.769
44.623409848,-0.3547,0.7037,0.0114,0.788
44.626168541,-0.3698,0.7217,0.0281,0.811
44.628326387,-0.3889,0.7417,0.0527,0.839
44.634297848,-0.4185,0.7577,0.0624,0.868
44.63487131,-0.4431,0.7713,0.0679,0.892
44.636806771,-0.4665,0.7789,0.0681,0.910
44.646808233,-0.4935,0.7774,0.0595,0.923
44.647520002,-0.5226,0.7774,0.0421,0.938
44.647733156,-0.5587,0.7752,0.0153,0.956
44.648257233,-0.6009,0.7701,-0.0183,0.977
44.648449233,-0.6430,0.7676,-0.0618,1.003
44.650759618,-0.6822,0.7587,-0.0880,1.024
44.652379695,-0.7136,0.7442,-0.1034,1.036
44.65478031,-0.7448,0.7342,-0.1074,1.051
44.657315618,-0.7714,0.7222,-0.1090,1.062
44.659631002,-0.7903,0.7137,-0.1207,1.072
44.662731618,-0.8012,0.7021,-0.1341,1.074
44.664239387,-0.8093,0.6890,-0.1400,1.072
44.667151002,-0.8025,0.6670,-0.1402,1.053
44.669137771,-0.7817,0.6497,-0.1376,1.026
44.671782771,-0.7548,0.6252,-0.1272,0.988
44.674330771,-0.7304,0.6089,-0.1239,0.959
44.676711079,-0.7064,0.6017,-0.1053,0.934
44.678896618,-0.6796,0.6020,-0.0782,0.911
44.681352233,-0.6508,0.6008,-0.0796,0.889
44.683978387,-0.6188,0.6050,-0.0982,0.871
44.68732431,-0.5902,0.6164,-0.0929,0.858
44.688474156,-0.5653,0.6424,-0.0864,0.860
44.690989233,-0.5469,0.6741,-0.0938,0.873
44.693437156,-0.5284,0.7179,-0.0943,0.896
44.696063618,-0.5103,0.7662,-0.0931,0.925
44.698384618,-0.4709,0.8080,-0.1018,0.941
44.700907695,-0.4465,0.8583,-0.1202,0.975
44.704183925,-0.4374,0.9047,-0.1378,1.014
44.705554464,-0.4370,0.9541,-0.1539,1.061
44.707773156,-0.4431,1.0044,-0.1824,1.113
44.710443387,-0.4499,1.0482,-0.2150,1.161
44.712962695,-0.4588,1.0838,-0.2558,1.204
44.715338771,-0.4693,1.1163,-0.3075,1.249
44.717873771,-0.4851,1.1423,-0.3577,1.292
44.723477771,-0.5059,1.1654,-0.3901,1.329
44.724789233,-0.5308,1.1798,-0.4219,1.361
44.725325848,-0.5557,1.1864,-0.4421,1.383
44.735694387,-0.5767,1.1866,-0.4505,1.394
44.736101771,-0.5919,1.1773,-0.4523,1.393
44.736256233,-0.6007,1.1608,-0.4512,1.383
44.736397848,-0.5997,1.1423,-0.4386,1.363
44.736747618,-0.5931,1.1183,-0.4219,1.334
44.741689848,-0.5841,1.0916,-0.4027,1.302
44.742628233,-0.5606,1.0584,-0.3623,1.251
44.74458431,-0.5362,1.0273,-0.3137,1.201
44.746169233,-0.5325,1.0107,-0.3122,1.184
44.749308002,-0.5282,0.9958,-0.2697,1.159
44.751232002,-0.5196,0.9883,-0.2521,1.145
44.753772233,-0.5171,0.9876,-0.2387,1.140
44.755776925,-0.5215,0.9856,-0.2175,1.136
44.758320848,-0.5282,0.9846,-0.2001,1.135
44.76148431,-0.5362,0.9900,-0.1905,1.142
44.763156925,-0.5450,0.9886,-0.1961,1.146
44.76547531,-0.5475,0.9937,-0.1908,1.150
44.768216233,-0.5511,0.9973,-0.1924,1.156
44.770437771,-0.5501,1.0000,-0.1910,1.157
44.772708925,-0.5506,1.0073,-0.1910,1.164
44.775410464,-0.5467,1.0119,-0.1891,1.166
44.77879531,-0.5396,1.0168,-0.1864,1.166
44.779970156,-0.5286,1.0257,-0.1847,1.169
44.782701848,-0.5210,1.0364,-0.1824,1.174
44.784890156,-0.5074,1.0452,-0.1793,1.176
44.787241541,-0.4917,1.0535,-0.1735,1.175
44.789801464,-0.4774,1.0584,-0.1688,1.173
44.792274695,-0.4632,1.0631,-0.1600,1.171
44.794621848,-0.4523,1.0592,-0.1517,1.162
44.797002771,-0.4358,1.0594,-0.1407,1.154
44.79937931,-0.4262,1.0511,-0.1260,1.141
44.801890156,-0.4113,1.0384,-0.1097,1.122
44.804005771,-0.3971,1.0196,-0.0906,1.098
44.806543387,-0.3793,0.9939,-0.0711,1.066
44.809323925,-0.3598,0.9641,-0.0559,1.031
44.812003002,-0.3361,0.9306,-0.0415,0.990
44.813716233,-0.3051,0.8938,-0.0332,0.945
44.816253233,-0.2726,0.8527,-0.0239,0.895
44.819937541,-0.2352,0.8055,-0.0142,0.839
44.821404002,-0.1956,0.7613,-0.0012,0.786
44.823445156,-0.1590,0.7098,0.0151,0.728
44.826375002,-0.1206,0.6641,0.0251,0.675
44.828127618,-0.0903,0.6171,0.0373,0.625
44.830699387,-0.0605,0.5779,0.0478,0.583
44.833273848,-0.0372,0.5304,0.0500,0.534
44.837804233,-0.0302,0.4889,0.0470,0.492
44.838354079,-0.0295,0.4569,0.0512,0.461
44.84031231,-0.0312,0.4288,0.0561,0.434
44.843926771,-0.0510,0.4163,0.0598,0.424
44.845193464,-0.0712,0.4051,0.0568,0.415
44.848089233,-0.0954,0.4029,0.0591,0.418
44.850125848,-0.1243,0.4121,0.0603,0.435
44.852688541,-0.1553,0.4328,0.0556,0.463
44.854745848,-0.1898,0.4669,0.0514,0.507
44.858338464,-0.2198,0.5129,0.0434,0.560
44.860919387,-0.2442,0.5619,0.0383,0.614
44.862022156,-0.2643,0.6162,0.0339,0.671
44.864422079,-0.2772,0.6760,0.0270,0.731
44.866946156,-0.2821,0.7330,0.0200,0.786
44.869505233,-0.2767,0.7918,0.0067,0.839
44.872773541,-0.2650,0.8475,-0.0044,0.888
44.874545541,-0.2450,0.8928,-0.0154,0.926
44.878733541,-0.2137,0.9404,-0.0315,0.965
44.87969231,-0.1837,0.9821,-0.0508,1.000
44.882722079,-0.1509,1.0177,-0.0731,1.031
44.883846771,-0.1189,1.0477,-0.0931,1.058
44.886164233,-0.0847,1.0782,-0.1082,1.087
44.888904233,-0.0483,1.1011,-0.1223,1.109
44.891177156,-0.0251,1.1207,-0.1412,1.130
44.894416848,-0.0041,1.1363,-0.1551,1.147
44.895840233,0.0193,1.1449,-0.1656,1.157
44.898141233,0.0381,1.1503,-0.1759,1.164
44.90208431,0.0562,1.1512,-0.1796,1.166
44.902866771,0.0733,1.1423,-0.1810,1.159
44.905275002,0.0840,1.1224,-0.1808,1.140
44.907873771,0.0918,1.1009,-0.1854,1.120
44.910279695,0.0957,1.0708,-0.1893,1.092
44.913070156,0.0953,1.0384,-0.1961,1.061
44.915417464,0.0794,1.0019,-0.2038,1.026
44.918494079,0.0510,0.9619,-0.2101,0.986
44.920627695,0.0188,0.9306,-0.2201,0.956
44.923563695,-0.0104,0.8905,-0.2357,0.921
44.924791695,-0.0568,0.8454,-0.2511,0.884
44.92722431,-0.0835,0.8043,-0.2621,0.850
44.929688002,-0.0923,0.7708,-0.2729,0.823
44.931884848,-0.1287,0.7376,-0.2824,0.800
44.93544831,-0.1634,0.7037,-0.2772,0.774
44.936883387,-0.1881,0.6853,-0.2587,0.756
44.939602387,-0.2119,0.6932,-0.2296,0.760
44.941715618,-0.2552,0.7557,-0.2098,0.825
44.943974464,-0.2995,0.8370,-0.1984,0.911
44.946506464,-0.3383,0.8996,-0.1896,0.980
44.94886431,-0.3637,0.9233,-0.1327,1.001
44.952101156,-0.3652,0.9006,-0.0486,0.973
44.953668925,-0.3300,0.8400,-0.1737,0.919
44.956384618,-0.2684,0.7603,-0.6440,1.032
44.958641848,-0.2093,0.6660,-1.4175,1.580
44.960935925,-0.1788,0.5815,-2.2428,2.324
44.963241464,-0.2010,0.5688,-2.5602,2.630
44.96626431,-0.2469,0.6401,-2.1336,2.241
44.968309848,-0.2596,0.7667,-1.3652,1.587
44.970578771,-0.2240,0.9504,-0.6669,1.182
44.97305131,-0.2049,1.1656,-0.2981,1.220
44.975675079,-0.2276,1.4004,-0.0845,1.421
44.977723695,-0.3398,1.6543,0.0915,1.691
44.980334464,-0.4609,1.9301,0.4539,2.036
44.982611925,-0.4986,2.1945,0.9298,2.435
44.985147925,-0.4336,2.4004,1.3312,2.779
44.987665464,-0.3111,2.5387,1.6029,3.018
44.990006156,-0.2212,2.6354,1.7411,3.166
44.992226464,-0.1849,2.7012,1.6156,3.153
44.994720848,-0.1499,2.7181,1.1203,2.944
44.997159618,-0.0321,2.6778,0.6754,2.762
44.999654464,0.1891,2.5683,0.4768,2.619
45.002589233,0.4376,2.4300,0.3459,2.493
45.004720925,0.6531,2.2853,0.3109,2.397
45.008138387,0.7657,2.2076,0.1756,2.343
45.00959231,0.7661,2.2304,-0.2224,2.369
45.011453771,0.7466,2.3406,-0.7165,2.559
45.013879387,0.7351,2.4447,-1.1707,2.808
45.016489771,0.8025,2.5106,-1.5516,3.059
45.018773233,0.8644,2.5656,-1.7123,3.203
45.021100233,0.9890,2.6022,-1.5609,3.192
45.023495925,1.1385,2.6056,-1.0226,3.022
45.025988233,1.2916,2.5810,-0.1847,2.892
45.028444233,1.4852,2.5267,0.5389,2.980
45.030691079,1.6398,2.4422,1.1084,3.144
45.034168002,1.7454,2.3479,1.4902,3.283
45.035535695,1.6946,2.2529,1.6486,3.266
45.038127618,1.4444,2.1600,1.6083,3.056
45.041401771,1.1211,2.0599,1.4143,2.739
45.042816848,0.8367,1.9357,1.0751,2.367
45.045226156,0.5919,1.7720,0.6598,1.981
45.04769231,0.3675,1.5763,0.3337,1.653
45.050039925,0.1586,1.3785,-0.0235,1.388
45.052418464,-0.0385,1.1796,-0.3277,1.225
45.055023002,-0.2567,0.9979,-0.5397,1.163
45.057383002,-0.4560,0.8393,-0.6508,1.156
45.059651925,-0.6540,0.7019,-0.7314,1.206
45.062194771,-0.8245,0.5817,-0.7354,1.249
45.06529231,-0.9871,0.4857,-0.7060,1.307
45.06743931,-1.1308,0.4058,-0.6892,1.385
45.069261233,-1.2618,0.3623,-0.6890,1.483
45.071769541,-1.3556,0.3318,-0.6862,1.555
45.074295002,-1.4297,0.3182,-0.6829,1.616
45.076580233,-1.4524,0.2986,-0.6914,1.636
45.078982771,-1.4663,0.2702,-0.6906,1.643
45.081398079,-1.5296,0.2670,-0.6846,1.697
45.08375531,-1.5789,0.2619,-0.7080,1.750
45.086213541,-1.6517,0.2693,-0.6836,1.808
45.088714695,-1.7245,0.2971,-0.6613,1.871
45.091132848,-1.7834,0.3340,-0.6426,1.925
45.093416848,-1.8377,0.3892,-0.6137,1.976
45.095976541,-1.8765,0.4671,-0.5819,2.019
45.098185848,-1.9011,0.5610,-0.5334,2.053
45.100693464,-1.9100,0.6832,-0.4668,2.082
45.103075618,-1.9014,0.8260,-0.3904,2.110
45.10556831,-1.8484,0.9602,-0.3142,2.106
45.107881233,-1.7656,1.0584,-0.2585,2.075
45.110411695,-1.6705,1.1325,-0.2331,2.032
45.112751002,-1.5769,1.1969,-0.2323,1.993
45.115721156,-1.4809,1.2294,-0.2562,1.942
45.117524925,-1.3833,1.2534,-0.2861,1.888
45.120056618,-1.2848,1.2621,-0.3176,1.829
45.122651079,-1.1839,1.2637,-0.3533,1.767
45.12594731,-1.0837,1.2492,-0.3874,1.699
45.127603079,-0.9787,1.2248,-0.4178,1.622
45.130055079,-0.8706,1.1957,-0.4419,1.544
45.138191387,-0.7585,1.1547,-0.4573,1.455
45.138680848,-0.6449,1.1090,-0.4595,1.363
45.139354771,-0.5320,1.0640,-0.4427,1.269
45.139597233,-0.4209,1.0154,-0.4226,1.178
45.147953771,-0.3132,0.9712,-0.3867,1.091
45.148658156,-0.2083,0.9336,-0.3342,1.013
45.149371618,-0.1150,0.9118,-0.2788,0.960
45.149604541,-0.0280,0.8835,-0.2143,0.910
45.152597848,0.0449,0.8759,-0.1478,0.889
45.154632618,0.1085,0.8771,-0.0918,0.889
45.15704031,0.1635,0.8930,-0.0364,0.909
45.159896233,0.1994,0.9208,0.0134,0.942
45.161043002,0.2350,0.9521,0.0430,0.982
45.163537541,0.2670,0.9812,0.0619,1.019
45.166124618,0.2834,1.0217,0.0619,1.062
45.168306387,0.2937,1.0626,0.0488,1.103
45.170970464,0.3061,1.1058,0.0288,1.148
45.173520541,0.3176,1.1430,-0.0107,1.186
45.175504848,0.2873,1.1808,-0.0513,1.216
45.178180002,0.2360,1.2136,-0.0794,1.239
45.181186079,0.1786,1.2467,-0.0945,1.263
45.183697848,0.1258,1.2672,-0.0938,1.277
45.18551131,0.0696,1.2776,-0.0957,1.283
45.187897771,0.0142,1.2756,-0.0957,1.279
45.190745848,-0.0334,1.2616,-0.0911,1.265
45.192624541,-0.0812,1.2341,-0.0869,1.240
45.195138464,-0.1264,1.2023,-0.0813,1.212
45.197654387,-0.1634,1.1661,-0.0747,1.180
45.199833771,-0.2002,1.1263,-0.0711,1.146
45.203886464,-0.2347,1.0826,-0.0738,1.110
45.205219618,-0.2608,1.0445,-0.0804,1.080
45.207943002,-0.2860,1.0024,-0.0880,1.046
45.209634387,-0.3085,0.9665,-0.1038,1.020
45.212426156,-0.3281,0.9309,-0.1170,0.994
45.215364848,-0.3439,0.8952,-0.1316,0.968
45.216701233,-0.3539,0.8698,-0.1470,0.950
45.219072848,-0.3605,0.8393,-0.1588,0.927
45.22161131,-0.3654,0.8195,-0.1752,0.914
45.224241541,-0.3642,0.8050,-0.2047,0.907
45.226285233,-0.3623,0.7982,-0.2416,0.909
45.228931925,-0.3488,0.7909,-0.2066,0.889
45.23729931,-0.3246,0.7869,-0.1922,0.873
45.238088541,-0.2962,0.7894,-0.1752,0.861
45.238353156,-0.2601,0.7958,-0.1622,0.853
45.23884731,-0.2208,0.8050,-0.1579,0.850
45.249438156,-0.1839,0.8085,-0.1563,0.844
45.250406771,-0.1409,0.8104,-0.1639,0.839
45.250927387,-0.0979,0.8185,-0.1830,0.844
45.251409771,-0.0556,0.8234,-0.2010,0.849
45.251771925,-0.0170,0.8314,-0.2213,0.861
45.253669464,0.0170,0.8368,-0.2357,0.870
45.255750464,0.0494,0.8442,-0.2469,0.881
45.25904331,0.0764,0.8517,-0.2548,0.892
45.260199695,0.0975,0.8610,-0.2590,0.904
45.262454464,0.1151,0.8693,-0.2583,0.914
45.265149541,0.1300,0.8766,-0.2511,0.921
45.267232541,0.1430,0.8886,-0.2409,0.932
45.269698156,0.1530,0.8966,-0.2262,0.937
45.273283618,0.1637,0.9043,-0.2145,0.944
45.274668618,0.1710,0.9160,-0.2106,0.955
45.27698431,0.1796,0.9241,-0.2133,0.965
45.279460233,0.1852,0.9264,-0.2194,0.970
45.281851002,0.1891,0.9282,-0.2320,0.975
45.284948925,0.1952,0.9252,-0.2374,0.975
45.286839387,0.1971,0.9140,-0.2404,0.965
45.290290464,0.2028,0.9023,-0.2436,0.956
45.291647387,0.2020,0.8871,-0.2392,0.941
45.294080541,0.2001,0.8712,-0.2389,0.925
45.296334156,0.1930,0.8551,-0.2333,0.907
45.298834079,0.1803,0.8421,-0.2348,0.893
45.301064925,0.1663,0.8288,-0.2348,0.877
45.304173541,0.1465,0.8123,-0.2320,0.857
45.307315695,0.1244,0.7992,-0.2282,0.840
45.308384618,0.0985,0.7841,-0.2203,0.820
45.310870695,0.0713,0.7706,-0.2038,0.800
45.314793541,0.0449,0.7582,-0.1824,0.781
45.315696925,0.0139,0.7447,-0.1521,0.760
45.318041464,-0.0151,0.7366,-0.1183,0.746
45.320725848,-0.0421,0.7244,-0.0782,0.730
45.323296002,-0.0688,0.7179,-0.0391,0.722
45.325990079,-0.0903,0.7088,-0.0073,0.715
45.32778431,-0.1152,0.7017,0.0165,0.711
45.335524848,-0.1369,0.6944,0.0260,0.708
45.336201233,-0.1553,0.6914,0.0278,0.709
45.336453848,-0.1734,0.6941,0.0234,0.716
45.337845541,-0.1875,0.6990,0.0131,0.724
45.348006156,-0.2014,0.7159,0.0000,0.744
45.348687618,-0.2086,0.7371,-0.0161,0.766
45.349427002,-0.2112,0.7622,-0.0340,0.792
45.349811002,-0.2103,0.7960,-0.0547,0.825
45.350163695,-0.2027,0.8270,-0.0735,0.855
45.351618156,-0.1898,0.8610,-0.0887,0.886
45.354046079,-0.1680,0.8982,-0.1062,0.920
45.356644002,-0.1387,0.9326,-0.1285,0.952
45.358804002,-0.1103,0.9641,-0.1556,0.983
45.361700233,-0.0803,0.9905,-0.1820,1.010
45.364011695,-0.0512,1.0128,-0.2066,1.035
45.366294695,-0.0321,1.0322,-0.2280,1.058
45.368884925,-0.0114,1.0459,-0.2497,1.075
45.372069541,0.0063,1.0592,-0.2748,1.094
45.37352831,0.0154,1.0674,-0.3063,1.111
45.376020618,0.0228,1.0655,-0.3317,1.116
45.378520541,0.0324,1.0608,-0.3466,1.116
45.380896002,0.0364,1.0443,-0.3486,1.102
45.383124848,0.0361,1.0177,-0.3410,1.074
45.385567925,0.0317,0.9732,-0.3310,1.028
45.389299695,0.0244,0.9096,-0.3328,0.969
45.39056431,0.0119,0.8260,-0.3525,0.898
45.392669233,-0.0118,0.7237,-0.3869,0.821
45.395284925,-0.0358,0.6075,-0.4341,0.747
45.398248925,-0.1174,0.4945,-0.4920,0.707
45.400144002,-0.2002,0.3702,-0.5416,0.686
45.402470695,-0.3083,0.2707,-0.5607,0.695
45.40566731,-0.4516,0.2006,-0.5588,0.746
45.407225771,-0.6092,0.1493,-0.5311,0.822
45.409854695,-0.7690,0.1186,-0.4612,0.904
45.412168541,-0.9356,0.1127,-0.3757,1.015
45.414397848,-1.0900,0.1347,-0.2812,1.134
45.417348925,-1.2090,0.1789,-0.1666,1.233
45.419800618,-1.3102,0.2485,-0.0476,1.334
45.422054695,-1.3573,0.3382,0.0644,1.400
45.424603925,-1.3579,0.4420,0.1590,1.437
45.426607002,-1.3204,0.5619,0.2345,1.454
45.433681848,-1.2530,0.7002,0.2813,1.463
45.43440431,-1.1597,0.8547,0.2967,1.471
45.43482831,-1.0556,1.0252,0.2929,1.500
45.436033156,-0.9564,1.2036,0.2662,1.560
45.444302156,-0.8729,1.4085,0.2022,1.669
45.445219002,-0.8052,1.5952,0.0994,1.790
45.445835695,-0.7285,1.7666,-0.0232,1.911
45.446062156,-0.6468,1.9110,-0.1358,2.022
45.448078464,-0.5382,2.0235,-0.2042,2.104
45.450585771,-0.3959,2.0625,-0.2829,2.119
45.455906079,-0.2254,2.0222,-0.3369,2.062
45.456443695,-0.0304,1.8969,-0.3850,1.936
45.457840848,0.1849,1.7105,-0.4530,1.779
45.460546156,0.4109,1.4880,-0.5414,1.636
45.463046156,0.6088,1.2448,-0.6247,1.520
45.465008541,0.7742,1.0193,-0.7021,1.460
45.46747531,0.8940,0.8314,-0.7407,1.428
45.469875079,0.9484,0.6965,-0.7512,1.396
45.47298731,0.9413,0.6218,-0.7300,1.344
45.474855079,0.8988,0.5847,-0.6799,1.270
45.477146695,0.7810,0.5908,-0.6161,1.157
45.479613156,0.5949,0.6277,-0.5487,1.024
45.48201131,0.3750,0.6829,-0.4749,0.912
45.484487925,0.1490,0.7571,-0.3962,0.867
45.48671131,-0.0681,0.8234,-0.3268,0.888
45.489302464,-0.2580,0.8796,-0.2629,0.954
45.491639387,-0.4209,0.9223,-0.2372,1.041
45.493889233,-0.5426,0.9518,-0.2306,1.120
45.496354387,-0.6422,0.9773,-0.2313,1.192
45.498838387,-0.7294,1.0005,-0.2325,1.260
45.501153541,-0.7973,1.0291,-0.2267,1.321
45.504052002,-0.8736,1.0738,-0.2113,1.400
45.505968925,-0.9375,1.1344,-0.1905,1.484
45.508606156,-1.0045,1.2106,-0.1637,1.582
45.51120331,-1.0691,1.3068,-0.1446,1.695
45.514434695,-1.1296,1.4129,-0.1314,1.814
45.515555925,-1.1778,1.5290,-0.1207,1.934
45.518029156,-1.2102,1.6541,-0.1437,2.055
45.523789771,-1.2181,1.7933,-0.1957,2.177
45.524258695,-1.1995,1.9348,-0.2631,2.292
45.525154464,-1.1492,2.0576,-0.3264,2.379
45.53241131,-1.0712,2.1630,-0.3420,2.438
45.532787925,-0.9771,2.2390,-0.3156,2.463
45.533003925,-0.8677,2.2883,-0.2707,2.462
45.534844848,-0.7472,2.2944,-0.2320,2.424
45.543216541,-0.6246,2.2700,-0.2115,2.364
45.543840925,-0.5037,2.2106,-0.2169,2.278
45.544921848,-0.3913,2.1151,-0.2506,2.166
45.545206387,-0.2894,1.9865,-0.2998,2.030
45.547927002,-0.2037,1.8404,-0.3554,1.885
45.550466156,-0.1297,1.6892,-0.4158,1.744
45.552296618,-0.0817,1.5365,-0.4869,1.614
45.554978387,-0.0500,1.3865,-0.5724,1.501
45.557011079,-0.0402,1.2502,-0.6469,1.408
45.558991925,-0.0444,1.1234,-0.6916,1.320
45.562044848,-0.0730,1.0100,-0.6997,1.231
45.563960002,-0.1096,0.9157,-0.6685,1.139
45.566327925,-0.1585,0.8314,-0.6081,1.042
45.568740541,-0.2135,0.7699,-0.5357,0.962
45.571801541,-0.2764,0.7286,-0.4583,0.904
45.57369631,-0.3446,0.7017,-0.3792,0.869
45.575981541,-0.4108,0.6863,-0.2824,0.848
45.578469848,-0.4683,0.6707,-0.1910,0.840
45.58092331,-0.5266,0.6523,-0.1041,0.845
45.583305771,-0.5865,0.6372,-0.0533,0.868
45.586813848,-0.6463,0.6220,-0.0417,0.898
45.588169464,-0.7020,0.5952,-0.0373,0.921
45.590408002,-0.7507,0.5570,-0.0493,0.936
45.593105233,-0.7783,0.5155,-0.0980,0.939
45.596323695,-0.7907,0.4564,-0.1644,0.928
45.598274464,-0.8089,0.3902,-0.2175,0.924
45.600088618,-0.8245,0.3222,-0.2362,0.916
45.603270387,-0.8455,0.2519,-0.2292,0.912
45.60505931,-0.8858,0.1826,-0.2348,0.934
45.607352925,-0.9324,0.1249,-0.2487,0.973
45.609778464,-1.0001,0.0726,-0.2350,1.030
45.61280731,-1.0998,0.0210,-0.2157,1.121
45.61483231,-1.2254,-0.0353,-0.2030,1.243
45.616956233,-1.3666,-0.0886,-0.2150,1.386
45.619878695,-1.5144,-0.1264,-0.2401,1.539
45.621810156,-1.6446,-0.1513,-0.2550,1.671
45.624217771,-1.7558,-0.1653,-0.2511,1.781
45.626631387,-1.8443,-0.1626,-0.2409,1.867
45.629069848,-1.8907,-0.1499,-0.2167,1.909
45.631592541,-1.8860,-0.1425,-0.1635,1.898
45.633704925,-1.8379,-0.1230,-0.0874,1.844
45.641784848,-1.7374,-0.1117,0.0223,1.741
45.642537233,-1.5792,-0.0954,0.1572,1.590
45.643088618,-1.3786,-0.0849,0.3158,1.417
45.643481156,-1.1623,-0.0847,0.4732,1.258
45.656079925,-0.9452,-0.0966,0.5831,1.115
45.656924541,-0.7411,-0.1159,0.6479,0.991
45.657096233,-0.5524,-0.1501,0.6517,0.867
45.657252233,-0.3926,-0.1932,0.6081,0.749
45.657535079,-0.2394,-0.2419,0.5475,0.645
45.65817131,-0.1038,-0.2815,0.4795,0.566
45.660134695,0.0061,-0.3124,0.4148,0.519
45.663823079,0.1029,-0.3319,0.3561,0.498
45.665400002,0.1754,-0.3360,0.2708,0.466
45.667636925,0.2320,-0.3221,0.1692,0.432
45.669953464,0.2785,-0.2974,0.0651,0.413
45.672596002,0.3059,-0.2654,-0.0315,0.406
45.675093541,0.3117,-0.2210,-0.1260,0.402
45.677340541,0.3061,-0.1692,-0.2052,0.406
45.679591925,0.2821,-0.1122,-0.2839,0.416
45.682353156,0.2372,-0.0480,-0.3494,0.425
45.684702079,0.1952,0.0077,-0.4043,0.449
45.687531387,0.1365,0.0682,-0.4456,0.471
45.689556002,0.0850,0.1246,-0.4673,0.491
45.692908618,0.0261,0.1847,-0.4703,0.506
45.694979925,-0.0319,0.2402,-0.4622,0.522
45.696524233,-0.0798,0.2922,-0.4486,0.541
45.699110079,-0.1260,0.3394,-0.4395,0.569
45.702726771,-0.1616,0.3790,-0.4180,0.587
45.703844848,-0.2049,0.4214,-0.3994,0.616
45.706401156,-0.2254,0.4496,-0.3820,0.632
45.708923695,-0.2415,0.4818,-0.3571,0.647
45.711530156,-0.2518,0.5069,-0.3247,0.653
45.713753464,-0.2613,0.5339,-0.2944,0.663
45.716341541,-0.2711,0.5622,-0.2599,0.676
45.719067618,-0.2838,0.5959,-0.2180,0.695
45.720681771,-0.2987,0.6252,-0.1788,0.716
45.723505848,-0.3036,0.6529,-0.1292,0.731
45.725700002,-0.3102,0.6837,-0.0848,0.756
45.727989771,-0.3127,0.7195,-0.0330,0.785
45.730496618,-0.3156,0.7564,0.0173,0.820
45.733623618,-0.3342,0.7867,0.0351,0.855
45.737660848,-0.3270,0.8276,0.0756,0.893
45.738528233,-0.3146,0.8859,0.2317,0.968
45.741063695,-0.2618,0.9390,0.2811,1.015
45.749248618,-0.2696,0.9800,0.2535,1.048
45.749842772,-0.3249,1.0135,0.2152,1.086
45.750104233,-0.3283,1.0422,0.2096,1.113
45.750351387,-0.3312,1.0538,0.1861,1.120
45.755096618,-0.3435,1.0711,0.1665,1.137
45.755577848,-0.3898,1.0823,0.1267,1.157
45.759581464,-0.4199,1.0946,0.1113,1.178
45.760004233,-0.4453,1.0999,0.0962,1.191
45.761489464,-0.4683,1.0951,0.0833,1.194
45.763871925,-0.4976,1.0794,0.0901,1.192
45.766560541,-0.5254,1.0594,0.0849,1.186
45.768889541,-0.5536,1.0394,0.0810,1.180
45.771407695,-0.5709,1.0088,0.0522,1.160
45.773836002,-0.5874,0.9812,0.0329,1.144
45.77647931,-0.6034,0.9516,0.0170,1.127
45.778448925,-0.6121,0.9262,-0.0017,1.110
45.780932541,-0.6225,0.8982,-0.0286,1.093
45.784935387,-0.6283,0.8737,-0.0691,1.078
45.785973464,-0.6349,0.8603,-0.0815,1.072
45.788328233,-0.6463,0.8512,-0.0848,1.072
45.790914772,-0.6424,0.8505,-0.0948,1.070
45.793417848,-0.6491,0.8532,-0.1080,1.077
45.795367387,-0.6517,0.8593,-0.1251,1.086
45.797735002,-0.6381,0.8607,-0.1332,1.080
45.801180618,-0.6185,0.8684,-0.1507,1.077
45.802600002,-0.6114,0.8873,-0.1749,1.092
45.805019925,-0.6000,0.9020,-0.1893,1.100
45.807443695,-0.5931,0.9218,-0.1947,1.113
45.809892618,-0.5909,0.9382,-0.1915,1.125
45.812286772,-0.5836,0.9551,-0.1881,1.135
45.814569156,-0.5816,0.9737,-0.1884,1.150
45.817504541,-0.5831,0.9914,-0.1905,1.166
45.819439387,-0.5802,0.9993,-0.1979,1.172
45.821854156,-0.5816,1.0019,-0.1961,1.175
45.824387002,-0.5816,0.9970,-0.2006,1.172
45.826649156,-0.5818,0.9970,-0.2187,1.175
45.829301848,-0.5860,0.9924,-0.2343,1.176
45.831811695,-0.5895,0.9883,-0.2558,1.179
45.838847387,-0.5946,0.9853,-0.2849,1.186
45.839953464,-0.6039,0.9773,-0.3119,1.190
45.840326156,-0.6097,0.9719,-0.3364,1.196
45.841159002,-0.6173,0.9663,-0.3626,1.203
45.852167925,-0.6305,0.9604,-0.3841,1.211
45.85305231,-0.6405,0.9570,-0.3997,1.219
45.853347925,-0.6500,0.9487,-0.4146,1.222
45.853620925,-0.6571,0.9431,-0.4185,1.223
45.853768541,-0.6661,0.9311,-0.4148,1.218
45.855970464,-0.6759,0.9287,-0.4053,1.218
45.859185848,-0.6879,0.9257,-0.3921,1.218
45.860381464,-0.6982,0.9248,-0.3708,1.217
45.863488848,-0.7120,0.9252,-0.3476,1.218
45.86552331,-0.7262,0.9294,-0.3132,1.220
45.867693541,-0.7380,0.9316,-0.2775,1.220
45.870140233,-0.7526,0.9404,-0.2445,1.229
45.872764541,-0.7624,0.9418,-0.2152,1.231
45.875437848,-0.7714,0.9446,-0.1954,1.235
45.877280002,-0.7744,0.9490,-0.1779,1.238
45.87986731,-0.7812,0.9516,-0.1619,1.242
45.882776618,-0.7868,0.9506,-0.1439,1.242
45.885088541,-0.7879,0.9485,-0.1288,1.240
45.888396925,-0.7844,0.9409,-0.1232,1.231
45.890225772,-0.7783,0.9267,-0.1151,1.216
45.892293233,-0.7651,0.9106,-0.1073,1.194
45.894981464,-0.7458,0.8903,-0.1009,1.166
45.896800541,-0.7246,0.8708,-0.0877,1.136
45.89924031,-0.7057,0.8505,-0.0815,1.108
45.901835002,-0.6784,0.8314,-0.0752,1.076
45.903861464,-0.6479,0.8099,-0.0699,1.039
45.907719002,-0.6151,0.7960,-0.0640,1.008
45.910128233,-0.5843,0.7780,-0.0618,0.975
45.911837233,-0.5528,0.7650,-0.0594,0.946
45.913944618,-0.5235,0.7554,-0.0569,0.921
45.917204233,-0.4922,0.7454,-0.0540,0.895
45.918913156,-0.4681,0.7366,-0.0566,0.875
45.921025848,-0.4460,0.7268,-0.0620,0.855
45.923552618,-0.4257,0.7210,-0.0675,0.840
45.926044233,-0.4087,0.7154,-0.0792,0.828
45.928745156,-0.3910,0.7091,-0.0953,0.815
45.931131079,-0.3754,0.7039,-0.1134,0.806
45.938822772,-0.3642,0.6993,-0.1381,0.800
45.939527387,-0.3488,0.6930,-0.1588,0.792
45.939967695,-0.3363,0.6878,-0.1779,0.786
45.940370772,-0.3239,0.6860,-0.1901,0.782
45.950813772,-0.3141,0.6837,-0.1957,0.777
45.951419618,-0.3063,0.6860,-0.2052,0.779
45.95228831,-0.3018,0.6909,-0.2138,0.784
45.95267231,-0.3046,0.6946,-0.2282,0.792
45.953412925,-0.3053,0.6937,-0.2350,0.793
45.954818772,-0.3139,0.6970,-0.2352,0.800
45.957220541,-0.3237,0.7058,-0.2377,0.812
45.964246695,-0.3407,0.7142,-0.2380,0.826
45.965310695,-0.3500,0.7256,-0.2331,0.839
45.965982772,-0.3615,0.7428,-0.2264,0.857
45.966899925,-0.3668,0.7596,-0.2203,0.872
45.969471387,-0.3735,0.7838,-0.2140,0.894
45.971748233,-0.3730,0.8080,-0.2045,0.913
45.975189541,-0.3703,0.8270,-0.1933,0.927
45.976319618,-0.3637,0.8490,-0.1871,0.942
45.978843079,-0.3561,0.8674,-0.1823,0.955
45.981254464,-0.3375,0.8824,-0.1817,0.962
45.98355631,-0.3190,0.8920,-0.1823,0.965
45.98596431,-0.2927,0.9003,-0.1786,0.963
45.988813464,-0.2733,0.9040,-0.1730,0.960
45.991649541,-0.2538,0.9015,-0.1627,0.951
45.99332331,-0.2322,0.8969,-0.1524,0.939
45.995763002,-0.2149,0.8884,-0.1425,0.925
45.99994831,-0.1968,0.8754,-0.1419,0.908
46.000938695,-0.1812,0.8617,-0.1429,0.892
46.003020002,-0.1725,0.8473,-0.1483,0.877
46.00551931,-0.1644,0.8314,-0.1568,0.862
46.007843387,-0.1667,0.8224,-0.1632,0.855
46.01006831,-0.1707,0.8072,-0.1700,0.842
46.012982772,-0.1758,0.7999,-0.1766,0.838
46.01618031,-0.1868,0.7909,-0.1840,0.833
46.017488618,-0.1988,0.7829,-0.1844,0.828
46.019945464,-0.2105,0.7796,-0.1793,0.827
46.022387387,-0.2161,0.7715,-0.1776,0.821
46.025536541,-0.2175,0.7657,-0.1766,0.815
46.027068541,-0.2200,0.7538,-0.1737,0.804
46.029682387,-0.2203,0.7466,-0.1749,0.798
46.037208541,-0.2220,0.7435,-0.1754,0.795
46.038076618,-0.2208,0.7376,-0.1803,0.791
46.038594156,-0.2237,0.7366,-0.1798,0.791
46.039266695,-0.2354,0.7506,-0.1717,0.805
46.052257848,-0.2669,0.8097,-0.1942,0.874
46.052871002,-0.3083,0.8737,-0.2201,0.952
46.053324848,-0.3515,0.9094,-0.1808,0.992
46.053484848,-0.3962,0.9099,-0.0750,0.995
46.053639925,-0.4331,0.8612,-0.0752,0.967
46.053784848,-0.4416,0.7631,-0.3354,0.943
46.055902464,-0.4113,0.6469,-0.7596,1.079
46.058841156,-0.3822,0.5475,-1.2117,1.384
46.06060431,-0.3918,0.5123,-1.5157,1.647
46.063295618,-0.4248,0.5663,-1.4730,1.634
46.065743925,-0.4504,0.6792,-1.1910,1.443
46.067834387,-0.4502,0.8104,-0.8480,1.256
46.070550772,-0.4218,0.9621,-0.4232,1.133
46.073861772,-0.4043,1.1500,-0.0804,1.222
46.075189464,-0.4094,1.3282,0.1529,1.398
46.077878079,-0.3945,1.4561,0.2980,1.538
46.080191695,-0.3332,1.5581,0.3153,1.624
46.082445156,-0.2025,1.6587,0.2261,1.686
46.084864925,0.0168,1.7405,-0.0168,1.741
46.087681772,0.2914,1.7862,-0.2409,1.826
46.090435002,0.5927,1.8062,-0.1668,1.908
46.092068618,0.8974,1.8139,0.2636,2.041
46.095460848,1.0929,1.8861,0.7851,2.317
46.097069541,1.1524,2.0415,0.9774,2.540
46.099986079,1.2189,2.1820,0.8411,2.637
46.101847079,1.2140,2.3366,0.3713,2.659
46.104506772,1.2829,2.4698,-0.1877,2.789
46.106793772,1.3308,2.6415,-1.0862,3.151
46.109145772,1.3021,2.8952,-1.9904,3.747
46.111617848,1.3748,3.1754,-2.3395,4.177
46.11383631,1.3992,3.4817,-2.2818,4.392
46.116051002,1.4719,3.8025,-1.4849,4.339
46.118758387,1.5939,4.1006,-0.3726,4.415
46.121189464,1.7952,4.2222,0.7399,4.647
46.128039695,1.9616,4.0393,2.2068,5.003
46.128735618,2.1597,3.8846,2.3561,5.030
46.129124541,2.2213,3.8907,2.6947,5.228
46.130698156,2.1060,3.6198,2.7712,5.022
46.137002387,1.9320,3.2509,2.5137,4.541
46.137624541,1.7195,2.8512,1.9493,3.858
46.137936233,1.5176,2.4300,1.1433,3.085
46.147773233,1.3513,1.9678,0.4778,2.434
46.148460848,1.1497,1.5383,-0.0594,1.921
46.149205233,0.8954,1.1410,-0.5299,1.544
46.149707925,0.5677,0.8004,-0.7864,1.258
46.149996925,0.2678,0.5199,-1.0708,1.220
46.152457541,0.0286,0.2956,-1.2816,1.316
46.154925464,-0.2631,0.1366,-1.3224,1.355
46.157406156,-0.5357,0.0413,-1.2406,1.352
46.159785772,-0.9479,0.0154,-1.1426,1.485
46.162138772,-1.4071,0.0415,-0.9296,1.687
46.164933233,-1.6864,0.0765,-0.7622,1.852
46.16778031,-1.8665,0.0902,-0.4605,1.925
46.169627695,-2.0976,0.0846,-0.2108,2.110
46.171991925,-2.3134,0.0343,-0.0452,2.314
46.174734695,-2.4672,-0.0516,0.0644,2.469
46.176959002,-2.6241,-0.1560,0.0344,2.629
46.178939387,-2.7113,-0.2801,-0.1449,2.730
46.18148431,-2.7450,-0.3861,-0.2976,2.788
46.183750464,-2.7252,-0.4399,-0.4041,2.790
46.186344002,-2.6493,-0.4157,-0.4507,2.719
46.190182079,-2.5149,-0.3199,-0.4798,2.580
46.191684002,-2.3192,-0.1496,-0.4712,2.371
46.193382079,-2.0795,0.1004,-0.4185,2.124
46.195870079,-1.9168,0.3895,-0.3611,1.989
46.198217464,-1.8059,0.6494,-0.3279,1.947
46.201255079,-1.7233,0.8676,-0.3349,1.958
46.203056848,-1.6635,1.0406,-0.4074,2.004
46.206108541,-1.6148,1.1764,-0.4947,2.058
46.207900925,-1.5764,1.2854,-0.5802,2.115
46.21044031,-1.5466,1.3885,-0.6697,2.184
46.213087002,-1.5098,1.4591,-0.7370,2.225
46.215142695,-1.4741,1.5260,-0.7764,2.259
46.217837464,-1.4182,1.5727,-0.8204,2.271
46.220227618,-1.3397,1.6015,-0.8822,2.267
46.222813156,-1.2396,1.6093,-0.9274,2.233
46.224657156,-1.1152,1.6015,-0.9669,2.178
46.227326387,-0.9738,1.5788,-0.9892,2.102
46.230861848,-0.8089,1.5407,-0.9834,1.999
46.23233131,-0.6276,1.4903,-0.9545,1.878
46.234507618,-0.4324,1.4219,-0.9071,1.741
46.237226079,-0.2315,1.3516,-0.8439,1.610
46.244094464,-0.0349,1.2817,-0.7689,1.495
46.245138772,0.1481,1.2243,-0.6774,1.407
46.245437772,0.3184,1.1735,-0.5893,1.351
46.257534695,0.4668,1.1381,-0.5010,1.328
46.258071387,0.5927,1.1092,-0.4114,1.323
46.25826331,0.6975,1.0958,-0.3284,1.340
46.258432925,0.7684,1.0965,-0.2602,1.364
46.258822387,0.8138,1.0974,-0.2287,1.385
46.258981541,0.8343,1.1009,-0.2062,1.397
46.261605848,0.8267,1.1090,-0.2033,1.398
46.26527531,0.7828,1.1160,-0.2131,1.380
46.266044002,0.7134,1.1214,-0.2231,1.348
46.268817772,0.6110,1.1258,-0.2367,1.303
46.272117233,0.4838,1.1305,-0.2526,1.255
46.273739925,0.3457,1.1234,-0.2751,1.207
46.275401541,0.2171,1.1070,-0.3044,1.168
46.279890387,0.1016,1.0880,-0.3408,1.145
46.280699079,-0.0018,1.0680,-0.3657,1.129
46.28274731,-0.0926,1.0406,-0.3816,1.112
46.285425464,-0.1751,1.0152,-0.3901,1.102
46.288383695,-0.2466,0.9886,-0.3843,1.089
46.289793156,-0.3041,0.9570,-0.3615,1.067
46.292327387,-0.3566,0.9306,-0.3281,1.049
46.29675631,-0.3950,0.9023,-0.2863,1.026
46.298411387,-0.4290,0.8754,-0.2343,1.003
46.299434695,-0.4555,0.8563,-0.1842,0.987
46.302179002,-0.4776,0.8451,-0.1339,0.980
46.305521541,-0.4986,0.8412,-0.0840,0.981
46.306853233,-0.5166,0.8432,-0.0440,0.990
46.309485233,-0.5289,0.8493,-0.0093,1.001
46.311679002,-0.5401,0.8559,0.0265,1.012
46.315003387,-0.5540,0.8622,0.0500,1.026
46.316432002,-0.5682,0.8717,0.0661,1.043
46.318876848,-0.5802,0.8740,0.0815,1.052
46.323782156,-0.5955,0.8759,0.0864,1.063
46.325010156,-0.6019,0.8710,0.0849,1.062
46.326196618,-0.6119,0.8610,0.0649,1.058
46.334804541,-0.6163,0.8486,0.0390,1.050
46.335448925,-0.6270,0.8309,0.0095,1.041
46.335720848,-0.6354,0.8180,-0.0203,1.036
46.336387002,-0.6476,0.8053,-0.0454,1.034
46.344493156,-0.6564,0.7980,-0.0642,1.035
46.345327618,-0.6608,0.7953,-0.0696,1.036
46.345652541,-0.6645,0.7987,-0.0689,1.041
46.345981233,-0.6628,0.8011,-0.0579,1.041
46.347466156,-0.6466,0.8102,-0.0447,1.038
46.350102464,-0.6217,0.8155,-0.0312,1.026
46.352419618,-0.5923,0.8232,-0.0205,1.014
46.355722079,-0.5511,0.8305,-0.0112,0.997
46.357269541,-0.5042,0.8374,-0.0112,0.977
46.359869772,-0.4551,0.8446,-0.0205,0.960
46.363020925,-0.4015,0.8486,-0.0307,0.939
46.364638695,-0.3461,0.8512,-0.0459,0.920
46.36705631,-0.2972,0.8537,-0.0662,0.906
46.369562772,-0.2538,0.8570,-0.0843,0.898
46.37194431,-0.2056,0.8583,-0.1004,0.888
46.374596002,-0.1678,0.8635,-0.1139,0.887
46.37701131,-0.1333,0.8615,-0.1239,0.881
46.379361156,-0.1013,0.8637,-0.1341,0.880
46.381440233,-0.0707,0.8610,-0.1421,0.876
46.384161233,-0.0488,0.8573,-0.1563,0.873
46.38809231,-0.0263,0.8570,-0.1668,0.874
46.389688233,-0.0026,0.8512,-0.1768,0.869
46.391316002,0.0149,0.8490,-0.1871,0.869
46.393680233,0.0254,0.8473,-0.1969,0.870
46.396108618,0.0361,0.8432,-0.2103,0.870
46.398482695,0.0424,0.8449,-0.2175,0.873
46.400773848,0.0542,0.8458,-0.2236,0.877
46.404154387,0.0626,0.8493,-0.2313,0.882
46.405527387,0.0675,0.8559,-0.2357,0.890
46.408544618,0.0748,0.8649,-0.2401,0.901
46.410770156,0.0767,0.8735,-0.2457,0.911
46.413797464,0.0776,0.8849,-0.2460,0.922
46.415256233,0.0789,0.8945,-0.2450,0.931
46.418520002,0.0736,0.9043,-0.2467,0.940
46.421081848,0.0728,0.9096,-0.2467,0.945
46.422715925,0.0706,0.9155,-0.2401,0.949
46.424973156,0.0691,0.9169,-0.2301,0.948
46.429182079,0.0724,0.9157,-0.2091,0.942
46.430396233,0.0689,0.9133,-0.1854,0.934
46.432184002,0.0675,0.9023,-0.1558,0.918
46.435177848,0.0689,0.8933,-0.1300,0.905
46.442407387,0.0638,0.8764,-0.1038,0.885
46.443069772,0.0647,0.8566,-0.0818,0.863
46.44353931,0.0606,0.8319,-0.0724,0.837
46.444144233,0.0606,0.8065,-0.0601,0.811
46.454751925,0.0550,0.7745,-0.0528,0.778
46.455546464,0.0525,0.7466,-0.0437,0.750
46.455940925,0.0454,0.7217,-0.0298,0.724
46.456299079,0.0335,0.6907,-0.0183,0.692
46.456495695,0.0200,0.6636,-0.0149,0.664
46.459530695,0.0042,0.6331,-0.0212,0.633
46.463830772,-0.0188,0.6098,-0.0315,0.611
46.464406387,-0.0400,0.5915,-0.0410,0.594
46.466096541,-0.0647,0.5798,-0.0471,0.585
46.468265156,-0.0920,0.5854,-0.0445,0.594
46.470777156,-0.1138,0.6052,-0.0398,0.617
46.473302387,-0.1355,0.6438,-0.0293,0.659
46.475833848,-0.1521,0.6930,-0.0254,0.710
46.477989848,-0.1655,0.7471,-0.0235,0.766
46.480225156,-0.1758,0.8050,-0.0303,0.825
46.482693772,-0.1795,0.8619,-0.0505,0.882
46.485360541,-0.1970,0.9155,-0.0855,0.940
46.487755387,-0.2091,0.9636,-0.1290,0.994
46.490378079,-0.2266,1.0063,-0.1784,1.047
46.492791618,-0.2475,1.0479,-0.2352,1.102
46.495146079,-0.2799,1.0880,-0.2790,1.158
46.497301156,-0.3239,1.1276,-0.3014,1.211
46.499772233,-0.3722,1.1656,-0.3023,1.260
46.503184002,-0.4169,1.2031,-0.2751,1.303
46.504547387,-0.4585,1.2334,-0.2345,1.337
46.506996618,-0.4927,1.2534,-0.1957,1.361
46.510461464,-0.5191,1.2637,-0.1763,1.377
46.513601848,-0.5289,1.2675,-0.1581,1.383
46.514721848,-0.5406,1.2724,-0.1365,1.389
46.516613772,-0.5342,1.2649,-0.1195,1.378
46.519507695,-0.5161,1.2595,-0.1123,1.366
46.521618464,-0.4826,1.2483,-0.1134,1.343
46.523920002,-0.4343,1.2287,-0.1209,1.309
46.526495387,-0.3808,1.2003,-0.1385,1.267
46.52876331,-0.3168,1.1661,-0.1676,1.220
46.531162156,-0.2503,1.1302,-0.2110,1.177
46.534156618,-0.1944,1.0904,-0.2485,1.135
46.542688541,-0.1446,1.0384,-0.2824,1.086
46.543401772,-0.1033,0.9881,-0.3156,1.042
46.543700541,-0.0881,0.9424,-0.3508,1.009
46.544250772,-0.0637,0.8773,-0.3936,0.964
46.546346079,-0.0576,0.8214,-0.4146,0.922
46.548734695,-0.0576,0.7687,-0.4207,0.878
46.551088002,-0.0710,0.7195,-0.4083,0.830
46.555194464,-0.1064,0.6941,-0.3657,0.792
46.555877848,-0.1602,0.6792,-0.3023,0.760
46.558849541,-0.2210,0.6812,-0.2448,0.757
46.563457848,-0.2762,0.6902,-0.2008,0.770
46.564254464,-0.3527,0.7054,-0.1735,0.808
46.564911002,-0.4094,0.7179,-0.1526,0.840
46.56720731,-0.4632,0.7320,-0.1309,0.876
46.569616541,-0.5035,0.7384,-0.1136,0.901
46.572103925,-0.5294,0.7310,-0.1104,0.909
46.574426695,-0.5557,0.7122,-0.1127,0.910
46.577416233,-0.5689,0.6741,-0.1174,0.890
46.579189541,-0.5767,0.6164,-0.1360,0.855
46.581652233,-0.5919,0.5475,-0.1710,0.824
46.584328541,-0.6063,0.4811,-0.2280,0.807
46.586464541,-0.6293,0.4242,-0.2827,0.810
46.589320541,-0.6512,0.3921,-0.3166,0.823
46.591754156,-0.6859,0.3841,-0.3107,0.845
46.593944848,-0.7246,0.4144,-0.2641,0.875
46.596427618,-0.7712,0.4740,-0.1896,0.925
46.598939618,-0.8226,0.5724,-0.1058,1.008
46.602215387,-0.8625,0.6951,-0.0259,1.108
46.603258695,-0.8890,0.8434,0.0361,1.226
46.606340541,-0.8981,0.9923,0.0728,1.340
46.608303079,-0.8888,1.1505,0.0722,1.456
46.610856925,-0.8697,1.3093,0.0363,1.572
46.613556848,-0.8420,1.4576,-0.0179,1.683
46.615555695,-0.8020,1.5928,-0.0743,1.785
46.61909231,-0.7467,1.7093,-0.1223,1.869
46.620300002,-0.6798,1.7933,-0.1549,1.924
46.622708618,-0.6065,1.8544,-0.1693,1.958
46.627303695,-0.5271,1.8901,-0.1627,1.969
46.628343002,-0.4565,1.8979,-0.1575,1.958
46.63069931,-0.3879,1.8793,-0.1600,1.926
46.63333631,-0.3342,1.8463,-0.1803,1.885
46.640996541,-0.2985,1.8043,-0.2267,1.843
46.641734387,-0.2836,1.7584,-0.2900,1.805
46.642340618,-0.2750,1.7144,-0.3522,1.772
46.642964002,-0.2950,1.6743,-0.4070,1.748
46.654833156,-0.3419,1.6597,-0.4451,1.752
46.655728541,-0.4011,1.6670,-0.4432,1.771
46.655966079,-0.4783,1.7000,-0.3926,1.809
46.656347387,-0.5618,1.7437,-0.3261,1.861
46.656576925,-0.6468,1.7887,-0.2921,1.924
46.656775925,-0.7213,1.8241,-0.2921,1.983
46.659286772,-0.7754,1.8449,-0.3095,2.025
46.66385931,-0.8235,1.8647,-0.3107,2.062
46.664528002,-0.8443,1.8590,-0.3014,2.064
46.666238387,-0.8408,1.8334,-0.2804,2.036
46.668658387,-0.8294,1.7982,-0.2409,1.995
46.670871387,-0.8068,1.7452,-0.2194,1.935
46.673573848,-0.7702,1.6748,-0.2187,1.856
46.676489464,-0.7334,1.5856,-0.2267,1.762
46.678282772,-0.6959,1.4833,-0.2404,1.656
46.68075231,-0.6630,1.3750,-0.2597,1.548
46.683316233,-0.6407,1.2672,-0.2672,1.445
46.68571131,-0.6188,1.1566,-0.2881,1.343
46.688543925,-0.5946,1.0496,-0.2976,1.242
46.690558772,-0.5782,0.9499,-0.2699,1.144
46.693146464,-0.5769,0.8666,-0.2448,1.069
46.695005156,-0.5699,0.7769,-0.2465,0.995
46.697369772,-0.5753,0.6932,-0.2602,0.938
46.699847925,-0.5919,0.6079,-0.2775,0.893
46.702272002,-0.6032,0.5258,-0.2893,0.851
46.705105772,-0.6249,0.4573,-0.2744,0.822
46.707233772,-0.6686,0.4121,-0.2323,0.819
46.709492002,-0.7131,0.3721,-0.2143,0.832
46.712001156,-0.7617,0.3460,-0.2135,0.863
46.714556848,-0.8120,0.3210,-0.2360,0.905
46.717914156,-0.8513,0.2940,-0.2680,0.940
46.719151925,-0.8804,0.2573,-0.2900,0.962
46.721593848,-0.8990,0.2116,-0.2895,0.968
46.723999925,-0.8993,0.1589,-0.2663,0.951
46.726640848,-0.8995,0.1065,-0.2345,0.936
46.729036925,-0.8963,0.0572,-0.1917,0.918
46.731623387,-0.9012,0.0100,-0.1497,0.914
46.739712233,-0.9134,-0.0448,-0.1295,0.924
46.741010156,-0.9324,-0.1081,-0.1402,0.949
46.741326387,-0.9666,-0.1772,-0.1481,0.994
46.741590156,-1.0131,-0.2552,-0.1534,1.056
46.752451079,-1.0719,-0.3375,-0.1712,1.137
46.75353231,-1.1438,-0.4271,-0.2098,1.239
46.753967387,-1.2181,-0.5203,-0.2562,1.349
46.754528925,-1.2943,-0.6121,-0.3051,1.464
46.754890079,-1.3651,-0.7015,-0.3417,1.572
46.75557631,-1.4392,-0.7575,-0.3958,1.674
46.758708925,-1.5005,-0.7624,-0.4370,1.739
46.761178156,-1.5361,-0.7074,-0.4234,1.743
46.76705231,-1.5184,-0.5980,-0.3701,1.673
46.767570156,-1.4316,-0.4578,-0.3017,1.533
46.767932541,-1.3014,-0.3204,-0.2355,1.361
46.769775695,-1.1594,-0.2032,-0.1612,1.188
46.772126079,-1.0121,-0.1073,-0.0596,1.020
46.774612848,-0.8565,-0.0378,0.0635,0.860
46.77676731,-0.7036,0.0059,0.1749,0.725
46.779495387,-0.5584,0.0298,0.2633,0.618
46.781851002,-0.4211,0.0482,0.3307,0.538
46.784385848,-0.2967,0.0629,0.3724,0.480
46.786565541,-0.1942,0.0709,0.3791,0.432
46.789251387,-0.1223,0.0750,0.3395,0.369
46.791684541,-0.0563,0.0721,0.2801,0.295
46.794348233,0.0017,0.0518,0.1812,0.189
46.796265772,0.0550,0.0233,0.1275,0.141
46.79887131,0.0982,0.0049,0.0512,0.111
46.800934079,0.1283,-0.0120,-0.0214,0.131
46.80379531,0.1498,-0.0231,-0.0855,0.174
46.806911002,0.1605,-0.0238,-0.1514,0.222
46.808740541,0.1725,-0.0234,-0.2035,0.268
46.810722387,0.1791,-0.0162,-0.2274,0.290
46.813393464,0.1861,-0.0108,-0.2343,0.299
46.816599618,0.1766,0.0071,-0.2482,0.305
46.822150079,0.1579,0.0296,-0.2450,0.293
46.822406772,0.1505,0.0548,-0.2409,0.289
46.822615925,0.1405,0.0699,-0.2308,0.279
46.825115079,0.1029,0.1065,-0.2497,0.290
46.827611387,0.0869,0.1376,-0.2438,0.293
46.82990331,0.0564,0.1766,-0.2499,0.311
46.836661233,0.0324,0.2148,-0.2282,0.315
46.837448925,-0.0004,0.2563,-0.2082,0.330
46.838080925,-0.0402,0.2981,-0.1957,0.359
46.839650695,-0.0869,0.3323,-0.1808,0.388
46.845497156,-0.1348,0.3604,-0.1593,0.416
46.845931387,-0.1756,0.3856,-0.1446,0.448
46.848122772,-0.2119,0.4125,-0.1232,0.480
46.855606156,-0.2442,0.4352,-0.1016,0.509
46.855985156,-0.2745,0.4622,-0.0776,0.543
46.856110079,-0.3014,0.4850,-0.0435,0.573
46.856739079,-0.3249,0.5090,-0.0127,0.604
46.858798695,-0.3466,0.5295,0.0119,0.633
46.861303002,-0.3679,0.5539,0.0430,0.666
46.863734079,-0.3913,0.5791,0.0696,0.702
46.866266695,-0.3884,0.5947,0.0894,0.716
46.868586156,-0.3681,0.6098,0.1155,0.722
46.871323925,-0.3510,0.6287,0.1248,0.731
46.874483925,-0.3619,0.6460,0.1145,0.749
46.875832848,-0.4089,0.6646,0.0837,0.785
46.878139079,-0.3952,0.6821,0.0768,0.792
46.881050387,-0.4038,0.6934,0.0276,0.803
46.883395002,-0.3801,0.7174,0.0833,0.816
46.885617464,-0.3444,0.7393,0.1353,0.827
46.887998695,-0.3551,0.7515,0.0173,0.831
46.890909541,-0.3544,0.7687,-0.0631,0.849
46.892686772,-0.3664,0.7808,-0.1006,0.868
46.895188925,-0.4113,0.7994,-0.0889,0.903
46.897978156,-0.4499,0.8278,-0.0366,0.943
46.900024541,-0.4844,0.8470,-0.0312,0.976
46.903018695,-0.5228,0.8684,-0.0319,1.014
46.904818079,-0.5562,0.8803,-0.0176,1.041
46.907342695,-0.5870,0.8852,-0.0086,1.062
46.909677848,-0.6200,0.8835,0.0297,1.080
46.912205848,-0.6525,0.8761,0.0737,1.095
46.915448848,-0.6833,0.8715,0.0957,1.112
46.916898156,-0.7080,0.8610,0.1074,1.120
46.919403925,-0.7341,0.8502,0.1035,1.128
46.921911695,-0.7519,0.8370,0.0796,1.128
46.924185848,-0.7634,0.8258,0.0370,1.125
46.928433772,-0.7641,0.8123,-0.0083,1.115
46.929090695,-0.7572,0.8016,-0.0420,1.104
46.934538695,-0.7446,0.8023,-0.0731,1.097
46.935035387,-0.7285,0.8114,-0.0972,1.095
46.936123695,-0.7099,0.8307,-0.1239,1.100
46.938605772,-0.6980,0.8517,-0.1776,1.115
46.952086079,-0.6864,0.8771,-0.2443,1.140
46.95269231,-0.6705,0.8940,-0.2934,1.155
46.952891695,-0.6642,0.9292,-0.3417,1.192
46.953035079,-0.6715,0.9770,-0.3762,1.244
46.953125464,-0.6810,1.0330,-0.3904,1.297
46.953254387,-0.6866,1.0858,-0.4097,1.348
46.960597772,-0.6903,1.1349,-0.4295,1.396
46.961572002,-0.6936,1.1723,-0.4253,1.427
46.961758695,-0.6955,1.1994,-0.4097,1.446
46.962858772,-0.6940,1.2211,-0.3953,1.459
46.965810464,-0.7004,1.2353,-0.3855,1.471
46.967490156,-0.6913,1.2414,-0.3613,1.466
46.969858079,-0.6828,1.2362,-0.3535,1.456
46.973059387,-0.6738,1.2314,-0.3496,1.447
46.974589464,-0.6703,1.2211,-0.3533,1.437
46.977411618,-0.6738,1.2124,-0.3635,1.434
46.97959931,-0.6850,1.1955,-0.3682,1.426
46.982136848,-0.7013,1.1784,-0.3694,1.420
46.98429931,-0.7197,1.1620,-0.3623,1.414
46.987028233,-0.7346,1.1379,-0.3594,1.401
46.990436618,-0.7512,1.1202,-0.3525,1.394
46.991517848,-0.7602,1.0960,-0.3518,1.379
46.994318156,-0.7683,1.0780,-0.3533,1.370
46.996534079,-0.7698,1.0643,-0.3293,1.354
46.998795618,-0.7717,1.0469,-0.3005,1.335
47.001606387,-0.7693,1.0371,-0.2641,1.318
47.004455618,-0.7693,1.0298,-0.2364,1.307
47.006506079,-0.7630,1.0184,-0.2240,1.292
47.008345848,-0.7583,1.0061,-0.2164,1.278
47.010799695,-0.7548,0.9993,-0.2182,1.271
47.013340925,-0.7472,0.9912,-0.1719,1.253
47.015689233,-0.7448,0.9878,-0.1290,1.244
47.01813231,-0.7341,0.9770,-0.0901,1.225
47.02061531,-0.7262,0.9678,-0.0574,1.211
47.023134079,-0.7182,0.9560,-0.0417,1.196
47.025532541,-0.7094,0.9434,-0.0110,1.180
47.027930387,-0.7153,0.9309,0.0021,1.174
47.034132541,-0.7120,0.9013,0.0234,1.149
47.034673156,-0.7073,0.8656,0.0349,1.118
47.034968233,-0.7001,0.8302,0.0468,1.087
47.038077849,-0.6874,0.7941,0.0476,1.051
47.045519695,-0.6584,0.7628,0.0419,1.008
47.046371002,-0.6156,0.7312,0.0283,0.956
47.046557772,-0.5601,0.7042,0.0146,0.900
47.047076925,-0.5012,0.6853,-0.0034,0.849
47.050105772,-0.4416,0.6702,-0.0168,0.803
47.051843002,-0.3971,0.6646,-0.0242,0.775
47.054710772,-0.3532,0.6631,-0.0332,0.752
47.056928541,-0.3151,0.6651,-0.0473,0.737
47.059329464,-0.2818,0.6734,-0.0589,0.732
47.061363695,-0.2459,0.6800,-0.0696,0.726
47.064102156,-0.2152,0.6900,-0.0904,0.728
47.066344849,-0.1888,0.7024,-0.1043,0.735
47.068732541,-0.1768,0.7184,-0.1131,0.748
47.072374156,-0.1688,0.7371,-0.1160,0.765
47.073578079,-0.1590,0.7535,-0.1221,0.780
47.075994464,-0.1418,0.7725,-0.1332,0.797
47.079606156,-0.1333,0.7904,-0.1312,0.812
47.081559387,-0.1257,0.8085,-0.1260,0.828
47.083161541,-0.1267,0.8236,-0.1221,0.842
47.086143695,-0.1245,0.8368,-0.1162,0.854
47.088774695,-0.1236,0.8466,-0.1239,0.865
47.090444849,-0.1250,0.8507,-0.1441,0.872
47.095419002,-0.1171,0.8537,-0.1463,0.874
47.095898464,-0.1128,0.8568,-0.1483,0.877
47.097846695,-0.0898,0.8644,-0.1470,0.881
47.100321464,-0.0920,0.8583,-0.1421,0.875
47.102767387,-0.0915,0.8463,-0.1390,0.863
47.105619695,-0.0893,0.8327,-0.1358,0.848
47.107474387,-0.0861,0.8234,-0.1314,0.838
47.109744233,-0.0861,0.8224,-0.1263,0.836
47.112222695,-0.0791,0.8221,-0.1236,0.835
47.114830695,-0.0754,0.8273,-0.1232,0.840
47.117079387,-0.0756,0.8376,-0.1239,0.850
47.119579079,-0.0849,0.8517,-0.1265,0.865
47.122285156,-0.0969,0.8656,-0.1304,0.881
47.124115002,-0.1069,0.8801,-0.1314,0.896
47.126698464,-0.1184,0.9001,-0.1332,0.918
47.130151079,-0.1329,0.9162,-0.1368,0.936
47.131450079,-0.1423,0.9360,-0.1432,0.958
47.133804849,-0.1453,0.9497,-0.1470,0.972
47.137133233,-0.1460,0.9616,-0.1432,0.983
47.139237772,-0.1443,0.9700,-0.1405,0.991
47.141686772,-0.1392,0.9739,-0.1444,0.994
47.143678772,-0.1329,0.9800,-0.1451,1.000
47.150505233,-0.1255,0.9783,-0.1497,0.998
47.151230079,-0.1206,0.9770,-0.1593,0.997
47.151634156,-0.1133,0.9734,-0.1732,0.995
47.153675002,-0.1038,0.9658,-0.1859,0.989
47.162538695,-0.0915,0.9572,-0.2013,0.982
47.163467618,-0.0756,0.9458,-0.2098,0.972
47.163661772,-0.0619,0.9309,-0.2103,0.956
47.163976002,-0.0539,0.9169,-0.2106,0.942
47.165870772,-0.0385,0.9045,-0.2050,0.928
47.16740831,-0.0236,0.8954,-0.2045,0.919
47.171880541,-0.0095,0.8879,-0.2010,0.910
47.172715079,-0.0014,0.8822,-0.1905,0.903
47.174724233,0.0032,0.8803,-0.1776,0.898
47.178730695,0.0095,0.8854,-0.1668,0.901
47.180439618,0.0117,0.8974,-0.1607,0.912
47.182031387,0.0068,0.9267,-0.1588,0.940
47.184591079,0.0070,0.9558,-0.1468,0.967
47.187041233,0.0032,0.9707,-0.1425,0.981
47.189355695,0.0037,0.9665,-0.1710,0.982
47.191763002,0.0007,0.9316,-0.2284,0.959
47.194239618,-0.0070,0.8842,-0.3564,0.953
47.196749233,-0.0216,0.8185,-0.5248,0.973
47.199604925,-0.0473,0.7587,-0.7422,1.062
47.201694079,-0.0712,0.7228,-0.9787,1.219
47.204488849,-0.0893,0.7242,-1.1670,1.376
47.206193772,-0.0957,0.7618,-1.3305,1.536
47.209020541,-0.0928,0.8424,-1.4610,1.689
47.211177849,-0.0808,0.9399,-1.4583,1.737
47.213682695,-0.0747,1.0389,-1.2804,1.651
47.216090156,-0.0707,1.1400,-0.9855,1.509
47.218553156,-0.0793,1.2765,-0.6122,1.418
47.221061772,-0.0764,1.4496,-0.0897,1.454
47.223101541,-0.0998,1.6721,0.3820,1.718
47.225754387,-0.1443,1.8977,0.7758,2.055
47.228062387,-0.2144,2.1116,1.0868,2.385
47.230330156,-0.2580,2.2409,1.2750,2.591
47.232948849,-0.2452,2.2814,1.4167,2.697
47.23544831,-0.1494,2.2651,1.4413,2.689
47.240982079,0.0457,2.1920,1.2715,2.535
47.241687618,0.2988,2.0838,1.0966,2.374
47.24263531,0.5423,1.9917,1.0153,2.300
47.25057931,0.7370,1.9739,1.0886,2.372
47.251009541,0.8900,1.9739,0.9582,2.368
47.251174079,1.0305,1.9331,0.7363,2.311
47.252391618,1.1123,1.8830,0.4725,2.237
47.260984849,1.1341,1.8356,0.1753,2.165
47.261278772,1.0520,1.8507,-0.2986,2.150
47.261713156,0.8917,1.8554,-0.8768,2.238
47.26196731,0.7728,1.8173,-1.4524,2.451
47.264039925,0.6108,1.7449,-1.9765,2.706
47.26671231,0.5218,1.6287,-2.0969,2.706
47.270350156,0.4666,1.4962,-1.8692,2.439
47.271347387,0.4430,1.3787,-1.4273,2.033
47.273809849,0.4747,1.2998,-1.0510,1.738
47.27629931,0.5443,1.2488,-0.5685,1.476
47.278778695,0.6596,1.2360,-0.1871,1.413
47.280969233,0.6841,1.2651,0.1120,1.443
47.283591695,0.6364,1.3413,0.3661,1.529
47.285980618,0.5524,1.4368,0.5711,1.642
47.288854156,0.4505,1.5385,0.6845,1.743
47.29107631,0.3244,1.6416,0.7192,1.821
47.293325156,0.1756,1.7433,0.6813,1.880
47.295626156,0.0259,1.8427,0.5606,1.926
47.297934772,-0.1054,1.9316,0.3842,1.972
47.300629849,-0.2156,1.9939,0.2039,2.016
47.304081772,-0.3099,2.0219,0.0517,2.046
47.30531131,-0.3630,2.0137,-0.1165,2.049
47.307464002,-0.4038,1.9585,-0.2783,2.019
47.310083002,-0.4446,1.8666,-0.3867,1.957
47.31239631,-0.4886,1.7755,-0.4764,1.902
47.314984925,-0.5543,1.6699,-0.5074,1.831
47.317492849,-0.5941,1.5737,-0.4321,1.737
47.32005231,-0.6193,1.5204,-0.2790,1.665
47.321865156,-0.6698,1.4759,-0.1971,1.633
47.324642079,-0.7465,1.4475,-0.0720,1.630
47.326979002,-0.8252,1.4263,0.0696,1.649
47.329479925,-0.8802,1.3811,0.1932,1.649
47.332475387,-0.9422,1.3399,0.2562,1.658
47.334681772,-0.9735,1.2724,0.1886,1.613
47.340619079,-0.9755,1.1693,0.0879,1.525
47.341504849,-0.9722,1.0633,-0.0598,1.442
47.342138156,-0.9484,0.9399,-0.1810,1.347
47.343885849,-0.9283,0.8300,-0.3070,1.283
47.352703618,-0.9200,0.7445,-0.4043,1.251
47.353732002,-0.9217,0.6814,-0.4840,1.244
47.354042156,-0.9415,0.6380,-0.5426,1.260
47.354345464,-0.9713,0.6075,-0.5775,1.283
47.357237233,-1.0031,0.5937,-0.5958,1.309
47.359149233,-1.0260,0.6010,-0.5961,1.330
47.361158695,-1.0427,0.6248,-0.5910,1.352
47.36286331,-1.0500,0.6499,-0.5812,1.365
47.365240233,-1.0470,0.6816,-0.5775,1.376
47.367835002,-1.0358,0.7130,-0.5704,1.381
47.369991695,-1.0221,0.7381,-0.5614,1.380
47.372473849,-1.0038,0.7647,-0.5563,1.379
47.375041233,-0.9848,0.7980,-0.5504,1.382
47.378145849,-0.9601,0.8281,-0.5492,1.382
47.380215695,-0.9305,0.8581,-0.5563,1.383
47.382342387,-0.8951,0.8894,-0.5690,1.384
47.385000233,-0.8562,0.9167,-0.5751,1.380
47.387141464,-0.8120,0.9390,-0.5746,1.368
47.38958331,-0.7719,0.9602,-0.5724,1.359
47.392304541,-0.7355,0.9781,-0.5695,1.350
47.394586464,-0.6999,0.9902,-0.5665,1.338
47.396742387,-0.6684,1.0027,-0.5585,1.328
47.399238156,-0.6302,0.9998,-0.5480,1.303
47.403038156,-0.5980,0.9907,-0.5390,1.277
47.40430031,-0.5757,0.9861,-0.5382,1.262
47.406606464,-0.5562,0.9721,-0.5299,1.239
47.409962387,-0.5438,0.9583,-0.5184,1.218
47.411722464,-0.5391,0.9450,-0.5074,1.200
47.414437772,-0.5318,0.9292,-0.4926,1.178
47.416752541,-0.5279,0.9192,-0.4786,1.163
47.419898695,-0.5230,0.9101,-0.4563,1.145
47.420963925,-0.5137,0.9006,-0.4395,1.126
47.423350387,-0.4959,0.8928,-0.4155,1.103
47.426141464,-0.4812,0.8950,-0.4095,1.096
47.428472541,-0.4786,0.9008,-0.3970,1.095
47.430793156,-0.4749,0.9096,-0.3774,1.093
47.433811002,-0.4627,0.9204,-0.3564,1.090
47.435476925,-0.4495,0.9336,-0.3364,1.089
47.438040925,-0.4374,0.9506,-0.3222,1.095
47.440393849,-0.4162,0.9563,-0.3124,1.089
47.446715618,-0.3933,0.9641,-0.2888,1.081
47.447654772,-0.3656,0.9672,-0.2592,1.066
47.448239925,-0.3358,0.9668,-0.2218,1.047
47.450300618,-0.2983,0.9695,-0.1893,1.032
47.458508233,-0.2636,0.9709,-0.1507,1.017
47.459083387,-0.2271,0.9749,-0.1185,1.008
47.45927131,-0.1949,0.9802,-0.0843,1.003
47.459653849,-0.1611,0.9832,-0.0538,0.998
47.462889772,-0.1282,0.9876,-0.0342,0.996
47.464684618,-0.0923,0.9946,-0.0279,0.999
47.468228618,-0.0588,0.9986,-0.0249,1.001
47.469508541,-0.0278,1.0024,-0.0235,1.003
47.471466079,0.0009,0.9998,-0.0288,1.000
47.474038464,0.0235,1.0035,-0.0412,1.005
47.476595079,0.0396,1.0035,-0.0486,1.005
47.478585156,0.0571,1.0012,-0.0554,1.004
47.481660002,0.0645,0.9983,-0.0633,1.002
47.484301464,0.0724,0.9966,-0.0671,1.002
47.486073849,0.0759,0.9907,-0.0720,0.996
47.488538079,0.0813,0.9842,-0.0774,0.991
47.490849464,0.0831,0.9709,-0.0894,0.979
47.493369541,0.0874,0.9634,-0.1006,0.973
47.495633233,0.0848,0.9539,-0.1158,0.965
47.498569849,0.0792,0.9446,-0.1373,0.958
47.501496925,0.0666,0.9409,-0.1728,0.959
47.503144002,0.0618,0.9382,-0.1747,0.956
47.505319695,0.0566,0.9311,-0.1754,0.949
47.508013464,0.0498,0.9220,-0.1808,0.941
47.51056331,0.0457,0.9128,-0.1828,0.932
47.512563925,0.0428,0.9015,-0.1881,0.922
47.515423695,0.0359,0.8947,-0.1996,0.917
47.518827387,0.0286,0.8798,-0.2098,0.905
47.519977464,0.0215,0.8666,-0.2199,0.894
47.522360002,0.0114,0.8517,-0.2294,0.882
47.52455631,0.0002,0.8300,-0.2387,0.864
47.527234464,-0.0092,0.8139,-0.2436,0.850
47.529954387,-0.0202,0.8043,-0.2478,0.842
47.532132233,-0.0307,0.7904,-0.2467,0.829
47.538211002,-0.0390,0.7808,-0.2399,0.818
47.539252849,-0.0463,0.7696,-0.2301,0.805
47.539955079,-0.0500,0.7608,-0.2199,0.794
47.541580002,-0.0500,0.7540,-0.2133,0.785
47.549087925,-0.0519,0.7510,-0.2074,0.781
47.549699618,-0.0500,0.7438,-0.2001,0.772
47.55001531,-0.0468,0.7445,-0.1940,0.771
47.551435387,-0.0405,0.7428,-0.1886,0.767
47.554252618,-0.0334,0.7435,-0.1859,0.767
47.556729849,-0.0283,0.7454,-0.1835,0.768
47.559150079,-0.0216,0.7501,-0.1861,0.773
47.560914156,-0.0151,0.7564,-0.1873,0.779
47.562964849,-0.0114,0.7647,-0.1873,0.787
47.56604031,-0.0067,0.7723,-0.1833,0.794
47.568529233,-0.0078,0.7862,-0.1784,0.806
47.570826156,-0.0006,0.7946,-0.1686,0.812
47.572679079,0.0012,0.8029,-0.1600,0.819
47.576202772,0.0049,0.8074,-0.1519,0.822
47.578982156,0.0137,0.8102,-0.1373,0.822
47.580354387,0.0212,0.8123,-0.1207,0.822
47.58277131,0.0312,0.8092,-0.1080,0.817
47.585203695,0.0373,0.8055,-0.0916,0.812
47.587414695,0.0473,0.7997,-0.0771,0.805
47.589786695,0.0528,0.7877,-0.0708,0.793
47.592228233,0.0586,0.7804,-0.0610,0.785
47.594731079,0.0603,0.7676,-0.0564,0.772
47.597299618,0.0615,0.7559,-0.0569,0.761
47.599626464,0.0623,0.7489,-0.0606,0.754
47.601809233,0.0574,0.7401,-0.0677,0.745
47.604107618,0.0522,0.7368,-0.0728,0.742
47.606773849,0.0496,0.7352,-0.0743,0.741
47.609011387,0.0466,0.7300,-0.0711,0.735
47.611976233,0.0403,0.7308,-0.0764,0.736
47.613763925,0.0368,0.7291,-0.0899,0.736
47.617001464,0.0291,0.7315,-0.1082,0.740
47.618608002,0.0225,0.7347,-0.1283,0.746
47.621175925,0.0158,0.7391,-0.1461,0.754
47.623592541,0.0098,0.7477,-0.1598,0.765
47.626308925,0.0021,0.7587,-0.1607,0.776
47.628363618,-0.0002,0.7748,-0.1419,0.788
47.630766772,0.0034,0.8011,-0.1226,0.810
47.637210156,0.0086,0.8244,-0.1143,0.832
47.637818464,0.0112,0.8466,-0.1327,0.857
47.638472002,0.0114,0.8642,-0.1800,0.883
47.640734464,0.0002,0.8717,-0.2413,0.905
47.648031618,-0.0195,0.8759,-0.3115,0.930
47.648811079,-0.0542,0.8798,-0.3823,0.961
47.649490695,-0.1026,0.8784,-0.4490,0.992
47.658674772,-0.1609,0.8866,-0.4913,1.026
47.659155002,-0.2215,0.8964,-0.5064,1.053
47.659576002,-0.2829,0.9013,-0.4922,1.065
47.659852849,-0.3458,0.9040,-0.4517,1.068
47.660101233,-0.4106,0.9018,-0.3946,1.067
47.662346079,-0.4807,0.8901,-0.3320,1.065
47.664462079,-0.5655,0.8766,-0.2702,1.078
47.666911925,-0.6461,0.8644,-0.2094,1.099
47.66922331,-0.7206,0.8527,-0.1556,1.127
47.671752002,-0.7993,0.8388,-0.1165,1.164
47.674637849,-0.8716,0.8265,-0.0745,1.204
47.677149541,-0.9237,0.8163,-0.0491,1.234
47.679023618,-0.9710,0.8143,-0.0291,1.268
47.683422772,-0.9933,0.8136,-0.0181,1.284
47.68417131,-0.9967,0.8236,-0.0173,1.293
47.686722464,-0.9820,0.8409,-0.0293,1.293
47.688762464,-0.9464,0.8691,-0.0540,1.286
47.691113464,-0.8892,0.9067,-0.0815,1.273
47.69354731,-0.8033,0.9567,-0.1123,1.254
47.695968618,-0.6866,1.0200,-0.1409,1.238
47.698375002,-0.5594,1.0990,-0.1544,1.243
47.700794387,-0.4406,1.1815,-0.1534,1.270
47.703674156,-0.3398,1.2790,-0.1681,1.334
47.705992002,-0.2382,1.3738,-0.1644,1.404
47.708471079,-0.1304,1.4468,-0.1248,1.458
47.710256925,-0.0129,1.4928,-0.0493,1.494
47.712671925,0.1148,1.4982,0.0200,1.503
47.716568618,0.2421,1.4388,-0.0014,1.459
47.717705156,0.3757,1.3052,-0.0872,1.361
47.720446695,0.4559,1.1207,-0.2421,1.234
47.722555387,0.4962,0.8768,-0.4260,1.094
47.724933849,0.4922,0.6023,-0.5963,0.980
47.727249156,0.4290,0.3382,-0.7232,0.906
47.729719002,0.2921,0.1053,-0.8106,0.868
47.736563925,0.1024,-0.0709,-0.8346,0.844
47.737616233,-0.1194,-0.1814,-0.7974,0.826
47.737988925,-0.3724,-0.2234,-0.7063,0.829
47.739914464,-0.6310,-0.1997,-0.5602,0.867
47.749417156,-0.8834,-0.1220,-0.3647,0.963
47.750825233,-1.1126,-0.0052,-0.1622,1.124
47.751155002,-1.2823,0.1347,0.0143,1.289
47.751331387,-1.4231,0.2998,0.1548,1.463
47.75164731,-1.4958,0.4782,0.2571,1.591
47.754556849,-1.5137,0.6699,0.2960,1.682
47.755994387,-1.4868,0.8674,0.2853,1.745
47.75853631,-1.4431,1.0738,0.2328,1.814
47.760911618,-1.3812,1.2768,0.1832,1.890
47.763579387,-1.3256,1.4984,0.1362,2.005
47.765833464,-1.2501,1.6777,0.1001,2.095
47.768257541,-1.1758,1.8346,0.0432,2.179
47.770745156,-1.0989,1.9575,-0.0005,2.245
47.773726079,-1.0131,2.0371,-0.0471,2.276
47.780562156,-0.9276,2.0869,-0.0752,2.285
47.781195618,-0.8387,2.1039,-0.1288,2.269
47.782072925,-0.7321,2.1062,-0.2131,2.240
47.782794464,-0.6158,2.1204,-0.2893,2.227
47.785539695,-0.4910,2.1693,-0.3079,2.245
47.787411695,-0.3615,2.2387,-0.3002,2.287
47.790172618,-0.2320,2.3171,-0.2748,2.345
47.792102156,-0.0996,2.3706,-0.2416,2.385
47.794769156,0.0435,2.3999,-0.2010,2.409
47.797240002,0.1756,2.4083,-0.1901,2.422
47.799424618,0.3286,2.3640,-0.1998,2.395
47.801974772,0.4801,2.2790,-0.2301,2.340
47.804472618,0.6023,2.1679,-0.3132,2.272
47.806722695,0.6946,2.0256,-0.4190,2.182
47.808976925,0.7407,1.8654,-0.4928,2.067
47.811578079,0.7398,1.6983,-0.5262,1.926
47.815131387,0.6939,1.5424,-0.5248,1.771
47.816213464,0.5939,1.3990,-0.4938,1.598
47.818864233,0.4512,1.2903,-0.4813,1.449
47.821645464,0.2746,1.2169,-0.4884,1.340
47.823859618,0.0801,1.1752,-0.4877,1.275
47.826149233,-0.1071,1.1532,-0.4805,1.254
47.828534156,-0.2841,1.1442,-0.4791,1.273
47.831356618,-0.4382,1.1407,-0.4798,1.313
47.833129464,-0.5834,1.1463,-0.4752,1.371
47.835650387,-0.7162,1.1486,-0.4549,1.428
47.838127618,-0.8240,1.1414,-0.4219,1.470
47.840463387,-0.9073,1.1300,-0.3869,1.500
47.842670464,-0.9880,1.1146,-0.3479,1.530
47.845341849,-1.0339,1.0848,-0.3002,1.528
47.848466695,-1.0639,1.0462,-0.2816,1.518
47.850075002,-1.0686,0.9919,-0.2998,1.489
47.852873156,-1.0637,0.9429,-0.3303,1.459
47.855067079,-1.0610,0.9020,-0.3552,1.437
47.85716731,-1.0446,0.8661,-0.3684,1.406
47.859707002,-1.0155,0.8309,-0.3762,1.365
47.862398464,-0.9726,0.8031,-0.3894,1.320
47.867383002,-0.9237,0.7694,-0.4055,1.269
47.867859387,-0.8662,0.7364,-0.4268,1.214
47.869333849,-0.8089,0.7007,-0.4363,1.156
47.872047002,-0.7524,0.6660,-0.4327,1.094
47.874020925,-0.6975,0.6299,-0.4216,1.030
47.876459079,-0.6498,0.5832,-0.4097,0.964
47.87900431,-0.6149,0.5424,-0.4036,0.914
47.881448925,-0.5929,0.5025,-0.4239,0.885
47.88379231,-0.5736,0.4633,-0.4419,0.860
47.886293772,-0.5674,0.4193,-0.4535,0.839
47.888726772,-0.5682,0.3780,-0.4708,0.829
47.89092731,-0.5765,0.3389,-0.5022,0.836
47.893580541,-0.5955,0.2968,-0.5160,0.842
47.895920618,-0.6246,0.2568,-0.5015,0.841
47.898648618,-0.6605,0.2187,-0.4663,0.838
47.90056831,-0.7116,0.1806,-0.4256,0.849
47.902964233,-0.7802,0.1468,-0.3760,0.878
47.905406156,-0.8758,0.1186,-0.3188,0.940
47.907916002,-0.9957,0.1000,-0.2829,1.040
47.910324618,-1.1336,0.0963,-0.2878,1.173
47.913406387,-1.2740,0.0932,-0.3284,1.319
47.915930772,-1.3942,0.0978,-0.3882,1.451
47.918777541,-1.4744,0.1002,-0.4571,1.547
47.920217772,-1.5112,0.0874,-0.5087,1.597
47.92337931,-1.5010,0.0599,-0.5126,1.587
47.925390772,-1.4465,0.0166,-0.4463,1.514
47.927924618,-1.3341,-0.0318,-0.3083,1.370
47.931043387,-1.1953,-0.0951,-0.1183,1.205
47.932104233,-1.0295,-0.1618,0.0994,1.047
47.934958387,-0.8475,-0.2251,0.3127,0.931
47.937129464,-0.6684,-0.2950,0.4644,0.866
47.939541464,-0.4846,-0.3553,0.5438,0.810
47.941735618,-0.3088,-0.4086,0.5601,0.759
47.944343079,-0.1453,-0.4545,0.5418,0.722
47.950590387,-0.0060,-0.4821,0.5025,0.696
47.951573772,0.1046,-0.4811,0.4490,0.666
47.951958772,0.1935,-0.4624,0.3801,0.629
47.954488002,0.2534,-0.4122,0.2997,0.569
47.966429849,0.2914,-0.3444,0.2171,0.501
47.967570156,0.3115,-0.2694,0.1509,0.439
47.967962772,0.3212,-0.1883,0.0979,0.385
47.968175618,0.3247,-0.1054,0.0370,0.343
47.968371618,0.3119,-0.0243,-0.0291,0.314
47.968572541,0.2827,0.0592,-0.1055,0.307
47.975252618,0.2475,0.1393,-0.1752,0.334
47.975916541,0.1940,0.2192,-0.2380,0.377
47.976267079,0.1502,0.2922,-0.2819,0.433
47.978622464,0.0994,0.3562,-0.3093,0.482
47.980411002,0.0424,0.4230,-0.3232,0.534
47.984103618,-0.0136,0.4828,-0.3330,0.587
47.985363079,-0.0671,0.5292,-0.3384,0.632
47.988217849,-0.1101,0.5719,-0.3347,0.672
47.989899695,-0.1516,0.6079,-0.3230,0.705
47.992301233,-0.1875,0.6320,-0.3228,0.734
47.99511531,-0.2128,0.6494,-0.3210,0.755
47.997393541,-0.2426,0.6639,-0.3091,0.771
48.000189541,-0.2652,0.6741,-0.2949,0.782
48.002337233,-0.2892,0.6783,-0.2807,0.789
48.00516031,-0.3080,0.6807,-0.2611,0.791
48.006863695,-0.3200,0.6825,-0.2387,0.791
48.009761156,-0.3229,0.6800,-0.2128,0.782
48.012039002,-0.3207,0.6809,-0.1868,0.776
48.014105849,-0.3288,0.6756,-0.1703,0.770
48.017007618,-0.3344,0.6795,-0.1898,0.781
48.019643695,-0.3051,0.6975,-0.0789,0.765
48.022118695,-0.2589,0.7219,0.0361,0.768
48.023812233,-0.2264,0.7486,0.0822,0.786
48.026412618,-0.2769,0.7659,0.0675,0.817
48.029873156,-0.2804,0.7794,0.0837,0.833
48.03112731,-0.2704,0.7936,0.1123,0.846
48.033651925,-0.2720,0.8163,0.1732,0.878
48.035896233,-0.3153,0.8495,0.2471,0.939
48.03854031,-0.3479,0.8700,0.2720,0.976
48.041436849,-0.3661,0.8828,0.2855,0.997
48.043349233,-0.3882,0.8854,0.2809,1.007
48.045667002,-0.4148,0.8805,0.2489,1.005
48.04941631,-0.4460,0.8663,0.2068,0.996
48.050857464,-0.4814,0.8502,0.1585,0.990
48.053038464,-0.5252,0.8365,0.1091,0.994
48.061286079,-0.5701,0.8227,0.0498,1.002
48.061908618,-0.6156,0.8043,-0.0144,1.013
48.062125233,-0.6610,0.7872,-0.0720,1.030
48.062330695,-0.7097,0.7652,-0.1109,1.050
48.064604233,-0.7585,0.7459,-0.1363,1.072
48.068219387,-0.8020,0.7277,-0.1439,1.092
48.069691079,-0.8411,0.7144,-0.1441,1.113
48.072066156,-0.8765,0.7042,-0.1344,1.132
48.074574464,-0.9109,0.6912,-0.1172,1.149
48.077140618,-0.9337,0.6776,-0.1009,1.158
48.079456233,-0.9528,0.6623,-0.0936,1.164
48.08170731,-0.9686,0.6560,-0.0911,1.173
48.084324849,-0.9825,0.6516,-0.0950,1.183
48.087422464,-0.9843,0.6369,-0.1006,1.177
48.088818387,-0.9745,0.6201,-0.1104,1.160
48.091572849,-0.9582,0.6091,-0.1129,1.141
48.093912541,-0.9391,0.5996,-0.1192,1.121
48.096303079,-0.9158,0.5982,-0.1219,1.101
48.098489541,-0.8895,0.6013,-0.1309,1.082
48.101396849,-0.8616,0.6115,-0.1437,1.066
48.103415695,-0.8389,0.6267,-0.1456,1.057
48.105769849,-0.8184,0.6473,-0.1307,1.052
48.108390387,-0.8089,0.6744,-0.1143,1.059
48.110996233,-0.8198,0.7179,-0.0796,1.093
48.113470156,-0.8367,0.7613,-0.0569,1.133
48.117271002,-0.8520,0.8070,-0.0391,1.174
48.118288618,-0.8729,0.8449,-0.0473,1.216
48.120620233,-0.8997,0.8791,-0.0552,1.259
48.122646387,-0.9258,0.9082,-0.0682,1.299
48.125307079,-0.9617,0.9448,-0.0808,1.351
48.127654464,-0.9972,0.9709,-0.1097,1.396
48.130039925,-1.0226,0.9856,-0.1521,1.428
48.13239931,-1.0400,0.9874,-0.1917,1.447
48.135022156,-1.0373,0.9814,-0.2336,1.447
48.14150731,-1.0134,0.9614,-0.2707,1.423
48.142301849,-1.0050,0.9656,-0.3046,1.427
48.143062695,-0.9994,0.9599,-0.3459,1.428
48.151151002,-0.9892,0.9483,-0.3552,1.416
48.151902079,-0.9743,0.9362,-0.3433,1.394
48.152132618,-0.9574,0.9250,-0.3554,1.378
48.152343695,-0.9375,0.9252,-0.3862,1.373
48.161455387,-0.9375,0.9218,-0.2905,1.347
48.161896002,-0.9266,0.9013,-0.2284,1.313
48.162080618,-0.9093,0.8796,-0.1908,1.279
48.162245233,-0.8888,0.8563,-0.1622,1.245
48.163678079,-0.8674,0.8361,-0.1695,1.217
48.166214695,-0.8492,0.8209,-0.1805,1.195
48.169969233,-0.8287,0.8048,-0.1759,1.168
48.170850772,-0.8089,0.7916,-0.1542,1.142
48.173219387,-0.7824,0.7808,-0.1356,1.114
48.175742464,-0.7627,0.7740,-0.1187,1.093
48.178208002,-0.7414,0.7701,-0.1136,1.075
48.180491695,-0.7190,0.7706,-0.1153,1.060
48.183063618,-0.7038,0.7738,-0.1319,1.054
48.186698772,-0.6850,0.7818,-0.1521,1.051
48.187704233,-0.6693,0.7892,-0.1728,1.049
48.190351079,-0.6444,0.8011,-0.1896,1.045
48.192721849,-0.6225,0.8085,-0.1728,1.035
48.195416849,-0.6004,0.8165,-0.1400,1.023
48.197633464,-0.5834,0.8285,-0.1162,1.020
48.200488618,-0.5741,0.8451,-0.1041,1.027
48.203093772,-0.5625,0.8640,-0.1097,1.037
48.204604541,-0.5589,0.8842,-0.1321,1.054
48.207046079,-0.5560,0.9055,-0.1581,1.074
48.209593464,-0.5428,0.9225,-0.1856,1.086
48.212071618,-0.5245,0.9321,-0.2138,1.091
48.214505849,-0.4971,0.9421,-0.2289,1.090
48.216908541,-0.4676,0.9467,-0.2434,1.084
48.219162387,-0.4402,0.9539,-0.2573,1.082
48.221546079,-0.4216,0.9565,-0.2699,1.080
48.223901849,-0.4020,0.9634,-0.2778,1.080
48.226596925,-0.3796,0.9632,-0.2851,1.074
48.228996541,-0.3563,0.9607,-0.3051,1.069
48.231843387,-0.3214,0.9543,-0.3200,1.057
48.233839925,-0.2829,0.9431,-0.3252,1.037
48.236779002,-0.2398,0.9341,-0.3249,1.018
48.238509541,-0.2030,0.9241,-0.3186,0.998
48.241506464,-0.1670,0.9120,-0.3056,0.976
48.247771002,-0.1289,0.8987,-0.2902,0.953
48.248716233,-0.0945,0.8866,-0.2778,0.934
48.249251387,-0.0617,0.8717,-0.2678,0.914
48.251567387,-0.0253,0.8573,-0.2548,0.895
48.257580002,0.0032,0.8458,-0.2462,0.881
48.258187618,0.0274,0.8356,-0.2387,0.869
48.258436002,0.0486,0.8268,-0.2304,0.860
48.268928849,0.0701,0.8216,-0.2228,0.854
48.269600618,0.0755,0.8070,-0.2243,0.841
48.269911387,0.0762,0.7938,-0.2218,0.828
48.270191387,0.0645,0.7813,-0.2118,0.812
48.270437541,0.0574,0.7713,-0.2017,0.799
48.27227231,0.0461,0.7587,-0.1854,0.782
48.27473931,0.0305,0.7452,-0.1712,0.765
48.277602695,0.0149,0.7384,-0.1637,0.756
48.279324233,-0.0102,0.7259,-0.1598,0.743
48.282884002,-0.0363,0.7161,-0.1573,0.734
48.285356002,-0.0600,0.7130,-0.1517,0.731
48.286722079,-0.0840,0.7200,-0.1519,0.741
48.289068849,-0.1091,0.7222,-0.1590,0.748
48.291641156,-0.1308,0.7286,-0.1691,0.759
48.294402387,-0.1462,0.7305,-0.1833,0.767
48.296210156,-0.1578,0.7359,-0.1893,0.776
48.298862464,-0.1595,0.7376,-0.1903,0.778
48.302218156,-0.1578,0.7408,-0.1877,0.780
48.303543618,-0.1465,0.7466,-0.1896,0.784
48.305886695,-0.1378,0.7459,-0.1891,0.782
48.308475618,-0.1213,0.7469,-0.1873,0.780
48.31131531,-0.1162,0.7513,-0.1856,0.783
48.313801464,-0.1115,0.7579,-0.1868,0.788
48.315766156,-0.1031,0.7699,-0.1886,0.799
48.318580002,-0.1006,0.7785,-0.1920,0.808
48.320391387,-0.0979,0.7880,-0.1922,0.817
48.323053849,-0.0966,0.8018,-0.2066,0.834
48.325335387,-0.1022,0.8204,-0.2010,0.851
48.327826464,-0.1020,0.8337,-0.1561,0.854
48.330098464,-0.0989,0.8412,-0.1272,0.857
48.332741541,-0.0966,0.8519,-0.1109,0.865
48.338295618,-0.0915,0.8583,-0.0980,0.869
48.339227079,-0.1013,0.8871,-0.0589,0.895
48.339837541,-0.1311,0.9392,-0.0373,0.949
48.346730464,-0.1688,0.9583,-0.0479,0.974
48.347607926,-0.2215,0.9616,-0.1302,0.995
48.347848002,-0.2867,0.9434,-0.3066,1.033
48.358278156,-0.3221,0.8693,-0.5751,1.091
48.358688541,-0.3246,0.7564,-0.8944,1.216
48.35910831,-0.3139,0.6695,-1.2697,1.469
48.359268849,-0.3148,0.6651,-1.6103,1.770
48.359562772,-0.3104,0.7785,-1.7053,1.900
48.361437156,-0.2836,0.9697,-1.4723,1.786
48.363661772,-0.2413,1.1974,-1.0344,1.601
48.36645631,-0.1746,1.4322,-0.5177,1.533
48.369050156,-0.0810,1.6497,0.1020,1.655
48.371263079,0.0312,1.8202,0.6787,1.943
48.373873849,0.1021,1.9271,1.0278,2.186
48.376469772,0.0960,1.9937,0.9491,2.210
48.37832831,0.0461,2.0486,0.6869,2.161
48.38096331,0.0063,2.0913,0.3363,2.118
48.384900233,0.0838,2.0430,0.0512,2.045
48.385723387,0.2157,1.9474,-0.1409,1.964
48.387866695,0.3780,1.8600,-0.1661,1.905
48.39086731,0.5213,1.8500,-0.1260,1.926
48.393211079,0.5947,1.9376,-0.2138,2.038
48.395376002,0.6071,2.0589,-0.3525,2.175
48.398090695,0.6520,2.1535,-0.3677,2.280
48.402240541,0.7088,2.2321,-0.3124,2.363
48.40354831,0.7073,2.2922,-0.2990,2.417
48.405500002,0.6794,2.3117,-0.5071,2.462
48.408071618,0.6469,2.2611,-0.8211,2.491
48.410274156,0.6201,2.1708,-1.1998,2.557
48.413127387,0.5367,2.0706,-1.3920,2.552
48.414786464,0.4945,1.9465,-1.3892,2.442
48.417779387,0.5690,1.8227,-1.0601,2.184
48.419344926,0.6215,1.7757,-0.6098,1.978
48.421785156,0.7373,1.7850,-0.0920,1.933
48.424303695,0.8749,1.8590,0.3984,2.093
48.426614079,0.8879,1.9868,0.8020,2.319
48.428930387,0.8038,2.1153,1.0815,2.508
48.43160831,0.7090,2.2160,1.1448,2.593
48.438617233,0.6350,2.2673,0.9471,2.538
48.43976431,0.5693,2.2834,0.6722,2.447
48.440087695,0.5145,2.2712,0.4600,2.374
48.451809541,0.4786,2.2399,0.2990,2.310
48.452460849,0.4659,2.1879,0.1690,2.243
48.452751926,0.4598,2.1148,0.0822,2.166
48.453015695,0.4810,2.0207,-0.0026,2.077
48.453564849,0.4947,1.8984,-0.0901,1.964
48.453913772,0.5113,1.7601,-0.1449,1.839
48.455693233,0.4882,1.6269,-0.1712,1.707
48.460551002,0.4314,1.4938,-0.1549,1.563
48.461242695,0.3379,1.3785,-0.0867,1.422
48.462711079,0.2138,1.2888,-0.0352,1.307
48.465041464,0.0752,1.2116,0.0236,1.214
48.471378387,-0.0717,1.1475,0.0525,1.151
48.471857849,-0.2330,1.0892,0.0353,1.114
48.47288431,-0.4003,1.0361,0.0309,1.111
48.474965849,-0.5511,0.9753,-0.0200,1.120
48.477063002,-0.6628,0.8991,-0.0738,1.119
48.479416849,-0.7681,0.8325,-0.1717,1.146
48.482440926,-0.8440,0.7564,-0.2711,1.165
48.484710772,-0.8897,0.6773,-0.3733,1.179
48.486900002,-0.9584,0.6287,-0.4398,1.228
48.489552002,-1.0080,0.5891,-0.5082,1.273
48.492080849,-1.1054,0.5771,-0.5184,1.350
48.494544849,-1.1963,0.5805,-0.5426,1.436
48.49670031,-1.2965,0.5854,-0.5123,1.512
48.499914387,-1.4057,0.6140,-0.4854,1.609
48.501273849,-1.5330,0.6455,-0.4258,1.717
48.50374831,-1.6505,0.6800,-0.3820,1.826
48.507107002,-1.7672,0.7205,-0.3510,1.940
48.508954464,-1.8736,0.7528,-0.3168,2.044
48.511944618,-1.9484,0.7740,-0.2849,2.116
48.513852849,-1.9959,0.7913,-0.2853,2.166
48.516055695,-2.0111,0.8048,-0.3035,2.187
48.518875926,-2.0048,0.8153,-0.3389,2.191
48.52111531,-1.9794,0.8263,-0.3801,2.178
48.523261541,-1.9330,0.8321,-0.4111,2.144
48.525494464,-1.8792,0.8417,-0.4300,2.104
48.527812541,-1.8084,0.8566,-0.4263,2.046
48.530925464,-1.7350,0.8801,-0.4039,1.987
48.533446772,-1.6510,0.9106,-0.3591,1.919
48.535100233,-1.5528,0.9292,-0.3119,1.836
48.53804331,-1.4462,0.9431,-0.2707,1.748
48.541530156,-1.3204,0.9470,-0.2436,1.643
48.542300926,-1.1919,0.9424,-0.2369,1.538
48.544764541,-1.0598,0.9313,-0.2514,1.433
48.547483926,-0.9298,0.9157,-0.2837,1.335
48.553066156,-0.7954,0.8969,-0.3291,1.243
48.553721849,-0.6713,0.8805,-0.3738,1.169
48.554756233,-0.5511,0.8640,-0.4104,1.104
48.563717849,-0.4406,0.8625,-0.4353,1.062
48.564203926,-0.3332,0.8628,-0.4733,1.039
48.564576002,-0.2428,0.8752,-0.4974,1.036
48.564731695,-0.1572,0.8915,-0.5001,1.034
48.574283387,-0.0820,0.9128,-0.4768,1.033
48.574910464,-0.0148,0.9355,-0.4551,1.040
48.575276541,0.0559,0.9675,-0.4370,1.063
48.575543002,0.1155,0.9907,-0.4172,1.081
48.576129464,0.1637,1.0093,-0.3818,1.091
48.578601541,0.2108,1.0326,-0.3520,1.111
48.580969156,0.2619,1.0369,-0.3186,1.116
48.583472541,0.3026,1.0422,-0.2865,1.122
48.585709849,0.3256,1.0443,-0.2599,1.124
48.588357233,0.3349,1.0454,-0.2308,1.122
48.59056031,0.3373,1.0403,-0.2169,1.115
48.593245233,0.3320,1.0350,-0.2224,1.109
48.595600849,0.3181,1.0340,-0.2448,1.109
48.598315618,0.2917,1.0326,-0.2685,1.106
48.60039931,0.2558,1.0308,-0.2919,1.101
48.602880618,0.2089,1.0340,-0.3095,1.099
48.605562695,0.1632,1.0298,-0.3196,1.091
48.607715079,0.1153,1.0230,-0.3215,1.078
48.610469541,0.0718,1.0184,-0.3171,1.069
48.612408926,0.0284,1.0105,-0.3032,1.055
48.615879079,-0.0067,0.9981,-0.2861,1.038
48.617241233,-0.0500,0.9905,-0.2856,1.032
48.619517772,-0.0656,0.9776,-0.2518,1.012
48.624010079,-0.0796,0.9634,-0.1864,0.984
48.625026772,-0.0942,0.9495,-0.1614,0.968
48.627023695,-0.1001,0.9316,-0.1796,0.954
48.629444618,-0.0991,0.9133,-0.1579,0.932
48.632135695,-0.1010,0.8935,-0.1295,0.908
48.634030079,-0.1020,0.8773,-0.1427,0.895
48.640275079,-0.1006,0.8588,-0.1637,0.880
48.641159002,-0.1010,0.8444,-0.1635,0.866
48.64158731,-0.1013,0.8356,-0.1683,0.858
48.643771002,-0.1028,0.8285,-0.1817,0.854
48.646438695,-0.1031,0.8200,-0.1861,0.847
48.653667002,-0.1038,0.8202,-0.1763,0.845
48.654102772,-0.1033,0.8188,-0.1749,0.844
48.654314079,-0.0961,0.8183,-0.1793,0.843
48.666286387,-0.0913,0.8148,-0.1798,0.839
48.667039387,-0.0815,0.8126,-0.1852,0.837
48.667502079,-0.0747,0.8055,-0.1991,0.833
48.667672849,-0.0647,0.7982,-0.2122,0.828
48.667905772,-0.0544,0.7921,-0.2220,0.824
48.668125233,-0.0444,0.7811,-0.2318,0.816
48.670895695,-0.0388,0.7706,-0.2423,0.809
48.674012618,-0.0312,0.7591,-0.2467,0.799
48.674804926,-0.0248,0.7420,-0.2504,0.784
48.677345541,-0.0270,0.7291,-0.2538,0.772
48.680184002,-0.0244,0.7130,-0.2541,0.757
48.682301233,-0.0260,0.6939,-0.2543,0.739
48.684465464,-0.0314,0.6763,-0.2541,0.723
48.687460618,-0.0439,0.6531,-0.2531,0.702
48.690012541,-0.0603,0.6377,-0.2504,0.688
48.691733541,-0.0781,0.6203,-0.2426,0.671
48.694175387,-0.1003,0.6062,-0.2343,0.658
48.696816541,-0.1255,0.5930,-0.2215,0.645
48.698995695,-0.1490,0.5822,-0.2196,0.640
48.701626772,-0.1732,0.5822,-0.2175,0.645
48.704333464,-0.1986,0.5810,-0.2211,0.653
48.706821541,-0.2210,0.5925,-0.2250,0.671
48.708731618,-0.2417,0.6098,-0.2377,0.698
48.711660618,-0.2540,0.6320,-0.2590,0.729
48.715247079,-0.2638,0.6672,-0.2812,0.771
48.71604431,-0.2687,0.6981,-0.2956,0.804
48.718386079,-0.2620,0.7327,-0.3075,0.837
48.720780233,-0.2545,0.7725,-0.3373,0.881
48.723285849,-0.2457,0.8083,-0.3740,0.924
48.725625849,-0.2371,0.8437,-0.4092,0.967
48.728426464,-0.2291,0.8820,-0.4409,1.012
48.731183926,-0.2235,0.9167,-0.4568,1.048
48.732956002,-0.2264,0.9567,-0.4652,1.088
48.735172849,-0.2291,0.9946,-0.4610,1.120
48.738113541,-0.2347,1.0328,-0.4488,1.150
48.741020541,-0.2426,1.0711,-0.4192,1.176
48.742632002,-0.2520,1.1083,-0.3869,1.201
48.745975002,-0.2601,1.1346,-0.3403,1.213
48.747312541,-0.2689,1.1603,-0.2853,1.225
48.753539387,-0.2767,1.1864,-0.2380,1.241
48.754627618,-0.2818,1.2057,-0.1991,1.254
48.755096002,-0.2816,1.2176,-0.1642,1.261
48.764472541,-0.2811,1.2278,-0.1327,1.266
48.765178772,-0.2716,1.2297,-0.1006,1.263
48.765378079,-0.2533,1.2269,-0.0671,1.255
48.765877156,-0.2320,1.2189,-0.0386,1.241
48.766827926,-0.1968,1.2023,-0.0124,1.218
48.769121772,-0.1685,1.1796,-0.0098,1.192
48.773555695,-0.1399,1.1488,-0.0049,1.157
48.774149541,-0.1103,1.1046,-0.0158,1.110
48.77635631,-0.0896,1.0515,-0.0452,1.056
48.778735695,-0.0696,0.9910,-0.0980,0.998
48.786594772,-0.0449,0.9136,-0.1556,0.928
48.787366156,-0.0329,0.8356,-0.1922,0.858
48.787816541,-0.0300,0.7435,-0.2118,0.774
48.788588002,-0.0419,0.6411,-0.2069,0.675
48.790673156,-0.0712,0.5300,-0.2025,0.572
48.792935695,-0.1208,0.4037,-0.2177,0.474
48.795714695,-0.1937,0.2556,-0.2604,0.413
48.798402464,-0.2941,0.0953,-0.3396,0.459
48.800266695,-0.4324,-0.0749,-0.4409,0.622
48.802634772,-0.6109,-0.2430,-0.5511,0.858
48.805300849,-0.8257,-0.4017,-0.6431,1.121
48.807423618,-1.0796,-0.5430,-0.7019,1.398
48.810365233,-1.3483,-0.6527,-0.7097,1.658
48.81253131,-1.5972,-0.7066,-0.6391,1.860
48.814821156,-1.8203,-0.7308,-0.4901,2.022
48.817071618,-1.9671,-0.7050,-0.2685,2.107
48.819732002,-2.0273,-0.6530,0.0002,2.130
48.822323387,-2.0050,-0.5813,0.2528,2.103
48.824319695,-1.8967,-0.4968,0.4414,2.010
48.82678831,-1.7301,-0.3768,0.5469,1.853
48.82985931,-1.5196,-0.2327,0.5878,1.646
48.831492618,-1.2872,-0.0688,0.5762,1.412
48.834018156,-1.0796,0.1193,0.5210,1.205
48.836552541,-0.9214,0.3093,0.4348,1.065
48.838933464,-0.7888,0.4982,0.3326,0.990
48.841480926,-0.6947,0.6760,0.2242,0.995
48.843861849,-0.6237,0.8356,0.1243,1.050
48.852258695,-0.5797,0.9660,-0.0410,1.127
48.853065464,-0.5713,1.1197,-0.2611,1.284
48.853351002,-0.5721,1.2714,-0.5199,1.488
48.855663002,-0.5867,1.4589,-0.7608,1.747
48.856348849,-0.6258,1.6951,-0.9680,2.050
48.864641541,-0.6686,1.9673,-1.1519,2.376
48.865304926,-0.6999,2.2531,-1.2259,2.659
48.865619618,-0.7029,2.5084,-1.1519,2.848
48.865762387,-0.6407,2.6914,-0.9338,2.920
48.868039695,-0.5289,2.7877,-0.6377,2.908
48.872386387,-0.3749,2.8285,-0.3284,2.872
48.872890772,-0.2019,2.8456,-0.0557,2.853
48.874935387,-0.0160,2.8492,0.1599,2.854
48.877594695,0.1800,2.8272,0.3004,2.849
48.879902772,0.3569,2.7691,0.3644,2.816
48.882136541,0.5148,2.6604,0.3705,2.735
48.884684541,0.6338,2.4945,0.3121,2.593
48.88728431,0.6916,2.2567,0.2093,2.370
48.889562772,0.7121,1.9606,0.0525,2.087
48.892212926,0.7032,1.6374,-0.1327,1.787
48.894467695,0.6326,1.3369,-0.2953,1.508
48.897246772,0.5741,1.0047,-0.5140,1.266
48.899356618,0.5040,0.6721,-0.5958,1.030
48.90190331,0.3887,0.4281,-0.5543,0.801
48.90425131,0.2162,0.2824,-0.4632,0.584
48.906507926,0.0078,0.2336,-0.3391,0.412
48.908951079,-0.2130,0.2590,-0.2047,0.393
48.911798079,-0.4411,0.3347,-0.0767,0.559
48.914417849,-0.6612,0.4484,0.0332,0.800
48.916564541,-0.8545,0.5828,0.1280,1.042
48.918837156,-1.0001,0.7252,0.1939,1.250
48.921426772,-1.1138,0.8730,0.2531,1.438
48.923274079,-1.2083,1.0410,0.2328,1.612
48.926575926,-1.2720,1.2040,0.1250,1.756
48.929902079,-1.2955,1.3909,0.0207,1.901
48.930798079,-1.2620,1.5675,-0.0007,2.012
48.933100002,-1.1690,1.7408,0.0871,2.099
48.935505772,-1.0530,1.9143,0.1878,2.193
48.938124541,-0.9771,2.1014,0.1907,2.325
48.940404926,-0.9142,2.2621,0.1353,2.444
48.942782464,-0.8533,2.3870,0.0568,2.536
48.950374464,-0.7881,2.4742,-0.0310,2.597
48.951206156,-0.7087,2.5182,-0.1267,2.619
48.951430772,-0.6219,2.5177,-0.2087,2.602
48.952190695,-0.5254,2.4708,-0.2257,2.536
48.962446387,-0.4406,2.3713,-0.2003,2.420
48.963311079,-0.3539,2.2429,-0.1854,2.278
48.963624926,-0.2938,2.0901,-0.2098,2.121
48.963801541,-0.2496,1.9069,-0.2352,1.938
48.964348541,-0.2317,1.7251,-0.2529,1.759
48.967346772,-0.2403,1.5427,-0.2618,1.583
48.97069231,-0.2677,1.3829,-0.2807,1.436
48.97143531,-0.2885,1.2409,-0.3068,1.310
48.973827079,-0.3156,1.1265,-0.3286,1.215
48.976518079,-0.3307,1.0168,-0.3958,1.140
48.97887231,-0.3349,0.9043,-0.4964,1.085
48.981150772,-0.3442,0.8048,-0.6511,1.091
48.983749849,-0.3735,0.7181,-0.7866,1.129
48.987121772,-0.4043,0.6585,-0.9562,1.229
48.988738387,-0.4269,0.5859,-1.1180,1.332
48.990850387,-0.4378,0.4566,-1.3662,1.506
48.994673156,-0.3910,0.2265,-1.5599,1.624
48.996712233,-0.4123,0.0531,-1.5919,1.645
48.998111387,-0.4858,-0.0656,-1.5248,1.602
49.000755387,-0.6051,-0.1580,-1.4207,1.552
49.003284926,-0.7458,-0.2347,-1.3122,1.528
49.005485156,-0.9075,-0.3033,-1.2343,1.562
49.007821156,-1.0832,-0.3637,-1.1837,1.645
49.010221541,-1.2664,-0.4089,-1.1274,1.744
49.012796002,-1.4592,-0.4420,-1.0481,1.850
49.014894695,-1.6146,-0.4560,-0.9464,1.926
49.01755631,-1.7241,-0.4553,-0.8573,1.979
49.020415618,-1.7856,-0.4371,-0.7871,2.000
49.022930772,-1.8098,-0.4015,-0.7195,1.989
49.024813464,-1.7907,-0.3551,-0.6479,1.937
49.027253541,-1.7280,-0.3011,-0.5726,1.845
49.029596233,-1.6437,-0.2454,-0.4954,1.734
49.032620618,-1.5420,-0.1929,-0.4219,1.610
49.034720926,-1.4418,-0.1482,-0.3584,1.493
49.037562156,-1.3490,-0.1115,-0.3119,1.389
49.039222387,-1.2755,-0.0812,-0.2895,1.310
49.042295618,-1.2247,-0.0539,-0.2934,1.260
49.049309772,-1.1827,-0.0194,-0.3100,1.223
49.050016926,-1.1524,0.0225,-0.3205,1.196
49.050424002,-1.1274,0.0701,-0.3271,1.176
49.051681541,-1.1017,0.1170,-0.3225,1.154
49.059029233,-1.0686,0.1647,-0.2990,1.122
49.059779926,-1.0267,0.2138,-0.2565,1.080
49.059945849,-0.9774,0.2541,-0.1976,1.029
49.071258387,-0.9227,0.2879,-0.1283,0.975
49.071888926,-0.8674,0.3206,-0.0433,0.926
49.072450695,-0.8157,0.3448,0.0424,0.887
49.072659387,-0.7695,0.3655,0.1262,0.861
49.072968233,-0.7297,0.3821,0.2039,0.849
49.073398079,-0.6936,0.3883,0.2720,0.840
49.075850772,-0.6610,0.3883,0.3209,0.831
49.078493849,-0.6290,0.3802,0.3447,0.812
49.080026156,-0.5967,0.3716,0.3449,0.783
49.082447695,-0.5701,0.3497,0.3221,0.742
49.084974079,-0.5477,0.3252,0.2818,0.697
49.087243387,-0.5273,0.3003,0.2303,0.649
49.089739387,-0.5084,0.2705,0.1785,0.603
49.092196002,-0.4924,0.2426,0.1177,0.561
49.094847079,-0.4839,0.2190,0.0696,0.536
49.097136618,-0.4739,0.1950,0.0281,0.513
49.09958331,-0.4614,0.1725,0.0006,0.493
49.102688002,-0.4600,0.1554,-0.0127,0.486
49.104146387,-0.4572,0.1363,-0.0173,0.477
49.106753541,-0.4560,0.1251,-0.0102,0.473
49.109121541,-0.4495,0.1178,0.0002,0.465
49.111625541,-0.4472,0.1090,0.0146,0.461
49.114525464,-0.4434,0.1034,0.0258,0.456
49.116573464,-0.4397,0.1009,0.0402,0.453
49.118736926,-0.4299,0.1000,0.0500,0.444
49.121177156,-0.4162,0.1002,0.0525,0.431
49.123703926,-0.3991,0.1019,0.0405,0.414
49.125961849,-0.3830,0.1060,0.0256,0.398
49.128429541,-0.3661,0.1129,0.0097,0.383
49.130968233,-0.3500,0.1165,-0.0061,0.369
49.134022387,-0.3446,0.1347,-0.0154,0.370
49.136637541,-0.3241,0.1505,-0.0188,0.358
49.138405156,-0.3092,0.1733,-0.0132,0.355
49.140791926,-0.2987,0.2001,-0.0058,0.360
49.147087618,-0.2890,0.2192,-0.0081,0.363
49.14815231,-0.2821,0.2451,-0.0068,0.374
49.148696926,-0.2718,0.2700,-0.0024,0.383
49.150360926,-0.2696,0.2968,-0.0068,0.401
49.15925931,-0.2628,0.3240,-0.0179,0.418
49.159689156,-0.2655,0.3533,-0.0293,0.443
49.159854695,-0.2677,0.3848,-0.0440,0.471
49.160337541,-0.2682,0.4137,-0.0650,0.497
49.162738695,-0.2716,0.4410,-0.0828,0.525
49.165183926,-0.2806,0.4626,-0.1024,0.551
49.168198387,-0.2821,0.4833,-0.1129,0.571
49.170279079,-0.2941,0.5148,-0.1241,0.606
49.17173231,-0.3011,0.5432,-0.1363,0.636
49.17428031,-0.2985,0.5688,-0.1441,0.658
49.176664618,-0.2965,0.5964,-0.1534,0.684
49.179612926,-0.2987,0.6215,-0.1632,0.709
49.182009464,-0.2958,0.6441,-0.1666,0.728
49.184792849,-0.2878,0.6692,-0.1670,0.747
49.186350079,-0.2821,0.6912,-0.1666,0.765
49.188741233,-0.2731,0.7103,-0.1703,0.780
49.191408926,-0.2623,0.7277,-0.1774,0.794
49.193975079,-0.2547,0.7417,-0.1966,0.809
49.196018387,-0.2606,0.7566,-0.2103,0.827
49.198603926,-0.2733,0.7682,-0.2311,0.847
49.201847618,-0.2667,0.7794,-0.2304,0.855
49.203147387,-0.2528,0.7906,-0.2215,0.859
49.205582772,-0.2369,0.7931,-0.2028,0.852
49.208566695,-0.2268,0.8083,-0.1614,0.855
49.210560618,-0.2107,0.8132,-0.1241,0.849
49.212881541,-0.2068,0.8300,-0.0999,0.861
49.215292618,-0.2068,0.8498,-0.0855,0.879
49.218705772,-0.1993,0.8666,-0.0715,0.892
49.219915079,-0.1976,0.8796,-0.0635,0.904
49.222585772,-0.1886,0.8957,-0.0501,0.917
49.224926079,-0.1812,0.9077,-0.0445,0.927
49.22716831,-0.1765,0.9164,-0.0420,0.934
49.229717849,-0.1770,0.9357,-0.0400,0.953
49.232230464,-0.1851,0.9560,-0.0412,0.975
49.234672926,-0.1921,0.9697,-0.0447,0.990
49.237070079,-0.2066,0.9821,-0.0489,1.005
49.239584233,-0.2252,0.9942,-0.0594,1.021
49.24333131,-0.2482,1.0076,-0.0750,1.040
49.244388618,-0.2743,1.0254,-0.0965,1.066
49.246611079,-0.3043,1.0452,-0.1160,1.095
49.249104926,-0.3365,1.0627,-0.1356,1.123
49.255301541,-0.3728,1.0794,-0.1575,1.153
49.256078772,-0.4084,1.0997,-0.1763,1.186
49.256812002,-0.4429,1.1207,-0.1873,1.220
49.267567618,-0.4802,1.1481,-0.1973,1.260
49.268259002,-0.5047,1.1674,-0.1908,1.286
49.268583926,-0.5325,1.1866,-0.1784,1.313
49.26895231,-0.5520,1.1994,-0.1768,1.332
49.269133541,-0.5757,1.2167,-0.1581,1.355
49.270434772,-0.6000,1.2372,-0.1370,1.382
49.273769156,-0.6209,1.2541,-0.1239,1.405
49.275621772,-0.6395,1.2624,-0.1116,1.420
49.277780541,-0.6153,1.2536,-0.1094,1.401
49.280364002,-0.6107,1.2541,-0.0769,1.397
49.282769849,-0.6239,1.2572,-0.0945,1.407
49.284887002,-0.6298,1.2595,-0.1786,1.419
49.287353156,-0.6249,1.2546,-0.2150,1.418
49.289882079,-0.6109,1.2443,-0.2054,1.401
49.292323618,-0.5904,1.2336,-0.2455,1.389
49.294797156,-0.5682,1.2211,-0.2963,1.379
49.297169541,-0.5406,1.2180,-0.3000,1.366
49.300278772,-0.5145,1.2143,-0.2961,1.352
49.301868233,-0.4971,1.2136,-0.3132,1.348
49.30428731,-0.4917,1.2278,-0.3391,1.365
49.306864926,-0.4637,1.2316,-0.2863,1.347
49.309811387,-0.4309,1.2316,-0.2744,1.333
49.312130695,-0.4033,1.2343,-0.2995,1.333
49.314197541,-0.3813,1.2416,-0.3268,1.339
49.317592002,-0.3642,1.2519,-0.3088,1.340
49.31881131,-0.3637,1.2681,-0.2748,1.348
49.321609849,-0.3666,1.2851,-0.2431,1.358
49.323841464,-0.3712,1.3108,-0.2231,1.381
49.326086156,-0.3874,1.3335,-0.2074,1.404
49.328798695,-0.4006,1.3585,-0.2057,1.431
49.331244618,-0.4143,1.3804,-0.2059,1.456
49.333523387,-0.4272,1.3997,-0.2010,1.477
49.336893849,-0.4365,1.4161,-0.1908,1.494
49.338588926,-0.4406,1.4312,-0.1847,1.509
49.340696618,-0.4470,1.4368,-0.1805,1.516
49.34306331,-0.4492,1.4442,-0.1835,1.524
49.34610031,-0.4487,1.4535,-0.1896,1.533
49.348457541,-0.4423,1.4528,-0.1759,1.529
49.354886772,-0.4334,1.4500,-0.1763,1.524
49.355302695,-0.4236,1.4437,-0.1947,1.517
49.355790695,-0.3975,1.4325,-0.2514,1.508
49.364779926,-0.3745,1.4153,-0.2453,1.484
49.365252926,-0.3561,1.4027,-0.2054,1.462
49.365783002,-0.3354,1.3892,-0.1784,1.440
49.366029772,-0.3163,1.3826,-0.1390,1.425
49.367488541,-0.2995,1.3743,-0.1048,1.410
49.369230156,-0.2843,1.3736,-0.0767,1.405
49.371890695,-0.2711,1.3774,-0.0493,1.405
49.375795926,-0.2555,1.3853,-0.0312,1.409
49.377176849,-0.2377,1.3858,-0.0249,1.406
49.379121541,-0.2103,1.3770,-0.0065,1.393
49.381593849,-0.1844,1.3629,0.0185,1.375
49.383961849,-0.1560,1.3471,0.0522,1.357
49.386368618,-0.1320,1.3289,0.0771,1.338
49.388801849,-0.1113,1.3084,0.1050,1.317
49.391256233,-0.0961,1.2854,0.1369,1.296
49.393633233,-0.0866,1.2614,0.1521,1.274
49.39610331,-0.0749,1.2231,0.1301,1.232
49.399749464,-0.0688,1.1777,0.1150,1.185
49.401342695,-0.0673,1.1407,0.1071,1.148
49.403248541,-0.0724,1.1043,0.1089,1.112
49.405868849,-0.0871,1.0753,0.1082,1.084
49.411444233,-0.0950,1.0369,0.1189,1.048
49.41246831,-0.1157,1.0073,0.1404,1.024
49.413158772,-0.1329,0.9773,0.1565,0.999
49.41635631,-0.1397,0.9529,0.1734,0.979
49.417716618,-0.1695,0.9229,0.1673,0.953
49.420175079,-0.2066,0.8871,0.1565,0.924
49.422612849,-0.2406,0.8570,0.1425,0.902
49.42501531,-0.2652,0.8300,0.1331,0.881
49.427385233,-0.2862,0.8060,0.1206,0.864
49.430492002,-0.3067,0.7885,0.1108,0.853
49.432580926,-0.3246,0.7723,0.0877,0.842
49.434592541,-0.3330,0.7582,0.0815,0.832
49.437981849,-0.3378,0.7538,0.0833,0.830
49.439447387,-0.3060,0.7403,0.0871,0.806
49.441968618,-0.2818,0.7315,0.0879,0.789
49.444297772,-0.2545,0.7271,0.0982,0.777
49.447288002,-0.2244,0.7310,0.1074,0.772
49.454414156,-0.1919,0.7315,0.1013,0.763
49.455129156,-0.1578,0.7347,0.0926,0.757
49.455390079,-0.1373,0.7440,0.0979,0.763
49.467178156,-0.1336,0.7640,0.1050,0.783
49.467958464,-0.1348,0.7869,0.1028,0.805
49.468192233,-0.1418,0.8126,0.0642,0.827
49.468390156,-0.1648,0.8297,-0.0566,0.848
49.468588233,-0.1841,0.8654,-0.2834,0.929
49.469170387,-0.1988,0.9323,-0.4437,1.051
49.471184002,-0.2012,1.0177,-0.5563,1.177
49.475414387,-0.1676,1.0974,-0.6396,1.281
49.476153464,-0.1003,1.1742,-0.6589,1.350
49.478936002,-0.0031,1.2632,-0.5995,1.398
49.480500849,0.0931,1.3988,-0.5187,1.495
49.483285156,0.2006,1.5248,-0.3075,1.568
49.485246695,0.2702,1.6846,-0.0687,1.708
49.487848926,0.2827,1.8847,0.1795,1.914
49.490521849,0.3037,2.0657,0.5145,2.150
49.492615695,0.3692,2.2331,0.8648,2.423
49.495211926,0.4781,2.3524,1.1159,2.647
49.49742331,0.5770,2.4617,1.3139,2.849
49.499848233,0.6303,2.5409,1.3986,2.968
49.502032618,0.6540,2.5509,1.2869,2.931
49.50499131,0.6711,2.5206,1.0344,2.806
49.507223618,0.7039,2.4628,0.6620,2.646
49.509360233,0.7645,2.3694,0.2689,2.504
49.512074695,0.8690,2.2309,-0.1165,2.397
49.515198156,0.9872,2.0601,-0.2844,2.302
49.51655531,1.0771,1.8473,-0.3890,2.174
49.519258464,1.0892,1.6291,-0.5245,2.029
49.521557541,1.1465,1.3560,-0.6936,1.906
49.523945233,1.1779,1.1139,-0.6657,1.752
49.526638387,1.1141,0.9282,-0.4861,1.529
49.529067079,0.9778,0.8183,-0.3000,1.310
49.531653772,0.8138,0.7671,-0.1630,1.130
49.533514387,0.6377,0.7296,-0.1258,0.977
49.535900541,0.4859,0.6973,-0.0913,0.855
49.538514772,0.3469,0.6431,-0.1647,0.749
49.540789233,0.2096,0.5561,-0.3706,0.700
49.543063926,0.0645,0.4391,-0.6567,0.793
49.545965156,-0.0879,0.3218,-0.9301,0.988
49.552409233,-0.2298,0.2060,-1.1421,1.183
49.553300541,-0.3458,0.1044,-1.2565,1.307
49.55373631,-0.4301,0.0382,-1.2895,1.360
49.556510079,-0.4971,0.0028,-1.3090,1.400
49.565081156,-0.5328,-0.0236,-1.2541,1.363
49.566073541,-0.5919,-0.0096,-1.1202,1.267
49.566421156,-0.6624,0.0452,-0.9923,1.194
49.566596926,-0.7387,0.1363,-0.8742,1.153
49.567278079,-0.8452,0.2714,-0.7312,1.150
49.570537233,-0.9491,0.4224,-0.6044,1.202
49.573113464,-1.0451,0.5830,-0.5143,1.303
49.574434387,-1.1352,0.7322,-0.4409,1.421
49.57685631,-1.2176,0.8810,-0.3613,1.546
49.579493156,-1.2533,1.0191,-0.1905,1.626
49.582040849,-1.2471,1.1288,-0.0943,1.685
49.584335618,-1.2533,1.2223,-0.0510,1.751
49.58667931,-1.2271,1.2739,0.0209,1.769
49.590213849,-1.1726,1.3066,0.0784,1.757
49.591254079,-1.1064,1.3189,0.1101,1.725
49.593701233,-1.0497,1.3303,0.1316,1.700
49.596227618,-0.9969,1.3408,0.1387,1.677
49.598678156,-0.9447,1.3331,0.1282,1.639
49.601104926,-0.8809,1.3154,0.1028,1.586
49.603584541,-0.8198,1.2912,0.0779,1.531
49.606129156,-0.7686,1.2511,0.0290,1.469
49.60822431,-0.7192,1.1977,-0.0198,1.397
49.610737849,-0.6789,1.1449,-0.0833,1.334
49.613399926,-0.6400,1.0973,-0.1495,1.279
49.615798772,-0.6002,1.0567,-0.2054,1.233
49.618005464,-0.5582,1.0220,-0.2462,1.190
49.620442695,-0.5173,0.9883,-0.2663,1.147
49.622939387,-0.4725,0.9619,-0.2670,1.104
49.625252618,-0.4177,0.9338,-0.2602,1.056
49.627510464,-0.3571,0.9118,-0.2560,1.012
49.63072731,-0.2950,0.8884,-0.2570,0.971
49.632372541,-0.2313,0.8710,-0.2618,0.938
49.634765156,-0.1700,0.8612,-0.2814,0.922
49.637253772,-0.1118,0.8561,-0.2946,0.912
49.640133772,-0.0544,0.8559,-0.3024,0.909
49.641965849,-0.0029,0.8644,-0.3005,0.915
49.644791926,0.0449,0.8766,-0.2824,0.922
49.651473464,0.0909,0.8925,-0.2543,0.933
49.652608618,0.1251,0.9155,-0.2206,0.950
49.653046464,0.1519,0.9429,-0.1949,0.975
49.664495079,0.1754,0.9712,-0.1781,1.003
49.665377464,0.1771,0.9993,-0.1703,1.029
49.66558431,0.1684,1.0252,-0.1673,1.052
49.665787695,0.1517,1.0364,-0.1754,1.062
49.665992926,0.1195,1.0459,-0.1915,1.070
49.666189541,0.0782,1.0557,-0.2103,1.079
49.669410695,0.0335,1.0613,-0.2308,1.087
49.673139079,-0.0170,1.0676,-0.2502,1.097
49.673793464,-0.0717,1.0738,-0.2602,1.107
49.675820003,-0.1260,1.0811,-0.2690,1.121
49.678296849,-0.1812,1.0870,-0.2783,1.137
49.680630156,-0.2379,1.0902,-0.2895,1.153
49.684000926,-0.2941,1.0875,-0.3026,1.166
49.68552831,-0.3463,1.0870,-0.3193,1.185
49.68807131,-0.3989,1.0801,-0.3361,1.199
49.690171695,-0.4446,1.0708,-0.3513,1.212
49.692729156,-0.4834,1.0528,-0.3650,1.215
49.69530331,-0.5164,1.0398,-0.3782,1.221
49.697733541,-0.5420,1.0196,-0.3901,1.219
49.700043926,-0.5548,0.9991,-0.3994,1.211
49.703020849,-0.5552,0.9760,-0.4031,1.193
49.705308849,-0.5467,0.9497,-0.4029,1.168
49.70715631,-0.5286,0.9250,-0.3967,1.137
49.709848618,-0.4998,0.9010,-0.3848,1.100
49.712031618,-0.4641,0.8789,-0.3694,1.060
49.714222156,-0.4241,0.8637,-0.3547,1.025
49.716928233,-0.3830,0.8583,-0.3450,1.001
49.719205464,-0.3427,0.8632,-0.3340,0.987
49.722431387,-0.3051,0.8717,-0.3244,0.979
49.724187387,-0.2689,0.8808,-0.3151,0.973
49.727537772,-0.2382,0.8910,-0.3132,0.974
49.728908618,-0.2088,0.9033,-0.3144,0.979
49.73123131,-0.1814,0.9138,-0.3196,0.985
49.734441156,-0.1521,0.9289,-0.3137,0.992
49.736333849,-0.1453,0.9438,-0.2995,1.001
49.738919695,-0.1425,0.9604,-0.3373,1.028
49.740782387,-0.1453,0.9719,-0.3675,1.049
49.743385233,-0.1504,0.9883,-0.3501,1.059
49.749863387,-0.1494,1.0032,-0.3557,1.075
49.750678464,-0.1492,1.0140,-0.3745,1.091
49.751079079,-0.1523,1.0240,-0.3594,1.096
49.753903618,-0.1502,1.0340,-0.3430,1.100
49.75960731,-0.1441,1.0398,-0.3489,1.106
49.760298772,-0.1380,1.0422,-0.3377,1.104
49.760671387,-0.1264,1.0457,-0.3171,1.100
49.762712618,-0.1120,1.0459,-0.3058,1.095
49.771268926,-0.0973,1.0384,-0.3032,1.086
49.772279003,-0.0761,1.0305,-0.2902,1.073
49.772782695,-0.0566,1.0223,-0.2785,1.061
49.773180618,-0.0361,1.0117,-0.2690,1.048
49.774713541,-0.0188,0.9966,-0.2614,1.031
49.776935387,-0.0067,0.9842,-0.2494,1.015
49.779467003,0.0032,0.9707,-0.2450,1.001
49.782263003,0.0039,0.9565,-0.2499,0.989
49.784493541,0.0012,0.9518,-0.2465,0.983
49.786864849,-0.0018,0.9414,-0.2436,0.972
49.794665541,-0.0151,0.9348,-0.2467,0.967
49.795390772,-0.0297,0.9321,-0.2421,0.964
49.796099926,-0.0453,0.9313,-0.2336,0.961
49.796716926,-0.0624,0.9343,-0.2271,0.964
49.798929849,-0.0784,0.9392,-0.2152,0.967
49.801488541,-0.0945,0.9453,-0.2045,0.972
49.803886772,-0.1059,0.9506,-0.1954,0.976
49.806424541,-0.1171,0.9597,-0.1856,0.984
49.808692233,-0.1252,0.9651,-0.1763,0.989
49.811080926,-0.1267,0.9712,-0.1649,0.993
49.813311926,-0.1282,0.9732,-0.1556,0.994
49.815491695,-0.1252,0.9734,-0.1478,0.992
49.818206156,-0.1223,0.9763,-0.1495,0.995
49.820543926,-0.1169,0.9765,-0.1581,0.996
49.823102695,-0.1069,0.9758,-0.1668,0.996
49.82546331,-0.0945,0.9795,-0.1824,1.001
49.828610464,-0.0822,0.9783,-0.1959,1.001
49.829973464,-0.0693,0.9800,-0.2108,1.005
49.832429156,-0.0586,0.9770,-0.2215,1.004
49.835322772,-0.0407,0.9763,-0.2299,1.004
49.837853233,-0.0270,0.9744,-0.2355,1.003
49.84002731,-0.0136,0.9763,-0.2441,1.006
49.842331387,-0.0055,0.9734,-0.2548,1.006
49.85226831,0.0007,0.9732,-0.2627,1.008
49.852716618,0.0058,0.9697,-0.2716,1.007
49.852955079,0.0037,0.9683,-0.2770,1.007
49.85311931,-0.0029,0.9651,-0.2846,1.006
49.854188003,-0.0136,0.9588,-0.2907,1.002
49.857111618,-0.0223,0.9551,-0.2951,1.000
49.859201849,-0.0329,0.9529,-0.2956,0.998
49.861713156,-0.0417,0.9480,-0.2912,0.993
49.863613772,-0.0519,0.9485,-0.2873,0.992
49.866103695,-0.0598,0.9465,-0.2827,0.990
49.872100618,-0.0639,0.9450,-0.2756,0.986
49.872575695,-0.0654,0.9474,-0.2719,0.988
49.873396541,-0.0644,0.9438,-0.2711,0.984
49.876122772,-0.0647,0.9434,-0.2685,0.983
49.878495926,-0.0600,0.9390,-0.2663,0.978
49.880617156,-0.0593,0.9353,-0.2653,0.974
49.883075079,-0.0610,0.9341,-0.2621,0.972
49.885598695,-0.0632,0.9343,-0.2653,0.973
49.887789464,-0.0688,0.9331,-0.2660,0.973
49.890302079,-0.0719,0.9355,-0.2676,0.976
49.893373233,-0.0773,0.9357,-0.2658,0.976
49.89534031,-0.0874,0.9365,-0.2680,0.978
49.897585849,-0.0903,0.9382,-0.2651,0.979
49.90015131,-0.0979,0.9387,-0.2602,0.979
49.902751695,-0.1015,0.9434,-0.2562,0.983
49.904929541,-0.1059,0.9418,-0.2457,0.979
49.907322772,-0.1099,0.9431,-0.2364,0.978
49.909772926,-0.1071,0.9421,-0.2226,0.974
49.912162464,-0.1087,0.9406,-0.2155,0.971
49.914759387,-0.1082,0.9409,-0.2054,0.969
49.91707531,-0.1113,0.9418,-0.2015,0.970
49.91967231,-0.1113,0.9424,-0.1952,0.969
49.92175131,-0.1135,0.9467,-0.1915,0.973
49.924350464,-0.1145,0.9492,-0.1868,0.974
49.927524849,-0.1204,0.9567,-0.1771,0.980
49.92901931,-0.1245,0.9626,-0.1693,0.985
49.931424003,-0.1277,0.9697,-0.1644,0.992
49.933968849,-0.1362,0.9800,-0.1588,1.002
49.936515618,-0.1429,0.9878,-0.1568,1.010
49.938695387,-0.1472,0.9937,-0.1542,1.016
49.941198387,-0.1518,0.9966,-0.1575,1.020
49.948569156,-0.1541,0.9981,-0.1590,1.022
49.949378464,-0.1514,1.0027,-0.1617,1.027
49.949792003,-0.1472,1.0007,-0.1670,1.025
49.951140541,-0.1425,1.0017,-0.1676,1.026
49.96152431,-0.1369,1.0032,-0.1719,1.027
49.962082464,-0.1338,1.0039,-0.1810,1.029
49.962354156,-0.1255,1.0042,-0.1823,1.028
49.962602464,-0.1174,1.0117,-0.1898,1.036
49.962865849,-0.1082,1.0184,-0.1915,1.042
49.965908618,-0.1010,1.0224,-0.1928,1.045
49.970434156,-0.0989,1.0257,-0.1922,1.048
49.971297849,-0.0969,1.0301,-0.1884,1.052
49.97229531,-0.0973,1.0320,-0.1889,1.054
49.974828926,-0.0957,1.0328,-0.1871,1.054
49.97729231,-0.1006,1.0340,-0.1852,1.055
49.979542079,-0.1066,1.0284,-0.1847,1.050
49.982144926,-0.1128,1.0269,-0.1812,1.049
49.985842387,-0.1240,1.0191,-0.1800,1.042
49.986839003,-0.1380,1.0119,-0.1824,1.037
49.989238695,-0.1523,1.0044,-0.1796,1.032
49.99173931,-0.1719,0.9979,-0.1793,1.028
49.994390387,-0.1846,0.9934,-0.1779,1.026
49.996462464,-0.2042,0.9881,-0.1744,1.024
49.999014464,-0.2159,0.9830,-0.1710,1.021
50.00188431,-0.2259,0.9749,-0.1659,1.014
50.00371631,-0.2289,0.9670,-0.1610,1.007
50.006471079,-0.2330,0.9553,-0.1575,0.996
50.009175387,-0.2296,0.9465,-0.1563,0.986
50.011667387,-0.2264,0.9429,-0.1566,0.982
50.013551618,-0.2249,0.9345,-0.1639,0.975
50.016417772,-0.2212,0.9318,-0.1737,0.973
50.019126772,-0.2175,0.9285,-0.1828,0.971
50.020754079,-0.2112,0.9282,-0.1957,0.972
50.023403079,-0.2083,0.9269,-0.2077,0.972
50.025689849,-0.2047,0.9311,-0.2201,0.978
50.028255387,-0.1973,0.9348,-0.2294,0.983
50.030236926,-0.1888,0.9382,-0.2350,0.985
50.033105849,-0.1788,0.9409,-0.2397,0.987
50.035173464,-0.1729,0.9426,-0.2418,0.988
50.038536541,-0.1595,0.9429,-0.2418,0.986
50.040332003,-0.1448,0.9380,-0.2377,0.978
50.043674079,-0.1308,0.9387,-0.2343,0.976
50.044898387,-0.1171,0.9357,-0.2341,0.972
50.047182464,-0.1076,0.9355,-0.2320,0.970
50.054829233,-0.1013,0.9338,-0.2316,0.967
50.055232541,-0.0994,0.9387,-0.2250,0.970
50.055679695,-0.1040,0.9441,-0.2159,0.974
50.057993233,-0.1133,0.9531,-0.2103,0.983
50.067238464,-0.1287,0.9660,-0.2025,0.995
50.068410079,-0.1485,0.9853,-0.1979,1.016
50.068618156,-0.1695,1.0063,-0.1913,1.038
50.068801156,-0.1905,1.0247,-0.1877,1.059
50.068980233,-0.2091,1.0435,-0.1776,1.079
50.071135926,-0.2279,1.0613,-0.1703,1.099
50.073819618,-0.2398,1.0733,-0.1602,1.111
50.076189156,-0.2501,1.0831,-0.1534,1.122
50.078490695,-0.2601,1.0865,-0.1505,1.127
50.081061849,-0.2677,1.0853,-0.1470,1.127
50.083838387,-0.2794,1.0804,-0.1427,1.125
50.085782695,-0.2934,1.0745,-0.1358,1.122
50.088001156,-0.3085,1.0697,-0.1223,1.120
50.090629156,-0.3309,1.0706,-0.1043,1.125
50.09325931,-0.3581,1.0704,-0.0916,1.132
50.095362079,-0.3886,1.0741,-0.0776,1.145
50.097871618,-0.4197,1.0806,-0.0606,1.161
50.101194387,-0.4470,1.0892,-0.0437,1.178
50.102673464,-0.4741,1.0962,-0.0307,1.195
50.105735079,-0.4944,1.1085,-0.0179,1.214
50.108020541,-0.5105,1.1234,-0.0154,1.234
50.110842156,-0.5210,1.1325,-0.0232,1.247
50.112623387,-0.5237,1.1354,-0.0384,1.251
50.114777233,-0.5235,1.1388,-0.0535,1.254
50.117821541,-0.5189,1.1390,-0.0606,1.253
50.11976331,-0.5015,1.1346,-0.0596,1.242
50.121999387,-0.4809,1.1263,-0.0493,1.226
50.124804849,-0.4492,1.1200,-0.0430,1.207
50.127051695,-0.4169,1.1129,-0.0510,1.189
50.129129772,-0.3857,1.1065,-0.0755,1.174
50.13160831,-0.3596,1.1080,-0.1018,1.169
50.134366079,-0.3395,1.1134,-0.1270,1.171
50.136329772,-0.3227,1.1232,-0.1400,1.177
50.138994464,-0.3114,1.1317,-0.1321,1.181
50.146280618,-0.2958,1.1407,-0.0985,1.183
50.147204849,-0.2824,1.1532,-0.0493,1.188
50.147625849,-0.2750,1.1649,0.0046,1.197
50.148344849,-0.2753,1.1777,0.0600,1.211
50.155723079,-0.2755,1.1889,0.1125,1.226
50.156071003,-0.2745,1.1964,0.1502,1.237
50.156247387,-0.2741,1.1984,0.1725,1.241
50.166662772,-0.2780,1.1964,0.1793,1.241
50.167480233,-0.2792,1.1882,0.1690,1.232
50.167737233,-0.2841,1.1705,0.1436,1.213
50.168347695,-0.2934,1.1435,0.1157,1.186
50.168751387,-0.3075,1.1109,0.0884,1.156
50.170083695,-0.3270,1.0738,0.0505,1.124
50.172565541,-0.3532,1.0326,0.0006,1.091
50.176063079,-0.3813,0.9914,-0.0535,1.064
50.177560541,-0.4131,0.9490,-0.1009,1.040
50.181238079,-0.4472,0.9047,-0.1388,1.019
50.183546387,-0.4826,0.8591,-0.1595,0.998
50.184542156,-0.5210,0.8234,-0.1852,0.992
50.186907695,-0.5623,0.7899,-0.2010,0.990
50.189809849,-0.5992,0.7687,-0.1991,0.995
50.192366387,-0.6400,0.7589,-0.1973,1.012
50.19437631,-0.6742,0.7545,-0.1896,1.029
50.196780003,-0.7055,0.7496,-0.1686,1.043
50.200401156,-0.7253,0.7503,-0.1409,1.053
50.201378079,-0.7432,0.7535,-0.1160,1.065
50.20459531,-0.7539,0.7550,-0.0801,1.070
50.206575618,-0.7678,0.7652,-0.0855,1.087
50.208973541,-0.7786,0.7667,-0.0757,1.095
50.211748003,-0.7826,0.7657,-0.0699,1.097
50.213850079,-0.7863,0.7657,-0.0764,1.100
50.216637233,-0.7856,0.7599,-0.0994,1.098
50.21844431,-0.7817,0.7566,-0.1283,1.095
50.220984233,-0.7768,0.7571,-0.1579,1.096
50.223360849,-0.7698,0.7587,-0.1800,1.096
50.225866079,-0.7590,0.7647,-0.1994,1.096
50.227975079,-0.7504,0.7699,-0.2118,1.096
50.230643079,-0.7395,0.7799,-0.2150,1.096
50.233299618,-0.7309,0.7946,-0.2108,1.100
50.235295003,-0.7174,0.8083,-0.2059,1.100
50.23791131,-0.6980,0.8227,-0.1971,1.097
50.241552541,-0.6779,0.8365,-0.1823,1.092
50.242472618,-0.6554,0.8514,-0.1630,1.087
50.244868618,-0.6337,0.8591,-0.1370,1.076
50.24767231,-0.6046,0.8659,-0.1106,1.062
50.254308849,-0.5713,0.8730,-0.0901,1.047
50.255299003,-0.5480,0.8810,-0.0808,1.041
50.255747003,-0.5208,0.8882,-0.0642,1.032
50.257069541,-0.4981,0.8905,-0.0412,1.021
50.266449156,-0.4776,0.8947,-0.0214,1.014
50.267050695,-0.4588,0.9033,-0.0124,1.013
50.267446464,-0.4431,0.9148,-0.0149,1.017
50.267622387,-0.4172,0.9269,0.0048,1.017
50.269860926,-0.3959,0.9348,0.0314,1.016
50.271776618,-0.3654,0.9429,0.0591,1.013
50.275136233,-0.3368,0.9509,0.0940,1.013
50.276237541,-0.3060,0.9539,0.1316,1.010
50.278851618,-0.2701,0.9492,0.1695,1.001
50.282414387,-0.2328,0.9402,0.2030,0.990
50.283558079,-0.1949,0.9323,0.2268,0.979
50.286376849,-0.1553,0.9167,0.2401,0.960
50.288814695,-0.1180,0.8974,0.2450,0.938
50.291593541,-0.0847,0.8773,0.2389,0.913
50.293047003,-0.0561,0.8563,0.2184,0.886
50.295637233,-0.0265,0.8383,0.1949,0.861
50.298083387,-0.0048,0.8241,0.1707,0.842
50.300452233,0.0147,0.8095,0.1509,0.824
50.302886695,0.0279,0.8011,0.1350,0.813
50.305268541,0.0373,0.7899,0.1169,0.799
50.307784849,0.0424,0.7816,0.1050,0.790
50.310591926,0.0464,0.7752,0.1187,0.786
50.312968618,0.0422,0.7708,0.1353,0.784
50.31579231,0.0391,0.7760,0.1546,0.792
50.317637233,0.0337,0.7811,0.1680,0.800
50.31962431,0.0183,0.7929,0.1756,0.812
50.322118464,-0.0195,0.8095,0.1704,0.827
50.324707618,-0.0681,0.8265,0.1673,0.846
50.327454387,-0.1184,0.8365,0.1580,0.859
50.329950464,-0.1614,0.8468,0.1534,0.876
50.332540618,-0.2042,0.8549,0.1534,0.892
50.335296618,-0.2291,0.8637,0.1551,0.907
50.336974156,-0.2471,0.8640,0.1563,0.912
50.34065931,-0.2677,0.8663,0.1570,0.920
50.34167631,-0.2843,0.8671,0.1634,0.927
50.343814079,-0.3016,0.8666,0.1619,0.932
50.347230464,-0.3168,0.8700,0.1592,0.939
50.353002464,-0.3319,0.8703,0.1534,0.944
50.353694695,-0.3446,0.8752,0.1423,0.951
50.354174156,-0.3551,0.8777,0.1357,0.956
50.362368541,-0.3608,0.8817,0.1338,0.962
50.362852541,-0.3647,0.8835,0.1402,0.966
50.36330831,-0.3637,0.8886,0.1516,0.972
50.363537233,-0.3576,0.8942,0.1632,0.977
50.37286031,-0.3476,0.8987,0.1732,0.979
50.373272541,-0.3253,0.9035,0.1781,0.977
50.373410464,-0.3046,0.9118,0.1863,0.979
50.373654695,-0.2818,0.9211,0.1824,0.980
50.375089156,-0.2513,0.9345,0.1685,0.982
50.378037772,-0.2224,0.9634,0.1644,1.002
50.380481772,-0.1888,0.9876,0.1819,1.022
50.382817849,-0.1565,1.0100,0.2154,1.045
50.384672233,-0.1324,1.0328,0.2345,1.067
50.387464003,-0.1031,1.0501,0.2276,1.079
50.38964831,-0.0773,1.0526,0.2098,1.076
50.393153849,-0.0517,1.0469,0.1788,1.063
50.395006156,-0.0232,1.0347,0.1406,1.044
50.39750331,0.0014,1.0179,0.0996,1.023
50.399457233,0.0158,1.0051,0.0522,1.007
50.401700233,0.0173,0.9949,0.0060,0.995
50.404580926,0.0095,0.9846,-0.0337,0.985
50.406979695,-0.0009,0.9768,-0.0750,0.980
50.408944618,-0.0151,0.9663,-0.1123,0.973
50.411750156,-0.0260,0.9518,-0.1488,0.964
50.414447387,-0.0405,0.9316,-0.1828,0.950
50.416299926,-0.0527,0.9157,-0.2164,0.942
50.418606387,-0.0681,0.8994,-0.2465,0.935
50.421105233,-0.0833,0.8791,-0.2726,0.924
50.423491003,-0.0920,0.8632,-0.2897,0.915
50.425783695,-0.1045,0.8490,-0.3070,0.909
50.428254772,-0.1145,0.8390,-0.3139,0.903
50.431853464,-0.1233,0.8293,-0.3159,0.896
50.432973849,-0.1329,0.8209,-0.3154,0.889
50.435669156,-0.1397,0.8123,-0.3091,0.880
50.437930695,-0.1490,0.8050,-0.3026,0.873
50.440188541,-0.1555,0.7965,-0.2963,0.864
50.443742695,-0.1580,0.7913,-0.2856,0.856
50.445649541,-0.1595,0.7860,-0.2760,0.848
50.452181156,-0.1592,0.7811,-0.2648,0.840
50.452961849,-0.1578,0.7774,-0.2562,0.834
50.453607003,-0.1555,0.7760,-0.2558,0.832
50.455170772,-0.1558,0.7748,-0.2595,0.832
50.467846464,-0.1663,0.7780,-0.2616,0.837
50.468429772,-0.1736,0.7818,-0.2616,0.843
50.468684849,-0.1849,0.7980,-0.2558,0.858
50.469192541,-0.1966,0.8200,-0.2401,0.877
50.469600233,-0.2074,0.8478,-0.2155,0.899
50.469781156,-0.2152,0.8810,-0.1763,0.924
50.472118772,-0.2196,0.9241,-0.1221,0.958
50.476258695,-0.2252,0.9709,-0.0545,0.998
50.476724541,-0.2281,1.0217,0.0258,1.047
50.479942772,-0.2281,1.0789,0.1201,1.109
50.481507387,-0.2228,1.1305,0.2191,1.173
50.483497156,-0.2105,1.1828,0.3141,1.242
50.486128849,-0.1893,1.2280,0.4055,1.307
50.488566156,-0.1678,1.2695,0.4937,1.372
50.490766079,-0.1324,1.2830,0.5475,1.401
50.493292003,-0.1074,1.2923,0.6029,1.430
50.496160618,-0.0812,1.3032,0.6415,1.455
50.498383003,-0.0476,1.2993,0.6415,1.450
50.500788618,-0.0221,1.2975,0.6046,1.432
50.503080541,-0.0104,1.2874,0.5140,1.386
50.505367695,0.0291,1.2560,0.4402,1.331
50.508378695,0.0566,1.2272,0.3825,1.287
50.510279003,0.0850,1.1974,0.3283,1.245
50.514207003,0.1104,1.1628,0.2755,1.200
50.515223003,0.1339,1.1307,0.2188,1.159
50.518761464,0.1588,1.0992,0.1592,1.122
50.520005156,0.1800,1.0692,0.1028,1.089
50.522540926,0.1979,1.0364,0.0505,1.056
50.524947387,0.2115,1.0103,0.0192,1.032
50.52791231,0.2201,0.9907,0.0102,1.015
50.529498772,0.2267,0.9770,0.0080,1.003
50.532368618,0.2357,0.9634,-0.0105,0.992
50.534327079,0.2499,0.9509,-0.0300,0.984
50.536711003,0.2665,0.9426,-0.0377,0.980
50.539142695,0.2856,0.9404,-0.0396,0.984
50.541498079,0.3073,0.9467,-0.0400,0.996
50.543799695,0.3277,0.9509,-0.0317,1.006
50.550327387,0.3462,0.9634,-0.0263,1.024
50.551075387,0.3687,0.9778,-0.0205,1.045
50.551530464,0.3882,0.9979,-0.0163,1.071
50.554134464,0.4046,1.0220,-0.0146,1.099
50.560695079,0.4148,1.0552,-0.0021,1.134
50.561758695,0.4249,1.0782,-0.0144,1.159
50.561979387,0.4386,1.0955,-0.0303,1.180
50.570780233,0.4517,1.1043,-0.0328,1.194
50.571487695,0.4561,1.1219,-0.0377,1.212
50.571892926,0.4561,1.1395,-0.0415,1.228
50.572259695,0.4644,1.1515,-0.0447,1.242
50.572988926,0.4668,1.1571,-0.0412,1.248
50.575345464,0.4745,1.1615,-0.0520,1.256
50.578053156,0.4779,1.1642,-0.0542,1.260
50.580269156,0.4749,1.1677,-0.0454,1.261
50.582419695,0.4600,1.1640,-0.0344,1.252
50.585641541,0.4488,1.1571,-0.0173,1.241
50.587882387,0.4376,1.1495,-0.0030,1.230
50.589946079,0.4344,1.1334,0.0111,1.214
50.592325464,0.4237,1.1181,0.0290,1.196
50.595302387,0.4180,1.1016,0.0449,1.179
50.597389233,0.4136,1.0829,0.0598,1.161
50.599635618,0.4090,1.0636,0.0671,1.141
50.602171695,0.4027,1.0454,0.0747,1.123
50.604456003,0.3887,1.0310,0.0771,1.105
50.606620926,0.3550,1.0125,0.0825,1.076
50.609917772,0.3559,0.9970,0.0879,1.062
50.613260849,0.3687,0.9939,0.0962,1.064
50.614125849,0.3631,0.9923,0.1087,1.062
50.616503695,0.3471,0.9898,0.1140,1.055
50.618998387,0.3140,0.9946,0.1118,1.049
50.621370772,0.2814,1.0032,0.1091,1.048
50.623733541,0.2411,1.0071,0.1157,1.042
50.626085464,0.2033,1.0112,0.1255,1.039
50.629468003,0.1707,1.0152,0.1397,1.039
50.630767695,0.1409,1.0147,0.1453,1.035
50.633245233,0.1143,1.0137,0.1474,1.031
50.635636849,0.0943,1.0086,0.1429,1.023
50.638062387,0.0864,1.0007,0.1348,1.013
50.640472003,0.0804,0.9886,0.1257,1.000
50.642922772,0.0677,0.9797,0.1208,0.989
50.649666079,0.0449,0.9672,0.1206,0.976
50.65039231,0.0256,0.9570,0.1236,0.965
50.650776926,0.0049,0.9504,0.1287,0.959
50.661014079,-0.0163,0.9473,0.1365,0.957
50.661582079,-0.0390,0.9465,0.1483,0.959
50.66205531,-0.0617,0.9438,0.1609,0.959
50.662296541,-0.0756,0.9470,0.1629,0.964
50.662678772,-0.0859,0.9514,0.1546,0.968
50.664343387,-0.0917,0.9548,0.1324,0.968
50.667502079,-0.0991,0.9597,0.1145,0.972
50.671241233,-0.1125,0.9651,0.1064,0.977
50.671628541,-0.1174,0.9683,0.1008,0.981
50.674014079,-0.1301,0.9680,0.1113,0.983
50.676666387,-0.1350,0.9700,0.1226,0.987
50.678860849,-0.1320,0.9688,0.1118,0.984
50.681277541,-0.1277,0.9692,0.0830,0.981
50.683851695,-0.1320,0.9712,0.0950,0.985
50.687076926,-0.1350,0.9770,0.1336,0.995
50.688498387,-0.1272,0.9778,0.1360,0.995
50.691181156,-0.1147,0.9770,0.1180,0.991
50.693759695,-0.1120,0.9763,0.0830,0.986
50.695966464,-0.1159,0.9781,0.0470,0.986
50.698461541,-0.1184,0.9783,0.0375,0.986
50.700816849,-0.1022,0.9737,0.0527,0.980
50.703697233,-0.0764,0.9719,0.0607,0.977
50.705582772,-0.0483,0.9675,0.0793,0.972
50.708165541,-0.0442,0.9623,0.1506,0.975
50.710626079,-0.0530,0.9563,0.1998,0.978
50.713057464,-0.0796,0.9553,0.2096,0.981
50.715848926,-0.0971,0.9455,0.2200,0.976
50.718177541,-0.1125,0.9267,0.2625,0.970
50.721067079,-0.1128,0.9225,0.2149,0.954
50.722425849,-0.1204,0.9096,0.1849,0.936
50.724980003,-0.1272,0.9064,0.2071,0.938
50.728305772,-0.1313,0.8987,0.2147,0.933
50.729637849,-0.1311,0.9055,0.2117,0.939
50.732075695,-0.1294,0.9101,0.2181,0.945
50.734722695,-0.1326,0.9052,0.2328,0.944
50.737106695,-0.1316,0.9006,0.2391,0.941
50.739603079,-0.1275,0.8910,0.2423,0.932
50.742555079,-0.1436,0.8796,0.2562,0.927
50.745249849,-0.1534,0.8761,0.2831,0.933
50.746582387,-0.1587,0.8824,0.3195,0.952
50.749149772,-0.1744,0.8791,0.3221,0.952
50.751688926,-0.1826,0.8891,0.3207,0.963
50.757882156,-0.1927,0.8940,0.3274,0.971
50.758632003,-0.1956,0.9013,0.3253,0.978
50.758960541,-0.1998,0.9192,0.3412,1.001
50.771537849,-0.2032,0.9402,0.3640,1.028
50.77265631,-0.2098,0.9509,0.3649,1.040
50.772978464,-0.2237,0.9621,0.3414,1.045
50.773219003,-0.2305,0.9700,0.3366,1.052
50.773416849,-0.2330,0.9825,0.3395,1.065
50.773604003,-0.2371,0.9793,0.3063,1.053
50.77613931,-0.2462,0.9814,0.2906,1.053
50.780377464,-0.2601,0.9926,0.2972,1.068
50.781182695,-0.2743,1.0032,0.3053,1.084
50.782749464,-0.2816,1.0084,0.3127,1.093
50.786086464,-0.2878,1.0144,0.3029,1.097
50.787477849,-0.2857,1.0135,0.3092,1.097
50.789878079,-0.2850,1.0088,0.3241,1.097
50.792897464,-0.2780,1.0005,0.3417,1.093
50.799681464,-0.2633,0.9856,0.3535,1.080
50.800317464,-0.2491,0.9707,0.3576,1.064
50.800616926,-0.2364,0.9570,0.3512,1.047
50.802330464,-0.2249,0.9539,0.3422,1.038
50.804224926,-0.2083,0.9443,0.3414,1.025
50.806828541,-0.1912,0.9397,0.3476,1.020
50.810345156,-0.1746,0.9331,0.3530,1.013
50.811636926,-0.1578,0.9353,0.3581,1.014
50.813961233,-0.1434,0.9360,0.3623,1.014
50.81733531,-0.1308,0.9392,0.3659,1.016
50.819087003,-0.1171,0.9421,0.3668,1.018
50.821335618,-0.1091,0.9485,0.3747,1.026
50.823845541,-0.1028,0.9518,0.3761,1.029
50.827270156,-0.0947,0.9536,0.3754,1.029
50.828420849,-0.0933,0.9609,0.3769,1.036
50.831417772,-0.0874,0.9658,0.3628,1.035
50.835321849,-0.0837,0.9737,0.3559,1.040
50.836168926,-0.0842,0.9853,0.3566,1.051
50.839271618,-0.0857,0.9893,0.3540,1.054
50.840812618,-0.0923,1.0003,0.3488,1.063
50.843772618,-0.1018,1.0135,0.3483,1.076
50.84536331,-0.1206,1.0242,0.3571,1.091
50.847697464,-0.1360,1.0359,0.3435,1.100
50.850229849,-0.1546,1.0474,0.3339,1.110
50.853087079,-0.1807,1.0645,0.3319,1.130
50.856426695,-0.2042,1.0738,0.3276,1.141
50.85731231,-0.2237,1.0816,0.3158,1.149
50.859884233,-0.2349,1.0836,0.3092,1.151
50.862089156,-0.2477,1.0801,0.3046,1.149
50.86469231,-0.2574,1.0673,0.3014,1.138
50.867040233,-0.2615,1.0513,0.3034,1.125
50.872222156,-0.2638,1.0301,0.3053,1.106
50.872491926,-0.2633,1.0079,0.2990,1.084
50.874324003,-0.2606,0.9856,0.2862,1.059
50.877008618,-0.2571,0.9653,0.2769,1.037
50.879201156,-0.2580,0.9514,0.2652,1.021
50.881557233,-0.2574,0.9380,0.2620,1.007
50.884376003,-0.2550,0.9243,0.2682,0.996
50.886221849,-0.2496,0.9171,0.2750,0.989
50.888741464,-0.2501,0.9077,0.2750,0.981
50.891098156,-0.2506,0.9020,0.2760,0.976
50.893752618,-0.2499,0.8991,0.2801,0.974
50.895841156,-0.2475,0.8959,0.2782,0.970
50.898570079,-0.2364,0.8917,0.2782,0.964
50.900932003,-0.2249,0.8876,0.2769,0.957
50.903099695,-0.2103,0.8849,0.2757,0.950
50.905459618,-0.1914,0.8871,0.2757,0.949
50.908578156,-0.1783,0.8886,0.2775,0.948
50.910477464,-0.1607,0.8891,0.2850,0.947
50.912748541,-0.1409,0.8905,0.2882,0.947
50.915542464,-0.1269,0.8962,0.2880,0.950
50.917545233,-0.1113,0.8989,0.2931,0.952
50.920191387,-0.1003,0.9069,0.2999,0.960
50.922679618,-0.0913,0.9145,0.3063,0.969
50.924956926,-0.0798,0.9169,0.3153,0.973
50.927245541,-0.0681,0.9241,0.3183,0.980
50.930013849,-0.0632,0.9289,0.3163,0.983
50.933230156,-0.0605,0.9304,0.3153,0.984
50.935077156,-0.0556,0.9287,0.3095,0.980
50.93727408,-0.0603,0.9285,0.3021,0.978
50.939577464,-0.0654,0.9313,0.2967,0.980
50.942694695,-0.0663,0.9294,0.2858,0.975
50.944273464,-0.0671,0.9269,0.2704,0.968
50.946877541,-0.0752,0.9306,0.2569,0.968
50.94926308,-0.0803,0.9313,0.2447,0.966
50.95615531,-0.0842,0.9333,0.2374,0.967
50.956756003,-0.0884,0.9333,0.2335,0.966
50.957169541,-0.0889,0.9343,0.2284,0.966
50.968087695,-0.0896,0.9367,0.2235,0.967
50.968884849,-0.0864,0.9409,0.2212,0.970
50.969141849,-0.0837,0.9455,0.2217,0.975
50.969367695,-0.0817,0.9490,0.2228,0.978
50.969581772,-0.0768,0.9531,0.2135,0.980
50.970943618,-0.0715,0.9576,0.2042,0.982
50.973408849,-0.0703,0.9592,0.1878,0.980
50.97870308,-0.0656,0.9599,0.1758,0.978
50.97989531,-0.0581,0.9614,0.1683,0.978
50.98059908,-0.0532,0.9623,0.1607,0.977
50.983870464,-0.0519,0.9597,0.1567,0.974
50.985293772,-0.0483,0.9599,0.1570,0.974
50.987738695,-0.0483,0.9585,0.1614,0.973
50.990233464,-0.0476,0.9567,0.1668,0.972
50.992606387,-0.0490,0.9534,0.1841,0.972
50.995022387,-0.0493,0.9497,0.2051,0.973
50.997479926,-0.0493,0.9492,0.2230,0.976
51.000894695,-0.0476,0.9438,0.2396,0.975
51.00215108,-0.0481,0.9394,0.2496,0.973
51.004745464,-0.0527,0.9355,0.2569,0.972
51.00713631,-0.0554,0.9336,0.2682,0.973
51.009800003,-0.0617,0.9387,0.2772,0.981
51.012008233,-0.0688,0.9431,0.2850,0.988
51.014509233,-0.0742,0.9474,0.2962,0.995
51.018047618,-0.0800,0.9458,0.3112,0.999
51.019419926,-0.0842,0.9406,0.3256,0.999
51.021765849,-0.0857,0.9434,0.3395,1.006
51.024213464,-0.0901,0.9341,0.3481,1.001
51.026997233,-0.0898,0.9272,0.3459,0.994
51.029366464,-0.0877,0.9167,0.3395,0.981
51.03130731,-0.0864,0.9087,0.3398,0.974
51.033868233,-0.0796,0.9084,0.3361,0.972
51.035888849,-0.0719,0.9115,0.3379,0.975
51.038873541,-0.0635,0.9062,0.3407,0.970
51.042237156,-0.0581,0.9087,0.3390,0.972
51.043323618,-0.0493,0.9096,0.3398,0.972
51.045730695,-0.0388,0.9103,0.3432,0.974
51.04810608,-0.0276,0.9113,0.3427,0.974
51.054581772,-0.0232,0.9171,0.3444,0.980
51.055193156,-0.0143,0.9208,0.3449,0.983
51.055420926,-0.0062,0.9241,0.3366,0.984
51.065592003,-0.0038,0.9329,0.3258,0.988
51.066741156,-0.0011,0.9411,0.3188,0.994
51.067121541,0.0012,0.9483,0.3102,0.998
51.067460003,0.0005,0.9553,0.3009,1.002
51.067805772,0.0034,0.9595,0.2882,1.002
51.069667387,0.0024,0.9597,0.2753,0.998
51.07229008,0.0032,0.9614,0.2662,0.998
51.075999387,-0.0018,0.9585,0.2615,0.994
51.077663387,-0.0018,0.9551,0.2559,0.989
51.079660003,-0.0080,0.9539,0.2508,0.986
51.081970464,-0.0097,0.9492,0.2557,0.983
51.08406731,-0.0136,0.9453,0.2606,0.981
51.08677231,-0.0209,0.9418,0.2669,0.979
51.08938608,-0.0260,0.9441,0.2769,0.984
51.091882464,-0.0339,0.9460,0.2885,0.990
51.093943003,-0.0430,0.9474,0.3004,0.995
51.096591003,-0.0544,0.9506,0.3136,1.002
51.098831926,-0.0639,0.9560,0.3286,1.013
51.100998695,-0.0747,0.9567,0.3437,1.019
51.103449156,-0.0861,0.9567,0.3495,1.022
51.106097156,-0.0926,0.9553,0.3584,1.024
51.108261849,-0.1010,0.9516,0.3703,1.026
51.11103931,-0.1087,0.9431,0.3874,1.025
51.113484849,-0.1159,0.9367,0.4001,1.025
51.116279926,-0.1213,0.9252,0.4080,1.018
51.11867631,-0.1260,0.9148,0.4092,1.010
51.120626695,-0.1260,0.9045,0.4064,1.000
51.124221233,-0.1318,0.8977,0.4118,0.996
51.12543631,-0.1343,0.8942,0.4101,0.993
51.128669541,-0.1345,0.8891,0.4136,0.990
51.130855695,-0.1365,0.8938,0.4194,0.997
51.133844926,-0.1367,0.8928,0.4267,0.999
51.135214464,-0.1369,0.8984,0.4306,1.006
51.137331926,-0.1373,0.9035,0.4370,1.013
51.139772541,-0.1401,0.9096,0.4483,1.024
51.142331387,-0.1411,0.9157,0.4553,1.032
51.144558156,-0.1416,0.9225,0.4516,1.037
51.14690331,-0.1421,0.9313,0.4374,1.039
51.151699618,-0.1431,0.9387,0.4218,1.039
51.152224541,-0.1487,0.9424,0.4099,1.038
51.154580618,-0.1472,0.9434,0.3943,1.033
51.156999618,-0.1460,0.9441,0.3749,1.026
51.164194156,-0.1453,0.9429,0.3584,1.019
51.16489508,-0.1467,0.9443,0.3442,1.016
51.165032233,-0.1411,0.9453,0.3307,1.011
51.167347926,-0.1355,0.9473,0.3209,1.009
51.168364233,-0.1264,0.9536,0.3165,1.013
51.171168003,-0.1162,0.9570,0.3119,1.013
51.174132618,-0.1182,0.9629,0.3078,1.018
51.175846464,-0.1250,0.9683,0.3034,1.022
51.178395618,-0.1362,0.9688,0.3014,1.024
51.180465849,-0.1474,0.9716,0.2980,1.027
51.182862695,-0.1526,0.9724,0.3007,1.029
51.18528731,-0.1140,0.9746,0.2970,1.025
51.188051387,-0.0728,0.9765,0.2946,1.023
51.19046031,-0.0742,0.9773,0.2931,1.023
51.192656541,-0.0842,0.9741,0.2899,1.020
51.195541156,-0.0877,0.9751,0.2955,1.023
51.197809772,-0.0957,0.9753,0.2985,1.024
51.199984618,-0.1079,0.9753,0.2995,1.026
51.202292849,-0.1264,0.9714,0.2972,1.024
51.205281156,-0.1502,0.9697,0.2960,1.025
51.207309464,-0.1627,0.9672,0.2943,1.024
51.210377772,-0.1665,0.9670,0.2990,1.026
51.212139926,-0.1751,0.9651,0.3041,1.027
51.215383003,-0.1937,0.9592,0.3002,1.024
51.21676608,-0.2115,0.9648,0.2970,1.031
51.219239926,-0.2325,0.9621,0.2970,1.033
51.222150156,-0.2494,0.9648,0.3036,1.042
51.224135387,-0.2631,0.9702,0.3158,1.054
51.226458772,-0.2708,0.9721,0.3283,1.061
51.229093156,-0.2821,0.9765,0.3386,1.071
51.231940618,-0.2892,0.9814,0.3439,1.079
51.233884849,-0.2918,0.9839,0.3519,1.085
51.236631003,-0.2914,0.9900,0.3596,1.093
51.238913772,-0.2882,0.9949,0.3656,1.098
51.241388849,-0.2811,0.9963,0.3713,1.100
51.24350308,-0.2687,0.9998,0.3724,1.100
51.24639131,-0.2580,0.9991,0.3605,1.093
51.249024541,-0.2479,0.9963,0.3547,1.086
51.250545772,-0.2330,0.9966,0.3483,1.081
51.25297531,-0.2210,0.9932,0.3447,1.074
51.255967695,-0.2140,0.9919,0.3503,1.074
51.261608926,-0.2027,0.9886,0.3530,1.069
51.262433233,-0.1934,0.9856,0.3493,1.063
51.272862772,-0.1861,0.9832,0.3402,1.057
51.273773156,-0.1849,0.9817,0.3307,1.052
51.274004541,-0.1902,0.9790,0.3195,1.047
51.274187618,-0.1963,0.9790,0.3109,1.046
51.27434308,-0.2032,0.9770,0.3205,1.048
51.27474731,-0.2093,0.9749,0.3277,1.050
51.27697908,-0.2171,0.9690,0.3309,1.047
51.279700618,-0.2296,0.9616,0.3463,1.048
51.281852849,-0.2442,0.9553,0.3600,1.050
51.28431808,-0.2479,0.9375,0.3522,1.032
51.286706464,-0.2494,0.9218,0.3036,1.002
51.289928003,-0.2489,0.9103,0.3072,0.992
51.291436618,-0.2433,0.9064,0.3370,0.997
51.294229156,-0.2366,0.9067,0.3610,1.004
51.296453849,-0.2391,0.9182,0.3757,1.020
51.298878772,-0.2410,0.9277,0.3724,1.028
51.301156541,-0.2333,0.9353,0.3713,1.033
51.304490695,-0.2198,0.9369,0.3757,1.033
51.306805541,-0.2086,0.9399,0.3782,1.034
51.309095003,-0.2017,0.9453,0.3933,1.044
51.311232618,-0.1986,0.9499,0.3955,1.048
51.313372541,-0.1919,0.9460,0.3847,1.039
51.315644003,-0.1849,0.9455,0.3640,1.030
51.318207695,-0.1768,0.9441,0.3439,1.020
51.320744233,-0.1704,0.9418,0.3332,1.013
51.323289156,-0.1597,0.9360,0.3368,1.008
51.325607003,-0.1534,0.9309,0.3398,1.003
51.328159926,-0.1411,0.9252,0.3432,0.997
51.331109772,-0.1287,0.9194,0.3505,0.992
51.332538387,-0.1174,0.9150,0.3549,0.988
51.335675926,-0.1057,0.9082,0.3596,0.982
51.338845772,-0.1031,0.9035,0.3598,0.978
51.339935618,-0.0991,0.9047,0.3537,0.976
51.342433772,-0.0991,0.9064,0.3451,0.975
51.344746156,-0.0969,0.9043,0.3349,0.969
51.34712731,-0.1008,0.9089,0.3263,0.971
51.349342387,-0.1047,0.9075,0.3200,0.968
51.352534695,-0.1089,0.9101,0.3141,0.969
51.359851387,-0.1133,0.9120,0.3080,0.969
51.360642695,-0.1182,0.9094,0.3090,0.968
51.36106831,-0.1248,0.9069,0.3063,0.965
51.362539618,-0.1289,0.9077,0.3055,0.966
51.374117464,-0.1326,0.9040,0.2974,0.961
51.375331926,-0.1418,0.9035,0.2918,0.960
51.376034156,-0.1546,0.9015,0.2953,0.961
51.376625464,-0.1680,0.9089,0.3016,0.972
51.376998772,-0.1800,0.9089,0.3112,0.977
51.377215695,-0.1958,0.9131,0.3168,0.986
51.379809541,-0.2083,0.9211,0.3293,1.000
51.381944541,-0.2200,0.9297,0.3358,1.013
51.38336208,-0.2305,0.9399,0.3410,1.026
51.385581541,-0.2408,0.9470,0.3483,1.037
51.388003387,-0.2464,0.9585,0.3593,1.053
51.390513541,-0.2475,0.9636,0.3640,1.059
51.392932849,-0.2503,0.9719,0.3671,1.069
51.395924003,-0.2522,0.9795,0.3689,1.077
51.397749849,-0.2526,0.9825,0.3677,1.079
51.400112233,-0.2489,0.9868,0.3691,1.083
51.403161772,-0.2491,0.9886,0.3684,1.084
51.405177772,-0.2442,0.9907,0.3656,1.084
51.407230695,-0.2423,0.9890,0.3654,1.082
51.41025531,-0.2420,0.9888,0.3701,1.083
51.413736618,-0.2382,0.9942,0.3720,1.088
51.41507931,-0.2337,0.9912,0.3740,1.085
51.41711808,-0.2281,0.9874,0.3737,1.080
51.41961408,-0.2252,0.9837,0.3761,1.077
51.42233408,-0.2200,0.9778,0.3749,1.070
51.424599003,-0.2098,0.9697,0.3681,1.058
51.426841541,-0.1986,0.9634,0.3598,1.047
51.430174156,-0.1907,0.9602,0.3551,1.041
51.431510695,-0.1851,0.9560,0.3598,1.038
51.433929233,-0.1746,0.9534,0.3566,1.033
51.438320003,-0.1644,0.9551,0.3556,1.032
51.439328849,-0.1585,0.9558,0.3640,1.035
51.441942695,-0.1531,0.9619,0.3822,1.046
51.444179003,-0.1490,0.9670,0.3999,1.057
51.447236926,-0.1485,0.9672,0.4106,1.061
51.44838208,-0.1441,0.9629,0.4074,1.055
51.451510387,-0.1401,0.9553,0.4164,1.051
51.453547003,-0.1277,0.9424,0.3984,1.031
51.459603695,-0.1118,0.9404,0.3710,1.017
51.460386772,-0.1238,0.9497,0.3796,1.030
51.460807695,-0.1553,0.9658,0.3605,1.043
51.472015926,-0.1912,0.9825,0.3459,1.059
51.473045849,-0.2210,0.9966,0.3339,1.074
51.473271618,-0.2322,1.0019,0.2948,1.070
51.473493772,-0.2342,1.0088,0.2398,1.063
51.473693156,-0.2438,1.0254,0.2335,1.080
51.475786464,-0.2357,1.0088,0.2501,1.066
51.47833808,-0.2152,0.9719,0.2366,1.023
51.481104003,-0.1993,0.9372,0.2403,0.988
51.481932233,-0.1970,0.9289,0.1979,0.970
51.484576926,-0.1878,0.9077,0.1841,0.945
51.48768708,-0.1878,0.8810,0.1875,0.920
51.489298464,-0.1821,0.8530,0.1998,0.895
51.49164608,-0.1776,0.8319,0.2156,0.878
51.49430308,-0.1809,0.8258,0.2140,0.872
51.497044003,-0.1809,0.8297,0.2168,0.876
51.499051387,-0.1851,0.8407,0.2247,0.890
51.501172003,-0.1944,0.8570,0.2394,0.911
51.503595387,-0.1963,0.8796,0.2506,0.935
51.506041541,-0.1958,0.9010,0.2555,0.957
51.508689849,-0.1986,0.9238,0.2479,0.977
51.512425464,-0.2025,0.9455,0.2487,0.998
51.513533772,-0.2074,0.9665,0.2489,1.019
51.52189631,-0.2122,0.9856,0.2518,1.039
51.522606695,-0.2198,1.0056,0.2543,1.060
51.52279531,-0.2276,1.0177,0.2469,1.072
51.523211695,-0.2364,1.0277,0.2320,1.080
51.525325541,-0.2475,1.0398,0.2371,1.095
51.528043003,-0.2543,1.0440,0.2482,1.103
51.530220618,-0.2650,1.0501,0.2501,1.112
51.532576618,-0.2733,1.0454,0.2613,1.112
51.535156003,-0.2738,1.0313,0.2909,1.106
51.537397156,-0.2762,1.0156,0.3146,1.099
51.53992708,-0.2764,0.9988,0.3092,1.081
51.542221464,-0.2731,0.9895,0.2936,1.068
51.546015003,-0.2684,0.9807,0.2943,1.058
51.547729233,-0.2706,0.9783,0.3060,1.060
51.549585541,-0.2711,0.9790,0.3188,1.065
51.551866772,-0.2689,0.9809,0.3326,1.070
51.55424608,-0.2713,0.9856,0.3559,1.082
51.557097156,-0.2733,0.9870,0.3470,1.081
51.55909631,-0.2755,0.9975,0.3251,1.085
51.563084541,-0.2762,0.9995,0.3332,1.089
51.564073233,-0.2682,0.9905,0.3219,1.075
51.566529156,-0.2591,0.9856,0.2941,1.061
51.570295618,-0.2496,0.9819,0.2792,1.051
51.571868003,-0.2415,0.9765,0.2765,1.043
51.57398608,-0.2217,0.9716,0.2785,1.035
51.576421772,-0.1927,0.9602,0.2801,1.019
51.578395926,-0.1670,0.9490,0.3307,1.019
51.583289464,-0.1611,0.9588,0.3307,1.027
51.58370831,-0.1641,0.9678,0.3400,1.039
51.586923926,-0.1658,0.9790,0.3549,1.054
51.588291387,-0.1590,0.9902,0.3689,1.069
51.590563387,-0.1502,0.9979,0.3677,1.074
51.593007387,-0.1341,1.0019,0.3605,1.073
51.595316849,-0.1357,1.0093,0.3439,1.075
51.597828541,-0.1348,1.0144,0.3319,1.076
51.600123926,-0.1343,1.0184,0.3136,1.074
51.60368431,-0.1240,1.0191,0.2962,1.068
51.606049233,-0.1164,1.0066,0.2934,1.055
51.607337156,-0.1101,1.0032,0.2997,1.053
51.610045849,-0.1164,0.9998,0.3026,1.051
51.612183695,-0.1164,0.9853,0.3116,1.040
51.61461508,-0.1180,0.9712,0.3156,1.028
51.617499003,-0.0979,0.9518,0.2789,0.997
51.620252233,-0.0693,0.9360,0.2550,0.973
51.621888849,-0.0593,0.9260,0.2606,0.964
51.624215003,-0.0632,0.9189,0.2567,0.956
51.627728618,-0.0644,0.9152,0.2181,0.943
51.629079926,-0.0630,0.9018,0.2115,0.928
51.631502464,-0.0514,0.8793,0.2271,0.910
51.63399631,-0.0417,0.8656,0.2377,0.899
51.636697156,-0.0453,0.8486,0.2582,0.888
51.63881508,-0.0439,0.8344,0.2782,0.881
51.641196618,-0.0449,0.8221,0.2983,0.876
51.643476618,-0.0486,0.8116,0.3227,0.875
51.645985464,-0.0527,0.8107,0.3334,0.878
51.648218464,-0.0593,0.8107,0.3326,0.878
51.650934772,-0.0730,0.8123,0.3332,0.881
51.653930464,-0.0905,0.8172,0.3379,0.889
51.655505772,-0.1045,0.8251,0.3314,0.895
51.65794708,-0.1231,0.8302,0.3307,0.902
51.66109108,-0.1423,0.8430,0.3383,0.919
51.662969772,-0.1590,0.8559,0.3517,0.939
51.665162387,-0.1812,0.8693,0.3596,0.958
51.672063387,-0.2054,0.8805,0.3652,0.975
51.673094772,-0.2266,0.8938,0.3588,0.989
51.673390695,-0.2464,0.9035,0.3556,1.002
51.675144233,-0.2625,0.9126,0.3507,1.012
51.677789233,-0.2780,0.9216,0.3532,1.025
51.679940233,-0.2878,0.9289,0.3476,1.033
51.682304926,-0.2953,0.9289,0.3479,1.035
51.685226772,-0.3075,0.9304,0.3561,1.043
51.687030772,-0.3165,0.9329,0.3551,1.047
51.689578387,-0.3305,0.9385,0.3532,1.056
51.692014156,-0.3365,0.9362,0.3571,1.057
51.695067926,-0.3395,0.9367,0.3703,1.063
51.696895618,-0.3383,0.9350,0.3822,1.065
51.699441541,-0.3300,0.9280,0.3910,1.060
51.702269156,-0.3221,0.9216,0.3882,1.051
51.704544233,-0.3181,0.9229,0.3833,1.049
51.706731926,-0.3041,0.9182,0.3764,1.038
51.709168233,-0.2948,0.9176,0.3640,1.030
51.712241541,-0.2831,0.9194,0.3559,1.026
51.713939003,-0.2748,0.9236,0.3500,1.025
51.716457156,-0.2687,0.9311,0.3405,1.027
51.718610464,-0.2555,0.9329,0.3288,1.022
51.720905541,-0.2452,0.9380,0.3178,1.020
51.723446772,-0.2333,0.9390,0.3112,1.016
51.727235003,-0.2161,0.9365,0.3039,1.008
51.728009772,-0.2022,0.9301,0.3014,0.998
51.73044208,-0.1927,0.9233,0.3002,0.990
51.733101464,-0.1800,0.9216,0.2980,0.985
51.735549156,-0.1732,0.9152,0.2939,0.977
51.738021233,-0.1719,0.9099,0.2914,0.971
51.740666464,-0.1685,0.9071,0.2923,0.968
51.743564618,-0.1670,0.9033,0.2951,0.965
51.74548731,-0.1665,0.8984,0.2972,0.961
51.748062695,-0.1714,0.9010,0.2995,0.965
51.752377156,-0.1800,0.9113,0.3051,0.978
51.753399695,-0.1951,0.9211,0.3193,0.994
51.754904003,-0.2059,0.9321,0.3332,1.011
51.757342464,-0.2098,0.9331,0.3479,1.018
51.763939926,-0.2086,0.9369,0.3559,1.024
51.764962695,-0.2154,0.9499,0.3444,1.033
51.765228541,-0.2112,0.9607,0.3386,1.040
51.76690031,-0.2142,0.9809,0.3307,1.057
51.773157233,-0.2247,0.9856,0.3297,1.063
51.773918387,-0.2281,0.9604,0.3163,1.037
51.774162772,-0.2286,0.9236,0.2836,0.993
51.783514387,-0.2240,0.8894,0.2511,0.951
51.784005772,-0.2130,0.8749,0.2440,0.933
51.784186464,-0.2025,0.8793,0.2743,0.943
51.78435931,-0.2005,0.8947,0.3158,0.970
51.78615808,-0.1993,0.9096,0.3596,0.998
51.788302156,-0.2049,0.9250,0.3903,1.025
51.791060541,-0.2098,0.9392,0.4084,1.045
51.793192541,-0.2135,0.9434,0.4229,1.056
51.795548541,-0.2200,0.9429,0.4213,1.056
51.798246772,-0.2191,0.9441,0.4231,1.057
51.801153772,-0.2161,0.9458,0.4316,1.062
51.808972926,-0.2112,0.9504,0.4402,1.068
51.80946708,-0.2056,0.9570,0.4423,1.074
51.81029108,-0.1983,0.9712,0.4378,1.084
51.810707926,-0.1951,0.9776,0.4267,1.084
51.813528618,-0.1924,0.9851,0.4199,1.088
51.815049849,-0.1888,0.9902,0.4131,1.089
51.817266695,-0.1893,0.9975,0.4026,1.092
51.819538156,-0.1912,0.9956,0.3879,1.085
51.82229808,-0.1924,0.9886,0.3759,1.075
51.825757156,-0.1970,0.9825,0.3596,1.065
51.826808849,-0.2012,0.9727,0.3424,1.051
51.82932308,-0.2061,0.9619,0.3277,1.037
51.831840541,-0.2105,0.9504,0.3221,1.025
51.834395926,-0.2186,0.9441,0.3200,1.021
51.836457464,-0.2271,0.9306,0.3227,1.011
51.839066772,-0.2354,0.9229,0.3237,1.006
51.84247108,-0.2464,0.9171,0.3270,1.004
51.84382208,-0.2582,0.9133,0.3302,1.005
51.84616331,-0.2713,0.9160,0.3400,1.014
51.848689156,-0.2804,0.9187,0.3427,1.020
51.851679695,-0.2836,0.9250,0.3407,1.026
51.853415926,-0.2894,0.9272,0.3249,1.024
51.856323387,-0.2985,0.9348,0.3244,1.034
51.861784849,-0.2929,0.9321,0.3095,1.025
51.862287618,-0.2857,0.9306,0.2892,1.016
51.86366308,-0.2909,0.9345,0.2826,1.019
51.865381772,-0.3007,0.9390,0.2929,1.029
51.870126156,-0.3023,0.9375,0.2972,1.029
51.870610695,-0.3011,0.9355,0.2980,1.027
51.872786387,-0.3055,0.9309,0.3011,1.025
51.881020926,-0.3124,0.9272,0.3114,1.027
51.881337464,-0.3202,0.9250,0.3221,1.030
51.881483387,-0.3212,0.9169,0.3295,1.026
51.883223387,-0.3244,0.9084,0.3330,1.020
51.884816003,-0.3176,0.9023,0.3330,1.013
51.887285541,-0.3121,0.9033,0.3342,1.012
51.889738772,-0.3051,0.9033,0.3481,1.015
51.89223231,-0.2967,0.9099,0.3635,1.024
51.894371695,-0.2811,0.9164,0.3747,1.029
51.896992233,-0.2655,0.9236,0.3822,1.034
51.900276541,-0.2464,0.9248,0.3801,1.030
51.901768618,-0.2212,0.9245,0.3728,1.021
51.904046156,-0.2044,0.9264,0.3633,1.016
51.906734156,-0.1868,0.9255,0.3515,1.008
51.908916541,-0.1741,0.9241,0.3381,0.999
51.911821464,-0.1644,0.9184,0.3274,0.989
51.914232618,-0.1560,0.9108,0.3163,0.977
51.916522464,-0.1487,0.8876,0.3097,0.952
51.918487695,-0.1429,0.8696,0.2882,0.927
51.921235387,-0.1406,0.8723,0.2723,0.925
51.925527387,-0.1429,0.8833,0.2794,0.937
51.926566772,-0.1514,0.8876,0.2972,0.948
51.928467926,-0.1624,0.9089,0.2960,0.970
51.931233772,-0.1707,0.9311,0.2934,0.991
51.934364618,-0.1751,0.9382,0.2995,1.000
51.935878772,-0.1727,0.9338,0.2914,0.993
51.937869464,-0.1685,0.9421,0.2643,0.993
51.941425156,-0.1709,0.9539,0.2584,1.003
51.942689541,-0.1781,0.9583,0.2592,1.009
51.945304233,-0.1858,0.9590,0.2518,1.009
51.947764233,-0.1849,0.9518,0.2450,1.000
51.950095387,-0.1795,0.9380,0.2386,0.984
51.952250156,-0.1688,0.9233,0.2188,0.964
51.954835387,-0.1531,0.9099,0.2051,0.945
51.962222156,-0.1431,0.9052,0.1979,0.938
51.96290831,-0.1350,0.9035,0.2051,0.936
51.963155618,-0.1280,0.9040,0.2128,0.937
51.965457233,-0.1201,0.9069,0.2188,0.941
51.975352233,-0.1145,0.9160,0.2240,0.950
51.976170464,-0.1094,0.9260,0.2271,0.960
51.976415387,-0.1040,0.9350,0.2303,0.969
51.976630156,-0.1013,0.9418,0.2286,0.974
51.976868541,-0.1010,0.9470,0.2271,0.979
51.979289233,-0.0986,0.9558,0.2257,0.987
51.983021541,-0.0961,0.9632,0.2261,0.994
51.98370031,-0.0982,0.9672,0.2342,1.000
51.986025541,-0.0984,0.9739,0.2426,1.008
51.988585849,-0.0982,0.9790,0.2503,1.015
51.991320926,-0.0991,0.9883,0.2567,1.026
51.993504541,-0.1031,0.9932,0.2704,1.034
51.995943926,-0.1054,0.9970,0.2782,1.040
51.999311926,-0.1066,1.0017,0.2850,1.047
52.00054708,-0.1143,1.0047,0.2869,1.051
52.003001541,-0.1184,1.0054,0.2890,1.053
52.005593464,-0.1231,1.0056,0.2882,1.053
52.00786431,-0.1287,1.0047,0.2848,1.052
52.010309233,-0.1348,1.0030,0.2834,1.051
52.013000233,-0.1373,1.0012,0.2806,1.049
52.015729233,-0.1399,0.9946,0.2772,1.042
52.017500926,-0.1341,0.9883,0.2816,1.036
52.019918156,-0.1308,0.9802,0.2885,1.030
52.022488618,-0.1267,0.9714,0.2906,1.022
52.024974772,-0.1226,0.9663,0.2894,1.016
52.027378156,-0.1262,0.9595,0.2904,1.010
52.029705233,-0.1272,0.9599,0.2906,1.011
52.032490464,-0.1341,0.9580,0.2962,1.012
52.034856003,-0.1411,0.9541,0.2972,1.009
52.037429233,-0.1472,0.9551,0.2983,1.011
52.039500003,-0.1514,0.9595,0.2965,1.016
52.04204331,-0.1558,0.9611,0.2958,1.018
52.044065156,-0.1632,0.9648,0.2936,1.022
52.047056849,-0.1653,0.9709,0.3019,1.030
52.049046695,-0.1688,0.9756,0.3075,1.037
52.051329541,-0.1707,0.9763,0.3151,1.040
52.053621849,-0.1700,0.9763,0.3185,1.041
52.060647618,-0.1719,0.9749,0.3244,1.042
52.061429464,-0.1712,0.9716,0.3265,1.039
52.061773772,-0.1729,0.9683,0.3276,1.037
52.06961931,-0.1702,0.9602,0.3261,1.028
52.070289541,-0.1646,0.9514,0.3253,1.019
52.070691618,-0.1644,0.9458,0.3265,1.014
52.070959695,-0.1663,0.9399,0.3286,1.009
52.081333849,-0.1616,0.9304,0.3312,1.001
52.08215508,-0.1595,0.9208,0.3332,0.992
52.082460233,-0.1531,0.9174,0.3332,0.988
52.082727618,-0.1502,0.9094,0.3295,0.979
52.08299908,-0.1360,0.9052,0.3251,0.971
52.084961464,-0.1285,0.8998,0.3234,0.965
52.087408003,-0.1285,0.9035,0.3258,0.969
52.089980541,-0.1313,0.9035,0.3178,0.967
52.092128233,-0.1306,0.9055,0.3197,0.969
52.094764233,-0.1345,0.9106,0.3288,0.977
52.098289156,-0.1448,0.9148,0.3256,0.982
52.099421541,-0.1536,0.9164,0.3239,0.984
52.101969541,-0.1599,0.9233,0.3158,0.989
52.104489156,-0.1653,0.9248,0.3190,0.992
52.10681131,-0.1785,0.9287,0.3205,0.999
52.109398387,-0.1856,0.9309,0.3244,1.003
52.111433541,-0.1944,0.9338,0.3290,1.009
52.114803926,-0.2095,0.9311,0.3330,1.011
52.116922156,-0.2144,0.9345,0.3375,1.016
52.11920208,-0.2220,0.9313,0.3398,1.016
52.122182772,-0.2233,0.9318,0.3444,1.018
52.124585464,-0.2268,0.9316,0.3510,1.021
52.126090695,-0.2228,0.9294,0.3588,1.021
52.128558156,-0.2193,0.9316,0.3620,1.023
52.132048849,-0.2152,0.9313,0.3659,1.024
52.133605464,-0.2066,0.9309,0.3715,1.023
52.135655387,-0.1988,0.9326,0.3752,1.025
52.138332926,-0.1886,0.9333,0.3779,1.024
52.14065808,-0.1812,0.9390,0.3773,1.028
52.142957772,-0.1797,0.9399,0.3840,1.031
52.147424003,-0.1741,0.9431,0.3850,1.033
52.148036926,-0.1746,0.9511,0.3828,1.040
52.15014208,-0.1741,0.9567,0.3757,1.043
52.152592926,-0.1758,0.9578,0.3673,1.041
52.159528618,-0.1772,0.9607,0.3600,1.041
52.16018331,-0.1797,0.9648,0.3530,1.043
52.160515387,-0.1839,0.9651,0.3488,1.043
52.162650772,-0.1875,0.9651,0.3410,1.041
52.170754387,-0.1886,0.9651,0.3358,1.039
52.171513233,-0.1914,0.9629,0.3297,1.036
52.171740926,-0.1954,0.9607,0.3229,1.032
52.17194608,-0.1934,0.9619,0.3214,1.032
52.174662464,-0.1979,0.9604,0.3227,1.032
52.17647231,-0.1939,0.9563,0.3239,1.028
52.179995926,-0.1919,0.9551,0.3251,1.027
52.182102772,-0.1893,0.9560,0.3263,1.028
52.183936618,-0.1873,0.9563,0.3290,1.029
52.18640831,-0.1851,0.9531,0.3314,1.026
52.188655695,-0.1865,0.9558,0.3379,1.031
52.191222387,-0.1812,0.9523,0.3424,1.028
52.193439695,-0.1793,0.9563,0.3447,1.032
52.197145157,-0.1776,0.9578,0.3498,1.035
52.198257233,-0.1785,0.9531,0.3519,1.032
52.20074331,-0.1776,0.9536,0.3488,1.031
52.203097464,-0.1729,0.9504,0.3451,1.026
52.20580608,-0.1760,0.9499,0.3459,1.026
52.207952233,-0.1758,0.9465,0.3437,1.022
52.210408541,-0.1770,0.9474,0.3493,1.025
52.213696926,-0.1753,0.9446,0.3528,1.023
52.215402157,-0.1709,0.9414,0.3522,1.020
52.217933464,-0.1727,0.9390,0.3525,1.018
52.220416849,-0.1697,0.9380,0.3466,1.014
52.22303231,-0.1707,0.9387,0.3461,1.015
52.224980618,-0.1651,0.9357,0.3402,1.009
52.227202464,-0.1602,0.9367,0.3361,1.008
52.230305464,-0.1587,0.9350,0.3302,1.004
52.231975695,-0.1531,0.9375,0.3256,1.004
52.234433157,-0.1511,0.9338,0.3165,0.997
52.236879926,-0.1518,0.9341,0.3083,0.995
52.239306772,-0.1480,0.9345,0.3004,0.993
52.241638157,-0.1478,0.9348,0.2927,0.991
52.244209157,-0.1450,0.9378,0.2862,0.991
52.250237772,-0.1448,0.9397,0.2824,0.992
52.251253849,-0.1418,0.9385,0.2831,0.990
52.251621849,-0.1406,0.9390,0.2838,0.991
52.258760618,-0.1341,0.9380,0.2799,0.988
52.259301772,-0.1287,0.9375,0.2767,0.986
52.259488233,-0.1257,0.9345,0.2757,0.982
52.26079008,-0.1248,0.9353,0.2765,0.983
52.268952618,-0.1184,0.9355,0.2741,0.982
52.269312618,-0.1187,0.9402,0.2745,0.987
52.269444849,-0.1152,0.9429,0.2782,0.990
52.271229541,-0.1180,0.9487,0.2778,0.996
52.273045233,-0.1162,0.9462,0.2762,0.993
52.275290772,-0.1169,0.9492,0.2762,0.995
52.277818772,-0.1187,0.9506,0.2804,0.998
52.280167926,-0.1218,0.9565,0.2846,1.005
52.282651695,-0.1264,0.9623,0.2918,1.014
52.285296003,-0.1333,0.9683,0.2972,1.022
52.287664003,-0.1387,0.9680,0.3043,1.024
52.290187926,-0.1429,0.9663,0.3090,1.025
52.292383618,-0.1434,0.9648,0.3139,1.025
52.294697157,-0.1448,0.9592,0.3168,1.020
52.297219387,-0.1482,0.9511,0.3185,1.014
52.299560541,-0.1551,0.9448,0.3227,1.010
52.301998157,-0.1604,0.9414,0.3249,1.009
52.304936541,-0.1678,0.9416,0.3288,1.011
52.306766772,-0.1739,0.9431,0.3312,1.015
52.30941531,-0.1793,0.9414,0.3339,1.015
52.313632926,-0.1870,0.9470,0.3349,1.022
52.314658464,-0.1900,0.9465,0.3276,1.019
52.317299926,-0.1979,0.9473,0.3263,1.021
52.31953231,-0.1995,0.9499,0.3342,1.027
52.322155695,-0.1995,0.9514,0.3326,1.027
52.324334464,-0.1983,0.9536,0.3276,1.028
52.32635931,-0.1970,0.9543,0.3293,1.029
52.329915926,-0.1912,0.9541,0.3295,1.027
52.331033157,-0.1829,0.9529,0.3312,1.025
52.333544926,-0.1776,0.9536,0.3276,1.024
52.335940849,-0.1678,0.9485,0.3244,1.016
52.338107695,-0.1599,0.9504,0.3234,1.017
52.34086031,-0.1523,0.9485,0.3197,1.012
52.343228849,-0.1462,0.9470,0.3202,1.010
52.345645849,-0.1441,0.9474,0.3163,1.009
52.347808926,-0.1399,0.9497,0.3102,1.009
52.350240618,-0.1385,0.9474,0.3102,1.007
52.352574772,-0.1397,0.9487,0.3067,1.007
52.35507008,-0.1362,0.9497,0.3075,1.008
52.357651695,-0.1399,0.9499,0.3119,1.010
52.360038464,-0.1394,0.9506,0.3205,1.013
52.367248849,-0.1397,0.9527,0.3253,1.016
52.367700926,-0.1421,0.9506,0.3268,1.015
52.367963695,-0.1450,0.9543,0.3295,1.020
52.38141408,-0.1431,0.9539,0.3356,1.021
52.382127618,-0.1462,0.9531,0.3351,1.021
52.382350157,-0.1443,0.9529,0.3356,1.020
52.382547618,-0.1467,0.9529,0.3373,1.021
52.382743695,-0.1485,0.9572,0.3414,1.027
52.382942387,-0.1506,0.9611,0.3430,1.032
52.383870772,-0.1521,0.9595,0.3379,1.029
52.389265772,-0.1546,0.9621,0.3321,1.030
52.389840926,-0.1562,0.9626,0.3293,1.029
52.391449233,-0.1558,0.9602,0.3232,1.025
52.393829157,-0.1609,0.9567,0.3219,1.022
52.396019926,-0.1602,0.9548,0.3197,1.020
52.398437464,-0.1627,0.9558,0.3227,1.022
52.401445464,-0.1641,0.9511,0.3253,1.019
52.403999003,-0.1648,0.9465,0.3256,1.014
52.405972541,-0.1636,0.9446,0.3286,1.013
52.408072003,-0.1651,0.9438,0.3334,1.014
52.411608926,-0.1676,0.9404,0.3383,1.013
52.413092003,-0.1680,0.9367,0.3400,1.011
52.415560618,-0.1697,0.9345,0.3395,1.009
52.41794331,-0.1683,0.9326,0.3342,1.005
52.420264003,-0.1660,0.9282,0.3265,0.998
52.42295931,-0.1609,0.9282,0.3244,0.996
52.425541849,-0.1595,0.9255,0.3209,0.992
52.42896308,-0.1551,0.9250,0.3212,0.991
52.430185849,-0.1502,0.9245,0.3136,0.988
52.432419926,-0.1470,0.9250,0.3092,0.986
52.43482308,-0.1421,0.9208,0.3041,0.980
52.437367003,-0.1367,0.9189,0.3060,0.978
52.439615387,-0.1362,0.9174,0.3072,0.977
52.443017772,-0.1345,0.9157,0.3063,0.975
52.445797772,-0.1329,0.9174,0.3075,0.977
52.446717464,-0.1355,0.9201,0.3078,0.980
52.449349849,-0.1411,0.9245,0.3121,0.986
52.451741541,-0.1446,0.9299,0.3170,0.993
52.453809157,-0.1467,0.9323,0.3183,0.996
52.456882695,-0.1487,0.9375,0.3178,1.001
52.459365157,-0.1534,0.9414,0.3185,1.006
52.465571003,-0.1558,0.9414,0.3178,1.006
52.466105464,-0.1570,0.9446,0.3121,1.007
52.466352541,-0.1572,0.9441,0.3102,1.006
52.468470695,-0.1602,0.9455,0.3097,1.008
52.475265849,-0.1546,0.9465,0.3127,1.009
52.475705541,-0.1558,0.9458,0.3136,1.009
52.47615508,-0.1541,0.9446,0.3146,1.007
52.48462731,-0.1504,0.9448,0.3205,1.009
52.485221233,-0.1492,0.9446,0.3249,1.010
52.485449772,-0.1458,0.9480,0.3288,1.014
52.48567931,-0.1460,0.9467,0.3337,1.014
52.487681772,-0.1431,0.9455,0.3342,1.013
52.49001408,-0.1409,0.9450,0.3317,1.011
52.49243808,-0.1404,0.9462,0.3312,1.012
52.495351003,-0.1397,0.9473,0.3305,1.013
52.498062695,-0.1369,0.9470,0.3277,1.011
52.499834695,-0.1378,0.9495,0.3283,1.014
52.502564926,-0.1387,0.9511,0.3295,1.016
52.504570464,-0.1380,0.9521,0.3307,1.017
52.507154157,-0.1404,0.9527,0.3339,1.019
52.509897772,-0.1360,0.9516,0.3334,1.017
52.512063695,-0.1374,0.9576,0.3346,1.024
52.514697772,-0.1397,0.9570,0.3317,1.022
52.517041464,-0.1357,0.9611,0.3281,1.025
52.51915231,-0.1367,0.9616,0.3283,1.025
52.521539003,-0.1387,0.9634,0.3276,1.027
52.523992618,-0.1367,0.9621,0.3249,1.025
52.527303003,-0.1350,0.9621,0.3205,1.023
52.528763695,-0.1369,0.9614,0.3134,1.020
52.531204233,-0.1367,0.9619,0.3116,1.020
52.53367631,-0.1357,0.9595,0.3119,1.018
52.53598431,-0.1357,0.9558,0.3119,1.015
52.538916926,-0.1350,0.9572,0.3141,1.016
52.540928233,-0.1380,0.9543,0.3153,1.014
52.544134464,-0.1411,0.9576,0.3151,1.018
52.545659695,-0.1425,0.9590,0.3158,1.020
52.548473772,-0.1446,0.9570,0.3158,1.018
52.552483618,-0.1462,0.9534,0.3119,1.014
52.553311695,-0.1453,0.9499,0.3092,1.009
52.555380849,-0.1460,0.9518,0.3002,1.009
52.557950157,-0.1446,0.9490,0.2948,1.004
52.565317157,-0.1385,0.9458,0.2970,1.001
52.566048003,-0.1333,0.9453,0.2962,1.000
52.566284618,-0.1311,0.9438,0.3026,1.000
52.567417233,-0.1292,0.9416,0.3100,1.000
52.576222695,-0.1206,0.9418,0.3158,1.001
52.576800849,-0.1177,0.9421,0.3195,1.002
52.577024541,-0.1169,0.9426,0.3205,1.002
52.577194464,-0.1113,0.9460,0.3207,1.005
52.57921408,-0.1103,0.9478,0.3207,1.007
52.581604849,-0.1096,0.9480,0.3190,1.006
52.585374772,-0.1091,0.9478,0.3119,1.004
52.586612233,-0.1091,0.9480,0.3070,1.002
52.588964849,-0.1082,0.9487,0.3063,1.003
52.591525849,-0.1082,0.9492,0.3041,1.003
52.59372831,-0.1074,0.9492,0.3080,1.004
52.596096618,-0.1091,0.9460,0.3100,1.001
52.598807387,-0.1113,0.9462,0.3114,1.002
52.601861157,-0.1125,0.9453,0.3112,1.002
52.603572618,-0.1169,0.9458,0.3129,1.003
52.606004618,-0.1192,0.9474,0.3139,1.005
52.608532003,-0.1182,0.9441,0.3163,1.003
52.611604233,-0.1233,0.9455,0.3190,1.005
52.613462695,-0.1248,0.9485,0.3185,1.008
52.616072618,-0.1275,0.9480,0.3170,1.008
52.61872208,-0.1297,0.9495,0.3183,1.010
52.620424233,-0.1313,0.9487,0.3158,1.008
52.622829464,-0.1304,0.9518,0.3163,1.011
52.626642387,-0.1329,0.9516,0.3163,1.012
52.627688233,-0.1362,0.9504,0.3168,1.011
52.630132003,-0.1380,0.9487,0.3170,1.010
52.632658772,-0.1382,0.9478,0.3173,1.009
52.635465541,-0.1380,0.9453,0.3170,1.007
52.637358695,-0.1409,0.9465,0.3188,1.009
52.639693772,-0.1438,0.9465,0.3229,1.010
52.642848849,-0.1492,0.9421,0.3229,1.007
52.644612233,-0.1504,0.9424,0.3232,1.008
52.646916618,-0.1555,0.9416,0.3249,1.008
52.649789772,-0.1616,0.9431,0.3244,1.010
52.651870695,-0.1653,0.9485,0.3286,1.017
52.65451808,-0.1653,0.9492,0.3268,1.017
52.656793157,-0.1685,0.9483,0.3212,1.015
52.664032926,-0.1676,0.9499,0.3249,1.018
52.664684003,-0.1707,0.9509,0.3261,1.020
52.665053233,-0.1702,0.9551,0.3288,1.024
52.67739508,-0.1683,0.9541,0.3293,1.023
52.678270695,-0.1651,0.9560,0.3268,1.024
52.678668541,-0.1629,0.9560,0.3263,1.023
52.67898331,-0.1607,0.9560,0.3246,1.022
52.679142772,-0.1558,0.9588,0.3229,1.024
52.67931531,-0.1472,0.9565,0.3205,1.019
52.681752926,-0.1436,0.9553,0.3229,1.019
52.685388618,-0.1392,0.9523,0.3219,1.015
52.686037772,-0.1353,0.9506,0.3216,1.013
52.688014695,-0.1326,0.9467,0.3197,1.008
52.690849849,-0.1292,0.9450,0.3200,1.006
52.693217849,-0.1240,0.9438,0.3151,1.003
52.695111695,-0.1223,0.9446,0.3163,1.004
52.698626772,-0.1218,0.9443,0.3139,1.003
52.700400926,-0.1226,0.9397,0.3121,0.998
52.70239808,-0.1228,0.9390,0.3085,0.996
52.70493931,-0.1192,0.9382,0.3021,0.993
52.707960926,-0.1238,0.9385,0.2970,0.992
52.709539003,-0.1275,0.9402,0.2918,0.993
52.712181464,-0.1282,0.9372,0.2873,0.989
52.714666157,-0.1311,0.9372,0.2831,0.988
52.717716926,-0.1355,0.9382,0.2850,0.990
52.719612541,-0.1385,0.9406,0.2897,0.994
52.72177408,-0.1397,0.9418,0.2918,0.996
52.724169233,-0.1421,0.9436,0.2970,0.999
52.726438695,-0.1453,0.9458,0.2965,1.002
52.729177157,-0.1446,0.9436,0.2951,0.999
52.732536233,-0.1431,0.9470,0.2941,1.002
52.734649464,-0.1448,0.9474,0.2939,1.002
52.736158695,-0.1436,0.9458,0.2939,1.001
52.738801464,-0.1418,0.9467,0.2946,1.002
52.742123695,-0.1392,0.9416,0.2960,0.997
52.743299387,-0.1387,0.9409,0.2985,0.997
52.74593131,-0.1316,0.9414,0.3016,0.997
52.750425849,-0.1301,0.9382,0.3053,0.995
52.751199003,-0.1280,0.9350,0.3060,0.992
52.753267387,-0.1272,0.9338,0.3102,0.992
52.755595926,-0.1255,0.9345,0.3107,0.993
52.757859695,-0.1272,0.9329,0.3114,0.992
52.761309464,-0.1264,0.9313,0.3121,0.990
52.762664541,-0.1257,0.9355,0.3116,0.994
52.76601631,-0.1257,0.9348,0.3158,0.995
52.77510831,-0.1285,0.9362,0.3197,0.998
52.775856926,-0.1316,0.9367,0.3209,0.999
52.776141772,-0.1331,0.9406,0.3258,1.004
52.776382387,-0.1362,0.9470,0.3281,1.011
52.777254695,-0.1404,0.9523,0.3263,1.016
52.780413772,-0.1446,0.9531,0.3219,1.016
52.784370387,-0.1458,0.9567,0.3188,1.019
52.785021464,-0.1485,0.9623,0.3190,1.025
52.786870387,-0.1478,0.9636,0.3190,1.026
52.789320541,-0.1470,0.9626,0.3168,1.024
52.79175531,-0.1458,0.9660,0.3181,1.027
52.794132541,-0.1416,0.9668,0.3153,1.027
52.796741849,-0.1409,0.9704,0.3127,1.029
52.799706157,-0.1326,0.9704,0.3078,1.027
52.801280233,-0.1287,0.9700,0.3048,1.025
52.803748618,-0.1245,0.9695,0.3048,1.024
52.80621808,-0.1187,0.9688,0.3032,1.022
52.814703387,-0.1135,0.9712,0.2987,1.022
52.815469772,-0.1082,0.9697,0.2943,1.019
52.815890464,-0.1045,0.9685,0.2936,1.017
52.816232003,-0.1015,0.9663,0.2906,1.014
52.81830831,-0.0971,0.9663,0.2880,1.013
52.820456849,-0.0969,0.9639,0.2874,1.010
52.822963387,-0.0945,0.9646,0.2865,1.011
52.825474387,-0.0933,0.9639,0.2860,1.010
52.827936233,-0.0957,0.9597,0.2846,1.006
52.830307387,-0.0961,0.9632,0.2869,1.010
52.832959926,-0.0998,0.9623,0.2885,1.010
52.834893772,-0.1052,0.9602,0.2897,1.008
52.837382157,-0.1064,0.9565,0.2911,1.005
52.840305157,-0.1145,0.9541,0.2918,1.004
52.842214695,-0.1143,0.9560,0.2929,1.006
52.844649849,-0.1206,0.9539,0.2970,1.006
52.84714731,-0.1240,0.9536,0.3011,1.008
52.851857849,-0.1294,0.9548,0.3041,1.010
52.852331003,-0.1316,0.9553,0.3034,1.011
52.854682157,-0.1353,0.9551,0.3014,1.011
52.859504233,-0.1387,0.9555,0.3007,1.011
52.859813541,-0.1448,0.9546,0.2999,1.011
52.861688926,-0.1448,0.9536,0.2972,1.009
52.864060618,-0.1497,0.9560,0.2936,1.011
52.87069131,-0.1467,0.9570,0.2948,1.012
52.871344003,-0.1516,0.9588,0.2921,1.014
52.873393849,-0.1534,0.9583,0.2904,1.013
52.873616541,-0.1521,0.9604,0.2931,1.016
52.875952849,-0.1526,0.9590,0.2916,1.014
52.87849131,-0.1536,0.9614,0.2902,1.016
52.882333157,-0.1490,0.9607,0.2914,1.015
52.883263695,-0.1485,0.9599,0.2909,1.014
52.885670695,-0.1478,0.9565,0.2892,1.010
52.888179618,-0.1418,0.9609,0.2909,1.014
52.890735003,-0.1380,0.9565,0.2897,1.009
52.892672926,-0.1336,0.9580,0.2894,1.010
52.895747003,-0.1277,0.9583,0.2885,1.009
52.89850308,-0.1245,0.9563,0.2838,1.005
52.899928849,-0.1236,0.9518,0.2799,1.000
52.902525772,-0.1223,0.9523,0.2792,1.000
52.905046464,-0.1171,0.9511,0.2797,0.998
52.907274157,-0.1196,0.9506,0.2824,0.999
52.909734387,-0.1216,0.9499,0.2848,0.999
52.912306387,-0.1208,0.9509,0.2882,1.001
52.915538387,-0.1213,0.9514,0.2909,1.002
52.917040233,-0.1238,0.9518,0.2931,1.004
52.919769772,-0.1289,0.9487,0.2918,1.001
52.922193541,-0.1336,0.9499,0.2909,1.002
52.924442464,-0.1355,0.9553,0.2869,1.007
52.92697131,-0.1411,0.9553,0.2887,1.008
52.92958831,-0.1385,0.9546,0.2914,1.008
52.931852926,-0.1438,0.9558,0.2939,1.010
52.933853233,-0.1441,0.9588,0.2939,1.013
52.936526464,-0.1485,0.9590,0.2972,1.015
52.939764618,-0.1511,0.9614,0.2983,1.018
52.94109531,-0.1514,0.9623,0.2980,1.019
52.943781157,-0.1516,0.9644,0.2978,1.021
52.946812003,-0.1509,0.9663,0.2960,1.022
52.94875231,-0.1516,0.9668,0.2931,1.022
52.950698695,-0.1506,0.9665,0.2941,1.021
52.953419387,-0.1502,0.9678,0.2936,1.022
52.956105233,-0.1497,0.9665,0.2921,1.021
52.95787008,-0.1485,0.9653,0.2885,1.018
52.960300618,-0.1480,0.9660,0.2885,1.019
52.963437772,-0.1467,0.9641,0.2894,1.017
52.968354695,-0.1411,0.9632,0.2897,1.016
52.96898831,-0.1394,0.9623,0.2904,1.015
52.971197541,-0.1378,0.9588,0.2890,1.011
52.972933233,-0.1316,0.9567,0.2906,1.009
52.983179926,-0.1313,0.9560,0.2965,1.010
52.98365508,-0.1282,0.9551,0.2992,1.009
52.983796233,-0.1257,0.9518,0.3039,1.007
52.983906772,-0.1223,0.9551,0.3058,1.010
52.985522695,-0.1228,0.9529,0.3075,1.009
52.987552003,-0.1260,0.9527,0.3083,1.009
52.992163387,-0.1267,0.9514,0.3107,1.009
52.99299508,-0.1297,0.9499,0.3102,1.008
52.994508233,-0.1289,0.9527,0.3097,1.010
52.997645464,-0.1343,0.9543,0.3055,1.011
52.99894608,-0.1378,0.9546,0.3036,1.011
53.001392849,-0.1401,0.9523,0.2999,1.008
53.004078695,-0.1438,0.9523,0.2978,1.008
53.00643531,-0.1487,0.9548,0.2948,1.010
53.00862308,-0.1521,0.9541,0.2965,1.011
53.011817772,-0.1560,0.9553,0.2967,1.012
53.014571695,-0.1607,0.9543,0.2974,1.012
53.015878387,-0.1590,0.9551,0.2960,1.012
53.018313233,-0.1602,0.9565,0.3019,1.016
53.021090387,-0.1604,0.9602,0.3014,1.019
53.023387926,-0.1602,0.9588,0.3019,1.018
53.025489772,-0.1558,0.9578,0.2997,1.016
53.028115003,-0.1570,0.9609,0.2965,1.018
53.031052003,-0.1551,0.9602,0.2958,1.017
53.032778772,-0.1521,0.9616,0.2965,1.018
53.035324233,-0.1518,0.9641,0.2960,1.020
53.037660926,-0.1472,0.9658,0.2972,1.021
53.040125233,-0.1446,0.9639,0.2978,1.019
53.042581464,-0.1429,0.9629,0.3007,1.019
53.045268618,-0.1399,0.9629,0.3029,1.019
53.047608541,-0.1392,0.9588,0.3029,1.015
53.049827695,-0.1350,0.9602,0.3063,1.017
53.052566695,-0.1341,0.9558,0.3083,1.013
53.054757157,-0.1308,0.9534,0.3088,1.011
53.059820003,-0.1311,0.9529,0.3063,1.009
53.060516233,-0.1306,0.9523,0.3085,1.010
53.06209008,-0.1326,0.9527,0.3088,1.010
53.068588541,-0.1324,0.9509,0.3058,1.008
53.069134772,-0.1336,0.9490,0.3072,1.006
53.069351926,-0.1360,0.9474,0.3048,1.005
53.07981508,-0.1373,0.9474,0.3055,1.005
53.080923003,-0.1431,0.9446,0.3041,1.003
53.081194695,-0.1487,0.9450,0.3032,1.004
53.081434387,-0.1487,0.9426,0.3009,1.001
53.081669157,-0.1509,0.9448,0.3011,1.003
53.083567926,-0.1546,0.9434,0.3011,1.002
53.086272541,-0.1592,0.9446,0.3023,1.004
53.088951003,-0.1583,0.9448,0.3021,1.004
53.090599926,-0.1580,0.9474,0.3048,1.008
53.093620926,-0.1609,0.9502,0.3083,1.012
53.095468233,-0.1604,0.9504,0.3095,1.012
53.097918695,-0.1590,0.9534,0.3092,1.015
53.100416926,-0.1562,0.9546,0.3100,1.016
53.102740618,-0.1438,0.9387,0.3097,0.999
53.105168541,-0.1292,0.9192,0.3002,0.976
53.107375695,-0.1413,0.9231,0.2743,0.973
53.110021772,-0.1543,0.9287,0.2599,0.977
53.113201464,-0.1663,0.9311,0.2745,0.985
53.114720003,-0.1795,0.9394,0.2955,1.001
53.117482695,-0.1934,0.9504,0.3132,1.019
53.11973908,-0.2066,0.9688,0.3261,1.043
53.12587508,-0.2168,0.9809,0.3334,1.058
53.126894772,-0.2205,0.9878,0.3293,1.064
53.127321464,-0.2166,0.9868,0.3239,1.061
53.130337849,-0.2100,0.9797,0.3170,1.051
53.13163631,-0.1981,0.9727,0.3114,1.040
53.134116926,-0.1853,0.9609,0.2999,1.024
53.136626772,-0.1712,0.9521,0.2892,1.010
53.139312618,-0.1572,0.9416,0.2824,0.996
53.14150031,-0.1453,0.9326,0.2775,0.984
53.143870772,-0.1331,0.9282,0.2787,0.978
53.146845233,-0.1228,0.9225,0.2789,0.972
53.148678695,-0.1164,0.9204,0.2775,0.968
53.151776618,-0.1150,0.9274,0.2809,0.976
53.15821808,-0.1123,0.9323,0.2748,0.978
53.158908541,-0.1133,0.9378,0.2738,0.983
53.15927008,-0.1138,0.9365,0.2743,0.982
53.161115387,-0.1192,0.9353,0.2755,0.982
53.171756003,-0.1206,0.9357,0.2778,0.983
53.172354464,-0.1280,0.9365,0.2862,0.988
53.17257908,-0.1394,0.9404,0.2943,0.995
53.172773157,-0.1516,0.9465,0.3053,1.006
53.173032233,-0.1707,0.9565,0.3158,1.022
53.174913233,-0.1832,0.9646,0.3216,1.033
53.178144618,-0.1958,0.9737,0.3300,1.047
53.180783618,-0.2071,0.9765,0.3351,1.053
53.18244708,-0.2112,0.9807,0.3346,1.058
53.184758157,-0.2105,0.9812,0.3312,1.057
53.187820541,-0.2076,0.9788,0.3274,1.053
53.189432233,-0.2083,0.9825,0.3281,1.057
53.192082695,-0.1944,0.9785,0.3214,1.048
53.194336003,-0.1853,0.9719,0.3075,1.036
53.196710695,-0.1744,0.9688,0.2997,1.029
53.199161157,-0.1629,0.9697,0.2911,1.025
53.201801464,-0.1460,0.9665,0.2853,1.018
53.204303695,-0.1374,0.9680,0.2785,1.017
53.207016926,-0.1228,0.9672,0.2696,1.012
53.209013157,-0.1069,0.9653,0.2643,1.007
53.21137808,-0.0964,0.9695,0.2620,1.009
53.213955926,-0.0849,0.9648,0.2657,1.004
53.216133157,-0.0764,0.9621,0.2655,1.001
53.218885157,-0.0681,0.9604,0.2674,0.999
53.220773541,-0.0647,0.9599,0.2704,0.999
53.223389772,-0.0623,0.9595,0.2767,1.001
53.225803003,-0.0654,0.9602,0.2765,1.001
53.228798464,-0.0712,0.9616,0.2799,1.004
53.23053908,-0.0820,0.9602,0.2824,1.004
53.233107695,-0.0979,0.9639,0.2860,1.010
53.235480541,-0.1120,0.9663,0.2874,1.014
53.238570157,-0.1272,0.9665,0.2916,1.018
53.24111531,-0.1462,0.9658,0.2894,1.019
53.242936849,-0.1611,0.9644,0.2882,1.019
53.245387003,-0.1765,0.9614,0.2890,1.019
53.24755908,-0.1912,0.9548,0.2892,1.016
53.249866387,-0.2051,0.9543,0.2873,1.017
53.253301541,-0.2186,0.9502,0.2906,1.017
53.25461131,-0.2296,0.9506,0.2953,1.022
53.25708331,-0.2371,0.9527,0.2980,1.026
53.259431695,-0.2423,0.9483,0.2995,1.024
53.265277233,-0.2430,0.9465,0.3023,1.023
53.265965849,-0.2417,0.9462,0.3043,1.023
53.266641464,-0.2364,0.9443,0.3075,1.021
53.278572926,-0.2281,0.9426,0.3116,1.019
53.279383695,-0.2147,0.9418,0.3181,1.017
53.279606387,-0.2030,0.9418,0.3214,1.016
53.280397157,-0.1924,0.9399,0.3253,1.013
53.280791003,-0.1812,0.9450,0.3239,1.015
53.281472926,-0.1751,0.9414,0.3232,1.011
53.283531695,-0.1673,0.9431,0.3202,1.010
53.286966695,-0.1590,0.9462,0.3185,1.011
53.28845008,-0.1539,0.9523,0.3160,1.015
53.290875695,-0.1438,0.9541,0.3127,1.014
53.294361464,-0.1331,0.9590,0.3124,1.017
53.295705233,-0.1236,0.9576,0.3104,1.014
53.298551926,-0.1155,0.9539,0.3088,1.009
53.300685849,-0.1084,0.9497,0.3032,1.003
53.30316331,-0.1013,0.9467,0.2980,0.998
53.305496233,-0.0973,0.9453,0.2941,0.995
53.307800618,-0.0947,0.9416,0.2909,0.990
53.311460541,-0.0942,0.9399,0.2882,0.988
53.312439618,-0.0984,0.9406,0.2853,0.988
53.31523808,-0.0979,0.9380,0.2855,0.985
53.317724233,-0.1010,0.9406,0.2904,0.990
53.31997108,-0.1064,0.9394,0.2878,0.988
53.322544849,-0.1089,0.9404,0.2878,0.989
53.32488831,-0.1182,0.9416,0.2860,0.991
53.328039695,-0.1208,0.9418,0.2846,0.991
53.329402464,-0.1250,0.9441,0.2806,0.993
53.331893772,-0.1282,0.9485,0.2804,0.997
53.334313849,-0.1326,0.9460,0.2799,0.995
53.336743387,-0.1362,0.9470,0.2789,0.997
53.339139926,-0.1348,0.9470,0.2765,0.996
53.341698157,-0.1362,0.9490,0.2797,0.999
53.344418695,-0.1360,0.9467,0.2816,0.997
53.346196849,-0.1338,0.9460,0.2848,0.997
53.34889531,-0.1362,0.9467,0.2829,0.997
53.351227695,-0.1385,0.9506,0.2824,1.001
53.353960233,-0.1446,0.9546,0.2843,1.006
53.355988541,-0.1504,0.9616,0.2836,1.014
53.358897849,-0.1534,0.9656,0.2831,1.018
53.365129157,-0.1580,0.9716,0.2769,1.023
53.365860233,-0.1648,0.9770,0.2765,1.029
53.366303926,-0.1707,0.9768,0.2733,1.029
53.380338157,-0.1695,0.9765,0.2726,1.028
53.381130387,-0.1732,0.9760,0.2736,1.028
53.381354772,-0.1763,0.9781,0.2723,1.030
53.381561464,-0.1816,0.9785,0.2716,1.032
53.381748618,-0.1856,0.9744,0.2701,1.028
53.381921233,-0.1870,0.9732,0.2718,1.028
53.382823003,-0.1883,0.9729,0.2738,1.028
53.385305464,-0.1865,0.9670,0.2792,1.024
53.388675695,-0.1849,0.9646,0.2841,1.022
53.389520003,-0.1834,0.9658,0.2904,1.025
53.392503695,-0.1772,0.9619,0.2958,1.022
53.395342695,-0.1697,0.9595,0.2972,1.019
53.397097464,-0.1634,0.9580,0.2990,1.017
53.399621849,-0.1523,0.9516,0.2992,1.009
53.402395926,-0.1443,0.9467,0.3026,1.004
53.40419108,-0.1353,0.9441,0.3072,1.002
53.406593157,-0.1306,0.9446,0.3085,1.002
53.41115931,-0.1218,0.9402,0.3083,0.997
53.412165541,-0.1192,0.9387,0.3083,0.995
53.414513772,-0.1147,0.9355,0.3058,0.991
53.41700608,-0.1123,0.9345,0.3026,0.989
53.418733772,-0.1076,0.9331,0.2970,0.985
53.42119008,-0.1038,0.9306,0.2962,0.982
53.42349631,-0.1045,0.9323,0.2955,0.984
53.426766157,-0.1076,0.9318,0.2946,0.983
53.428359618,-0.1059,0.9329,0.2958,0.984
53.430723618,-0.1096,0.9367,0.2978,0.989
53.433360003,-0.1145,0.9385,0.2985,0.991
53.435468849,-0.1167,0.9375,0.2983,0.991
53.437901157,-0.1192,0.9397,0.2958,0.992
53.440967926,-0.1231,0.9421,0.2850,0.992
53.443068233,-0.1311,0.9485,0.2785,0.997
53.446058387,-0.1438,0.9611,0.2778,1.011
53.447625772,-0.1639,0.9817,0.2801,1.034
53.451298695,-0.1837,1.0061,0.2762,1.059
53.452496233,-0.1954,1.0284,0.2755,1.082
53.45495808,-0.2049,1.0340,0.2701,1.088
53.457988618,-0.2088,1.0305,0.2638,1.084
53.464095003,-0.2110,1.0212,0.2618,1.075
53.464884926,-0.2128,1.0063,0.2657,1.062
53.465347387,-0.2191,0.9986,0.2731,1.058
53.47527231,-0.2224,0.9898,0.2780,1.052
53.476096849,-0.2256,0.9839,0.2821,1.048
53.47638431,-0.2291,0.9768,0.2931,1.045
53.476615387,-0.2298,0.9697,0.3039,1.042
53.47729108,-0.2261,0.9543,0.3097,1.028
53.479628003,-0.2244,0.9404,0.3132,1.016
53.481351618,-0.2193,0.9338,0.3095,1.008
53.484563003,-0.2098,0.9208,0.2987,0.991
53.485922772,-0.1946,0.9140,0.2951,0.980
53.488349234,-0.1751,0.9057,0.2960,0.969
53.490706772,-0.1562,0.9026,0.2992,0.964
53.49316308,-0.1367,0.9052,0.3026,0.964
53.495590387,-0.1162,0.9155,0.3090,0.973
53.498598464,-0.0986,0.9285,0.3144,0.985
53.500351387,-0.0789,0.9382,0.3156,0.993
53.502843003,-0.0647,0.9506,0.3104,1.002
53.505185234,-0.0446,0.9592,0.3070,1.008
53.507637541,-0.0256,0.9653,0.3023,1.012
53.51006031,-0.0167,0.9697,0.3002,1.015
53.512468541,-0.0080,0.9724,0.3002,1.018
53.514842157,-0.0090,0.9734,0.2967,1.018
53.51730031,-0.0131,0.9760,0.2941,1.019
53.519668003,-0.0239,0.9802,0.2948,1.024
53.522368003,-0.0375,0.9795,0.2967,1.024
53.524623926,-0.0563,0.9746,0.3014,1.022
53.52693408,-0.0773,0.9724,0.3041,1.022
53.529346695,-0.0984,0.9660,0.3029,1.017
53.531712234,-0.1223,0.9619,0.3046,1.016
53.534195003,-0.1480,0.9604,0.3043,1.018
53.536544926,-0.1704,0.9529,0.3053,1.015
53.538908003,-0.1888,0.9514,0.3032,1.016
53.541400234,-0.2068,0.9458,0.3032,1.015
53.543795618,-0.2188,0.9331,0.3007,1.004
53.54623531,-0.2230,0.9225,0.2951,0.994
53.548622157,-0.2224,0.9099,0.2929,0.981
53.551049772,-0.2222,0.9055,0.2953,0.978
53.553402387,-0.2249,0.9008,0.2953,0.974
53.555836926,-0.2244,0.9026,0.2992,0.977
53.55844608,-0.2193,0.9006,0.3021,0.975
53.560689849,-0.2071,0.9018,0.3043,0.974
53.563052234,-0.1934,0.9020,0.3065,0.972
53.566488234,-0.1898,0.9111,0.3112,0.981
53.567886772,-0.1900,0.9292,0.3207,1.001
53.570548234,-0.1846,0.9509,0.3219,1.021
53.573192926,-0.1814,0.9646,0.3205,1.033
53.57578031,-0.1778,0.9746,0.3188,1.041
53.577979926,-0.1704,0.9825,0.3181,1.047
53.580567618,-0.1646,0.9902,0.3160,1.052
53.584428234,-0.1572,0.9961,0.3158,1.057
53.585505157,-0.1509,0.9975,0.3114,1.056
53.587794464,-0.1470,0.9973,0.3078,1.054
53.58989908,-0.1406,0.9949,0.3036,1.050
53.592302695,-0.1362,0.9888,0.2972,1.041
53.594793849,-0.1329,0.9837,0.2943,1.035
53.597510695,-0.1316,0.9763,0.2897,1.027
53.600500541,-0.1308,0.9734,0.2860,1.023
53.601857541,-0.1299,0.9656,0.2855,1.015
53.604585234,-0.1301,0.9595,0.2858,1.010
53.606764003,-0.1329,0.9565,0.2855,1.007
53.609284849,-0.1373,0.9523,0.2821,1.003
53.611982695,-0.1399,0.9502,0.2806,1.001
53.614153234,-0.1431,0.9485,0.2821,1.000
53.616440003,-0.1470,0.9502,0.2797,1.001
53.618829234,-0.1511,0.9504,0.2806,1.002
53.621532849,-0.1539,0.9546,0.2821,1.007
53.624738157,-0.1575,0.9597,0.2838,1.013
53.626074464,-0.1592,0.9634,0.2858,1.017
53.628977234,-0.1607,0.9648,0.2855,1.019
53.631195003,-0.1587,0.9712,0.2860,1.025
53.633471926,-0.1558,0.9709,0.2841,1.024
53.636162464,-0.1567,0.9724,0.2813,1.024
53.638411695,-0.1518,0.9709,0.2792,1.022
53.640763387,-0.1482,0.9707,0.2785,1.021
53.643087618,-0.1421,0.9665,0.2778,1.016
53.645711926,-0.1392,0.9626,0.2780,1.012
53.647831387,-0.1318,0.9607,0.2772,1.009
53.650318772,-0.1277,0.9583,0.2801,1.006
53.652891695,-0.1292,0.9555,0.2813,1.004
53.655113772,-0.1299,0.9495,0.2797,0.998
53.662390695,-0.1255,0.9495,0.2792,0.998
53.662878772,-0.1250,0.9499,0.2831,0.999
53.663097541,-0.1236,0.9478,0.2834,0.997
53.664900849,-0.1248,0.9474,0.2873,0.998
53.676477464,-0.1243,0.9485,0.2860,0.998
53.677734157,-0.1277,0.9490,0.2874,1.000
53.67807408,-0.1294,0.9473,0.2865,0.998
53.67828731,-0.1311,0.9518,0.2874,1.003
53.678501849,-0.1362,0.9492,0.2855,1.001
53.679240926,-0.1369,0.9499,0.2853,1.001
53.681696541,-0.1394,0.9523,0.2890,1.005
53.684306387,-0.1411,0.9514,0.2874,1.004
53.686203387,-0.1431,0.9543,0.2897,1.008
53.688667926,-0.1474,0.9516,0.2909,1.006
53.691573464,-0.1485,0.9504,0.2906,1.005
53.693488926,-0.1539,0.9504,0.2965,1.007
53.696105772,-0.1551,0.9518,0.3026,1.011
53.698932541,-0.1570,0.9511,0.3014,1.010
53.700797772,-0.1592,0.9523,0.3032,1.012
53.703540618,-0.1604,0.9534,0.3002,1.012
53.705872926,-0.1609,0.9529,0.2997,1.012
53.708100849,-0.1599,0.9514,0.2985,1.010
53.710694157,-0.1551,0.9541,0.2997,1.012
53.713177234,-0.1526,0.9551,0.2997,1.013
53.715764926,-0.1546,0.9521,0.2997,1.010
53.717659003,-0.1506,0.9541,0.2978,1.011
53.720993772,-0.1492,0.9514,0.2980,1.008
53.724415695,-0.1458,0.9521,0.2974,1.008
53.725576926,-0.1429,0.9497,0.2960,1.005
53.727416003,-0.1406,0.9462,0.3002,1.003
53.730202772,-0.1394,0.9434,0.3021,1.000
53.732916618,-0.1374,0.9446,0.3041,1.002
53.734662772,-0.1392,0.9424,0.3127,1.003
53.738260926,-0.1389,0.9446,0.3141,1.005
53.74057808,-0.1429,0.9438,0.3165,1.006
53.742465772,-0.1429,0.9431,0.3202,1.006
53.744405234,-0.1443,0.9443,0.3237,1.009
53.746998772,-0.1482,0.9441,0.3229,1.009
53.749815695,-0.1478,0.9458,0.3216,1.010
53.751515387,-0.1521,0.9499,0.3200,1.014
53.754192849,-0.1531,0.9502,0.3207,1.014
53.761737541,-0.1526,0.9506,0.3183,1.014
53.762372618,-0.1536,0.9521,0.3168,1.015
53.76276731,-0.1531,0.9560,0.3132,1.018
53.76383808,-0.1521,0.9570,0.3127,1.018
53.773706772,-0.1494,0.9588,0.3083,1.018
53.774265541,-0.1490,0.9607,0.3046,1.019
53.774486695,-0.1446,0.9621,0.3009,1.018
53.774717157,-0.1399,0.9595,0.2955,1.014
53.775637772,-0.1331,0.9590,0.2899,1.011
53.77887408,-0.1301,0.9585,0.2899,1.010
53.781244926,-0.1231,0.9567,0.2880,1.007
53.783798695,-0.1196,0.9553,0.2916,1.006
53.785217772,-0.1180,0.9560,0.2936,1.007
53.787862695,-0.1145,0.9558,0.2916,1.006
53.790634464,-0.1140,0.9567,0.2885,1.006
53.792788926,-0.1164,0.9570,0.2904,1.007
53.795207618,-0.1211,0.9555,0.2892,1.006
53.798054695,-0.1252,0.9602,0.2882,1.010
53.79964708,-0.1338,0.9616,0.2860,1.012
53.802178464,-0.1413,0.9646,0.2838,1.015
53.806213541,-0.1470,0.9636,0.2838,1.015
53.806925541,-0.1516,0.9639,0.2813,1.015
53.809261464,-0.1558,0.9621,0.2838,1.015
53.811810772,-0.1597,0.9629,0.2858,1.017
53.814532003,-0.1636,0.9623,0.2878,1.018
53.824097464,-0.1595,0.9626,0.2890,1.018
53.824773464,-0.1632,0.9660,0.2934,1.023
53.825468926,-0.1629,0.9614,0.2953,1.019
53.826102157,-0.1587,0.9609,0.2992,1.019
53.826709541,-0.1570,0.9595,0.2972,1.017
53.828790464,-0.1523,0.9565,0.2958,1.013
53.831707003,-0.1474,0.9563,0.2983,1.013
53.833309234,-0.1441,0.9558,0.2958,1.011
53.836122695,-0.1394,0.9572,0.2911,1.010
53.839495926,-0.1355,0.9565,0.2904,1.009
53.840542695,-0.1318,0.9590,0.2874,1.010
53.842965541,-0.1238,0.9551,0.2894,1.006
53.845573464,-0.1189,0.9560,0.2867,1.005
53.847849849,-0.1152,0.9546,0.2858,1.003
53.850293464,-0.1101,0.9565,0.2853,1.004
53.853015695,-0.1074,0.9572,0.2821,1.004
53.859462695,-0.1059,0.9621,0.2804,1.008
53.860189234,-0.1033,0.9578,0.2787,1.003
53.860918695,-0.1013,0.9621,0.2780,1.007
53.862896541,-0.0994,0.9616,0.2741,1.005
53.868407926,-0.0989,0.9588,0.2753,1.002
53.869088618,-0.0973,0.9616,0.2738,1.005
53.869648618,-0.0996,0.9607,0.2733,1.004
53.878078464,-0.0984,0.9595,0.2720,1.002
53.878639387,-0.0984,0.9590,0.2767,1.003
53.878849849,-0.0986,0.9580,0.2792,1.003
53.879263926,-0.0991,0.9567,0.2826,1.002
53.88161631,-0.0998,0.9563,0.2850,1.003
53.884418387,-0.1022,0.9551,0.2902,1.003
53.888317772,-0.1076,0.9567,0.2899,1.005
53.889867695,-0.1099,0.9567,0.2953,1.007
53.891279695,-0.1138,0.9546,0.2965,1.006
53.893685157,-0.1164,0.9541,0.2990,1.007
53.896386464,-0.1194,0.9558,0.2997,1.009
53.898353464,-0.1245,0.9558,0.3043,1.011
53.900896849,-0.1294,0.9527,0.3078,1.009
53.903519926,-0.1333,0.9558,0.3109,1.014
53.905939695,-0.1320,0.9539,0.3114,1.012
53.908221849,-0.1343,0.9588,0.3104,1.017
53.910708234,-0.1362,0.9546,0.3139,1.014
53.913171695,-0.1397,0.9565,0.3178,1.018
53.915252234,-0.1392,0.9565,0.3165,1.017
53.91782831,-0.1392,0.9604,0.3193,1.022
53.921068849,-0.1401,0.9588,0.3178,1.020
53.922931695,-0.1392,0.9585,0.3207,1.020
53.92491231,-0.1411,0.9558,0.3209,1.018
53.928542387,-0.1392,0.9551,0.3144,1.015
53.929740003,-0.1387,0.9548,0.3141,1.015
53.932143003,-0.1389,0.9548,0.3104,1.014
53.935244849,-0.1360,0.9531,0.3046,1.010
53.937759926,-0.1369,0.9497,0.3004,1.005
53.940585157,-0.1324,0.9518,0.2958,1.006
53.941805157,-0.1333,0.9536,0.2936,1.007
53.94445631,-0.1308,0.9541,0.2914,1.006
53.94685508,-0.1289,0.9536,0.2899,1.005
53.949099003,-0.1248,0.9531,0.2882,1.003
53.951942387,-0.1238,0.9527,0.2848,1.002
53.958264849,-0.1192,0.9546,0.2826,1.003
53.959263387,-0.1177,0.9565,0.2811,1.004
53.959711695,-0.1204,0.9555,0.2785,1.003
53.961988926,-0.1199,0.9565,0.2765,1.003
53.971964849,-0.1184,0.9578,0.2753,1.004
53.972427695,-0.1171,0.9588,0.2767,1.005
53.972575926,-0.1155,0.9580,0.2750,1.003
53.972714464,-0.1180,0.9604,0.2745,1.006
53.973431618,-0.1174,0.9611,0.2794,1.008
53.976353157,-0.1167,0.9636,0.2792,1.010
53.979245234,-0.1182,0.9648,0.2801,1.012
53.981017464,-0.1167,0.9660,0.2858,1.014
53.982869234,-0.1192,0.9665,0.2874,1.015
53.985246695,-0.1162,0.9678,0.2887,1.017
53.987756003,-0.1169,0.9665,0.2885,1.015
53.99054331,-0.1171,0.9629,0.2916,1.013
53.99271808,-0.1164,0.9626,0.2904,1.012
53.994998695,-0.1182,0.9595,0.2892,1.009
53.997333772,-0.1184,0.9592,0.2892,1.009
53.99986431,-0.1226,0.9588,0.2878,1.009
54.002309772,-0.1236,0.9588,0.2918,1.010
54.00493231,-0.1226,0.9548,0.2946,1.007
54.00701808,-0.1218,0.9527,0.2941,1.004
54.009646387,-0.1223,0.9541,0.2953,1.006
54.013033464,-0.1218,0.9548,0.2953,1.007
54.014326695,-0.1216,0.9536,0.2899,1.004
54.01653108,-0.1218,0.9551,0.2882,1.005
54.019638772,-0.1182,0.9546,0.2869,1.004
54.021596003,-0.1167,0.9563,0.2818,1.004
54.024628234,-0.1120,0.9560,0.2824,1.003
54.027229464,-0.1145,0.9555,0.2821,1.003
54.029646464,-0.1123,0.9560,0.2778,1.002
54.031223695,-0.1096,0.9563,0.2806,1.003
54.033562387,-0.1076,0.9555,0.2855,1.003
54.035892003,-0.1062,0.9580,0.2873,1.006
54.038311926,-0.1071,0.9583,0.2858,1.006
54.040702464,-0.1059,0.9585,0.2836,1.005
54.043693234,-0.1050,0.9629,0.2794,1.008
54.045624541,-0.1062,0.9604,0.2767,1.005
54.048473157,-0.1099,0.9599,0.2772,1.005
54.050567695,-0.1115,0.9614,0.2769,1.007
54.056466695,-0.1128,0.9619,0.2750,1.007
54.056974772,-0.1135,0.9611,0.2792,1.007
54.057687618,-0.1157,0.9585,0.2836,1.006
54.06045131,-0.1140,0.9578,0.2894,1.007
54.067524541,-0.1159,0.9546,0.2931,1.005
54.068002464,-0.1143,0.9588,0.2999,1.011
54.068190772,-0.1167,0.9546,0.3043,1.009
54.076090157,-0.1189,0.9527,0.3063,1.008
54.07639408,-0.1194,0.9553,0.3085,1.011
54.07655108,-0.1220,0.9543,0.3088,1.010
54.077022772,-0.1231,0.9551,0.3080,1.011
54.079329234,-0.1264,0.9565,0.3065,1.012
54.081736926,-0.1297,0.9583,0.3107,1.016
54.08421631,-0.1318,0.9583,0.3132,1.017
54.087058772,-0.1350,0.9602,0.3124,1.019
54.089037772,-0.1369,0.9590,0.3119,1.018
54.091709849,-0.1365,0.9592,0.3102,1.017
54.095430695,-0.1411,0.9597,0.3119,1.019
54.096327618,-0.1385,0.9609,0.3136,1.020
54.098692618,-0.1360,0.9588,0.3148,1.018
54.10211531,-0.1385,0.9585,0.3102,1.017
54.103981849,-0.1331,0.9563,0.3085,1.014
54.10624831,-0.1324,0.9546,0.3032,1.010
54.108570695,-0.1318,0.9555,0.2992,1.010
54.111817541,-0.1289,0.9546,0.2951,1.007
54.113211695,-0.1301,0.9558,0.2916,1.008
54.11559008,-0.1294,0.9546,0.2887,1.006
54.118227387,-0.1275,0.9555,0.2882,1.006
54.121053541,-0.1236,0.9558,0.2831,1.004
54.12409908,-0.1216,0.9546,0.2794,1.002
54.125861234,-0.1220,0.9527,0.2816,1.001
54.128679003,-0.1211,0.9553,0.2826,1.004
54.130248003,-0.1204,0.9567,0.2850,1.006
54.132813772,-0.1192,0.9604,0.2848,1.009
54.135329541,-0.1192,0.9619,0.2838,1.010
54.138281541,-0.1184,0.9585,0.2831,1.006
54.14022331,-0.1184,0.9619,0.2785,1.008
54.142597234,-0.1201,0.9619,0.2757,1.008
54.145152849,-0.1211,0.9599,0.2733,1.005
54.147929157,-0.1189,0.9588,0.2762,1.005
54.149875926,-0.1208,0.9567,0.2736,1.002
54.152090695,-0.1211,0.9551,0.2767,1.002
54.15414208,-0.1208,0.9565,0.2792,1.004
54.15658431,-0.1206,0.9541,0.2841,1.003
54.159191926,-0.1199,0.9546,0.2880,1.004
54.16522031,-0.1204,0.9529,0.2897,1.003
54.166000003,-0.1220,0.9516,0.2909,1.003
54.166707003,-0.1220,0.9465,0.2894,0.997
54.177225464,-0.1243,0.9474,0.2918,0.999
54.177988234,-0.1269,0.9465,0.2985,1.001
54.178183695,-0.1306,0.9509,0.3039,1.007
54.178382464,-0.1324,0.9487,0.3129,1.008
54.178551618,-0.1326,0.9504,0.3153,1.010
54.18059631,-0.1397,0.9560,0.3146,1.016
54.183178464,-0.1397,0.9599,0.3112,1.019
54.18635508,-0.1385,0.9585,0.3055,1.015
54.188010464,-0.1406,0.9614,0.3041,1.018
54.190371695,-0.1394,0.9592,0.3009,1.015
54.193537772,-0.1350,0.9592,0.2987,1.014
54.19531931,-0.1336,0.9595,0.2941,1.012
54.19774431,-0.1287,0.9572,0.2904,1.009
54.20003408,-0.1243,0.9570,0.2909,1.008
54.203213464,-0.1174,0.9572,0.2916,1.008
54.205373849,-0.1101,0.9546,0.2927,1.005
54.207619695,-0.1062,0.9548,0.2921,1.004
54.209743695,-0.1043,0.9580,0.2921,1.007
54.212008541,-0.1028,0.9599,0.2850,1.007
54.214460926,-0.1026,0.9634,0.2785,1.008
54.217029849,-0.1033,0.9623,0.2757,1.006
54.219397464,-0.1026,0.9658,0.2711,1.008
54.221937234,-0.1052,0.9641,0.2694,1.007
54.224391618,-0.1079,0.9621,0.2650,1.004
54.227867003,-0.1052,0.9563,0.2625,0.997
54.228946464,-0.1050,0.9527,0.2680,0.995
54.231539003,-0.1071,0.9495,0.2720,0.993
54.234073541,-0.1101,0.9453,0.2731,0.990
54.23622708,-0.1140,0.9465,0.2760,0.993
54.238833157,-0.1174,0.9497,0.2782,0.997
54.241748926,-0.1248,0.9514,0.2846,1.001
54.24409931,-0.1333,0.9558,0.2899,1.008
54.246034157,-0.1401,0.9595,0.2878,1.011
54.248685157,-0.1472,0.9675,0.2869,1.020
54.250895387,-0.1514,0.9714,0.2899,1.025
54.253154695,-0.1565,0.9805,0.2902,1.034
54.255867003,-0.1607,0.9846,0.2980,1.041
54.25817931,-0.1619,0.9868,0.3014,1.044
54.264814695,-0.1651,0.9937,0.3065,1.053
54.265616541,-0.1639,0.9919,0.3007,1.049
54.265958157,-0.1621,0.9881,0.3083,1.048
54.275637234,-0.1526,0.9773,0.2965,1.033
54.276415387,-0.1490,0.9716,0.2970,1.027
54.27676831,-0.1438,0.9697,0.2997,1.025
54.277085849,-0.1413,0.9670,0.3051,1.024
54.277330464,-0.1367,0.9663,0.3075,1.023
54.280495695,-0.1338,0.9614,0.3085,1.019
54.28197908,-0.1275,0.9546,0.3080,1.011
54.284459618,-0.1252,0.9509,0.3114,1.008
54.28664308,-0.1245,0.9485,0.3104,1.006
54.289377541,-0.1218,0.9455,0.3055,1.001
54.292893849,-0.1223,0.9453,0.3072,1.001
54.293982695,-0.1231,0.9418,0.3060,0.998
54.296532926,-0.1226,0.9411,0.3041,0.997
54.299096618,-0.1250,0.9404,0.3055,0.997
54.301637464,-0.1231,0.9418,0.3058,0.998
54.304398157,-0.1287,0.9465,0.3067,1.003
54.306431926,-0.1353,0.9453,0.3114,1.004
54.310274695,-0.1425,0.9495,0.3170,1.011
54.311226695,-0.1492,0.9539,0.3207,1.017
54.313560003,-0.1541,0.9518,0.3202,1.016
54.316348541,-0.1604,0.9546,0.3190,1.019
54.318262772,-0.1670,0.9555,0.3173,1.021
54.320952926,-0.1695,0.9565,0.3158,1.021
54.323182387,-0.1721,0.9570,0.3136,1.022
54.326928618,-0.1732,0.9614,0.3158,1.027
54.32875008,-0.1719,0.9616,0.3114,1.025
54.331035618,-0.1690,0.9639,0.3097,1.026
54.333117234,-0.1667,0.9639,0.3021,1.024
54.335357772,-0.1629,0.9653,0.3009,1.024
54.338022695,-0.1529,0.9656,0.2965,1.022
54.340368541,-0.1448,0.9658,0.2958,1.020
54.34310431,-0.1374,0.9663,0.2894,1.018
54.344920003,-0.1292,0.9685,0.2880,1.019
54.34725808,-0.1194,0.9737,0.2846,1.021
54.350318157,-0.1123,0.9785,0.2836,1.025
54.352249849,-0.1047,0.9800,0.2789,1.024
54.354608849,-0.0984,0.9790,0.2778,1.022
54.357347926,-0.0923,0.9821,0.2713,1.023
54.359735695,-0.0837,0.9788,0.2685,1.018
54.361646387,-0.0798,0.9732,0.2615,1.011
54.364100234,-0.0728,0.9651,0.2592,1.002
54.371433541,-0.0754,0.9660,0.2574,1.003
54.372092849,-0.0808,0.9653,0.2594,1.003
54.372444849,-0.0835,0.9639,0.2655,1.003
54.375860234,-0.0874,0.9623,0.2655,1.002
54.376356926,-0.0908,0.9592,0.2689,1.000
54.38168308,-0.0928,0.9585,0.2729,1.001
54.382055003,-0.0973,0.9576,0.2762,1.001
54.393766387,-0.1006,0.9585,0.2772,1.003
54.394290772,-0.1052,0.9583,0.2760,1.003
54.394561849,-0.1103,0.9578,0.2772,1.003
54.394818464,-0.1113,0.9585,0.2762,1.004
54.395086464,-0.1135,0.9567,0.2750,1.002
