time,gFx,gFy,gFz,TgF
0.002115923,0.0090,0.2956,0.8690,0.918
0.002435923,0.0051,0.2912,0.8702,0.918
0.002617154,0.0046,0.2886,0.8723,0.919
0.002801462,0.0073,0.2898,0.8723,0.919
0.005262462,0.0049,0.2935,0.8699,0.918
0.006285154,0.0054,0.2986,0.8709,0.921
0.010241154,0.0056,0.3042,0.8711,0.923
0.010995385,0.0026,0.3115,0.8736,0.927
0.013327385,0.0000,0.3184,0.8748,0.931
0.015724923,0.0017,0.3208,0.8718,0.929
0.018170693,0.0019,0.3257,0.8670,0.926
0.020588923,0.0032,0.3269,0.8650,0.925
0.022963923,0.0056,0.3257,0.8623,0.922
0.025531693,0.0114,0.3262,0.8580,0.918
0.027971385,0.0161,0.3218,0.8580,0.916
0.030195,0.0237,0.3179,0.8569,0.914
0.032931308,0.0317,0.3128,0.8531,0.909
0.035217462,0.0364,0.3054,0.8533,0.907
0.038603923,0.0466,0.3040,0.8545,0.908
0.039797539,0.0515,0.3015,0.8573,0.910
0.042372923,0.0566,0.2984,0.8623,0.914
0.044644847,0.0589,0.2954,0.8680,0.919
0.048320539,0.0633,0.2930,0.8748,0.925
0.049555923,0.0618,0.2954,0.8821,0.932
0.051942154,0.0603,0.2930,0.8885,0.937
0.062706693,0.0618,0.2917,0.8929,0.941
0.062929847,0.0623,0.2900,0.8958,0.944
0.063047693,0.0638,0.2915,0.9024,0.951
0.063155308,0.0682,0.2861,0.9075,0.954
0.065086077,0.0679,0.2868,0.9114,0.958
0.067060616,0.0720,0.2863,0.9168,0.963
0.069216231,0.0701,0.2842,0.9163,0.962
0.071560308,0.0736,0.2839,0.9214,0.967
0.073595,0.0691,0.2854,0.9235,0.969
0.076258385,0.0659,0.2866,0.9256,0.971
0.079782077,0.0613,0.2886,0.9283,0.974
0.080924539,0.0584,0.2903,0.9266,0.973
0.083392616,0.0545,0.2919,0.9268,0.973
0.086321462,0.0530,0.2944,0.9274,0.974
0.088747077,0.0510,0.2956,0.9230,0.970
0.090603616,0.0522,0.2940,0.9181,0.965
0.093801154,0.0535,0.2935,0.9188,0.966
0.095551923,0.0542,0.2944,0.9132,0.961
0.097844616,0.0508,0.2922,0.9121,0.959
0.100185231,0.0517,0.2922,0.9093,0.956
0.103299693,0.0513,0.2896,0.9083,0.955
0.105347693,0.0501,0.2908,0.9070,0.954
0.107551077,0.0508,0.2876,0.9075,0.953
0.110275,0.0496,0.2896,0.9139,0.960
0.113735308,0.0457,0.2905,0.9163,0.962
0.114660847,0.0437,0.2905,0.9217,0.967
0.117362462,0.0428,0.2868,0.9268,0.971
0.11978,0.0454,0.2881,0.9317,0.976
0.121945847,0.0447,0.2873,0.9368,0.981
0.124665154,0.0430,0.2859,0.9437,0.987
0.127185154,0.0408,0.2819,0.9459,0.988
0.129426077,0.0403,0.2803,0.9505,0.992
0.131564539,0.0386,0.2803,0.9561,0.997
0.13453877,0.0359,0.2819,0.9582,0.999
0.136426462,0.0310,0.2805,0.9640,1.004
0.138827,0.0261,0.2775,0.9706,1.010
0.141371077,0.0210,0.2773,0.9745,1.013
0.144087693,0.0158,0.2768,0.9755,1.014
0.149460231,0.0139,0.2810,0.9764,1.016
0.149876,0.0083,0.2791,0.9774,1.017
0.151991,0.0046,0.2830,0.9771,1.017
0.162432231,0.0009,0.2783,0.9784,1.017
0.162799923,0.0017,0.2773,0.9799,1.018
0.162951616,0.0005,0.2793,0.9792,1.018
0.163078385,0.0000,0.2793,0.9789,1.018
0.165847308,-0.0004,0.2770,0.9759,1.014
0.16666177,0.0026,0.2766,0.9747,1.013
0.167790154,0.0021,0.2746,0.9728,1.011
0.17033077,0.0070,0.2744,0.9728,1.011
0.172561154,0.0112,0.2742,0.9718,1.010
0.17523477,0.0156,0.2714,0.9740,1.011
0.177513539,0.0198,0.2698,0.9745,1.011
0.179844308,0.0256,0.2710,0.9764,1.014
0.182281462,0.0291,0.2688,0.9762,1.013
0.185026077,0.0323,0.2683,0.9752,1.012
0.187227616,0.0340,0.2688,0.9747,1.012
0.189432,0.0364,0.2688,0.9728,1.010
0.192118693,0.0349,0.2702,0.9731,1.010
0.195329847,0.0330,0.2714,0.9726,1.010
0.19688177,0.0296,0.2737,0.9720,1.010
0.199061539,0.0288,0.2737,0.9728,1.011
0.202095616,0.0256,0.2775,0.9708,1.010
0.203964231,0.0242,0.2791,0.9696,1.009
0.206514693,0.0212,0.2783,0.9689,1.008
0.208879923,0.0212,0.2805,0.9664,1.007
0.212046077,0.0225,0.2793,0.9654,1.005
0.213486385,0.0191,0.2803,0.9638,1.004
0.216299077,0.0191,0.2773,0.9657,1.005
0.218584847,0.0173,0.2788,0.9659,1.005
0.22083377,0.0158,0.2817,0.9662,1.007
0.223175923,0.0154,0.2835,0.9669,1.008
0.225886693,0.0147,0.2854,0.9706,1.012
0.228396616,0.0112,0.2881,0.9722,1.014
0.230476923,0.0066,0.2896,0.9733,1.015
0.2334,0.0070,0.2888,0.9750,1.017
0.235639,0.0054,0.2915,0.9776,1.020
0.238020231,0.0086,0.2940,0.9803,1.023
0.240062077,0.0078,0.2944,0.9789,1.022
0.243299616,0.0114,0.2944,0.9820,1.025
0.248689231,0.0170,0.2930,0.9818,1.025
0.249031077,0.0186,0.2925,0.9803,1.023
0.250524616,0.0191,0.2912,0.9784,1.021
0.252756231,0.0251,0.2891,0.9806,1.023
0.257799693,0.0254,0.2905,0.9789,1.021
0.258299308,0.0284,0.2908,0.9757,1.019
0.259685154,0.0274,0.2928,0.9764,1.020
0.262723385,0.0300,0.2928,0.9764,1.020
0.264132308,0.0296,0.2928,0.9784,1.022
0.266851693,0.0320,0.2928,0.9815,1.025
0.269765847,0.0366,0.2908,0.9843,1.027
0.271371385,0.0349,0.2891,0.9855,1.028
0.273903693,0.0393,0.2893,0.9848,1.027
0.276531385,0.0391,0.2891,0.9867,1.029
0.278777462,0.0366,0.2900,0.9855,1.028
0.28104577,0.0359,0.2871,0.9906,1.032
0.283750462,0.0303,0.2893,0.9911,1.033
0.286311923,0.0263,0.2922,0.9945,1.037
0.288373154,0.0228,0.2932,0.9982,1.041
0.290911308,0.0163,0.2937,0.9999,1.042
0.293355385,0.0130,0.2937,1.0011,1.043
0.29573877,0.0114,0.2956,1.0029,1.046
0.297986077,0.0083,0.2986,1.0006,1.044
0.300695,0.0037,0.3015,0.9967,1.041
0.302974462,0.0007,0.3033,0.9945,1.040
0.305222154,-0.0006,0.3054,0.9911,1.037
0.308074385,-0.0026,0.3059,0.9828,1.029
0.310530385,-0.0034,0.3071,0.9774,1.025
0.312512847,-0.0034,0.3069,0.9708,1.018
0.315920231,-0.0041,0.3093,0.9647,1.013
0.318664847,-0.0078,0.3113,0.9584,1.008
0.320719077,-0.0041,0.3096,0.9540,1.003
0.323164308,-0.0067,0.3098,0.9486,0.998
0.324626385,-0.0075,0.3138,0.9428,0.994
0.327819693,-0.0095,0.3154,0.9368,0.989
0.329429539,-0.0104,0.3173,0.9328,0.985
0.331862462,-0.0131,0.3194,0.9332,0.986
0.334404539,-0.0141,0.3233,0.9328,0.987
0.336568308,-0.0160,0.3247,0.9291,0.984
0.338948847,-0.0173,0.3245,0.9295,0.985
0.341702462,-0.0165,0.3257,0.9266,0.982
0.346119923,-0.0167,0.3259,0.9266,0.982
0.346547308,-0.0148,0.3231,0.9261,0.981
0.349516231,-0.0124,0.3225,0.9227,0.977
0.351191616,-0.0102,0.3198,0.9251,0.979
0.358294154,-0.0053,0.3179,0.9283,0.981
0.358834077,-0.0014,0.3135,0.9310,0.982
0.35896177,0.0024,0.3128,0.9356,0.987
0.360857539,0.0044,0.3101,0.9388,0.989
0.363008616,0.0063,0.3086,0.9442,0.993
0.365977539,0.0030,0.3077,0.9456,0.994
0.368975077,0.0037,0.3110,0.9498,0.999
0.370351616,0.0012,0.3098,0.9535,1.003
0.372864231,0.0009,0.3115,0.9552,1.005
0.37528677,0.0005,0.3128,0.9589,1.009
0.377796539,-0.0009,0.3122,0.9640,1.013
0.380197462,-0.0009,0.3126,0.9664,1.016
0.382627693,-0.0014,0.3126,0.9708,1.020
0.385097231,-0.0021,0.3101,0.9731,1.021
0.387452308,-0.0026,0.3073,0.9720,1.019
0.389712231,-0.0009,0.3064,0.9731,1.020
0.392186077,-0.0016,0.3061,0.9750,1.022
0.394621847,-0.0021,0.3066,0.9743,1.021
0.397252231,-0.0041,0.3069,0.9740,1.021
0.399443616,-0.0060,0.3069,0.9726,1.020
0.401911616,-0.0083,0.3082,0.9738,1.021
0.404080847,-0.0067,0.3059,0.9728,1.020
0.406687,-0.0087,0.3101,0.9703,1.019
0.409646385,-0.0116,0.3077,0.9706,1.018
0.411311077,-0.0121,0.3077,0.9687,1.016
0.413999616,-0.0158,0.3089,0.9696,1.018
0.416329539,-0.0131,0.3098,0.9684,1.017
0.419244231,-0.0160,0.3098,0.9654,1.014
0.42125377,-0.0160,0.3098,0.9669,1.015
0.423591385,-0.0160,0.3054,0.9654,1.013
0.427259,-0.0160,0.3071,0.9662,1.014
0.428239077,-0.0167,0.3077,0.9671,1.015
0.430643308,-0.0158,0.3064,0.9687,1.016
0.433128231,-0.0170,0.3061,0.9659,1.013
0.435591923,-0.0141,0.3057,0.9677,1.015
0.437894154,-0.0155,0.3037,0.9710,1.018
0.440346462,-0.0139,0.3033,0.9735,1.020
0.445999,-0.0139,0.3033,0.9755,1.022
0.44631077,-0.0139,0.3023,0.9752,1.021
0.448511077,-0.0116,0.3037,0.9784,1.024
0.450147385,-0.0104,0.2998,0.9815,1.026
0.457402462,-0.0072,0.2974,0.9838,1.028
0.4579,-0.0043,0.2947,0.9843,1.027
0.458071923,-0.0023,0.2952,0.9855,1.029
0.459868616,-0.0034,0.2949,0.9887,1.032
0.461945539,-0.0018,0.2937,0.9880,1.031
0.464635616,-0.0021,0.2910,0.9894,1.031
0.467428231,-0.0021,0.2919,0.9904,1.033
0.469332923,0.0000,0.2908,0.9918,1.034
0.471938154,-0.0018,0.2910,0.9894,1.031
0.475499077,-0.0029,0.2930,0.9916,1.034
0.477098385,-0.0011,0.2912,0.9938,1.036
0.479086462,-0.0018,0.2908,0.9960,1.038
0.482059,-0.0034,0.2888,0.9977,1.039
0.484343077,-0.0078,0.2900,1.0009,1.042
0.486236847,-0.0075,0.2908,0.9999,1.041
0.488491077,-0.0092,0.2912,0.9992,1.041
0.491470385,-0.0111,0.2919,0.9989,1.041
0.493853462,-0.0148,0.2937,0.9994,1.042
0.495854462,-0.0167,0.2942,0.9969,1.040
0.498546385,-0.0188,0.2974,0.9960,1.040
0.501088539,-0.0211,0.2977,0.9943,1.038
0.503217154,-0.0221,0.2996,0.9941,1.038
0.50544577,-0.0236,0.2989,0.9933,1.038
0.509616847,-0.0236,0.3020,0.9911,1.036
0.510294077,-0.0223,0.3005,0.9908,1.036
0.51266,-0.0251,0.2989,0.9887,1.033
0.516290154,-0.0239,0.3017,0.9916,1.037
0.517584231,-0.0253,0.3017,0.9913,1.037
0.519931,-0.0253,0.3028,0.9906,1.036
0.522977539,-0.0256,0.3040,0.9904,1.036
0.525194154,-0.0272,0.3096,0.9880,1.036
0.527171616,-0.0239,0.3130,0.9857,1.034
0.529957154,-0.0253,0.3138,0.9794,1.029
0.53262177,-0.0280,0.3171,0.9750,1.026
0.534888539,-0.0270,0.3196,0.9701,1.022
0.536828,-0.0209,0.3228,0.9659,1.019
0.539405539,-0.0163,0.3210,0.9613,1.014
0.545256308,-0.0102,0.3196,0.9584,1.010
0.545566154,-0.0046,0.3213,0.9574,1.010
0.546548616,0.0019,0.3228,0.9559,1.009
0.548895923,0.0066,0.3247,0.9552,1.009
0.55377777,0.0107,0.3257,0.9533,1.007
0.553983616,0.0158,0.3277,0.9517,1.007
0.556079616,0.0135,0.3313,0.9503,1.007
0.558558462,0.0142,0.3359,0.9471,1.005
0.56084577,0.0144,0.3416,0.9461,1.006
0.563437231,0.0151,0.3408,0.9433,1.003
0.565730693,0.0135,0.3445,0.9445,1.005
0.567971,0.0186,0.3452,0.9452,1.006
0.570497847,0.0210,0.3450,0.9461,1.007
0.57361377,0.0207,0.3452,0.9466,1.008
0.575490077,0.0235,0.3497,0.9496,1.012
0.577912847,0.0215,0.3499,0.9508,1.013
0.580475693,0.0210,0.3497,0.9522,1.015
0.583684231,0.0217,0.3511,0.9530,1.016
0.584916539,0.0191,0.3548,0.9540,1.018
0.588108923,0.0173,0.3548,0.9566,1.020
0.590412,0.0200,0.3531,0.9606,1.024
0.592299616,0.0183,0.3538,0.9626,1.026
0.594665462,0.0188,0.3550,0.9666,1.030
0.597308847,0.0166,0.3533,0.9669,1.030
0.600469462,0.0166,0.3555,0.9662,1.030
0.601912,0.0154,0.3550,0.9694,1.032
0.604273847,0.0139,0.3590,0.9684,1.033
0.606894693,0.0135,0.3590,0.9694,1.034
0.60902677,0.0119,0.3562,0.9669,1.031
0.611687923,0.0132,0.3555,0.9682,1.031
0.614182154,0.0144,0.3548,0.9689,1.032
0.61653777,0.0151,0.3562,0.9664,1.030
0.618738077,0.0124,0.3560,0.9642,1.028
0.622080616,0.0144,0.3536,0.9623,1.025
0.625337847,0.0166,0.3525,0.9633,1.026
0.626132616,0.0176,0.3492,0.9615,1.023
0.628846077,0.0186,0.3513,0.9598,1.022
0.631352308,0.0203,0.3523,0.9571,1.020
0.63341877,0.0212,0.3506,0.9537,1.016
0.635886462,0.0228,0.3516,0.9491,1.012
0.638558077,0.0222,0.3518,0.9454,1.009
0.641770154,0.0210,0.3518,0.9412,1.005
0.643249154,0.0228,0.3523,0.9375,1.002
0.645502693,0.0219,0.3523,0.9330,0.998
0.64833477,0.0215,0.3499,0.9276,0.992
0.652775923,0.0228,0.3487,0.9251,0.989
0.65305477,0.0237,0.3480,0.9247,0.988
0.656398462,0.0232,0.3473,0.9261,0.989
0.662634693,0.0207,0.3452,0.9232,0.986
0.663154693,0.0179,0.3462,0.9242,0.987
0.663467385,0.0130,0.3473,0.9222,0.986
0.664867616,0.0095,0.3467,0.9205,0.984
0.666842077,0.0034,0.3489,0.9188,0.983
0.669990462,-0.0026,0.3482,0.9205,0.984
0.672098077,-0.0060,0.3494,0.9195,0.984
0.674302077,-0.0085,0.3506,0.9193,0.984
0.676531616,-0.0153,0.3480,0.9173,0.981
0.679402462,-0.0160,0.3494,0.9198,0.984
0.681577154,-0.0204,0.3464,0.9188,0.982
0.683855,-0.0216,0.3476,0.9214,0.985
0.686435616,-0.0232,0.3485,0.9212,0.985
0.688864231,-0.0219,0.3457,0.9210,0.984
0.691186693,-0.0256,0.3492,0.9198,0.984
0.693567616,-0.0272,0.3480,0.9195,0.983
0.696164616,-0.0309,0.3485,0.9170,0.982
0.698600923,-0.0351,0.3482,0.9158,0.980
0.700742462,-0.0375,0.3516,0.9156,0.982
0.703148616,-0.0385,0.3543,0.9121,0.979
0.705700231,-0.0427,0.3553,0.9105,0.978
0.707952,-0.0470,0.3550,0.9090,0.977
0.710543385,-0.0446,0.3543,0.9100,0.978
0.713336616,-0.0473,0.3569,0.9093,0.978
0.715463077,-0.0476,0.3562,0.9070,0.976
0.71754977,-0.0486,0.3567,0.9056,0.975
0.719416308,-0.0446,0.3555,0.9034,0.972
0.723605154,-0.0465,0.3543,0.9063,0.974
0.724887,-0.0456,0.3548,0.9014,0.970
0.727342385,-0.0465,0.3516,0.9014,0.969
0.730109539,-0.0449,0.3506,0.9007,0.968
0.732344,-0.0456,0.3511,0.9005,0.968
0.734564231,-0.0476,0.3525,0.8983,0.966
0.737286462,-0.0488,0.3553,0.8990,0.968
0.740308,-0.0465,0.3545,0.9000,0.968
0.741759077,-0.0424,0.3560,0.8981,0.967
0.744427308,-0.0432,0.3531,0.8983,0.966
0.747112539,-0.0402,0.3545,0.9046,0.972
0.751784,-0.0378,0.3557,0.9130,0.981
0.752238077,-0.0358,0.3578,0.9186,0.986
0.755485539,-0.0288,0.3613,0.9227,0.991
0.76356677,-0.0248,0.3582,0.9263,0.993
0.763962462,-0.0188,0.3536,0.9310,0.996
0.76411077,-0.0131,0.3523,0.9366,1.001
0.764258462,-0.0046,0.3450,0.9433,1.004
0.767589847,0.0009,0.3406,0.9517,1.011
0.768232,0.0044,0.3347,0.9574,1.014
0.771286385,0.0078,0.3318,0.9657,1.021
0.773188,0.0073,0.3364,0.9726,1.029
0.775351616,0.0051,0.3347,0.9722,1.028
0.778320923,0.0000,0.3396,0.9767,1.034
0.781459693,-0.0034,0.3489,0.9774,1.038
0.782907693,-0.0090,0.3506,0.9764,1.038
0.785097462,-0.0114,0.3574,0.9767,1.040
0.787731308,-0.0131,0.3626,0.9728,1.038
0.790789154,-0.0173,0.3643,0.9701,1.036
0.792405847,-0.0180,0.3660,0.9654,1.033
0.79561077,-0.0155,0.3655,0.9603,1.028
0.797972539,-0.0141,0.3655,0.9554,1.023
0.79985877,-0.0155,0.3643,0.9484,1.016
0.802443693,-0.0163,0.3621,0.9452,1.012
0.804704231,-0.0141,0.3601,0.9388,1.006
0.806838077,-0.0160,0.3613,0.9344,1.002
0.80944677,-0.0167,0.3611,0.9310,0.999
0.811825462,-0.0178,0.3623,0.9293,0.998
0.814319616,-0.0180,0.3621,0.9276,0.996
0.816807,-0.0167,0.3660,0.9259,0.996
0.819299077,-0.0173,0.3648,0.9263,0.996
0.823214693,-0.0134,0.3618,0.9281,0.996
0.823689154,-0.0141,0.3599,0.9295,0.997
0.826573154,-0.0127,0.3594,0.9271,0.994
0.828828924,-0.0095,0.3578,0.9305,0.997
0.831063077,-0.0092,0.3569,0.9303,0.996
0.833599,-0.0080,0.3548,0.9330,0.998
0.836424847,-0.0043,0.3550,0.9332,0.998
0.839604924,-0.0046,0.3565,0.9332,0.999
0.840770693,-0.0048,0.3567,0.9328,0.999
0.843227924,-0.0050,0.3560,0.9364,1.002
0.846223693,-0.0036,0.3592,0.9347,1.001
0.849005847,-0.0043,0.3582,0.9373,1.003
0.851015385,-0.0046,0.3601,0.9412,1.008
0.854253462,-0.0026,0.3609,0.9408,1.008
0.855083,-0.0018,0.3631,0.9412,1.009
0.858916,-0.0009,0.3631,0.9422,1.010
0.859905847,0.0009,0.3660,0.9445,1.013
0.863330385,0.0007,0.3650,0.9433,1.011
0.865283308,0.0037,0.3672,0.9442,1.013
0.867248539,0.0078,0.3685,0.9461,1.015
0.869502154,0.0073,0.3678,0.9476,1.017
0.871987616,0.0119,0.3680,0.9481,1.017
0.874291,0.0154,0.3718,0.9517,1.022
0.876888,0.0147,0.3729,0.9547,1.025
0.879320539,0.0176,0.3741,0.9564,1.027
0.881724,0.0156,0.3774,0.9542,1.026
0.884162462,0.0168,0.3753,0.9542,1.025
0.886783077,0.0161,0.3751,0.9530,1.024
0.889068616,0.0158,0.3780,0.9522,1.025
0.891283077,0.0117,0.3753,0.9522,1.024
0.893956616,0.0122,0.3767,0.9549,1.027
0.897227077,0.0088,0.3753,0.9582,1.029
0.898501154,0.0051,0.3774,0.9591,1.031
0.901012924,0.0014,0.3758,0.9606,1.032
0.90344177,0.0012,0.3774,0.9635,1.035
0.905815308,-0.0038,0.3799,0.9620,1.034
0.90809777,-0.0075,0.3787,0.9623,1.034
0.91072577,-0.0136,0.3804,0.9608,1.033
0.913380231,-0.0160,0.3809,0.9618,1.035
0.91977777,-0.0223,0.3811,0.9618,1.035
0.920080308,-0.0239,0.3829,0.9610,1.035
0.920427924,-0.0246,0.3816,0.9589,1.032
0.922744231,-0.0268,0.3829,0.9584,1.032
0.925636847,-0.0304,0.3823,0.9559,1.030
0.927591385,-0.0297,0.3834,0.9540,1.029
0.929883924,-0.0334,0.3827,0.9525,1.027
0.932170462,-0.0368,0.3814,0.9503,1.025
0.935124308,-0.0353,0.3851,0.9479,1.024
0.938321847,-0.0351,0.3836,0.9473,1.023
0.939379,-0.0378,0.3844,0.9422,1.018
0.941851308,-0.0344,0.3870,0.9384,1.016
0.944542462,-0.0297,0.3858,0.9373,1.014
0.948562385,-0.0244,0.3799,0.9359,1.010
0.949276539,-0.0209,0.3809,0.9366,1.011
0.951694693,-0.0195,0.3790,0.9349,1.009
0.95588577,-0.0143,0.3760,0.9332,1.006
0.95624,-0.0104,0.3778,0.9305,1.004
0.958708847,-0.0070,0.3773,0.9293,1.003
0.961588616,-0.0041,0.3743,0.9305,1.003
0.96346577,-0.0004,0.3765,0.9319,1.005
0.965906077,0.0017,0.3743,0.9344,1.007
0.968386154,0.0044,0.3709,0.9379,1.009
0.971239308,0.0070,0.3709,0.9386,1.009
0.973274154,0.0049,0.3714,0.9422,1.013
0.97584977,0.0024,0.3709,0.9437,1.014
0.97876577,0.0014,0.3706,0.9459,1.016
0.980495077,-0.0014,0.3690,0.9496,1.019
0.982830693,-0.0036,0.3648,0.9530,1.020
0.985318385,-0.0050,0.3629,0.9549,1.022
0.988418462,-0.0087,0.3621,0.9577,1.024
0.99004677,-0.0114,0.3606,0.9615,1.027
0.992638154,-0.0127,0.3580,0.9642,1.029
0.996117462,-0.0118,0.3560,0.9659,1.030
0.997239077,-0.0155,0.3580,0.9679,1.032
0.999781154,-0.0160,0.3565,0.9687,1.032
1.002596924,-0.0195,0.3533,0.9722,1.035
1.004783616,-0.0195,0.3525,0.9696,1.032
1.007645847,-0.0185,0.3525,0.9684,1.031
1.009810154,-0.0216,0.3513,0.9696,1.032
1.013621847,-0.0253,0.3536,0.9679,1.031
1.014241231,-0.0268,0.3538,0.9687,1.032
1.016932231,-0.0295,0.3548,0.9677,1.031
1.019449847,-0.0321,0.3560,0.9666,1.031
1.021510693,-0.0351,0.3545,0.9642,1.028
1.024253231,-0.0356,0.3545,0.9620,1.026
1.026360616,-0.0388,0.3580,0.9586,1.024
1.029420847,-0.0393,0.3553,0.9589,1.023
1.031157231,-0.0388,0.3525,0.9566,1.020
1.033551924,-0.0372,0.3525,0.9549,1.019
1.036348,-0.0393,0.3536,0.9540,1.018
1.038526077,-0.0358,0.3516,0.9530,1.016
1.041405847,-0.0316,0.3506,0.9498,1.013
1.043710462,-0.0324,0.3489,0.9542,1.016
1.048806693,-0.0295,0.3497,0.9503,1.013
1.049139,-0.0260,0.3467,0.9491,1.011
1.050862077,-0.0253,0.3494,0.9489,1.011
1.06268177,-0.0236,0.3513,0.9501,1.013
1.062915616,-0.0219,0.3506,0.9503,1.013
1.063000308,-0.0188,0.3487,0.9513,1.013
1.063082693,-0.0146,0.3516,0.9503,1.013
1.063159924,-0.0102,0.3520,0.9520,1.015
1.06534577,-0.0070,0.3494,0.9515,1.014
1.067368616,-0.0070,0.3492,0.9501,1.012
1.069580616,-0.0011,0.3467,0.9493,1.011
1.071963924,-0.0016,0.3464,0.9510,1.012
1.074419616,0.0019,0.3464,0.9486,1.010
1.078182385,0.0032,0.3474,0.9493,1.011
1.079575077,0.0056,0.3509,0.9496,1.012
1.082047385,0.0051,0.3462,0.9468,1.008
1.084325231,0.0058,0.3492,0.9468,1.009
1.087295,0.0095,0.3513,0.9447,1.008
1.088988847,0.0102,0.3501,0.9430,1.006
1.091760231,0.0078,0.3541,0.9428,1.007
1.093876308,0.0093,0.3516,0.9422,1.006
1.096265847,0.0119,0.3511,0.9371,1.001
1.098639616,0.0122,0.3520,0.9371,1.001
1.101183,0.0179,0.3513,0.9364,1.000
1.103512924,0.0203,0.3501,0.9364,1.000
1.105872847,0.0210,0.3531,0.9361,1.001
1.108500308,0.0200,0.3543,0.9305,0.996
1.110960847,0.0207,0.3562,0.9293,0.995
1.113271077,0.0168,0.3585,0.9293,0.996
1.11555877,0.0173,0.3611,0.9283,0.996
1.118547,0.0173,0.3601,0.9268,0.994
1.123162693,0.0151,0.3613,0.9286,0.997
1.123729231,0.0144,0.3604,0.9261,0.994
1.125493847,0.0114,0.3606,0.9274,0.995
1.128903,0.0124,0.3592,0.9266,0.994
1.13022577,0.0122,0.3611,0.9288,0.997
1.132529539,0.0100,0.3626,0.9291,0.997
1.134970385,0.0088,0.3604,0.9276,0.995
1.137397539,0.0090,0.3626,0.9283,0.997
1.140916231,0.0075,0.3643,0.9286,0.998
1.148148231,0.0112,0.3646,0.9266,0.996
1.14850677,0.0083,0.3634,0.9247,0.994
1.14880677,0.0098,0.3658,0.9251,0.995
1.149459077,0.0083,0.3680,0.9254,0.996
1.167086077,0.0063,0.3672,0.9271,0.997
1.167475693,0.0056,0.3711,0.9256,0.997
1.167596616,0.0037,0.3706,0.9239,0.995
1.167707308,0.0061,0.3704,0.9249,0.996
1.167824231,0.0054,0.3702,0.9251,0.996
1.167922462,0.0044,0.3687,0.9268,0.997
1.168027693,0.0039,0.3678,0.9261,0.996
1.170004308,0.0042,0.3672,0.9259,0.996
1.170987924,0.0066,0.3665,0.9263,0.996
1.17332177,0.0046,0.3692,0.9276,0.998
1.17660977,0.0032,0.3675,0.9276,0.998
1.178395,0.0051,0.3662,0.9271,0.997
1.180712539,0.0049,0.3660,0.9244,0.994
1.18304577,0.0081,0.3658,0.9266,0.996
1.185618385,0.0056,0.3650,0.9268,0.996
1.187927308,0.0030,0.3648,0.9305,0.999
1.190548616,0.0017,0.3636,0.9317,1.000
1.192911077,0.0024,0.3655,0.9328,1.002
1.195499616,-0.0006,0.3643,0.9366,1.005
1.197681154,0.0014,0.3618,0.9381,1.005
1.200300231,-0.0011,0.3618,0.9417,1.009
1.202819924,-0.0018,0.3587,0.9396,1.006
1.204842077,-0.0002,0.3565,0.9430,1.008
1.207822462,-0.0034,0.3562,0.9435,1.008
1.211067308,-0.0011,0.3538,0.9461,1.010
1.212056308,-0.0021,0.3553,0.9454,1.010
1.21463377,-0.0011,0.3553,0.9452,1.010
1.217100616,-0.0018,0.3557,0.9468,1.011
1.219571924,-0.0026,0.3548,0.9473,1.012
1.221695693,0.0002,0.3545,0.9501,1.014
1.224821231,0.0012,0.3538,0.9491,1.013
1.227318385,0.0030,0.3538,0.9493,1.013
1.229004,0.0034,0.3513,0.9520,1.015
1.232090693,0.0051,0.3531,0.9520,1.015
1.234543385,0.0058,0.3497,0.9517,1.014
1.237235616,0.0075,0.3520,0.9501,1.013
1.238509231,0.0105,0.3511,0.9515,1.014
1.241956924,0.0102,0.3518,0.9535,1.016
1.244846154,0.0135,0.3487,0.9517,1.014
1.245819308,0.0144,0.3467,0.9537,1.015
1.248250693,0.0168,0.3448,0.9517,1.012
1.250808308,0.0130,0.3460,0.9520,1.013
1.255383,0.0149,0.3455,0.9522,1.013
1.255739,0.0122,0.3431,0.9545,1.014
1.258722693,0.0098,0.3460,0.9545,1.015
1.265284539,0.0078,0.3485,0.9566,1.018
1.265723,0.0044,0.3474,0.9566,1.018
1.265860231,0.0007,0.3480,0.9574,1.019
1.268184231,-0.0002,0.3469,0.9596,1.020
1.269869462,-0.0023,0.3485,0.9603,1.022
1.27226577,-0.0053,0.3480,0.9594,1.021
1.274911924,-0.0055,0.3452,0.9620,1.022
1.277194077,-0.0070,0.3443,0.9640,1.024
1.279528231,-0.0085,0.3460,0.9630,1.023
1.282270154,-0.0104,0.3457,0.9626,1.023
1.28490577,-0.0134,0.3460,0.9633,1.024
1.28696577,-0.0129,0.3499,0.9657,1.027
1.289284847,-0.0129,0.3509,0.9659,1.028
1.291879924,-0.0146,0.3531,0.9654,1.028
1.294091616,-0.0129,0.3536,0.9671,1.030
1.296690462,-0.0136,0.3538,0.9689,1.032
1.299083077,-0.0131,0.3553,0.9684,1.032
1.301458154,-0.0127,0.3572,0.9679,1.032
1.303737154,-0.0095,0.3585,0.9691,1.033
1.306383616,-0.0065,0.3580,0.9696,1.034
1.30923477,-0.0038,0.3578,0.9689,1.033
1.311263385,-0.0026,0.3580,0.9666,1.031
1.313536539,0.0026,0.3585,0.9666,1.031
1.316034385,0.0042,0.3567,0.9659,1.030
1.318438693,0.0044,0.3618,0.9657,1.031
1.320530693,0.0075,0.3606,0.9654,1.031
1.323155077,0.0110,0.3621,0.9630,1.029
1.326206693,0.0095,0.3609,0.9628,1.028
1.328015924,0.0088,0.3650,0.9645,1.031
1.330534385,0.0095,0.3648,0.9650,1.032
1.333017231,0.0132,0.3670,0.9694,1.037
1.335157847,0.0130,0.3672,0.9675,1.035
1.337362077,0.0161,0.3662,0.9682,1.035
1.340039616,0.0188,0.3694,0.9684,1.037
1.342838462,0.0173,0.3646,0.9659,1.033
1.34498277,0.0228,0.3631,0.9657,1.032
1.347172539,0.0276,0.3616,0.9645,1.030
1.349764231,0.0284,0.3609,0.9628,1.029
1.35532677,0.0300,0.3601,0.9623,1.028
1.35566,0.0320,0.3601,0.9608,1.027
1.357832847,0.0324,0.3626,0.9618,1.028
1.368155,0.0324,0.3611,0.9591,1.025
1.368696308,0.0315,0.3597,0.9591,1.025
1.368828924,0.0281,0.3585,0.9594,1.025
1.368973462,0.0259,0.3611,0.9579,1.024
1.369099616,0.0219,0.3621,0.9559,1.022
1.371463924,0.0195,0.3629,0.9508,1.018
1.373623,0.0149,0.3611,0.9468,1.013
1.375946077,0.0151,0.3643,0.9440,1.012
1.378423,0.0127,0.3641,0.9364,1.005
1.381183,0.0100,0.3626,0.9324,1.001
1.383388847,0.0081,0.3613,0.9307,0.998
1.386031077,0.0044,0.3616,0.9266,0.995
1.388398385,0.0066,0.3594,0.9268,0.994
1.391040847,0.0066,0.3613,0.9217,0.990
1.393262077,0.0049,0.3601,0.9195,0.987
1.395348308,0.0061,0.3594,0.9200,0.988
1.398055924,0.0039,0.3585,0.9205,0.988
1.400873154,0.0056,0.3601,0.9173,0.986
1.402763,0.0051,0.3594,0.9200,0.988
1.405091,0.0070,0.3650,0.9200,0.990
1.407528,0.0046,0.3636,0.9237,0.993
1.409817539,0.0073,0.3626,0.9242,0.993
1.412149539,0.0061,0.3655,0.9271,0.997
1.415349462,0.0098,0.3641,0.9279,0.997
1.417597154,0.0149,0.3594,0.9256,0.993
1.419573462,0.0212,0.3621,0.9266,0.995
1.422157462,0.0256,0.3609,0.9293,0.997
1.42626277,0.0296,0.3601,0.9354,1.003
1.42658577,0.0347,0.3609,0.9315,1.000
1.429173539,0.0330,0.3631,0.9259,0.995
1.431904924,0.0359,0.3597,0.9183,0.987
1.434856616,0.0379,0.3574,0.9112,0.980
1.436778462,0.0430,0.3536,0.9029,0.971
1.439063385,0.0454,0.3487,0.8948,0.961
1.4428,0.0528,0.3469,0.8925,0.959
1.443632539,0.0528,0.3413,0.8863,0.951
1.446102462,0.0520,0.3394,0.8811,0.946
1.453954385,0.0513,0.3369,0.8739,0.938
1.454448308,0.0482,0.3355,0.8665,0.930
1.454821154,0.0503,0.3367,0.8667,0.931
1.456114693,0.0501,0.3362,0.8721,0.936
1.470667693,0.0515,0.3387,0.8753,0.940
1.471107924,0.0547,0.3396,0.8748,0.940
1.471284539,0.0540,0.3418,0.8709,0.937
1.471483385,0.0538,0.3420,0.8680,0.934
1.471646077,0.0608,0.3443,0.8641,0.932
1.471808,0.0726,0.3480,0.8606,0.931
1.475972539,0.0992,0.3509,0.8625,0.936
1.476376616,0.2490,0.3382,0.8802,0.975
1.477268,0.2418,0.3555,0.8797,0.979
1.480141847,0.1715,0.3926,0.9002,0.997
1.483738462,0.0913,0.4261,0.9456,1.041
1.484579924,0.0183,0.4547,0.9857,1.086
1.487077847,-0.0346,0.4694,0.9997,1.105
1.490100539,-0.0612,0.4657,0.9874,1.093
1.493645847,-0.0630,0.4573,1.0038,1.105
1.494234693,-0.0556,0.4373,0.9980,1.091
1.497296924,-0.0393,0.3990,0.9789,1.058
1.50127077,-0.0280,0.3611,0.9787,1.044
1.501927693,-0.0165,0.3326,0.9855,1.040
1.504576308,-0.0055,0.3077,0.9840,1.031
1.507951693,-0.0004,0.2922,0.9811,1.024
1.509535077,-0.0009,0.2812,0.9745,1.014
1.511510154,0.0007,0.2779,0.9743,1.013
1.516229231,-0.0055,0.2815,0.9752,1.015
1.516607924,-0.0118,0.2922,0.9745,1.017
1.518486385,-0.0204,0.3061,0.9745,1.022
1.520876539,-0.0309,0.3196,0.9774,1.029
1.525213462,-0.0383,0.3340,0.9808,1.037
1.5259,-0.0505,0.3492,0.9943,1.055
1.528291,-0.0591,0.3585,1.0136,1.077
1.533357847,-0.0681,0.3641,1.0341,1.098
1.534096924,-0.0691,0.3692,1.0468,1.112
1.535379,-0.0703,0.3699,1.0514,1.117
1.537761154,-0.0671,0.3658,1.0554,1.119
1.541986077,-0.0635,0.3634,1.0635,1.126
1.542728616,-0.0527,0.3541,1.0663,1.125
1.545107693,-0.0481,0.3494,1.0739,1.130
1.553318693,-0.0375,0.3411,1.0766,1.130
1.554072,-0.0285,0.3371,1.0803,1.132
1.554573847,-0.0185,0.3355,1.0808,1.132
1.554869231,-0.0092,0.3380,1.0798,1.131
1.567040924,-0.0018,0.3420,1.0759,1.129
1.567884,0.0100,0.3497,1.0670,1.123
1.568076231,0.0191,0.3565,1.0505,1.110
1.568245539,0.0256,0.3646,1.0346,1.097
1.56840177,0.0324,0.3675,1.0170,1.082
1.569476308,0.0424,0.3718,0.9962,1.064
1.572619308,0.0520,0.3787,0.9815,1.053
1.573744616,0.0613,0.3811,0.9740,1.048
1.576485154,0.0743,0.3888,0.9771,1.054
1.579376308,0.0880,0.3968,0.9696,1.051
1.583774385,0.1009,0.3990,0.9559,1.041
1.583997539,0.1094,0.4037,0.9312,1.021
1.586400539,0.1167,0.4017,0.8990,0.992
1.588579924,0.1216,0.4007,0.8472,0.945
1.590891,0.1356,0.4014,0.7881,0.895
1.593020539,0.1458,0.3972,0.7617,0.871
1.595723924,0.1517,0.3965,0.7981,0.904
1.599859924,0.1551,0.3946,0.8440,0.944
1.600158077,0.1544,0.3902,0.8406,0.940
1.602834462,0.1488,0.3953,0.7971,0.902
1.605461462,0.1405,0.3995,0.7451,0.857
1.607789462,0.1267,0.4119,0.6957,0.818
1.610231385,0.1041,0.4266,0.6481,0.783
1.612430154,0.0855,0.4538,0.5941,0.752
1.615438077,0.0603,0.4838,0.5313,0.721
1.617171924,0.0471,0.5102,0.4676,0.694
1.619595693,0.0398,0.5319,0.3999,0.667
1.623990077,0.0424,0.5409,0.3422,0.642
1.624375,0.0720,0.5141,0.3019,0.601
1.626971,0.1896,0.4275,0.2787,0.544
1.630591693,0.3337,0.3206,0.3072,0.555
1.632450154,0.3364,0.3611,0.2794,0.567
1.634376231,0.3010,0.4007,0.2869,0.578
1.636867693,0.2573,0.4328,0.3002,0.586
1.640458077,0.2089,0.4493,0.3048,0.582
1.641401231,0.1705,0.4594,0.3070,0.578
1.643731616,0.1417,0.4713,0.3046,0.579
1.647612924,0.1207,0.4875,0.3036,0.587
1.651295308,0.1055,0.5038,0.3109,0.601
1.651714462,0.0957,0.5172,0.3193,0.615
1.653463308,0.0936,0.5246,0.3334,0.629
1.666343308,0.1013,0.5224,0.3540,0.639
1.666842693,0.1139,0.5155,0.3749,0.648
1.667007924,0.1263,0.5092,0.4069,0.664
1.667152539,0.1390,0.5023,0.4409,0.683
1.66728977,0.1614,0.4969,0.4783,0.708
1.668742693,0.1830,0.4894,0.5147,0.733
1.670418385,0.2015,0.4820,0.5482,0.757
1.672864616,0.2236,0.4789,0.5804,0.785
1.675139077,0.2455,0.4699,0.6173,0.814
1.678527,0.2639,0.4696,0.6579,0.850
1.682567077,0.2793,0.4608,0.6952,0.880
1.683219385,0.2902,0.4608,0.7278,0.909
1.684795,0.2956,0.4682,0.7570,0.938
1.687193539,0.2927,0.4845,0.7842,0.967
1.689548847,0.2925,0.4980,0.8064,0.992
1.692272,0.2934,0.5102,0.8264,1.015
1.695009539,0.2968,0.5241,0.8426,1.036
1.699557462,0.2990,0.5332,0.8585,1.054
1.699973231,0.2963,0.5421,0.8714,1.068
1.701704847,0.2863,0.5544,0.8772,1.077
1.704214077,0.2804,0.5625,0.8809,1.082
1.706592231,0.2683,0.5693,0.8809,1.083
1.708869847,0.2529,0.5730,0.8785,1.079
1.711423308,0.2385,0.5773,0.8714,1.072
1.714834462,0.2285,0.5773,0.8609,1.061
1.716139693,0.2236,0.5642,0.8411,1.037
1.718489539,0.2248,0.5419,0.8052,0.996
1.720314154,0.2113,0.5327,0.7981,0.982
1.723356847,0.1873,0.5307,0.8101,0.986
1.726090154,0.1610,0.5327,0.8189,0.990
1.728361847,0.1319,0.5393,0.8186,0.989
1.73121877,0.1127,0.5395,0.8166,0.985
1.732978693,0.0943,0.5434,0.8120,0.982
1.735460231,0.0787,0.5475,0.8101,0.981
1.739411616,0.0631,0.5530,0.8047,0.978
1.74021777,0.0498,0.5578,0.7998,0.976
1.742782385,0.0330,0.5639,0.7949,0.975
1.745063693,0.0200,0.5676,0.7866,0.970
1.751251308,0.0098,0.5647,0.7712,0.956
1.751708539,-0.0011,0.5639,0.7605,0.947
1.752299616,-0.0092,0.5614,0.7458,0.934
1.766881462,-0.0139,0.5588,0.7292,0.919
1.767264539,-0.0207,0.5497,0.7182,0.905
1.767416231,-0.0256,0.5424,0.7069,0.891
1.767583693,-0.0324,0.5316,0.7001,0.880
1.767728847,-0.0407,0.5246,0.6962,0.873
1.767868,-0.0430,0.5139,0.6891,0.861
1.769212847,-0.0449,0.5065,0.6803,0.849
1.772009154,-0.0517,0.5029,0.6801,0.847
1.774149231,-0.0546,0.5025,0.6799,0.847
1.77660677,-0.0542,0.4999,0.6818,0.847
1.779224231,-0.0488,0.4985,0.6776,0.843
1.782062693,-0.0412,0.4985,0.6715,0.837
1.783538693,-0.0319,0.4965,0.6691,0.834
1.786294693,-0.0227,0.4943,0.6703,0.833
1.789151385,-0.0131,0.4994,0.6803,0.844
1.790784308,-0.0095,0.5109,0.6894,0.858
1.793717231,-0.0062,0.5243,0.6945,0.870
1.797555385,-0.0070,0.5370,0.6933,0.877
1.798230462,-0.0053,0.5524,0.6967,0.889
1.800899924,-0.0038,0.5637,0.7060,0.903
1.803236616,-0.0072,0.5786,0.7231,0.926
1.806599616,-0.0102,0.5840,0.7483,0.949
1.807931077,-0.0067,0.5820,0.7746,0.969
1.810519924,-0.0002,0.5805,0.7989,0.988
1.814171693,0.0078,0.5749,0.8145,0.997
1.814979693,0.0098,0.5742,0.8301,1.009
1.81770577,0.0186,0.5688,0.8426,1.017
1.820240616,0.0284,0.5661,0.8433,1.016
1.822759924,0.0393,0.5654,0.8399,1.013
1.824696,0.0533,0.5644,0.8387,1.012
1.827377539,0.0650,0.5663,0.8323,1.009
1.830599616,0.0740,0.5676,0.8274,1.006
1.832470077,0.0855,0.5763,0.8162,1.003
1.83476677,0.0975,0.5884,0.7998,0.998
1.839004308,0.1099,0.5959,0.7919,0.997
1.839322154,0.1136,0.6120,0.7919,1.007
1.841854462,0.1232,0.6245,0.7968,1.020
1.844976539,0.1321,0.6320,0.8040,1.031
1.846948539,0.1405,0.6267,0.8145,1.037
1.850303077,0.1532,0.6215,0.8098,1.032
1.851960924,0.1707,0.6182,0.8117,1.034
1.859032231,0.2079,0.6157,0.8257,1.051
1.859556847,0.2252,0.6013,0.7930,1.020
1.859916847,0.2260,0.5961,0.7600,0.992
1.860931693,0.2169,0.6026,0.7565,0.991
1.872892924,0.2138,0.6206,0.7710,1.013
1.87322277,0.1976,0.6411,0.7932,1.039
1.873369154,0.1759,0.6621,0.8264,1.073
1.873504847,0.1539,0.6797,0.8634,1.110
1.873636616,0.1388,0.6907,0.8907,1.136
1.875224308,0.1316,0.6956,0.9090,1.152
1.878201847,0.1329,0.6941,0.9170,1.158
1.879964847,0.1400,0.6858,0.9359,1.169
1.882638385,0.1554,0.6770,0.9582,1.183
1.885203924,0.1686,0.6721,0.9838,1.203
1.890137539,0.1808,0.6702,1.0174,1.232
1.890929539,0.1898,0.6675,1.0622,1.269
1.892285847,0.2020,0.6667,1.0971,1.300
1.89545077,0.2077,0.6594,1.1262,1.321
1.897015693,0.2155,0.6502,1.1443,1.334
1.899390385,0.2267,0.6399,1.1455,1.332
1.901859077,0.2406,0.6360,1.1448,1.332
1.904928539,0.2555,0.6311,1.1382,1.326
1.906731385,0.2726,0.6271,1.1294,1.320
1.909743924,0.2919,0.6259,1.1255,1.321
1.913485154,0.3100,0.6231,1.1250,1.323
1.914164616,0.3215,0.6367,1.1348,1.340
1.916366154,0.3366,0.6352,1.1392,1.347
1.918972308,0.3638,0.6231,1.1406,1.350
1.927865847,0.3885,0.6079,1.1418,1.351
1.928570154,0.4146,0.5961,1.1397,1.351
1.928880616,0.4344,0.5893,1.1443,1.358
1.929172231,0.4514,0.5800,1.1509,1.366
1.930799308,0.4588,0.5761,1.1643,1.378
1.933068231,0.4673,0.5754,1.1741,1.389
1.935607308,0.4703,0.5724,1.1821,1.395
1.937901154,0.4708,0.5712,1.1921,1.403
1.940294077,0.4673,0.5715,1.2075,1.415
1.943272231,0.4661,0.5649,1.2242,1.427
1.946803693,0.4630,0.5627,1.2442,1.442
1.947496847,0.4593,0.5598,1.2584,1.452
1.950471693,0.4530,0.5514,1.2696,1.456
1.959399924,0.4390,0.5519,1.2767,1.459
1.95963477,0.4237,0.5563,1.2860,1.464
1.959744847,0.4055,0.5635,1.2992,1.473
1.95984577,0.3872,0.5723,1.3223,1.492
1.961963693,0.3733,0.5788,1.3397,1.506
1.964270693,0.3640,0.5837,1.3495,1.515
1.966984308,0.3547,0.5824,1.3523,1.514
1.970479924,0.3428,0.5822,1.3474,1.507
1.971617154,0.3313,0.5830,1.3363,1.495
1.974006385,0.3217,0.5864,1.3223,1.482
1.97666577,0.3122,0.5817,1.3046,1.462
1.978872231,0.3056,0.5868,1.2823,1.443
1.981283,0.3007,0.5925,1.2559,1.421
1.984440616,0.3002,0.5982,1.2308,1.401
1.987533539,0.3030,0.6057,1.2056,1.383
1.98869077,0.3086,0.6118,1.1797,1.364
1.991297462,0.3215,0.6176,1.1482,1.343
1.993456924,0.3364,0.6218,1.1106,1.317
1.995872539,0.3531,0.6231,1.0681,1.286
1.99816177,0.3659,0.6252,1.0234,1.254
2.000606693,0.3741,0.6233,0.9860,1.225
2.004248308,0.3762,0.6287,0.9505,1.200
2.006511308,0.3801,0.6343,0.9263,1.185
2.008268231,0.3823,0.6413,0.9012,1.170
2.010858154,0.3902,0.6629,0.8873,1.174
2.012490154,0.3857,0.6570,0.8555,1.146
2.014939924,0.3792,0.6516,0.8198,1.114
2.017807616,0.3794,0.6443,0.7886,1.087
2.020249154,0.3711,0.6421,0.7690,1.068
2.022884,0.3608,0.6436,0.7619,1.061
2.024927693,0.3384,0.6499,0.7651,1.059
2.028439924,0.3105,0.6604,0.7770,1.066
2.029396847,0.2802,0.6729,0.7868,1.073
2.032102077,0.2560,0.6876,0.7961,1.083
2.034547,0.2357,0.6905,0.7989,1.082
2.036755693,0.2257,0.6895,0.8035,1.083
2.03933777,0.2211,0.6804,0.8173,1.086
2.041732847,0.2192,0.6665,0.8336,1.090
2.044210385,0.2233,0.6252,0.8785,1.101
2.046967,0.2167,0.5964,0.9032,1.104
2.049493154,0.1800,0.6201,0.8914,1.101
2.05149077,0.1777,0.6143,0.9114,1.113
2.055621539,0.1717,0.6492,0.9384,1.154
2.056152231,0.1920,0.7176,1.0600,1.294
2.067732616,0.1644,0.7510,1.0679,1.316
2.067948847,0.1368,0.7486,1.0234,1.275
2.068063308,0.1246,0.7249,0.9542,1.205
2.068175,0.1232,0.6937,0.8569,1.109
2.068284231,0.0774,0.6583,0.8680,1.092
2.070462077,-0.0083,0.6320,0.9806,1.167
2.072940616,-0.0495,0.6516,0.7986,1.032
2.075847616,-0.0588,0.6534,0.5834,0.878
2.077742154,-0.0223,0.6397,0.3422,0.726
2.080694154,0.0127,0.6521,-0.0195,0.653
2.08333477,0.0168,0.7093,-0.3366,0.785
2.087140308,0.0268,0.7599,-0.1243,0.770
2.087508231,0.0440,0.8011,0.2743,0.848
2.090046462,0.0391,0.8500,0.4211,0.949
2.094637462,0.0044,0.9184,0.3386,0.979
2.09490177,-0.0263,0.9760,0.3684,1.044
2.097421231,-0.0295,0.9930,0.5750,1.148
2.099947693,0.0193,0.9599,0.7686,1.230
2.102407001,0.0872,0.8930,0.8685,1.249
2.104319385,0.1430,0.8219,0.9058,1.231
2.106691308,0.1740,0.7687,0.9286,1.218
2.109187924,0.1886,0.7420,0.9456,1.217
2.111601231,0.2020,0.7376,0.9640,1.231
2.114303308,0.2169,0.7461,0.9759,1.247
2.117295924,0.2333,0.7562,0.9818,1.261
2.12069877,0.2521,0.7611,0.9867,1.271
2.121340231,0.2795,0.7538,0.9955,1.280
2.124323693,0.3026,0.7342,0.9862,1.266
2.12619077,0.3317,0.7193,0.9682,1.251
2.128601847,0.3522,0.7066,0.9430,1.230
2.130877539,0.3680,0.6995,0.9139,1.208
2.133565462,0.3804,0.6951,0.8844,1.187
2.135755693,0.3836,0.6990,0.8670,1.178
2.138085231,0.3862,0.6990,0.8631,1.176
2.140911001,0.3841,0.6961,0.8711,1.179
2.144082385,0.3833,0.6863,0.8780,1.178
2.145739693,0.3916,0.6783,0.8687,1.170
2.148165154,0.4109,0.6672,0.8504,1.156
2.154883308,0.4330,0.6574,0.8320,1.145
2.155283308,0.4586,0.6558,0.8238,1.148
2.155592847,0.4945,0.6424,0.8215,1.154
2.158292231,0.5260,0.6377,0.8262,1.169
2.169384924,0.5573,0.6340,0.8343,1.187
2.170033539,0.6147,0.6101,0.8423,1.208
2.170306693,0.7596,0.4933,0.8680,1.254
2.170412308,0.8064,0.5106,0.8723,1.293
2.170505847,0.7950,0.5681,0.8792,1.314
2.171776308,0.7532,0.6340,0.8934,1.329
2.174661231,0.7437,0.6702,0.9281,1.365
2.176560001,0.7689,0.6702,0.9657,1.405
2.178967616,0.8116,0.6382,0.9911,1.431
2.181330462,0.8429,0.6010,0.9929,1.434
2.185247616,0.8770,0.5619,0.9884,1.436
2.186240001,0.9079,0.5267,0.9989,1.449
2.188635924,0.9315,0.5029,1.0055,1.460
2.19118177,0.9408,0.4884,1.0229,1.473
2.193500308,0.9389,0.4782,1.0434,1.483
2.195784616,0.9310,0.4703,1.0507,1.481
2.198456539,0.9189,0.4613,1.0544,1.473
2.20068677,0.9098,0.4466,1.0593,1.466
2.203705539,0.8968,0.4388,1.0514,1.450
2.206597539,0.8930,0.4242,1.0373,1.433
2.209356231,0.8837,0.4051,1.0251,1.413
2.210284539,0.8705,0.3885,1.0197,1.396
2.213015924,0.8490,0.3685,1.0165,1.375
2.216839616,0.8234,0.3516,1.0138,1.353
2.21760677,0.8016,0.3369,1.0092,1.332
2.219936308,0.7798,0.3282,0.9972,1.308
2.222743924,0.7596,0.3222,0.9867,1.286
2.225639001,0.7422,0.3117,0.9757,1.265
2.227151616,0.7193,0.3010,0.9722,1.246
2.230740616,0.6970,0.2868,0.9682,1.227
2.232491924,0.6699,0.2714,0.9557,1.198
2.234512231,0.6418,0.2561,0.9435,1.169
2.236856001,0.6137,0.2416,0.9310,1.141
2.239388847,0.5879,0.2336,0.9127,1.110
2.242129847,0.5705,0.2234,0.9081,1.095
2.244047385,0.5541,0.2209,0.8944,1.075
2.246566077,0.5443,0.2155,0.8783,1.055
2.249007308,0.5346,0.2146,0.8445,1.022
2.25453477,0.5182,0.2146,0.8042,0.980
2.254810462,0.5040,0.2194,0.7553,0.934
2.256968924,0.4859,0.2178,0.6957,0.876
2.267719385,0.4784,0.2180,0.6276,0.819
2.268186154,0.4761,0.2138,0.5457,0.755
2.268316924,0.4810,0.1984,0.4632,0.697
2.268437231,0.5182,0.1459,0.3938,0.667
2.268560231,0.5409,0.1158,0.2894,0.624
2.270701462,0.5426,0.1200,0.2249,0.600
2.274778693,0.5421,0.1302,0.1521,0.578
2.27551777,0.5406,0.1347,0.0842,0.563
2.277952001,0.5451,0.1349,0.0202,0.562
2.280436924,0.5695,0.1119,-0.0398,0.582
2.285045154,0.6173,0.0729,-0.0892,0.628
2.28541377,0.7476,0.0394,-0.0647,0.751
2.287788001,0.8847,-0.0092,-0.0530,0.886
2.293029154,1.0405,-0.1052,-0.1109,1.052
2.293389539,1.0174,-0.0781,-0.1388,1.030
2.294791077,0.9310,-0.0143,-0.1407,0.942
2.297356001,0.8509,0.0438,-0.1275,0.862
2.300540231,0.7891,0.0755,-0.1114,0.800
2.302318154,0.8089,0.1090,-0.0594,0.818
2.304478385,0.9923,0.1295,-0.0139,1.001
2.307293539,0.9983,0.0384,-0.1668,1.013
2.309825462,0.9706,-0.0174,-0.1905,0.989
2.311819616,0.9269,-0.0600,-0.1949,0.949
2.316638462,0.8588,-0.0879,-0.1735,0.881
2.31721377,0.7449,-0.0966,-0.1151,0.760
2.319097847,0.6347,-0.0788,-0.0256,0.640
2.321772847,0.5551,-0.0480,0.0307,0.558
2.325476231,0.5211,-0.0155,0.0588,0.525
2.326522154,0.5297,0.0154,0.0986,0.539
2.328819077,0.5670,0.0487,0.1531,0.589
2.332099693,0.6184,0.0736,0.2164,0.659
2.334658462,0.6860,0.0980,0.3095,0.759
2.336051001,0.7373,0.1032,0.3525,0.824
2.338508924,0.7519,0.0941,0.3649,0.841
2.343439077,0.7491,0.0843,0.3994,0.853
2.343855616,0.7358,0.0794,0.4255,0.854
2.34550677,0.7158,0.0823,0.4343,0.841
2.348089847,0.6972,0.0899,0.4453,0.832
2.35288177,0.6848,0.0985,0.4556,0.828
2.353272616,0.6680,0.1137,0.4499,0.813
2.355910693,0.6713,0.1371,0.4558,0.823
2.366069462,0.6862,0.1615,0.4595,0.841
2.366557462,0.7090,0.1845,0.4663,0.868
2.366790077,0.7344,0.2004,0.4770,0.898
2.366903077,0.7581,0.2094,0.4917,0.928
2.367988924,0.7782,0.2185,0.5117,0.957
2.369855924,0.7943,0.2290,0.5335,0.984
2.373992001,0.8072,0.2444,0.5557,1.010
2.374542077,0.8238,0.2656,0.5723,1.038
2.376675616,0.8367,0.2940,0.5916,1.066
2.379688847,0.8492,0.3255,0.6144,1.098
2.38429077,0.8668,0.3653,0.6440,1.140
2.384731308,0.8919,0.4021,0.6782,1.190
2.386522154,0.9252,0.4371,0.7206,1.252
2.389096539,0.9592,0.4706,0.7714,1.318
2.395366154,0.9988,0.4872,0.8336,1.389
2.395810154,1.0415,0.5048,0.9330,1.487
2.396517462,1.0791,0.5390,1.0456,1.596
2.400430693,1.1172,0.5852,1.1917,1.735
2.400974154,1.1302,0.6289,1.3006,1.834
2.403568616,1.1323,0.6736,1.3263,1.870
2.40631477,1.1465,0.6937,1.3170,1.879
2.408788001,1.1779,0.6990,1.3434,1.918
2.410680231,1.2245,0.6860,1.4064,1.987
2.413176616,1.2853,0.6648,1.4974,2.082
2.416431616,1.3415,0.6548,1.5838,2.176
2.417947385,1.3838,0.6594,1.6370,2.243
2.42047477,1.3997,0.6714,1.6549,2.269
2.425770385,1.3992,0.6963,1.6605,2.280
2.426304847,1.3869,0.7203,1.6701,2.287
2.427754077,1.3594,0.7461,1.6838,2.289
2.431919693,1.3263,0.7657,1.6957,2.285
2.433544001,1.2872,0.7831,1.7025,2.274
2.434814385,1.2357,0.8034,1.6971,2.248
2.437426693,1.1766,0.8216,1.6826,2.211
2.442233462,1.1072,0.8475,1.6563,2.165
2.44265377,1.0363,0.8705,1.6270,2.116
2.444655385,0.9641,0.8905,1.5894,2.061
2.447537231,0.8849,0.9167,1.5523,2.008
2.453640308,0.8069,0.9385,1.5152,1.956
2.454185847,0.7256,0.9555,1.4746,1.901
2.454531924,0.6484,0.9707,1.4357,1.850
2.467451308,0.5758,0.9858,1.3915,1.800
2.467772539,0.5164,0.9981,1.3488,1.756
2.467928924,0.4568,1.0084,1.3070,1.713
2.468084616,0.4092,1.0212,1.2680,1.679
2.468241231,0.3618,1.0313,1.2354,1.649
2.469816847,0.3264,1.0350,1.2068,1.623
2.47103477,0.2956,1.0369,1.1827,1.600
2.473389462,0.2702,1.0384,1.1611,1.581
2.475740924,0.2521,1.0386,1.1411,1.563
2.478236539,0.2369,1.0352,1.1233,1.546
2.480626077,0.2231,1.0310,1.1030,1.526
2.483283077,0.2164,1.0242,1.0781,1.503
2.485495693,0.2145,1.0117,1.0581,1.480
2.491500924,0.2147,0.9968,1.0385,1.455
2.491954077,0.2006,0.9825,1.0192,1.430
2.492852231,0.1798,0.9817,0.9953,1.410
2.495008847,0.1612,0.9812,0.9638,1.385
2.499651077,0.1524,0.9680,0.9464,1.362
2.500002385,0.1444,0.9555,0.9340,1.344
2.502322385,0.1470,0.9326,0.9256,1.322
2.504813539,0.1465,0.9099,0.9193,1.302
2.507595308,0.1449,0.8833,0.9119,1.278
2.509611001,0.1517,0.8559,0.9156,1.263
2.514411616,0.1591,0.8283,0.9235,1.251
2.514900924,0.1703,0.8004,0.9352,1.243
2.516869231,0.1815,0.7728,0.9515,1.239
2.519285154,0.1866,0.7547,0.9718,1.245
2.521931693,0.1864,0.7333,0.9926,1.248
2.524056231,0.1791,0.7222,1.0162,1.260
2.526451001,0.1715,0.7037,1.0388,1.266
2.529359077,0.1605,0.6851,1.0598,1.272
2.532865154,0.1546,0.6616,1.0828,1.278
2.534017231,0.1412,0.6401,1.0961,1.277
2.536406462,0.1202,0.6189,1.1030,1.270
2.538979385,0.0987,0.6050,1.1101,1.268
2.541301539,0.0738,0.5905,1.1054,1.255
2.543861231,0.0498,0.5815,1.0949,1.241
2.546316539,0.0279,0.5698,1.0737,1.216
2.55160277,0.0117,0.5554,1.0474,1.186
2.552011693,-0.0018,0.5416,1.0150,1.150
2.555009539,-0.0065,0.5307,0.9755,1.111
2.555755385,-0.0118,0.5231,0.9332,1.070
2.565957462,-0.0153,0.5178,0.8873,1.027
2.566211077,-0.0158,0.5121,0.8364,0.981
2.566325847,-0.0170,0.5123,0.7863,0.939
2.566430462,-0.0263,0.5158,0.7380,0.901
2.567514077,-0.0356,0.5216,0.6901,0.866
2.569903693,-0.0449,0.5319,0.6349,0.829
2.572228001,-0.0519,0.5372,0.5692,0.784
2.574592308,-0.0510,0.5426,0.4991,0.739
2.577134385,-0.0495,0.5439,0.4282,0.694
2.579904308,-0.0421,0.5453,0.3586,0.654
2.582743077,-0.0407,0.5461,0.2902,0.620
2.584392539,-0.0439,0.5524,0.2273,0.599
2.587023001,-0.0458,0.5534,0.1690,0.580
2.590397154,-0.0456,0.5570,0.1211,0.572
2.591604924,-0.0470,0.5576,0.0786,0.565
2.594155385,-0.0439,0.5588,0.0409,0.562
2.597199693,-0.0414,0.5583,0.0151,0.560
2.598777462,-0.0390,0.5583,-0.0024,0.560
2.601227693,-0.0363,0.5625,-0.0137,0.564
2.603665847,-0.0351,0.5635,-0.0168,0.565
2.607646154,-0.0321,0.5698,-0.0110,0.571
2.608492231,-0.0265,0.5751,0.0023,0.576
2.610992308,-0.0153,0.5756,0.0227,0.576
2.614428231,-0.0080,0.5786,0.0514,0.581
2.615906385,-0.0016,0.5766,0.0847,0.583
2.618580616,0.0070,0.5747,0.1233,0.588
2.620817231,0.0112,0.5730,0.1676,0.597
2.623445231,0.0225,0.5744,0.2144,0.614
2.625364924,0.0291,0.5768,0.2618,0.634
2.627826385,0.0389,0.5805,0.3088,0.659
2.631371308,0.0457,0.5837,0.3559,0.685
2.632637539,0.0550,0.5854,0.3999,0.711
2.634921154,0.0601,0.5847,0.4467,0.738
2.638504539,0.0640,0.5879,0.4968,0.772
2.63969477,0.0628,0.5971,0.5504,0.815
2.642145154,0.0564,0.6079,0.5976,0.854
2.645206385,0.0476,0.6233,0.6481,0.900
2.648103693,0.0405,0.6357,0.6931,0.941
2.651023077,0.0352,0.6473,0.7353,0.980
2.651725462,0.0323,0.6580,0.7732,1.016
2.657641231,0.0398,0.6683,0.8012,1.044
2.658121539,0.0522,0.6814,0.8250,1.071
2.658943077,0.0603,0.6981,0.8431,1.096
2.661425154,0.0713,0.7200,0.8482,1.115
2.667534693,0.0764,0.7440,0.8452,1.129
2.667740308,0.0784,0.7694,0.8364,1.139
2.668515616,0.0789,0.7978,0.8159,1.144
2.670909154,0.0838,0.8248,0.7905,1.146
2.673293231,0.0948,0.8524,0.7593,1.145
2.675855385,0.1111,0.8810,0.7238,1.146
2.678141154,0.1272,0.9111,0.6894,1.150
2.680597847,0.1437,0.9441,0.6566,1.159
2.683062077,0.1549,0.9768,0.6283,1.172
2.685491077,0.1610,1.0152,0.6078,1.194
2.687945154,0.1612,1.0592,0.6009,1.228
2.690249847,0.1573,1.1039,0.5990,1.266
2.69285077,0.1449,1.1500,0.6107,1.310
2.697841462,0.1288,1.2003,0.6363,1.365
2.698207616,0.1139,1.2504,0.6698,1.423
2.701258462,0.0980,1.2937,0.7121,1.480
2.703385154,0.0852,1.3320,0.7617,1.537
2.706604001,0.0743,1.3692,0.8198,1.598
2.707375077,0.0650,1.3976,0.8841,1.655
2.709842385,0.0577,1.4288,0.9615,1.723
2.714127001,0.0491,1.4664,1.0463,1.802
2.714635385,0.0373,1.5080,1.1357,1.888
2.717017231,0.0239,1.5541,1.2323,1.983
2.719732847,0.0112,1.5959,1.3260,2.075
2.722375616,0.0066,1.6345,1.4164,2.163
2.724659077,0.0139,1.6665,1.5084,2.248
2.726940616,0.0200,1.7021,1.6039,2.339
2.730506693,0.0332,1.7396,1.7052,2.436
2.731462154,0.0562,1.7701,1.8117,2.534
2.73432177,0.0843,1.8021,1.9244,2.638
2.736505539,0.1090,1.8295,2.0451,2.746
2.738782154,0.1365,1.8539,2.1731,2.860
2.74118277,0.1666,1.8668,2.3126,2.977
2.743734462,0.2066,1.8700,2.4618,3.098
2.747526693,0.2492,1.8598,2.6029,3.209
2.748419924,0.2986,1.8416,2.7583,3.330
2.750802385,0.3550,1.8116,2.9053,3.442
2.758016616,0.4132,1.7789,3.0416,3.548
2.758590462,0.4708,1.7424,3.1711,3.649
2.759064308,0.5336,1.6948,3.2867,3.736
2.760859001,0.5907,1.6423,3.3861,3.809
2.774299001,0.6455,1.5839,3.4702,3.869
2.775082693,0.6931,1.5199,3.5376,3.912
2.775397539,0.7491,1.4556,3.5904,3.946
2.775656847,0.8025,1.3919,3.6199,3.960
2.775911924,0.8597,1.3235,3.6360,3.964
2.776189462,0.9137,1.2607,3.6323,3.952
2.777791001,0.9687,1.1991,3.6129,3.928
2.780293231,1.0237,1.1402,3.5775,3.892
2.781971693,1.0769,1.0853,3.5261,3.843
2.784530693,1.1267,1.0277,3.4580,3.779
2.788244539,1.1695,0.9658,3.3749,3.700
2.789572308,1.2106,0.9040,3.2726,3.604
2.792061539,1.2399,0.8466,3.1631,3.501
2.794408539,1.2602,0.7913,3.0411,3.386
2.796779308,1.2611,0.7381,2.9136,3.259
2.798954385,1.2521,0.6949,2.7714,3.120
2.801343616,1.2222,0.6550,2.6246,2.968
2.804522077,1.1803,0.6218,2.4663,2.804
2.806268231,1.1321,0.5912,2.3097,2.639
2.808778693,1.0720,0.5590,2.1504,2.467
2.813436231,1.0109,0.5319,1.9831,2.289
2.813974462,0.9467,0.5046,1.8203,2.113
2.815822693,0.8802,0.4799,1.6622,1.941
2.819463077,0.8143,0.4564,1.5115,1.777
2.82145077,0.7496,0.4340,1.3708,1.622
2.823041231,0.6899,0.4056,1.2288,1.466
2.825607001,0.6384,0.3741,1.0933,1.320
2.829428231,0.5917,0.3438,0.9628,1.181
2.830573847,0.5536,0.3059,0.8359,1.048
2.833370693,0.5213,0.2625,0.7043,0.915
2.836371308,0.5008,0.2185,0.5772,0.795
2.837994154,0.4866,0.1747,0.4541,0.688
2.840426385,0.4798,0.1347,0.3332,0.599
2.84298177,0.4725,0.1004,0.2217,0.531
2.846014693,0.4637,0.0874,0.1177,0.486
2.847431616,0.4537,0.0755,0.0143,0.460
2.849620847,0.4664,0.0415,-0.0867,0.476
2.856891308,0.4857,0.0159,-0.1986,0.525
2.857318385,0.5084,-0.0104,-0.3110,0.596
2.857577539,0.5346,-0.0367,-0.4180,0.680
2.85947777,0.5578,-0.0583,-0.5096,0.758
2.873895385,0.5688,-0.0697,-0.5927,0.824
2.874607308,0.5770,-0.0783,-0.6660,0.885
2.874888924,0.5849,-0.0910,-0.7244,0.935
2.87500577,0.5912,-0.0947,-0.7681,0.974
2.875203077,0.5858,-0.0915,-0.7943,0.991
2.875391001,0.5873,-0.1157,-0.8094,1.007
2.879153539,0.6096,-0.1589,-0.8241,1.037
2.879367308,0.6279,-0.1665,-0.8360,1.059
2.881056001,0.6455,-0.2119,-0.8165,1.062
2.883635077,0.6645,-0.3101,-0.7598,1.056
2.886815693,0.6885,-0.4001,-0.7125,1.068
2.889834154,0.7014,-0.4599,-0.6773,1.078
2.890904539,0.6829,-0.4946,-0.6438,1.061
2.893309231,0.6431,-0.5086,-0.6233,1.030
2.896260001,0.6028,-0.5119,-0.6024,0.994
2.897847308,0.5734,-0.5175,-0.5665,0.958
2.903679001,0.5534,-0.5347,-0.5184,0.928
2.904174693,0.5499,-0.5650,-0.4530,0.909
2.905217231,0.5478,-0.6048,-0.3804,0.900
2.907490385,0.5404,-0.6429,-0.3039,0.893
2.914481539,0.5309,-0.6798,-0.2329,0.893
2.915169154,0.5177,-0.7131,-0.1722,0.898
2.915498385,0.5052,-0.7385,-0.1192,0.903
2.917256847,0.4974,-0.7587,-0.0735,0.910
2.923231308,0.4873,-0.7699,-0.0340,0.912
2.923875308,0.4781,-0.7744,-0.0037,0.910
2.924752847,0.4715,-0.7788,0.0270,0.911
2.92860177,0.4661,-0.7780,0.0579,0.909
2.929080308,0.4619,-0.7741,0.0752,0.905
2.931529154,0.4656,-0.7673,0.0874,0.902
2.934620308,0.4684,-0.7516,0.1038,0.892
2.936677462,0.4752,-0.7373,0.1089,0.884
2.944193462,0.4798,-0.7174,0.1120,0.870
2.944620231,0.4850,-0.6957,0.1138,0.856
2.945534693,0.4922,-0.6732,0.1125,0.841
2.946147385,0.5028,-0.6542,0.1057,0.832
2.949521847,0.5206,-0.6314,0.1018,0.825
2.951499693,0.5397,-0.6072,0.0954,0.818
2.95770977,0.5555,-0.5833,0.0810,0.810
2.958279385,0.5705,-0.5589,0.0605,0.801
2.958629462,0.5824,-0.5305,0.0507,0.789
2.968724539,0.5970,-0.5049,0.0566,0.784
2.969412924,0.6049,-0.4767,0.0684,0.773
2.969737462,0.6066,-0.4467,0.0813,0.758
2.969858154,0.6005,-0.4071,0.0820,0.730
2.969978693,0.5814,-0.3695,0.0991,0.696
2.972426077,0.5521,-0.3304,0.1196,0.654
2.975281462,0.5285,-0.2903,0.1231,0.615
2.977421154,0.5020,-0.2537,0.1216,0.575
2.979705847,0.4747,-0.2276,0.1277,0.542
2.982346154,0.4566,-0.2021,0.1277,0.515
2.986553462,0.4410,-0.1799,0.1285,0.493
2.986894385,0.4263,-0.1626,0.1262,0.473
2.989331001,0.4139,-0.1467,0.1231,0.456
2.992084616,0.4073,-0.1306,0.1020,0.440
2.994223001,0.4016,-0.1164,0.0732,0.425
2.996731616,0.3990,-0.1059,0.0421,0.415
2.999238385,0.3941,-0.0991,0.0165,0.407
3.003606385,0.3911,-0.0932,-0.0195,0.403
3.005036924,0.3916,-0.0851,-0.0528,0.404
3.006475924,0.3906,-0.0712,-0.0838,0.406
3.009755693,0.3877,-0.0551,-0.1073,0.406
3.011037231,0.3821,-0.0323,-0.1329,0.406
3.013417847,0.3782,-0.0011,-0.1598,0.411
3.016092308,0.3750,0.0250,-0.1877,0.420
3.020320308,0.3809,0.0520,-0.2203,0.443
3.021079616,0.3997,0.0667,-0.2623,0.483
3.023530693,0.4272,0.0816,-0.3083,0.533
3.026169539,0.4640,0.0929,-0.3510,0.589
3.028109154,0.5067,0.1063,-0.3948,0.651
3.030786154,0.5548,0.1234,-0.4361,0.716
3.033368847,0.6088,0.1405,-0.4737,0.784
3.036211385,0.6606,0.1554,-0.5126,0.850
3.037631001,0.7046,0.1735,-0.5521,0.912
3.040454462,0.7400,0.1945,-0.5951,0.969
3.043352308,0.7701,0.2111,-0.6338,1.019
3.045489231,0.7976,0.2297,-0.6640,1.063
3.047858154,0.8206,0.2439,-0.6741,1.090
3.049788616,0.8432,0.2546,-0.6672,1.105
3.053256539,0.8614,0.2644,-0.6338,1.102
3.054565231,0.8779,0.2730,-0.5824,1.088
3.057067693,0.8903,0.2839,-0.5148,1.067
3.063592308,0.8910,0.2952,-0.4378,1.036
3.064151308,0.8847,0.3066,-0.3401,0.996
3.064490385,0.8730,0.3222,-0.2282,0.958
3.06716577,0.8573,0.3347,-0.1048,0.926
3.068845847,0.8448,0.3533,0.0265,0.916
3.071279616,0.8316,0.3746,0.1821,0.930
3.075227924,0.8148,0.4039,0.3470,0.973
3.077909847,0.8011,0.4319,0.5203,1.048
3.078616231,0.7931,0.4540,0.6923,1.146
3.081035616,0.7889,0.4703,0.8653,1.262
3.084228001,0.7871,0.4896,1.0351,1.390
3.085875077,0.7887,0.5111,1.2002,1.524
3.088230693,0.7918,0.5372,1.3510,1.656
3.091113462,0.8052,0.5693,1.4832,1.781
3.094656924,0.8201,0.6042,1.5911,1.889
3.095583924,0.8311,0.6426,1.6879,1.988
3.09839777,0.8378,0.6909,1.7683,2.075
3.101223693,0.8395,0.7459,1.8259,2.144
3.103056539,0.8414,0.8090,1.8643,2.200
3.105156924,0.8532,0.8766,1.8821,2.245
3.108557231,0.8773,0.9497,1.8760,2.278
3.110071924,0.9179,1.0277,1.8457,2.303
3.112335308,0.9665,1.1029,1.7963,2.319
3.116034077,1.0212,1.1735,1.7287,2.326
3.117853847,1.0806,1.2441,1.6474,2.330
3.119713231,1.1353,1.3100,1.5567,2.330
3.122989539,1.1917,1.3755,1.4539,2.329
3.127448001,1.2529,1.4356,1.3476,2.334
3.127727001,1.3119,1.4850,1.2381,2.336
3.129436847,1.3755,1.5255,1.1329,2.346
3.132064308,1.4349,1.5593,1.0360,2.359
3.135837154,1.4864,1.5851,0.9489,2.371
3.136477847,1.5320,1.5993,0.8790,2.383
3.139125154,1.5639,1.6040,0.8228,2.386
3.143620616,1.5878,1.6012,0.7844,2.387
3.144045462,1.5978,1.5893,0.7668,2.380
3.146429154,1.5886,1.5686,0.7658,2.360
3.148703924,1.5651,1.5351,0.7866,2.329
3.152481847,1.5264,1.4989,0.8250,2.293
3.153856231,1.4712,1.4671,0.8802,2.256
3.156119693,1.4046,1.4440,0.9442,2.225
3.162699308,1.3235,1.4281,1.0202,2.198
3.163125462,1.2357,1.4261,1.0879,2.178
3.163451308,1.1402,1.4261,1.1555,2.161
3.178992539,1.0400,1.4261,1.2203,2.146
3.179701462,0.9460,1.4202,1.2762,2.131
3.179902154,0.8465,1.4144,1.3207,2.112
3.180054693,0.7577,1.4000,1.3547,2.090
3.18021477,0.6738,1.3875,1.3752,2.066
3.180349154,0.5983,1.3748,1.3915,2.046
3.180584924,0.5360,1.3618,1.3984,2.024
3.184265462,0.4774,1.3433,1.4089,2.004
3.184719924,0.4272,1.3291,1.4087,1.983
3.18719777,0.3787,1.3089,1.4071,1.959
3.189855385,0.3403,1.2863,1.3994,1.931
3.191986385,0.3024,1.2563,1.3945,1.901
3.194275308,0.2702,1.2241,1.3866,1.869
3.196986462,0.2458,1.1918,1.3786,1.839
3.201107924,0.2274,1.1608,1.3686,1.809
3.201576847,0.2033,1.1309,1.3619,1.782
3.204117231,0.1845,1.0999,1.3519,1.753
3.206692308,0.1647,1.0731,1.3312,1.718
3.209062154,0.1444,1.0477,1.3121,1.685
3.211274385,0.1253,1.0203,1.2874,1.647
3.214611616,0.1067,0.9910,1.2587,1.606
3.217742154,0.0840,0.9646,1.2281,1.564
3.219831924,0.0628,0.9458,1.1944,1.525
3.221506385,0.0356,0.9304,1.1583,1.486
3.224901847,0.0139,0.9196,1.1224,1.451
3.226378385,-0.0131,0.9101,1.0832,1.415
3.228463924,-0.0430,0.9071,1.0409,1.381
3.231081847,-0.0654,0.8982,0.9933,1.341
3.233567616,-0.0923,0.8849,0.9484,1.300
3.235706462,-0.1115,0.8686,0.8976,1.254
3.238031385,-0.1257,0.8481,0.8467,1.205
3.240782077,-0.1411,0.8281,0.7973,1.158
3.24306677,-0.1585,0.8111,0.7495,1.116
3.245404924,-0.1714,0.7980,0.7041,1.078
3.24767777,-0.1846,0.7799,0.6593,1.038
3.250682385,-0.1986,0.7626,0.6190,1.002
3.252768924,-0.2066,0.7393,0.5814,0.963
3.254904539,-0.2110,0.7161,0.5482,0.926
3.260819693,-0.2088,0.6934,0.5161,0.889
3.26151477,-0.2161,0.6744,0.4826,0.857
3.263031308,-0.2247,0.6541,0.4536,0.827
3.264942693,-0.2489,0.6416,0.4226,0.808
3.275500924,-0.2767,0.6362,0.4024,0.802
3.275778077,-0.3078,0.6345,0.3833,0.803
3.276074693,-0.3314,0.6289,0.3708,0.802
3.276168001,-0.3537,0.6231,0.3605,0.802
3.276329154,-0.3673,0.6171,0.3598,0.803
3.279091616,-0.3712,0.6103,0.3612,0.800
3.281775308,-0.3693,0.6091,0.3759,0.805
3.28350277,-0.3563,0.6106,0.3962,0.810
3.285956001,-0.3395,0.6133,0.4238,0.819
3.289264001,-0.3124,0.6187,0.4546,0.829
3.291879308,-0.2782,0.6267,0.4861,0.841
3.293286385,-0.2371,0.6296,0.5154,0.847
3.295867077,-0.1939,0.6367,0.5320,0.852
3.298746077,-0.1434,0.6433,0.5457,0.856
3.300427616,-0.0901,0.6431,0.5433,0.847
3.302983693,-0.0397,0.6445,0.5333,0.837
3.308102693,0.0110,0.6502,0.5198,0.833
3.308397231,0.0538,0.6531,0.4993,0.824
3.31053777,0.0906,0.6614,0.4761,0.820
3.312972924,0.1195,0.6697,0.4427,0.812
3.315041847,0.1307,0.6797,0.4080,0.803
3.317504231,0.1385,0.6975,0.3710,0.802
3.320265154,0.1405,0.7119,0.3363,0.800
3.322335924,0.1402,0.7268,0.3070,0.801
3.324829462,0.1265,0.7445,0.2831,0.806
3.327442077,0.1123,0.7584,0.2660,0.811
3.332640924,0.0913,0.7694,0.2533,0.815
3.332933231,0.0706,0.7808,0.2423,0.821
3.334466462,0.0430,0.7924,0.2364,0.828
3.336880308,0.0163,0.7965,0.2342,0.830
3.339855616,-0.0127,0.7978,0.2433,0.834
3.341751924,-0.0375,0.8018,0.2633,0.845
3.343935308,-0.0661,0.8087,0.2904,0.862
3.350775924,-0.0935,0.8185,0.3312,0.888
3.351507924,-0.1123,0.8270,0.3808,0.917
3.352084539,-0.1240,0.8374,0.4380,0.953
3.353900231,-0.1255,0.8407,0.5032,0.988
3.360638462,-0.1177,0.8473,0.5816,1.034
3.361128616,-0.1006,0.8527,0.6661,1.087
3.361363616,-0.0796,0.8566,0.7673,1.153
3.363549462,-0.0532,0.8617,0.8706,1.226
3.372121231,-0.0176,0.8668,0.9820,1.310
3.372504847,0.0215,0.8723,1.0942,1.399
3.372736231,0.0659,0.8773,1.2068,1.494
3.37285377,0.1131,0.8805,1.3153,1.587
3.37519077,0.1635,0.8852,1.4148,1.677
3.378454078,0.2115,0.8913,1.5035,1.761
3.380827924,0.2570,0.8979,1.5797,1.835
3.382421154,0.3039,0.9052,1.6463,1.903
3.384828616,0.3442,0.9157,1.6943,1.956
3.388017154,0.3818,0.9277,1.7229,1.994
3.390086385,0.4158,0.9414,1.7241,2.008
3.392102693,0.4425,0.9668,1.6620,1.973
3.394925154,0.4402,0.9951,1.6515,1.978
3.397833154,0.4454,1.0112,1.6314,1.970
3.399373154,0.4402,1.0384,1.5638,1.928
3.401817231,0.4104,1.0867,1.4692,1.873
3.404423616,0.3601,1.1470,1.3759,1.827
3.407173847,0.3061,1.1984,1.2904,1.787
3.409234385,0.2467,1.2463,1.2042,1.751
3.411768616,0.1798,1.3012,1.1320,1.734
3.414020616,0.1087,1.3585,1.0747,1.736
3.416294154,0.0288,1.4298,1.0409,1.769
3.419227078,-0.0586,1.5064,1.0290,1.825
3.422708847,-0.1502,1.5896,1.0376,1.904
3.423772231,-0.2442,1.6683,1.0630,1.993
3.426104924,-0.3346,1.7352,1.1098,2.087
3.428850078,-0.4226,1.7887,1.1812,2.185
3.430992539,-0.4937,1.8267,1.2724,2.280
3.433200231,-0.5526,1.8412,1.3938,2.374
3.435699924,-0.6068,1.8414,1.5396,2.476
3.438836231,-0.6505,1.8292,1.7160,2.591
3.440448001,-0.6887,1.8094,1.8965,2.710
3.442870693,-0.7199,1.7936,2.0726,2.834
3.445540616,-0.7404,1.7828,2.2647,2.976
3.447887078,-0.7526,1.7691,2.4469,3.112
3.450162154,-0.7502,1.7477,2.6390,3.253
3.452757462,-0.7390,1.7202,2.8119,3.378
3.459336231,-0.7073,1.6799,2.9668,3.482
3.460121154,-0.6586,1.6308,3.0984,3.563
3.460835924,-0.5911,1.5788,3.2004,3.617
3.469844539,-0.5081,1.5274,3.2669,3.642
3.47085477,-0.4143,1.4822,3.3011,3.642
3.471045847,-0.3119,1.4398,3.3026,3.616
3.471219308,-0.2039,1.3995,3.2720,3.565
3.471799385,-0.0926,1.3518,3.2021,3.477
3.474033847,0.0176,1.3015,3.0939,3.357
3.476752231,0.1219,1.2534,2.9510,3.208
3.479091616,0.2147,1.2003,2.7734,3.030
3.484937154,0.2981,1.1435,2.5628,2.822
3.486463078,0.3741,1.0924,2.3316,2.602
3.487086154,0.4470,1.0557,2.0863,2.381
3.488768847,0.5023,1.0328,1.8277,2.159
3.491803078,0.5448,1.0254,1.5604,1.945
3.493740616,0.5739,1.0379,1.2909,1.753
3.496506385,0.5832,1.0699,1.0302,1.596
3.498275078,0.5786,1.1114,0.7919,1.482
3.500731924,0.5795,1.1507,0.5836,1.414
3.503629154,0.5917,1.1745,0.4136,1.379
3.505646693,0.6274,1.1679,0.2604,1.351
3.508300924,0.6843,1.1344,0.1385,1.332
3.510486154,0.7496,1.0755,0.0314,1.311
3.513103001,0.8153,1.0164,-0.0633,1.305
3.515532231,0.8605,0.9534,-0.1312,1.291
3.517619078,0.8949,0.8957,-0.1808,1.279
3.520278385,0.9081,0.8493,-0.2126,1.261
3.52259477,0.9045,0.8070,-0.2098,1.230
3.524843078,0.8935,0.7757,-0.1881,1.198
3.527379924,0.8758,0.7531,-0.1255,1.162
3.529831001,0.8563,0.7337,-0.0457,1.129
3.532066078,0.8402,0.7117,0.0505,1.102
3.534744001,0.8160,0.6695,0.1238,1.063
3.53812977,0.8006,0.6138,0.1883,1.026
3.539442154,0.7766,0.5439,0.2489,0.980
3.542196924,0.7530,0.4745,0.2941,0.937
3.545121462,0.7286,0.4041,0.3302,0.896
3.547214078,0.7051,0.3303,0.3579,0.857
3.549399308,0.6897,0.2563,0.3845,0.830
3.551615924,0.6773,0.1852,0.4104,0.813
3.553982693,0.6729,0.1195,0.4353,0.810
3.557770385,0.6850,0.0550,0.4604,0.827
3.558833462,0.6999,-0.0060,0.4844,0.851
3.570338462,0.7183,-0.0609,0.5093,0.883
3.570784616,0.7393,-0.1152,0.5310,0.917
3.570887078,0.7681,-0.1721,0.5484,0.959
3.570992616,0.8008,-0.2251,0.5631,1.005
3.571081231,0.8360,-0.2784,0.5755,1.052
3.57295777,0.8707,-0.3274,0.5846,1.099
3.57537077,0.9071,-0.3776,0.5907,1.146
3.577851308,0.9406,-0.4271,0.5944,1.192
3.583848616,0.9721,-0.4776,0.5892,1.233
3.584874154,1.0019,-0.5235,0.5821,1.272
3.585603078,1.0237,-0.5659,0.5721,1.302
3.588076231,1.0464,-0.6116,0.5518,1.332
3.589979385,1.0710,-0.6495,0.5254,1.358
3.592449154,1.0913,-0.6861,0.4942,1.381
3.595777847,1.1104,-0.7174,0.4572,1.399
3.597415616,1.1292,-0.7423,0.4174,1.414
3.599775616,1.1441,-0.7655,0.3833,1.429
3.602239001,1.1468,-0.7816,0.3644,1.435
3.604415308,1.1409,-0.7883,0.3368,1.427
3.606887078,1.1292,-0.7900,0.3183,1.414
3.609316308,1.1094,-0.7849,0.2980,1.391
3.612543693,1.0782,-0.7760,0.2801,1.358
3.614071616,1.0405,-0.7624,0.2589,1.316
3.616408924,0.9956,-0.7441,0.2313,1.264
3.619477231,0.9411,-0.7257,0.1937,1.204
3.622140924,0.8849,-0.7026,0.1436,1.139
3.623788001,0.8218,-0.6747,0.0896,1.067
3.626333847,0.7468,-0.6502,0.0486,0.991
3.62867377,0.6724,-0.6251,-0.0149,0.918
3.631168001,0.5927,-0.5999,-0.0848,0.848
3.633360001,0.5136,-0.5820,-0.1579,0.792
3.636511616,0.4344,-0.5652,-0.2364,0.751
3.638320231,0.3601,-0.5466,-0.3042,0.722
3.640749539,0.2821,-0.5259,-0.3657,0.700
3.64333877,0.2059,-0.4995,-0.4239,0.687
3.648365539,0.1378,-0.4721,-0.4866,0.692
3.648821154,0.0987,-0.4262,-0.6672,0.798
3.650398693,0.0410,-0.4096,-0.5775,0.709
3.657525231,-0.0221,-0.4135,-0.5988,0.728
3.658158462,-0.0776,-0.4125,-0.6235,0.752
3.658286385,-0.1470,-0.3735,-0.6980,0.805
3.660774462,-0.1308,-0.4024,-0.7221,0.837
3.673551693,-0.1040,-0.4369,-0.7940,0.912
3.674099308,-0.0898,-0.4413,-0.8609,0.972
3.674551616,-0.0845,-0.4326,-0.8966,0.999
3.675016847,-0.0877,-0.4164,-0.9228,1.016
3.675334154,-0.0820,-0.4028,-0.9609,1.045
3.675735385,-0.0617,-0.3876,-0.9936,1.068
3.677483693,-0.0307,-0.3766,-1.0151,1.083
3.679535308,0.0112,-0.3727,-1.0324,1.098
3.681976001,0.0515,-0.3735,-1.0440,1.110
3.684302078,0.0978,-0.3781,-1.0573,1.127
3.686726385,0.1465,-0.3803,-1.0635,1.139
3.68877377,0.1942,-0.3856,-1.0659,1.150
3.691484001,0.2413,-0.3840,-1.0288,1.124
3.694047616,0.2878,-0.3830,-1.0564,1.160
3.696044539,0.3328,-0.3756,-1.0484,1.162
3.698627385,0.3729,-0.3675,-1.0391,1.164
3.701451001,0.4076,-0.3617,-1.0207,1.157
3.70353777,0.4417,-0.3527,-1.0058,1.154
3.705839385,0.4725,-0.3448,-0.9899,1.150
3.708462078,0.4971,-0.3370,-0.9648,1.136
3.711583616,0.5145,-0.3277,-0.9352,1.117
3.713268308,0.5253,-0.3192,-0.9120,1.100
3.715628616,0.5273,-0.3118,-0.8856,1.077
3.717990078,0.5189,-0.3020,-0.8600,1.049
3.719687616,0.5050,-0.2911,-0.8136,1.001
3.722608616,0.4910,-0.2835,-0.7544,0.944
3.725207616,0.4781,-0.2754,-0.6790,0.875
3.727805462,0.4700,-0.2649,-0.5902,0.800
3.729770385,0.4612,-0.2593,-0.4869,0.719
3.732379693,0.4591,-0.2517,-0.3716,0.642
3.734829231,0.4596,-0.2366,-0.2482,0.573
3.737135924,0.4698,-0.2212,-0.1187,0.533
3.739550385,0.4974,-0.2025,0.0188,0.537
3.742284924,0.5369,-0.1834,0.1634,0.590
3.748015001,0.5910,-0.1585,0.3112,0.686
3.748554462,0.6499,-0.1322,0.4585,0.806
3.749950385,0.7125,-0.0966,0.5995,0.936
3.761642385,0.7791,-0.0661,0.7373,1.075
3.762682385,0.8480,-0.0311,0.8618,1.209
3.762832539,0.9242,0.0035,0.9743,1.343
3.762960001,1.0007,0.0482,1.0719,1.467
3.763073847,1.0867,0.0970,1.1562,1.590
3.763520847,1.1710,0.1484,1.2303,1.705
3.766287078,1.2646,0.1962,1.2850,1.814
3.772678693,1.3643,0.2388,1.3229,1.915
3.773032308,1.4773,0.2726,1.3523,2.021
3.773478462,1.6027,0.3108,1.3361,2.110
3.775567385,1.7285,0.3574,1.3583,2.227
3.777966154,1.8626,0.4061,1.4421,2.390
3.780464616,1.9729,0.4725,1.4504,2.494
3.783200231,2.0691,0.5481,1.4870,2.606
3.785562693,2.1402,0.6364,1.4914,2.685
3.78771477,2.1758,0.7340,1.4753,2.729
3.790527924,2.1751,0.8407,1.4378,2.740
3.793945847,2.1409,0.9518,1.3644,2.711
3.794992231,2.0710,1.0680,1.2635,2.651
3.797332616,1.9814,1.1826,1.1311,2.570
3.802253154,1.8795,1.2966,0.9815,2.485
3.803031078,1.7723,1.4072,0.8264,2.409
3.804668616,1.6655,1.5134,0.6686,2.348
3.807388308,1.5714,1.6064,0.5130,2.305
3.810373154,1.4859,1.6902,0.3659,2.280
3.81203877,1.4158,1.7549,0.2315,2.267
3.814364847,1.3622,1.7987,0.1148,2.259
3.81695777,1.3286,1.8309,0.0185,2.262
3.819148308,1.3086,1.8578,-0.0569,2.273
3.821746385,1.3000,1.8840,-0.1148,2.292
3.824136539,1.2983,1.9159,-0.1476,2.319
3.827140539,1.3034,1.9382,-0.1437,2.340
3.829327616,1.3205,1.9509,-0.1053,2.358
3.831307308,1.3396,1.9469,-0.0324,2.363
3.833869539,1.3684,1.9257,0.0556,2.363
3.836212616,1.3953,1.8905,0.1506,2.354
3.838532847,1.4219,1.8449,0.2447,2.342
3.841178462,1.4378,1.7980,0.3430,2.328
3.843495616,1.4478,1.7706,0.4516,2.331
3.845753154,1.4495,1.7530,0.5643,2.344
3.848284001,1.4475,1.7347,0.6815,2.360
3.855717231,1.4490,1.7105,0.8012,2.381
3.856517154,1.4521,1.6785,0.9186,2.402
3.856904616,1.4502,1.6425,1.0304,2.421
3.858330154,1.4314,1.6012,1.1331,2.428
3.867231924,1.4083,1.5583,1.2240,2.431
3.867778385,1.3720,1.5187,1.2901,2.419
3.867964924,1.3254,1.4754,1.3425,2.395
3.868132924,1.2751,1.4344,1.3813,2.365
3.869593462,1.2222,1.3863,1.4050,2.322
3.872645462,1.1686,1.3382,1.4250,2.277
3.874810154,1.1099,1.2919,1.4372,2.229
3.881499693,1.0512,1.2534,1.4475,2.184
3.882058154,0.9981,1.2101,1.4534,2.138
3.88255777,0.9489,1.1713,1.4595,2.098
3.884308539,0.9010,1.1314,1.4555,2.052
3.886845462,0.8578,1.0967,1.4502,2.010
3.889168924,0.8129,1.0711,1.4441,1.973
3.891547616,0.7628,1.0533,1.4348,1.936
3.893919693,0.7063,1.0518,1.4252,1.907
3.896161539,0.6464,1.0535,1.4103,1.875
3.898655078,0.5800,1.0613,1.3971,1.848
3.901505847,0.5131,1.0652,1.3747,1.813
3.903640539,0.4468,1.0680,1.3474,1.776
3.90602977,0.3794,1.0685,1.3141,1.736
3.90839477,0.3181,1.0648,1.2767,1.693
3.910727693,0.2560,1.0575,1.2188,1.634
3.913125539,0.1926,1.0511,1.1431,1.565
3.915708308,0.1223,1.0425,1.0668,1.497
3.918194385,0.0584,1.0286,0.9864,1.426
3.920454385,0.0021,1.0076,0.9026,1.353
3.923151078,-0.0495,0.9800,0.8238,1.281
3.925310385,-0.0896,0.9446,0.7563,1.213
3.927635308,-0.1228,0.9018,0.6994,1.148
3.93004277,-0.1509,0.8556,0.6496,1.085
3.932618462,-0.1727,0.8116,0.6075,1.028
3.934838462,-0.1875,0.7622,0.5790,0.975
3.937376001,-0.1990,0.7188,0.5545,0.929
3.939795924,-0.2061,0.6778,0.5345,0.887
3.943267078,-0.2086,0.6474,0.5171,0.854
3.944730078,-0.2122,0.6179,0.4984,0.822
3.947446154,-0.2086,0.5982,0.4817,0.796
3.949367308,-0.2012,0.5822,0.4616,0.770
3.954254078,-0.1856,0.5737,0.4341,0.743
3.95478277,-0.1636,0.5686,0.4111,0.720
3.958982462,-0.1441,0.5688,0.3825,0.700
3.962731693,-0.1228,0.5756,0.3517,0.686
3.963016308,-0.1071,0.5852,0.3202,0.676
3.963609847,-0.0905,0.5998,0.2931,0.674
3.978722693,-0.0768,0.6101,0.2680,0.671
3.979224847,-0.0607,0.6271,0.2418,0.675
3.979375001,-0.0532,0.6462,0.2220,0.685
3.979980539,-0.0493,0.6663,0.2088,0.700
3.980240231,-0.0495,0.6876,0.1942,0.716
3.980478693,-0.0570,0.7091,0.1821,0.734
3.980610154,-0.0700,0.7254,0.1749,0.749
3.983127693,-0.0840,0.7425,0.1678,0.766
3.985303616,-0.1101,0.7554,0.1632,0.781
3.987857539,-0.1406,0.7638,0.1627,0.793
3.990531308,-0.1748,0.7715,0.1632,0.808
3.992729231,-0.2081,0.7740,0.1660,0.818
3.995388924,-0.2359,0.7743,0.1716,0.827
3.997744924,-0.2538,0.7743,0.1790,0.834
3.999978693,-0.2664,0.7708,0.1886,0.837
4.002200539,-0.2753,0.7643,0.2030,0.837
4.004698154,-0.2780,0.7545,0.2179,0.833
4.007478693,-0.2787,0.7391,0.2320,0.823
4.016532924,-0.2680,0.7219,0.2526,0.810
4.017301462,-0.2510,0.7063,0.2801,0.800
4.017500231,-0.2342,0.6998,0.3207,0.805
4.017696616,-0.2103,0.7063,0.3659,0.823
4.019408308,-0.1781,0.7207,0.4143,0.850
4.022473847,-0.1378,0.7349,0.4619,0.879
4.025082385,-0.0837,0.7489,0.5093,0.910
4.027052231,-0.0192,0.7603,0.5573,0.943
4.029077154,0.0584,0.7664,0.6056,0.979
4.031292616,0.1451,0.7655,0.6544,1.017
4.033815616,0.2360,0.7584,0.6999,1.059
4.036241539,0.3320,0.7454,0.7485,1.107
4.038685847,0.4256,0.7364,0.8030,1.170
4.040716539,0.5087,0.7268,0.8662,1.240
4.043210385,0.5800,0.7222,0.9310,1.313
4.04568177,0.6452,0.7200,1.0036,1.394
4.048289847,0.6953,0.7198,1.0774,1.470
4.051707616,0.7317,0.7184,1.1546,1.544
4.053821847,0.7671,0.7186,1.2279,1.616
4.055373539,0.7957,0.7130,1.2950,1.679
4.061846078,0.8175,0.7125,1.3573,1.737
4.062162154,0.8182,0.7117,1.4113,1.780
4.062600001,0.8023,0.7137,1.4536,1.807
4.064935924,0.7766,0.7188,1.4834,1.822
4.068086385,0.7432,0.7254,1.5075,1.831
4.069785847,0.6999,0.7327,1.5252,1.831
4.072159001,0.6574,0.7417,1.5364,1.828
4.075050693,0.6189,0.7528,1.5340,1.817
4.076958078,0.5814,0.7638,1.5277,1.804
4.079555924,0.5404,0.7833,1.5142,1.788
4.08292277,0.4959,0.8119,1.4970,1.774
4.084293539,0.4386,0.8458,1.4830,1.763
4.086796231,0.3711,0.8903,1.4660,1.755
4.089295308,0.2881,0.9375,1.4534,1.753
4.091596539,0.1961,0.9917,1.4516,1.769
4.093963001,0.0957,1.0489,1.4614,1.801
4.096500924,-0.0004,1.1063,1.4870,1.853
4.09947077,-0.0864,1.1603,1.5369,1.928
4.101333539,-0.1665,1.2145,1.6156,2.028
4.103805154,-0.2417,1.2641,1.7306,2.157
4.106463078,-0.3163,1.3105,1.8870,2.319
4.108684847,-0.3952,1.3533,2.0810,2.514
4.110823616,-0.4756,1.3985,2.2762,2.714
4.113524539,-0.5625,1.4437,2.4963,2.938
4.116107693,-0.6559,1.4967,2.7260,3.178
4.118112231,-0.7456,1.5409,2.9591,3.419
4.120984308,-0.8306,1.5719,3.1678,3.633
4.123042154,-0.9002,1.5908,3.3421,3.809
4.126074385,-0.9471,1.5923,3.4751,3.938
4.127942385,-0.9740,1.5837,3.5618,4.018
4.130399308,-0.9833,1.5686,3.5974,4.046
4.132735385,-0.9579,1.5476,3.5775,4.014
4.134954462,-0.8990,1.5106,3.5137,3.929
4.137723693,-0.8238,1.4713,3.4223,3.815
4.140534078,-0.7299,1.4256,3.3111,3.678
4.142261539,-0.6281,1.3875,3.1834,3.529
4.144685462,-0.5091,1.3545,3.0560,3.381
4.148514078,-0.3796,1.3252,2.9293,3.237
4.149648924,-0.2475,1.3177,2.8188,3.121
4.152559924,-0.0835,1.3012,2.6964,2.995
4.154586693,0.0696,1.2917,2.5946,2.899
4.159698385,0.2094,1.2846,2.4986,2.817
4.160240539,0.3569,1.2724,2.3898,2.731
4.16238277,0.4959,1.2565,2.2740,2.645
4.173132924,0.6240,1.2355,2.1531,2.560
4.173636001,0.7270,1.2213,2.0167,2.467
4.173779616,0.7980,1.2038,1.8734,2.365
4.17388677,0.8463,1.1845,1.7278,2.259
4.173987308,0.8788,1.1537,1.5743,2.140
4.176055078,0.9064,1.1067,1.4194,2.015
4.179559385,0.9396,1.0479,1.2680,1.894
4.182514462,0.9697,0.9788,1.1164,1.773
4.183284231,0.9968,0.9071,0.9630,1.656
4.186266462,1.0053,0.8414,0.8203,1.546
4.188327078,0.9897,0.7953,0.6982,1.449
4.190725539,0.9657,0.7674,0.5829,1.364
4.193359308,0.9208,0.7569,0.4814,1.286
4.195655001,0.8766,0.7547,0.3943,1.222
4.198127385,0.8426,0.7554,0.3168,1.175
4.202000847,0.8294,0.7422,0.2589,1.143
4.202893154,0.8414,0.7093,0.1753,1.114
4.205102385,0.8644,0.6643,0.0808,1.093
4.207637539,0.8903,0.6084,-0.0021,1.078
4.209850693,0.9157,0.5578,-0.0713,1.075
4.212954385,0.9377,0.5085,-0.1358,1.075
4.214685539,0.9462,0.4662,-0.1798,1.070
4.217176924,0.9489,0.4230,-0.2064,1.059
4.219813231,0.9476,0.3763,-0.2182,1.043
4.222759078,0.9411,0.3296,-0.2131,1.020
4.224229462,0.9252,0.2810,-0.1964,0.987
4.226614154,0.8988,0.2314,-0.1737,0.944
4.229440847,0.8605,0.1794,-0.1365,0.890
4.231679078,0.8148,0.1305,-0.0885,0.830
4.235075693,0.7657,0.0814,-0.0364,0.771
4.236592539,0.7168,0.0331,0.0134,0.718
4.239868231,0.6677,-0.0160,0.0619,0.671
4.241159001,0.6264,-0.0604,0.1180,0.640
4.243663385,0.5858,-0.1081,0.1737,0.620
4.24701077,0.5534,-0.1504,0.2296,0.618
4.248587078,0.5331,-0.1927,0.2780,0.631
4.250784308,0.5255,-0.2368,0.3205,0.660
4.253437462,0.5336,-0.2835,0.3517,0.699
4.259699078,0.5519,-0.3360,0.3766,0.748
4.260492616,0.5775,-0.3893,0.3950,0.801
4.261080231,0.6088,-0.4340,0.4033,0.849
4.263068847,0.6398,-0.4741,0.4020,0.892
4.271272231,0.6721,-0.5081,0.3969,0.931
4.272227001,0.7102,-0.5288,0.3933,0.969
4.272559001,0.7461,-0.5449,0.3918,1.004
4.272830385,0.7791,-0.5559,0.3894,1.033
4.274720847,0.8097,-0.5625,0.3896,1.060
4.277175924,0.8416,-0.5666,0.3866,1.086
4.279966385,0.8695,-0.5706,0.3833,1.108
4.284468308,0.8835,-0.5684,0.3771,1.116
4.285189847,0.8863,-0.5603,0.3710,1.112
4.287311385,0.8754,-0.5498,0.3728,1.099
4.289535001,0.8576,-0.5349,0.3757,1.078
4.292267078,0.8265,-0.5156,0.3745,1.044
4.294448231,0.7913,-0.4949,0.3654,1.002
4.297439385,0.7547,-0.4731,0.3463,0.956
4.298910462,0.7242,-0.4545,0.3227,0.914
4.301378385,0.7032,-0.4420,0.2955,0.882
4.305436231,0.6870,-0.4282,0.2628,0.851
4.306316616,0.6773,-0.4201,0.2252,0.828
4.309117154,0.6706,-0.4091,0.1830,0.807
4.311335308,0.6629,-0.4015,0.1411,0.788
4.314108308,0.6518,-0.3979,0.0984,0.770
4.315921231,0.6391,-0.3942,0.0502,0.753
4.318315693,0.6196,-0.3896,0.0053,0.732
4.320904001,0.5922,-0.3863,-0.0317,0.708
4.32315477,0.5602,-0.3842,-0.0703,0.683
4.32564577,0.5218,-0.3868,-0.1082,0.659
4.32839877,0.4847,-0.3863,-0.1465,0.637
4.331088001,0.4481,-0.3879,-0.1824,0.620
4.332830078,0.4129,-0.3891,-0.2089,0.605
4.33571377,0.3850,-0.3835,-0.2284,0.589
4.33786677,0.3584,-0.3781,-0.2418,0.574
4.340079385,0.3354,-0.3642,-0.2448,0.552
4.342337539,0.3151,-0.3483,-0.2482,0.531
4.345250385,0.3061,-0.3334,-0.2538,0.519
4.35078177,0.3024,-0.3234,-0.2753,0.521
4.351343078,0.3066,-0.3153,-0.3026,0.534
4.352963001,0.3142,-0.3036,-0.3369,0.552
4.359485231,0.3256,-0.2901,-0.3726,0.574
4.360389462,0.3433,-0.2789,-0.4183,0.609
4.360948001,0.3640,-0.2735,-0.4688,0.653
4.361539616,0.3892,-0.2674,-0.5175,0.701
4.376224231,0.4263,-0.2659,-0.5700,0.760
4.377244616,0.4737,-0.2661,-0.6237,0.827
4.377638462,0.5213,-0.2677,-0.6718,0.892
4.378096616,0.5739,-0.2703,-0.7139,0.955
4.378314462,0.6313,-0.2696,-0.7435,1.012
4.378494078,0.6911,-0.2649,-0.7610,1.062
4.378880001,0.7530,-0.2645,-0.7671,1.107
4.380895616,0.8148,-0.2598,-0.7523,1.139
4.383306462,0.8646,-0.2488,-0.7278,1.157
4.386160847,0.9017,-0.2376,-0.6836,1.156
4.388517231,0.9347,-0.2214,-0.6352,1.152
4.391667616,0.9638,-0.2242,-0.5817,1.148
4.393429462,0.9914,-0.2319,-0.5367,1.151
4.396767693,0.9965,-0.2270,-0.4903,1.134
4.397843616,0.9841,-0.2244,-0.4192,1.093
4.400446693,0.9520,-0.2107,-0.3291,1.029
4.403023308,0.9171,-0.1897,-0.2287,0.964
4.405603078,0.8849,-0.1629,-0.1053,0.906
4.40765477,0.8504,-0.1318,0.0232,0.861
4.410292924,0.8192,-0.1000,0.1632,0.841
4.413091616,0.7808,-0.0693,0.3043,0.841
4.415177154,0.7379,-0.0421,0.4348,0.857
4.417548616,0.6831,-0.0162,0.5533,0.879
4.420884847,0.6269,0.0093,0.6642,0.913
4.422197539,0.5793,0.0379,0.7529,0.951
4.424576001,0.5448,0.0653,0.8250,0.991
4.427011078,0.5309,0.0975,0.8839,1.036
4.429625847,0.5387,0.1295,0.9375,1.089
4.431848616,0.5697,0.1617,1.0038,1.165
4.434440308,0.6149,0.1987,1.0788,1.258
4.43797377,0.6655,0.2346,1.1592,1.357
4.439011308,0.7195,0.2770,1.2357,1.457
4.441871385,0.7782,0.3133,1.3041,1.551
4.444136308,0.8397,0.3418,1.3558,1.631
4.446483924,0.9049,0.3672,1.3959,1.704
4.44847777,0.9626,0.4012,1.4204,1.762
4.451173462,1.0100,0.4545,1.4394,1.816
4.457868616,1.0435,0.5204,1.4585,1.867
4.458468001,1.0684,0.6030,1.4797,1.922
4.458755385,1.0818,0.6902,1.4970,1.972
4.461465231,1.0828,0.7738,1.4951,2.002
4.469937154,1.0694,0.8505,1.4583,1.998
4.470611616,1.0419,0.9238,1.3817,1.962
4.470792539,0.9904,1.0024,1.2684,1.896
4.470928001,0.9206,1.0843,1.1311,1.817
4.472544616,0.8509,1.1784,0.9706,1.748
4.474915385,0.7935,1.2758,0.7989,1.702
4.482670693,0.7544,1.3753,0.6270,1.689
4.483584539,0.7437,1.4652,0.4742,1.710
4.483799078,0.7559,1.5392,0.3451,1.749
4.484861462,0.7875,1.6010,0.2464,1.801
4.48729377,0.8390,1.6533,0.1702,1.862
4.489508924,0.8912,1.6948,0.1067,1.918
4.492282385,0.9418,1.7332,0.0632,1.974
4.494597231,0.9753,1.7784,0.0375,2.029
4.496842154,0.9960,1.8302,0.0219,2.084
4.49937377,1.0107,1.8868,0.0200,2.141
4.501731693,1.0217,1.9387,0.0337,2.192
4.504087924,1.0324,1.9790,0.0617,2.233
4.506603308,1.0422,2.0025,0.0977,2.260
4.509024539,1.0566,2.0173,0.1423,2.282
4.511736616,1.0689,2.0203,0.1886,2.293
4.513776616,1.0664,2.0179,0.2354,2.294
4.516304924,1.0626,2.0110,0.2794,2.292
4.518479385,1.0617,1.9978,0.3112,2.284
4.520814693,1.0657,1.9636,0.3334,2.259
4.523361847,1.0880,1.9145,0.3456,2.229
4.526060001,1.1236,1.8521,0.3544,2.195
4.528246154,1.1674,1.7889,0.3782,2.169
4.530469231,1.2176,1.7222,0.4099,2.149
4.533566078,1.2765,1.6569,0.4556,2.141
4.535592616,1.3376,1.5896,0.5173,2.141
4.537854462,1.4029,1.5216,0.5946,2.153
4.540407078,1.4674,1.4520,0.6806,2.174
4.543846078,1.5252,1.3834,0.7707,2.199
4.545792616,1.5760,1.3166,0.8704,2.230
4.547433539,1.6159,1.2556,0.9642,2.262
4.550690154,1.6384,1.1940,1.0526,2.284
4.55397777,1.6506,1.1354,1.1323,2.301
4.554875693,1.6405,1.0772,1.1939,2.297
4.557189462,1.6144,1.0217,1.2461,2.281
4.559582385,1.5770,0.9727,1.2818,2.253
4.564839385,1.5250,0.9176,1.2904,2.198
4.565352616,1.4625,0.8563,1.1963,2.074
4.567719385,1.3862,0.8314,1.2650,2.053
4.575076308,1.2814,0.8065,1.2623,1.971
4.575903616,1.1590,0.7894,1.2219,1.860
4.576086693,1.0379,0.7782,1.1878,1.759
4.576639924,0.9164,0.7669,1.1511,1.659
4.589752847,0.7982,0.7571,1.1084,1.562
4.590160308,0.6724,0.7464,1.0485,1.452
4.590291924,0.5453,0.7359,0.9896,1.348
4.59041877,0.4192,0.7261,0.9337,1.255
4.590536924,0.2978,0.7161,0.8792,1.172
4.591108231,0.1861,0.7046,0.8226,1.099
4.593813231,0.0811,0.6921,0.7673,1.037
4.595634462,-0.0043,0.6736,0.7202,0.986
4.59804677,-0.0847,0.6538,0.6815,0.948
4.60071477,-0.1565,0.6345,0.6412,0.916
4.603078693,-0.2159,0.6084,0.6105,0.889
4.605249231,-0.2633,0.5808,0.5818,0.863
4.608064616,-0.3083,0.5578,0.5629,0.850
4.610892924,-0.3483,0.5297,0.5524,0.841
4.612511308,-0.3786,0.5055,0.5516,0.839
4.614928539,-0.4020,0.4774,0.5589,0.838
4.617488308,-0.4209,0.4559,0.5685,0.842
4.619910078,-0.4287,0.4319,0.5818,0.842
4.622296308,-0.4402,0.4142,0.6072,0.857
4.624789231,-0.4448,0.3975,0.6395,0.875
4.628176847,-0.4511,0.3909,0.6796,0.905
4.62957877,-0.4621,0.3900,0.7260,0.945
4.631959385,-0.4697,0.3926,0.7770,0.989
4.634330078,-0.4798,0.3990,0.8352,1.043
4.636679385,-0.4944,0.4073,0.8870,1.094
4.639670154,-0.5110,0.4183,0.9312,1.142
4.641843924,-0.5308,0.4223,0.9623,1.177
4.64432277,-0.5487,0.4284,0.9838,1.205
4.646539693,-0.5664,0.4319,0.9892,1.219
4.649224231,-0.5816,0.4298,0.9855,1.222
4.656210385,-0.5967,0.4293,0.9691,1.216
4.656938078,-0.6134,0.4322,0.9335,1.198
4.657127385,-0.6293,0.4349,0.8865,1.171
4.658316616,-0.6491,0.4430,0.8289,1.142
4.664472308,-0.6735,0.4559,0.7676,1.118
4.664940231,-0.6952,0.4733,0.6999,1.094
4.665634078,-0.7116,0.4931,0.6339,1.073
4.671080231,-0.7258,0.5094,0.5662,1.052
4.671475924,-0.7343,0.5246,0.4981,1.031
4.672621539,-0.7411,0.5449,0.4255,1.014
4.675429462,-0.7463,0.5649,0.3554,1.001
4.677597231,-0.7532,0.5810,0.2906,0.995
4.680136539,-0.7588,0.6017,0.2289,0.995
4.682771693,-0.7637,0.6182,0.1629,0.996
4.685276001,-0.7619,0.6308,0.1008,0.994
4.68719477,-0.7529,0.6460,0.0432,0.993
4.689706693,-0.7451,0.6518,-0.0110,0.990
4.693303385,-0.7324,0.6572,-0.0620,0.986
4.694552616,-0.7221,0.6594,-0.1104,0.984
4.69689877,-0.7064,0.6583,-0.1488,0.977
4.69990677,-0.6869,0.6562,-0.1784,0.967
4.701965539,-0.6620,0.6570,-0.1969,0.953
4.704261231,-0.6400,0.6646,-0.2052,0.945
4.706575616,-0.6149,0.6785,-0.1966,0.937
4.709145231,-0.5878,0.6883,-0.1812,0.923
4.71144677,-0.5464,0.6965,-0.1546,0.899
4.714274078,-0.4998,0.7083,-0.1248,0.876
4.716475924,-0.4418,0.7125,-0.0874,0.843
4.718909155,-0.3798,0.7144,-0.0396,0.810
4.721759078,-0.3119,0.7179,0.0223,0.783
4.723776847,-0.2462,0.7247,0.0908,0.771
4.726520616,-0.1809,0.7340,0.1670,0.774
4.728247308,-0.1231,0.7484,0.2438,0.797
4.730765462,-0.0661,0.7667,0.3241,0.835
4.73344177,-0.0134,0.7829,0.4043,0.881
4.735736616,0.0332,0.7999,0.4866,0.937
4.738260847,0.0811,0.8136,0.5648,0.994
4.741384001,0.1297,0.8265,0.6435,1.055
4.742864001,0.1728,0.8393,0.7202,1.119
4.745186462,0.2201,0.8495,0.7937,1.183
4.747933539,0.2672,0.8622,0.8597,1.247
4.750310385,0.3186,0.8712,0.9127,1.301
4.752524001,0.3809,0.8786,0.9571,1.354
4.755052231,0.4239,0.9052,0.9960,1.411
4.758425539,0.4607,0.9490,1.0353,1.478
4.764492308,0.4947,0.9981,1.0673,1.543
4.765040308,0.5309,1.0520,1.0905,1.606
4.765248001,0.5614,1.1104,1.1091,1.667
4.776173539,0.5842,1.1779,1.1201,1.727
4.776821462,0.6007,1.2507,1.1215,1.784
4.77693877,0.5970,1.3359,1.1143,1.839
4.777039924,0.5726,1.4237,1.1028,1.890
4.777133462,0.5367,1.5167,1.0849,1.941
4.778987078,0.4933,1.6128,1.0686,1.997
4.781307385,0.4474,1.7124,1.0607,2.063
4.789491001,0.4104,1.8069,1.0639,2.137
4.790207001,0.3841,1.9028,1.0688,2.216
4.790383308,0.3718,1.9995,1.0776,2.302
4.791316231,0.3599,2.0923,1.0896,2.386
4.793619693,0.3550,2.1712,1.0779,2.450
4.795850078,0.3620,2.2567,1.1145,2.543
4.79828677,0.3865,2.3257,1.1885,2.640
4.800602155,0.4178,2.3692,1.2841,2.727
4.803449847,0.4537,2.3748,1.3910,2.789
4.806681539,0.4742,2.3459,1.5152,2.833
4.807918693,0.4954,2.2856,1.5342,2.797
4.810457847,0.5753,2.2297,1.8929,2.981
4.812679616,0.5930,2.2057,2.1313,3.124
4.815389155,0.6362,2.1649,2.2474,3.185
4.817999693,0.7095,2.1214,2.3558,3.249
4.820040847,0.7810,2.0748,2.4760,3.323
4.822474462,0.8209,2.0384,2.5862,3.394
4.825454693,0.8451,2.0222,2.7294,3.500
4.827080924,0.8570,2.0044,2.8584,3.595
4.829549155,0.8521,1.9946,2.9327,3.648
4.832228616,0.8372,1.9702,2.9647,3.657
4.83483877,0.8178,1.9348,2.9486,3.620
4.83782177,0.7943,1.8847,2.8943,3.544
4.839603001,0.7640,1.8231,2.7923,3.421
4.842092924,0.7190,1.7679,2.6500,3.266
4.844180847,0.6528,1.7239,2.4741,3.085
4.846773539,0.5688,1.6856,2.2691,2.883
4.849113155,0.4793,1.6541,2.0561,2.682
4.851198462,0.3934,1.6208,1.8379,2.482
4.853904539,0.3286,1.5822,1.6083,2.280
4.856744001,0.2839,1.5446,1.3793,2.090
4.862448231,0.2578,1.5055,1.1676,1.923
4.863088308,0.2585,1.4596,0.9769,1.775
4.863384847,0.2714,1.4121,0.7966,1.644
4.875503924,0.2883,1.3709,0.6505,1.545
4.876092616,0.3405,1.3015,0.5391,1.449
4.876231924,0.4073,1.2290,0.4365,1.366
4.87636677,0.4747,1.1608,0.3656,1.306
4.876497155,0.5355,1.1032,0.3309,1.270
4.878924616,0.5879,1.0540,0.3141,1.247
4.881186078,0.6354,1.0156,0.3200,1.240
4.883614078,0.6895,0.9788,0.3449,1.246
4.888635078,0.7542,0.9318,0.3838,1.259
4.889149231,0.8190,0.8810,0.4318,1.278
4.890511616,0.8814,0.8229,0.4712,1.295
4.892956001,0.9271,0.7671,0.5007,1.303
4.894926462,0.9597,0.7100,0.5164,1.301
4.89724577,0.9809,0.6543,0.5252,1.291
4.899716847,0.9860,0.6045,0.5203,1.268
4.901884308,0.9797,0.5570,0.5081,1.236
4.904641847,0.9660,0.5126,0.4915,1.199
4.906927385,0.9389,0.4674,0.4658,1.148
4.90907877,0.9056,0.4256,0.4409,1.093
4.911802462,0.8719,0.3860,0.4080,1.037
4.914269847,0.8321,0.3487,0.3717,0.976
4.916668616,0.7924,0.3108,0.3407,0.917
4.918808308,0.7540,0.2717,0.3080,0.859
4.921255078,0.7168,0.2372,0.2755,0.804
4.924539308,0.6890,0.1960,0.2440,0.757
4.926668001,0.6682,0.1533,0.2096,0.717
4.928831924,0.6594,0.1097,0.1737,0.691
4.930967308,0.6587,0.0597,0.1355,0.675
4.933609231,0.6606,0.0081,0.0964,0.668
4.936046693,0.6721,-0.0473,0.0642,0.677
4.938795001,0.6902,-0.1030,0.0381,0.699
4.941304001,0.7100,-0.1650,0.0180,0.729
4.943188001,0.7290,-0.2193,0.0048,0.761
4.945405231,0.7417,-0.2630,0.0006,0.787
4.948025155,0.7417,-0.2931,0.0072,0.798
4.951094462,0.7366,-0.3182,0.0151,0.803
4.952924001,0.7317,-0.3427,0.0263,0.808
4.95548977,0.7219,-0.3656,0.0381,0.810
4.961236539,0.7139,-0.3891,0.0495,0.815
4.962071078,0.7056,-0.4125,0.0595,0.820
4.962368539,0.7088,-0.4328,0.0628,0.833
4.966387924,0.7116,-0.4548,0.0581,0.847
4.966823924,0.7149,-0.4716,0.0446,0.858
4.970478078,0.7107,-0.4755,0.0276,0.856
4.972566078,0.7027,-0.4776,0.0104,0.850
4.98555777,0.6918,-0.4811,-0.0065,0.843
4.986308308,0.6762,-0.4826,-0.0256,0.831
4.986584231,0.6582,-0.4883,-0.0405,0.821
4.986844539,0.6459,-0.4937,-0.0520,0.815
4.987097539,0.6274,-0.4978,-0.0662,0.804
4.987413231,0.6084,-0.4956,-0.0867,0.789
4.988823924,0.5778,-0.4875,-0.1165,0.765
4.991086693,0.5426,-0.4811,-0.1456,0.740
4.993413231,0.5094,-0.4772,-0.1788,0.721
4.996057155,0.4754,-0.4697,-0.2028,0.698
4.998421155,0.4400,-0.4658,-0.2201,0.678
5.000959078,0.4095,-0.4602,-0.2282,0.657
5.003528616,0.3806,-0.4513,-0.2311,0.634
5.005811001,0.3562,-0.4433,-0.2260,0.612
5.007854078,0.3466,-0.4452,-0.2201,0.606
5.010475924,0.3301,-0.4408,-0.2118,0.590
5.013507078,0.3163,-0.4374,-0.2087,0.579
5.015512924,0.3107,-0.4343,-0.2087,0.573
5.017567308,0.3140,-0.4343,-0.2155,0.578
5.020171001,0.3144,-0.4387,-0.2320,0.587
5.022550462,0.3256,-0.4413,-0.2553,0.605
5.024955001,0.3377,-0.4413,-0.2802,0.622
5.027124847,0.3564,-0.4474,-0.3010,0.646
5.029705539,0.3789,-0.4526,-0.3249,0.674
5.032515308,0.4002,-0.4492,-0.3503,0.696
5.035411308,0.4163,-0.4411,-0.3711,0.711
5.037048616,0.4334,-0.4282,-0.4027,0.730
5.039556001,0.4517,-0.4076,-0.4378,0.750
5.04189477,0.4693,-0.3863,-0.4793,0.774
5.04409877,0.4966,-0.3973,-0.5189,0.821
5.04649777,0.6282,-0.5510,-0.5211,0.985
5.049019385,0.7056,-0.5818,-0.5600,1.072
5.051299385,0.6731,-0.4748,-0.6017,1.020
5.053875924,0.5609,-0.3048,-0.6645,0.921
5.057341539,0.4344,-0.1518,-0.7324,0.865
5.058596539,0.3462,-0.0607,-0.7833,0.859
5.060968231,0.3128,-0.0392,-0.8162,0.875
5.063254385,0.3335,-0.0668,-0.8488,0.914
5.070021462,0.3921,-0.1135,-0.8810,0.971
5.070256616,0.4575,-0.1643,-0.9089,1.031
5.070783308,0.5169,-0.1983,-0.9282,1.081
5.087189155,0.5576,-0.2130,-0.9396,1.113
5.08763077,0.5846,-0.2097,-0.9298,1.118
5.087751616,0.6049,-0.1958,-0.9023,1.104
5.087865462,0.6235,-0.1743,-0.8573,1.074
5.08796977,0.6564,-0.1620,-0.7913,1.041
5.088071308,0.7048,-0.1511,-0.7078,1.010
5.08848277,0.7622,-0.1492,-0.6066,0.986
5.090217847,0.8224,-0.1492,-0.4940,0.971
5.093564308,0.8781,-0.1415,-0.3662,0.962
5.095775001,0.9228,-0.1230,-0.2367,0.961
5.097770462,0.9660,-0.1010,-0.1111,0.978
5.099543385,0.9992,-0.0712,0.0107,1.002
5.102641539,1.0322,-0.0441,0.1413,1.043
5.104630078,1.0642,-0.0229,0.2775,1.100
5.107250385,1.1013,-0.0038,0.3982,1.171
5.109396001,1.1356,0.0157,0.5254,1.251
5.111579385,1.1712,0.0431,0.6891,1.360
5.114086462,1.2001,0.0802,0.8084,1.449
5.116370693,1.2228,0.1258,0.9452,1.551
5.119215693,1.2367,0.1896,1.0889,1.659
5.121299001,1.2424,0.2661,1.2433,1.778
5.123730078,1.2315,0.3648,1.4199,1.915
5.126156539,1.2049,0.4777,1.5934,2.054
5.131121462,1.1724,0.5979,1.7573,2.195
5.131821539,1.1395,0.7159,1.9014,2.329
5.133399924,1.1146,0.8212,2.0106,2.441
5.136112924,1.0974,0.9052,2.0791,2.519
5.139537231,1.0871,0.9930,2.0974,2.563
5.140658385,1.0904,1.0669,2.0551,2.559
5.143126693,1.0982,1.1493,1.9664,2.529
5.145595693,1.1097,1.2380,1.8375,2.478
5.148072539,1.1251,1.3262,1.6813,2.419
5.150527078,1.1465,1.4039,1.5230,2.367
5.152803924,1.1539,1.5069,1.3693,2.340
5.16142277,1.1541,1.6240,1.2149,2.333
5.162022693,1.1712,1.7293,1.0586,2.342
5.162213462,1.2171,1.7972,0.9049,2.352
5.162438078,1.2853,1.8368,0.7585,2.367
5.17547077,1.3684,1.8624,0.6183,2.392
5.176259308,1.4470,1.8761,0.5003,2.422
5.17653377,1.5028,1.9003,0.4145,2.458
5.176748001,1.5318,1.9362,0.3654,2.496
5.176903385,1.5341,1.9814,0.3486,2.530
5.177080539,1.5155,2.0188,0.3624,2.550
5.188277231,1.4784,2.0410,0.3982,2.551
5.189004001,1.4256,2.0401,0.4443,2.528
5.189173231,1.3708,2.0254,0.4973,2.496
5.189300231,1.3191,2.0007,0.5543,2.460
5.189412924,1.2727,1.9767,0.6239,2.432
5.191184539,1.2289,1.9562,0.6999,2.414
5.194047693,1.1861,1.9385,0.7842,2.404
5.197283385,1.1539,1.9098,0.8690,2.395
5.198548308,1.1407,1.8590,0.9510,2.379
5.200791385,1.1472,1.7862,1.0265,2.358
5.203449231,1.1600,1.7041,1.0940,2.334
5.206565231,1.1717,1.6250,1.1518,2.311
5.20877377,1.1852,1.5532,1.2054,2.296
5.210822462,1.2030,1.4884,1.2579,2.290
5.213631616,1.2287,1.4214,1.3055,2.288
5.215574078,1.2606,1.3540,1.3451,2.287
5.218293155,1.2888,1.2807,1.3835,2.284
5.220387924,1.3132,1.2131,1.4216,2.284
5.222704308,1.3217,1.1407,1.4665,2.280
5.225122693,1.3161,1.0782,1.5166,2.279
5.227552616,1.2975,1.0273,1.5682,2.280
5.229862385,1.2721,0.9817,1.6127,2.277
5.232260616,1.2340,0.9492,1.6358,2.258
5.234683308,1.1849,0.9245,1.6474,2.230
5.237790693,1.1243,0.9026,1.6363,2.181
5.23946577,1.0569,0.8886,1.6007,2.114
5.241838462,0.9831,0.8733,1.5518,2.034
5.244214155,0.8986,0.8576,1.4890,1.939
5.246863924,0.8129,0.8547,1.4087,1.837
5.249107001,0.7270,0.8468,1.3176,1.727
5.251517539,0.6413,0.8439,1.2288,1.623
5.257090462,0.5527,0.8490,1.1385,1.524
5.257525155,0.4656,0.8573,1.0404,1.426
5.258797462,0.3785,0.8668,0.9386,1.333
5.261274078,0.2978,0.8789,0.8301,1.245
5.269095924,0.2215,0.8830,0.7253,1.164
5.269424847,0.1532,0.8764,0.6219,1.086
5.269550693,0.0953,0.8644,0.5247,1.016
5.282749231,0.0430,0.8486,0.4392,0.956
5.283287693,0.0054,0.8263,0.3608,0.902
5.283462155,-0.0232,0.8029,0.2918,0.855
5.283639385,-0.0427,0.7764,0.2296,0.811
5.284290385,-0.0566,0.7513,0.1753,0.774
5.28453777,-0.0684,0.7273,0.1321,0.742
5.285264924,-0.0705,0.7014,0.0954,0.711
5.287953847,-0.0703,0.6807,0.0659,0.687
5.290186078,-0.0635,0.6536,0.0451,0.658
5.293144539,-0.0556,0.6259,0.0341,0.629
5.296140847,-0.0434,0.6057,0.0272,0.608
5.297490693,-0.0361,0.5781,0.0192,0.580
5.299882155,-0.0372,0.5639,0.0072,0.565
5.303058693,-0.0488,0.5426,-0.0068,0.545
5.30547377,-0.0612,0.5224,-0.0242,0.526
5.307308924,-0.0779,0.5072,-0.0384,0.515
5.309554693,-0.0917,0.4953,-0.0471,0.506
5.312403924,-0.1171,0.4965,-0.0574,0.513
5.314520001,-0.1514,0.5006,-0.0684,0.527
5.316866693,-0.1930,0.5123,-0.0877,0.554
5.320774385,-0.2315,0.5248,-0.1038,0.583
5.321780308,-0.2743,0.5348,-0.1204,0.613
5.324837231,-0.3136,0.5446,-0.1451,0.645
5.326455385,-0.3551,0.5590,-0.1695,0.684
5.328807308,-0.3940,0.5651,-0.1920,0.715
5.331252231,-0.4280,0.5773,-0.2126,0.749
5.333754462,-0.4651,0.5922,-0.2296,0.787
5.336306078,-0.5019,0.6103,-0.2450,0.827
5.338950385,-0.5362,0.6333,-0.2497,0.867
5.340929847,-0.5653,0.6516,-0.2469,0.897
5.343693231,-0.5904,0.6736,-0.2345,0.926
5.346042693,-0.6072,0.6890,-0.2211,0.945
5.348162078,-0.6205,0.7042,-0.2017,0.960
5.350941847,-0.6249,0.7142,-0.1771,0.965
5.353162693,-0.6232,0.7184,-0.1451,0.962
5.359315693,-0.6193,0.7266,-0.1041,0.960
5.359752847,-0.6090,0.7300,-0.0569,0.952
5.360209462,-0.5941,0.7373,-0.0081,0.947
5.371431078,-0.5769,0.7366,0.0444,0.937
5.372043385,-0.5567,0.7405,0.1031,0.932
5.372238155,-0.5347,0.7425,0.1590,0.929
5.372708001,-0.5093,0.7410,0.2096,0.923
5.372992539,-0.4805,0.7342,0.2604,0.915
5.375541847,-0.4446,0.7249,0.3090,0.905
5.378028847,-0.4069,0.7176,0.3532,0.897
5.384318462,-0.3749,0.7161,0.3977,0.901
5.384975616,-0.3491,0.7230,0.4416,0.916
5.385599924,-0.3246,0.7296,0.4868,0.935
5.388881231,-0.2972,0.7335,0.5315,0.953
5.389363308,-0.2618,0.7391,0.5716,0.970
5.391697462,-0.2244,0.7489,0.6060,0.989
5.395182078,-0.1902,0.7650,0.6307,1.010
5.397705155,-0.1529,0.7764,0.6496,1.024
5.399716001,-0.1147,0.7901,0.6652,1.039
5.402364231,-0.0719,0.8048,0.6750,1.053
5.404368308,-0.0244,0.8253,0.6810,1.070
5.406436924,0.0207,0.8486,0.6818,1.089
5.408409231,0.0715,0.8796,0.6733,1.110
5.411636847,0.1214,0.9033,0.6652,1.128
5.413176308,0.1740,0.9245,0.6626,1.151
5.415697155,0.2177,0.9438,0.6661,1.176
5.419880231,0.2465,0.9753,0.6855,1.217
5.420559078,0.2595,1.0130,0.7073,1.262
5.423056231,0.2609,1.0494,0.7373,1.309
5.425390155,0.2723,1.0846,0.7803,1.364
5.428546078,0.2856,1.1088,0.8367,1.418
5.430376308,0.3030,1.1256,0.8941,1.469
5.432737847,0.3298,1.1393,0.9520,1.521
5.435285462,0.3435,1.1374,0.9880,1.545
5.437847308,0.3655,1.1537,1.0358,1.593
5.439835924,0.4029,1.1935,1.1243,1.688
5.443159078,0.4272,1.2331,1.2130,1.782
5.444828616,0.4632,1.2888,1.3121,1.897
5.447153847,0.5140,1.3518,1.4331,2.036
5.449881539,0.5726,1.4078,1.5371,2.162
5.452058385,0.6333,1.4508,1.6261,2.269
5.457829539,0.6926,1.4840,1.6969,2.358
5.458249155,0.7547,1.5016,1.7529,2.428
5.460060616,0.8131,1.5192,1.7993,2.491
5.471673539,0.8563,1.5370,1.8391,2.545
5.472327693,0.8773,1.5768,1.8692,2.598
5.472674155,0.8605,1.6469,1.8780,2.642
5.472884616,0.8187,1.7328,1.8874,2.690
5.473075924,0.7669,1.8241,1.8855,2.733
5.473627001,0.7121,1.8896,1.8799,2.759
5.476000616,0.6577,1.9409,1.8484,2.760
5.483216539,0.5509,2.0482,1.7917,2.776
5.483872231,0.4349,2.1752,1.7169,2.805
5.484168001,0.3289,2.2863,1.6368,2.831
5.486076539,0.2306,2.3778,1.5454,2.845
5.488442155,0.1544,2.4463,1.4648,2.856
5.490768539,0.1048,2.4938,1.4145,2.869
5.492779924,0.0911,2.5182,1.4079,2.886
5.495301847,0.1106,2.5197,1.4604,2.914
5.497855385,0.1551,2.5131,1.5780,2.971
5.500295385,0.2122,2.4877,1.7742,3.063
5.503257462,0.2785,2.4530,2.0253,3.193
5.505072308,0.3525,2.4078,2.3034,3.351
5.507351693,0.4346,2.3677,2.5787,3.528
5.510768924,0.5177,2.3352,2.8230,3.700
5.512441847,0.5956,2.3177,3.0455,3.873
5.514802385,0.6762,2.3030,3.2256,4.021
5.517041155,0.7610,2.2768,3.3593,4.129
5.519730693,0.8492,2.2275,3.4384,4.184
5.521879001,0.9350,2.1454,3.4606,4.178
5.525276539,1.0095,2.0266,3.4057,4.090
5.527638462,1.0682,1.8842,3.2891,3.938
5.52888677,1.1111,1.7349,3.1233,3.742
5.531732231,1.1395,1.5898,2.9273,3.521
5.534376847,1.1646,1.4579,2.7176,3.297
5.536150155,1.1900,1.3513,2.5149,3.093
5.539504924,1.2140,1.2734,2.3246,2.915
5.541705231,1.2303,1.2120,2.1464,2.755
5.543784231,1.2602,1.1563,1.9715,2.610
5.545883616,1.2929,1.1009,1.7979,2.473
5.549085155,1.3312,1.0391,1.6212,2.341
5.552231308,1.3743,0.9763,1.4374,2.215
5.553158155,1.4160,0.9084,1.2510,2.096
5.555729462,1.4524,0.8458,1.0707,1.993
5.558286693,1.4842,0.7880,0.8958,1.904
5.565041847,1.5033,0.7506,0.7327,1.833
5.565485155,1.5147,0.7132,0.5941,1.776
5.565717847,1.5147,0.6714,0.4714,1.723
5.581457155,1.5082,0.6355,0.3623,1.676
5.582287078,1.4957,0.5940,0.2711,1.632
5.582638693,1.4815,0.5473,0.1870,1.590
5.58281377,1.4717,0.4948,0.1136,1.557
5.58293777,1.4483,0.4428,0.0481,1.515
5.583056847,1.4131,0.3932,-0.0132,1.467
5.583183385,1.3659,0.3426,-0.0728,1.410
5.584313462,1.3019,0.3069,-0.1295,1.344
5.588157231,1.2118,0.2910,-0.1728,1.258
5.594166385,1.0826,0.3122,-0.1676,1.139
5.594893847,1.0664,0.2392,-0.1747,1.107
5.595116001,1.0466,0.1556,-0.2416,1.085
5.598899693,1.0051,0.0809,-0.2726,1.045
5.599124924,0.9589,0.0152,-0.2863,1.001
5.601403001,0.9103,-0.0453,-0.3017,0.960
5.603505155,0.8653,-0.1008,-0.3088,0.924
5.606260001,0.8190,-0.1440,-0.3042,0.885
5.609128924,0.7691,-0.1802,-0.2944,0.843
5.610816539,0.7246,-0.2063,-0.2729,0.801
5.613357847,0.6814,-0.2312,-0.2457,0.760
5.615875385,0.6499,-0.2576,-0.2233,0.734
5.618311078,0.6296,-0.2945,-0.1984,0.723
5.620593231,0.6237,-0.3326,-0.1808,0.730
5.623200539,0.6252,-0.3719,-0.1666,0.746
5.62651477,0.6357,-0.4094,-0.1549,0.772
5.627844308,0.6435,-0.4420,-0.1402,0.793
5.630426078,0.6520,-0.4714,-0.1272,0.815
5.632669539,0.6538,-0.4946,-0.1134,0.828
5.635062078,0.6496,-0.5093,-0.1034,0.832
5.637519078,0.6375,-0.5168,-0.0955,0.826
5.639967385,0.6249,-0.5317,-0.0923,0.826
5.642671693,0.6088,-0.5377,-0.0975,0.818
5.644915385,0.5886,-0.5437,-0.1085,0.809
5.647240001,0.5646,-0.5501,-0.1283,0.799
5.649644847,0.5346,-0.5493,-0.1517,0.781
5.652376924,0.5031,-0.5520,-0.1786,0.768
5.654455924,0.4733,-0.5535,-0.2131,0.759
5.657103924,0.4444,-0.5533,-0.2469,0.751
5.663391693,0.4132,-0.5517,-0.2907,0.748
5.664181231,0.3823,-0.5412,-0.3442,0.747
5.66445077,0.3479,-0.5332,-0.4024,0.753
5.676080847,0.3188,-0.5219,-0.4624,0.767
5.67684577,0.2863,-0.5025,-0.5229,0.780
5.677329155,0.2573,-0.4848,-0.5793,0.798
5.677643078,0.2341,-0.4704,-0.6277,0.819
5.678047385,0.2204,-0.4548,-0.6773,0.845
5.679575001,0.2091,-0.4438,-0.7129,0.865
5.681363001,0.2059,-0.4371,-0.7471,0.890
5.688090462,0.2052,-0.4362,-0.7705,0.909
5.688537847,0.2147,-0.4392,-0.7922,0.931
5.688851385,0.2238,-0.4406,-0.8033,0.943
5.691335078,0.2365,-0.4436,-0.7976,0.943
5.692765462,0.2521,-0.4452,-0.7887,0.940
5.695633847,0.2655,-0.4425,-0.7784,0.934
5.698131385,0.2770,-0.4374,-0.7701,0.928
5.700480308,0.2876,-0.4299,-0.7645,0.923
5.702575001,0.3024,-0.4277,-0.7593,0.922
5.705345231,0.3186,-0.4294,-0.7554,0.925
5.708568231,0.3373,-0.4315,-0.7600,0.937
5.709877155,0.3569,-0.4382,-0.7556,0.944
5.712510462,0.3794,-0.4462,-0.7432,0.946
5.715242462,0.4048,-0.4501,-0.7281,0.947
5.717565231,0.4383,-0.4567,-0.7205,0.959
5.719886155,0.4659,-0.4609,-0.7088,0.965
5.722096924,0.5018,-0.4646,-0.6743,0.960
5.725143924,0.5367,-0.4602,-0.6823,0.983
5.726816847,0.5842,-0.4567,-0.6769,1.004
5.729090078,0.6408,-0.4560,-0.6745,1.036
5.731809231,0.7014,-0.4543,-0.6743,1.074
5.734313462,0.7647,-0.4560,-0.6773,1.119
5.736336308,0.8299,-0.4592,-0.6811,1.168
5.738944308,0.8935,-0.4569,-0.6780,1.211
5.741716616,0.9467,-0.4460,-0.6769,1.246
5.743723693,1.0016,-0.4324,-0.6692,1.280
5.746291924,1.0545,-0.4154,-0.6562,1.310
5.748593155,1.1097,-0.4040,-0.6462,1.346
5.75095777,1.1693,-0.3903,-0.6203,1.380
5.753414462,1.2250,-0.3739,-0.5737,1.403
5.756530155,1.2790,-0.3570,-0.4991,1.419
5.758496231,1.3320,-0.3343,-0.4016,1.431
5.760489462,1.3806,-0.3111,-0.2790,1.442
5.763191693,1.4211,-0.2762,-0.1368,1.454
5.770566385,1.4603,-0.2344,0.0183,1.479
5.771496001,1.5001,-0.1907,0.1888,1.524
5.771808924,1.5409,-0.1474,0.3635,1.590
5.77360177,1.5853,-0.1091,0.5403,1.678
5.783791385,1.6298,-0.0688,0.7155,1.781
5.784563693,1.6743,-0.0211,0.8763,1.890
5.784713231,1.7099,0.0289,1.0239,1.993
5.784936308,1.7260,0.0932,1.1567,2.080
5.785046693,1.7339,0.1666,1.2874,2.166
5.787127616,1.7325,0.2485,1.4220,2.255
5.789273539,1.7307,0.3291,1.5562,2.351
5.797007385,1.7295,0.4107,1.6894,2.452
5.798024539,1.7227,0.5009,1.7634,2.516
5.798276539,1.7048,0.6028,1.9363,2.649
5.799418385,1.6875,0.7081,2.1084,2.792
5.801302462,1.6571,0.8141,2.2268,2.893
5.803815385,1.6215,0.9143,2.3329,2.985
5.806409462,1.5839,1.0012,2.3849,3.033
5.809249155,1.5397,1.0708,2.3893,3.037
5.811214693,1.5042,1.1181,2.3302,2.990
5.814114078,1.4737,1.1510,2.2125,2.897
5.816040616,1.4414,1.1847,2.0446,2.768
5.818338078,1.4065,1.2248,1.8415,2.621
5.820947385,1.3682,1.2746,1.6207,2.475
5.823502693,1.3271,1.3340,1.4025,2.347
5.825564924,1.2953,1.3916,1.1990,2.248
5.828015078,1.2785,1.4359,1.0085,2.171
5.830618693,1.2792,1.4635,0.8367,2.116
5.83325877,1.2863,1.4928,0.6918,2.088
5.835212308,1.2881,1.5283,0.5589,2.075
5.837528847,1.2739,1.5788,0.4516,2.078
5.840681539,1.2436,1.6328,0.3661,2.085
5.842438155,1.2017,1.6878,0.2882,2.092
5.845601462,1.1529,1.7332,0.2200,2.093
5.847599693,1.1023,1.7640,0.1521,2.086
5.850131693,1.0593,1.7784,0.0789,2.071
5.852212924,1.0205,1.7775,0.0099,2.050
5.855115924,0.9814,1.7630,-0.0530,2.018
5.861890385,0.9420,1.7388,-0.0989,1.980
5.863030693,0.9045,1.7100,-0.1167,1.938
5.863237231,0.8770,1.6729,-0.1067,1.892
5.864235385,0.8686,1.6152,-0.0652,1.835
5.871354385,0.8793,1.5451,0.0026,1.778
5.871761847,0.9079,1.4691,0.0998,1.730
5.871904924,0.9484,1.3899,0.2142,1.696
5.886445231,0.9841,1.3164,0.3373,1.678
5.887111693,1.0214,1.2492,0.4632,1.679
5.887332001,1.0573,1.1852,0.5872,1.693
5.88753077,1.0908,1.1181,0.7192,1.720
5.887700847,1.1319,1.0474,0.8604,1.766
5.887882155,1.1627,0.9783,1.0106,1.825
5.888753231,1.1896,0.9108,1.1621,1.896
5.890772847,1.2101,0.8456,1.3176,1.979
5.893015616,1.2199,0.7904,1.4775,2.073
5.895759693,1.2115,0.7440,1.6419,2.172
5.898475385,1.1876,0.7112,1.8103,2.279
5.900287385,1.1495,0.6812,1.9706,2.381
5.902901539,1.0997,0.6570,2.1259,2.482
5.907364001,1.0335,0.6457,2.2635,2.571
5.908167924,0.9572,0.6478,2.3837,2.649
5.910090078,0.8646,0.6538,2.4809,2.707
5.912777539,0.7612,0.6746,2.5564,2.751
5.915226462,0.6452,0.7030,2.5948,2.765
5.917732231,0.5201,0.7291,2.6158,2.765
5.919758462,0.3914,0.7599,2.6031,2.740
5.922532616,0.2653,0.7929,2.5594,2.692
5.925118462,0.1421,0.8209,2.4802,2.616
5.926967693,0.0296,0.8475,2.3681,2.515
5.93139877,-0.0742,0.8686,2.2330,2.397
5.932107385,-0.1716,0.8905,2.0837,2.272
5.934322385,-0.2664,0.9101,1.9224,2.144
5.936832539,-0.3503,0.9206,1.7583,2.015
5.939918078,-0.4248,0.9343,1.5899,1.892
5.941387693,-0.4817,0.9421,1.4276,1.777
5.943922462,-0.5217,0.9421,1.2692,1.665
5.946487308,-0.5445,0.9345,1.1164,1.554
5.948773155,-0.5511,0.9269,0.9659,1.448
5.951446693,-0.5447,0.9103,0.8208,1.341
5.953596616,-0.5264,0.8905,0.6871,1.242
5.960072847,-0.5022,0.8642,0.5597,1.146
5.960961232,-0.4729,0.8386,0.4483,1.062
5.961268001,-0.4365,0.8183,0.3427,0.989
5.963554462,-0.3984,0.7987,0.2466,0.926
5.972932308,-0.3574,0.7808,0.1636,0.874
5.973798078,-0.3176,0.7696,0.0945,0.838
5.973968616,-0.2801,0.7552,0.0381,0.806
5.974347308,-0.2428,0.7408,-0.0088,0.780
5.978275078,-0.2098,0.7279,-0.0377,0.758
5.978521847,-0.1793,0.7127,-0.0582,0.737
5.984805462,-0.1621,0.7005,-0.0691,0.722
5.985176616,-0.1494,0.6900,-0.0735,0.710
5.985281232,-0.1446,0.6816,-0.0801,0.701
5.987963001,-0.1460,0.6760,-0.0901,0.697
5.989621462,-0.1592,0.6704,-0.1041,0.697
5.991804232,-0.1768,0.6709,-0.1167,0.704
5.994477847,-0.2032,0.6744,-0.1307,0.716
5.997316847,-0.2266,0.6780,-0.1474,0.730
5.999044232,-0.2471,0.6844,-0.1703,0.747
6.001439385,-0.2741,0.6888,-0.1994,0.768
6.00418977,-0.3026,0.7017,-0.2316,0.799
6.006737462,-0.3281,0.7070,-0.2646,0.823
6.008942462,-0.3483,0.7103,-0.2946,0.844
6.01195077,-0.3696,0.7105,-0.3215,0.863
6.013888539,-0.3803,0.7070,-0.3408,0.872
6.015939001,-0.3901,0.6998,-0.3547,0.876
6.018828847,-0.3896,0.6865,-0.3535,0.865
6.021402385,-0.3825,0.6788,-0.3452,0.852
6.02345077,-0.3745,0.6736,-0.3212,0.835
6.025774078,-0.3752,0.6734,-0.2841,0.822
6.028515078,-0.3789,0.6790,-0.2262,0.810
6.030689232,-0.3817,0.6900,-0.1575,0.804
6.033225232,-0.3869,0.6975,-0.0771,0.801
6.035731078,-0.3866,0.7032,0.0114,0.803
6.038835078,-0.3845,0.7039,0.1045,0.809
6.04010277,-0.3810,0.7061,0.1998,0.827
6.042596001,-0.3771,0.7122,0.2904,0.857
6.045211924,-0.3728,0.7232,0.3747,0.896
6.047599385,-0.3696,0.7335,0.4443,0.934
6.050176616,-0.3691,0.7457,0.5030,0.972
6.052571001,-0.3596,0.7618,0.5508,1.007
6.058773155,-0.3544,0.7767,0.5948,1.041
6.059598693,-0.3446,0.7926,0.6347,1.072
6.061139693,-0.3312,0.8062,0.6677,1.098
6.061901539,-0.3183,0.8221,0.6955,1.123
6.06890577,-0.3031,0.8341,0.7185,1.142
6.069425847,-0.2850,0.8514,0.7429,1.165
6.06968277,-0.2636,0.8668,0.7781,1.194
6.083437232,-0.2371,0.8796,0.8238,1.228
6.083894078,-0.2035,0.8964,0.8897,1.279
6.084321539,-0.1805,0.9152,0.9703,1.346
6.084531078,-0.1595,0.9382,1.0627,1.426
6.084739308,-0.1406,0.9665,1.1606,1.517
6.08491377,-0.1192,0.9968,1.2486,1.602
6.086081155,-0.1026,1.0291,1.3307,1.685
6.088312308,-0.0905,1.0638,1.4084,1.767
6.090821847,-0.0805,1.0995,1.4837,1.848
6.093112001,-0.0651,1.1327,1.5515,1.922
6.096068001,-0.0510,1.1630,1.6090,1.986
6.098283308,-0.0316,1.1945,1.6571,2.043
6.100596539,-0.0121,1.2255,1.6989,2.095
6.103428001,0.0102,1.2544,1.7343,2.140
6.105256308,0.0430,1.2844,1.7607,2.180
6.107588308,0.0867,1.3084,1.7788,2.210
6.110268308,0.1414,1.3366,1.7912,2.239
6.112415001,0.2033,1.3690,1.8098,2.278
6.114800616,0.2726,1.4058,1.8301,2.324
6.117499385,0.3513,1.4524,1.8592,2.385
6.12000277,0.4339,1.5080,1.8874,2.455
6.122260616,0.5208,1.5675,1.9125,2.527
6.124694693,0.6130,1.6289,1.9368,2.604
6.127114462,0.7090,1.6890,1.9535,2.678
6.129562078,0.8038,1.7477,1.9664,2.751
6.132635616,0.8937,1.8062,1.9864,2.830
6.134855078,0.9669,1.8728,2.0194,2.919
6.13709877,1.0149,1.9462,2.0710,3.018
6.139308924,1.0430,2.0266,2.1529,3.135
6.141943001,1.0650,2.1097,2.2571,3.268
6.144117847,1.0815,2.1877,2.3840,3.412
6.146508616,1.0877,2.2516,2.5217,3.551
6.148892539,1.0867,2.2968,2.6686,3.685
6.15140977,1.0731,2.3245,2.8166,3.806
6.158004616,1.0530,2.3249,2.9479,3.899
6.158864616,1.0295,2.3063,3.0578,3.966
6.15942677,1.0076,2.2653,3.1374,3.999
6.161536616,0.9934,2.2101,3.1980,4.012
6.173114693,0.9767,2.1539,3.2354,4.008
6.174101462,0.9553,2.0965,3.2481,3.982
6.17431777,0.9191,2.0557,3.2181,3.928
6.174491693,0.8641,2.0337,3.1462,3.845
6.174656539,0.7950,2.0210,3.0439,3.739
6.176602385,0.7212,2.0063,2.9300,3.624
6.177752232,0.6577,1.9707,2.7988,3.486
6.186311308,0.6117,1.9052,2.6383,3.311
6.187043693,0.5716,1.8278,2.4502,3.110
6.187411616,0.5265,1.7423,2.2549,2.898
6.187689539,0.4696,1.6582,2.0717,2.695
6.189827078,0.4076,1.5800,1.9090,2.511
6.192240232,0.3450,1.4964,1.7758,2.348
6.196133462,0.2861,1.4063,1.6630,2.197
6.196865155,0.2323,1.3130,1.5608,2.053
6.199396232,0.1866,1.2260,1.4621,1.917
6.201810462,0.1517,1.1515,1.3642,1.792
6.204243924,0.1337,1.0914,1.2638,1.675
6.206639308,0.1329,1.0335,1.1592,1.559
6.209133155,0.1549,0.9795,1.0497,1.444
6.211710155,0.1973,0.9192,0.9352,1.326
6.213918462,0.2570,0.8561,0.8191,1.212
6.216181232,0.3310,0.7867,0.7087,1.109
6.218791616,0.4127,0.7091,0.5887,1.010
6.220980616,0.5069,0.6252,0.4854,0.940
6.223403616,0.6079,0.5290,0.3913,0.896
6.226408616,0.7212,0.4354,0.3085,0.897
6.228975308,0.8492,0.3489,0.2371,0.948
6.23089777,0.9714,0.2707,0.1768,1.024
6.233136308,1.0818,0.2036,0.1313,1.109
6.235769155,1.1933,0.1432,0.0975,1.206
6.238002462,1.2858,0.0909,0.0717,1.291
6.241178385,1.3676,0.0469,0.0473,1.369
6.243099616,1.4395,0.0081,0.0232,1.440
6.245371693,1.4974,-0.0272,-0.0088,1.498
6.248007693,1.5294,-0.0644,-0.0461,1.531
6.250319616,1.5409,-0.1000,-0.0980,1.547
6.253117539,1.5353,-0.1371,-0.1544,1.549
6.255055078,1.5135,-0.1748,-0.2155,1.539
6.257299001,1.4742,-0.2072,-0.2772,1.514
6.259842155,1.4224,-0.2428,-0.3291,1.480
6.262288308,1.3633,-0.2726,-0.3869,1.443
6.265040232,1.3009,-0.3029,-0.4361,1.405
6.267129232,1.2433,-0.3355,-0.4745,1.372
6.27390577,1.1784,-0.3719,-0.4964,1.332
6.274617462,1.0877,-0.3844,-0.5040,1.259
6.275511616,1.0270,-0.4206,-0.5108,1.222
6.276750078,0.9774,-0.4721,-0.5497,1.217
6.289303693,0.9196,-0.5168,-0.5805,1.204
6.290095308,0.8588,-0.5520,-0.5954,1.182
6.290757847,0.7967,-0.5818,-0.6122,1.161
6.291086462,0.7376,-0.6099,-0.6208,1.141
6.291270462,0.6821,-0.6329,-0.6156,1.116
6.291571924,0.6279,-0.6554,-0.6037,1.090
6.294553155,0.5753,-0.6744,-0.5830,1.061
6.302271693,0.5278,-0.6957,-0.5527,1.033
6.304114155,0.4889,-0.7171,-0.5229,1.013
6.304308847,0.4544,-0.7350,-0.4910,0.994
6.304485232,0.4219,-0.7436,-0.4630,0.972
6.305711078,0.3890,-0.7506,-0.4353,0.951
6.308093539,0.3555,-0.7543,-0.4080,0.928
6.31124277,0.3212,-0.7587,-0.3820,0.908
6.313022693,0.2865,-0.7555,-0.3631,0.886
6.315086385,0.2504,-0.7543,-0.3438,0.866
6.317492616,0.2079,-0.7499,-0.3310,0.846
6.320667078,0.1603,-0.7399,-0.3132,0.819
6.322635385,0.1058,-0.7282,-0.2963,0.793
6.324978693,0.0454,-0.7062,-0.2846,0.763
6.327899001,-0.0158,-0.6828,-0.2844,0.740
6.329552616,-0.0722,-0.6605,-0.2846,0.723
6.332172539,-0.1257,-0.6390,-0.2861,0.711
6.335342693,-0.1727,-0.6211,-0.2921,0.708
6.336862078,-0.2115,-0.6038,-0.3024,0.708
6.339361462,-0.2433,-0.5845,-0.3240,0.711
6.341776232,-0.2680,-0.5706,-0.3522,0.722
6.344360308,-0.2811,-0.5561,-0.3776,0.729
6.346430462,-0.2892,-0.5364,-0.4036,0.731
6.349015616,-0.2878,-0.5151,-0.4195,0.724
6.352500924,-0.2816,-0.4888,-0.4314,0.710
6.353813847,-0.2718,-0.4638,-0.4386,0.694
6.356187001,-0.2550,-0.4382,-0.4442,0.674
6.358757462,-0.2276,-0.4133,-0.4523,0.654
6.361044308,-0.1951,-0.3935,-0.4619,0.637
6.363429232,-0.1570,-0.3722,-0.4659,0.617
6.366289155,-0.1135,-0.3525,-0.4588,0.590
6.372926078,-0.0735,-0.3258,-0.4476,0.558
6.373872308,-0.0304,-0.3011,-0.4334,0.529
6.374248616,0.0090,-0.2831,-0.4212,0.508
6.375644539,0.0515,-0.2581,-0.4092,0.486
6.384256539,0.0962,-0.2430,-0.3980,0.476
6.384997232,0.1427,-0.2246,-0.3874,0.470
6.385135001,0.1873,-0.2068,-0.3755,0.468
6.385330693,0.2338,-0.1934,-0.3640,0.474
6.388049847,0.2819,-0.1814,-0.3533,0.487
6.390346385,0.3266,-0.1741,-0.3396,0.502
6.392351693,0.3741,-0.1680,-0.3225,0.522
6.39807777,0.4302,-0.1606,-0.2995,0.548
6.399197539,0.4894,-0.1538,-0.2748,0.582
6.399889847,0.5511,-0.1436,-0.2457,0.620
6.402225539,0.6205,-0.1322,-0.2167,0.670
6.404364001,0.7011,-0.1257,-0.1905,0.737
6.40696677,0.7896,-0.1177,-0.1670,0.816
6.409792539,0.8847,-0.1145,-0.1437,0.904
6.411716847,0.9843,-0.1079,-0.1165,0.997
6.413998385,1.0894,-0.1032,-0.0862,1.098
6.416556539,1.1971,-0.0837,-0.0481,1.201
6.418999693,1.2941,-0.0685,-0.0014,1.296
6.421118385,1.3829,-0.0429,0.0568,1.385
6.423798155,1.4570,-0.0155,0.1231,1.462
6.426559924,1.5176,0.0133,0.1970,1.530
6.428723001,1.5721,0.0347,0.2748,1.596
6.430912924,1.6159,0.0599,0.3528,1.655
6.434197847,1.6538,0.0802,0.4299,1.711
6.435819308,1.6885,0.0990,0.5064,1.766
6.438568001,1.7175,0.1244,0.5711,1.814
6.440834693,1.7439,0.1493,0.6274,1.859
6.443178155,1.7625,0.1713,0.6750,1.895
6.445747001,1.7822,0.1969,0.7150,1.930
6.448061462,1.8018,0.2206,0.7532,1.965
6.45035777,1.8267,0.2444,0.7922,2.006
6.452699693,1.8541,0.2637,0.8299,2.048
6.454877462,1.8807,0.2783,0.8665,2.089
6.457813539,1.9088,0.2915,0.9037,2.132
6.463559001,1.9371,0.3064,0.9454,2.177
6.46422277,1.9643,0.3245,0.9889,2.223
6.464929847,1.9899,0.3455,1.0404,2.272
6.473631001,2.0070,0.3724,1.1077,2.322
6.47397777,2.0232,0.4102,1.1990,2.387
6.47411077,2.0265,0.4633,1.3058,2.455
6.487941462,2.0088,0.5167,1.4285,2.518
6.488416847,1.9580,0.5779,1.5335,2.553
6.488815308,1.8709,0.6465,1.6144,2.554
6.48910277,1.7573,0.7122,1.6603,2.520
6.489305232,1.6184,0.7833,1.6593,2.447
6.489536539,1.4742,0.8490,1.6024,2.337
6.489960308,1.3207,0.9225,1.4778,2.186
6.491783385,1.1627,1.0193,1.2926,2.015
6.493849232,1.0202,1.1202,1.0537,1.846
6.496724539,0.8979,1.2265,0.7928,1.714
6.498565462,0.8148,1.3184,0.5340,1.639
6.500927078,0.7735,1.3883,0.3078,1.619
6.503126385,0.7600,1.4322,0.1206,1.626
6.505857539,0.7740,1.4598,-0.0166,1.652
6.509325462,0.8113,1.4750,-0.0929,1.686
6.51065777,0.8617,1.4864,-0.1109,1.722
6.513005847,0.9213,1.4940,-0.0825,1.757
6.515431693,0.9778,1.5082,-0.0183,1.797
6.518059616,1.0319,1.5265,0.0581,1.844
6.519594385,1.0836,1.5314,0.1499,1.882
6.52264177,1.1383,1.5209,0.2526,1.916
6.525875693,1.1896,1.4920,0.3551,1.941
6.527466385,1.2313,1.4498,0.4619,1.957
6.529903001,1.2590,1.4041,0.5811,1.973
6.53273377,1.2690,1.3636,0.7111,1.994
6.534901155,1.2653,1.3347,0.8428,2.023
6.537444924,1.2614,1.3179,0.9684,2.065
6.539797232,1.2636,1.3112,1.0864,2.120
6.541926462,1.2699,1.3120,1.1775,2.173
6.544292616,1.2773,1.3157,1.2256,2.206
6.546628847,1.2753,1.3208,1.2410,2.216
6.549847616,1.2606,1.3230,1.2296,2.203
6.551889847,1.2413,1.3220,1.2024,2.176
6.555348924,1.2171,1.3166,1.1550,2.133
6.556768539,1.2008,1.3068,1.0964,2.086
6.559049462,1.1771,1.2954,1.0304,2.031
6.561029847,1.1483,1.2876,0.9645,1.976
6.563692616,1.1057,1.2810,0.9139,1.923
6.571552232,1.0557,1.2734,0.8885,1.878
6.572176539,1.0121,1.2590,0.8932,1.846
6.572421155,0.9678,1.2390,0.9142,1.819
6.573249539,0.9164,1.2157,0.9468,1.793
6.585173462,0.8536,1.2001,0.9815,1.770
6.585767924,0.7891,1.1920,1.0216,1.757
6.585921847,0.7224,1.1866,1.0610,1.748
6.586051693,0.6471,1.1835,1.0947,1.737
6.586182078,0.5744,1.1798,1.1240,1.728
6.587979385,0.4999,1.1742,1.1487,1.717
6.590153539,0.4309,1.1563,1.1660,1.698
6.597185539,0.3626,1.1374,1.1732,1.674
6.597510078,0.3037,1.1207,1.1695,1.648
6.597623001,0.2506,1.0960,1.1609,1.616
6.600595385,0.2015,1.0755,1.1482,1.586
6.602241847,0.1573,1.0518,1.1333,1.554
6.604564616,0.1216,1.0296,1.1118,1.520
6.607856001,0.0923,1.0105,1.0910,1.490
6.609435078,0.0689,0.9944,1.0644,1.458
6.611892539,0.0515,0.9751,1.0339,1.422
6.614828847,0.0452,0.9543,1.0001,1.383
6.617505155,0.0535,0.9309,0.9623,1.340
6.619000001,0.0764,0.9031,0.9210,1.292
6.622631078,0.1104,0.8773,0.8819,1.249
6.624686462,0.1465,0.8549,0.8392,1.207
6.626268847,0.1847,0.8351,0.8020,1.173
6.628696924,0.2204,0.8251,0.7612,1.144
6.631575385,0.2492,0.8190,0.7165,1.116
6.633788616,0.2812,0.8126,0.6713,1.091
6.635868232,0.3119,0.8070,0.6205,1.065
6.63871877,0.3340,0.8043,0.5699,1.041
6.642177232,0.3482,0.8043,0.5235,1.021
6.643209847,0.3522,0.8104,0.4802,1.006
6.645696924,0.3405,0.8175,0.4336,0.986
6.647784924,0.3217,0.8319,0.3808,0.970
6.65038177,0.3010,0.8442,0.3317,0.956
6.652657155,0.2783,0.8486,0.2862,0.938
6.655391385,0.2438,0.8563,0.2371,0.921
6.661464924,0.1976,0.8681,0.1914,0.911
6.662150462,0.1439,0.8845,0.1495,0.909
6.662469462,0.0852,0.9055,0.1106,0.916
6.664962155,0.0284,0.9233,0.0754,0.927
6.672281847,-0.0248,0.9390,0.0470,0.940
6.672635078,-0.0759,0.9450,0.0270,0.948
6.672820847,-0.1206,0.9458,0.0158,0.954
6.687114693,-0.1702,0.9458,0.0197,0.961
6.687961847,-0.2179,0.9462,0.0356,0.972
6.688187693,-0.2662,0.9390,0.0710,0.979
6.688401539,-0.3109,0.9329,0.1171,0.990
6.688602462,-0.3586,0.9225,0.1765,1.005
6.689270155,-0.3982,0.9152,0.2418,1.027
6.689764539,-0.4338,0.9069,0.3097,1.052
6.691464308,-0.4653,0.9026,0.3815,1.085
6.694042078,-0.4898,0.8959,0.4516,1.116
6.696600232,-0.5066,0.8947,0.5233,1.154
6.698800924,-0.5235,0.8857,0.5983,1.190
6.701044924,-0.5335,0.8803,0.6703,1.228
6.703850693,-0.5499,0.8820,0.7468,1.280
6.706707693,-0.5625,0.8786,0.8243,1.330
6.708519078,-0.5677,0.8759,0.8976,1.377
6.710877847,-0.5599,0.8737,0.9650,1.417
6.713389847,-0.5423,0.8717,1.0251,1.451
6.715689539,-0.5105,0.8720,1.0840,1.482
6.717875001,-0.4746,0.8698,1.1362,1.508
6.720723924,-0.4287,0.8681,1.1841,1.529
6.723287616,-0.3801,0.8617,1.2276,1.547
6.72510977,-0.3290,0.8581,1.2596,1.559
6.728095385,-0.2711,0.8514,1.2848,1.565
6.731073539,-0.2081,0.8463,1.2997,1.565
6.732896847,-0.1436,0.8407,1.3092,1.562
6.734939924,-0.0732,0.8368,1.3078,1.554
6.737336616,-0.0036,0.8290,1.2992,1.541
6.739761539,0.0618,0.8288,1.2816,1.528
6.742039616,0.1185,0.8339,1.2591,1.515
6.74435477,0.1691,0.8370,1.2333,1.500
6.746951616,0.2091,0.8356,1.2054,1.482
6.74950677,0.2434,0.8442,1.1739,1.466
6.751645539,0.2683,0.8547,1.1350,1.446
6.754871001,0.2966,0.8628,1.0973,1.427
6.760588308,0.3249,0.8737,1.0715,1.420
6.761155078,0.3462,0.8869,1.0530,1.420
6.761504232,0.3659,0.9006,1.0441,1.427
6.775353232,0.3809,0.9148,1.0444,1.440
6.776629232,0.3946,0.9316,1.0505,1.458
6.776897462,0.4063,0.9416,1.0649,1.478
6.777019924,0.4263,0.9462,1.0976,1.511
6.777144001,0.4434,0.9527,1.1482,1.556
6.77725777,0.4652,0.9607,1.2127,1.616
6.778483693,0.4835,0.9712,1.2818,1.679
6.787880616,0.4906,0.9893,1.3673,1.758
6.788132847,0.4926,1.0152,1.4646,1.849
6.788232847,0.4808,1.0535,1.5685,1.950
6.788324001,0.4647,1.0951,1.6813,2.060
6.790530462,0.4405,1.1339,1.7854,2.160
6.792529539,0.4221,1.1723,1.8872,2.261
6.795309232,0.4014,1.2182,1.9713,2.352
6.797636924,0.3799,1.2693,2.0456,2.437
6.79968277,0.3491,1.3394,2.1020,2.517
6.802253539,0.3115,1.4258,2.1506,2.599
6.806036924,0.2670,1.5287,2.1863,2.681
6.807540308,0.2157,1.6545,2.2102,2.769
6.809538078,0.1614,1.7860,2.2110,2.847
6.812242693,0.1139,1.9094,2.1963,2.912
6.81551377,0.0831,2.0081,2.1545,2.946
6.817375385,0.0752,2.0745,2.0810,2.939
6.819495308,0.0889,2.1127,1.9894,2.903
6.82281477,0.1229,2.1314,1.8841,2.847
6.824670462,0.1647,2.1395,1.7846,2.791
6.827506385,0.2108,2.1470,1.7074,2.751
6.829127693,0.2648,2.1542,1.6720,2.740
6.83163477,0.3373,2.1554,1.6717,2.749
6.834064232,0.4270,2.1412,1.7108,2.774
6.836230693,0.5094,2.1285,1.7846,2.824
6.839305232,0.5793,2.1309,1.8939,2.909
6.840913155,0.6431,2.1442,2.0329,3.024
6.843909539,0.7085,2.1591,2.1783,3.148
6.846305232,0.7915,2.1468,2.3183,3.257
6.848890385,0.8930,2.0848,2.4382,3.330
6.850634462,1.0029,1.9658,2.5061,3.339
6.853427001,1.1082,1.8082,2.5163,3.291
6.855935308,1.1908,1.6277,2.4763,3.194
6.857788616,1.2636,1.4415,2.3881,3.062
6.860386155,1.3275,1.2470,2.2743,2.914
6.862948847,1.3679,1.0606,2.1259,2.741
6.86875777,1.3926,0.9157,1.9561,2.570
6.869160308,1.3848,0.8114,1.8157,2.423
6.870541462,1.3577,0.7405,1.6879,2.289
6.880513847,1.3332,0.6890,1.5825,2.181
6.881357232,1.3215,0.6355,1.4876,2.089
6.881772924,1.3259,0.5763,1.3986,2.012
6.881918385,1.3440,0.5099,1.3067,1.943
6.882052847,1.3689,0.4415,1.2127,1.881
6.88415077,1.3943,0.3778,1.1169,1.826
6.887971385,1.4134,0.3213,1.0251,1.775
6.89415377,1.4304,0.2719,0.9408,1.734
6.894949232,1.4446,0.2299,0.8609,1.697
6.89520277,1.4534,0.1915,0.7919,1.666
6.897256001,1.4502,0.1596,0.7351,1.634
6.899075308,1.4421,0.1214,0.6840,1.601
6.901174155,1.4290,0.0760,0.6412,1.568
6.903672001,1.4116,0.0257,0.5958,1.532
6.906314385,1.3906,-0.0294,0.5513,1.496
6.908534693,1.3598,-0.0874,0.5059,1.453
6.911420847,1.3230,-0.1436,0.4637,1.409
6.913831616,1.2739,-0.1936,0.4272,1.357
6.915589155,1.2194,-0.2386,0.3987,1.305
6.918218078,1.1619,-0.2730,0.3705,1.250
6.922224001,1.1080,-0.3055,0.3515,1.202
6.923290155,1.0512,-0.3260,0.3468,1.154
6.925913155,0.9944,-0.3470,0.3612,1.113
6.927967616,0.9331,-0.3619,0.3901,1.074
6.930740924,0.8790,-0.3754,0.4287,1.048
6.932561155,0.8282,-0.3884,0.4732,1.030
6.935261232,0.7854,-0.3981,0.5222,1.024
6.93841777,0.7573,-0.4150,0.5746,1.037
6.939724308,0.7410,-0.4289,0.6212,1.058
6.942219001,0.7281,-0.4423,0.6610,1.078
6.944793847,0.7249,-0.4557,0.6948,1.103
6.947377847,0.7293,-0.4695,0.7172,1.125
6.949487001,0.7349,-0.4834,0.7311,1.144
6.952027924,0.7491,-0.4981,0.7376,1.163
6.954899693,0.7645,-0.5117,0.7411,1.181
6.956627616,0.7810,-0.5207,0.7358,1.193
6.95974977,0.7962,-0.5330,0.7275,1.203
6.961735693,0.8145,-0.5424,0.7118,1.210
6.964454155,0.8270,-0.5452,0.6884,1.206
6.966826462,0.8360,-0.5435,0.6549,1.193
6.969143616,0.8351,-0.5337,0.6158,1.167
6.975428539,0.8318,-0.5261,0.5760,1.140
6.975952847,0.8229,-0.5170,0.5318,1.108
6.976151924,0.8089,-0.5112,0.4839,1.072
6.988492924,0.7887,-0.5061,0.4260,1.029
6.98923077,0.7647,-0.5021,0.3566,0.982
6.989484232,0.7381,-0.4976,0.2743,0.931
6.989755924,0.7107,-0.4883,0.1910,0.883
6.990140001,0.6806,-0.4804,0.1074,0.840
6.990376924,0.6523,-0.4704,0.0148,0.804
6.993201539,0.6189,-0.4513,-0.0747,0.770
7.002207308,0.5809,-0.4369,-0.1627,0.745
7.002735001,0.5378,-0.4164,-0.2487,0.724
7.002872924,0.4976,-0.3979,-0.3312,0.718
7.003264924,0.4503,-0.3837,-0.4121,0.721
7.005483385,0.4046,-0.3695,-0.4882,0.734
7.007190693,0.3626,-0.3602,-0.5602,0.758
7.009910155,0.3274,-0.3507,-0.6308,0.793
7.012508847,0.2939,-0.3476,-0.6967,0.832
7.014385539,0.2719,-0.3485,-0.7530,0.873
7.016829232,0.2548,-0.3534,-0.7964,0.908
7.019417462,0.2431,-0.3574,-0.8255,0.932
7.021763078,0.2380,-0.3565,-0.8429,0.946
7.024375385,0.2323,-0.3539,-0.8470,0.947
7.026829232,0.2316,-0.3404,-0.8336,0.930
7.029098155,0.2362,-0.3272,-0.8020,0.898
7.031481847,0.2426,-0.3157,-0.7566,0.855
7.033951924,0.2511,-0.3045,-0.7051,0.808
7.037022078,0.2627,-0.2985,-0.6452,0.758
7.038637155,0.2748,-0.2960,-0.5827,0.709
7.041379924,0.2846,-0.2964,-0.5267,0.668
7.043880847,0.2956,-0.3013,-0.4784,0.638
7.046368001,0.3068,-0.3085,-0.4373,0.617
7.04809777,0.3163,-0.3134,-0.4074,0.604
7.050804308,0.3310,-0.3157,-0.3829,0.597
7.053107308,0.3469,-0.3141,-0.3640,0.593
7.05533077,0.3594,-0.3157,-0.3501,0.593
7.057789539,0.3755,-0.3180,-0.3335,0.594
7.060473462,0.3992,-0.3180,-0.3166,0.601
7.062617847,0.4197,-0.3178,-0.3000,0.606
7.065027693,0.4393,-0.3169,-0.2834,0.611
7.067475616,0.4512,-0.3173,-0.2711,0.615
7.070605232,0.4642,-0.3153,-0.2614,0.619
7.072271616,0.4754,-0.3138,-0.2583,0.625
7.074940001,0.4850,-0.3118,-0.2597,0.632
7.077091078,0.4987,-0.3113,-0.2658,0.645
7.079900232,0.5087,-0.3131,-0.2758,0.658
7.082195616,0.5192,-0.3111,-0.2939,0.673
7.08429377,0.5301,-0.3082,-0.3110,0.688
7.095636924,0.5409,-0.2955,-0.3303,0.699
7.096579001,0.5487,-0.2833,-0.3466,0.708
7.096919924,0.5527,-0.2669,-0.3554,0.709
7.097241462,0.5573,-0.2505,-0.3671,0.713
7.097452232,0.5663,-0.2327,-0.3762,0.719
7.098933232,0.5842,-0.2224,-0.3865,0.735
7.101735078,0.6059,-0.2144,-0.4016,0.758
7.104266155,0.6350,-0.2053,-0.4092,0.783
7.106407308,0.6721,-0.1997,-0.4107,0.813
7.108700924,0.7141,-0.1946,-0.3990,0.841
7.111736616,0.7507,-0.1797,-0.3713,0.857
7.113479385,0.7854,-0.1555,-0.3259,0.864
7.115904308,0.8138,-0.1271,-0.2526,0.862
7.118483078,0.8316,-0.0986,-0.1581,0.852
7.120607693,0.8519,-0.0724,-0.0557,0.857
7.123519308,0.8756,-0.0560,0.0527,0.879
7.126383924,0.8963,-0.0416,0.1716,0.914
7.128487308,0.9242,-0.0299,0.2958,0.971
7.130317847,0.9604,-0.0211,0.4160,1.047
7.132667078,0.9926,-0.0069,0.5196,1.120
7.135299308,1.0270,0.0186,0.6046,1.192
7.137595385,1.0586,0.0447,0.7304,1.287
7.139812616,1.0931,0.0780,0.8128,1.364
7.14237477,1.1344,0.1161,0.9232,1.467
7.144849462,1.1795,0.1533,1.0416,1.581
7.147181462,1.2357,0.1957,1.1634,1.708
7.149892616,1.2956,0.2421,1.3043,1.854
7.153281232,1.3469,0.3052,1.4529,2.005
7.154480847,1.3921,0.3799,1.6092,2.161
7.157023616,1.4214,0.4708,1.7705,2.319
7.15953077,1.4407,0.5627,1.9214,2.467
7.161835308,1.4563,0.6536,2.0492,2.598
7.165478462,1.4591,0.7361,2.1394,2.692
7.166852001,1.4481,0.8067,2.1790,2.738
7.173481232,1.4227,0.8744,2.1536,2.725
7.174373155,1.3855,0.9563,2.0593,2.660
7.174771924,1.3275,1.0523,1.9048,2.549
7.176547308,1.2585,1.1659,1.6962,2.413
7.187488232,1.1737,1.2883,1.4453,2.264
7.188088539,1.0820,1.4137,1.1667,2.129
7.188247001,1.0002,1.5297,0.8807,2.029
7.188381232,0.9413,1.6194,0.6048,1.968
7.188807001,0.9084,1.6860,0.3354,1.944
7.190498462,0.8932,1.7391,0.0720,1.956
7.193011001,0.8942,1.7904,-0.1717,2.009
7.200750462,0.9028,1.8402,-0.3841,2.085
7.201790693,0.9147,1.8881,-0.5588,2.171
7.202175078,0.9313,1.9269,-0.6934,2.250
7.202640232,0.9469,1.9543,-0.8031,2.315
7.205002155,0.9616,1.9723,-0.8858,2.366
7.207612308,0.9678,1.9890,-0.9318,2.400
7.211441155,0.9634,1.9953,-0.9328,2.404
7.212216924,0.9548,1.9927,-0.8956,2.384
7.214629462,0.9450,1.9751,-0.8262,2.340
7.217251385,0.9428,1.9333,-0.7400,2.275
7.219605847,0.9431,1.8786,-0.6408,2.198
7.222057462,0.9357,1.8139,-0.5345,2.110
7.224518462,0.9194,1.7510,-0.4244,2.023
7.227128232,0.8956,1.6948,-0.3115,1.942
7.229137847,0.8732,1.6416,-0.2045,1.871
7.231567078,0.8588,1.5954,-0.1158,1.816
7.234242078,0.8583,1.5473,-0.0332,1.770
7.236522155,0.8670,1.5026,0.0375,1.735
7.239002155,0.8819,1.4473,0.0923,1.697
7.241282462,0.9073,1.3804,0.1639,1.660
7.243747616,0.9440,1.2991,0.2112,1.620
7.246204539,0.9872,1.2087,0.2640,1.583
7.248576232,1.0315,1.1132,0.3470,1.557
7.25108177,1.0706,1.0266,0.4539,1.551
7.253487385,1.0980,0.9446,0.5827,1.561
7.255716847,1.1216,0.8686,0.7327,1.597
7.258502693,1.1307,0.8006,0.9017,1.653
7.265012232,1.1299,0.7396,1.0771,1.727
7.265745462,1.1267,0.6839,1.2452,1.813
7.266080616,1.1106,0.6387,1.4164,1.910
7.276837847,1.0840,0.6050,1.5780,2.008
7.277541462,1.0498,0.5796,1.7273,2.103
7.277974385,1.0076,0.5593,1.8496,2.179
7.278167309,0.9582,0.5497,1.9442,2.236
7.278322155,0.8971,0.5490,2.0123,2.271
7.280785462,0.8339,0.5495,2.0686,2.297
7.282166155,0.7705,0.5500,2.1069,2.310
7.284668232,0.7065,0.5495,2.1189,2.300
7.28698577,0.6394,0.5619,2.1182,2.283
7.289600001,0.5756,0.5676,2.1052,2.255
7.29208977,0.5233,0.5744,2.0832,2.223
7.294988001,0.4757,0.5791,2.0397,2.173
7.296600539,0.4312,0.5800,1.9955,2.122
7.299849847,0.3909,0.5824,1.9244,2.048
7.301821847,0.3552,0.5798,1.8424,1.964
7.304011309,0.3266,0.5739,1.7446,1.865
7.306692616,0.3035,0.5642,1.6390,1.760
7.309819693,0.2851,0.5530,1.5257,1.648
7.311185847,0.2676,0.5360,1.4057,1.528
7.313546078,0.2562,0.5190,1.2855,1.410
7.316133462,0.2478,0.4994,1.1653,1.292
7.318483924,0.2413,0.4826,1.0500,1.181
7.320751001,0.2329,0.4684,0.9415,1.077
7.323473539,0.2252,0.4559,0.8350,0.978
7.326496539,0.2133,0.4420,0.7392,0.887
7.328030155,0.2008,0.4364,0.6386,0.799
7.330639616,0.1884,0.4373,0.5528,0.730
7.333184539,0.1742,0.4435,0.4676,0.668
7.335225232,0.1526,0.4573,0.3933,0.622
7.337900001,0.1248,0.4789,0.3146,0.586
7.340474385,0.0982,0.4997,0.2382,0.562
7.34333777,0.0659,0.5285,0.1732,0.560
7.34495877,0.0256,0.5500,0.1101,0.561
7.347749462,-0.0139,0.5788,0.0570,0.582
7.349966078,-0.0603,0.6028,0.0109,0.606
7.352216924,-0.1157,0.6336,-0.0281,0.645
7.354820232,-0.1756,0.6665,-0.0620,0.692
7.363151693,-0.2408,0.7021,-0.0913,0.748
7.363772309,-0.3078,0.7403,-0.1165,0.810
7.364383924,-0.3761,0.7772,-0.1348,0.874
7.364693847,-0.4429,0.8121,-0.1556,0.938
7.378737462,-0.5025,0.8468,-0.1707,0.999
7.379836232,-0.5592,0.8754,-0.1824,1.055
7.380121232,-0.6097,0.8933,-0.1886,1.098
7.380261155,-0.6491,0.9101,-0.1823,1.133
7.380515309,-0.6845,0.9231,-0.1676,1.161
7.380739924,-0.7143,0.9365,-0.1419,1.186
7.381911385,-0.7423,0.9551,-0.1036,1.214
7.392067693,-0.7663,0.9737,-0.0584,1.240
7.393116539,-0.7812,0.9937,-0.0030,1.264
7.393478078,-0.7893,1.0037,0.0617,1.278
7.393748001,-0.7817,1.0119,0.1297,1.285
7.393944539,-0.7676,1.0171,0.2007,1.290
7.395516616,-0.7441,1.0208,0.2745,1.293
7.398168309,-0.7082,1.0210,0.3456,1.290
7.400774385,-0.6647,1.0125,0.4125,1.279
7.402750078,-0.6097,1.0071,0.4800,1.271
7.406133847,-0.5443,1.0003,0.5499,1.265
7.407513155,-0.4776,0.9926,0.6323,1.270
7.409939693,-0.4024,0.9893,0.7148,1.285
7.413639001,-0.3209,0.9876,0.7942,1.307
7.415783693,-0.2396,0.9839,0.8704,1.335
7.417557847,-0.1616,0.9825,0.9403,1.369
7.419998155,-0.0854,0.9770,1.0016,1.402
7.422584847,-0.0106,0.9680,1.0556,1.432
7.425845155,0.0554,0.9609,1.1077,1.467
7.427082462,0.1160,0.9474,1.1606,1.503
7.429480539,0.1771,0.9345,1.2086,1.538
7.432344001,0.2333,0.9218,1.2628,1.581
7.434144309,0.2878,0.9115,1.3167,1.627
7.436491001,0.3320,0.9120,1.3732,1.682
7.439388539,0.3706,0.9140,1.4199,1.729
7.442428847,0.4092,0.9208,1.4597,1.774
7.444408847,0.4425,0.9236,1.4922,1.810
7.446355078,0.4757,0.9333,1.5147,1.842
7.448728001,0.5071,0.9390,1.5220,1.859
7.451091309,0.5367,0.9458,1.5200,1.869
7.453440232,0.5625,0.9572,1.5030,1.869
7.456256001,0.5902,0.9656,1.4800,1.863
7.462267078,0.6154,0.9732,1.4573,1.857
7.462949539,0.6415,0.9778,1.4287,1.846
7.46323877,0.6606,0.9834,1.3996,1.834
7.47523377,0.6757,0.9874,1.3793,1.826
7.475867309,0.6831,0.9910,1.3730,1.826
7.476130385,0.6774,0.9998,1.3781,1.832
7.476259924,0.6626,1.0142,1.3991,1.851
7.476381232,0.6389,1.0364,1.4345,1.882
7.478706462,0.6112,1.0778,1.4830,1.932
7.480036924,0.5824,1.1263,1.5345,1.991
7.482745155,0.5490,1.1813,1.5914,2.057
7.488480232,0.5185,1.2341,1.6466,2.122
7.489181232,0.4859,1.2861,1.7008,2.187
7.490373462,0.4503,1.3354,1.7511,2.248
7.492248616,0.4212,1.3911,1.7932,2.308
7.494455309,0.3882,1.4552,1.8345,2.374
7.496941847,0.3452,1.5323,1.8734,2.445
7.499480924,0.2949,1.6294,1.9125,2.530
7.501624232,0.2429,1.7342,1.9530,2.623
7.504134385,0.1935,1.8368,1.9908,2.716
7.507838693,0.1478,1.9231,2.0323,2.802
7.50895777,0.1109,1.9853,2.0642,2.866
7.511554462,0.0931,2.0291,2.0922,2.916
7.514028232,0.0882,2.0491,2.1120,2.944
7.516310385,0.1029,2.0486,2.1418,2.966
7.518576924,0.1263,2.0337,2.1814,2.985
7.521369232,0.1593,2.0074,2.2271,3.003
7.524435385,0.2045,1.9660,2.2799,3.017
7.525813232,0.2531,1.9042,2.3395,3.027
7.528247616,0.2961,1.8381,2.3986,3.036
7.530790462,0.3247,1.7787,2.4578,3.051
7.533132847,0.3310,1.7335,2.5076,3.066
7.535554462,0.3186,1.7078,2.5410,3.078
7.538186385,0.2797,1.6941,2.5571,3.080
7.540627385,0.2194,1.6895,2.5442,3.062
7.542632309,0.1779,1.6572,2.5207,3.022
7.545516232,0.1893,1.5607,2.4760,2.933
7.548387001,0.2152,1.4410,2.3578,2.772
7.550476924,0.2570,1.3098,2.1972,2.571
7.552485232,0.3112,1.1701,2.0214,2.356
7.555472616,0.3708,1.0315,1.8471,2.148
7.557418385,0.4393,0.8989,1.6969,1.970
7.559534462,0.5035,0.7806,1.5664,1.821
7.562114078,0.5714,0.6744,1.4506,1.699
7.565867078,0.6391,0.5852,1.3434,1.599
7.56681377,0.7146,0.5146,1.2461,1.526
7.56918677,0.7869,0.4610,1.1574,1.474
7.57206277,0.8617,0.4239,1.0583,1.429
7.579310693,0.9338,0.4019,0.9726,1.407
7.57983877,0.9909,0.3912,0.8927,1.390
7.580065539,1.0537,0.3895,0.7996,1.379
7.581485155,1.0964,0.3877,0.7182,1.367
7.595783693,1.1302,0.3877,0.6349,1.353
7.596489847,1.1639,0.3736,0.5576,1.344
7.596732309,1.1910,0.3476,0.4866,1.333
7.59690677,1.2126,0.3084,0.4209,1.320
7.597047001,1.2247,0.2665,0.3522,1.302
7.597186078,1.2292,0.2141,0.2916,1.281
7.609097155,1.2213,0.1628,0.2345,1.254
7.60992177,1.2066,0.1085,0.1788,1.225
7.610111078,1.1810,0.0631,0.1333,1.190
7.610294078,1.1421,0.0245,0.0991,1.147
7.610463078,1.1011,-0.0143,0.0784,1.104
7.610864616,1.0540,-0.0448,0.0705,1.057
7.612551616,1.0061,-0.0730,0.0810,1.012
7.61506277,0.9597,-0.0975,0.1082,0.971
7.617319924,0.9135,-0.1275,0.1483,0.934
7.620053232,0.8698,-0.1518,0.1991,0.905
7.623560001,0.8282,-0.1892,0.2552,0.887
7.62487877,0.7964,-0.2168,0.3151,0.884
7.627066078,0.7630,-0.2461,0.3623,0.880
7.629384924,0.7354,-0.2701,0.4057,0.882
7.632480001,0.7121,-0.2903,0.4441,0.888
7.634489232,0.6946,-0.3101,0.4739,0.896
7.636700001,0.6867,-0.3287,0.4991,0.910
7.639347001,0.6880,-0.3470,0.5177,0.928
7.641515309,0.6948,-0.3673,0.5333,0.950
7.643867001,0.7083,-0.3891,0.5484,0.977
7.648248616,0.7239,-0.4059,0.5597,1.001
7.64920577,0.7376,-0.4208,0.5716,1.024
7.651170462,0.7510,-0.4355,0.5806,1.044
7.653798693,0.7684,-0.4448,0.5897,1.066
7.656130462,0.7815,-0.4460,0.5909,1.077
7.658444539,0.7931,-0.4485,0.5843,1.082
7.660972232,0.8060,-0.4460,0.5701,1.083
7.664057462,0.8153,-0.4401,0.5484,1.077
7.66606277,0.8209,-0.4371,0.5184,1.065
7.668360001,0.8250,-0.4355,0.4824,1.050
7.671053462,0.8185,-0.4289,0.4365,1.022
7.677323309,0.8072,-0.4196,0.3789,0.986
7.678470078,0.7913,-0.4086,0.3151,0.945
7.679098462,0.7754,-0.4010,0.2454,0.907
7.680322078,0.7484,-0.3835,0.1695,0.858
7.691593847,0.7188,-0.3666,0.0938,0.812
7.692322078,0.6874,-0.3537,0.0185,0.773
7.692879924,0.6582,-0.3395,-0.0579,0.743
7.693209462,0.6289,-0.3270,-0.1304,0.721
7.693352847,0.5939,-0.3197,-0.2087,0.706
7.696007693,0.5583,-0.3178,-0.2897,0.705
7.698339693,0.5238,-0.3206,-0.3706,0.717
7.703922693,0.4891,-0.3143,-0.4512,0.736
7.704881847,0.4563,-0.3023,-0.5208,0.756
7.705437155,0.4263,-0.2884,-0.5793,0.775
7.70681077,0.4002,-0.2679,-0.6305,0.793
7.708919616,0.3782,-0.2512,-0.6760,0.814
7.71151777,0.3631,-0.2371,-0.7153,0.836
7.714566693,0.3545,-0.2251,-0.7471,0.857
7.716181847,0.3650,-0.2224,-0.7720,0.882
7.718986462,0.3799,-0.2230,-0.7871,0.902
7.721217539,0.3985,-0.2168,-0.7957,0.916
7.723763924,0.4176,-0.2097,-0.7903,0.918
7.725900539,0.4288,-0.1992,-0.7754,0.908
7.728738693,0.4414,-0.1846,-0.7537,0.893
7.731370462,0.4512,-0.1682,-0.7226,0.868
7.733231693,0.4610,-0.1552,-0.6831,0.839
7.735759385,0.4703,-0.1423,-0.6386,0.806
7.738930693,0.4764,-0.1343,-0.5900,0.770
7.740363616,0.4838,-0.1331,-0.5404,0.737
7.74293077,0.4966,-0.1376,-0.4889,0.710
7.74529477,0.5133,-0.1447,-0.4365,0.689
7.752330462,0.5385,-0.1604,-0.3872,0.682
7.75313377,0.5609,-0.1780,-0.3381,0.679
7.753872309,0.5968,-0.1941,-0.2827,0.688
7.760522693,0.6310,-0.2132,-0.2445,0.710
7.761043616,0.6641,-0.2268,-0.2115,0.733
7.761235693,0.6953,-0.2363,-0.1644,0.753
7.762471924,0.7212,-0.2398,-0.1223,0.770
7.770888847,0.7571,-0.2435,-0.0936,0.801
7.771389462,0.7926,-0.2464,-0.0759,0.833
7.771619078,0.8346,-0.2589,-0.0691,0.877
7.771851616,0.8758,-0.2759,-0.0726,0.921
7.774034155,0.9186,-0.2936,-0.0892,0.968
7.77651377,0.9616,-0.3121,-0.1060,1.017
7.780094385,1.0019,-0.3321,-0.1202,1.062
7.781300539,1.0459,-0.3488,-0.1468,1.112
7.784435385,1.0796,-0.3556,-0.1705,1.149
7.786920616,1.0969,-0.3553,-0.1866,1.168
7.789081155,1.1062,-0.3485,-0.1915,1.176
7.791259385,1.1087,-0.3448,-0.1873,1.176
7.79375477,1.1069,-0.3392,-0.1744,1.171
7.796792232,1.0960,-0.3299,-0.1465,1.154
7.798362155,1.0838,-0.3214,-0.1121,1.136
7.800806693,1.0777,-0.3165,-0.0691,1.125
7.803319616,1.0766,-0.3106,-0.0144,1.121
7.805644924,1.0875,-0.3029,0.0430,1.130
7.808135001,1.0997,-0.2936,0.1091,1.143
7.810680924,1.1131,-0.2745,0.1841,1.161
7.81279377,1.1214,-0.2554,0.2662,1.181
7.815183924,1.1199,-0.2339,0.3608,1.200
7.817808309,1.1082,-0.2088,0.4683,1.221
7.820120309,1.0892,-0.1797,0.5902,1.252
7.822412847,1.0654,-0.1418,0.7162,1.292
7.824890155,1.0347,-0.0944,0.8480,1.341
7.827598078,1.0000,-0.0372,0.9806,1.401
7.830012232,0.9645,0.0323,1.1064,1.468
7.832199078,0.9235,0.1088,1.2256,1.538
7.834613539,0.8761,0.2055,1.3393,1.614
7.837060847,0.8062,0.3159,1.4599,1.697
7.839358385,0.7232,0.4388,1.5757,1.788
7.842200539,0.6338,0.5614,1.6798,1.881
7.844148539,0.5372,0.6767,1.6679,1.878
7.846626462,0.4400,0.7848,1.7714,1.987
7.849000309,0.3447,0.8845,1.7350,1.978
7.851734155,0.2655,0.9719,1.6232,1.910
7.854825847,0.1933,1.0811,1.4683,1.834
7.856103078,0.1434,1.1859,1.2692,1.743
7.858635078,0.1021,1.3054,1.0546,1.681
7.861110462,0.0820,1.4322,0.8526,1.669
7.863320309,0.0892,1.5570,0.6822,1.702
7.866022462,0.1302,1.6569,0.5359,1.746
7.868615385,0.2155,1.7261,0.4267,1.791
7.875189232,0.3403,1.7613,0.3722,1.832
7.875777539,0.4845,1.7813,0.3747,1.884
7.876123309,0.6359,1.7929,0.4177,1.948
7.878428539,0.7735,1.8078,0.4942,2.027
7.889496924,0.8984,1.8192,0.5902,2.113
7.890064539,1.0219,1.8124,0.7106,2.199
7.890216539,1.1390,1.7908,0.8416,2.283
7.890349462,1.2426,1.7540,0.9594,2.354
7.890486078,1.3471,1.7014,1.0381,2.406
7.892636847,1.4195,1.6533,1.0803,2.432
7.902933539,1.4561,1.6269,1.0820,2.437
7.903950385,1.4478,1.6279,1.0561,2.421
7.904192847,1.4021,1.6472,1.0178,2.391
7.904391616,1.3266,1.6780,0.9776,2.352
7.904593155,1.2313,1.7134,0.9303,2.306
7.907106078,1.1211,1.7468,0.8748,2.252
7.909277462,1.0081,1.7696,0.8203,2.196
7.913241462,0.9040,1.7833,0.7727,2.143
7.914036309,0.8055,1.7852,0.7353,2.092
7.916489232,0.7190,1.7728,0.7076,2.040
7.919923616,0.6508,1.7496,0.6791,1.986
7.921293232,0.6056,1.7088,0.6677,1.932
7.923700616,0.5765,1.6565,0.6689,1.877
7.926333847,0.5612,1.5910,0.6899,1.823
7.929904001,0.5580,1.5167,0.7436,1.779
7.931189232,0.5658,1.4398,0.8157,1.749
7.933605232,0.5827,1.3575,0.9127,1.736
7.936987309,0.5954,1.2830,1.0221,1.745
7.938903309,0.5995,1.2199,1.1423,1.776
7.940951385,0.6030,1.1689,1.2506,1.815
7.94333877,0.6128,1.1246,1.3470,1.859
7.94578677,0.6130,1.0924,1.4262,1.898
7.947885462,0.6142,1.0608,1.4839,1.925
7.950324001,0.6201,1.0271,1.5215,1.938
7.953450078,0.6333,0.9961,1.5384,1.939
7.955302078,0.6543,0.9712,1.5310,1.928
7.957447001,0.6794,0.9529,1.4937,1.898
7.96016177,0.7132,0.9434,1.4262,1.853
7.96252677,0.7528,0.9392,1.3251,1.790
7.964936309,0.7987,0.9397,1.2046,1.724
7.967259924,0.8519,0.9429,1.0791,1.667
7.974152539,0.9064,0.9404,0.9513,1.616
7.97476277,0.9655,0.9304,0.8198,1.572
7.97507777,1.0273,0.9138,0.6980,1.542
7.977220616,1.0889,0.8942,0.5862,1.526
7.987875309,1.1383,0.8703,0.4875,1.514
7.988536847,1.1791,0.8500,0.4003,1.508
7.988752539,1.2040,0.8248,0.3265,1.495
7.988863924,1.2142,0.8048,0.2571,1.479
7.988978462,1.2118,0.7848,0.2061,1.458
7.992067078,1.1989,0.7664,0.1614,1.432
7.994651616,1.1724,0.7503,0.1287,1.398
8.000712001,1.1332,0.7340,0.1028,1.354
8.001210155,1.0847,0.7198,0.0825,1.304
8.001384924,1.0310,0.6953,0.0686,1.245
8.006883924,0.9746,0.6744,0.0570,1.187
8.00719377,0.9149,0.6502,0.0500,1.124
8.008449462,0.8460,0.6301,0.0461,1.056
8.013415385,0.7730,0.6128,0.0517,0.988
8.013872924,0.6926,0.5966,0.0623,0.916
8.015271616,0.6117,0.5842,0.0842,0.850
8.017848309,0.5282,0.5732,0.1074,0.787
8.020459309,0.4454,0.5661,0.1378,0.733
8.022567616,0.3636,0.5607,0.1690,0.689
8.025211924,0.2846,0.5619,0.2063,0.663
8.027485155,0.2103,0.5602,0.2543,0.650
8.030138693,0.1444,0.5612,0.3097,0.657
8.032696616,0.0799,0.5635,0.3759,0.682
8.034845462,0.0210,0.5651,0.4350,0.713
8.036939385,-0.0332,0.5674,0.4942,0.753
8.039802462,-0.0884,0.5705,0.5403,0.791
8.042908309,-0.1443,0.5735,0.5780,0.827
8.044731385,-0.1986,0.5842,0.6090,0.867
8.046579385,-0.2506,0.5947,0.6305,0.902
8.049468539,-0.2955,0.6071,0.6395,0.930
8.052654155,-0.3330,0.6191,0.6422,0.952
8.053872847,-0.3677,0.6280,0.6417,0.970
8.056423924,-0.4013,0.6387,0.6437,0.992
8.059271001,-0.4346,0.6523,0.6486,1.017
8.06124277,-0.4678,0.6727,0.6617,1.053
8.063371078,-0.4983,0.6893,0.6799,1.089
8.066051385,-0.5279,0.7149,0.7006,1.132
8.069536924,-0.5589,0.7438,0.7246,1.179
8.070717155,-0.5821,0.7682,0.7395,1.215
8.073297847,-0.6011,0.7946,0.7563,1.251
8.075520924,-0.6137,0.8167,0.7665,1.277
8.077944616,-0.6151,0.8332,0.7749,1.293
8.080595924,-0.6065,0.8473,0.7863,1.305
8.083019693,-0.5897,0.8583,0.8042,1.316
8.093233232,-0.5611,0.8640,0.8252,1.320
8.093587693,-0.5215,0.8632,0.8529,1.321
8.09390177,-0.4707,0.8586,0.8909,1.324
8.094097539,-0.4123,0.8475,0.9433,1.333
8.094812232,-0.3549,0.8353,1.0038,1.353
8.097235001,-0.2983,0.8224,1.0717,1.383
8.099879078,-0.2374,0.8092,1.1472,1.424
8.102225155,-0.1704,0.7926,1.2340,1.476
8.104520847,-0.1038,0.7723,1.3270,1.539
8.107431616,-0.0432,0.7518,1.4138,1.602
8.110677539,0.0112,0.7389,1.5003,1.672
8.111688001,0.0628,0.7315,1.5804,1.743
8.114148616,0.1013,0.7300,1.6468,1.804
8.116700232,0.1272,0.7286,1.7008,1.855
8.119767001,0.1488,0.7261,1.7465,1.897
8.12168677,0.1591,0.7308,1.7925,1.942
8.123895078,0.1619,0.7337,1.8359,1.984
8.126505847,0.1573,0.7417,1.8620,2.010
8.128671385,0.1502,0.7510,1.8746,2.025
8.131330462,0.1378,0.7711,1.8860,2.042
8.133562155,0.1278,0.7909,1.8799,2.043
8.136453155,0.1121,0.8132,1.8636,2.036
8.138529232,0.0980,0.8426,1.8506,2.036
8.140983693,0.0833,0.8752,1.8315,2.032
8.143572924,0.0708,0.9071,1.8137,2.029
8.145474155,0.0650,0.9313,1.7979,2.026
8.148601462,0.0633,0.9487,1.7903,2.027
8.150924847,0.0645,0.9646,1.7981,2.041
8.153023693,0.0643,0.9844,1.8301,2.079
8.155232309,0.0679,1.0019,1.8851,2.136
8.157858462,0.0708,1.0220,1.9561,2.208
8.160265232,0.0677,1.0479,2.0423,2.296
8.162616924,0.0505,1.0867,2.1355,2.397
8.165065155,0.0300,1.1263,2.2291,2.498
8.172069462,0.0083,1.1654,2.3207,2.597
8.172867693,-0.0109,1.2084,2.4059,2.692
8.173067693,-0.0353,1.2458,2.4711,2.768
8.185609462,-0.0576,1.2866,2.5135,2.824
8.186454078,-0.0893,1.3362,2.5366,2.868
8.186970078,-0.1192,1.3890,2.5484,2.905
8.187171385,-0.1392,1.4503,2.5523,2.939
8.187405155,-0.1518,1.5069,2.5550,2.970
8.187652001,-0.1518,1.5541,2.5552,2.995
8.189938155,-0.1365,1.5812,2.5540,3.007
8.192740847,-0.1164,1.5893,2.5479,3.005
8.198420539,-0.0781,1.5766,2.5457,2.995
8.199106462,-0.0334,1.5553,2.5489,2.986
8.19966677,0.0170,1.5167,2.5540,2.970
8.201140309,0.0750,1.4677,2.5557,2.948
8.203740539,0.1463,1.3995,2.5526,2.915
8.206214155,0.2182,1.3289,2.5464,2.881
8.209377155,0.2827,1.2568,2.5364,2.845
8.210832924,0.3405,1.1964,2.5188,2.809
8.213324539,0.3926,1.1515,2.4953,2.776
8.215774693,0.4398,1.1253,2.4636,2.744
8.218275001,0.4926,1.1095,2.4194,2.707
8.220586385,0.5448,1.1041,2.3651,2.666
8.223348309,0.6017,1.1104,2.2884,2.614
8.225720847,0.6726,1.1188,2.1972,2.556
8.227785155,0.7493,1.1121,2.0986,2.490
8.230282462,0.8238,1.0894,1.9828,2.408
8.232636847,0.8898,1.0431,1.8508,2.303
8.23486977,0.9457,0.9819,1.7018,2.181
8.237344539,0.9797,0.9084,1.5361,2.036
8.240067385,0.9968,0.8332,1.3427,1.868
8.242452232,0.9865,0.7662,1.1469,1.696
8.244471001,0.9697,0.7046,0.9657,1.539
8.247565847,0.9294,0.6499,0.8010,1.388
8.249510078,0.8827,0.6113,0.6435,1.252
8.251886693,0.8331,0.5828,0.5064,1.136
8.254228309,0.7813,0.5679,0.3835,1.039
8.256844847,0.7293,0.5625,0.2694,0.960
8.259141155,0.6858,0.5566,0.1602,0.898
8.261418078,0.6540,0.5488,0.0630,0.856
8.263988924,0.6340,0.5378,-0.0212,0.832
8.272863924,0.6237,0.5178,-0.0894,0.816
8.273772616,0.6264,0.4924,-0.1302,0.807
8.273922693,0.6422,0.4577,-0.1456,0.802
8.274043078,0.6680,0.4144,-0.1329,0.797
8.285621232,0.7027,0.3650,-0.1029,0.798
8.286228924,0.7339,0.3147,-0.0486,0.800
8.286717462,0.7635,0.2702,0.0055,0.810
8.286844001,0.7857,0.2253,0.0647,0.820
8.286950693,0.8020,0.1789,0.1167,0.830
8.288680616,0.8148,0.1302,0.1634,0.841
8.29179377,0.8204,0.0794,0.1973,0.848
8.298184001,0.8197,0.0301,0.2208,0.849
8.298741155,0.8120,-0.0164,0.2352,0.846
8.298920847,0.7992,-0.0583,0.2384,0.836
8.300680001,0.7823,-0.0963,0.2338,0.822
8.30240677,0.7654,-0.1303,0.2276,0.809
8.305043309,0.7412,-0.1557,0.2140,0.787
8.308635078,0.7251,-0.1797,0.1956,0.772
8.309757155,0.7036,-0.1988,0.1768,0.752
8.312049462,0.6867,-0.2193,0.1558,0.738
8.314715078,0.6802,-0.2398,0.1331,0.733
8.317727309,0.6760,-0.2649,0.1091,0.734
8.319726693,0.6785,-0.2955,0.0833,0.745
8.322109462,0.6841,-0.3311,0.0561,0.762
8.324808232,0.6923,-0.3700,0.0353,0.786
8.326383078,0.6997,-0.4150,0.0151,0.814
8.328880001,0.6992,-0.4543,-0.0002,0.834
8.331411385,0.6955,-0.4844,-0.0105,0.848
8.334273155,0.6936,-0.5158,-0.0151,0.864
8.336607385,0.6829,-0.5379,-0.0149,0.869
8.338853232,0.6704,-0.5496,-0.0068,0.867
8.341176616,0.6523,-0.5573,0.0083,0.858
8.343533539,0.6333,-0.5559,0.0276,0.843
8.346024616,0.6133,-0.5533,0.0505,0.828
8.348411078,0.5947,-0.5517,0.0759,0.815
8.350692539,0.5788,-0.5526,0.1018,0.807
8.353000539,0.5634,-0.5540,0.1220,0.799
8.355644309,0.5541,-0.5520,0.1394,0.794
8.358019385,0.5418,-0.5515,0.1534,0.788
8.36099777,0.5248,-0.5447,0.1551,0.772
8.362710385,0.5018,-0.5344,0.1499,0.748
8.371386385,0.4712,-0.5170,0.1326,0.712
8.371922693,0.4454,-0.5030,0.1099,0.681
8.372463385,0.4170,-0.4916,0.0817,0.650
8.373001155,0.3909,-0.4836,0.0468,0.624
8.387267385,0.3643,-0.4736,0.0134,0.598
8.387792616,0.3430,-0.4665,-0.0239,0.580
8.387924232,0.3289,-0.4653,-0.0620,0.573
8.388284847,0.3168,-0.4706,-0.1055,0.577
8.388408309,0.3075,-0.4709,-0.1400,0.580
8.388515693,0.3032,-0.4753,-0.1766,0.591
8.389224847,0.2978,-0.4678,-0.2118,0.594
8.400324001,0.2942,-0.4587,-0.2494,0.599
8.401179385,0.2865,-0.4418,-0.2814,0.597
8.401404232,0.2812,-0.4275,-0.3154,0.601
8.401581847,0.2812,-0.4091,-0.3513,0.608
8.40203377,0.2841,-0.3956,-0.3880,0.623
8.403688924,0.2993,-0.3851,-0.4285,0.649
8.407241155,0.3198,-0.3805,-0.4663,0.682
8.408547078,0.3447,-0.3768,-0.5055,0.719
8.411081462,0.3736,-0.3766,-0.5411,0.758
8.413416309,0.4123,-0.3766,-0.5765,0.803
8.416280001,0.4593,-0.3788,-0.6140,0.855
8.418266155,0.5138,-0.3803,-0.6474,0.910
8.421069462,0.5705,-0.3779,-0.6762,0.962
8.423980616,0.6328,-0.3737,-0.7024,1.017
8.425436539,0.6867,-0.3588,-0.7214,1.059
8.428029155,0.7363,-0.3468,-0.7381,1.099
8.430422078,0.7857,-0.3302,-0.7479,1.134
8.433134385,0.8321,-0.3153,-0.7491,1.163
8.435264539,0.8695,-0.3038,-0.7435,1.184
8.438474693,0.9179,-0.2985,-0.7405,1.217
8.44032277,0.9648,-0.2992,-0.7310,1.247
8.44334677,1.0161,-0.3094,-0.7129,1.279
8.444773155,1.0694,-0.3229,-0.6850,1.310
8.447425232,1.1218,-0.3385,-0.6557,1.343
8.449591309,1.1795,-0.3597,-0.6298,1.385
8.451896309,1.2294,-0.3791,-0.5976,1.419
8.454693232,1.2770,-0.4020,-0.5609,1.452
8.45695877,1.3181,-0.4186,-0.5069,1.473
8.459086693,1.3503,-0.4243,-0.4419,1.483
8.461828309,1.3780,-0.4294,-0.3669,1.489
8.465123924,1.4062,-0.4359,-0.2939,1.501
8.466502078,1.4365,-0.4411,-0.2215,1.519
8.469620309,1.4586,-0.4531,-0.1441,1.534
8.471462155,1.4761,-0.4575,-0.0559,1.546
8.477635001,1.4945,-0.4653,0.0346,1.566
8.478668847,1.5020,-0.4665,0.1255,1.578
8.478902462,1.5020,-0.4680,0.1942,1.585
8.494943309,1.4954,-0.4602,0.2948,1.592
8.495715693,1.4773,-0.4457,0.3740,1.588
8.495925847,1.4488,-0.4284,0.4397,1.573
8.496095693,1.4065,-0.4094,0.5257,1.556
8.496275001,1.3538,-0.3781,0.6134,1.534
8.496377539,1.2860,-0.3378,0.7155,1.510
8.496554385,1.2049,-0.2911,0.8198,1.486
8.509285155,1.1178,-0.2444,0.9291,1.474
8.510208309,1.0317,-0.1919,1.0381,1.476
8.51044577,0.9499,-0.1331,1.1406,1.490
8.510648232,0.8827,-0.0719,1.2398,1.524
8.510864309,0.8294,-0.0052,1.3458,1.581
8.511304309,0.7920,0.0638,1.4597,1.662
8.512252232,0.7703,0.1371,1.5858,1.768
8.514621847,0.7645,0.2227,1.7157,1.891
8.517242693,0.7666,0.3171,1.8484,2.026
8.519995924,0.7676,0.4235,1.9884,2.173
8.523325462,0.7589,0.5456,2.1350,2.331
8.524246385,0.7435,0.6816,2.2806,2.494
8.526844309,0.7290,0.8160,2.4166,2.653
8.529074693,0.7092,0.9380,2.5154,2.777
8.531758462,0.6741,1.0633,2.5425,2.837
8.533990386,0.6310,1.1715,2.5130,2.844
8.536429155,0.5868,1.2732,2.4098,2.788
8.539215078,0.5387,1.3692,2.2271,2.669
8.541007386,0.4869,1.4723,1.9764,2.512
8.543568001,0.4398,1.5791,1.6722,2.342
8.546220847,0.3985,1.6878,1.3524,2.199
8.548460539,0.3682,1.7887,1.0311,2.097
8.550803693,0.3482,1.8868,0.7539,2.061
8.553432309,0.3354,1.9697,0.5184,2.064
8.556298462,0.3342,2.0518,0.3029,2.101
8.558213155,0.3324,2.1356,0.1321,2.165
8.560832616,0.3389,2.2120,0.0170,2.238
8.56444977,0.3471,2.2809,-0.0638,2.308
8.566047924,0.3596,2.3205,-0.1141,2.351
8.567928847,0.3782,2.3196,-0.1502,2.355
8.570546462,0.3972,2.2832,-0.1774,2.324
8.578113539,0.4158,2.2208,-0.2008,2.268
8.578980232,0.4204,2.1412,-0.2162,2.193
8.579213847,0.4239,2.0587,-0.2120,2.113
8.594294386,0.4190,1.9829,-0.1703,2.034
8.59495777,0.4121,1.9211,-0.0916,1.967
8.595478155,0.4197,1.8688,0.0083,1.915
8.595635078,0.4498,1.8153,0.1257,1.874
8.595752539,0.5006,1.7606,0.2631,1.849
8.595864539,0.5734,1.6983,0.4226,1.842
8.595992616,0.6660,1.6201,0.5951,1.850
8.60624177,0.7757,1.5285,0.7688,1.879
8.606655693,0.8910,1.4214,0.9381,1.922
8.606780539,1.0041,1.3128,1.0996,1.985
8.606889847,1.1013,1.2124,1.2508,2.061
8.606993539,1.1945,1.1148,1.3842,2.141
8.608826693,1.2685,1.0264,1.4932,2.212
8.611841847,1.3312,0.9450,1.5818,2.273
8.614665462,1.3808,0.8793,1.6547,2.328
8.615886078,1.4192,0.8241,1.7003,2.363
8.618443078,1.4470,0.7820,1.7213,2.381
8.620736001,1.4695,0.7523,1.7221,2.386
8.623795693,1.4822,0.7386,1.7043,2.376
8.62577377,1.4871,0.7368,1.6698,2.354
8.628259078,1.4922,0.7425,1.6205,2.325
8.630475693,1.4935,0.7471,1.5528,2.280
8.632860924,1.4945,0.7501,1.4781,2.232
8.635406693,1.4949,0.7464,1.3994,2.179
8.638483616,1.4947,0.7376,1.3258,2.130
8.639951386,1.4889,0.7279,1.2647,2.085
8.642441847,1.4835,0.7156,1.2139,2.046
8.644899924,1.4791,0.7058,1.1824,2.021
8.647622462,1.4617,0.6902,1.1680,1.994
8.650216924,1.4437,0.6770,1.1634,1.974
8.652181462,1.4202,0.6631,1.1719,1.957
8.654907693,1.3929,0.6482,1.1792,1.937
8.656897539,1.3577,0.6282,1.1848,1.908
8.659745462,1.3212,0.6033,1.1814,1.872
8.661864309,1.2853,0.5763,1.1655,1.828
8.664860309,1.2445,0.5470,1.1345,1.771
8.666630693,1.2033,0.5155,1.0922,1.705
8.669259078,1.1551,0.4836,1.0441,1.630
8.676719078,1.0982,0.4491,0.9869,1.543
8.677590386,1.0371,0.4093,0.9232,1.448
8.678467309,0.9734,0.3690,0.8469,1.342
8.67880177,0.9073,0.3338,0.7722,1.237
8.692631616,0.8385,0.3035,0.7069,1.138
8.69323377,0.7544,0.2775,0.6510,1.034
8.693376847,0.6613,0.2602,0.6024,0.932
8.693508847,0.5578,0.2475,0.5669,0.833
8.693628539,0.4461,0.2465,0.5406,0.743
8.693876001,0.3252,0.2451,0.5210,0.661
8.705023078,0.2003,0.2470,0.4996,0.592
8.705375616,0.0806,0.2534,0.4807,0.549
8.705516924,-0.0390,0.2597,0.4580,0.528
8.70609877,-0.1543,0.2668,0.4338,0.532
8.706236309,-0.2555,0.2656,0.4087,0.550
8.707735616,-0.3554,0.2678,0.3874,0.590
8.71074977,-0.4460,0.2773,0.3647,0.639
8.712531924,-0.5303,0.2903,0.3432,0.695
8.714861462,-0.6100,0.3101,0.3183,0.755
8.717642078,-0.6813,0.3347,0.2948,0.814
8.720836232,-0.7497,0.3523,0.2711,0.872
8.723455078,-0.7993,0.3716,0.2506,0.916
8.724703309,-0.8457,0.3836,0.2313,0.957
8.727111616,-0.8772,0.3914,0.2081,0.983
8.729963693,-0.9034,0.3963,0.1849,1.004
8.731622155,-0.9205,0.4049,0.1629,1.019
8.734160309,-0.9330,0.4119,0.1411,1.030
8.737254078,-0.9393,0.4271,0.1189,1.039
8.739038386,-0.9330,0.4400,0.1003,1.036
8.741268924,-0.9158,0.4540,0.0920,1.026
8.743753539,-0.8897,0.4613,0.0938,1.007
8.746394462,-0.8565,0.4747,0.1084,0.985
8.748576924,-0.8203,0.4840,0.1367,0.962
8.751134462,-0.7873,0.5013,0.1729,0.949
8.754221847,-0.7512,0.5207,0.2173,0.940
8.755756616,-0.7155,0.5378,0.2801,0.938
8.75834277,-0.6701,0.5512,0.3486,0.935
8.760688539,-0.6256,0.5610,0.4294,0.944
8.762867693,-0.5736,0.5683,0.5191,0.960
8.76572577,-0.5284,0.5717,0.6188,0.994
8.767960309,-0.4834,0.5712,0.7234,1.041
8.77411877,-0.4409,0.5728,0.8343,1.104
8.774725462,-0.3996,0.5693,0.9561,1.182
8.775299309,-0.3677,0.5668,1.0861,1.279
8.788174078,-0.3444,0.5723,1.2212,1.392
8.788889462,-0.3293,0.5744,1.3568,1.510
8.789015693,-0.3173,0.5749,1.4830,1.622
8.789113232,-0.3134,0.5800,1.5923,1.723
8.789214155,-0.3141,0.5830,1.6857,1.811
8.789780847,-0.3188,0.5844,1.7548,1.877
8.792108232,-0.3202,0.5893,1.8049,1.925
8.801019078,-0.3285,0.5961,1.8323,1.955
8.801458078,-0.3324,0.6062,1.8230,1.950
8.801605155,-0.3417,0.6228,1.8091,1.944
8.801847924,-0.3537,0.6467,1.7793,1.926
8.808250386,-0.3642,0.6776,1.7355,1.898
8.809113539,-0.3735,0.7100,1.6850,1.866
8.809360309,-0.3830,0.7496,1.6330,1.837
8.812241232,-0.3791,0.7897,1.5767,1.804
8.813594386,-0.3628,0.8327,1.5181,1.769
8.816003616,-0.3363,0.8693,1.4619,1.734
8.818778386,-0.2999,0.9157,1.4128,1.710
8.820906155,-0.2608,0.9619,1.3756,1.699
8.823311001,-0.2259,1.0128,1.3500,1.703
8.826084232,-0.2014,1.0704,1.3558,1.739
8.82842677,-0.1816,1.1314,1.3854,1.798
8.830696847,-0.1580,1.1940,1.4243,1.865
8.833579001,-0.1248,1.2490,1.4739,1.936
8.835777539,-0.0898,1.2971,1.5291,2.007
8.838947924,-0.0502,1.3374,1.5926,2.080
8.840299924,-0.0085,1.3725,1.6503,2.147
8.842595616,0.0373,1.4014,1.7094,2.211
8.845188309,0.0848,1.4305,1.7693,2.277
8.847471693,0.1388,1.4491,1.8181,2.329
8.850019616,0.1917,1.4637,1.8520,2.368
8.852954462,0.2426,1.4733,1.8746,2.397
8.854626386,0.2819,1.4859,1.8827,2.415
8.85707777,0.3068,1.5082,1.8865,2.435
8.859660924,0.3110,1.5444,1.8916,2.462
8.862168847,0.2995,1.5884,1.8948,2.491
8.864529539,0.2853,1.6338,1.8914,2.516
8.866751616,0.2832,1.6609,1.8899,2.532
8.875195386,0.2912,1.6590,1.8867,2.529
8.87570577,0.3144,1.6287,1.8711,2.501
8.876084539,0.3440,1.5863,1.8413,2.455
8.876644847,0.3620,1.5476,1.7993,2.401
8.890778386,0.3755,1.5246,1.7556,2.355
8.891292539,0.3804,1.5280,1.7206,2.332
8.891434462,0.3708,1.5553,1.6955,2.330
8.891567693,0.3518,1.6037,1.6771,2.347
8.891677462,0.3313,1.6783,1.6803,2.398
8.891941539,0.3161,1.7789,1.7108,2.488
8.902056232,0.3181,1.8800,1.7688,2.601
8.902594462,0.3369,1.9819,1.8471,2.730
8.90287877,0.3841,2.0618,1.9268,2.848
8.903150462,0.4624,2.0911,2.0104,2.937
8.903456616,0.5670,2.0557,2.0896,2.986
8.905086078,0.6995,1.9543,2.1255,2.971
8.907741539,0.8334,1.8087,2.1045,2.897
8.910325155,0.9480,1.6448,2.0250,2.776
8.912662155,1.0419,1.4911,1.8972,2.628
8.916575616,1.1101,1.3533,1.7421,2.470
8.917842693,1.1514,1.2418,1.5652,2.306
8.920226462,1.1730,1.1503,1.3889,2.151
8.922480847,1.1933,1.0774,1.2163,2.016
8.924951078,1.2126,1.0142,1.0500,1.898
8.927574386,1.2350,0.9621,0.9017,1.807
8.929506462,1.2709,0.9140,0.7612,1.741
8.931832539,1.3161,0.8630,0.6317,1.696
8.934598155,1.3711,0.8099,0.5154,1.674
8.937482078,1.4327,0.7477,0.4106,1.667
8.940143386,1.5008,0.6785,0.3190,1.678
8.94187077,1.5665,0.6110,0.2377,1.698
8.944141539,1.6247,0.5473,0.1765,1.723
8.946373155,1.6657,0.4887,0.1282,1.741
8.948945155,1.6885,0.4376,0.0901,1.747
8.951631001,1.6838,0.3883,0.0617,1.729
8.953599693,1.6594,0.3440,0.0419,1.695
8.958253539,1.6159,0.3023,0.0260,1.644
8.959199616,1.5614,0.2556,0.0148,1.582
8.961058462,1.4945,0.2089,0.0011,1.509
8.963307078,1.4232,0.1626,-0.0098,1.432
8.966126462,1.3464,0.1144,-0.0158,1.351
8.968442386,1.2690,0.0631,-0.0144,1.271
8.970392847,1.1871,0.0205,-0.0019,1.187
8.973011924,1.0933,-0.0180,0.0134,1.093
8.975594386,1.0000,-0.0483,0.0312,1.002
8.981994386,0.9161,-0.0837,0.0617,0.922
8.982641539,0.8329,-0.1122,0.1003,0.846
8.982833847,0.7598,-0.1425,0.1425,0.786
8.995326078,0.7016,-0.1809,0.1851,0.748
8.995883924,0.6480,-0.2126,0.2249,0.718
8.996013539,0.6081,-0.2540,0.2615,0.709
8.996410078,0.5783,-0.2936,0.2918,0.711
8.996545155,0.5573,-0.3331,0.3176,0.723
8.997556309,0.5472,-0.3668,0.3361,0.740
9.000476539,0.5362,-0.4020,0.3525,0.757
9.007860232,0.5362,-0.4303,0.3600,0.776
9.008724616,0.5369,-0.4504,0.3659,0.791
9.009072539,0.5336,-0.4618,0.3654,0.795
9.009234693,0.5260,-0.4667,0.3673,0.793
9.015133155,0.5138,-0.4636,0.3679,0.784
9.015647693,0.4920,-0.4555,0.3635,0.763
9.016524616,0.4681,-0.4452,0.3574,0.738
9.018732924,0.4344,-0.4282,0.3486,0.703
9.02176177,0.4016,-0.4138,0.3339,0.666
9.02343377,0.3608,-0.4024,0.3139,0.625
9.025908847,0.3198,-0.3842,0.2929,0.579
9.028134386,0.2763,-0.3719,0.2633,0.533
9.030644309,0.2257,-0.3551,0.2247,0.477
9.034452001,0.1732,-0.3416,0.1868,0.426
9.035611924,0.1209,-0.3307,0.1434,0.380
9.03808577,0.0731,-0.3155,0.1089,0.342
9.040533232,0.0254,-0.2985,0.0730,0.308
9.042818155,-0.0185,-0.2876,0.0361,0.290
9.045035386,-0.0610,-0.2775,-0.0034,0.284
9.047683309,-0.1062,-0.2664,-0.0471,0.291
9.050747078,-0.1572,-0.2547,-0.0938,0.314
9.052215616,-0.2047,-0.2452,-0.1446,0.351
9.054703924,-0.2469,-0.2368,-0.1994,0.396
9.057759309,-0.2811,-0.2314,-0.2574,0.446
9.059934155,-0.3041,-0.2310,-0.3203,0.498
9.06207377,-0.3181,-0.2363,-0.3831,0.551
9.064540232,-0.3272,-0.2479,-0.4505,0.609
9.071734693,-0.3332,-0.2581,-0.5152,0.666
9.072494462,-0.3314,-0.2703,-0.5844,0.724
9.072767309,-0.3246,-0.2828,-0.6582,0.786
9.074421847,-0.3078,-0.2876,-0.7183,0.833
9.084823001,-0.2780,-0.2972,-0.7656,0.867
9.085180924,-0.2313,-0.3069,-0.8067,0.894
9.085525155,-0.1729,-0.3206,-0.8358,0.912
9.085729462,-0.1018,-0.3307,-0.8488,0.917
9.086438693,-0.0258,-0.3380,-0.8478,0.913
9.088604924,0.0482,-0.3407,-0.8448,0.912
9.091153462,0.1216,-0.3409,-0.8290,0.905
9.09688577,0.1905,-0.3346,-0.8052,0.893
9.097323309,0.2609,-0.3280,-0.7664,0.874
9.098008001,0.3328,-0.3192,-0.7234,0.858
9.10039077,0.4048,-0.3209,-0.6743,0.849
9.102814462,0.4805,-0.3218,-0.5988,0.832
9.105522693,0.5504,-0.3262,-0.5895,0.870
9.107926155,0.6213,-0.3283,-0.5651,0.902
9.110006155,0.6885,-0.3341,-0.5453,0.940
9.112443616,0.7552,-0.3409,-0.5273,0.982
9.115021539,0.8106,-0.3453,-0.5160,1.021
9.117378386,0.8602,-0.3470,-0.5047,1.056
9.119292539,0.9105,-0.3509,-0.4974,1.095
9.12302577,0.9487,-0.3525,-0.4933,1.126
9.125102155,0.9814,-0.3539,-0.4864,1.151
9.126983001,1.0037,-0.3561,-0.4813,1.169
9.129485462,1.0165,-0.3546,-0.4742,1.176
9.132037462,1.0205,-0.3481,-0.4600,1.172
9.134406386,1.0142,-0.3404,-0.4461,1.159
9.136673232,1.0044,-0.3302,-0.4265,1.140
9.139551924,0.9872,-0.3180,-0.4043,1.113
9.141954386,0.9692,-0.3031,-0.3823,1.085
9.14384577,0.9525,-0.2936,-0.3579,1.059
9.146694155,0.9328,-0.2850,-0.3286,1.029
9.149231386,0.9176,-0.2818,-0.3005,1.006
9.151484309,0.8966,-0.2845,-0.2729,0.979
9.154052616,0.8773,-0.2894,-0.2457,0.956
9.156311924,0.8651,-0.3041,-0.2126,0.941
9.158744924,0.8544,-0.3250,-0.1744,0.931
9.16101477,0.8475,-0.3363,-0.1204,0.920
9.163535386,0.8500,-0.3460,-0.0447,0.919
9.165835616,0.8698,-0.3561,0.0417,0.941
9.171455386,0.8968,-0.3727,0.1394,0.981
9.171971386,0.9396,-0.3791,0.2574,1.045
9.173858462,0.9855,-0.3847,0.4013,1.131
9.188167693,1.0291,-0.3881,0.5574,1.233
9.189330078,1.0755,-0.3940,0.7216,1.354
9.189708924,1.1158,-0.4001,0.8895,1.482
9.190048539,1.1573,-0.4071,1.0495,1.615
9.190218693,1.2005,-0.4054,1.1970,1.743
9.190524232,1.2536,-0.3937,1.3281,1.868
9.190751386,1.3105,-0.3563,1.4378,1.978
9.200453462,1.3564,-0.2985,1.5228,2.061
9.201322693,1.3848,-0.2181,1.5885,2.119
9.20160677,1.3931,-0.1208,1.5962,2.122
9.201890693,1.3706,0.0064,1.6195,2.122
9.202288847,1.3244,0.1598,1.7180,2.175
9.204307924,1.2636,0.3299,1.7089,2.151
9.206719616,1.1952,0.4982,1.7290,2.160
9.209139078,1.1307,0.6462,1.7204,2.158
9.211767616,1.0718,0.7684,1.6806,2.136
9.214149847,1.0127,0.8684,1.6065,2.088
9.216942462,0.9567,0.9607,1.4961,2.019
9.218724616,0.8676,1.0592,1.3421,1.917
9.221282078,0.7596,1.1801,1.1716,1.828
9.22471477,0.6440,1.3169,0.9831,1.765
9.225973155,0.5426,1.4603,0.7884,1.746
9.228404539,0.4779,1.5844,0.6072,1.763
9.231096924,0.4710,1.6763,0.4334,1.794
9.233418155,0.5231,1.7254,0.2772,1.824
9.235672616,0.6289,1.7571,0.1350,1.871
9.238412232,0.7605,1.7945,-0.0051,1.949
9.242397155,0.9220,1.8397,-0.1346,2.062
9.243101155,1.0997,1.8896,-0.2526,2.201
9.245548309,1.2868,1.9277,-0.3626,2.346
9.247850462,1.4796,1.9399,-0.4703,2.485
9.250205539,1.6725,1.9199,-0.5676,2.609
9.252516616,1.8590,1.8722,-0.6601,2.720
9.25527077,2.0137,1.8062,-0.7410,2.805
9.257517462,2.1367,1.7408,-0.7887,2.867
9.260036232,2.2401,1.6816,-0.7901,2.910
9.262269232,2.3124,1.6396,-0.7554,2.934
9.264659924,2.3620,1.6128,-0.6923,2.943
9.266972924,2.3803,1.5854,-0.5995,2.922
9.269425539,2.3826,1.5654,-0.4879,2.892
9.277642386,2.3677,1.5434,-0.3574,2.849
9.278424001,2.3468,1.5165,-0.2206,2.803
9.278800309,2.3158,1.4896,-0.0738,2.755
9.279722078,2.2909,1.4540,0.0637,2.714
9.290086462,2.2762,1.4168,0.1865,2.688
9.290616232,2.2716,1.3653,0.3051,2.668
9.290764924,2.2667,1.3030,0.4290,2.649
9.290863001,2.2541,1.2321,0.5755,2.633
9.290988001,2.2418,1.1596,0.7355,2.629
9.293430462,2.2130,1.0921,0.8963,2.626
9.296240847,2.1763,1.0396,1.0607,2.635
9.302853539,2.1185,0.9979,1.2191,2.640
9.303220309,2.0439,0.9590,1.3766,2.644
9.303412847,1.9631,0.9282,1.5274,2.655
9.305869539,1.8734,0.9010,1.6757,2.670
9.307847693,1.7828,0.8803,1.8137,2.691
9.310345539,1.6909,0.8659,1.9368,2.713
9.313047616,1.5944,0.8532,2.0348,2.722
9.315715616,1.4964,0.8486,2.1073,2.720
9.317584001,1.3906,0.8551,2.1509,2.700
9.320243693,1.2767,0.8605,2.1685,2.659
9.323459001,1.1630,0.8671,2.1545,2.597
9.324829232,1.0528,0.8686,2.1101,2.513
9.327442386,0.9445,0.8691,2.0404,2.411
9.329808539,0.8407,0.8651,1.9481,2.291
9.332254386,0.7432,0.8637,1.8382,2.163
9.334494693,0.6469,0.8563,1.7199,2.027
9.337088309,0.5558,0.8554,1.5953,1.894
9.340036924,0.4705,0.8393,1.4578,1.747
9.341727924,0.3970,0.8204,1.3178,1.602
9.344367693,0.3349,0.8021,1.1792,1.465
9.346736616,0.2809,0.7867,1.0409,1.335
9.348994462,0.2276,0.7745,0.9144,1.220
9.351662693,0.1691,0.7692,0.7886,1.114
9.354107001,0.1123,0.7638,0.6635,1.018
9.356507309,0.0598,0.7550,0.5384,0.929
9.358573847,0.0181,0.7518,0.4116,0.857
9.361358078,-0.0163,0.7413,0.2887,0.796
9.363627616,-0.0468,0.7357,0.1680,0.756
9.36595077,-0.0789,0.7281,0.0588,0.735
9.36829077,-0.1071,0.7266,-0.0435,0.736
9.371279924,-0.1409,0.7286,-0.1365,0.755
9.375722155,-0.1765,0.7393,-0.2262,0.793
9.376206155,-0.2142,0.7494,-0.3088,0.838
9.378755693,-0.2454,0.7575,-0.3764,0.881
9.391740924,-0.2809,0.7671,-0.4317,0.924
9.392387616,-0.3075,0.7725,-0.4686,0.954
9.39284277,-0.3400,0.7745,-0.4910,0.978
9.393013462,-0.3673,0.7777,-0.4964,0.993
9.393112539,-0.3920,0.7772,-0.4886,0.998
9.393277539,-0.4157,0.7764,-0.4671,0.997
9.394997539,-0.4397,0.7760,-0.4290,0.990
9.40588977,-0.4546,0.7699,-0.3825,0.972
9.407081847,-0.4644,0.7628,-0.3254,0.950
9.407343386,-0.4676,0.7506,-0.2609,0.922
9.407596232,-0.4588,0.7381,-0.1856,0.889
9.407971386,-0.4431,0.7284,-0.0965,0.858
9.409249232,-0.4269,0.7207,-0.0012,0.838
9.412481847,-0.4074,0.7207,0.0962,0.833
9.414162386,-0.3874,0.7191,0.1942,0.840
9.416680309,-0.3679,0.7168,0.2931,0.857
9.419317539,-0.3500,0.7107,0.3879,0.882
9.422892616,-0.3283,0.7058,0.4802,0.915
9.423810693,-0.3097,0.7027,0.5660,0.954
9.426208616,-0.2892,0.7002,0.6468,0.996
9.429292309,-0.2736,0.6995,0.7278,1.046
9.431668616,-0.2580,0.7039,0.8037,1.099
9.433496539,-0.2410,0.7054,0.8758,1.150
9.435997232,-0.2166,0.7079,0.9447,1.200
9.439096847,-0.1844,0.7088,1.0170,1.253
9.44055877,-0.1523,0.7130,1.0808,1.304
9.442977462,-0.1196,0.7184,1.1367,1.350
9.445508309,-0.0881,0.7191,1.1814,1.386
9.447878386,-0.0539,0.7200,1.2179,1.416
9.450341462,-0.0167,0.7240,1.2471,1.442
9.452918078,0.0247,0.7268,1.2631,1.457
9.455346462,0.0731,0.7298,1.2687,1.465
9.45755877,0.1236,0.7361,1.2623,1.466
9.460099386,0.1742,0.7401,1.2440,1.458
9.46255877,0.2308,0.7494,1.2195,1.450
9.464771693,0.2870,0.7608,1.1837,1.436
9.467159924,0.3373,0.7650,1.1457,1.418
9.469616924,0.3818,0.7706,1.1038,1.399
9.474706155,0.4212,0.7723,1.0461,1.367
9.475167693,0.4584,0.7689,0.9694,1.319
9.47843877,0.4864,0.7738,0.8900,1.276
9.480079078,0.5126,0.7838,0.8117,1.239
9.487847386,0.5274,0.7982,0.7423,1.211
9.488459924,0.5369,0.8146,0.6794,1.189
9.488591616,0.5313,0.8332,0.6234,1.168
9.48869477,0.5140,0.8568,0.5760,1.153
9.491777462,0.4813,0.8764,0.5408,1.137
9.493544309,0.4393,0.8915,0.5335,1.128
9.500815924,0.3923,0.9057,0.5538,1.132
9.501628924,0.3373,0.9176,0.6007,1.147
9.501866078,0.2793,0.9269,0.6730,1.179
9.504469462,0.2164,0.9378,0.7735,1.235
9.505736309,0.1474,0.9521,0.9021,1.320
9.508103309,0.0696,0.9741,1.0539,1.437
9.510806462,-0.0114,0.9993,1.2173,1.575
9.513096539,-0.0879,1.0315,1.3837,1.728
9.515453155,-0.1580,1.0723,1.5538,1.894
9.518199924,-0.2256,1.1146,1.7197,2.062
9.521039078,-0.2772,1.1598,1.8809,2.227
9.52256277,-0.3200,1.2113,2.0351,2.390
9.525005539,-0.3456,1.2644,2.1692,2.534
9.527852616,-0.3605,1.3266,2.2762,2.659
9.530554078,-0.3593,1.4078,2.3903,2.797
9.532578386,-0.3483,1.4982,2.4930,2.929
9.535129155,-0.3185,1.5986,2.5889,3.059
9.537644309,-0.2677,1.6968,2.6771,3.181
9.539491078,-0.2059,1.7889,2.7402,3.279
9.542000616,-0.1238,1.8639,2.7685,3.340
9.544476847,-0.0246,1.9084,2.7490,3.347
9.547278155,0.0836,1.9385,2.6777,3.307
9.549193462,0.1964,1.9536,2.5615,3.227
9.551667924,0.3037,1.9621,2.4098,3.122
9.554459616,0.4139,1.9776,2.2337,3.012
9.556329462,0.5392,1.9826,2.0456,2.899
9.559096616,0.6767,1.9760,1.8636,2.799
9.562855386,0.8282,1.9516,1.6969,2.716
9.564016001,0.9795,1.9252,1.5567,2.663
9.566002386,1.1165,1.9057,1.4495,2.642
9.56875877,1.2392,1.8928,1.3926,2.657
9.57126677,1.3449,1.8871,1.3869,2.701
9.573257462,1.4595,1.8666,1.4465,2.776
9.57575377,1.5506,1.8365,1.5513,2.861
9.578189462,1.6413,1.7784,1.6733,2.942
9.584199309,1.7246,1.6944,1.7888,3.007
9.584622155,1.7869,1.5954,1.8814,3.046
9.586807924,1.8192,1.4908,1.9373,3.047
9.59878177,1.8185,1.3865,1.9466,3.003
9.599414386,1.7894,1.2819,1.9281,2.926
9.599731693,1.7363,1.1901,1.8874,2.827
9.599927386,1.6640,1.1048,1.8347,2.712
9.600084309,1.5712,1.0303,1.7761,2.586
9.600206078,1.4712,0.9634,1.7255,2.464
9.602061847,1.3606,0.9035,1.6854,2.347
9.611833232,1.2509,0.8522,1.6524,2.241
9.612532001,1.1409,0.8062,1.6312,2.148
9.61273877,1.0477,0.7562,1.6102,2.065
9.612930155,0.9767,0.6956,1.5909,1.992
9.614246462,0.9142,0.6418,1.5738,1.930
9.616588616,0.8595,0.5908,1.5506,1.869
9.619656001,0.8162,0.5449,1.5284,1.816
9.621846693,0.7782,0.5034,1.5023,1.765
9.623928539,0.7484,0.4610,1.4775,1.719
9.626795001,0.7346,0.4154,1.4492,1.677
9.628963309,0.7290,0.3665,1.4157,1.634
9.631133539,0.7314,0.3179,1.3803,1.594
9.633612001,0.7407,0.2678,1.3437,1.558
9.636836232,0.7512,0.2190,1.3080,1.524
9.638334386,0.7564,0.1799,1.2689,1.488
9.641600539,0.7615,0.1452,1.2281,1.452
9.643747616,0.7640,0.1132,1.1770,1.408
9.645860924,0.7686,0.0843,1.1252,1.365
9.648062693,0.7813,0.0516,1.0632,1.320
9.650654078,0.8006,0.0217,0.9923,1.275
9.653827616,0.8211,-0.0111,0.9130,1.228
9.655171924,0.8512,-0.0439,0.8306,1.190
9.65786277,0.8842,-0.0807,0.7444,1.159
9.660395309,0.9096,-0.1186,0.6608,1.131
9.662721539,0.9301,-0.1494,0.5811,1.107
9.66501477,0.9455,-0.1736,0.4991,1.083
9.667501847,0.9585,-0.1963,0.4302,1.069
9.67384577,0.9718,-0.2178,0.3642,1.060
9.674476616,0.9855,-0.2330,0.3014,1.057
9.67517877,1.0007,-0.2498,0.2384,1.059
9.686899616,1.0137,-0.2657,0.1809,1.063
9.687503924,1.0291,-0.2862,0.1252,1.075
9.687731078,1.0359,-0.3038,0.0696,1.082
9.687903924,1.0354,-0.3197,0.0107,1.084
9.688083924,1.0258,-0.3348,-0.0449,1.080
9.690102693,1.0049,-0.3468,-0.1024,1.068
9.692707078,0.9765,-0.3534,-0.1614,1.051
9.700544539,0.9391,-0.3570,-0.2238,1.029
9.701259309,0.8949,-0.3602,-0.2832,1.005
9.701927001,0.8426,-0.3634,-0.3405,0.979
9.702247386,0.7852,-0.3702,-0.4011,0.956
9.703706155,0.7246,-0.3761,-0.4617,0.938
9.706195924,0.6596,-0.3832,-0.5182,0.922
9.708890155,0.5976,-0.3959,-0.5690,0.915
9.711094155,0.5316,-0.4066,-0.6186,0.911
9.713048539,0.4717,-0.4142,-0.6587,0.910
9.715701462,0.4123,-0.4245,-0.6946,0.913
9.718232232,0.3591,-0.4350,-0.7278,0.921
9.720685155,0.3122,-0.4396,-0.7510,0.925
9.722779924,0.2667,-0.4418,-0.7728,0.929
9.726023616,0.2252,-0.4448,-0.7864,0.931
9.727760539,0.1859,-0.4543,-0.7980,0.937
9.730708232,0.1598,-0.4678,-0.8028,0.943
9.732921847,0.1414,-0.4839,-0.8008,0.946
9.736111616,0.1248,-0.5000,-0.7945,0.947
9.737212309,0.1187,-0.5158,-0.7810,0.943
9.739860001,0.1234,-0.5305,-0.7581,0.933
9.743325539,0.1278,-0.5428,-0.7310,0.919
9.745256232,0.1419,-0.5540,-0.6987,0.903
9.747237462,0.1622,-0.5671,-0.6640,0.888
9.749741462,0.1873,-0.5767,-0.6354,0.878
9.752558462,0.2138,-0.5831,-0.6086,0.869
9.754452847,0.2450,-0.5908,-0.5865,0.868
9.756610155,0.2744,-0.5982,-0.5726,0.872
9.759180539,0.3079,-0.6050,-0.5648,0.883
9.761551386,0.3371,-0.6111,-0.5629,0.897
9.764028001,0.3613,-0.6178,-0.5658,0.912
9.766640232,0.3853,-0.6199,-0.5595,0.920
9.772514155,0.4073,-0.6209,-0.6017,0.956
9.773303309,0.4305,-0.6234,-0.6338,0.988
9.773908616,0.4649,-0.6304,-0.6636,1.027
9.776271078,0.4999,-0.6329,-0.7004,1.068
9.784475078,0.5380,-0.6314,-0.7300,1.105
9.785097847,0.5783,-0.6312,-0.7600,1.145
9.785208309,0.6173,-0.6285,-0.7922,1.185
9.785436924,0.6587,-0.6243,-0.8175,1.221
9.787893232,0.6943,-0.6223,-0.8339,1.251
9.791118693,0.7288,-0.6178,-0.8426,1.274
9.793644309,0.7556,-0.6116,-0.8553,1.295
9.798377847,0.7801,-0.6075,-0.8627,1.312
9.799346462,0.7926,-0.6013,-0.8670,1.320
9.80032277,0.8069,-0.5978,-0.8646,1.325
9.802718386,0.8150,-0.5978,-0.8568,1.325
9.804743616,0.8258,-0.5994,-0.8353,1.319
9.807310386,0.8341,-0.6013,-0.8015,1.304
9.810051078,0.8439,-0.6036,-0.7544,1.283
9.812319001,0.8434,-0.6021,-0.6936,1.247
9.814654155,0.8372,-0.5999,-0.6228,1.204
9.817047001,0.8224,-0.5869,-0.5470,1.149
9.81945877,0.8104,-0.5706,-0.4591,1.092
9.821827616,0.8018,-0.5522,-0.3594,1.038
9.824537847,0.8055,-0.5368,-0.2518,1.000
9.827179309,0.8138,-0.5183,-0.1360,0.974
9.829115078,0.8226,-0.4963,-0.0137,0.961
9.831945155,0.8346,-0.4687,0.1133,0.964
9.834319001,0.8507,-0.4359,0.2499,0.988
9.837848616,0.8670,-0.3966,0.3935,1.031
9.839237539,0.8849,-0.3436,0.5452,1.095
9.842687924,0.9120,-0.2808,0.6931,1.179
9.844095309,0.9541,-0.2119,0.8328,1.284
9.845787001,1.0132,-0.1459,0.9591,1.403
9.84863777,1.0862,-0.0778,1.0763,1.531
9.851896309,1.1723,-0.0133,1.1778,1.662
9.85313077,1.2672,0.0433,1.2750,1.798
9.855659386,1.3520,0.1105,1.3833,1.937
9.858022693,1.4214,0.1887,1.4993,2.075
9.860447001,1.4668,0.2754,1.6253,2.207
9.862890386,1.4879,0.3743,1.6725,2.270
9.865282386,1.4949,0.4722,1.8587,2.432
9.871984232,1.4857,0.5656,1.9363,2.505
9.872611693,1.4730,0.6506,1.9813,2.553
9.872841232,1.4444,0.7261,1.9992,2.571
9.875335616,1.3992,0.8004,1.9559,2.535
9.887900001,1.3335,0.8842,1.8504,2.446
9.888790693,1.2553,0.9749,1.7003,2.327
9.889165539,1.1651,1.0720,1.5237,2.197
9.889303386,1.0764,1.1759,1.3444,2.085
9.889442693,0.9902,1.2825,1.1816,2.005
9.88956577,0.9282,1.3836,1.0373,1.963
9.901169463,0.8928,1.4652,0.9090,1.942
9.901545155,0.8993,1.5143,0.7893,1.930
9.901696616,0.9364,1.5497,0.7099,1.945
9.901812001,0.9780,1.5730,0.6603,1.966
9.901928616,1.0165,1.6015,0.6430,2.003
9.903658693,1.0344,1.6355,0.6466,2.040
9.906371309,1.0328,1.6834,0.6691,2.085
9.910011309,1.0270,1.7227,0.6931,2.122
9.910822386,1.0356,1.7447,0.7055,2.148
9.913237232,1.0533,1.7479,0.7045,2.159
9.916998693,1.0755,1.7371,0.6992,2.159
9.918088232,1.1033,1.7161,0.7057,2.159
9.920472232,1.1353,1.6976,0.7226,2.166
9.923215001,1.1749,1.6731,0.7532,2.179
9.926317232,1.2287,1.6438,0.7861,2.198
9.927746386,1.2953,1.6073,0.8210,2.222
9.930763924,1.3694,1.5637,0.8587,2.249
9.932804001,1.4498,1.5234,0.8880,2.283
9.935134155,1.5274,1.4808,0.9034,2.311
9.937823693,1.5995,1.4449,0.9019,2.337
9.940039386,1.6564,1.4102,0.8846,2.348
9.94280177,1.6973,1.3778,0.8555,2.347
9.944624924,1.7158,1.3462,0.8243,2.331
9.947316309,1.7251,1.3096,0.8003,2.309
9.950580539,1.7200,1.2624,0.7922,2.276
9.951962386,1.7053,1.2131,0.8015,2.241
9.954386155,1.6736,1.1591,0.8184,2.194
9.956864847,1.6317,1.0967,0.8536,2.143
9.959344924,1.5763,1.0357,0.9049,2.092
9.961510155,1.5126,0.9793,0.9728,2.048
9.964245847,1.4395,0.9323,1.0397,2.006
9.966726386,1.3586,0.9003,1.1140,1.974
9.968949847,1.2680,0.8730,1.1807,1.940
9.971315001,1.1768,0.8500,1.2442,1.912
9.973761539,1.0806,0.8290,1.3029,1.885
9.978878155,0.9848,0.8170,1.3563,1.865
9.979551924,0.8871,0.8083,1.4094,1.851
9.981617539,0.7879,0.8027,1.4609,1.844
9.994004616,0.6897,0.7973,1.5049,1.837
9.99489777,0.6023,0.7973,1.5464,1.841
9.995056539,0.5180,0.7960,1.5785,1.842
9.995175386,0.4386,0.7929,1.6051,1.843
9.995311616,0.3611,0.7877,1.6270,1.843
9.995494463,0.2937,0.7782,1.6395,1.838
9.997992539,0.2401,0.7684,1.6491,1.835
10.007657463,0.1961,0.7491,1.6503,1.823
10.00825377,0.1642,0.7244,1.6507,1.810
10.008413463,0.1481,0.6934,1.6542,1.800
10.008549539,0.1370,0.6604,1.6512,1.784
10.009753463,0.1295,0.6301,1.6449,1.766
10.012355386,0.1290,0.6026,1.6330,1.745
10.014888924,0.1219,0.5749,1.6107,1.715
10.017349155,0.1223,0.5530,1.5748,1.674
10.022199001,0.1207,0.5321,1.5391,1.633
10.022461155,0.1211,0.5150,1.4966,1.587
10.024475924,0.1155,0.4945,1.4374,1.525
10.026706463,0.1146,0.4806,1.3656,1.452
10.029440001,0.1078,0.4687,1.2848,1.372
10.031721847,0.0938,0.4579,1.1970,1.285
10.037314078,0.0771,0.4496,1.1020,1.193
10.037911386,0.0610,0.4452,0.9994,1.096
10.038736847,0.0422,0.4433,0.8948,0.999
10.041020539,0.0222,0.4420,0.7919,0.907
10.043646155,-0.0036,0.4447,0.6867,0.818
10.046127001,-0.0280,0.4449,0.5834,0.734
10.04944277,-0.0510,0.4505,0.4786,0.659
10.050917847,-0.0808,0.4566,0.3808,0.600
10.053096232,-0.0982,0.4659,0.2892,0.557
10.05582977,-0.1194,0.4743,0.2042,0.530
10.058012616,-0.1357,0.4784,0.1275,0.513
10.060558155,-0.1516,0.4845,0.0532,0.510
10.063196001,-0.1673,0.4889,-0.0166,0.517
10.06548577,-0.1805,0.4945,-0.0799,0.532
10.067644847,-0.2005,0.5043,-0.1348,0.559
10.074307924,-0.2252,0.5192,-0.1747,0.592
10.074889232,-0.2582,0.5400,-0.2052,0.633
10.075295309,-0.2936,0.5668,-0.2245,0.677
10.077572539,-0.3326,0.5898,-0.2306,0.715
10.079737463,-0.3735,0.6120,-0.2233,0.751
10.085405155,-0.4145,0.6323,-0.2098,0.785
10.085783386,-0.4575,0.6521,-0.1935,0.820
10.087047924,-0.4944,0.6697,-0.1740,0.850
10.089552001,-0.5245,0.6860,-0.1490,0.876
10.102654155,-0.5503,0.6998,-0.1229,0.899
10.103248001,-0.5729,0.7130,-0.0945,0.919
10.103429539,-0.5972,0.7281,-0.0559,0.943
10.103592001,-0.6156,0.7435,-0.0081,0.965
10.103749155,-0.6278,0.7518,0.0551,0.981
10.103910463,-0.6373,0.7591,0.1321,1.000
10.106395616,-0.6473,0.7687,0.2212,1.029
10.108537539,-0.6544,0.7813,0.3251,1.070
10.11120677,-0.6615,0.7948,0.4331,1.121
10.113807078,-0.6654,0.8134,0.5452,1.184
10.116031693,-0.6645,0.8329,0.6547,1.251
10.118284001,-0.6556,0.8512,0.7570,1.314
10.120652539,-0.6349,0.8640,0.8580,1.373
10.123985232,-0.5953,0.8688,0.9564,1.423
10.125523078,-0.5480,0.8749,1.0461,1.470
10.127966078,-0.5005,0.8781,1.1329,1.518
10.130556539,-0.4490,0.8866,1.2127,1.568
10.132855309,-0.3931,0.8959,1.2833,1.614
10.135230078,-0.3375,0.9089,1.3439,1.657
10.13802577,-0.2880,0.9255,1.3947,1.698
10.140279001,-0.2359,0.9443,1.4313,1.731
10.142665232,-0.1914,0.9685,1.4558,1.759
10.144927309,-0.1514,0.9975,1.4712,1.784
10.147655924,-0.1143,1.0252,1.4690,1.795
10.149786693,-0.0776,1.0489,1.4472,1.789
10.152319078,-0.0414,1.0645,1.4126,1.769
10.154771078,0.0002,1.0765,1.3710,1.743
10.157446386,0.0447,1.0811,1.3241,1.710
10.159266078,0.0923,1.0816,1.2845,1.682
10.162400616,0.1390,1.0811,1.2594,1.666
10.164888309,0.1808,1.0785,1.2413,1.654
10.166607001,0.2218,1.0829,1.2398,1.661
10.169127386,0.2587,1.0865,1.2498,1.676
10.171656847,0.2925,1.0978,1.2645,1.700
10.173854155,0.3154,1.1119,1.2899,1.732
10.17631477,0.3384,1.1207,1.3226,1.766
10.178643309,0.3587,1.1302,1.3556,1.801
10.183563078,0.3738,1.1426,1.3917,1.839
10.184093232,0.3836,1.1544,1.4329,1.880
10.186538155,0.3911,1.1640,1.4781,1.922
10.188395001,0.3970,1.1723,1.5274,1.966
10.201829847,0.3978,1.1882,1.5818,2.018
10.202524001,0.4051,1.2043,1.6442,2.078
10.202733155,0.4065,1.2225,1.7096,2.141
10.202832847,0.4043,1.2465,1.7795,2.210
10.202940001,0.3975,1.2685,1.8499,2.278
10.203036616,0.3813,1.2984,1.9202,2.349
10.205234155,0.3611,1.3266,1.9911,2.420
10.213777463,0.3281,1.3631,2.0665,2.497
10.214370386,0.2930,1.4039,2.1467,2.582
10.214607309,0.2553,1.4475,2.2193,2.662
10.215003078,0.2301,1.4852,2.2989,2.747
10.217199309,0.2066,1.5180,2.3651,2.818
10.219590155,0.1889,1.5378,2.4113,2.866
10.223096924,0.1771,1.5481,2.4304,2.887
10.224447616,0.1715,1.5421,2.4223,2.877
10.22749077,0.1768,1.5229,2.4005,2.848
10.22945377,0.1861,1.4999,2.3712,2.812
10.231720924,0.2062,1.4674,2.3270,2.759
10.234405232,0.2313,1.4351,2.2696,2.695
10.236708001,0.2646,1.4039,2.2000,2.623
10.239457539,0.2966,1.3829,2.1377,2.563
10.241245847,0.3293,1.3831,2.0815,2.521
10.243730693,0.3613,1.4034,2.0209,2.487
10.246876539,0.3911,1.4395,1.9676,2.469
10.248771386,0.4232,1.4887,1.9239,2.469
10.251739616,0.4688,1.5204,1.8921,2.472
10.253596847,0.5341,1.5160,1.8623,2.460
10.256030155,0.6294,1.4701,1.8133,2.418
10.258525155,0.7484,1.3782,1.7485,2.349
10.260808001,0.8737,1.2595,1.6528,2.254
10.264246155,0.9872,1.1466,1.5384,2.158
10.265489155,1.0725,1.0477,1.4175,2.063
10.269134155,1.1458,0.9665,1.2936,1.980
10.271308232,1.1940,0.8964,1.1860,1.907
10.272659078,1.2420,0.8481,1.0969,1.861
10.275217539,1.2667,0.8097,1.0292,1.822
10.277868001,1.2829,0.7823,0.9710,1.789
10.280449155,1.2858,0.7643,0.9276,1.760
10.285344001,1.2839,0.7396,0.8921,1.730
10.285957463,1.2851,0.7122,0.8592,1.702
10.288048232,1.2888,0.6714,0.8218,1.669
10.298876232,1.2983,0.6280,0.7849,1.642
10.299190463,1.3110,0.5739,0.7441,1.613
10.299290386,1.3219,0.5187,0.7092,1.587
10.299378155,1.3263,0.4674,0.6887,1.566
10.299472616,1.3224,0.4242,0.6810,1.547
10.301750078,1.3102,0.3863,0.6915,1.531
10.311460309,1.2870,0.3497,0.7125,1.512
10.312031386,1.2538,0.3179,0.7363,1.488
10.312234693,1.2130,0.2832,0.7588,1.458
10.312387001,1.1646,0.2527,0.7754,1.422
10.314094078,1.1178,0.2094,0.7891,1.384
10.315991616,1.0722,0.1610,0.7947,1.344
10.318451616,1.0244,0.1134,0.7991,1.304
10.321564232,0.9818,0.0662,0.8028,1.270
10.323464309,0.9371,0.0230,0.7898,1.226
10.326340616,0.8986,-0.0213,0.7788,1.189
10.328469232,0.8593,-0.0616,0.7678,1.154
10.330774693,0.8255,-0.0898,0.7661,1.130
10.332991001,0.7866,-0.1117,0.7705,1.107
10.335576001,0.7552,-0.1257,0.7776,1.091
10.338557847,0.7214,-0.1394,0.7924,1.081
10.340366463,0.6909,-0.1511,0.8057,1.072
10.342744001,0.6587,-0.1643,0.8101,1.057
10.345285232,0.6266,-0.1762,0.8064,1.036
10.347675693,0.6012,-0.1895,0.7959,1.015
10.34981777,0.5834,-0.1990,0.7783,0.993
10.352678386,0.5721,-0.2130,0.7585,0.974
10.354788232,0.5676,-0.2307,0.7304,0.953
10.357095616,0.5672,-0.2522,0.6955,0.932
10.359800924,0.5726,-0.2726,0.6549,0.912
10.362115924,0.5761,-0.2962,0.6097,0.890
10.364428232,0.5758,-0.3174,0.5613,0.865
10.366848232,0.5751,-0.3351,0.5108,0.839
10.369392847,0.5729,-0.3488,0.4609,0.814
10.371706693,0.5656,-0.3612,0.4136,0.788
10.374119693,0.5609,-0.3705,0.3623,0.764
10.376595309,0.5609,-0.3761,0.3036,0.740
10.383427616,0.5597,-0.3795,0.2508,0.721
10.383979386,0.5651,-0.3783,0.1946,0.707
10.384227924,0.5670,-0.3763,0.1374,0.694
10.386455693,0.5709,-0.3744,0.0773,0.687
10.399931924,0.5812,-0.3668,0.0173,0.688
10.400754078,0.5866,-0.3642,-0.0359,0.691
10.401249847,0.5861,-0.3570,-0.0916,0.692
10.401465232,0.5756,-0.3483,-0.1500,0.689
10.401640847,0.5597,-0.3380,-0.2138,0.688
10.402071616,0.5311,-0.3287,-0.2837,0.686
10.40395377,0.4974,-0.3178,-0.3545,0.689
10.414216616,0.4566,-0.2996,-0.4183,0.688
10.41505077,0.4051,-0.2815,-0.4779,0.687
10.415737155,0.3501,-0.2628,-0.5325,0.689
10.416190155,0.2995,-0.2488,-0.5846,0.702
10.416497463,0.2555,-0.2342,-0.6333,0.722
10.417429847,0.2175,-0.2219,-0.6736,0.742
10.419857155,0.1830,-0.2112,-0.7019,0.756
10.422272232,0.1514,-0.1988,-0.7207,0.763
10.42485477,0.1195,-0.1902,-0.7305,0.764
10.426851693,0.0957,-0.1851,-0.7300,0.759
10.429439924,0.0852,-0.1870,-0.7170,0.746
10.431830693,0.0813,-0.1929,-0.6897,0.721
10.434911924,0.0833,-0.2027,-0.6511,0.687
10.437251001,0.1043,-0.2144,-0.6137,0.658
10.438983078,0.1344,-0.2291,-0.5707,0.629
10.441409232,0.1728,-0.2456,-0.5196,0.600
10.44403477,0.2220,-0.2622,-0.4649,0.578
10.44659477,0.2783,-0.2803,-0.4031,0.564
10.448715616,0.3391,-0.3045,-0.3377,0.567
10.451296616,0.3987,-0.3267,-0.2716,0.583
10.454593539,0.4619,-0.3516,-0.2162,0.620
10.455914693,0.5185,-0.3791,-0.1663,0.663
10.458430693,0.5763,-0.4125,-0.1295,0.720
10.46094177,0.6298,-0.4359,-0.1031,0.773
10.463204309,0.6804,-0.4550,-0.0857,0.823
10.465795001,0.7273,-0.4729,-0.0757,0.871
10.468509539,0.7649,-0.4841,-0.0675,0.908
10.473263001,0.8074,-0.4875,-0.0711,0.946
10.474021155,0.8444,-0.4883,-0.0911,0.980
10.476050463,0.8835,-0.4904,-0.1290,1.019
10.485817847,0.9154,-0.4878,-0.1732,1.052
10.486435924,0.9499,-0.4856,-0.2087,1.087
10.48679477,0.9731,-0.4776,-0.2506,1.113
10.48689377,0.9870,-0.4650,-0.2853,1.128
10.487404847,0.9909,-0.4460,-0.3205,1.133
10.489528847,0.9802,-0.4191,-0.3494,1.122
10.49235877,0.9557,-0.3861,-0.3752,1.097
10.500426693,0.9196,-0.3458,-0.3909,1.057
10.501128924,0.8734,-0.3008,-0.3972,1.006
10.501274693,0.8155,-0.2537,-0.4014,0.944
10.502011924,0.7571,-0.2060,-0.4006,0.881
10.504279078,0.6999,-0.1618,-0.3904,0.818
10.506483386,0.6506,-0.1245,-0.3750,0.761
10.509404539,0.6052,-0.0942,-0.3557,0.708
10.512047309,0.5702,-0.0668,-0.3335,0.664
10.513862386,0.5465,-0.0383,-0.3056,0.627
10.516239693,0.5334,-0.0099,-0.2602,0.594
10.518951693,0.5316,0.0217,-0.2001,0.568
10.521002693,0.5329,0.0641,-0.1239,0.551
10.524168539,0.5423,0.1100,-0.0328,0.554
10.527964924,0.5775,0.1508,0.0637,0.600
10.528723001,0.6350,0.1838,0.1685,0.682
10.530650693,0.7197,0.2180,0.2943,0.808
10.533291078,0.8255,0.2490,0.4241,0.961
10.535777463,0.9450,0.2775,0.5501,1.128
10.538201539,1.0766,0.3057,0.6717,1.305
10.540505847,1.2152,0.3392,0.7803,1.483
10.542921155,1.3503,0.3774,0.8758,1.653
10.545300539,1.4805,0.4298,0.9508,1.811
10.547719924,1.5963,0.4894,0.9977,1.945
10.550375078,1.6999,0.5558,1.0270,2.062
10.553080539,1.7920,0.6267,1.0444,2.167
10.554961232,1.8714,0.6983,1.0483,2.256
10.557733539,1.9359,0.7615,1.0383,2.325
10.559788924,1.9767,0.8172,1.0183,2.369
10.562206386,1.9826,0.8696,0.9818,2.377
10.564687001,1.9496,0.9150,0.9263,2.344
10.567223924,1.8756,0.9695,0.8418,2.273
10.569503616,1.7666,1.0322,0.7248,2.171
10.571666386,1.6371,1.1097,0.5821,2.062
10.574568232,1.5018,1.1922,0.4282,1.965
10.576826463,1.3796,1.2776,0.2834,1.902
10.582054155,1.2780,1.3428,0.1438,1.859
10.582666386,1.2086,1.3839,0.0227,1.837
10.584520847,1.1670,1.4012,-0.0631,1.825
10.597592924,1.1475,1.4083,-0.1026,1.820
10.598080924,1.1407,1.4170,-0.0908,1.821
10.598207078,1.1346,1.4371,-0.0271,1.831
10.598312309,1.1101,1.4745,0.0837,1.848
10.598423924,1.0784,1.5169,0.2359,1.876
10.598560309,1.0305,1.5602,0.3996,1.912
10.600830155,0.9741,1.5956,0.5697,1.954
10.610139001,0.9020,1.6235,0.7532,2.004
10.611297463,0.8167,1.6436,0.9310,2.058
10.611504309,0.7283,1.6526,1.0859,2.107
10.611687616,0.6443,1.6634,1.2149,2.158
10.612690386,0.5646,1.6653,1.3251,2.202
10.615086463,0.4974,1.6606,1.4035,2.230
10.619023309,0.4417,1.6572,1.4553,2.249
10.619866386,0.4078,1.6497,1.4790,2.253
10.622533155,0.4058,1.6303,1.4830,2.241
10.625208001,0.4446,1.5937,1.4599,2.207
10.627646463,0.5160,1.5527,1.4269,2.171
10.629625155,0.6147,1.5072,1.3854,2.138
10.632028309,0.7330,1.4625,1.3500,2.121
10.63448177,0.8721,1.4151,1.3111,2.117
10.637132616,1.0249,1.3680,1.2845,2.138
10.63981477,1.1807,1.3140,1.2823,2.183
10.641795309,1.3340,1.2626,1.2909,2.245
10.644565232,1.4730,1.2082,1.3065,2.310
10.646752309,1.5870,1.1576,1.3158,2.364
10.649222078,1.6816,1.1141,1.3204,2.411
10.652719078,1.7491,1.0772,1.3134,2.438
10.653789539,1.7866,1.0454,1.2901,2.439
10.656226386,1.7974,1.0200,1.2506,2.416
10.659251078,1.7771,1.0047,1.1953,2.366
10.660964001,1.7244,0.9973,1.1243,2.287
10.66340277,1.6487,0.9963,1.0441,2.191
10.666290386,1.5543,1.0063,0.9564,2.084
10.668479924,1.4481,1.0217,0.8599,1.970
10.670633155,1.3332,1.0384,0.7583,1.852
10.673187078,1.2162,1.0501,0.6566,1.736
10.67555777,1.1080,1.0577,0.5557,1.629
10.677858386,1.0078,1.0660,0.4627,1.538
10.680303001,0.9210,1.0657,0.3735,1.457
10.683670693,0.8460,1.0618,0.2899,1.388
10.689143616,0.7840,1.0526,0.2086,1.329
10.689742463,0.7324,1.0452,0.1387,1.284
10.690101155,0.6960,1.0330,0.0820,1.248
10.69385877,0.6711,1.0212,0.0388,1.223
10.705896924,0.6474,1.0010,0.0039,1.192
10.706469155,0.6328,0.9732,-0.0142,1.161
10.706657232,0.6179,0.9338,-0.0214,1.120
10.706768001,0.6071,0.8903,-0.0191,1.078
10.706880001,0.5902,0.8478,-0.0037,1.033
10.707320232,0.5761,0.8043,0.0223,0.990
10.720022386,0.5585,0.7640,0.0603,0.948
10.720556001,0.5355,0.7249,0.1033,0.907
10.720655001,0.5069,0.6930,0.1607,0.873
10.720745155,0.4703,0.6623,0.2222,0.842
10.720855001,0.4332,0.6299,0.2853,0.816
10.721259924,0.3943,0.6064,0.3515,0.804
10.723723693,0.3528,0.5793,0.4145,0.795
10.726179924,0.3140,0.5610,0.4688,0.796
10.728354078,0.2772,0.5434,0.5077,0.794
10.731303386,0.2345,0.5278,0.5362,0.788
10.734159616,0.1942,0.5148,0.5550,0.782
10.735804924,0.1514,0.5065,0.5674,0.776
10.738631924,0.1087,0.4945,0.5750,0.766
10.740796616,0.0645,0.4877,0.5811,0.761
10.743074078,0.0130,0.4904,0.5836,0.762
10.745311616,-0.0451,0.4924,0.5841,0.765
10.747903924,-0.1101,0.5023,0.5865,0.780
10.750476001,-0.1758,0.5126,0.5848,0.797
10.75271877,-0.2423,0.5304,0.5767,0.820
10.75490177,-0.3099,0.5490,0.5648,0.846
10.757497539,-0.3766,0.5674,0.5445,0.872
10.759733539,-0.4409,0.5884,0.5173,0.899
10.762798386,-0.4939,0.6047,0.4863,0.920
10.764970463,-0.5394,0.6225,0.4519,0.940
10.767506463,-0.5790,0.6369,0.4074,0.952
10.769748924,-0.6114,0.6513,0.3628,0.964
10.772067616,-0.6432,0.6667,0.3139,0.978
10.775164309,-0.6720,0.6841,0.2713,0.997
10.777446386,-0.6959,0.7070,0.2261,1.018
10.779401155,-0.7143,0.7337,0.1858,1.041
10.781739309,-0.7223,0.7552,0.1423,1.055
10.786315386,-0.7169,0.7745,0.1050,1.061
10.786799309,-0.6977,0.7889,0.0742,1.056
10.789598155,-0.6679,0.7999,0.0483,1.043
10.800899001,-0.6326,0.8111,0.0265,1.029
10.801706693,-0.5909,0.8163,0.0121,1.008
10.801850078,-0.5503,0.8202,0.0055,0.988
10.802053847,-0.5096,0.8241,0.0109,0.969
10.802163309,-0.4656,0.8276,0.0283,0.950
10.803310386,-0.4169,0.8232,0.0647,0.925
10.805555693,-0.3698,0.8165,0.1120,0.903
10.814326386,-0.3241,0.8116,0.1737,0.891
10.814975386,-0.2780,0.8070,0.2415,0.887
10.815158693,-0.2315,0.8041,0.3070,0.891
10.815548232,-0.1865,0.8009,0.3735,0.903
10.817695309,-0.1389,0.7926,0.4355,0.915
10.820296924,-0.0950,0.7841,0.4966,0.933
10.822942386,-0.0600,0.7752,0.5592,0.958
10.825362155,-0.0268,0.7640,0.6279,0.989
10.827315616,0.0051,0.7540,0.6996,1.029
10.829845539,0.0445,0.7445,0.7737,1.075
10.832411001,0.0787,0.7391,0.8377,1.120
10.83472277,0.1111,0.7324,0.8981,1.164
10.837260616,0.1373,0.7337,0.9468,1.206
10.839731386,0.1627,0.7340,0.9874,1.241
10.842135309,0.1881,0.7349,1.0195,1.271
10.844268232,0.2167,0.7415,1.0427,1.298
10.84670177,0.2458,0.7503,1.0578,1.320
10.849221847,0.2758,0.7633,1.0681,1.341
10.851475386,0.3039,0.7867,1.0695,1.362
10.854224924,0.3249,0.8136,1.0607,1.376
10.856521539,0.3487,0.8439,1.0490,1.391
10.859095078,0.3677,0.8837,1.0324,1.408
10.861415616,0.3887,0.9229,1.0102,1.422
10.863691693,0.4099,0.9578,0.9803,1.430
10.866240616,0.4330,0.9924,0.9473,1.439
10.868427078,0.4642,1.0298,0.9151,1.454
10.871572847,0.4873,1.0664,0.8892,1.472
10.873461232,0.5047,1.1060,0.8611,1.490
10.87883777,0.5192,1.1479,0.8529,1.521
10.879431078,0.5365,1.1940,0.8641,1.568
10.881918155,0.5490,1.2485,0.8972,1.633
10.893112309,0.5527,1.3169,0.9638,1.723
10.893545847,0.5507,1.3960,1.0507,1.832
10.893718693,0.5325,1.4850,1.1555,1.956
10.893830078,0.5006,1.5817,1.2841,2.098
10.893911924,0.4505,1.6841,1.4306,2.255
10.895587616,0.3946,1.7769,1.5821,2.412
10.898482386,0.3382,1.8473,1.7341,2.556
10.90602977,0.2881,1.8996,1.8726,2.683
10.906973463,0.2446,1.9304,1.9933,2.786
10.907205232,0.2208,1.9453,2.0805,2.857
10.907413155,0.2111,1.9382,2.1450,2.899
10.909217539,0.2167,1.9150,2.1921,2.919
10.911840001,0.2333,1.8784,2.2076,2.908
10.914407924,0.2494,1.8395,2.1892,2.870
10.916729463,0.2639,1.8174,2.1408,2.821
10.919316232,0.2732,1.8272,2.0773,2.780
10.921487309,0.2760,1.8617,2.0055,2.750
10.923990463,0.2946,1.9159,1.9295,2.735
10.926164309,0.3289,1.9614,1.8496,2.716
10.928690155,0.3874,1.9927,1.7612,2.688
10.930947001,0.4684,2.0007,1.6503,2.635
10.934196616,0.5716,1.9780,1.5073,2.552
10.938474078,0.6821,1.9277,1.3351,2.442
10.939041539,0.7879,1.8637,1.1329,2.319
10.940634386,0.8898,1.7918,0.9291,2.206
10.943173463,0.9902,1.6958,0.7280,2.094
10.945474386,1.0762,1.6030,0.5066,1.996
10.948717155,1.1605,1.5297,0.3088,1.945
10.950272924,1.2135,1.4789,0.1367,1.918
10.952744232,1.2662,1.4374,-0.0088,1.916
10.955164539,1.3030,1.4097,-0.1062,1.923
10.957591924,1.3699,1.3662,-0.2469,1.950
10.960151616,1.4248,1.3376,-0.3037,1.978
10.962529155,1.4446,1.3352,-0.3960,2.007
10.96535377,1.4864,1.2947,-0.5113,2.036
10.967269539,1.5236,1.2334,-0.5487,2.036
10.969912001,1.5632,1.1554,-0.5621,2.023
10.972288309,1.6135,1.0687,-0.5758,2.019
10.974660001,1.6587,0.9807,-0.5861,2.014
10.976943693,1.6880,0.8950,-0.5888,1.999
10.97944677,1.6995,0.8141,-0.5763,1.971
10.985369847,1.6983,0.7454,-0.5455,1.933
10.98631777,1.6718,0.6837,-0.5022,1.875
10.986809847,1.6293,0.6243,-0.4493,1.802
11.001142386,1.5702,0.5630,-0.3767,1.710
11.001828924,1.5045,0.4976,-0.2888,1.611
11.002175924,1.4363,0.4288,-0.1866,1.511
11.002317155,1.3674,0.3525,-0.0767,1.414
11.002431309,1.2990,0.2791,0.0349,1.329
11.002545847,1.2245,0.2146,0.1470,1.252
11.004718463,1.1472,0.1586,0.2599,1.187
11.013491309,1.0733,0.1119,0.3659,1.139
11.014167693,1.0034,0.0709,0.4619,1.107
11.014336616,0.9335,0.0279,0.5526,1.085
11.014543924,0.8768,-0.0113,0.6398,1.086
11.016001539,0.8453,-0.0548,0.7299,1.118
11.018283386,0.8358,-0.0912,0.8162,1.172
11.020616232,0.8270,-0.1201,0.8921,1.222
11.023833232,0.8106,-0.1366,0.9571,1.262
11.030127693,0.7869,-0.1366,1.0062,1.285
11.030321232,0.7577,-0.1355,1.0421,1.296
11.030448924,0.7275,-0.1315,1.0642,1.296
11.03245377,0.7009,-0.1315,1.0771,1.292
11.034606693,0.6865,-0.1364,1.0817,1.288
11.037102078,0.6790,-0.1413,1.0761,1.280
11.039391386,0.6704,-0.1557,1.0622,1.266
11.041892539,0.6606,-0.1697,1.0376,1.242
11.044442693,0.6540,-0.1787,1.0013,1.209
11.047703924,0.6459,-0.1885,0.9571,1.170
11.049260616,0.6364,-0.1951,0.9039,1.123
11.05173777,0.6289,-0.2044,0.8452,1.073
11.054479924,0.6184,-0.2158,0.7793,1.018
11.056992001,0.6128,-0.2270,0.7099,0.965
11.059351001,0.6068,-0.2381,0.6428,0.915
11.061517463,0.6024,-0.2491,0.5814,0.874
11.064435309,0.5981,-0.2591,0.5142,0.830
11.066030386,0.5839,-0.2671,0.4478,0.783
11.068508924,0.5636,-0.2745,0.3822,0.734
11.071121539,0.5453,-0.2782,0.3170,0.689
11.07359377,0.5208,-0.2803,0.2540,0.644
11.075759386,0.4971,-0.2852,0.1927,0.605
11.078290155,0.4740,-0.2925,0.1233,0.570
11.081991693,0.4573,-0.3026,0.0514,0.551
11.08291777,0.4402,-0.3138,-0.0176,0.541
11.085359309,0.4239,-0.3253,-0.0815,0.540
11.091372847,0.4090,-0.3339,-0.1505,0.549
11.091907616,0.4011,-0.3444,-0.2240,0.574
11.092703001,0.4009,-0.3626,-0.2907,0.614
11.095197539,0.4085,-0.3793,-0.3543,0.660
11.107262155,0.4176,-0.3991,-0.4141,0.711
11.10785877,0.4319,-0.4171,-0.4656,0.760
11.108096232,0.4425,-0.4320,-0.5080,0.800
11.10828854,0.4524,-0.4448,-0.5423,0.835
11.108468309,0.4668,-0.4523,-0.5651,0.861
11.109492001,0.4781,-0.4523,-0.5726,0.872
11.113147386,0.4882,-0.4485,-0.5656,0.871
11.114487616,0.4845,-0.4320,-0.5443,0.847
11.116634463,0.4759,-0.4094,-0.5155,0.812
11.119314693,0.4624,-0.3884,-0.4840,0.774
11.12158054,0.4519,-0.3744,-0.4474,0.738
11.123756616,0.4437,-0.3730,-0.4139,0.712
11.126448616,0.4414,-0.3705,-0.3867,0.694
11.129103693,0.4386,-0.3735,-0.3647,0.682
11.131330078,0.4330,-0.3707,-0.3476,0.668
11.133430693,0.4214,-0.3698,-0.3315,0.651
11.135943616,0.4099,-0.3681,-0.3176,0.636
11.138294078,0.4009,-0.3678,-0.3066,0.624
11.14074054,0.3923,-0.3675,-0.3000,0.616
11.143512309,0.3887,-0.3700,-0.2970,0.613
11.146421847,0.3825,-0.3690,-0.2983,0.609
11.148518155,0.3762,-0.3683,-0.3056,0.609
11.150509232,0.3708,-0.3668,-0.3198,0.612
11.152919924,0.3694,-0.3626,-0.3340,0.616
11.155350078,0.3718,-0.3600,-0.3506,0.625
11.15797254,0.3833,-0.3583,-0.3716,0.643
11.160870693,0.4041,-0.3578,-0.3906,0.666
11.163644232,0.4268,-0.3507,-0.4104,0.688
11.16496454,0.4510,-0.3409,-0.4283,0.709
11.167532847,0.4771,-0.3302,-0.4510,0.735
11.169931386,0.5011,-0.3131,-0.4764,0.759
11.172310078,0.5267,-0.2940,-0.4947,0.780
11.174648309,0.5576,-0.2822,-0.5155,0.810
11.177096001,0.6015,-0.2766,-0.5236,0.844
11.184286463,0.6515,-0.2745,-0.5287,0.883
11.184908309,0.7051,-0.2661,-0.5287,0.921
11.185299078,0.7556,-0.2598,-0.5169,0.952
11.186855693,0.8001,-0.2466,-0.4873,0.969
11.199738155,0.8392,-0.2335,-0.4474,0.979
11.200591693,0.8668,-0.2175,-0.3980,0.978
11.200826693,0.8868,-0.2014,-0.3417,0.972
11.200928924,0.8912,-0.1778,-0.2858,0.953
11.201098078,0.8930,-0.1516,-0.2343,0.936
11.201441155,0.8930,-0.1247,-0.1676,0.917
11.203691616,0.8919,-0.0979,-0.0857,0.901
11.212973232,0.9028,-0.0783,0.0114,0.906
11.21370277,0.9122,-0.0590,0.1067,0.920
11.214003693,0.9096,-0.0331,0.1898,0.930
11.214251386,0.9140,-0.0167,0.2731,0.954
11.215507693,0.9196,0.0000,0.3476,0.983
11.218570693,0.9424,0.0054,0.4199,1.032
11.221192309,1.0505,-0.0565,0.4807,1.157
11.223190078,1.0349,0.0049,0.4870,1.144
11.225758693,0.9990,0.1034,0.5318,1.136
11.227972309,0.9758,0.2055,0.5970,1.162
11.230240001,0.9780,0.3024,0.6735,1.225
11.232550463,1.0041,0.4002,0.7651,1.324
11.23497254,1.0386,0.4969,0.8704,1.443
11.237539386,1.0787,0.5957,0.9929,1.582
11.239845463,1.1278,0.6865,1.1282,1.737
11.242187001,1.1800,0.7562,1.2696,1.891
11.244865232,1.2240,0.8356,1.4123,2.047
11.246920232,1.2501,0.9318,1.5535,2.201
11.249571616,1.2692,1.0330,1.6740,2.341
11.252068616,1.2707,1.1493,1.7707,2.464
11.254811001,1.2739,1.2732,1.8420,2.576
11.256613847,1.2834,1.3887,1.8636,2.655
11.259208616,1.2985,1.4840,1.8298,2.690
11.261566155,1.3281,1.5476,1.7399,2.681
11.264183616,1.3771,1.5781,1.5985,2.635
11.267031386,1.4424,1.5825,1.4199,2.569
11.268875924,1.5057,1.5746,1.2293,2.502
11.27126677,1.5614,1.5695,1.0461,2.449
11.273612232,1.5966,1.5739,0.8672,2.404
11.276265463,1.6088,1.5928,0.7026,2.370
11.284094078,1.5973,1.6154,0.5645,2.341
11.284571616,1.5597,1.6404,0.4568,2.309
11.284767309,1.4942,1.6569,0.3825,2.264
11.286444847,1.4078,1.6751,0.3351,2.214
11.297379693,1.3125,1.6900,0.3121,2.162
11.297950155,1.2113,1.7012,0.3129,2.112
11.298114155,1.1136,1.7093,0.3334,2.067
11.298209232,1.0254,1.7093,0.3547,2.025
11.29831777,0.9469,1.6963,0.3745,1.979
11.300302386,0.8839,1.6634,0.3971,1.925
11.302645847,0.8429,1.6226,0.4290,1.878
11.31136677,0.8206,1.5700,0.4627,1.831
11.312097847,0.8211,1.5109,0.4991,1.791
11.312281847,0.8360,1.4581,0.5340,1.764
11.312456309,0.8553,1.4065,0.5662,1.741
11.314511001,0.8709,1.3543,0.5970,1.717
11.31693077,0.8917,1.2984,0.6288,1.696
11.320193155,0.9169,1.2367,0.6708,1.679
11.321911616,0.9333,1.1723,0.7292,1.666
11.324350386,0.9474,1.1053,0.7924,1.658
11.326743001,0.9531,1.0359,0.8706,1.655
11.328948232,0.9504,0.9663,0.9684,1.666
11.33133777,0.9384,0.9047,1.0784,1.692
11.334082155,0.9115,0.8537,1.1934,1.727
11.337323616,0.8742,0.8041,1.3074,1.766
11.338639001,0.8316,0.7655,1.4323,1.825
11.340955693,0.7871,0.7293,1.5589,1.893
11.343571386,0.7256,0.6975,1.6833,1.961
11.345964309,0.6592,0.6709,1.7974,2.029
11.34889777,0.5861,0.6565,1.9012,2.095
11.351044232,0.5099,0.6478,1.9945,2.158
11.353527924,0.4383,0.6482,2.0795,2.222
11.355560847,0.3652,0.6455,2.1411,2.266
11.358376616,0.2961,0.6450,2.1863,2.299
11.360454463,0.2416,0.6438,2.2073,2.312
11.362786386,0.1979,0.6360,2.1965,2.295
11.365303309,0.1610,0.6262,2.1736,2.268
11.367820001,0.1321,0.6143,2.1269,2.218
11.370561463,0.1029,0.6015,2.0597,2.148
11.372533847,0.0823,0.5891,1.9747,2.062
11.375025155,0.0628,0.5768,1.8746,1.962
11.38279754,0.0498,0.5649,1.7568,1.846
11.383197847,0.0415,0.5566,1.6288,1.722
11.383371078,0.0398,0.5521,1.4988,1.598
11.385415309,0.0420,0.5465,1.3666,1.472
11.396048001,0.0503,0.5475,1.2357,1.353
11.396494463,0.0574,0.5439,1.1052,1.233
11.396663001,0.0671,0.5368,0.9803,1.120
11.396793463,0.0733,0.5283,0.8550,1.008
11.396893155,0.0731,0.5216,0.7346,0.904
11.399686386,0.0664,0.5158,0.6202,0.809
11.401260001,0.0620,0.5121,0.5084,0.724
11.409414463,0.0533,0.5067,0.4096,0.654
11.410050155,0.0440,0.5043,0.3109,0.594
11.410239616,0.0330,0.5067,0.2224,0.554
11.411276309,0.0203,0.5065,0.1406,0.526
11.413313847,0.0068,0.5092,0.0703,0.514
11.415848847,-0.0062,0.5114,0.0058,0.511
11.418267001,-0.0183,0.5172,-0.0454,0.520
11.420556616,-0.0351,0.5190,-0.0920,0.528
11.423067001,-0.0527,0.5258,-0.1376,0.546
11.425820616,-0.0744,0.5302,-0.1859,0.567
11.42813777,-0.0940,0.5339,-0.2262,0.587
11.43021754,-0.1162,0.5444,-0.2536,0.612
11.432649155,-0.1397,0.5546,-0.2685,0.632
11.435404309,-0.1765,0.5700,-0.2723,0.656
11.437517232,-0.2159,0.5933,-0.2648,0.685
11.439995078,-0.2650,0.6182,-0.2499,0.717
11.442444309,-0.3116,0.6492,-0.2276,0.755
11.444724847,-0.3591,0.6795,-0.1959,0.793
11.447107386,-0.3989,0.7095,-0.1602,0.830
11.449747001,-0.4350,0.7391,-0.1167,0.866
11.452627924,-0.4648,0.7708,-0.0696,0.903
11.455464001,-0.4910,0.7987,-0.0217,0.938
11.457550078,-0.5093,0.8244,0.0270,0.969
11.459548616,-0.5245,0.8468,0.0749,0.999
11.461963078,-0.5308,0.8649,0.1241,1.022
11.465460001,-0.5330,0.8784,0.1690,1.041
11.466918078,-0.5271,0.8905,0.2149,1.057
11.469057463,-0.5166,0.9031,0.2638,1.073
11.472052847,-0.4968,0.9089,0.3205,1.084
11.473863924,-0.4714,0.9145,0.3857,1.099
11.481200309,-0.4380,0.9162,0.4560,1.113
11.482212309,-0.3999,0.9164,0.5269,1.130
11.482695078,-0.3579,0.9223,0.5967,1.155
11.483509155,-0.3163,0.9238,0.6735,1.186
11.496126078,-0.2689,0.9262,0.7497,1.222
11.496596847,-0.2233,0.9289,0.8294,1.265
11.496736001,-0.1712,0.9287,0.9063,1.309
11.496836616,-0.1094,0.9241,0.9823,1.353
11.496930386,-0.0486,0.9167,1.0607,1.403
11.497698463,0.0228,0.9047,1.1369,1.453
11.501332001,0.0972,0.8905,1.2122,1.507
11.50931377,0.1747,0.8768,1.2816,1.563
11.509856309,0.2518,0.8635,1.3434,1.617
11.510037232,0.3254,0.8561,1.3979,1.671
11.510216001,0.3965,0.8481,1.4531,1.729
11.512189463,0.4644,0.8424,1.5124,1.792
11.51493377,0.5197,0.8402,1.5677,1.853
11.518539001,0.5690,0.8397,1.6178,1.909
11.519819386,0.6108,0.8414,1.6503,1.951
11.522292232,0.6403,0.8466,1.6656,1.975
11.524808001,0.6613,0.8583,1.6588,1.981
11.526839386,0.6765,0.8754,1.6295,1.970
11.52907377,0.6899,0.9001,1.5792,1.944
11.531701232,0.7058,0.9223,1.5186,1.912
11.534860309,0.7258,0.9490,1.4576,1.885
11.536388616,0.7517,0.9768,1.3861,1.855
11.538889847,0.7840,1.0019,1.3146,1.829
11.541443924,0.8180,1.0247,1.2498,1.811
11.543788001,0.8527,1.0452,1.1941,1.801
11.546001155,0.8895,1.0645,1.1499,1.802
11.548791309,0.9208,1.0850,1.1191,1.810
11.551506693,0.9474,1.1102,1.1052,1.831
11.55337754,0.9634,1.1346,1.1113,1.858
11.556061232,0.9736,1.1679,1.1333,1.896
11.558464847,0.9727,1.2069,1.1778,1.947
11.56069354,0.9599,1.2463,1.2393,2.003
11.56311477,0.9264,1.2947,1.3141,2.064
11.565759616,0.8819,1.3396,1.4010,2.130
11.568151001,0.8297,1.3804,1.4979,2.199
11.570136232,0.7720,1.4056,1.6029,2.267
11.572613155,0.7132,1.4190,1.7033,2.329
11.575024232,0.6564,1.4221,1.8005,2.386
11.577266155,0.5949,1.4230,1.8887,2.438
11.579710463,0.5378,1.4163,1.9622,2.479
11.582295924,0.4864,1.4107,2.0199,2.511
11.588727078,0.4444,1.4016,2.0658,2.536
11.58936554,0.4180,1.3890,2.0947,2.548
11.589759386,0.3972,1.3758,2.1135,2.553
11.592904924,0.3926,1.3753,2.1262,2.562
11.604437847,0.3923,1.3834,2.1243,2.565
11.605181463,0.3980,1.4034,2.1030,2.559
11.60532854,0.4080,1.4354,2.0724,2.554
11.60546854,0.4256,1.4715,2.0309,2.544
11.605587001,0.4539,1.4933,1.9715,2.515
11.606652232,0.4979,1.4987,1.8963,2.468
11.608943078,0.5555,1.4750,1.7993,2.392
11.618224232,0.6247,1.4291,1.6830,2.295
11.618843001,0.6958,1.3613,1.5352,2.167
11.618999693,0.7617,1.2919,1.3696,2.031
11.619148924,0.8101,1.2260,1.1841,1.887
11.62065354,0.8411,1.1777,0.9776,1.746
11.623538386,0.8609,1.1414,0.7714,1.625
11.626356001,0.8773,1.1097,0.5731,1.526
11.627966078,0.8974,1.0885,0.3815,1.461
11.631096924,0.9208,1.0745,0.2086,1.430
11.633723693,0.9443,1.0689,0.0454,1.427
11.63568554,0.9697,1.0608,-0.1097,1.441
11.63788054,1.0139,1.0471,-0.2401,1.477
11.640370078,1.0657,1.0266,-0.3564,1.522
11.642756924,1.1299,1.0022,-0.4556,1.578
11.644854693,1.2008,0.9700,-0.5394,1.635
11.64769777,1.2606,0.9336,-0.6112,1.684
11.650254463,1.3149,0.8922,-0.6547,1.719
11.65281777,1.3510,0.8514,-0.6750,1.734
11.654738078,1.3745,0.8058,-0.6701,1.728
11.657046155,1.3864,0.7591,-0.6499,1.709
11.659586463,1.3745,0.7093,-0.6217,1.667
11.662487386,1.3603,0.6550,-0.5676,1.613
11.66452954,1.3308,0.5977,-0.4945,1.540
11.667418693,1.2846,0.5412,-0.4067,1.452
11.668952309,1.2206,0.4906,-0.2986,1.349
11.671717463,1.1465,0.4412,-0.1632,1.239
11.674190693,1.0647,0.3934,-0.0063,1.135
11.676259386,0.9755,0.3464,0.1778,1.050
11.678617847,0.8761,0.3015,0.3859,1.004
11.681470155,0.7840,0.2576,0.5960,1.018
11.687681463,0.6943,0.2136,0.8182,1.094
11.688300847,0.6110,0.1740,1.0530,1.230
11.688606078,0.5282,0.1381,1.2872,1.398
11.702899924,0.4493,0.1073,1.5059,1.575
11.703555001,0.3780,0.0818,1.7145,1.758
11.703848001,0.3135,0.0680,1.8926,1.920
11.703987001,0.2678,0.0574,2.0470,2.065
11.704134386,0.2467,0.0440,2.1797,2.194
11.704284847,0.2527,0.0215,2.2738,2.288
11.70673654,0.2821,-0.0157,2.3292,2.346
11.717460924,0.3357,-0.0595,2.3565,2.381
11.719054078,0.4029,-0.1110,2.3461,2.383
11.71927377,0.4820,-0.1569,2.3114,2.366
11.719505232,0.5604,-0.2009,2.2344,2.312
11.719677232,0.6398,-0.2379,2.1191,2.226
11.720146463,0.7185,-0.2652,1.9701,2.114
11.722381155,0.7875,-0.2857,1.8098,1.994
11.72476854,0.8534,-0.3055,1.6410,1.875
11.72702954,0.9105,-0.3262,1.4553,1.747
11.729236847,0.9555,-0.3493,1.2745,1.631
11.731899616,0.9983,-0.3678,1.0942,1.526
11.734219386,1.0256,-0.3830,0.9075,1.422
11.73652277,1.0464,-0.3908,0.7057,1.321
11.739801847,1.0615,-0.3993,0.5117,1.244
11.741945155,1.0679,-0.4040,0.3225,1.186
11.743712847,1.0689,-0.4042,0.1392,1.151
11.746598386,1.0630,-0.4035,-0.0261,1.137
11.75022677,1.0535,-0.4028,-0.1808,1.142
11.75098054,1.0366,-0.3968,-0.3277,1.157
11.753612309,1.0165,-0.3910,-0.4559,1.181
11.756019386,0.9883,-0.3722,-0.5558,1.193
11.758405463,0.9480,-0.3639,-0.6474,1.204
11.760652001,0.8991,-0.3463,-0.7214,1.204
11.763259616,0.8588,-0.3202,-0.7447,1.181
11.766279309,0.8087,-0.3280,-0.7875,1.175
11.767887693,0.7701,-0.3448,-0.8341,1.186
11.77028154,0.7400,-0.3583,-0.8612,1.191
11.772771693,0.7195,-0.3607,-0.8632,1.180
11.77514277,0.7009,-0.3837,-0.8465,1.164
11.777541847,0.6809,-0.4223,-0.8136,1.142
11.780162386,0.6582,-0.4469,-0.7713,1.108
11.787381847,0.6261,-0.4553,-0.7212,1.058
11.788033232,0.5870,-0.4477,-0.6652,0.994
11.788418078,0.5502,-0.4376,-0.6086,0.930
11.800358693,0.5192,-0.4194,-0.5485,0.864
11.801107924,0.4976,-0.4017,-0.4857,0.803
11.801351309,0.4828,-0.3940,-0.4272,0.756
11.801520847,0.4745,-0.3876,-0.3716,0.717
11.801720232,0.4737,-0.3893,-0.3237,0.693
11.801887001,0.4774,-0.3932,-0.2834,0.680
11.804756924,0.4803,-0.3954,-0.2590,0.674
11.807099386,0.4838,-0.3993,-0.2445,0.673
11.813395078,0.4908,-0.3993,-0.2382,0.676
11.814739386,0.5008,-0.3984,-0.2418,0.684
11.815110693,0.5143,-0.3989,-0.2524,0.698
11.81674577,0.5304,-0.3979,-0.2683,0.715
11.818871386,0.5536,-0.3954,-0.2917,0.740
11.821558386,0.5846,-0.3961,-0.3176,0.774
11.823951924,0.6271,-0.3940,-0.3510,0.820
11.825740847,0.6701,-0.3979,-0.3894,0.871
11.828531001,0.7170,-0.3961,-0.4305,0.925
11.830599078,0.7622,-0.3973,-0.4676,0.979
11.832975001,0.8011,-0.3984,-0.5050,1.027
11.835424616,0.8432,-0.4008,-0.5426,1.080
11.838129155,0.8793,-0.4024,-0.5737,1.124
11.840258155,0.9133,-0.4052,-0.6030,1.167
11.84283777,0.9504,-0.4101,-0.6230,1.208
11.84533354,0.9836,-0.4130,-0.6352,1.242
11.848473847,1.0154,-0.4169,-0.6296,1.265
11.84989654,1.0391,-0.4152,-0.6152,1.277
11.852382693,1.0523,-0.4061,-0.5951,1.275
11.855351693,1.0605,-0.3898,-0.5651,1.263
11.857592924,1.0627,-0.3670,-0.5292,1.243
11.859511924,1.0569,-0.3370,-0.4871,1.212
11.862207001,1.0540,-0.3038,-0.4363,1.180
11.86517654,1.0510,-0.2738,-0.3843,1.152
11.866691386,1.0505,-0.2412,-0.3207,1.125
11.869144924,1.0547,-0.2178,-0.2469,1.105
11.871771693,1.0686,-0.1963,-0.1612,1.098
11.874738386,1.0911,-0.1783,-0.0566,1.107
11.876481847,1.1202,-0.1564,0.0544,1.132
11.879085847,1.1483,-0.1362,0.1702,1.169
11.885612001,1.1771,-0.1052,0.2848,1.216
11.886347616,1.2069,-0.0751,0.3776,1.267
11.886950155,1.2387,-0.0397,0.5208,1.344
11.888451309,1.2721,0.0024,0.6205,1.415
11.899480232,1.2990,0.0445,0.7153,1.484
11.899910155,1.3266,0.0883,0.8231,1.564
11.900030463,1.3464,0.1351,0.9163,1.634
11.900134386,1.3696,0.1774,1.0106,1.711
11.900798155,1.3929,0.2221,1.1008,1.789
11.903931078,1.4123,0.2663,1.1941,1.869
11.906782693,1.4236,0.3210,1.2889,1.947
11.912896924,1.4123,0.3844,1.3820,2.013
11.913379924,1.3838,0.4657,1.4660,2.069
11.913515001,1.3422,0.5674,1.5410,2.121
11.915259616,1.2860,0.6736,1.6158,2.172
11.917383386,1.2066,0.7941,1.6766,2.213
11.919919386,1.1090,0.9120,1.7141,2.236
11.922919924,0.9904,1.0313,1.7074,2.227
11.924800309,0.8588,1.1344,1.6530,2.181
11.927811386,0.7221,1.2294,1.5450,2.102
11.931086693,0.5837,1.3198,1.3833,1.999
11.932291693,0.4381,1.4129,1.1699,1.886
11.934391309,0.2870,1.5148,0.9393,1.805
11.937559078,0.1478,1.6203,0.7011,1.772
11.939610693,0.0222,1.7212,0.4688,1.784
11.941520232,-0.0773,1.8090,0.2374,1.826
11.94408954,-0.1448,1.8771,0.0216,1.883
11.948224616,-0.1846,1.9164,-0.1791,1.934
11.94909754,-0.1958,1.9423,-0.3543,1.984
11.95184677,-0.1939,1.9624,-0.4926,2.032
11.954063001,-0.1841,1.9870,-0.5907,2.081
11.956508847,-0.1805,2.0228,-0.6462,2.131
11.95832977,-0.1793,2.0596,-0.6533,2.168
11.961283001,-0.1809,2.0755,-0.6222,2.174
11.963713463,-0.1841,2.0728,-0.5660,2.157
11.965811309,-0.1986,2.0413,-0.4894,2.109
11.968381155,-0.2179,1.9970,-0.3978,2.048
11.970971693,-0.2433,1.9465,-0.2868,1.983
11.973066386,-0.2720,1.8940,-0.1627,1.920
11.97526954,-0.2806,1.8434,-0.0214,1.865
11.978068847,-0.2718,1.7887,0.1233,1.813
11.98488177,-0.2366,1.7286,0.2760,1.766
11.985548232,-0.1832,1.6646,0.4278,1.728
11.985919924,-0.1152,1.5891,0.5778,1.695
11.987495001,-0.0397,1.5116,0.7236,1.676
11.997515309,0.0377,1.4325,0.8873,1.685
11.99800677,0.1192,1.3538,1.0610,1.724
11.998138386,0.2015,1.2790,1.2361,1.790
11.998255693,0.2925,1.2092,1.4069,1.878
11.999585847,0.3916,1.1300,1.5816,1.983
12.00214977,0.4952,1.0499,1.7568,2.106
12.005336001,0.6044,0.9727,1.9327,2.246
12.012339616,0.7156,0.8942,2.0964,2.389
12.012861232,0.8255,0.8183,2.2535,2.536
12.013074078,0.9247,0.7498,2.3954,2.675
12.014312309,1.0158,0.6849,2.5054,2.789
12.016339924,1.0926,0.6289,2.5948,2.885
12.019208001,1.1565,0.5832,2.6532,2.952
12.022668309,1.1981,0.5546,2.6837,2.991
12.023479386,1.2201,0.5332,2.6922,3.004
12.026820847,1.2245,0.5239,2.6793,2.992
12.028426078,1.2086,0.5209,2.6421,2.952
12.035330078,1.1805,0.5167,2.5806,2.884
12.03616854,1.1367,0.5216,2.4944,2.790
12.036554078,1.0924,0.5311,2.3947,2.685
12.038345155,1.0361,0.5381,2.2771,2.559
12.04033654,0.9738,0.5453,2.1513,2.424
12.04280277,0.9059,0.5537,2.0236,2.285
12.04522977,0.8348,0.5610,1.8963,2.147
12.047663078,0.7645,0.5627,1.7697,2.008
12.050335386,0.6939,0.5670,1.6414,1.870
12.052635078,0.6289,0.5654,1.5186,1.738
12.055013463,0.5702,0.5605,1.3996,1.612
12.057169463,0.5118,0.5530,1.2874,1.492
12.059640001,0.4568,0.5481,1.1807,1.380
12.062270078,0.4031,0.5424,1.0730,1.268
12.064343001,0.3538,0.5378,0.9713,1.165
12.066923616,0.3086,0.5309,0.8670,1.062
12.06945477,0.2772,0.5150,0.7597,0.959
12.072072924,0.2553,0.4916,0.6537,0.857
12.074037232,0.2385,0.4671,0.5501,0.760
12.076571386,0.2226,0.4503,0.4526,0.676
12.082883001,0.2071,0.4376,0.3576,0.602
12.083429463,0.1935,0.4303,0.2699,0.544
12.08370954,0.1774,0.4230,0.1881,0.496
12.086577463,0.1684,0.4144,0.1064,0.460
12.096851001,0.1649,0.4063,0.0285,0.439
12.097264309,0.1649,0.3958,-0.0417,0.431
12.097614155,0.1654,0.3865,-0.1106,0.435
12.097794693,0.1703,0.3767,-0.1705,0.447
12.098600924,0.1719,0.3694,-0.2231,0.464
12.100752924,0.1695,0.3685,-0.2719,0.488
12.110391001,0.1644,0.3687,-0.3091,0.508
12.111025155,0.1530,0.3648,-0.3410,0.522
12.111166463,0.1381,0.3623,-0.3569,0.527
12.111311616,0.1234,0.3592,-0.3571,0.521
12.113408232,0.1073,0.3543,-0.3471,0.507
12.115211309,0.0860,0.3473,-0.3289,0.486
12.117623309,0.0559,0.3418,-0.3058,0.462
12.120881847,0.0219,0.3328,-0.2695,0.429
12.122368001,-0.0192,0.3306,-0.2350,0.406
12.12476677,-0.0684,0.3301,-0.2001,0.392
12.127503001,-0.1171,0.3371,-0.1700,0.395
12.12979754,-0.1704,0.3455,-0.1425,0.411
12.132010463,-0.2296,0.3636,-0.1109,0.444
12.135042463,-0.2897,0.3904,-0.0780,0.492
12.137159078,-0.3468,0.4127,-0.0513,0.541
12.139197847,-0.3991,0.4366,-0.0256,0.592
12.141986078,-0.4453,0.4662,0.0004,0.645
12.144307924,-0.4891,0.4862,0.0227,0.690
12.146588616,-0.5284,0.5116,0.0432,0.737
12.148864309,-0.5650,0.5360,0.0576,0.781
12.15164577,-0.5941,0.5602,0.0693,0.819
12.15392154,-0.6116,0.5830,0.0693,0.848
12.156134155,-0.6237,0.6042,0.0673,0.871
12.158773232,-0.6305,0.6323,0.0681,0.896
12.161204309,-0.6349,0.6636,0.0737,0.921
12.163355001,-0.6366,0.6973,0.0801,0.948
12.165749155,-0.6379,0.7347,0.0857,0.977
12.168261847,-0.6298,0.7701,0.0908,0.999
12.170663001,-0.6119,0.7997,0.0933,1.011
12.17299077,-0.5846,0.8263,0.0886,1.016
12.176805847,-0.5459,0.8473,0.0854,1.012
12.182383309,-0.5028,0.8551,0.0854,0.996
12.183139309,-0.4553,0.8539,0.0975,0.973
12.183712001,-0.4006,0.8570,0.1250,0.954
12.185249463,-0.3463,0.8549,0.1756,0.939
12.196539924,-0.2938,0.8495,0.2426,0.931
12.196922386,-0.2389,0.8468,0.3246,0.938
12.197034155,-0.1851,0.8388,0.4234,0.958
12.197135078,-0.1299,0.8309,0.5308,0.995
12.197405847,-0.0796,0.8239,0.6517,1.054
12.200515616,-0.0405,0.8241,0.7791,1.135
12.20287877,-0.0075,0.8246,0.9034,1.223
12.211739386,0.0195,0.8290,1.0209,1.315
12.212362463,0.0371,0.8288,1.1385,1.409
12.212622463,0.0440,0.8374,1.2506,1.506
12.212835386,0.0420,0.8530,1.3519,1.599
12.21419754,0.0276,0.8710,1.4472,1.689
12.21642054,0.0070,0.8998,1.5293,1.774
12.220333463,-0.0127,0.9326,1.5985,1.851
12.221387078,-0.0417,0.9714,1.6586,1.923
12.22484854,-0.0700,1.0159,1.7141,1.994
12.226724309,-0.0998,1.0720,1.7585,2.062
12.228612001,-0.1280,1.1312,1.7925,2.123
12.230894693,-0.1467,1.1918,1.8169,2.178
12.233485155,-0.1585,1.2570,1.8379,2.232
12.236238386,-0.1619,1.3273,1.8626,2.293
12.238157155,-0.1567,1.4029,1.9021,2.369
12.241225463,-0.1497,1.4813,1.9425,2.447
12.243945155,-0.1350,1.5563,1.9999,2.538
12.246846078,-0.1050,1.6189,2.0481,2.613
12.247745155,-0.0623,1.6562,2.0937,2.670
12.250576847,-0.0141,1.6706,2.1328,2.709
12.253067078,0.0368,1.6557,2.1597,2.722
12.255010463,0.0874,1.6145,2.1729,2.708
12.257478155,0.1337,1.5583,2.1739,2.678
12.260167693,0.1693,1.5023,2.1599,2.636
12.262247309,0.1881,1.4528,2.1233,2.580
12.264954463,0.1877,1.4146,2.0758,2.519
12.26735077,0.1766,1.4019,2.0153,2.461
12.269496001,0.1593,1.4109,1.9517,2.414
12.271859078,0.1517,1.4435,1.8809,2.376
12.274397232,0.1542,1.4864,1.8032,2.342
12.27801877,0.1830,1.5311,1.7265,2.315
12.279369232,0.2369,1.5707,1.6402,2.283
12.28196577,0.3144,1.5935,1.5596,2.252
12.284188232,0.4209,1.5973,1.4886,2.224
12.287189232,0.5397,1.5842,1.4206,2.195
12.289387924,0.6606,1.5626,1.3556,2.172
12.291512847,0.7769,1.5260,1.2825,2.139
12.299383001,0.8783,1.4747,1.2021,2.096
12.30011777,0.9660,1.4134,1.1089,2.040
12.300299616,1.0286,1.3501,1.0036,1.972
12.30178954,1.0615,1.2949,0.8860,1.894
12.315404924,1.0836,1.2392,0.7463,1.807
12.315904309,1.0752,1.1959,0.5988,1.716
12.316019309,1.0559,1.1661,0.4590,1.639
12.316114155,1.0319,1.1451,0.3195,1.574
12.316208309,1.0137,1.1339,0.1922,1.533
12.316292847,1.0012,1.1165,0.0830,1.502
12.31901754,0.9907,1.0918,-0.0019,1.474
12.329763309,0.9909,1.0626,-0.0715,1.455
12.330440001,0.9909,1.0212,-0.1219,1.428
12.330651693,0.9946,0.9821,-0.1524,1.406
12.330838693,0.9888,0.9426,-0.1676,1.376
12.331022155,0.9799,0.9094,-0.1676,1.347
12.33222054,0.9601,0.8820,-0.1542,1.313
12.33542177,0.9350,0.8612,-0.1246,1.277
12.336998693,0.9066,0.8424,-0.0852,1.241
12.339456616,0.8730,0.8239,-0.0437,1.201
12.341908924,0.8467,0.8048,0.0000,1.168
12.344726386,0.8153,0.7811,0.0574,1.131
12.346644847,0.7901,0.7528,0.1162,1.097
12.349638078,0.7598,0.7198,0.1725,1.061
12.352441155,0.7386,0.6773,0.2259,1.027
12.353814463,0.7163,0.6360,0.2736,0.996
12.356355616,0.6916,0.5959,0.3136,0.965
12.358867078,0.6648,0.5583,0.3512,0.936
12.361175309,0.6342,0.5278,0.3828,0.910
12.364493155,0.5988,0.5062,0.4101,0.885
12.366376924,0.5683,0.4848,0.4423,0.868
12.368710386,0.5516,0.4610,0.4702,0.859
12.370792309,0.5462,0.4315,0.4968,0.855
12.373243078,0.5639,0.3929,0.5208,0.862
12.375801155,0.5956,0.3501,0.5428,0.879
12.37823377,0.6415,0.3054,0.5638,0.907
12.38040277,0.6953,0.2630,0.5797,0.943
12.383763616,0.7474,0.2167,0.6004,0.983
12.389140924,0.8031,0.1694,0.6112,1.023
12.389788847,0.8502,0.1258,0.6193,1.059
12.39028154,0.8984,0.0863,0.6212,1.096
12.392960924,0.9362,0.0476,0.6207,1.124
12.404091617,0.9774,0.0079,0.6242,1.160
12.404724617,1.0125,-0.0290,0.6225,1.189
12.40538154,1.0510,-0.0661,0.6116,1.218
12.406634078,1.0801,-0.1054,0.5970,1.239
12.406866386,1.1065,-0.1428,0.5780,1.257
12.408011078,1.1329,-0.1792,0.5526,1.273
12.40949877,1.1500,-0.2114,0.5320,1.285
12.411836309,1.1561,-0.2430,0.5056,1.285
12.414257847,1.1497,-0.2682,0.4776,1.273
12.416764001,1.1314,-0.2894,0.4453,1.250
12.418852847,1.1060,-0.3111,0.4116,1.220
12.421439924,1.0630,-0.3272,0.3759,1.174
12.424388001,1.0186,-0.3419,0.3449,1.128
12.42652454,0.9623,-0.3556,0.3225,1.075
12.428594386,0.9003,-0.3644,0.3055,1.018
12.431098693,0.8278,-0.3717,0.2958,0.954
12.433551693,0.7512,-0.3727,0.2867,0.886
12.435920232,0.6711,-0.3698,0.2787,0.815
12.438475693,0.5870,-0.3668,0.2716,0.744
12.441711001,0.5128,-0.3637,0.2594,0.680
12.443713232,0.4476,-0.3600,0.2431,0.624
12.445630463,0.3857,-0.3607,0.2286,0.575
12.448619001,0.3320,-0.3583,0.2159,0.534
12.45142554,0.2800,-0.3570,0.1968,0.495
12.452756232,0.2357,-0.3593,0.1870,0.469
12.455335309,0.1930,-0.3576,0.1783,0.444
12.458243078,0.1581,-0.3565,0.1697,0.425
12.460118078,0.1337,-0.3546,0.1648,0.413
12.463198078,0.1216,-0.3519,0.1627,0.406
12.465192924,0.1134,-0.3500,0.1632,0.402
12.467844232,0.1109,-0.3421,0.1639,0.395
12.469714693,0.1163,-0.3339,0.1653,0.390
12.472129155,0.1239,-0.3211,0.1712,0.384
12.47498554,0.1393,-0.3026,0.1768,0.377
12.47689254,0.1517,-0.2887,0.1849,0.375
12.479457847,0.1679,-0.2779,0.1912,0.377
12.484193463,0.1886,-0.2706,0.1954,0.383
12.484786386,0.2135,-0.2679,0.1910,0.392
12.486574155,0.2401,-0.2686,0.1812,0.403
12.489371309,0.2665,-0.2694,0.1632,0.413
12.496389847,0.2927,-0.2642,0.1421,0.419
12.49723077,0.3161,-0.2591,0.1145,0.424
12.497867001,0.3442,-0.2545,0.0810,0.436
12.498783693,0.3782,-0.2473,0.0478,0.454
12.513138078,0.4121,-0.2384,0.0107,0.476
12.514041463,0.4449,-0.2234,-0.0256,0.498
12.514149155,0.4793,-0.2139,-0.0535,0.528
12.514328001,0.5143,-0.2019,-0.0745,0.558
12.514442078,0.5448,-0.1934,-0.0943,0.586
12.514619001,0.5802,-0.1870,-0.1102,0.619
12.527597155,0.6115,-0.1885,-0.1292,0.653
12.52821477,0.6426,-0.1936,-0.1530,0.688
12.52839354,0.6736,-0.1976,-0.1737,0.723
12.52852977,0.7011,-0.1973,-0.1952,0.754
12.52873077,0.7253,-0.1983,-0.2096,0.781
12.528916617,0.7474,-0.1973,-0.2252,0.805
12.530168924,0.7713,-0.1924,-0.2318,0.828
12.533941232,0.7945,-0.1870,-0.2345,0.849
12.534881232,0.8138,-0.1804,-0.2323,0.865
12.53707654,0.8351,-0.1669,-0.2264,0.881
12.539719078,0.8627,-0.1580,-0.2152,0.903
12.54316954,0.8961,-0.1477,-0.2020,0.930
12.544609847,0.9289,-0.1396,-0.1837,0.957
12.547167001,0.9611,-0.1279,-0.1570,0.982
12.550839001,0.9851,-0.1125,-0.1223,0.999
12.55174154,1.0065,-0.0944,-0.0823,1.014
12.554079309,1.0217,-0.0727,-0.0276,1.025
12.556772309,1.0275,-0.0453,0.0368,1.029
12.559440847,1.0279,-0.0176,0.1231,1.035
12.561320847,1.0303,0.0071,0.2215,1.054
12.56371254,1.0344,0.0315,0.3332,1.087
12.567085463,1.0435,0.0589,0.4553,1.140
12.568560232,1.0582,0.0972,0.5855,1.213
12.570954386,1.0664,0.1407,0.7206,1.295
12.573584232,1.0671,0.1920,0.8560,1.381
12.575903078,1.0669,0.2478,0.9882,1.475
12.578703078,1.0559,0.3028,1.1086,1.561
12.580818155,1.0435,0.3638,1.2296,1.653
12.586850155,1.0210,0.4275,1.3461,1.743
12.587488001,0.9876,0.5050,1.4518,1.827
12.587875386,0.9533,0.5971,1.5571,1.921
12.600994693,0.9059,0.6949,1.6540,2.010
12.601419617,0.8658,0.7982,1.7395,2.101
12.601571924,0.8372,0.8905,1.8066,2.181
12.601719693,0.8187,0.9756,1.8594,2.254
12.601830155,0.8145,1.0361,1.8953,2.308
12.602399001,0.8182,1.0860,1.9046,2.340
12.605509232,0.8209,1.1265,1.8834,2.343
12.607661847,0.8253,1.1656,1.8315,2.323
12.615494386,0.8255,1.2052,1.7548,2.283
12.61608554,0.8297,1.2404,1.6584,2.231
12.616414693,0.8385,1.2790,1.5487,2.177
12.617472309,0.8539,1.3056,1.4350,2.120
12.61922277,0.8779,1.3220,1.3151,2.061
12.621727693,0.9015,1.3364,1.1958,2.007
12.624834463,0.9191,1.3567,1.0849,1.965
12.626416232,0.9328,1.3839,0.9731,1.932
12.629812847,0.9328,1.4307,0.8680,1.916
12.632723617,0.9250,1.4826,0.7756,1.912
12.633827078,0.9079,1.5392,0.6920,1.916
12.635947617,0.8935,1.5835,0.6176,1.920
12.638683309,0.8793,1.6157,0.5433,1.918
12.641277155,0.8707,1.6223,0.4624,1.898
12.643274078,0.8573,1.6213,0.3789,1.873
12.64614554,0.8318,1.6093,0.2916,1.835
12.648974078,0.7935,1.5923,0.2164,1.792
12.651222386,0.7403,1.5803,0.1526,1.752
12.653102693,0.6755,1.5739,0.1064,1.716
12.655809232,0.6042,1.5642,0.0686,1.678
12.657869463,0.5306,1.5556,0.0390,1.644
12.660371386,0.4652,1.5411,0.0270,1.610
12.662787617,0.4043,1.5197,0.0332,1.573
12.665825463,0.3584,1.5008,0.0368,1.543
12.667464232,0.3240,1.4796,0.0346,1.515
12.669915001,0.3059,1.4554,0.0283,1.487
12.672296001,0.3203,1.4239,0.0121,1.460
12.674729463,0.3664,1.3831,-0.0081,1.431
12.677506078,0.4344,1.3352,-0.0274,1.404
12.67985477,0.5101,1.2861,-0.0396,1.384
12.686051617,0.5830,1.2367,-0.0373,1.368
12.68662177,0.6571,1.1850,-0.0198,1.355
12.687071617,0.7178,1.1309,0.0146,1.340
12.70142454,0.7698,1.0782,0.0583,1.326
12.702048001,0.8099,1.0279,0.1118,1.313
12.702188924,0.8399,0.9751,0.1712,1.298
12.702290463,0.8534,0.9229,0.2320,1.278
12.702393847,0.8605,0.8712,0.2946,1.259
12.70249777,0.8649,0.8253,0.3528,1.246
12.704974386,0.8597,0.7794,0.4194,1.234
12.713871924,0.8463,0.7391,0.4851,1.224
12.714184232,0.8260,0.7088,0.5573,1.223
12.714318463,0.7982,0.6792,0.6295,1.223
12.714441155,0.7691,0.6578,0.7033,1.232
12.715977155,0.7346,0.6416,0.7712,1.243
12.718447617,0.7007,0.6277,0.8350,1.258
12.720702463,0.6641,0.6162,0.8900,1.270
12.723780309,0.6252,0.6069,0.9359,1.279
12.725196001,0.5834,0.6017,0.9743,1.285
12.727763309,0.5387,0.5994,1.0082,1.291
12.73190954,0.4896,0.5979,1.0321,1.289
12.732696232,0.4402,0.5971,1.0439,1.281
12.73502854,0.3926,0.5947,1.0453,1.265
12.737615309,0.3457,0.5893,1.0477,1.251
12.74082177,0.3056,0.5849,1.0439,1.235
12.742336309,0.2719,0.5759,1.0297,1.211
12.744743924,0.2338,0.5637,1.0178,1.187
12.748263309,0.2031,0.5554,1.0029,1.164
12.749486386,0.1732,0.5485,0.9882,1.143
12.751886386,0.1483,0.5336,0.9701,1.117
12.754446693,0.1263,0.5255,0.9513,1.094
12.757088001,0.1090,0.5131,0.9307,1.068
12.759048847,0.0899,0.5025,0.9146,1.047
12.761641463,0.0740,0.4916,0.8963,1.025
12.765433463,0.0631,0.4826,0.8799,1.006
12.766502155,0.0559,0.4720,0.8613,0.984
12.768711617,0.0452,0.4671,0.8401,0.962
12.77156454,0.0428,0.4630,0.8191,0.942
12.773778463,0.0356,0.4571,0.7947,0.917
12.776741463,0.0310,0.4579,0.7681,0.895
12.778503617,0.0230,0.4622,0.7404,0.873
12.784447309,0.0147,0.4691,0.7080,0.849
12.785091617,0.0066,0.4771,0.6766,0.828
12.785695693,-0.0055,0.4840,0.6407,0.803
12.800208309,-0.0141,0.4931,0.6016,0.778
12.800635001,-0.0229,0.5034,0.5580,0.752
12.800768309,-0.0307,0.5114,0.5186,0.729
12.80088954,-0.0381,0.5185,0.4705,0.701
12.801262155,-0.0419,0.5278,0.4206,0.676
12.801471693,-0.0409,0.5388,0.3656,0.652
12.80314577,-0.0407,0.5509,0.3134,0.635
12.804920617,-0.0346,0.5612,0.2640,0.621
12.81419654,-0.0334,0.5805,0.2130,0.619
12.815238463,-0.0337,0.5940,0.1663,0.618
12.815610463,-0.0365,0.6138,0.1199,0.626
12.81577877,-0.0395,0.6350,0.0766,0.641
12.81720154,-0.0442,0.6543,0.0341,0.657
12.819251617,-0.0563,0.6734,-0.0039,0.676
12.822659617,-0.0649,0.6944,-0.0342,0.698
12.824092232,-0.0786,0.7147,-0.0601,0.722
12.82651777,-0.1010,0.7345,-0.0811,0.746
12.829114078,-0.1236,0.7564,-0.0918,0.772
12.831634078,-0.1518,0.7752,-0.0980,0.796
12.834050463,-0.1802,0.7931,-0.1031,0.820
12.836699617,-0.2095,0.8111,-0.0972,0.843
12.83904677,-0.2377,0.8246,-0.0869,0.863
12.840974693,-0.2623,0.8356,-0.0694,0.879
12.843870155,-0.2892,0.8414,-0.0373,0.891
12.845999386,-0.3097,0.8493,0.0029,0.904
12.848222693,-0.3300,0.8551,0.0537,0.918
12.850811001,-0.3481,0.8679,0.1074,0.941
12.853386386,-0.3584,0.8735,0.1653,0.958
12.85576854,-0.3591,0.8744,0.2289,0.973
12.858411693,-0.3483,0.8674,0.3034,0.983
12.860572232,-0.3293,0.8561,0.3838,0.994
12.863731078,-0.3029,0.8466,0.4616,1.011
12.86517754,-0.2733,0.8363,0.5433,1.034
12.867577847,-0.2359,0.8295,0.6246,1.065
12.870355386,-0.1873,0.8170,0.7053,1.095
12.873473232,-0.1287,0.8050,0.7871,1.133
12.875226078,-0.0615,0.7946,0.8667,1.177
12.87759077,0.0066,0.7894,0.9530,1.237
12.880271617,0.0713,0.7862,1.0483,1.312
12.882021155,0.1226,0.7929,1.1394,1.394
12.884465232,0.1688,0.8104,1.2312,1.484
12.887275924,0.2118,0.8263,1.3192,1.571
12.893175386,0.2543,0.8419,1.4038,1.657
12.893573847,0.3010,0.8603,1.4812,1.739
12.89426577,0.3525,0.8756,1.5531,1.817
12.908737847,0.3914,0.8984,1.6193,1.893
12.909354386,0.4241,0.9255,1.6740,1.959
12.909606155,0.4442,0.9614,1.7192,2.019
12.909936924,0.4512,1.0017,1.7527,2.069
12.910187386,0.4498,1.0438,1.7793,2.111
12.910587078,0.4463,1.0867,1.7986,2.148
12.912588924,0.4419,1.1300,1.8093,2.178
12.922875617,0.4398,1.1728,1.8166,2.207
12.92359777,0.4241,1.2238,1.8164,2.231
12.923854155,0.4053,1.2837,1.8077,2.254
12.924067617,0.3769,1.3450,1.7996,2.278
12.924307617,0.3447,1.4088,1.7881,2.302
12.925635001,0.3147,1.4733,1.7707,2.325
12.928033463,0.2878,1.5307,1.7521,2.344
12.930271924,0.2665,1.5791,1.7443,2.368
12.932581847,0.2553,1.6198,1.7304,2.384
12.935292232,0.2485,1.6538,1.7297,2.406
12.937959386,0.2399,1.6832,1.7431,2.435
12.940005232,0.2313,1.7081,1.7641,2.466
12.942739617,0.2215,1.7207,1.7903,2.493
12.945627693,0.2171,1.7247,1.8222,2.518
12.947184617,0.2143,1.7166,1.8680,2.546
12.949858386,0.2135,1.7021,1.9221,2.576
12.952172232,0.2157,1.6823,1.9764,2.604
12.95480154,0.2231,1.6631,2.0316,2.635
12.95674277,0.2434,1.6513,2.0756,2.664
12.959409155,0.2756,1.6531,2.1154,2.699
12.961779001,0.3212,1.6643,2.1394,2.729
12.964147924,0.3850,1.6763,2.1562,2.758
12.966694078,0.4684,1.6797,2.1599,2.776
12.969008232,0.5612,1.6823,2.1487,2.786
12.971587693,0.6701,1.6667,2.1208,2.779
12.97419777,0.7835,1.6347,2.0795,2.759
12.976489232,0.8954,1.5908,2.0234,2.725
12.979148924,0.9923,1.5380,1.9442,2.670
12.980935693,1.0815,1.4677,1.8382,2.589
12.983549463,1.1644,1.3792,1.7145,2.489
12.985787924,1.2318,1.2874,1.5797,2.381
12.988202693,1.2741,1.2048,1.4360,2.266
12.990656309,1.3061,1.1307,1.2831,2.152
12.993331617,1.3188,1.0711,1.1325,2.042
13.000495386,1.3151,1.0279,0.9889,1.940
13.000982693,1.3110,0.9963,0.8625,1.859
13.001167693,1.3073,0.9716,0.7500,1.793
13.016954386,1.3110,0.9478,0.6398,1.740
13.017727924,1.3205,0.9196,0.5435,1.698
13.017883001,1.3352,0.8910,0.4602,1.670
13.018011001,1.3547,0.8556,0.3835,1.648
13.018146078,1.3799,0.8188,0.3136,1.635
13.01826977,1.4055,0.7762,0.2506,1.625
13.018712001,1.4256,0.7303,0.1910,1.613
13.030894078,1.4409,0.6893,0.1369,1.603
13.031759924,1.4421,0.6543,0.0920,1.586
13.031979078,1.4368,0.6166,0.0512,1.564
13.032151617,1.4172,0.5822,0.0176,1.532
13.032325155,1.3904,0.5493,-0.0078,1.495
13.032888001,1.3542,0.5165,-0.0210,1.449
13.034287309,1.3068,0.4864,-0.0237,1.395
13.036879078,1.2543,0.4606,-0.0200,1.336
13.042108309,1.1952,0.4330,-0.0110,1.271
13.042371001,1.1400,0.4065,0.0058,1.210
13.044282078,1.0808,0.3807,0.0293,1.146
13.04595477,1.0232,0.3529,0.0583,1.084
13.048977847,0.9685,0.3240,0.0917,1.025
13.051343617,0.9176,0.2903,0.1213,0.970
13.053452001,0.8676,0.2561,0.1590,0.918
13.055676847,0.8143,0.2260,0.1930,0.867
13.058061463,0.7620,0.1987,0.2210,0.818
13.060698693,0.7178,0.1718,0.2471,0.778
13.06279754,0.6769,0.1442,0.2718,0.744
13.06537477,0.6375,0.1181,0.2918,0.711
13.067853847,0.6120,0.0923,0.3107,0.693
13.070249232,0.5856,0.0643,0.3312,0.676
13.07246177,0.5716,0.0323,0.3479,0.670
13.07511377,0.5677,0.0015,0.3603,0.672
13.078345232,0.5651,-0.0297,0.3713,0.677
13.079678463,0.5629,-0.0651,0.3838,0.684
13.082467078,0.5656,-0.0947,0.3959,0.697
13.084888924,0.5688,-0.1238,0.4092,0.712
13.09077254,0.5724,-0.1529,0.4223,0.728
13.091224309,0.5778,-0.1818,0.4383,0.748
13.092537155,0.5827,-0.2016,0.4565,0.767
13.098833232,0.5888,-0.2230,0.4770,0.790
13.09920054,0.5959,-0.2428,0.4939,0.811
13.099697155,0.6032,-0.2666,0.5100,0.834
13.101932924,0.6105,-0.2867,0.5189,0.851
13.112668617,0.6193,-0.3113,0.5257,0.870
13.113070693,0.6261,-0.3304,0.5213,0.879
13.113433232,0.6330,-0.3483,0.5089,0.884
13.113744232,0.6330,-0.3651,0.4883,0.879
13.113996847,0.6335,-0.3825,0.4661,0.875
13.115991309,0.6254,-0.3968,0.4385,0.861
13.125904847,0.6142,-0.4113,0.4096,0.845
13.126193847,0.6017,-0.4245,0.3782,0.828
13.126291309,0.5844,-0.4355,0.3493,0.808
13.126531617,0.5685,-0.4450,0.3202,0.790
13.127975078,0.5511,-0.4550,0.2902,0.771
13.130376001,0.5343,-0.4648,0.2462,0.750
13.132850693,0.5216,-0.4753,0.2068,0.735
13.136098386,0.5031,-0.4823,0.1709,0.718
13.137525232,0.4835,-0.4867,0.1413,0.700
13.14021354,0.4654,-0.4872,0.1125,0.683
13.142540232,0.4442,-0.4851,0.0815,0.663
13.144886693,0.4265,-0.4875,0.0493,0.650
13.14762554,0.4092,-0.4875,0.0207,0.637
13.15019354,0.3874,-0.4863,-0.0151,0.622
13.15251777,0.3706,-0.4829,-0.0513,0.611
13.154592847,0.3574,-0.4785,-0.0804,0.603
13.157092232,0.3489,-0.4748,-0.1114,0.600
13.161044232,0.3430,-0.4670,-0.1405,0.596
13.16190977,0.3391,-0.4587,-0.1639,0.593
13.164396001,0.3347,-0.4418,-0.1835,0.584
13.167122693,0.3313,-0.4282,-0.2035,0.578
13.169214155,0.3291,-0.4115,-0.2208,0.571
13.17161077,0.3261,-0.3998,-0.2341,0.567
13.174173155,0.3322,-0.3876,-0.2502,0.568
13.176598155,0.3398,-0.3798,-0.2704,0.577
13.178906155,0.3462,-0.3724,-0.2914,0.586
13.181201847,0.3513,-0.3637,-0.3161,0.596
13.183886693,0.3547,-0.3553,-0.3426,0.608
13.189111001,0.3528,-0.3395,-0.3757,0.617
13.189939078,0.3557,-0.3283,-0.4114,0.635
13.191415078,0.3675,-0.3192,-0.4486,0.662
13.205542078,0.3906,-0.3153,-0.4826,0.696
13.206198463,0.4158,-0.3118,-0.5164,0.733
13.206322693,0.4419,-0.3099,-0.5504,0.771
13.206531309,0.4656,-0.3067,-0.5761,0.802
13.206707924,0.4903,-0.3018,-0.5963,0.829
13.206904001,0.5108,-0.2940,-0.6137,0.851
13.207599078,0.5321,-0.2828,-0.6233,0.867
13.211144924,0.5573,-0.2710,-0.6277,0.882
13.212239924,0.5856,-0.2559,-0.6208,0.891
13.214704924,0.6179,-0.2464,-0.6073,0.901
13.218055617,0.6523,-0.2327,-0.5910,0.910
13.220353847,0.6897,-0.2249,-0.5677,0.921
13.221982078,0.7302,-0.2183,-0.5404,0.934
13.22519477,0.7633,-0.2078,-0.5115,0.942
13.227071386,0.7850,-0.1963,-0.4859,0.944
13.229331078,0.8057,-0.1790,-0.4630,0.946
13.232132309,0.8248,-0.1572,-0.4344,0.945
13.234994463,0.8460,-0.1411,-0.4102,0.951
13.23676677,0.8676,-0.1186,-0.3738,0.952
13.238975924,0.8810,-0.0937,-0.3284,0.945
13.24157477,0.8905,-0.0629,-0.2837,0.937
13.244366693,0.9084,-0.0321,-0.2397,0.940
13.24652454,0.9296,-0.0043,-0.1952,0.950
13.249076309,0.9562,0.0201,-0.1437,0.967
13.251312001,0.9853,0.0371,-0.0880,0.990
13.25335477,1.0134,0.0548,-0.0266,1.015
13.255876309,1.0419,0.0787,0.0437,1.046
13.259954386,1.0652,0.1004,0.1157,1.076
13.26068677,1.0836,0.1261,0.1946,1.108
13.263334386,1.0957,0.1620,0.2804,1.143
13.265841155,1.1004,0.2006,0.3825,1.182
13.268335617,1.0997,0.2478,0.4988,1.233
13.270380001,1.0952,0.3066,0.6398,1.305
13.272824232,1.0850,0.3765,0.8052,1.403
13.275913155,1.0701,0.4559,1.0021,1.535
13.277563386,1.0461,0.5393,1.2159,1.692
13.279823924,1.0170,0.6169,1.4289,1.859
13.28301354,0.9932,0.6827,1.6263,2.024
13.284926693,0.9773,0.7417,1.7927,2.172
13.287136847,0.9665,0.7909,1.9347,2.303
13.29084177,0.9562,0.8500,2.0407,2.409
13.295299309,0.9389,0.9089,2.1133,2.485
13.29581354,0.9186,0.9819,2.1492,2.535
13.298272309,0.9020,1.0511,2.1506,2.558
13.300289155,0.8949,1.1151,2.1220,2.559
13.312305232,0.8903,1.1677,2.0719,2.539
13.312830078,0.8981,1.2060,1.9926,2.496
13.312941232,0.9084,1.2348,1.8948,2.437
13.313027693,0.9096,1.2641,1.7798,2.365
13.31311254,0.9052,1.3035,1.6579,2.295
13.313948232,0.8873,1.3540,1.5268,2.225
13.317426693,0.8621,1.4175,1.3922,2.166
13.326612924,0.8358,1.4815,1.2496,2.111
13.327280847,0.8092,1.5436,1.1128,2.068
13.32751877,0.7866,1.5961,0.9745,2.029
13.327721847,0.7730,1.6231,0.8340,1.982
13.328663309,0.7579,1.6331,0.6931,1.929
13.330663001,0.7349,1.6384,0.5531,1.879
13.333965155,0.7078,1.6401,0.4125,1.833
13.335344924,0.6804,1.6416,0.2811,1.799
13.337908924,0.6538,1.6420,0.1646,1.775
13.340511924,0.6377,1.6401,0.0732,1.761
13.34340577,0.6375,1.6315,0.0041,1.752
13.345292617,0.6503,1.6186,-0.0620,1.745
13.347842155,0.6867,1.5924,-0.1214,1.738
13.35043477,0.7537,1.5565,-0.1632,1.737
13.352319693,0.8409,1.5182,-0.2042,1.747
13.354950078,0.9474,1.4782,-0.2374,1.772
13.357263693,1.0608,1.4403,-0.2607,1.808
13.359766463,1.1751,1.4016,-0.2841,1.851
13.362967386,1.2868,1.3557,-0.2983,1.893
13.364534386,1.3869,1.3105,-0.2925,1.930
13.367322693,1.4723,1.2668,-0.2672,1.961
13.369200001,1.5267,1.2164,-0.2248,1.965
13.371735309,1.5478,1.1674,-0.1666,1.946
13.374275078,1.5413,1.1261,-0.1024,1.912
13.376516232,1.5131,1.0848,-0.0324,1.862
13.37882154,1.4663,1.0494,0.0427,1.804
13.38225354,1.4062,1.0142,0.1321,1.739
13.387900617,1.3396,0.9800,0.2322,1.676
13.388507924,1.2729,0.9490,0.3354,1.623
13.388810078,1.2066,0.9213,0.4427,1.581
13.405367617,1.1383,0.8964,0.5589,1.553
13.40600854,1.0745,0.8728,0.6828,1.543
13.406124924,1.0168,0.8505,0.8189,1.558
13.406235386,0.9560,0.8288,0.9542,1.585
13.40634054,0.9010,0.8085,1.0908,1.630
13.406447001,0.8460,0.7909,1.2207,1.683
13.40654677,0.7924,0.7762,1.3439,1.743
13.419488309,0.7344,0.7626,1.4539,1.798
13.420255001,0.6755,0.7503,1.5462,1.847
13.420486386,0.6215,0.7391,1.6172,1.884
13.420681847,0.5695,0.7271,1.6668,1.906
13.420869232,0.5294,0.7122,1.7025,1.920
13.421040924,0.4931,0.6930,1.7197,1.918
13.422405463,0.4600,0.6736,1.7155,1.900
13.424642078,0.4288,0.6574,1.6903,1.864
13.427415693,0.4031,0.6331,1.6481,1.811
13.42968454,0.3750,0.6150,1.5862,1.742
13.432950463,0.3564,0.5937,1.5154,1.666
13.434550693,0.3396,0.5719,1.4280,1.575
13.436812924,0.3274,0.5530,1.3383,1.485
13.441812232,0.3154,0.5307,1.2413,1.386
13.44245077,0.3119,0.5148,1.1465,1.295
13.44402154,0.3117,0.5001,1.0539,1.207
13.446422155,0.3075,0.4882,0.9633,1.123
13.450231617,0.3039,0.4796,0.8721,1.041
13.451366155,0.2963,0.4764,0.7863,0.966
13.453785847,0.2902,0.4757,0.7097,0.902
13.456203386,0.2839,0.4784,0.6386,0.847
13.45879354,0.2809,0.4869,0.5765,0.805
13.460995617,0.2778,0.4976,0.5233,0.774
13.463505232,0.2734,0.5082,0.4749,0.747
13.46635077,0.2658,0.5170,0.4404,0.729
13.468133463,0.2621,0.5255,0.4160,0.720
13.470671309,0.2570,0.5292,0.3971,0.710
13.474207078,0.2453,0.5344,0.3850,0.703
13.47556454,0.2264,0.5402,0.3761,0.696
13.477820924,0.2006,0.5485,0.3656,0.689
13.480383078,0.1639,0.5566,0.3532,0.679
13.482641232,0.1258,0.5681,0.3495,0.679
13.485036232,0.0836,0.5749,0.3507,0.679
13.487650078,0.0393,0.5842,0.3574,0.686
13.495060847,-0.0058,0.5947,0.3710,0.701
13.496196232,-0.0519,0.6035,0.3889,0.720
13.49679377,-0.1003,0.6115,0.4113,0.744
13.496991309,-0.1465,0.6240,0.4387,0.777
13.511048001,-0.1934,0.6355,0.4548,0.805
13.511503693,-0.2406,0.6499,0.4668,0.836
13.51164454,-0.2857,0.6639,0.4742,0.864
13.511980309,-0.3277,0.6776,0.4802,0.893
13.512070155,-0.3644,0.6930,0.4910,0.924
13.512219924,-0.4028,0.7086,0.5000,0.956
13.513978386,-0.4397,0.7210,0.5064,0.985
13.524759386,-0.4741,0.7324,0.5074,1.009
13.525418078,-0.5044,0.7438,0.5052,1.031
13.525970386,-0.5315,0.7535,0.4998,1.049
13.526149155,-0.5574,0.7622,0.4976,1.067
13.526325463,-0.5731,0.7701,0.4951,1.080
13.528416001,-0.5838,0.7787,0.4996,1.094
13.532193155,-0.5939,0.7894,0.5025,1.108
13.533137847,-0.6004,0.8002,0.5137,1.125
13.536087693,-0.6014,0.8121,0.5261,1.139
13.53845377,-0.6007,0.8165,0.5403,1.149
13.540768309,-0.5892,0.8207,0.5567,1.154
13.543051001,-0.5704,0.8216,0.5821,1.157
13.545576847,-0.5406,0.8207,0.6137,1.159
13.548980232,-0.5037,0.8151,0.6479,1.157
13.550218078,-0.4644,0.8087,0.6869,1.158
13.552691309,-0.4265,0.8083,0.7260,1.167
13.555091924,-0.3857,0.8114,0.7642,1.179
13.55754854,-0.3432,0.8185,0.8120,1.203
13.559814693,-0.2890,0.8224,0.8653,1.228
13.56246577,-0.2212,0.8251,0.9222,1.257
13.565035001,-0.1494,0.8344,0.9733,1.291
13.567164617,-0.0768,0.8437,1.0270,1.331
13.569441155,-0.0065,0.8505,1.0877,1.381
13.572042386,0.0647,0.8581,1.1529,1.439
13.574429847,0.1324,0.8681,1.2181,1.502
13.57663377,0.1910,0.8815,1.2825,1.568
13.579633847,0.2399,0.8966,1.3446,1.634
13.581994386,0.2804,0.9152,1.4067,1.702
13.583830693,0.3112,0.9397,1.4663,1.769
13.58638954,0.3342,0.9609,1.5252,1.833
13.58994854,0.3601,0.9832,1.5785,1.894
13.591546386,0.3860,1.0030,1.6321,1.954
13.593903693,0.4097,1.0208,1.6906,2.017
13.596343924,0.4353,1.0303,1.7492,2.076
13.602112309,0.4603,1.0364,1.8015,2.129
13.602716232,0.4861,1.0357,1.8513,2.176
13.603387078,0.5106,1.0315,1.8926,2.215
13.615347617,0.5331,1.0298,1.9330,2.254
13.615814386,0.5602,1.0293,1.9738,2.295
13.615922463,0.5832,1.0384,2.0180,2.343
13.616018463,0.6012,1.0535,2.0602,2.391
13.616118386,0.6137,1.0765,2.0966,2.435
13.619328847,0.6220,1.1032,2.1426,2.489
13.619851386,0.6326,1.1253,2.1872,2.540
13.629635386,0.6398,1.1437,2.2310,2.587
13.630338078,0.6452,1.1532,2.2722,2.629
13.630553847,0.6450,1.1528,2.3104,2.661
13.630831386,0.6508,1.1405,2.3302,2.675
13.635076309,0.6503,1.1263,2.3260,2.665
13.635879309,0.6511,1.1132,2.2957,2.633
13.63712577,0.6523,1.1019,2.2368,2.577
13.63966054,0.6513,1.0924,2.1511,2.499
13.641606155,0.6408,1.1039,2.0468,2.412
13.644381232,0.6259,1.1290,1.9361,2.327
13.647552232,0.6040,1.1666,1.8266,2.250
13.648911309,0.5844,1.2131,1.7116,2.178
13.651560232,0.5775,1.2581,1.6021,2.117
13.65398577,0.5786,1.2942,1.4974,2.062
13.656544232,0.5947,1.3193,1.3945,2.010
13.658628232,0.6249,1.3228,1.2901,1.951
13.661911386,0.6716,1.3052,1.1760,1.881
13.664151078,0.7283,1.2621,1.0485,1.795
13.665959309,0.7835,1.1994,0.8988,1.691
13.668286693,0.8353,1.1286,0.7429,1.588
13.672473847,0.8742,1.0624,0.5657,1.488
13.673335078,0.9023,1.0161,0.4026,1.417
13.675606463,0.9179,0.9837,0.2477,1.368
13.67822577,0.9203,0.9765,0.1010,1.346
13.680755386,0.9147,0.9812,-0.0312,1.342
13.682805463,0.8910,0.9993,-0.1517,1.347
13.685566078,0.8539,1.0212,-0.2490,1.354
13.688990463,0.8138,1.0450,-0.3254,1.364
13.69018954,0.7796,1.0615,-0.3909,1.374
13.692711001,0.7544,1.0606,-0.4476,1.376
13.69501654,0.7317,1.0582,-0.4952,1.379
13.701411694,0.7149,1.0447,-0.5462,1.379
13.70241377,0.7083,1.0168,-0.5878,1.372
13.702835694,0.7036,0.9900,-0.6237,1.365
13.718923694,0.7014,0.9576,-0.6459,1.351
13.719537847,0.7063,0.9238,-0.6547,1.334
13.719695924,0.7168,0.8845,-0.6440,1.308
13.719827078,0.7290,0.8402,-0.6132,1.270
13.71991654,0.7442,0.7955,-0.5656,1.227
13.720047617,0.7500,0.7510,-0.5028,1.174
13.720184309,0.7547,0.7019,-0.4300,1.117
13.72178277,0.7549,0.6455,-0.3476,1.052
13.730607924,0.7598,0.5840,-0.2623,0.994
13.731096001,0.7686,0.5190,-0.1728,0.943
13.731202694,0.7850,0.4477,-0.0840,0.908
13.731569847,0.8057,0.3795,0.0085,0.891
13.733222078,0.8334,0.3140,0.1035,0.897
13.73581777,0.8629,0.2468,0.2005,0.920
13.738982694,0.8952,0.1908,0.2990,0.963
13.741053232,0.9303,0.1359,0.3977,1.021
13.74301254,0.9616,0.0887,0.4944,1.085
13.74579077,0.9916,0.0445,0.5880,1.154
13.748023694,1.0144,0.0124,0.6852,1.224
13.750687078,1.0283,-0.0180,0.7812,1.291
13.752932847,1.0428,-0.0476,0.8674,1.357
13.75537754,1.0484,-0.0727,0.9373,1.408
13.757471694,1.0491,-0.0956,0.9906,1.446
13.760244924,1.0391,-0.1171,1.0285,1.467
13.76327877,1.0258,-0.1359,1.0530,1.476
13.764775386,1.0061,-0.1484,1.0656,1.473
13.767317232,0.9870,-0.1592,1.0742,1.467
13.769946463,0.9662,-0.1711,1.0717,1.453
13.772215924,0.9489,-0.1799,1.0679,1.440
13.774492924,0.9250,-0.1892,1.0575,1.418
13.776949232,0.8903,-0.1960,1.0434,1.386
13.780254463,0.8480,-0.1963,1.0204,1.341
13.781647001,0.7996,-0.1911,0.9931,1.289
13.78411077,0.7512,-0.1916,0.9579,1.232
13.786750386,0.7048,-0.1946,0.9193,1.175
13.788941232,0.6540,-0.1946,0.8760,1.110
13.791436001,0.6059,-0.1973,0.8331,1.049
13.794110078,0.5604,-0.2002,0.7879,0.987
13.800198155,0.5182,-0.2004,0.7399,0.925
13.801111617,0.4769,-0.1970,0.6906,0.862
13.801430386,0.4442,-0.1960,0.6310,0.796
13.815183078,0.4148,-0.2046,0.5641,0.729
13.816382155,0.3892,-0.2076,0.4932,0.662
13.816880924,0.3669,-0.2161,0.4209,0.599
13.817141847,0.3522,-0.2202,0.3551,0.547
13.81756454,0.3389,-0.2273,0.2965,0.504
13.818555001,0.3352,-0.2310,0.2406,0.473
13.818659694,0.3293,-0.2359,0.1837,0.445
13.829637232,0.3210,-0.2384,0.1272,0.420
13.830632924,0.3186,-0.2486,0.0708,0.410
13.83089877,0.3240,-0.2549,0.0170,0.413
13.831327001,0.3373,-0.2694,-0.0361,0.433
13.831960924,0.3599,-0.2828,-0.0918,0.467
13.832643309,0.3906,-0.3031,-0.1441,0.515
13.836007001,0.4270,-0.3169,-0.1952,0.566
13.839190155,0.4624,-0.3319,-0.2453,0.620
13.839963694,0.4966,-0.3465,-0.2902,0.672
13.842297463,0.5321,-0.3549,-0.3277,0.719
13.844614463,0.5705,-0.3626,-0.3552,0.764
13.847422694,0.6052,-0.3668,-0.3716,0.799
13.84909477,0.6357,-0.3681,-0.3750,0.825
13.851775001,0.6599,-0.3690,-0.3728,0.843
13.854516309,0.6823,-0.3688,-0.3623,0.856
13.856496847,0.7032,-0.3642,-0.3433,0.863
13.858969847,0.7251,-0.3595,-0.3219,0.871
13.861492924,0.7410,-0.3563,-0.3030,0.876
13.863592232,0.7463,-0.3434,-0.2792,0.868
13.866839617,0.7383,-0.3265,-0.2529,0.846
13.868662694,0.7221,-0.3089,-0.2248,0.817
13.87254277,0.7002,-0.2892,-0.2010,0.784
13.873109232,0.6785,-0.2720,-0.1754,0.752
13.876057847,0.6562,-0.2545,-0.1600,0.722
13.878920309,0.6362,-0.2410,-0.1519,0.697
13.880481232,0.6142,-0.2330,-0.1509,0.674
13.882972847,0.5922,-0.2205,-0.1579,0.651
13.885423001,0.5670,-0.2097,-0.1710,0.628
13.887790078,0.5439,-0.1990,-0.1937,0.611
13.89014554,0.5311,-0.1863,-0.2182,0.604
13.892589463,0.5250,-0.1758,-0.2418,0.604
13.899296309,0.5273,-0.1716,-0.2653,0.615
13.89992577,0.5355,-0.1721,-0.2809,0.629
13.900129155,0.5453,-0.1678,-0.2878,0.639
13.902676847,0.5567,-0.1618,-0.2963,0.651
13.913580309,0.5588,-0.1474,-0.3000,0.651
13.914334386,0.5616,-0.1333,-0.3032,0.652
13.914519309,0.5709,-0.1152,-0.3070,0.658
13.91461777,0.5821,-0.1059,-0.3088,0.667
13.91478277,0.6012,-0.0998,-0.3142,0.686
13.917643924,0.6282,-0.0951,-0.3203,0.711
13.927756924,0.6569,-0.0942,-0.3303,0.741
13.92862454,0.6855,-0.0947,-0.3386,0.770
13.929085847,0.7168,-0.0949,-0.3398,0.799
13.929503617,0.7447,-0.0895,-0.3361,0.822
13.93000454,0.7647,-0.0812,-0.3274,0.836
13.931502155,0.7945,-0.0707,-0.3139,0.857
13.93357777,0.8218,-0.0621,-0.2990,0.877
13.936970386,0.8439,-0.0553,-0.2797,0.891
13.938459617,0.8670,-0.0523,-0.2467,0.903
13.941280847,0.8922,-0.0572,-0.2008,0.916
13.943614155,0.9217,-0.0637,-0.1458,0.935
13.945711924,0.9457,-0.0702,-0.0823,0.952
13.948217463,0.9641,-0.0746,-0.0017,0.967
13.950561463,0.9743,-0.0734,0.0764,0.980
13.95296677,0.9814,-0.0693,0.1516,0.995
13.955278694,0.9774,-0.0568,0.2249,1.005
13.95776954,0.9729,-0.0390,0.2946,1.017
13.960143386,0.9599,-0.0133,0.3661,1.027
13.962496847,0.9326,0.0184,0.4519,1.036
13.96531077,0.8861,0.0692,0.5604,1.051
13.968099694,0.8192,0.1393,0.7043,1.089
13.970487694,0.7342,0.2290,0.8829,1.171
13.972262155,0.6391,0.3313,1.0786,1.297
13.974691924,0.5429,0.4352,1.2806,1.457
13.978155309,0.4486,0.5383,1.4726,1.631
13.979407309,0.3599,0.6357,1.6459,1.801
13.982424847,0.2772,0.7224,1.7866,1.947
13.98433654,0.2091,0.8016,1.8758,2.051
13.987179694,0.1437,0.8852,1.8992,2.100
13.98952454,0.0864,0.9644,1.8753,2.111
13.991547309,0.0303,1.0435,1.8210,2.099
13.998091924,-0.0229,1.1337,1.7331,2.071
13.998672232,-0.0630,1.2204,1.6256,2.034
13.999143078,-0.0812,1.3059,1.5024,1.992
14.001235386,-0.0607,1.3697,1.3725,1.940
14.01156577,-0.0127,1.4237,1.2335,1.884
14.011948924,0.0603,1.4647,1.0942,1.829
14.012084617,0.1581,1.5029,0.9569,1.789
14.012208617,0.2580,1.5427,0.8308,1.771
14.01320454,0.3569,1.5896,0.7073,1.776
14.015593232,0.4535,1.6420,0.5892,1.803
14.01790177,0.5472,1.6811,0.4778,1.831
14.025117463,0.6375,1.7170,0.3703,1.869
14.026025463,0.7205,1.7361,0.2643,1.898
14.02626554,0.7996,1.7468,0.1641,1.928
14.027712309,0.8802,1.7400,0.0749,1.951
14.030456924,0.9611,1.7261,0.0041,1.976
14.03276954,1.0459,1.7058,-0.0403,2.001
14.03636577,1.1490,1.6770,-0.0515,2.034
14.03716454,1.2893,1.6318,-0.0388,2.080
14.03978954,1.4458,1.5861,-0.0110,2.146
14.042135078,1.6159,1.5355,0.0361,2.229
14.051992001,1.7828,1.4782,0.1057,2.318
14.052662155,1.9452,1.4270,0.1861,2.420
14.05296954,2.0959,1.3738,0.2723,2.521
14.053266155,2.2230,1.3205,0.3677,2.612
14.054367001,2.3237,1.2702,0.4676,2.689
14.05647754,2.3887,1.2187,0.5738,2.742
14.058951924,2.4248,1.1666,0.6867,2.777
14.06131777,2.4246,1.1165,0.7996,2.787
14.063800847,2.3916,1.0611,0.9068,2.769
14.06641777,2.3227,1.0098,1.0102,2.727
14.068689232,2.2226,0.9678,1.0917,2.659
14.07089754,2.0918,0.9350,1.1729,2.574
14.073361463,1.9450,0.9087,1.2501,2.484
14.075871617,1.7940,0.8801,1.3146,2.392
14.078129232,1.6349,0.8502,1.3852,2.305
14.080550694,1.4779,0.8212,1.4772,2.245
14.083283386,1.3117,0.7909,1.5990,2.214
14.08560454,1.1483,0.7643,1.7492,2.228
14.088151078,0.9907,0.7454,1.9190,2.285
14.090646078,0.8323,0.7340,2.0949,2.371
14.09604154,0.6724,0.7271,2.2664,2.473
14.096491617,0.5224,0.7217,2.4450,2.602
14.097451078,0.3825,0.7207,2.5994,2.724
14.100034694,0.2527,0.7203,2.7213,2.826
14.108526078,0.1248,0.7200,2.8000,2.894
14.108928001,0.0051,0.7210,2.8643,2.954
14.109057155,-0.1052,0.7176,2.8806,2.971
14.109360847,-0.2039,0.7037,2.8559,2.948
14.112060847,-0.2826,0.6860,2.7932,2.890
14.114747309,-0.3527,0.6641,2.6969,2.800
14.117477463,-0.4104,0.6397,2.5725,2.682
14.119283078,-0.4656,0.6213,2.4255,2.547
14.121613463,-0.5166,0.6050,2.2626,2.398
14.124550155,-0.5662,0.5879,2.0952,2.249
14.12636954,-0.6116,0.5739,1.9356,2.110
14.128757847,-0.6493,0.5527,1.7783,1.972
14.131440924,-0.6747,0.5307,1.6114,1.826
14.133704847,-0.6874,0.5038,1.4558,1.687
14.136111924,-0.6915,0.4715,1.2992,1.545
14.13853354,-0.6894,0.4428,1.1518,1.414
14.141158078,-0.6798,0.4168,1.0099,1.287
14.143405847,-0.6664,0.3951,0.8809,1.173
14.145547001,-0.6481,0.3774,0.7665,1.072
14.148223617,-0.6230,0.3634,0.6605,0.978
14.150592924,-0.5892,0.3516,0.5682,0.891
14.152796309,-0.5538,0.3426,0.4961,0.819
14.155223078,-0.5137,0.3350,0.4192,0.743
14.157857847,-0.4719,0.3282,0.3503,0.673
14.160214694,-0.4336,0.3215,0.2860,0.611
14.162491309,-0.3918,0.3145,0.2369,0.556
14.165231924,-0.3544,0.3061,0.1963,0.508
14.167667694,-0.3139,0.2968,0.1627,0.462
14.169857232,-0.2760,0.2884,0.1441,0.424
14.172450155,-0.2491,0.2879,0.1313,0.403
14.175635924,-0.2325,0.2879,0.1260,0.391
14.177035617,-0.2271,0.2954,0.1206,0.392
14.180102694,-0.2289,0.3035,0.1140,0.397
14.182313155,-0.2374,0.3101,0.1128,0.406
14.185183078,-0.2508,0.3186,0.1101,0.420
14.18683377,-0.2785,0.3303,0.1069,0.445
14.189045232,-0.3099,0.3450,0.1062,0.476
14.192376924,-0.3517,0.3623,0.1057,0.516
14.193929155,-0.3926,0.3811,0.0905,0.555
14.196272847,-0.4290,0.4002,0.0791,0.592
14.19883077,-0.4644,0.4191,0.0681,0.629
14.202940847,-0.5030,0.4376,0.0563,0.669
14.203831694,-0.5306,0.4577,0.0378,0.702
14.206344232,-0.5580,0.4750,0.0353,0.734
14.224741463,-0.5824,0.4931,0.0409,0.764
14.22530577,-0.6023,0.5167,0.0583,0.796
14.225538386,-0.6232,0.5381,0.0879,0.828
14.225682078,-0.6428,0.5581,0.1243,0.860
14.225845232,-0.6666,0.5798,0.1712,0.900
14.225943694,-0.6759,0.6015,0.2266,0.933
14.226100924,-0.6855,0.6138,0.2843,0.963
14.226254078,-0.6845,0.6223,0.3459,0.988
14.227672617,-0.6789,0.6259,0.4092,1.010
14.230434386,-0.6677,0.6277,0.4714,1.031
14.232747309,-0.6508,0.6215,0.5366,1.048
14.235897463,-0.6258,0.6147,0.6014,1.064
14.237438078,-0.5976,0.6030,0.6679,1.080
14.239811386,-0.5633,0.5945,0.7346,1.100
14.24234554,-0.5284,0.5859,0.8089,1.130
14.244538386,-0.4944,0.5837,0.8883,1.172
14.247164617,-0.4612,0.5886,0.9659,1.222
14.250205232,-0.4275,0.5937,1.0477,1.278
14.251843078,-0.3913,0.5964,1.1269,1.334
14.254348924,-0.3525,0.5979,1.2030,1.389
14.257509463,-0.3127,0.5974,1.2733,1.441
14.259309155,-0.2671,0.5930,1.3316,1.482
14.261775386,-0.2203,0.5905,1.3824,1.519
14.264311309,-0.1716,0.5903,1.4231,1.550
14.266616617,-0.1277,0.6008,1.4511,1.576
14.268969463,-0.0886,0.6152,1.4749,1.601
14.271700617,-0.0530,0.6399,1.4927,1.625
14.274058694,-0.0185,0.6695,1.5061,1.648
14.276528309,0.0144,0.7034,1.5093,1.665
14.278662463,0.0373,0.7447,1.5096,1.684
14.281092309,0.0540,0.7869,1.5039,1.698
14.28356454,0.0645,0.8397,1.4839,1.706
14.28572854,0.0789,0.8915,1.4495,1.704
14.288342386,0.0929,0.9431,1.4018,1.692
14.292463078,0.1087,0.9905,1.3526,1.680
14.293112847,0.1204,1.0413,1.3018,1.671
14.29516454,0.1300,1.0918,1.2652,1.676
14.298363617,0.1339,1.1379,1.2473,1.694
14.301999386,0.1239,1.1959,1.2591,1.741
14.302495309,0.1016,1.2609,1.3114,1.822
14.304754078,0.0608,1.3364,1.3994,1.936
14.317202078,0.0130,1.4141,1.5168,2.074
14.317801232,-0.0365,1.4845,1.6486,2.219
14.318040617,-0.0822,1.5392,1.7915,2.363
14.318792847,-0.1157,1.5749,1.9356,2.498
14.319021155,-0.1353,1.5888,2.0661,2.610
14.319484001,-0.1529,1.5849,2.1694,2.691
14.322117155,-0.1632,1.5727,2.2513,2.751
14.324386694,-0.1763,1.5514,2.3111,2.789
14.326596232,-0.1865,1.5304,2.3558,2.815
14.32937877,-0.1914,1.5121,2.3786,2.825
14.333375386,-0.1986,1.5060,2.3793,2.823
14.334079617,-0.1983,1.5077,2.3607,2.808
14.336508232,-0.1832,1.5231,2.3334,2.792
14.339104232,-0.1529,1.5432,2.3067,2.780
14.34145077,-0.0947,1.5658,2.2533,2.746
14.343635309,-0.0116,1.5863,2.1912,2.705
14.346335386,0.0918,1.5968,2.1287,2.663
14.349036847,0.2213,1.5930,2.0600,2.613
14.350890078,0.3677,1.5675,1.9889,2.559
14.353213232,0.5414,1.5167,1.9127,2.500
14.355638694,0.7273,1.4468,1.8333,2.446
14.358298694,0.9115,1.3673,1.7383,2.392
14.360397155,1.0733,1.2998,1.6239,2.341
14.363144001,1.2133,1.2348,1.4919,2.285
14.366412924,1.3347,1.1842,1.3556,2.241
14.367638694,1.4332,1.1461,1.2279,2.208
14.370367001,1.5176,1.1146,1.0940,2.178
14.37261077,1.5819,1.0921,0.9610,2.149
14.375077847,1.6361,1.0741,0.8401,2.130
14.377371617,1.6799,1.0587,0.7295,2.115
14.379775694,1.7099,1.0431,0.6307,2.100
14.382340847,1.7281,1.0208,0.5362,2.077
14.384550463,1.7330,0.9958,0.4483,2.048
14.38723654,1.7325,0.9641,0.3681,2.017
14.389572617,1.7265,0.9362,0.2948,1.986
14.391860001,1.7107,0.8982,0.2281,1.946
14.39429477,1.6880,0.8674,0.1607,1.905
14.396926155,1.6594,0.8402,0.0964,1.862
14.403036232,1.6196,0.8165,0.0368,1.814
14.403734463,1.5736,0.7958,-0.0214,1.763
14.404099001,1.5264,0.7743,-0.0738,1.713
14.421099386,1.4749,0.7547,-0.1229,1.661
14.421769155,1.4244,0.7315,-0.1670,1.610
14.421896924,1.3701,0.7061,-0.2074,1.555
14.422002386,1.3193,0.6776,-0.2441,1.503
14.422127694,1.2687,0.6467,-0.2753,1.450
14.422232617,1.2211,0.6113,-0.3014,1.398
14.422340847,1.1707,0.5759,-0.3235,1.344
14.424085463,1.1241,0.5327,-0.3377,1.289
14.425339309,1.0836,0.4913,-0.3430,1.238
14.428438155,1.0468,0.4452,-0.3403,1.187
14.430323309,1.0132,0.4002,-0.3354,1.140
14.434233155,0.9809,0.3567,-0.3277,1.094
14.43542454,0.9504,0.3135,-0.3124,1.048
14.438278386,0.9220,0.2775,-0.2905,1.006
14.440252232,0.8937,0.2439,-0.2641,0.963
14.44264977,0.8746,0.2104,-0.2352,0.930
14.445059078,0.8507,0.1833,-0.2040,0.894
14.447702386,0.8260,0.1552,-0.1686,0.857
14.44970954,0.7999,0.1327,-0.1339,0.822
14.45225354,0.7764,0.1090,-0.0987,0.790
14.45468854,0.7532,0.0816,-0.0606,0.760
14.45772977,0.7286,0.0528,-0.0195,0.731
14.459493232,0.7007,0.0181,0.0246,0.701
14.461769463,0.6760,-0.0136,0.0684,0.680
14.46480154,0.6515,-0.0431,0.1096,0.662
14.46661354,0.6228,-0.0727,0.1460,0.644
14.469094078,0.5966,-0.0979,0.1727,0.629
14.471686078,0.5668,-0.1198,0.1979,0.612
14.474623694,0.5358,-0.1364,0.2215,0.596
14.476553155,0.5020,-0.1526,0.2371,0.576
14.478863386,0.4681,-0.1687,0.2499,0.557
14.481107078,0.4361,-0.1785,0.2669,0.542
14.48342577,0.4051,-0.1929,0.2838,0.531
14.485887617,0.3755,-0.2007,0.3080,0.525
14.488368847,0.3462,-0.2107,0.3330,0.525
14.490766155,0.3210,-0.2224,0.3544,0.527
14.493167617,0.2919,-0.2254,0.3764,0.527
14.495855001,0.2667,-0.2312,0.3984,0.532
14.501787617,0.2313,-0.2349,0.4221,0.536
14.502748309,0.1991,-0.2330,0.4436,0.539
14.503293155,0.1654,-0.2291,0.4649,0.544
14.516562155,0.1358,-0.2281,0.4788,0.547
14.51713077,0.1080,-0.2317,0.4915,0.554
14.517230463,0.0825,-0.2344,0.4984,0.557
14.517375386,0.0596,-0.2342,0.5077,0.562
14.517506694,0.0332,-0.2361,0.5130,0.566
14.517683694,0.0166,-0.2379,0.5061,0.559
14.519847078,0.0044,-0.2452,0.4942,0.552
14.529067078,0.0005,-0.2491,0.4758,0.537
14.529861847,0.0037,-0.2589,0.4570,0.525
14.530287309,0.0100,-0.2698,0.4269,0.505
14.530453847,0.0142,-0.2762,0.3987,0.485
14.531563309,0.0198,-0.2857,0.3630,0.462
14.53424954,0.0274,-0.2913,0.3295,0.441
14.536604309,0.0408,-0.3029,0.2914,0.422
14.539985463,0.0498,-0.3013,0.2518,0.396
14.54124854,0.0662,-0.3087,0.2124,0.381
14.543667386,0.0820,-0.3104,0.1739,0.365
14.547427617,0.1004,-0.3085,0.1350,0.351
14.548640232,0.1211,-0.3082,0.0989,0.346
14.550850386,0.1449,-0.3116,0.0644,0.350
14.553476232,0.1700,-0.3124,0.0358,0.357
14.55596277,0.2042,-0.3118,0.0134,0.373
14.558295309,0.2441,-0.3099,-0.0014,0.394
14.560726463,0.2809,-0.3062,-0.0083,0.416
14.563643924,0.3191,-0.2962,-0.0070,0.435
14.565720001,0.3508,-0.2852,-0.0061,0.452
14.568026078,0.3845,-0.2762,-0.0075,0.473
14.570648924,0.4246,-0.2715,-0.0049,0.504
14.572779386,0.4696,-0.2671,0.0011,0.540
14.575534155,0.5185,-0.2659,0.0075,0.583
14.577614694,0.5695,-0.2610,0.0165,0.627
14.580112001,0.6122,-0.2510,0.0241,0.662
14.582211386,0.6525,-0.2393,0.0288,0.696
14.585105232,0.6887,-0.2224,0.0309,0.724
14.587456232,0.7217,-0.2056,0.0270,0.751
14.589861155,0.7519,-0.1914,0.0232,0.776
14.592253232,0.7810,-0.1743,0.0207,0.801
14.594952001,0.8111,-0.1582,0.0165,0.827
14.597068924,0.8290,-0.1391,0.0204,0.841
14.599283924,0.8500,-0.1247,0.0278,0.860
14.60162177,0.8583,-0.1035,0.0388,0.865
14.60876054,0.8632,-0.0825,0.0519,0.869
14.609782694,0.8634,-0.0632,0.0698,0.868
14.61021754,0.8617,-0.0436,0.0938,0.868
14.61138954,0.8597,-0.0292,0.1248,0.869
14.625321847,0.8521,-0.0113,0.1668,0.868
14.62575377,0.8392,0.0117,0.2135,0.866
14.625862155,0.8267,0.0408,0.2599,0.868
14.625947078,0.8143,0.0738,0.3144,0.876
14.626031309,0.8023,0.1081,0.3673,0.889
14.626114694,0.7987,0.1452,0.4229,0.915
14.628323386,0.7994,0.1774,0.4810,0.950
14.639243309,0.8116,0.1962,0.5443,0.997
14.639725463,0.8294,0.2155,0.6044,1.049
14.639860309,0.8617,0.2250,0.6698,1.114
14.639976001,0.9017,0.2339,0.7411,1.190
14.640489463,0.9433,0.2453,0.8226,1.275
14.643337155,0.9983,0.2516,0.9112,1.375
14.645466078,1.0652,0.2700,1.0092,1.492
14.647351386,1.1432,0.2908,1.1175,1.625
14.650004232,1.2243,0.3225,1.2335,1.768
14.653130463,1.2985,0.3613,1.3566,1.912
14.654860001,1.3615,0.4110,1.4914,2.061
14.657278694,1.4065,0.4720,1.6216,2.198
14.659721155,1.4309,0.5434,1.7583,2.331
14.661758078,1.4365,0.6206,1.8929,2.456
14.664202386,1.4244,0.6970,2.0221,2.570
14.666660232,1.3929,0.7752,2.1338,2.663
14.66920054,1.3371,0.8444,2.2058,2.714
14.671952001,1.2719,0.9143,2.2352,2.729
14.674226386,1.1712,0.9849,2.2156,2.693
14.676762694,1.0633,1.0501,2.1509,2.619
14.678921847,0.9525,1.1116,2.0458,2.516
14.681075078,0.8451,1.1745,1.9009,2.389
14.683608001,0.7415,1.2331,1.7329,2.252
14.686744309,0.6506,1.2822,1.5552,2.118
14.688424924,0.5668,1.3228,1.3940,2.004
14.690744617,0.4984,1.3501,1.2384,1.899
14.69338154,0.4430,1.3753,1.0847,1.807
14.699654078,0.3983,1.3960,0.9440,1.732
14.70019777,0.3513,1.4288,0.8093,1.679
14.700590078,0.3051,1.4742,0.6915,1.657
14.70299654,0.2604,1.5262,0.5821,1.654
14.714271924,0.2294,1.5754,0.4866,1.665
14.714657847,0.2175,1.6130,0.3982,1.676
14.714790694,0.2306,1.6266,0.3129,1.672
14.714900309,0.2676,1.6215,0.2364,1.660
14.715367617,0.3161,1.5977,0.1575,1.636
14.718104617,0.3716,1.5651,0.0789,1.611
14.728509463,0.4278,1.5227,0.0070,1.582
14.729579309,0.4826,1.4810,-0.0508,1.558
14.729964924,0.5362,1.4498,-0.0892,1.548
14.730628617,0.5900,1.4198,-0.1048,1.541
14.730830386,0.6459,1.3909,-0.1001,1.537
14.732074694,0.7046,1.3633,-0.0731,1.536
14.734772309,0.7610,1.3357,-0.0384,1.538
14.737608617,0.8199,1.3066,0.0039,1.543
14.739239309,0.8783,1.2742,0.0430,1.548
14.741412001,0.9289,1.2402,0.0810,1.552
14.744120617,0.9718,1.2071,0.1123,1.554
14.746278463,1.0014,1.1791,0.1365,1.553
14.748646078,1.0205,1.1530,0.1478,1.547
14.75127654,1.0328,1.1261,0.1714,1.538
14.753811924,1.0315,1.0939,0.2032,1.517
14.755928924,1.0261,1.0599,0.2374,1.494
14.758442463,1.0088,1.0215,0.2811,1.463
14.761954155,0.9834,0.9883,0.3339,1.434
14.76320554,0.9489,0.9534,0.3955,1.402
14.766044232,0.9113,0.9189,0.4602,1.374
14.768213232,0.8712,0.8845,0.5273,1.349
14.770678155,0.8287,0.8524,0.5967,1.330
14.772791078,0.7806,0.8200,0.6698,1.315
14.775194463,0.7288,0.7850,0.7492,1.307
14.778640847,0.6760,0.7547,0.8284,1.309
14.780085847,0.6191,0.7288,0.9081,1.319
14.782522078,0.5609,0.7051,0.9911,1.339
14.785155924,0.5057,0.6816,1.0719,1.367
14.78767254,0.4446,0.6634,1.1553,1.404
14.789807078,0.3874,0.6518,1.2373,1.451
14.792973232,0.3252,0.6421,1.3136,1.498
14.79917254,0.2685,0.6367,1.3837,1.547
14.799840309,0.2062,0.6413,1.4429,1.592
14.800183309,0.1490,0.6485,1.4807,1.623
14.816562694,0.0913,0.6578,1.4958,1.637
14.817335617,0.0371,0.6655,1.4949,1.637
14.817481232,-0.0078,0.6667,1.4830,1.626
14.817868232,-0.0493,0.6716,1.4576,1.606
14.817995924,-0.0893,0.6748,1.4187,1.574
14.818131309,-0.1226,0.6741,1.3717,1.533
14.818206694,-0.1536,0.6663,1.3246,1.491
14.830496309,-0.1781,0.6643,1.2748,1.448
14.831231309,-0.1988,0.6597,1.2281,1.408
14.83146854,-0.2193,0.6572,1.1783,1.367
14.83164177,-0.2333,0.6490,1.1292,1.323
14.831854155,-0.2426,0.6443,1.0725,1.274
14.83203654,-0.2452,0.6377,1.0146,1.223
14.833760847,-0.2445,0.6262,0.9547,1.168
14.836424309,-0.2410,0.6233,0.8892,1.112
14.837905155,-0.2354,0.6196,0.8279,1.061
14.84019477,-0.2340,0.6233,0.7630,1.013
14.842805847,-0.2317,0.6280,0.6989,0.968
14.845246155,-0.2293,0.6360,0.6363,0.928
14.847658386,-0.2276,0.6504,0.5748,0.897
14.850536847,-0.2249,0.6660,0.5164,0.872
14.852529463,-0.2163,0.6807,0.4646,0.852
14.854849232,-0.2071,0.6951,0.4084,0.832
14.857795617,-0.1954,0.7068,0.3556,0.815
14.859664309,-0.1849,0.7219,0.3053,0.805
14.862186155,-0.1844,0.7337,0.2613,0.800
14.86500054,-0.1834,0.7461,0.2205,0.799
14.867214078,-0.1886,0.7638,0.1858,0.808
14.869613463,-0.1946,0.7774,0.1487,0.815
14.871956617,-0.1998,0.7904,0.1087,0.822
14.874331924,-0.2079,0.8027,0.0747,0.832
14.877957232,-0.2140,0.8072,0.0512,0.837
14.878946155,-0.2144,0.8183,0.0265,0.846
14.881520617,-0.2159,0.8260,0.0087,0.854
14.88409477,-0.2147,0.8390,-0.0090,0.866
14.886614078,-0.2100,0.8556,-0.0151,0.881
14.888728617,-0.2039,0.8708,-0.0158,0.894
14.891119309,-0.1998,0.8791,-0.0093,0.902
14.893785847,-0.1968,0.8882,0.0011,0.910
14.895714155,-0.1853,0.8889,0.0229,0.908
14.898270078,-0.1760,0.8854,0.0495,0.904
14.900709463,-0.1644,0.8747,0.0854,0.894
14.905904001,-0.1509,0.8651,0.1360,0.889
14.906450386,-0.1331,0.8514,0.1979,0.884
14.908460924,-0.1108,0.8378,0.2694,0.887
14.921614078,-0.0808,0.8246,0.3463,0.898
14.922015924,-0.0522,0.8132,0.4269,0.920
14.922432001,-0.0204,0.8104,0.5019,0.953
14.922699078,0.0124,0.8087,0.5689,0.989
14.922781232,0.0496,0.8074,0.6207,1.020
14.922858386,0.0911,0.8083,0.6610,1.048
14.925600232,0.1312,0.8067,0.6850,1.066
14.935210463,0.1700,0.8087,0.7031,1.085
14.935987924,0.1984,0.8221,0.7109,1.105
14.936193155,0.2220,0.8376,0.7141,1.123
14.936359617,0.2487,0.8570,0.7111,1.141
14.936760924,0.2707,0.8833,0.7087,1.164
14.939286463,0.2912,0.9113,0.7109,1.192
14.941823386,0.3083,0.9357,0.7187,1.219
14.944215001,0.3184,0.9621,0.7380,1.254
14.946640924,0.3205,0.9846,0.7719,1.292
14.948877232,0.3191,1.0005,0.8123,1.328
14.95121254,0.3098,1.0093,0.8462,1.353
14.953536924,0.2986,1.0142,0.8804,1.376
14.956182694,0.2858,1.0177,0.9081,1.394
14.959947617,0.2692,1.0252,0.9328,1.412
14.960970078,0.2348,1.0335,0.9586,1.429
14.96341477,0.1791,1.0533,0.9867,1.454
14.966148001,0.1192,1.0699,1.0197,1.483
14.96845254,0.0662,1.0865,1.0488,1.512
14.970532001,0.0215,1.1046,1.0832,1.547
14.973467386,-0.0232,1.1337,1.1206,1.594
14.975752924,-0.0707,1.1757,1.1504,1.646
14.977924617,-0.1313,1.2229,1.1763,1.702
14.980131309,-0.2144,1.2832,1.1949,1.766
14.982829232,-0.3102,1.3487,1.1932,1.827
14.985320617,-0.4108,1.4175,1.1672,1.882
14.987487694,-0.5193,1.4835,1.1140,1.926
14.990374078,-0.6217,1.5534,1.0388,1.969
14.99251654,-0.7248,1.6347,0.9533,2.026
14.999232309,-0.8037,1.7170,0.8660,2.084
15.00001754,-0.8485,1.7933,0.7722,2.129
15.000358463,-0.8526,1.8570,0.6962,2.159
15.002129847,-0.8130,1.9035,0.6540,2.171
15.004418386,-0.7292,1.9215,0.6574,2.158
15.006888617,-0.5958,1.9091,0.7204,2.126
15.014389232,-0.4285,1.8798,0.8243,2.097
15.014706155,-0.2322,1.8514,0.9424,2.090
15.014853463,-0.0214,1.8424,1.0915,2.142
15.016531001,0.1842,1.8605,1.2731,2.262
15.027693155,0.4036,1.8945,1.4729,2.433
15.028491617,0.6171,1.9275,1.6828,2.632
15.028739617,0.8182,1.9553,1.8941,2.843
15.028984924,1.0019,1.9572,2.0839,3.029
15.02920954,1.1534,1.9203,2.2366,3.165
15.031002463,1.2646,1.8497,2.3497,3.247
15.033531078,1.3554,1.7501,2.4199,3.280
15.035584617,1.3948,1.6457,2.4455,3.261
15.037980001,1.3836,1.5534,2.4445,3.210
15.040760001,1.3420,1.4728,2.4187,3.134
15.043057155,1.2765,1.4065,2.3786,3.044
15.045294771,1.1971,1.3394,2.3278,2.940
15.048415309,1.1192,1.2700,2.2701,2.832
15.05069354,1.0608,1.1955,2.1934,2.714
15.052528309,1.0190,1.1144,2.1035,2.589
15.054917771,1.0002,1.0317,1.9973,2.460
15.057515386,0.9936,0.9585,1.8792,2.332
15.065901771,0.9851,0.8966,1.7527,2.201
15.066631694,0.9767,0.8388,1.6119,2.063
15.066952847,0.9626,0.7992,1.4683,1.929
15.067237847,0.9545,0.7711,1.3288,1.809
15.069363694,0.9384,0.7608,1.1921,1.697
15.072047694,0.9284,0.7564,1.0556,1.596
15.074344617,0.9173,0.7591,0.9225,1.506
15.07658854,0.9147,0.7587,0.7949,1.430
15.079290771,0.9203,0.7503,0.6677,1.362
15.081634386,0.9271,0.7366,0.5480,1.305
15.083968001,0.9399,0.7127,0.4414,1.259
15.086173771,0.9474,0.6860,0.3432,1.219
15.088625155,0.9560,0.6583,0.2623,1.190
15.091815386,0.9569,0.6252,0.1963,1.160
15.093396309,0.9611,0.5864,0.1497,1.136
15.09590454,0.9694,0.5429,0.1199,1.117
15.098541847,0.9773,0.4913,0.1069,1.099
15.100801155,0.9853,0.4388,0.1076,1.084
15.103271924,0.9939,0.3853,0.1201,1.073
15.105765847,1.0016,0.3318,0.1450,1.065
15.111403309,1.0076,0.2775,0.1719,1.059
15.111904924,1.0127,0.2260,0.1993,1.057
15.112831309,1.0186,0.1740,0.2271,1.058
15.116430694,1.0249,0.1190,0.2531,1.062
15.127600232,1.0279,0.0709,0.2816,1.068
15.127971694,1.0303,0.0277,0.3139,1.077
15.128062078,1.0251,-0.0143,0.3468,1.082
15.128150155,1.0198,-0.0511,0.3840,1.091
15.128243924,1.0146,-0.0915,0.4152,1.100
15.13016554,1.0085,-0.1275,0.4465,1.110
15.140380924,0.9948,-0.1618,0.4700,1.112
15.140723617,0.9816,-0.1887,0.4905,1.113
15.140861771,0.9606,-0.2193,0.5124,1.111
15.140984309,0.9384,-0.2456,0.5301,1.105
15.14209654,0.9157,-0.2718,0.5464,1.100
15.14406954,0.8907,-0.2945,0.5573,1.091
15.146615386,0.8605,-0.3199,0.5585,1.075
15.149799309,0.8243,-0.3365,0.5576,1.051
15.151269463,0.7759,-0.3481,0.5545,1.015
15.154141771,0.7278,-0.3549,0.5489,0.978
15.156613155,0.6769,-0.3609,0.5379,0.937
15.158917232,0.6210,-0.3581,0.5238,0.888
15.160976309,0.5583,-0.3556,0.4966,0.828
15.163750694,0.4959,-0.3529,0.4705,0.769
15.166360924,0.4321,-0.3465,0.4434,0.710
15.168270078,0.3757,-0.3465,0.4067,0.653
15.170604232,0.3252,-0.3470,0.3696,0.602
15.173151001,0.2753,-0.3470,0.3330,0.554
15.175688001,0.2323,-0.3470,0.2985,0.513
15.177965463,0.1884,-0.3414,0.2625,0.470
15.180777232,0.1446,-0.3346,0.2308,0.431
15.182976309,0.1058,-0.3292,0.1939,0.396
15.18512854,0.0682,-0.3304,0.1599,0.373
15.187799386,0.0412,-0.3336,0.1241,0.358
15.191412847,0.0254,-0.3427,0.0852,0.354
15.192358463,0.0215,-0.3574,0.0470,0.361
15.19488554,0.0293,-0.3710,0.0153,0.372
15.197279617,0.0489,-0.3840,-0.0124,0.387
15.199880001,0.0731,-0.3942,-0.0366,0.403
15.202632001,0.1046,-0.3966,-0.0603,0.415
15.204682694,0.1449,-0.4086,-0.0828,0.441
15.211849847,0.1908,-0.4235,-0.1036,0.476
15.212469771,0.2469,-0.4413,-0.1180,0.519
15.212747924,0.3023,-0.4678,-0.1344,0.573
15.214379617,0.3618,-0.4924,-0.1456,0.628
15.227735001,0.4127,-0.5107,-0.1581,0.675
15.228124847,0.4591,-0.5214,-0.1649,0.714
15.228252232,0.5052,-0.5239,-0.1700,0.747
15.228367386,0.5446,-0.5232,-0.1796,0.776
15.228484924,0.5809,-0.5146,-0.1830,0.797
15.229217155,0.6120,-0.5030,-0.1752,0.811
15.231888001,0.6480,-0.4978,-0.1781,0.836
15.241003309,0.6814,-0.4939,-0.1847,0.862
15.24164554,0.7090,-0.4902,-0.1803,0.881
15.242175617,0.7221,-0.4821,-0.1668,0.884
15.24250154,0.7217,-0.4746,-0.1566,0.878
15.24326054,0.7100,-0.4648,-0.1530,0.862
15.245400617,0.6936,-0.4487,-0.1507,0.840
15.249036309,0.6726,-0.4355,-0.1412,0.814
15.250191386,0.6459,-0.4201,-0.1288,0.781
15.252570463,0.6230,-0.4105,-0.1236,0.756
15.25515654,0.6084,-0.4037,-0.1216,0.740
15.25780054,0.5991,-0.3930,-0.1204,0.727
15.259918694,0.5963,-0.3840,-0.1146,0.718
15.262784924,0.5986,-0.3688,-0.1048,0.711
15.265207309,0.6061,-0.3541,-0.0931,0.708
15.267186078,0.6176,-0.3404,-0.0764,0.709
15.269636232,0.6389,-0.3311,-0.0535,0.722
15.272866694,0.6689,-0.3253,-0.0286,0.744
15.275631309,0.7048,-0.3223,0.0067,0.775
15.276907617,0.7383,-0.3157,0.0414,0.804
15.279375694,0.7686,-0.3072,0.0830,0.832
15.281899924,0.7918,-0.2996,0.1280,0.856
15.284216309,0.8182,-0.2864,0.1751,0.884
15.286610771,0.8390,-0.2726,0.2325,0.912
15.289608847,0.8504,-0.2479,0.2943,0.933
15.291525771,0.8497,-0.2161,0.3610,0.948
15.294423694,0.8419,-0.1760,0.4294,0.961
15.296562386,0.8343,-0.1420,0.4966,0.981
15.298815001,0.8294,-0.1081,0.5734,1.014
15.301740001,0.8429,-0.0798,0.6561,1.071
15.303499078,0.8688,-0.0523,0.7429,1.144
15.311358694,0.8998,-0.0182,0.8318,1.226
15.311864847,0.9308,0.0250,0.9364,1.321
15.312036847,0.9727,0.0709,1.0407,1.426
15.313610771,1.0210,0.1181,1.1413,1.536
15.328721847,1.0759,0.1661,1.2457,1.654
15.329239386,1.1285,0.2113,1.3427,1.767
15.329395694,1.1700,0.2661,1.4274,1.865
15.32953354,1.2052,0.3228,1.4998,1.951
15.330459924,1.2311,0.3900,1.5482,2.016
15.330686078,1.2411,0.4666,1.5834,2.065
15.330809847,1.2420,0.5468,1.6090,2.105
15.341218386,1.2331,0.6326,1.6232,2.134
15.342083617,1.2133,0.7114,1.6160,2.142
15.342299386,1.1835,0.7860,1.5914,2.133
15.342477771,1.1458,0.8419,1.5384,2.095
15.343075617,1.1097,0.8896,1.4453,2.028
15.344276309,1.0706,0.9299,1.3153,1.934
15.348598155,1.0207,0.9700,1.1536,1.820
15.349185232,0.9687,1.0208,0.9771,1.713
15.352083309,0.9240,1.0836,0.7642,1.616
15.354059617,0.8851,1.1547,0.5543,1.557
15.356751309,0.8619,1.2089,0.3586,1.527
15.358762771,0.8439,1.2624,0.1826,1.529
15.361367001,0.8224,1.3133,0.0454,1.550
15.364425232,0.7967,1.3692,-0.0437,1.585
15.366043309,0.7649,1.4342,-0.0938,1.628
15.368445463,0.7342,1.5013,-0.1038,1.674
15.371219309,0.7051,1.5675,-0.0787,1.721
15.374120847,0.6897,1.6240,-0.0127,1.764
15.376236617,0.6825,1.6548,0.0786,1.792
15.378530463,0.6890,1.6562,0.1837,1.803
15.380764001,0.6918,1.6326,0.2941,1.797
15.382869155,0.6931,1.5884,0.3933,1.777
15.385947694,0.6874,1.5353,0.4870,1.751
15.387908309,0.6890,1.4730,0.5794,1.726
15.390296309,0.7076,1.4070,0.6754,1.714
15.392931924,0.7391,1.3391,0.7688,1.712
15.39600554,0.7659,1.2822,0.8714,1.729
15.401593771,0.7852,1.2341,0.9752,1.758
15.402319924,0.7933,1.1962,1.0808,1.797
15.402612924,0.7871,1.1701,1.1917,1.846
15.418742463,0.7710,1.1486,1.2997,1.898
15.419132617,0.7476,1.1307,1.4013,1.950
15.419242155,0.7249,1.1163,1.4951,2.002
15.419351309,0.7127,1.1048,1.5823,2.057
15.419464001,0.7058,1.0921,1.6659,2.113
15.41957654,0.7137,1.0772,1.7465,2.173
15.419691386,0.7256,1.0611,1.8294,2.236
15.423496847,0.7552,1.0366,1.9107,2.301
15.424004309,0.7957,1.0140,1.9950,2.375
15.426567924,0.8419,0.9870,2.0795,2.451
15.42980454,0.8907,0.9580,2.1538,2.520
15.431427694,0.9403,0.9267,2.2186,2.582
15.433451001,0.9867,0.9003,2.2803,2.643
15.436191309,1.0151,0.8803,2.3327,2.692
15.438602155,1.0335,0.8591,2.3521,2.709
15.44088454,1.0486,0.8358,2.3563,2.711
15.443391309,1.0459,0.8095,2.3439,2.691
15.446959001,1.0349,0.7882,2.3082,2.649
15.44815254,1.0170,0.7657,2.2464,2.582
15.450447694,0.9895,0.7461,2.1594,2.490
15.453166694,0.9553,0.7300,2.0588,2.384
15.455486771,0.9110,0.7125,1.9466,2.264
15.457728232,0.8475,0.7068,1.8171,2.126
15.460768617,0.7730,0.7051,1.6745,1.974
15.46356054,0.6934,0.7073,1.5193,1.814
15.464894771,0.6086,0.7135,1.3558,1.649
15.467429155,0.5260,0.7171,1.1876,1.484
15.470141771,0.4461,0.7219,1.0209,1.328
15.472407078,0.3757,0.7212,0.8436,1.172
15.474635309,0.3122,0.7159,0.6476,1.015
15.477353847,0.2546,0.7070,0.4744,0.889
15.480078386,0.1996,0.6990,0.3043,0.788
15.481915386,0.1490,0.6849,0.1514,0.717
15.484573463,0.1065,0.6716,0.0072,0.680
15.488343309,0.0691,0.6578,-0.1204,0.672
15.489008924,0.0373,0.6443,-0.2308,0.685
15.491983694,0.0083,0.6318,-0.3249,0.711
15.494454386,-0.0232,0.6213,-0.4024,0.741
15.49706854,-0.0530,0.6118,-0.4617,0.768
15.499600309,-0.0825,0.6023,-0.5045,0.790
15.502034463,-0.1047,0.5957,-0.5338,0.807
15.508876232,-0.1180,0.5844,-0.5558,0.815
15.509986386,-0.1150,0.5707,-0.5632,0.810
15.510373232,-0.0994,0.5481,-0.5623,0.792
15.510777155,-0.0744,0.5295,-0.5480,0.766
15.525134463,-0.0449,0.5090,-0.5177,0.727
15.526096924,-0.0146,0.4896,-0.4764,0.683
15.526243924,0.0070,0.4747,-0.4229,0.636
15.526369847,0.0203,0.4687,-0.3589,0.591
15.526600847,0.0215,0.4679,-0.2921,0.552
15.526712617,0.0271,0.4699,-0.2233,0.521
15.528415924,0.0279,0.4792,-0.1505,0.503
15.53930054,0.0293,0.4836,-0.0787,0.491
15.540177232,0.0205,0.4894,-0.0188,0.490
15.540417155,0.0012,0.4985,0.0290,0.499
15.540655386,-0.0197,0.5097,0.0651,0.514
15.541224232,-0.0498,0.5234,0.0915,0.534
15.542234078,-0.0820,0.5416,0.1118,0.559
15.546416924,-0.1171,0.5630,0.1194,0.587
15.547066386,-0.1521,0.5817,0.1216,0.613
15.549638463,-0.1875,0.6035,0.1226,0.644
15.552206078,-0.2205,0.6282,0.1236,0.677
15.554367001,-0.2552,0.6592,0.1226,0.717
15.556607924,-0.2887,0.6863,0.1245,0.755
15.559356847,-0.3121,0.7179,0.1272,0.793
15.561498155,-0.3290,0.7479,0.1378,0.829
15.564413155,-0.3351,0.7696,0.1523,0.853
15.566199694,-0.3373,0.7960,0.1802,0.883
15.56871754,-0.3334,0.8239,0.2115,0.914
15.571532001,-0.3190,0.8490,0.2459,0.940
15.573626694,-0.2992,0.8749,0.2787,0.966
15.576177463,-0.2729,0.8962,0.3158,0.989
15.578871001,-0.2426,0.9204,0.3483,1.014
15.581053155,-0.2124,0.9411,0.3754,1.035
15.583417155,-0.1865,0.9619,0.4069,1.061
15.58592954,-0.1607,0.9827,0.4451,1.091
15.588720847,-0.1369,0.9944,0.4807,1.113
15.590784001,-0.1125,1.0044,0.5226,1.138
15.59317354,-0.0871,1.0091,0.5620,1.158
15.59985354,-0.0719,1.0128,0.6095,1.184
15.600514694,-0.0542,1.0161,0.6561,1.211
15.601107617,-0.0326,1.0137,0.7113,1.239
15.615672847,-0.0104,1.0076,0.7678,1.267
15.616065155,0.0188,1.0000,0.8308,1.300
15.616213232,0.0449,0.9883,0.9014,1.338
15.616339309,0.0677,0.9768,0.9828,1.387
15.616472001,0.0829,0.9690,1.0747,1.449
15.616607001,0.0899,0.9660,1.1734,1.523
15.617828309,0.0950,0.9619,1.2752,1.600
15.619256232,0.0978,0.9663,1.3777,1.686
15.623293463,0.0929,0.9719,1.4768,1.770
15.624038155,0.0852,0.9827,1.5582,1.844
15.627274771,0.0796,0.9917,1.6197,1.901
15.628899386,0.0818,1.0024,1.6596,1.941
15.631301847,0.0831,1.0098,1.6791,1.961
15.633938155,0.0918,1.0149,1.6705,1.957
15.637315078,0.0992,1.0200,1.6370,1.931
15.638634386,0.1106,1.0286,1.5782,1.887
15.641248232,0.1192,1.0440,1.5068,1.837
15.644608232,0.1332,1.0650,1.4287,1.787
15.646026771,0.1409,1.0934,1.3493,1.742
15.648358386,0.1537,1.1246,1.2718,1.705
15.65112154,0.1740,1.1584,1.2117,1.685
15.652978078,0.1979,1.1987,1.1676,1.685
15.655523078,0.2367,1.2385,1.1394,1.699
15.658323386,0.2809,1.2730,1.1282,1.724
15.662555001,0.3389,1.2979,1.1431,1.762
15.663448847,0.4080,1.3086,1.1780,1.807
15.665180309,0.4891,1.3024,1.2489,1.870
15.667737771,0.5641,1.2863,1.3566,1.953
15.670069463,0.6294,1.2773,1.5056,2.072
15.672326771,0.6724,1.2778,1.6877,2.221
15.674836847,0.6836,1.2930,1.8787,2.381
15.678413232,0.6662,1.3257,2.0861,2.560
15.679635694,0.6259,1.3685,2.2980,2.747
15.682171386,0.5646,1.4144,2.4900,2.919
15.685455924,0.4952,1.4561,2.6432,3.058
15.68692854,0.4244,1.4867,2.7704,3.173
15.689849463,0.3484,1.5036,2.8457,3.237
15.692056924,0.2788,1.5016,2.8694,3.251
15.694468001,0.2140,1.4862,2.8394,3.212
15.696489232,0.1551,1.4573,2.7685,3.132
15.699049771,0.0899,1.4205,2.6610,3.018
15.701377463,0.0293,1.3753,2.5268,2.877
15.707043924,-0.0288,1.3269,2.3728,2.719
15.707945771,-0.0789,1.2861,2.1924,2.543
15.709887617,-0.1260,1.2697,2.0274,2.396
15.722600617,-0.1746,1.2742,1.8841,2.281
15.723010078,-0.2233,1.3019,1.7539,2.196
15.723139078,-0.2496,1.3389,1.6398,2.132
15.723480309,-0.2499,1.3755,1.5484,2.086
15.723693232,-0.2128,1.4048,1.4805,2.052
15.723817232,-0.1425,1.4109,1.4325,2.016
15.725392924,-0.0326,1.3821,1.3905,1.961
15.737103924,0.1083,1.3215,1.3588,1.899
15.737494155,0.2655,1.2343,1.3219,1.828
15.737608847,0.4163,1.1424,1.2764,1.763
15.737730386,0.5502,1.0520,1.2366,1.714
15.73781754,0.6748,0.9707,1.1930,1.680
15.739814386,0.7833,0.9006,1.1294,1.643
15.742309463,0.8763,0.8412,1.0578,1.611
15.744670155,0.9585,0.7916,0.9848,1.586
15.746978771,1.0312,0.7506,0.9014,1.562
15.749432232,1.0989,0.7259,0.8096,1.546
15.751833155,1.1383,0.7100,0.7370,1.531
15.754254078,1.1698,0.7030,0.6586,1.515
15.756726463,1.1915,0.6900,0.5765,1.493
15.759382463,1.2140,0.6753,0.4905,1.473
15.761534771,1.2331,0.6558,0.4057,1.454
15.763881155,1.2506,0.6218,0.3244,1.434
15.767391617,1.2623,0.5898,0.2445,1.415
15.768964232,1.2692,0.5542,0.1663,1.395
15.771159694,1.2621,0.5224,0.0991,1.370
15.773923078,1.2453,0.4918,0.0421,1.340
15.777234386,1.2169,0.4606,-0.0063,1.301
15.778629463,1.1749,0.4328,-0.0437,1.253
15.781084309,1.1307,0.4051,-0.0713,1.203
15.783612847,1.0831,0.3751,-0.0904,1.150
15.786518463,1.0324,0.3476,-0.1016,1.094
15.788364924,0.9863,0.3176,-0.1038,1.041
15.790703694,0.9440,0.2824,-0.0926,0.990
15.793336847,0.9093,0.2441,-0.0743,0.944
15.795352847,0.8749,0.2043,-0.0486,0.900
15.797999386,0.8467,0.1622,-0.0124,0.862
15.800272232,0.8213,0.1195,0.0300,0.831
15.802636309,0.7935,0.0724,0.0817,0.801
15.805199617,0.7717,0.0228,0.1436,0.785
15.807504617,0.7510,-0.0250,0.2228,0.784
15.814160924,0.7298,-0.0661,0.3141,0.797
15.814975924,0.7056,-0.1064,0.4123,0.824
15.815159617,0.6899,-0.1464,0.5203,0.876
15.817056309,0.6699,-0.1843,0.6383,0.943
15.830857771,0.6574,-0.2198,0.7602,1.029
15.831456001,0.6403,-0.2537,0.8709,1.110
15.831715386,0.6320,-0.2818,0.9701,1.192
15.831902155,0.6261,-0.3094,1.0635,1.272
15.832071617,0.6228,-0.3355,1.1367,1.339
15.83224154,0.6203,-0.3588,1.1876,1.387
15.844866155,0.6168,-0.3803,1.2207,1.420
15.846224924,0.6161,-0.4003,1.2364,1.438
15.846664232,0.6144,-0.4233,1.2361,1.444
15.846887924,0.6154,-0.4420,1.2219,1.438
15.847087694,0.6179,-0.4611,1.1927,1.420
15.847294771,0.6142,-0.4772,1.1604,1.397
15.84875254,0.6135,-0.4919,1.1120,1.362
15.851563924,0.6091,-0.5049,1.0524,1.317
15.85321654,0.6047,-0.5161,0.9789,1.261
15.855700001,0.5963,-0.5200,0.8995,1.198
15.859240001,0.5814,-0.5195,0.8142,1.127
15.860466078,0.5612,-0.5179,0.7238,1.052
15.862841155,0.5394,-0.5105,0.6217,0.969
15.86576854,0.5224,-0.5081,0.5145,0.892
15.867939694,0.5077,-0.5137,0.3996,0.825
15.870124309,0.5040,-0.5137,0.2878,0.775
15.872695078,0.5003,-0.5142,0.1704,0.737
15.876052847,0.4933,-0.5134,0.0510,0.714
15.877299078,0.4828,-0.5053,-0.0699,0.702
15.879814463,0.4764,-0.5000,-0.1924,0.717
15.88254954,0.4740,-0.4941,-0.3181,0.755
15.885244924,0.4684,-0.4832,-0.4302,0.799
15.887096232,0.4649,-0.4667,-0.5306,0.846
15.889578463,0.4547,-0.4499,-0.6222,0.892
15.892869232,0.4461,-0.4357,-0.7055,0.942
15.89496954,0.4395,-0.4223,-0.7774,0.988
15.896903617,0.4402,-0.4130,-0.8485,1.041
15.899530771,0.4442,-0.4113,-0.9054,1.089
15.901958694,0.4517,-0.4028,-0.9464,1.123
15.90417354,0.4607,-0.3944,-0.9678,1.142
15.906472847,0.4705,-0.3822,-0.9667,1.141
15.912513847,0.4817,-0.3705,-0.9523,1.130
15.913515001,0.4873,-0.3576,-0.9184,1.099
15.914231309,0.5077,-0.3525,-0.8653,1.063
15.916086694,0.5334,-0.3590,-0.8118,1.036
15.928608847,0.5614,-0.3666,-0.7624,1.015
15.928985463,0.5886,-0.3788,-0.7129,0.999
15.929078155,0.6091,-0.3874,-0.6680,0.983
15.929291617,0.6347,-0.3928,-0.6205,0.971
15.929411309,0.6518,-0.3932,-0.5704,0.951
15.93081654,0.6657,-0.3886,-0.5194,0.929
15.94110954,0.6790,-0.3874,-0.4605,0.907
15.941485463,0.6995,-0.3920,-0.4046,0.898
15.941751694,0.7214,-0.3984,-0.3503,0.895
15.941919386,0.7500,-0.4071,-0.2942,0.903
15.942462694,0.7857,-0.4201,-0.2416,0.923
15.944711386,0.8241,-0.4311,-0.1898,0.949
15.947375001,0.8744,-0.4416,-0.1370,0.989
15.95053354,0.9340,-0.4416,-0.0872,1.037
15.951961155,0.9958,-0.4350,-0.0377,1.087
15.954632617,1.0573,-0.4243,0.0023,1.139
15.956800232,1.1080,-0.4049,0.0365,1.180
15.959607078,1.1546,-0.3822,0.0732,1.218
15.961630155,1.1903,-0.3565,0.1123,1.248
15.964062463,1.2174,-0.3304,0.1431,1.270
15.96650554,1.2438,-0.3041,0.1886,1.294
15.96895354,1.2751,-0.2840,0.2384,1.328
15.972300309,1.3049,-0.2620,0.2704,1.358
15.974114155,1.3230,-0.2384,0.3202,1.382
15.976171924,1.3417,-0.2119,0.3842,1.412
15.978946694,1.3582,-0.1855,0.4446,1.441
15.981176232,1.3745,-0.1645,0.5103,1.475
15.983606694,1.3938,-0.1443,0.5743,1.514
15.986320847,1.4114,-0.1303,0.6381,1.554
15.98870054,1.4285,-0.1198,0.7024,1.596
15.991980001,1.4321,-0.1076,0.7649,1.627
15.993263617,1.4199,-0.0973,0.8318,1.649
15.995635924,1.3864,-0.0705,0.8983,1.653
15.998288001,1.3288,-0.0287,0.9752,1.648
16.000627617,1.2480,0.0331,1.0612,1.638
16.003633463,1.1465,0.1151,1.1570,1.633
16.005810771,1.0396,0.2101,1.2776,1.661
16.011828924,0.9333,0.3073,1.4084,1.717
16.012440232,0.8270,0.4049,1.5398,1.794
16.012718155,0.7168,0.5053,1.6486,1.867
16.015744001,0.6081,0.5989,1.7229,1.923
16.026886078,0.5055,0.6888,1.7688,1.964
16.027300309,0.4229,0.7733,1.7778,1.984
16.027516232,0.3552,0.8617,1.7448,1.978
16.027722463,0.3095,0.9478,1.6820,1.955
16.027842694,0.2949,1.0293,1.5936,1.920
16.029350078,0.3002,1.1156,1.4986,1.892
16.041391078,0.3328,1.1969,1.4033,1.874
16.042154463,0.3926,1.2653,1.3062,1.860
16.042353771,0.4676,1.3164,1.2222,1.856
16.042511617,0.5573,1.3575,1.1418,1.859
16.042669771,0.6482,1.3944,1.0830,1.881
16.043830694,0.7200,1.4361,1.0465,1.917
16.047318078,0.7691,1.4887,1.0260,1.965
16.049547617,0.8018,1.5439,1.0160,2.015
16.050975001,0.8204,1.5876,1.0155,2.055
16.053422771,0.8316,1.6052,1.0192,2.075
16.055976309,0.8374,1.6001,1.0204,2.074
16.058978463,0.8439,1.5683,1.0050,2.045
16.060694463,0.8514,1.5227,0.9806,2.001
16.063189155,0.8483,1.4715,0.9594,1.951
16.070978771,0.8399,1.4322,0.9373,1.907
16.071516232,0.8218,1.4063,0.9210,1.871
16.071763924,0.8060,1.3919,0.9183,1.852
16.07272854,0.7945,1.3772,0.9300,1.842
16.075418386,0.8006,1.3585,0.9493,1.841
16.078048232,0.8229,1.3376,0.9701,1.846
16.080425771,0.8565,1.3171,0.9933,1.859
16.082611309,0.9037,1.2912,1.0195,1.877
16.084757771,0.9662,1.2656,1.0449,1.905
16.087140924,1.0332,1.2402,1.0686,1.936
16.090193232,1.0994,1.2155,1.0933,1.970
16.091864617,1.1663,1.1871,1.1233,2.008
16.094396001,1.2231,1.1576,1.1627,2.046
16.096918694,1.2592,1.1314,1.2026,2.077
16.099239001,1.2780,1.1039,1.2464,2.099
16.101589232,1.2851,1.0755,1.2906,2.115
16.104176847,1.2734,1.0482,1.3248,2.115
16.11001354,1.2455,1.0212,1.3539,2.104
16.110529232,1.2077,0.9907,1.3764,2.082
16.111203386,1.1632,0.9621,1.3896,2.052
16.113611617,1.1041,0.9341,1.3959,2.010
16.12582554,1.0305,0.9169,1.4071,1.970
16.126163617,0.9457,0.9023,1.4294,1.937
16.126276309,0.8539,0.8933,1.4576,1.911
16.126384001,0.7581,0.8871,1.4770,1.882
16.126482463,0.6629,0.8913,1.5035,1.869
16.128553771,0.5636,0.8957,1.5340,1.864
16.130554694,0.4688,0.8969,1.5525,1.853
16.138781155,0.3845,0.8966,1.5571,1.838
16.139089155,0.3068,0.8969,1.5410,1.809
16.139193847,0.2350,0.8859,1.5091,1.766
16.140580847,0.1777,0.8679,1.4597,1.707
16.142457155,0.1283,0.8461,1.3917,1.634
16.145188232,0.0882,0.8209,1.3067,1.546
16.147427001,0.0574,0.7924,1.2063,1.444
16.149946078,0.0263,0.7618,1.1030,1.341
16.15205354,0.0009,0.7333,0.9945,1.236
16.154510694,-0.0195,0.7027,0.8890,1.133
16.157079924,-0.0378,0.6734,0.7893,1.038
16.159508847,-0.0478,0.6418,0.6903,0.944
16.162330155,-0.0551,0.6133,0.6009,0.860
16.164573847,-0.0574,0.5828,0.5210,0.784
16.166603924,-0.0574,0.5490,0.4523,0.714
16.169369771,-0.0519,0.5099,0.3862,0.642
16.171880001,-0.0341,0.4671,0.3312,0.574
16.173944847,-0.0043,0.4149,0.2878,0.505
16.176966386,0.0337,0.3702,0.2650,0.457
16.17906954,0.0748,0.3294,0.2650,0.429
16.181278463,0.1151,0.2968,0.2855,0.428
16.183662463,0.1532,0.2742,0.3212,0.449
16.186988232,0.1812,0.2573,0.3757,0.490
16.189848001,0.2074,0.2429,0.4434,0.546
16.190901155,0.2306,0.2246,0.5171,0.609
16.193788617,0.2565,0.2048,0.5899,0.675
16.195930155,0.2775,0.1862,0.6596,0.739
16.198367924,0.2961,0.1720,0.7236,0.801
16.201081463,0.3079,0.1654,0.7868,0.861
16.203151924,0.3122,0.1645,0.8469,0.918
16.209455924,0.3163,0.1664,0.9000,0.968
16.210158078,0.3163,0.1757,0.9330,1.001
16.210445847,0.3070,0.1938,0.9517,1.019
16.230818771,0.2800,0.2136,0.9435,1.007
16.231195924,0.2389,0.2392,0.9068,0.968
16.231311001,0.1891,0.2665,0.8477,0.908
16.231422463,0.1381,0.2886,0.7815,0.844
16.231519078,0.0887,0.3071,0.7076,0.777
16.231629232,0.0323,0.3308,0.6393,0.721
16.231727001,-0.0263,0.3626,0.5804,0.685
16.231839386,-0.0913,0.4058,0.5220,0.667
16.232110694,-0.1716,0.4538,0.4575,0.667
16.234786694,-0.2482,0.4982,0.3864,0.678
16.237025232,-0.3265,0.5437,0.3214,0.711
16.241637463,-0.4040,0.5917,0.2580,0.762
16.243262386,-0.4727,0.6389,0.1939,0.818
16.243827309,-0.5298,0.6829,0.1362,0.875
16.246928924,-0.5802,0.7279,0.0759,0.934
16.248492309,-0.6193,0.7638,0.0307,0.984
16.251164001,-0.6466,0.7931,-0.0053,1.023
16.255343309,-0.6601,0.8158,-0.0251,1.050
16.256117847,-0.6561,0.8293,-0.0337,1.058
16.258704001,-0.6407,0.8454,-0.0170,1.061
16.261042694,-0.6109,0.8573,0.0183,1.053
16.263600001,-0.5685,0.8671,0.0784,1.040
16.266284232,-0.5140,0.8747,0.1583,1.027
16.268215078,-0.4578,0.8771,0.2569,1.022
16.270828232,-0.4040,0.8817,0.3668,1.037
16.272926694,-0.3476,0.8842,0.4746,1.062
16.275448924,-0.2916,0.8791,0.5697,1.087
16.278239001,-0.2264,0.8668,0.6789,1.124
16.280289232,-0.1670,0.8556,0.7993,1.183
16.282512001,-0.1133,0.8434,0.9210,1.254
16.285629771,-0.0700,0.8307,1.0358,1.330
16.28740054,-0.0368,0.8180,1.1524,1.414
16.289827078,-0.0055,0.8060,1.2606,1.496
16.292120001,0.0239,0.7948,1.3615,1.577
16.295772309,0.0547,0.7845,1.4534,1.652
16.297818078,0.0872,0.7745,1.5291,1.716
16.299555386,0.1102,0.7736,1.5929,1.774
16.302516617,0.1304,0.7757,1.6442,1.823
16.310010078,0.1376,0.7785,1.6684,1.846
16.310895309,0.1417,0.7860,1.6608,1.843
16.311247309,0.1453,0.7899,1.6366,1.823
16.311582078,0.1407,0.7974,1.5926,1.787
16.326173463,0.1376,0.8067,1.5333,1.738
16.326490386,0.1288,0.8192,1.4619,1.681
16.32658954,0.1180,0.8417,1.3810,1.622
16.32667654,0.0943,0.8640,1.2987,1.563
16.326773463,0.0701,0.8920,1.2070,1.503
16.326861771,0.0473,0.9231,1.1064,1.442
16.328465848,0.0330,0.9490,0.9960,1.376
16.341007617,0.0166,0.9719,0.8939,1.321
16.341542694,0.0086,0.9993,0.7898,1.274
16.341826078,0.0017,1.0259,0.6975,1.241
16.34203354,-0.0029,1.0540,0.6186,1.222
16.342516001,-0.0041,1.0806,0.5540,1.214
16.342883924,-0.0099,1.1039,0.5042,1.214
16.346364848,-0.0167,1.1307,0.4709,1.225
16.347814078,-0.0276,1.1500,0.4588,1.238
16.350088848,-0.0446,1.1661,0.4592,1.254
16.352497463,-0.0710,1.1862,0.4737,1.279
16.355427309,-0.1071,1.2104,0.5019,1.315
16.35771354,-0.1619,1.2446,0.5528,1.371
16.360086155,-0.2330,1.2858,0.6227,1.448
16.363270386,-0.3163,1.3335,0.7113,1.544
16.364452001,-0.3989,1.3799,0.8138,1.651
16.367136309,-0.4746,1.4188,0.9312,1.762
16.369459694,-0.5462,1.4533,1.0561,1.878
16.372308309,-0.6104,1.4796,1.1897,1.994
16.374341848,-0.6708,1.5008,1.3234,2.110
16.376676001,-0.7197,1.5092,1.4448,2.210
16.379249463,-0.7500,1.5026,1.5567,2.290
16.381443924,-0.7634,1.4894,1.6742,2.367
16.383869848,-0.7492,1.4689,1.7939,2.437
16.386291617,-0.7229,1.4528,1.9107,2.507
16.388737155,-0.6698,1.4388,2.0309,2.577
16.391289232,-0.5890,1.4386,2.1541,2.656
16.39380554,-0.4814,1.4407,2.2801,2.740
16.395902155,-0.3603,1.4452,2.3947,2.820
16.398322386,-0.2325,1.4481,2.5068,2.904
16.400729232,-0.0896,1.4344,2.6055,2.976
16.409733771,0.0596,1.4126,2.6896,3.039
16.410350771,0.2157,1.3692,2.7558,3.085
16.410668617,0.3776,1.3091,2.7995,3.113
16.412802155,0.5387,1.2265,2.8186,3.121
16.413038694,0.6985,1.1312,2.8032,3.102
16.429130463,0.8524,1.0164,2.7527,3.056
16.429942463,0.9878,0.9089,2.6761,2.994
16.430122771,1.1050,0.8107,2.5796,2.921
16.43026554,1.2086,0.7291,2.4778,2.852
16.430416232,1.2839,0.6604,2.3779,2.782
16.430568232,1.3554,0.6050,2.2811,2.722
16.430680617,1.3911,0.5681,2.1921,2.658
16.43216554,1.4080,0.5456,2.1113,2.596
16.43446854,1.4118,0.5295,2.0351,2.533
16.440648617,1.4050,0.5097,1.9568,2.462
16.440952232,1.3994,0.4867,1.8750,2.390
16.441964924,1.4011,0.4596,1.7846,2.315
16.444160001,1.4065,0.4251,1.6749,2.228
16.446315078,1.4074,0.3867,1.5562,2.134
16.448980232,1.4050,0.3518,1.4294,2.035
16.451729155,1.3926,0.3138,1.3090,1.937
16.453955694,1.3782,0.2873,1.1919,1.845
16.456131694,1.3540,0.2663,1.0798,1.752
16.45866154,1.3207,0.2527,0.9752,1.661
16.461952309,1.2836,0.2346,0.8836,1.576
16.463400309,1.2399,0.2204,0.8079,1.496
16.465852001,1.1856,0.2036,0.7404,1.413
16.468184001,1.1278,0.1938,0.6960,1.339
16.471524848,1.0689,0.1823,0.6577,1.268
16.473514694,1.0032,0.1691,0.6359,1.200
16.475691386,0.9362,0.1491,0.6246,1.135
16.478492001,0.8653,0.1293,0.6207,1.073
16.48049354,0.7945,0.1024,0.6212,1.014
16.482902386,0.7275,0.0799,0.6227,0.961
16.485290771,0.6643,0.0540,0.6279,0.916
16.487753155,0.6059,0.0250,0.6386,0.881
16.490007309,0.5453,0.0017,0.6520,0.850
16.492745463,0.4886,-0.0173,0.6637,0.824
16.49602154,0.4361,-0.0372,0.6752,0.805
16.497813155,0.3958,-0.0616,0.6926,0.800
16.499707001,0.3650,-0.0932,0.7085,0.802
16.507577771,0.3442,-0.1318,0.7143,0.804
16.508059617,0.3317,-0.1697,0.7167,0.808
16.508226463,0.3259,-0.2161,0.7106,0.811
16.509436232,0.3289,-0.2598,0.6980,0.814
16.522443617,0.3405,-0.3008,0.6808,0.819
16.523005771,0.3562,-0.3385,0.6684,0.830
16.523433848,0.3711,-0.3722,0.6510,0.837
16.523571924,0.3918,-0.4042,0.6344,0.848
16.523750155,0.4129,-0.4345,0.6178,0.861
16.523879078,0.4297,-0.4594,0.6007,0.870
16.527073232,0.4458,-0.4890,0.5821,0.881
16.537066694,0.4642,-0.5168,0.5667,0.897
16.53787254,0.4838,-0.5420,0.5484,0.910
16.538444617,0.5047,-0.5691,0.5345,0.930
16.538772309,0.5220,-0.5872,0.5173,0.941
16.538948309,0.5418,-0.5994,0.5025,0.951
16.54056154,0.5604,-0.6116,0.4817,0.959
16.542993232,0.5758,-0.6178,0.4551,0.959
16.545224001,0.5947,-0.6265,0.4234,0.962
16.547790386,0.6093,-0.6353,0.3906,0.963
16.55112454,0.6249,-0.6393,0.3517,0.961
16.552798155,0.6335,-0.6439,0.3104,0.955
16.555053771,0.6371,-0.6446,0.2652,0.944
16.557381463,0.6398,-0.6378,0.2177,0.929
16.560021155,0.6352,-0.6358,0.1678,0.914
16.562267078,0.6298,-0.6300,0.1140,0.898
16.564744232,0.6166,-0.6185,0.0525,0.875
16.567150463,0.6117,-0.6069,-0.0102,0.862
16.569511001,0.6108,-0.5945,-0.0724,0.855
16.572214386,0.6100,-0.5789,-0.1351,0.852
16.574627617,0.6023,-0.5569,-0.2057,0.846
16.577974694,0.5930,-0.5312,-0.2753,0.842
16.57916054,0.5805,-0.5009,-0.3430,0.840
16.581908924,0.5672,-0.4770,-0.4031,0.844
16.58416554,0.5551,-0.4572,-0.4595,0.853
16.586578694,0.5431,-0.4399,-0.5022,0.861
16.588838386,0.5399,-0.4267,-0.5423,0.876
16.591330694,0.5378,-0.4215,-0.5827,0.898
16.593883694,0.5334,-0.4147,-0.6247,0.920
16.596183309,0.5362,-0.4079,-0.6592,0.943
16.598787309,0.5329,-0.4015,-0.6836,0.955
16.606485232,0.5289,-0.3874,-0.7014,0.960
16.606986463,0.5274,-0.3724,-0.7065,0.957
16.607159078,0.5301,-0.3593,-0.6999,0.949
16.608470078,0.5321,-0.3470,-0.6785,0.929
16.623930078,0.5390,-0.3416,-0.6447,0.907
16.62458554,0.5448,-0.3402,-0.6093,0.885
16.62475254,0.5536,-0.3419,-0.5634,0.861
16.624902463,0.5621,-0.3497,-0.5182,0.841
16.625008232,0.5741,-0.3593,-0.4756,0.828
16.625123078,0.5902,-0.3712,-0.4402,0.825
16.626653771,0.6098,-0.3854,-0.4036,0.827
16.637833771,0.6282,-0.3915,-0.3618,0.824
16.638458694,0.6552,-0.3924,-0.3274,0.831
16.638647078,0.6785,-0.3884,-0.2990,0.837
16.639393463,0.7060,-0.3847,-0.2648,0.847
16.63973354,0.7363,-0.3756,-0.2336,0.859
16.639898078,0.7735,-0.3707,-0.2042,0.882
16.641981771,0.8133,-0.3661,-0.1781,0.909
16.644716309,0.8627,-0.3658,-0.1478,0.949
16.646603694,0.9182,-0.3619,-0.1190,0.994
16.649366694,0.9746,-0.3605,-0.0901,1.043
16.651727386,1.0303,-0.3532,-0.0564,1.091
16.654115694,1.0843,-0.3446,-0.0195,1.138
16.656703386,1.1283,-0.3321,0.0321,1.177
16.658797771,1.1670,-0.3141,0.0942,1.212
16.661156232,1.1949,-0.2903,0.1660,1.241
16.663770078,1.2138,-0.2596,0.2499,1.266
16.666424924,1.2299,-0.2230,0.3432,1.296
16.668587309,1.2431,-0.1909,0.4365,1.331
16.670775924,1.2578,-0.1613,0.5289,1.374
16.673886155,1.2770,-0.1369,0.6183,1.425
16.676700232,1.2907,-0.1177,0.7053,1.476
16.678267386,1.3009,-0.0959,0.7888,1.524
16.680510155,1.3034,-0.0717,0.8721,1.570
16.68300954,1.3021,-0.0439,0.9618,1.619
16.685418771,1.3007,-0.0185,1.0593,1.678
16.687696232,1.2872,0.0079,1.1585,1.732
16.690263078,1.2685,0.0424,1.2664,1.793
16.692959309,1.2296,0.0846,1.3891,1.857
16.695281232,1.1642,0.1437,1.5277,1.926
16.697449463,1.0884,0.2178,1.6689,2.004
16.699984848,1.0002,0.2949,1.8044,2.084
16.702259924,0.8998,0.3739,1.9198,2.153
16.704870078,0.7950,0.4496,2.0074,2.205
16.707417771,0.6899,0.5243,2.0568,2.232
16.71471354,0.5809,0.6005,2.0658,2.228
16.715166694,0.4742,0.6785,2.0316,2.194
16.715351078,0.3767,0.7564,1.9556,2.130
16.731450078,0.2897,0.8473,1.8399,2.046
16.73194054,0.2135,0.9375,1.6943,1.948
16.732038078,0.1514,1.0242,1.5291,1.847
16.732116617,0.1083,1.1100,1.3547,1.755
16.732200001,0.0948,1.1782,1.1790,1.669
16.732273463,0.1097,1.2306,1.0138,1.598
16.732347924,0.1441,1.2672,0.8699,1.544
16.743394694,0.1961,1.2937,0.7432,1.505
16.743853771,0.2602,1.3223,0.6442,1.494
16.743964232,0.3161,1.3569,0.5797,1.509
16.744069848,0.3631,1.4034,0.5467,1.549
16.744185848,0.4029,1.4512,0.5489,1.603
16.745719694,0.4466,1.4818,0.5753,1.651
16.748739001,0.5059,1.4936,0.6251,1.696
16.751205232,0.5770,1.4703,0.6813,1.720
16.753091078,0.6643,1.4153,0.7380,1.729
16.755626078,0.7571,1.3452,0.7849,1.732
16.757871001,0.8495,1.2765,0.8269,1.742
16.760286155,0.9287,1.2172,0.8655,1.759
16.762579617,0.9867,1.1735,0.9012,1.778
16.765338463,1.0174,1.1510,0.9340,1.798
16.767383309,1.0435,1.1481,0.9586,1.824
16.769609232,1.0564,1.1456,0.9757,1.839
16.772539694,1.0645,1.1447,0.9794,1.845
16.776028232,1.0757,1.1393,0.9701,1.843
16.776979001,1.0847,1.1319,0.9476,1.832
16.779552309,1.0973,1.1216,0.9168,1.817
16.781851309,1.1094,1.1085,0.8758,1.796
16.784659386,1.1258,1.0934,0.8357,1.778
16.787009771,1.1407,1.0789,0.8061,1.765
16.789439309,1.1593,1.0567,0.7824,1.753
16.79217254,1.1761,1.0333,0.7683,1.744
16.793846694,1.1903,1.0037,0.7717,1.738
16.796200001,1.2001,0.9663,0.7905,1.732
16.798726078,1.2061,0.9299,0.8215,1.730
16.800995001,1.2071,0.8857,0.8638,1.729
16.803520232,1.1996,0.8417,0.9161,1.728
16.806250155,1.1763,0.8021,0.9794,1.728
16.812873463,1.1451,0.7704,1.0458,1.732
16.813520001,1.1087,0.7408,1.1066,1.733
16.814058463,1.0645,0.7139,1.1558,1.726
16.815931309,1.0144,0.6914,1.1970,1.715
16.831007309,0.9599,0.6663,1.2386,1.703
16.831535001,0.9037,0.6438,1.2736,1.689
16.831669848,0.8472,0.6184,1.3002,1.671
16.831756001,0.7823,0.5996,1.3246,1.651
16.831831309,0.7139,0.5842,1.3390,1.626
16.831900309,0.6431,0.5663,1.3490,1.598
16.83315654,0.5751,0.5468,1.3558,1.571
16.835476309,0.5113,0.5255,1.3708,1.555
16.837252001,0.4468,0.5082,1.3877,1.544
16.840539617,0.3823,0.4941,1.4126,1.545
16.843054078,0.3184,0.4889,1.4367,1.551
16.844635617,0.2592,0.4867,1.4676,1.568
16.847691386,0.2066,0.4811,1.5073,1.596
16.850866078,0.1581,0.4767,1.5338,1.614
16.851563309,0.1163,0.4718,1.5474,1.622
16.854443001,0.0784,0.4630,1.5599,1.629
16.856553155,0.0437,0.4561,1.5682,1.634
16.85887354,0.0088,0.4466,1.5594,1.622
16.861302155,-0.0280,0.4400,1.5406,1.602
16.863804001,-0.0615,0.4307,1.5161,1.577
16.866483694,-0.0915,0.4254,1.4846,1.547
16.868721155,-0.1174,0.4195,1.4470,1.511
16.871164848,-0.1362,0.4176,1.4108,1.478
16.873520924,-0.1578,0.4179,1.3666,1.438
16.875759309,-0.1734,0.4183,1.3165,1.392
16.878452309,-0.1878,0.4210,1.2584,1.340
16.88092954,-0.1966,0.4226,1.1944,1.282
16.883183386,-0.2022,0.4273,1.1245,1.220
16.886172617,-0.2051,0.4288,1.0502,1.153
16.888452001,-0.2063,0.4364,0.9750,1.088
16.891120924,-0.2037,0.4433,0.8944,1.019
16.892812232,-0.2005,0.4479,0.8130,0.950
16.895245232,-0.2019,0.4622,0.7307,0.888
16.897742771,-0.2042,0.4718,0.6500,0.829
16.90003654,-0.2022,0.4787,0.5729,0.773
16.90235654,-0.1988,0.4855,0.4988,0.724
16.90498154,-0.1993,0.4967,0.4278,0.685
16.911355694,-0.2035,0.5109,0.3677,0.662
16.912267924,-0.2112,0.5288,0.3075,0.647
16.912578386,-0.2212,0.5483,0.2535,0.643
16.914655924,-0.2337,0.5742,0.2042,0.653
16.928947386,-0.2447,0.6010,0.1602,0.668
16.929339617,-0.2513,0.6277,0.1187,0.686
16.93021754,-0.2559,0.6474,0.0764,0.700
16.930636617,-0.2557,0.6643,0.0383,0.713
16.930763694,-0.2543,0.6804,0.0072,0.726
16.930892001,-0.2482,0.6902,-0.0195,0.734
16.943813848,-0.2377,0.7042,-0.0364,0.744
16.945023386,-0.2317,0.7171,-0.0454,0.755
16.94540854,-0.2276,0.7364,-0.0452,0.772
16.94576554,-0.2212,0.7533,-0.0428,0.786
16.946096001,-0.2205,0.7731,-0.0307,0.804
16.946273463,-0.2152,0.7894,-0.0102,0.818
16.946430694,-0.2117,0.8055,0.0158,0.833
16.948907001,-0.2049,0.8165,0.0537,0.844
16.950386155,-0.2005,0.8224,0.1052,0.853
16.952905848,-0.1973,0.8253,0.1702,0.865
16.95536554,-0.1919,0.8265,0.2459,0.883
16.95865354,-0.1917,0.8248,0.3297,0.909
16.96011754,-0.1905,0.8188,0.4187,0.939
16.963331617,-0.1927,0.8195,0.5098,0.984
16.965641155,-0.1988,0.8172,0.6036,1.035
16.967392309,-0.2074,0.8180,0.7013,1.097
16.970112848,-0.2140,0.8151,0.7964,1.160
16.972434771,-0.2217,0.8107,0.8963,1.229
16.974708001,-0.2161,0.8060,0.9960,1.299
16.977322155,-0.2066,0.7987,1.0920,1.369
16.979728232,-0.1900,0.7897,1.1792,1.432
16.982340848,-0.1716,0.7799,1.2626,1.494
16.984879617,-0.1543,0.7752,1.3376,1.554
16.987217155,-0.1338,0.7706,1.4111,1.613
16.989197771,-0.1128,0.7647,1.4726,1.663
16.991557232,-0.0933,0.7603,1.5247,1.706
16.994357463,-0.0825,0.7599,1.5696,1.746
16.996539694,-0.0722,0.7569,1.6019,1.773
16.999009848,-0.0651,0.7631,1.6212,1.793
17.001139617,-0.0549,0.7626,1.6327,1.803
17.003775078,-0.0388,0.7655,1.6412,1.811
17.010052617,-0.0163,0.7640,1.6476,1.816
17.010723694,0.0124,0.7643,1.6463,1.815
17.011384924,0.0430,0.7640,1.6449,1.814
17.013878694,0.0701,0.7706,1.6405,1.814
17.027931001,0.0918,0.7696,1.6390,1.813
17.028384309,0.1141,0.7738,1.6449,1.821
17.028510694,0.1381,0.7676,1.6640,1.838
17.028655309,0.1579,0.7615,1.6835,1.854
17.028776001,0.1710,0.7638,1.7084,1.879
17.028896617,0.1840,0.7708,1.7336,1.906
17.031127309,0.1984,0.7725,1.7448,1.918
17.041899078,0.2131,0.7752,1.7661,1.941
17.042558771,0.2215,0.7752,1.7832,1.957
17.042725232,0.2211,0.7808,1.7939,1.969
17.042856848,0.2052,0.7965,1.8037,1.982
17.042991924,0.1673,0.8300,1.8147,2.003
17.044617155,0.1118,0.8815,1.8318,2.036
17.047716232,0.0484,0.9483,1.8582,2.087
17.049272232,-0.0290,1.0186,1.8904,2.148
17.052167001,-0.1020,1.0918,1.9244,2.215
17.054465771,-0.1736,1.1542,1.9535,2.276
17.05705254,-0.2420,1.2033,1.9742,2.325
17.059407386,-0.3148,1.2404,1.9835,2.360
17.061750463,-0.3977,1.2705,1.9754,2.382
17.065008001,-0.4846,1.2939,1.9545,2.394
17.066284617,-0.5775,1.3362,1.9307,2.418
17.06877754,-0.6782,1.3787,1.9442,2.478
17.071371694,-0.7529,1.4193,1.9520,2.528
17.081544617,-0.7879,1.4512,1.9412,2.549
17.082311001,-0.7868,1.4777,1.9219,2.549
17.082639617,-0.7497,1.4980,1.9007,2.534
17.083360924,-0.6779,1.5018,1.8899,2.507
17.083704617,-0.5769,1.5001,1.8892,2.480
17.08562954,-0.4616,1.5023,1.8975,2.464
17.088687694,-0.3439,1.5136,1.9234,2.472
17.090398386,-0.2279,1.5278,1.9584,2.494
17.092938078,-0.1115,1.5348,1.9833,2.510
17.095257848,0.0132,1.5211,2.0018,2.514
17.097694463,0.1514,1.4899,2.0072,2.504
17.099865463,0.2907,1.4376,1.9960,2.477
17.10227654,0.4395,1.3734,1.9875,2.455
17.107258078,0.5732,1.3049,1.8711,2.352
17.107673232,0.6838,1.2583,1.9158,2.392
17.109799386,0.8004,1.2028,1.9295,2.410
17.112278694,0.9005,1.1617,1.9258,2.423
17.121343001,0.9818,1.1407,1.9249,2.443
17.12193654,1.0515,1.1363,1.9322,2.476
17.122036924,1.1148,1.1374,1.9537,2.521
17.122140001,1.1795,1.1278,1.9771,2.564
17.12393654,1.2296,1.1100,2.0092,2.604
17.126669771,1.2743,1.0836,2.0180,2.621
17.129092848,1.3027,1.0545,1.9889,2.601
17.135659309,1.3188,1.0193,1.9314,2.551
17.136066771,1.4094,0.9632,1.8667,2.530
17.13619654,1.4029,0.9169,1.7814,2.446
17.138569848,1.3999,0.8781,1.6468,2.333
17.140971309,1.4566,0.8099,1.4991,2.242
17.143677463,1.4952,0.7640,1.3903,2.180
17.145958078,1.5052,0.7151,1.2166,2.063
17.148167386,1.5035,0.6773,1.0756,1.969
17.150569463,1.4788,0.6553,0.9364,1.869
17.153415694,1.4283,0.6392,0.7915,1.754
17.155602386,1.3622,0.6191,0.6298,1.623
17.158263617,1.2963,0.5961,0.4665,1.501
17.160393232,1.2394,0.5663,0.2948,1.394
17.162768924,1.1871,0.5283,0.1231,1.305
17.164923924,1.1444,0.4941,-0.0412,1.247
17.16744554,1.1099,0.4545,-0.1949,1.215
17.170692001,1.0887,0.4151,-0.3335,1.212
17.172469771,1.0738,0.3783,-0.4559,1.226
17.174741771,1.0696,0.3357,-0.5583,1.252
17.177439309,1.0666,0.2910,-0.6403,1.278
17.179818771,1.0703,0.2414,-0.6958,1.299
17.183358078,1.0706,0.1884,-0.7298,1.309
17.184835386,1.0684,0.1288,-0.7398,1.306
17.188054386,1.0720,0.0697,-0.7334,1.301
17.189236924,1.0710,0.0059,-0.7083,1.284
17.192022155,1.0615,-0.0463,-0.6729,1.258
17.195263001,1.0510,-0.0954,-0.6228,1.225
17.196876848,1.0363,-0.1425,-0.5677,1.190
17.198799078,1.0244,-0.1846,-0.5043,1.157
17.20130454,1.0105,-0.2224,-0.4409,1.125
17.204242694,1.0021,-0.2573,-0.3776,1.101
17.206055924,0.9981,-0.2850,-0.3237,1.087
17.208572232,1.0007,-0.3134,-0.2832,1.086
17.21116154,1.0000,-0.3390,-0.2558,1.086
17.214826155,0.9970,-0.3626,-0.2426,1.088
17.215559001,0.9888,-0.3803,-0.2316,1.084
17.219302771,0.9795,-0.3998,-0.2250,1.082
17.228097232,0.9587,-0.4201,-0.2187,1.069
17.228575001,0.9303,-0.4429,-0.2069,1.051
17.228765155,0.8907,-0.4609,-0.1854,1.020
17.228859694,0.8351,-0.4670,-0.1600,0.970
17.230101771,0.7669,-0.4634,-0.1327,0.906
17.232444848,0.6990,-0.4629,-0.1029,0.845
17.235138463,0.6301,-0.4674,-0.0699,0.788
17.241921155,0.5665,-0.4746,-0.0303,0.740
17.242395309,0.5050,-0.4916,0.0127,0.705
17.242914771,0.4488,-0.5123,0.0586,0.684
17.245920232,0.3972,-0.5342,0.1015,0.673
17.247402386,0.3525,-0.5622,0.1392,0.678
17.249435309,0.3128,-0.5862,0.1756,0.687
17.252011001,0.2816,-0.6055,0.2147,0.701
17.255328232,0.2621,-0.6253,0.2496,0.723
17.257386463,0.2524,-0.6372,0.2850,0.742
17.259481463,0.2504,-0.6488,0.3193,0.765
17.262658155,0.2524,-0.6602,0.3449,0.786
17.264519309,0.2623,-0.6698,0.3666,0.807
17.266480001,0.2746,-0.6773,0.3894,0.828
17.269036232,0.2900,-0.6820,0.4052,0.845
17.271736617,0.3091,-0.6889,0.4192,0.864
17.273739617,0.3259,-0.6942,0.4241,0.876
17.276131078,0.3428,-0.6971,0.4155,0.881
17.278679924,0.3571,-0.6969,0.3923,0.876
17.280863001,0.3767,-0.6908,0.3537,0.863
17.283305848,0.3923,-0.6796,0.3043,0.842
17.285812617,0.3958,-0.6619,0.2489,0.810
17.288178078,0.3921,-0.6400,0.1939,0.775
17.290562463,0.3843,-0.6178,0.1201,0.737
17.293088232,0.3789,-0.6009,0.0437,0.712
17.295586155,0.3752,-0.5838,-0.0349,0.695
17.297808001,0.3648,-0.5674,-0.1082,0.683
17.300313155,0.3528,-0.5398,-0.1854,0.671
17.30772554,0.3379,-0.5134,-0.2514,0.664
17.308220001,0.3333,-0.4970,-0.3149,0.676
17.308485155,0.3417,-0.4821,-0.3745,0.700
17.310641232,0.3533,-0.4636,-0.4361,0.728
17.326184309,0.3716,-0.4438,-0.4926,0.760
17.326896848,0.4036,-0.4235,-0.5446,0.799
17.327035078,0.4402,-0.4015,-0.5858,0.836
17.327183694,0.4842,-0.3735,-0.6132,0.866
17.327256232,0.5280,-0.3329,-0.6264,0.884
17.327366771,0.5648,-0.2852,-0.6225,0.888
17.327474078,0.6084,-0.2322,-0.5966,0.883
17.329500617,0.6515,-0.1851,-0.5534,0.875
17.331487078,0.6997,-0.1433,-0.5020,0.873
17.33494454,0.7515,-0.1086,-0.4454,0.880
17.338621771,0.8162,-0.0763,-0.3890,0.907
17.339264924,0.8910,-0.0585,-0.3268,0.951
17.341327924,0.9721,-0.0390,-0.2729,1.010
17.344760848,1.0630,-0.0234,-0.2140,1.085
17.345999386,1.1453,0.0023,-0.1260,1.152
17.348879001,1.2294,0.0286,-0.0296,1.230
17.351247386,1.3235,0.0445,0.0708,1.326
17.353523694,1.4381,0.0548,0.1934,1.452
17.355863078,1.5541,0.0608,0.3200,1.588
17.358301155,1.6696,0.0799,0.4534,1.732
17.360706386,1.7791,0.1085,0.5970,1.880
17.36291754,1.8776,0.1468,0.7519,2.028
17.365299924,1.9650,0.1999,0.9225,2.180
17.367924924,2.0319,0.2634,1.1013,2.326
17.370296848,2.0723,0.3328,1.2853,2.461
17.372577848,2.0847,0.4019,1.4539,2.573
17.375178155,2.0596,0.4662,1.5916,2.644
17.377958078,1.9990,0.5276,1.6866,2.668
17.379716001,1.9056,0.5922,1.7370,2.646
17.382286694,1.7835,0.6555,1.7273,2.568
17.384897232,1.6594,0.7070,1.6486,2.444
17.387051309,1.5343,0.7591,1.5073,2.281
17.389801771,1.4067,0.8160,1.3437,2.110
17.392616309,1.2690,0.8815,1.1807,1.945
17.394770771,1.1136,0.9653,1.0167,1.790
17.396647078,0.9672,1.0511,0.8520,1.663
17.399429848,0.8421,1.1351,0.7062,1.580
17.40659654,0.7290,1.2113,0.5797,1.528
17.407242078,0.6342,1.2783,0.4661,1.501
17.407568001,0.5621,1.3357,0.3623,1.494
17.408912001,0.5094,1.3904,0.2741,1.506
17.423364617,0.4747,1.4437,0.2049,1.533
17.423708848,0.4493,1.4896,0.1546,1.564
17.42382954,0.4302,1.5255,0.1229,1.590
17.423910386,0.4288,1.5504,0.1143,1.613
17.424005155,0.4439,1.5516,0.1177,1.618
17.424408848,0.4869,1.5414,0.1350,1.622
17.425910386,0.5511,1.5174,0.1567,1.622
17.437231386,0.6406,1.4894,0.1785,1.631
17.437870386,0.7381,1.4547,0.2044,1.644
17.438054078,0.8444,1.4149,0.2366,1.665
17.438239078,0.9585,1.3785,0.2869,1.703
17.438402694,1.0901,1.3420,0.3405,1.762
17.439927694,1.2448,1.3047,0.3977,1.847
17.44261754,1.4199,1.2683,0.4632,1.959
17.444850078,1.5973,1.2323,0.5325,2.087
17.447540617,1.7730,1.2057,0.6139,2.230
17.450224232,1.9435,1.1866,0.6884,2.379
17.452283617,2.1204,1.1579,0.7609,2.533
17.454555001,2.2783,1.1283,0.8313,2.675
17.457175309,2.4131,1.1011,0.8902,2.798
17.461055924,2.5257,1.0767,0.9442,2.903
17.461986463,2.6126,1.0506,0.9926,2.986
17.464129232,2.6745,1.0286,1.0370,3.047
17.466746463,2.7055,1.0015,1.0754,3.079
17.469195078,2.7090,0.9758,1.1098,3.086
17.472014694,2.6882,0.9531,1.1453,3.073
17.474099386,2.6391,0.9380,1.1780,3.038
17.476414771,2.5683,0.9220,1.2088,2.985
17.478651617,2.4842,0.9087,1.2342,2.919
17.481127694,2.3931,0.8933,1.2525,2.845
17.483913155,2.2936,0.8837,1.2564,2.760
17.486499309,2.1981,0.8773,1.2579,2.680
17.48851654,2.0940,0.8742,1.2482,2.590
17.490824309,1.9899,0.8733,1.2417,2.503
17.493462386,1.8763,0.8747,1.2293,2.408
17.495946078,1.7517,0.8784,1.2154,2.306
17.498213232,1.6271,0.8737,1.2066,2.206
17.500714694,1.4974,0.8610,1.1958,2.101
17.503260617,1.3566,0.8486,1.1978,1.999
17.505313771,1.2108,0.8434,1.2163,1.912
17.507936617,1.0566,0.8349,1.2562,1.842
17.513095617,0.8966,0.8309,1.3016,1.786
17.513552232,0.7349,0.8260,1.3466,1.742
17.515287078,0.5746,0.8129,1.3926,1.712
17.517215924,0.4076,0.8036,1.4380,1.697
17.529429155,0.2304,0.7997,1.4697,1.689
17.529832617,0.0510,0.7872,1.4927,1.688
17.529965771,-0.1159,0.7638,1.5037,1.691
17.530057155,-0.2662,0.7398,1.5059,1.699
17.53014554,-0.4047,0.7068,1.4958,1.703
17.532603078,-0.5382,0.6765,1.4656,1.702
17.543267617,-0.6584,0.6529,1.4216,1.697
17.544019924,-0.7590,0.6236,1.3784,1.693
17.544174771,-0.8489,0.6026,1.3302,1.689
17.544447924,-0.9142,0.5751,1.2706,1.668
17.544611617,-0.9552,0.5461,1.2021,1.630
17.54615254,-0.9906,0.5153,1.1240,1.584
17.549228848,-1.0073,0.4787,1.0434,1.527
17.551176232,-1.0053,0.4454,0.9635,1.462
17.553278386,-0.9936,0.4174,0.8765,1.389
17.555758386,-0.9791,0.3919,0.7888,1.317
17.558308001,-0.9626,0.3704,0.7045,1.249
17.560771309,-0.9368,0.3541,0.6244,1.180
17.563334771,-0.9051,0.3401,0.5513,1.113
17.566123001,-0.8629,0.3255,0.4854,1.042
17.568277463,-0.8105,0.3064,0.4120,0.959
17.570321771,-0.7537,0.2925,0.3398,0.877
17.573043386,-0.6971,0.2830,0.2767,0.802
17.576490694,-0.6510,0.2798,0.2193,0.742
17.577735078,-0.6188,0.2810,0.1709,0.701
17.580300001,-0.6009,0.2866,0.1245,0.677
17.582569463,-0.5939,0.3015,0.0828,0.671
17.584849232,-0.6002,0.3238,0.0349,0.683
17.587811617,-0.6053,0.3455,-0.0124,0.697
17.590061463,-0.6149,0.3685,-0.0620,0.720
17.592563925,-0.6244,0.3985,-0.1136,0.749
17.59445654,-0.6305,0.4266,-0.1666,0.779
17.596908232,-0.6428,0.4594,-0.2175,0.819
17.599447309,-0.6612,0.4982,-0.2685,0.870
17.601831925,-0.6815,0.5388,-0.3073,0.922
17.604397232,-0.7026,0.5791,-0.3373,0.971
17.606773848,-0.7243,0.6150,-0.3540,1.014
17.613075925,-0.7458,0.6538,-0.3587,1.055
17.614106155,-0.7614,0.6851,-0.3535,1.084
17.614689463,-0.7649,0.7193,-0.3312,1.101
17.632052001,-0.7686,0.7520,-0.3023,1.117
17.632533848,-0.7673,0.7787,-0.2585,1.123
17.632880925,-0.7678,0.8062,-0.2006,1.131
17.632963078,-0.7732,0.8312,-0.1295,1.143
17.633035694,-0.7751,0.8556,-0.0484,1.156
17.633165848,-0.7849,0.8733,0.0395,1.175
17.633242694,-0.7859,0.8940,0.1431,1.199
17.633312848,-0.7795,0.9031,0.2584,1.221
17.636024925,-0.7744,0.9167,0.3791,1.258
17.637878386,-0.7686,0.9282,0.4988,1.304
17.641111309,-0.7676,0.9385,0.6170,1.360
17.643500617,-0.7698,0.9487,0.7348,1.426
17.645802155,-0.7627,0.9553,0.8506,1.489
17.647801848,-0.7495,0.9580,0.9659,1.553
17.650252617,-0.7397,0.9721,1.0751,1.627
17.652252001,-0.7290,0.9888,1.1721,1.698
17.654846771,-0.7080,1.0017,1.2652,1.762
17.657221155,-0.6784,1.0098,1.3495,1.817
17.659668848,-0.6447,1.0184,1.4245,1.866
17.662228232,-0.6127,1.0338,1.4883,1.913
17.664506771,-0.5797,1.0506,1.5369,1.950
17.667032617,-0.5471,1.0729,1.5711,1.980
17.669386463,-0.5091,1.0990,1.5943,2.002
17.67170054,-0.4697,1.1183,1.6053,2.012
17.674932925,-0.4265,1.1358,1.6083,2.015
17.67650554,-0.3815,1.1517,1.6097,2.016
17.679289848,-0.3324,1.1635,1.5838,1.993
17.681326155,-0.2750,1.1728,1.5564,1.968
17.684087617,-0.2193,1.1791,1.5418,1.953
17.686779617,-0.1646,1.1906,1.5326,1.948
17.688662771,-0.1103,1.2036,1.5366,1.955
17.691609155,-0.0612,1.2164,1.5450,1.967
17.693823309,-0.0127,1.2346,1.5482,1.980
17.695718386,0.0298,1.2495,1.5748,2.010
17.698389232,0.0724,1.2658,1.5931,2.036
17.700708309,0.1131,1.2765,1.6216,2.067
17.703936617,0.1517,1.2812,1.6459,2.091
17.705830386,0.1774,1.2881,1.6752,2.121
17.708143386,0.1938,1.2998,1.7077,2.155
17.711294078,0.1908,1.3198,1.7365,2.189
17.712843078,0.1700,1.3526,1.7695,2.234
17.715247309,0.1363,1.3980,1.8030,2.285
17.720572232,0.0943,1.4528,1.8345,2.342
17.72113654,0.0422,1.5113,1.8577,2.395
17.723485771,-0.0165,1.5665,1.8762,2.444
17.724761232,-0.0800,1.6208,1.8902,2.491
17.736940848,-0.1382,1.6636,1.9076,2.535
17.737369155,-0.1946,1.6985,1.9251,2.575
17.737603694,-0.2415,1.7310,1.9593,2.626
17.737856925,-0.2873,1.7598,2.0157,2.691
17.737952001,-0.3339,1.7803,2.0597,2.743
17.739163617,-0.3761,1.7862,2.0905,2.775
17.750843078,-0.4180,1.7833,2.1133,2.797
17.751778386,-0.4585,1.7720,2.1277,2.807
17.752385232,-0.5010,1.7533,2.1343,2.807
17.752560925,-0.5352,1.7437,2.1389,2.811
17.752885463,-0.5562,1.7386,2.1497,2.820
17.753858463,-0.5606,1.7340,2.1653,2.830
17.756110155,-0.5369,1.7217,2.1900,2.837
17.758737771,-0.4942,1.7065,2.2139,2.839
17.761027078,-0.4301,1.6718,2.2286,2.819
17.763501463,-0.3344,1.6133,2.2340,2.776
17.766357848,-0.2100,1.5185,2.2090,2.689
17.768134771,-0.0698,1.3960,2.1541,2.568
17.770844232,0.0755,1.2621,2.0698,2.425
17.773079925,0.2054,1.1339,1.9689,2.281
17.775400001,0.3208,1.0257,1.8631,2.151
17.777806155,0.4178,0.9392,1.7560,2.035
17.780282078,0.5008,0.8693,1.6547,1.935
17.782758078,0.5712,0.8221,1.5584,1.852
17.784885155,0.6345,0.7865,1.4685,1.783
17.787650155,0.6951,0.7591,1.3786,1.720
17.789857463,0.7549,0.7359,1.2906,1.666
17.792218386,0.8221,0.7130,1.2042,1.623
17.794802155,0.8907,0.6865,1.1203,1.587
17.797298694,0.9574,0.6629,1.0463,1.566
17.799857232,1.0244,0.6357,0.9831,1.556
17.802514078,1.0752,0.6110,0.9205,1.542
17.804444309,1.1253,0.5896,0.8692,1.539
17.810854771,1.1723,0.5556,0.8154,1.532
17.811530463,1.2110,0.5207,0.7683,1.526
17.811875078,1.2474,0.4884,0.7258,1.524
17.814443925,1.2719,0.4489,0.6906,1.515
17.827923001,1.2921,0.4093,0.6510,1.504
17.828400232,1.3017,0.3697,0.6146,1.486
17.828535386,1.3009,0.3331,0.5858,1.465
17.828654694,1.2900,0.2959,0.5555,1.435
17.828763001,1.2753,0.2644,0.5331,1.407
17.828848848,1.2550,0.2297,0.5189,1.377
17.831934386,1.2357,0.1945,0.5079,1.350
17.83412854,1.2174,0.1564,0.4993,1.325
17.836143001,1.1998,0.1168,0.4951,1.303
17.838237155,1.1784,0.0758,0.4893,1.278
17.84048554,1.1563,0.0284,0.4830,1.253
17.84302854,1.1376,-0.0160,0.4800,1.235
17.845391386,1.1138,-0.0621,0.4795,1.214
17.848580617,1.0906,-0.1056,0.4761,1.195
17.84998154,1.0735,-0.1459,0.4727,1.182
17.85264054,1.0510,-0.1841,0.4783,1.169
17.855130694,1.0298,-0.2214,0.4883,1.161
17.857369155,1.0053,-0.2593,0.5007,1.153
17.859871309,0.9785,-0.2903,0.5135,1.143
17.862855078,0.9516,-0.3243,0.5315,1.137
17.865166155,0.9262,-0.3565,0.5469,1.133
17.867017771,0.9077,-0.3851,0.5633,1.136
17.86943754,0.8888,-0.4125,0.5790,1.138
17.87326954,0.8737,-0.4394,0.5983,1.146
17.874315694,0.8573,-0.4658,0.6158,1.154
17.87678854,0.8399,-0.4878,0.6302,1.158
17.879989771,0.8274,-0.5112,0.6373,1.163
17.881836232,0.8182,-0.5305,0.6405,1.167
17.883838463,0.8092,-0.5508,0.6407,1.170
17.886699309,0.8036,-0.5659,0.6283,1.166
17.890043078,0.7967,-0.5794,0.6134,1.160
17.891119694,0.7864,-0.5833,0.5885,1.142
17.893447617,0.7779,-0.5826,0.5562,1.120
17.896490463,0.7689,-0.5815,0.5179,1.094
17.898950771,0.7610,-0.5782,0.4678,1.064
17.900859386,0.7515,-0.5762,0.4055,1.030
17.903317771,0.7471,-0.5799,0.3388,1.005
17.906858386,0.7373,-0.5815,0.2762,0.979
17.907927694,0.7217,-0.5806,0.2128,0.950
17.910455617,0.6972,-0.5767,0.1350,0.915
17.913032617,0.6741,-0.5728,0.0517,0.886
17.918766694,0.6508,-0.5706,-0.0330,0.866
17.919693771,0.6249,-0.5696,-0.1253,0.855
17.921601848,0.5998,-0.5608,-0.2201,0.850
17.937127694,0.5765,-0.5493,-0.3159,0.857
17.93774954,0.5436,-0.5303,-0.4083,0.862
17.938012309,0.5145,-0.5058,-0.4940,0.874
17.938148925,0.4940,-0.4851,-0.5739,0.899
17.938264925,0.4693,-0.4606,-0.6489,0.924
17.938381771,0.4556,-0.4411,-0.7102,0.952
17.93846154,0.4503,-0.4318,-0.7517,0.977
17.939436848,0.4476,-0.4267,-0.7864,1.000
17.941498771,0.4488,-0.4282,-0.8101,1.020
17.944169463,0.4530,-0.4313,-0.8243,1.035
17.947328001,0.4581,-0.4320,-0.8353,1.046
17.949041463,0.4644,-0.4374,-0.8387,1.054
17.951603694,0.4733,-0.4404,-0.8360,1.057
17.953894463,0.4861,-0.4464,-0.8231,1.055
17.95662454,0.5062,-0.4523,-0.8031,1.052
17.958491694,0.5309,-0.4643,-0.7708,1.045
17.960963694,0.5539,-0.4758,-0.7229,1.027
17.963714386,0.5746,-0.4826,-0.6604,1.000
17.965807309,0.5988,-0.4895,-0.5883,0.972
17.968343617,0.6184,-0.4929,-0.5140,0.943
17.970903617,0.6406,-0.4934,-0.4409,0.921
17.973134386,0.6604,-0.4924,-0.3711,0.904
17.975919001,0.6809,-0.4976,-0.3095,0.898
17.978519386,0.7027,-0.5058,-0.2499,0.901
17.980701848,0.7265,-0.5173,-0.1928,0.912
17.982659925,0.7493,-0.5263,-0.1378,0.926
17.985411925,0.7698,-0.5368,-0.0899,0.943
17.987625771,0.7918,-0.5459,-0.0528,0.963
17.990275925,0.8085,-0.5468,-0.0242,0.976
17.992755309,0.8294,-0.5454,-0.0017,0.993
17.995096001,0.8512,-0.5371,0.0041,1.007
17.997255617,0.8742,-0.5251,0.0195,1.020
17.999571309,0.9012,-0.5027,0.0351,1.033
18.002286386,0.9294,-0.4816,0.0341,1.047
18.010026463,0.9582,-0.4587,0.0381,1.063
18.010967617,0.9809,-0.4282,0.0458,1.071
18.011379617,1.0014,-0.4020,0.0495,1.080
18.011813155,1.0137,-0.3737,0.0495,1.081
18.026989155,1.0214,-0.3456,0.0535,1.080
18.028974078,1.0249,-0.3178,0.0512,1.074
18.029118155,1.0223,-0.2920,0.0574,1.065
18.029236848,1.0286,-0.2691,0.0679,1.065
18.029432001,1.0335,-0.2508,0.0817,1.067
18.029565771,1.0503,-0.2361,0.1062,1.082
18.029793463,1.0689,-0.2234,0.1409,1.101
18.039302078,1.0904,-0.2112,0.1912,1.127
18.039886463,1.1141,-0.1988,0.2580,1.161
18.040089232,1.1446,-0.1848,0.3366,1.207
18.040275001,1.1898,-0.1790,0.4282,1.277
18.040508001,1.2411,-0.1694,0.5306,1.360
18.043928309,1.2924,-0.1577,0.6403,1.451
18.045638771,1.3337,-0.1438,0.7590,1.541
18.047913771,1.3626,-0.1238,0.8819,1.628
18.050292232,1.3852,-0.0973,1.0087,1.716
18.052686771,1.4038,-0.0670,1.1462,1.814
18.055186386,1.4183,-0.0321,1.2923,1.919
18.057440232,1.4183,0.0061,1.4399,2.021
18.060202771,1.4002,0.0638,1.5882,2.118
18.062528232,1.3554,0.1363,1.7467,2.215
18.064618078,1.2924,0.2273,1.9129,2.320
18.067067617,1.2157,0.3218,2.0695,2.422
18.069748848,1.1202,0.4275,2.2021,2.507
18.071972617,1.0202,0.5248,2.2899,2.561
18.074289463,0.9173,0.6166,2.3300,2.579
18.076855309,0.8150,0.6993,2.3202,2.557
18.079494155,0.7073,0.7853,2.2412,2.478
18.081907617,0.5991,0.8840,2.1135,2.368
18.084145155,0.4922,0.9846,1.9307,2.222
18.088064232,0.3943,1.0894,1.7060,2.062
18.097274386,0.3215,1.1896,1.4543,1.906
18.097755386,0.2655,1.2819,1.2254,1.793
18.098126078,0.2406,1.3601,1.0102,1.711
18.098436617,0.2487,1.4188,0.8110,1.653
18.09874154,0.2760,1.4657,0.6288,1.619
18.101086155,0.3132,1.5097,0.4900,1.618
18.10545754,0.3555,1.5509,0.3891,1.638
18.105839694,0.3926,1.5977,0.3305,1.678
18.108039617,0.4260,1.6531,0.3158,1.736
18.110842078,0.4584,1.7126,0.3398,1.805
18.122953771,0.4964,1.7549,0.3845,1.864
18.123420232,0.5455,1.7726,0.4418,1.907
18.12353254,0.6156,1.7538,0.4976,1.924
18.12362554,0.7048,1.7041,0.5499,1.924
18.123721848,0.8123,1.6303,0.6002,1.918
18.125152001,0.9331,1.5490,0.6488,1.921
18.127384232,1.0635,1.4661,0.6960,1.940
18.136954694,1.1933,1.3914,0.7453,1.979
18.137228925,1.3073,1.3322,0.7993,2.030
18.137321155,1.4065,1.2868,0.8582,2.091
18.137423309,1.4810,1.2529,0.9198,2.147
18.139331386,1.5399,1.2199,0.9782,2.195
18.141970771,1.5865,1.1794,1.0255,2.227
18.145166694,1.6261,1.1407,1.0627,2.253
18.146669463,1.6503,1.0974,1.0886,2.261
18.149083925,1.6601,1.0633,1.1013,2.258
18.152480925,1.6523,1.0301,1.0989,2.236
18.153949771,1.6364,1.0054,1.0889,2.208
18.156186155,1.6107,0.9827,1.0852,2.177
18.158791925,1.5790,0.9521,1.0788,2.136
18.162115694,1.5399,0.9285,1.0784,2.097
18.163364001,1.4949,0.9003,1.0800,2.052
18.165986386,1.4456,0.8684,1.0893,2.008
18.168411617,1.3899,0.8365,1.0993,1.960
18.170734771,1.3273,0.8121,1.1106,1.912
18.17328054,1.2643,0.7894,1.1224,1.866
18.17562954,1.1977,0.7699,1.1306,1.818
18.17825754,1.1307,0.7526,1.1377,1.772
18.180514078,1.0547,0.7381,1.1455,1.723
18.183063925,0.9731,0.7249,1.1614,1.680
18.185483617,0.8928,0.7061,1.1824,1.641
18.187727386,0.8062,0.6934,1.2105,1.611
18.190097463,0.7217,0.6748,1.2461,1.590
18.192751694,0.6354,0.6609,1.2916,1.584
18.195272848,0.5462,0.6531,1.3444,1.591
18.197801771,0.4571,0.6433,1.4025,1.609
18.200044617,0.3699,0.6360,1.4541,1.630
18.203347386,0.2970,0.6299,1.5023,1.656
18.204441155,0.2311,0.6208,1.5615,1.696
18.207065848,0.1698,0.6126,1.6200,1.740
18.209735001,0.1111,0.6038,1.6654,1.775
18.212260848,0.0606,0.5945,1.6938,1.796
18.214186463,0.0186,0.5852,1.7136,1.811
18.216708309,-0.0170,0.5763,1.7280,1.822
18.223810463,-0.0495,0.5663,1.7265,1.818
18.224710386,-0.0740,0.5519,1.7116,1.800
18.224845463,-0.0964,0.5397,1.6903,1.777
18.226772848,-0.1118,0.5239,1.6610,1.745
18.241398463,-0.1194,0.5087,1.6241,1.706
18.241819694,-0.1211,0.4882,1.5825,1.661
18.241931001,-0.1171,0.4713,1.5323,1.607
18.242000001,-0.1106,0.4571,1.4768,1.550
18.242069232,-0.1031,0.4456,1.4138,1.486
18.24212554,-0.0928,0.4344,1.3397,1.411
18.253847001,-0.0749,0.4235,1.2589,1.330
18.254831617,-0.0546,0.4100,1.1790,1.249
18.255424309,-0.0285,0.3997,1.0979,1.169
18.255736232,-0.0031,0.3937,1.0078,1.082
18.256025232,0.0303,0.3851,0.9073,0.986
18.256195001,0.0655,0.3863,0.8022,0.893
18.257539309,0.0969,0.3823,0.6913,0.796
18.261797771,0.1324,0.3797,0.5839,0.709
18.262270386,0.1622,0.3739,0.4834,0.632
18.264898155,0.1891,0.3765,0.3926,0.576
18.267355001,0.2069,0.3804,0.3104,0.533
18.269749463,0.2182,0.3827,0.2413,0.502
18.272071001,0.2155,0.3924,0.1809,0.483
18.274803617,0.2031,0.4105,0.1250,0.475
18.27786154,0.1777,0.4312,0.0747,0.472
18.27925754,0.1432,0.4582,0.0334,0.481
18.281976617,0.1013,0.4880,-0.0032,0.498
18.28446054,0.0545,0.5231,-0.0332,0.527
18.286846694,0.0098,0.5554,-0.0522,0.558
18.289257155,-0.0449,0.5808,-0.0618,0.586
18.291688309,-0.1015,0.6066,-0.0608,0.618
18.294340309,-0.1609,0.6252,-0.0447,0.647
18.29626054,-0.2142,0.6433,-0.0188,0.678
18.298724848,-0.2708,0.6629,0.0185,0.716
18.301124848,-0.3305,0.6829,0.0630,0.761
18.304345155,-0.3903,0.7024,0.1062,0.811
18.306203386,-0.4490,0.7252,0.1492,0.866
18.308614694,-0.5005,0.7464,0.1986,0.920
18.31525254,-0.5426,0.7633,0.2515,0.970
18.316075386,-0.5760,0.7787,0.3055,1.016
18.316292232,-0.6078,0.7953,0.3628,1.065
18.318423309,-0.6295,0.8097,0.4204,1.108
18.334198078,-0.6532,0.8297,0.4823,1.161
18.335161848,-0.6720,0.8532,0.5411,1.213
18.33529254,-0.6871,0.8793,0.6051,1.269
18.335403078,-0.6992,0.9015,0.6654,1.321
18.335599001,-0.7016,0.9257,0.7226,1.368
18.335727386,-0.6931,0.9392,0.7676,1.397
18.335915694,-0.6757,0.9485,0.8074,1.417
18.337299694,-0.6461,0.9514,0.8333,1.420
18.340655925,-0.6036,0.9565,0.8609,1.421
18.343167925,-0.5452,0.9548,0.8836,1.411
18.344928848,-0.4790,0.9534,0.9121,1.404
18.34744054,-0.4064,0.9504,0.9415,1.398
18.34973354,-0.3276,0.9455,0.9745,1.397
18.352044001,-0.2447,0.9372,1.0087,1.398
18.354043386,-0.1663,0.9321,1.0505,1.414
18.356739694,-0.0898,0.9192,1.0947,1.432
18.359308001,-0.0141,0.9118,1.1534,1.470
18.361294694,0.0603,0.9020,1.2212,1.519
18.363719309,0.1360,0.8969,1.2929,1.579
18.366688925,0.2120,0.8871,1.3649,1.642
18.368815386,0.2865,0.8708,1.4399,1.707
18.370985848,0.3543,0.8544,1.5119,1.772
18.373817155,0.4123,0.8358,1.5841,1.838
18.376741463,0.4649,0.8151,1.6654,1.912
18.378386694,0.5043,0.8009,1.7416,1.982
18.380737232,0.5311,0.7926,1.8205,2.055
18.383783617,0.5470,0.7826,1.8860,2.114
18.385819694,0.5527,0.7799,1.9356,2.159
18.388167694,0.5514,0.7777,1.9669,2.186
18.390819925,0.5465,0.7731,1.9828,2.197
18.392749463,0.5411,0.7689,1.9831,2.195
18.395443309,0.5421,0.7669,1.9476,2.162
18.39757254,0.5475,0.7633,1.9139,2.132
18.400237155,0.5462,0.7620,1.8540,2.078
18.402451617,0.5338,0.7640,1.7886,2.017
18.405312848,0.5082,0.7769,1.7185,1.953
18.407444848,0.4733,0.8060,1.6461,1.893
18.413607309,0.4293,0.8475,1.5738,1.838
18.414282155,0.3757,0.9010,1.5051,1.794
18.414675001,0.3128,0.9665,1.4421,1.764
18.429414078,0.2455,1.0425,1.3824,1.749
18.429812001,0.1828,1.1224,1.3180,1.741
18.429934078,0.1256,1.2077,1.2545,1.746
18.430051925,0.0711,1.2849,1.1846,1.749
18.430160848,0.0274,1.3464,1.1166,1.749
18.430278386,-0.0078,1.3887,1.0348,1.732
18.432763386,-0.0290,1.4097,0.9435,1.697
18.443935001,-0.0537,1.4195,0.8694,1.665
18.444539617,-0.0830,1.4298,0.7971,1.639
18.444698155,-0.1204,1.4517,0.7209,1.625
18.444776617,-0.1709,1.4901,0.6591,1.638
18.444889771,-0.2210,1.5478,0.6102,1.678
18.446130694,-0.2713,1.6240,0.5836,1.747
18.448555694,-0.3148,1.7107,0.5872,1.836
18.450924232,-0.3483,1.7992,0.6274,1.937
18.45293654,-0.3608,1.8695,0.7026,2.029
18.455359925,-0.3407,1.9059,0.7956,2.093
18.457956848,-0.2865,1.9003,0.8827,2.115
18.460299001,-0.1914,1.8429,0.9371,2.076
18.462630771,-0.0568,1.7376,0.9461,1.979
18.465453155,0.1036,1.6066,0.8951,1.842
18.467641463,0.2646,1.4659,0.7932,1.688
18.470290155,0.4176,1.3333,0.6715,1.550
18.472766386,0.5495,1.2248,0.5313,1.444
18.474900309,0.6584,1.1419,0.3913,1.375
18.477111694,0.7500,1.0855,0.2696,1.347
18.480241463,0.8383,1.0384,0.1629,1.344
18.482351386,0.9196,1.0027,0.0825,1.363
18.484455925,0.9932,0.9680,0.0341,1.387
18.486720617,1.0523,0.9367,0.0155,1.409
18.48935654,1.1146,0.8974,0.0378,1.431
18.492132925,1.1634,0.8556,0.0756,1.446
18.494083925,1.2077,0.8151,0.1404,1.464
18.49648954,1.2487,0.7701,0.2303,1.485
18.499959617,1.2790,0.7298,0.3317,1.509
18.503303001,1.2926,0.6883,0.4402,1.529
18.503829155,1.2978,0.6431,0.5426,1.547
18.506305155,1.2932,0.6013,0.6422,1.564
18.512257771,1.2727,0.5598,0.7341,1.572
18.512899694,1.2384,0.5270,0.8162,1.574
18.513583386,1.1940,0.4969,0.8929,1.572
18.529908925,1.1365,0.4750,0.9623,1.563
18.530325463,1.0752,0.4552,1.0221,1.552
18.530455001,1.0130,0.4286,1.0668,1.532
18.530568001,0.9518,0.3968,1.1038,1.511
18.530691694,0.9015,0.3553,1.1296,1.488
18.530815925,0.8475,0.3120,1.1472,1.460
18.530925232,0.7943,0.2726,1.1629,1.434
18.532738771,0.7412,0.2355,1.1748,1.409
18.544710078,0.6860,0.1984,1.1667,1.368
18.545252309,0.6315,0.1633,1.1453,1.318
18.545452617,0.5827,0.1317,1.1187,1.268
18.545795078,0.5399,0.0997,1.0810,1.212
18.546007078,0.5052,0.0685,1.0356,1.154
18.547677848,0.4693,0.0343,0.9823,1.089
18.549607309,0.4332,0.0023,0.9276,1.024
18.551711925,0.3995,-0.0231,0.8643,0.952
18.55437654,0.3713,-0.0497,0.7952,0.879
18.556775078,0.3501,-0.0746,0.7290,0.812
18.559012925,0.3330,-0.1032,0.6637,0.750
18.561746386,0.3281,-0.1306,0.5946,0.692
18.56411754,0.3237,-0.1557,0.5310,0.641
18.56672554,0.3328,-0.1809,0.4737,0.606
18.568922771,0.3447,-0.2090,0.4172,0.580
18.571734078,0.3677,-0.2332,0.3686,0.570
18.573847309,0.3869,-0.2671,0.3249,0.572
18.576217155,0.4114,-0.2955,0.2836,0.581
18.579587386,0.4346,-0.3206,0.2452,0.593
18.58123754,0.4498,-0.3493,0.2181,0.610
18.583320309,0.4600,-0.3793,0.1968,0.628
18.585527001,0.4720,-0.4040,0.1802,0.647
18.588205848,0.4906,-0.4311,0.1712,0.675
18.591605771,0.5057,-0.4523,0.1690,0.699
18.592895001,0.5201,-0.4718,0.1648,0.721
18.595240617,0.5257,-0.4767,0.1555,0.727
18.597912001,0.5299,-0.4829,0.1506,0.733
18.600268232,0.5297,-0.4844,0.1514,0.734
18.602629848,0.5387,-0.4865,0.1587,0.743
18.605161771,0.5436,-0.4807,0.1714,0.746
18.607763309,0.5446,-0.4758,0.1865,0.747
18.609759617,0.5475,-0.4653,0.2022,0.746
18.612707078,0.5399,-0.4529,0.2154,0.737
18.61484854,0.5325,-0.4357,0.2230,0.723
18.620755078,0.5248,-0.4240,0.2252,0.711
18.621399617,0.5160,-0.4142,0.2161,0.696
18.622341232,0.5123,-0.4040,0.1986,0.682
18.640327001,0.5155,-0.3991,0.1812,0.677
18.640890386,0.5192,-0.3888,0.1572,0.667
18.641022771,0.5236,-0.3830,0.1252,0.661
18.641137771,0.5299,-0.3795,0.0920,0.658
18.64121354,0.5350,-0.3727,0.0630,0.655
18.641285771,0.5336,-0.3646,0.0361,0.647
18.641397463,0.5334,-0.3521,0.0067,0.639
18.641520001,0.5311,-0.3404,-0.0232,0.631
18.643508001,0.5267,-0.3262,-0.0591,0.622
18.646331001,0.5233,-0.3146,-0.0985,0.618
18.648379078,0.5213,-0.3018,-0.1400,0.618
18.652314694,0.5218,-0.2857,-0.1824,0.622
18.653110771,0.5220,-0.2686,-0.2199,0.627
18.655587309,0.5233,-0.2505,-0.2518,0.632
18.657948309,0.5231,-0.2325,-0.2795,0.637
18.660431386,0.5245,-0.2165,-0.3044,0.644
18.663140001,0.5273,-0.2051,-0.3149,0.647
18.666046463,0.5414,-0.1953,-0.3212,0.659
18.667731078,0.5534,-0.1883,-0.3228,0.668
18.670418694,0.5677,-0.1797,-0.3217,0.677
18.672957155,0.5888,-0.1746,-0.3166,0.691
18.674867925,0.6105,-0.1660,-0.3117,0.705
18.677861848,0.6359,-0.1562,-0.3079,0.724
18.680023925,0.6667,-0.1482,-0.3023,0.747
18.682351309,0.6970,-0.1423,-0.2981,0.771
18.68449654,0.7265,-0.1343,-0.2893,0.793
18.687268925,0.7561,-0.1291,-0.2812,0.817
18.689780232,0.7840,-0.1213,-0.2680,0.837
18.691820617,0.8082,-0.1196,-0.2597,0.857
18.69437754,0.8419,-0.1198,-0.2524,0.887
18.696642078,0.8751,-0.1217,-0.2411,0.916
18.699207617,0.9198,-0.1233,-0.2280,0.956
18.701561155,0.9729,-0.1215,-0.2106,1.003
18.70400854,1.0279,-0.1279,-0.1800,1.051
18.70676854,1.0845,-0.1277,-0.1336,1.100
18.708613771,1.1409,-0.1279,-0.0745,1.150
18.711187309,1.2033,-0.1303,0.0004,1.210
18.713796617,1.2574,-0.1362,0.0930,1.268
18.71661754,1.2993,-0.1369,0.1958,1.321
18.719020925,1.3401,-0.1364,0.3075,1.382
18.720805463,1.3723,-0.1355,0.4216,1.442
18.726785771,1.3985,-0.1257,0.5250,1.499
18.727372001,1.4216,-0.1154,0.6330,1.560
18.728038386,1.4372,-0.1024,0.7378,1.619
18.730304001,1.4486,-0.0898,0.8408,1.677
18.741902771,1.4588,-0.0763,0.9398,1.737
18.74262454,1.4617,-0.0619,1.0285,1.788
18.742956001,1.4679,-0.0541,1.1108,1.842
18.743155078,1.4691,-0.0441,1.1885,1.890
18.743334155,1.4651,-0.0248,1.2584,1.931
18.745554078,1.4534,-0.0008,1.3131,1.959
18.757040617,1.4297,0.0294,1.3512,1.967
18.757887001,1.3987,0.0650,1.3756,1.963
18.75817354,1.3652,0.1041,1.3920,1.953
18.758391617,1.3332,0.1425,1.4062,1.943
18.758613155,1.2949,0.1894,1.4133,1.926
18.759502155,1.2457,0.2514,1.4204,1.906
18.76163354,1.1830,0.3282,1.4255,1.881
18.764329463,1.1134,0.4139,1.4325,1.861
18.766381155,1.0368,0.5041,1.4483,1.851
18.769358463,0.9667,0.5984,1.4551,1.847
18.771543694,0.8991,0.6785,1.4413,1.829
18.773871386,0.8331,0.7498,1.4043,1.797
18.776362694,0.7608,0.8085,1.3376,1.738
18.77871754,0.6838,0.8656,1.2371,1.658
18.781318155,0.6120,0.9167,1.1128,1.566
18.783667309,0.5527,0.9685,0.9589,1.471
18.786307386,0.5045,1.0235,0.8084,1.398
18.789508617,0.4745,1.0804,0.6752,1.360
18.790587617,0.4598,1.1370,0.5459,1.343
18.793257155,0.4686,1.1796,0.4253,1.339
18.79553754,0.4994,1.2120,0.3237,1.350
18.798144001,0.5341,1.2439,0.2489,1.376
18.801013771,0.5716,1.2795,0.2096,1.417
18.803062771,0.6100,1.3217,0.2068,1.470
18.806025463,0.6480,1.3725,0.2289,1.535
18.807615925,0.6899,1.4109,0.2729,1.594
18.810699694,0.7437,1.4383,0.3312,1.653
18.813937771,0.8018,1.4368,0.3984,1.693
18.814957463,0.8649,1.4095,0.4644,1.718
18.817409463,0.9228,1.3569,0.5215,1.722
18.81992154,0.9774,1.3003,0.5760,1.726
18.826482078,1.0190,1.2367,0.6288,1.721
18.827187001,1.0593,1.1833,0.6771,1.726
18.827397155,1.0869,1.1314,0.7278,1.730
18.843807078,1.1053,1.0872,0.7770,1.734
18.844323001,1.1143,1.0440,0.8208,1.734
18.844465771,1.1158,1.0049,0.8573,1.729
18.84461654,1.1094,0.9672,0.8829,1.716
18.844738078,1.1004,0.9309,0.8988,1.699
18.844846771,1.0811,0.8977,0.9000,1.669
18.844945463,1.0542,0.8744,0.8941,1.636
18.858345463,1.0263,0.8498,0.8853,1.600
18.859098694,0.9944,0.8246,0.8787,1.562
18.859336617,0.9662,0.8083,0.8783,1.536
18.859535309,0.9457,0.7916,0.8865,1.519
18.859709771,0.9299,0.7692,0.9005,1.506
18.859906155,0.9164,0.7435,0.9249,1.499
18.860778694,0.9077,0.7139,0.9582,1.501
18.86449654,0.9030,0.6816,0.9975,1.508
18.865253848,0.8961,0.6555,1.0463,1.526
18.867824232,0.8832,0.6257,1.1020,1.545
18.870291694,0.8632,0.6013,1.1565,1.563
18.872770386,0.8409,0.5856,1.2034,1.581
18.874915078,0.8143,0.5719,1.2440,1.593
18.877579925,0.7852,0.5576,1.2836,1.605
18.879910386,0.7547,0.5475,1.3102,1.608
18.882382078,0.7212,0.5412,1.3263,1.604
18.884907002,0.6911,0.5397,1.3368,1.599
18.887191617,0.6594,0.5348,1.3409,1.587
18.889389155,0.6247,0.5358,1.3402,1.573
18.891946155,0.5866,0.5378,1.3409,1.559
18.894470771,0.5495,0.5383,1.3390,1.544
18.896926155,0.5152,0.5449,1.3300,1.527
18.899113232,0.4805,0.5524,1.3232,1.512
18.901768002,0.4446,0.5651,1.3153,1.499
18.904996002,0.4114,0.5728,1.3018,1.481
18.906646155,0.3865,0.5707,1.2853,1.458
18.909246386,0.3741,0.5656,1.2628,1.433
18.911430386,0.3667,0.5593,1.2428,1.411
18.913816925,0.3677,0.5549,1.2137,1.384
18.91744454,0.3773,0.5558,1.1800,1.358
18.918799694,0.3887,0.5602,1.1455,1.333
18.925284002,0.4041,0.5593,1.1045,1.302
18.92610054,0.4163,0.5607,1.0632,1.272
18.926453463,0.4307,0.5610,1.0204,1.242
18.928786386,0.4410,0.5598,0.9750,1.208
18.943297232,0.4483,0.5563,0.9293,1.172
18.944043694,0.4474,0.5493,0.8827,1.132
18.944184925,0.4419,0.5473,0.8336,1.091
18.944303002,0.4376,0.5404,0.7826,1.047
18.944421155,0.4314,0.5414,0.7316,1.007
18.944539925,0.4209,0.5390,0.6847,0.968
18.957825463,0.4055,0.5365,0.6405,0.929
18.958567386,0.3916,0.5385,0.6039,0.899
18.958790155,0.3750,0.5468,0.5701,0.874
18.958968848,0.3547,0.5542,0.5377,0.850
18.959146463,0.3354,0.5568,0.5115,0.827
18.95932154,0.3103,0.5649,0.4849,0.807
18.959917848,0.2870,0.5700,0.4612,0.787
18.962512232,0.2634,0.5759,0.4402,0.771
18.964522771,0.2382,0.5820,0.4314,0.763
18.966724232,0.2059,0.5917,0.4248,0.757
18.969219617,0.1705,0.6075,0.4272,0.762
18.971471617,0.1285,0.6213,0.4280,0.765
18.973943309,0.0892,0.6345,0.4334,0.774
18.976377232,0.0508,0.6474,0.4343,0.781
18.979079002,0.0093,0.6599,0.4431,0.795
18.981087078,-0.0344,0.6702,0.4539,0.810
18.983567386,-0.0749,0.6783,0.4653,0.826
18.986102694,-0.1131,0.6829,0.4746,0.839
18.988368617,-0.1531,0.6900,0.4858,0.858
18.991122155,-0.1912,0.7030,0.5030,0.885
18.993507309,-0.2342,0.7176,0.5228,0.918
18.995793463,-0.2762,0.7368,0.5438,0.957
18.998036002,-0.3153,0.7608,0.5633,0.998
19.000462694,-0.3505,0.7853,0.5758,1.035
19.004051617,-0.3894,0.8102,0.5885,1.074
19.005270155,-0.4177,0.8334,0.5932,1.105
19.007710155,-0.4414,0.8524,0.5980,1.131
19.010217848,-0.4544,0.8681,0.6056,1.152
19.013198078,-0.4563,0.8820,0.6170,1.169
19.015253155,-0.4448,0.8891,0.6324,1.178
19.017465463,-0.4209,0.8942,0.6559,1.186
19.023991617,-0.3935,0.9001,0.6862,1.198
19.024767309,-0.3581,0.9099,0.7123,1.210
19.025335002,-0.3234,0.9180,0.7395,1.222
19.027578463,-0.2816,0.9292,0.7654,1.236
19.042208309,-0.2457,0.9331,0.7839,1.243
19.042659617,-0.2047,0.9353,0.8010,1.248
19.043042386,-0.1607,0.9355,0.8228,1.256
19.043144617,-0.1231,0.9299,0.8396,1.259
19.043223694,-0.0859,0.9292,0.8560,1.266
19.043359617,-0.0481,0.9238,0.8751,1.273
19.043908925,-0.0146,0.9148,0.8956,1.280
19.055821463,0.0124,0.9052,0.9168,1.288
19.056843078,0.0320,0.8994,0.9379,1.300
19.057028232,0.0435,0.8938,0.9691,1.319
19.057175309,0.0473,0.8905,1.0016,1.341
19.057336232,0.0447,0.8830,1.0356,1.362
19.058247078,0.0424,0.8723,1.0695,1.381
19.061157771,0.0356,0.8610,1.1059,1.402
19.063163694,0.0298,0.8439,1.1534,1.429
19.065752617,0.0288,0.8202,1.2098,1.462
19.068096309,0.0296,0.7973,1.2596,1.491
19.070402386,0.0274,0.7806,1.3214,1.535
19.072914463,0.0173,0.7740,1.3915,1.592
19.075417463,-0.0026,0.7720,1.4563,1.648
19.078173155,-0.0192,0.7769,1.5107,1.699
19.079891309,-0.0381,0.7774,1.5680,1.751
19.082444232,-0.0510,0.7718,1.6181,1.793
19.084918463,-0.0500,0.7640,1.6628,1.831
19.087335694,-0.0442,0.7545,1.6996,1.860
19.090059617,-0.0353,0.7445,1.7238,1.878
19.092092617,-0.0263,0.7389,1.7431,1.893
19.094672309,-0.0280,0.7433,1.7653,1.916
19.097056617,-0.0430,0.7720,1.7881,1.948
19.099447078,-0.0800,0.8209,1.8345,2.011
19.102006771,-0.1411,0.9013,1.8736,2.084
19.110156925,-0.2186,1.0024,1.9085,2.167
19.110937463,-0.2990,1.1153,1.9263,2.246
19.111665848,-0.3786,1.2350,1.9437,2.334
19.111998771,-0.4453,1.3548,1.9540,2.419
19.114138463,-0.4932,1.4512,1.9263,2.462
19.11642154,-0.5103,1.5304,1.8690,2.469
19.119051078,-0.5068,1.5871,1.8149,2.464
19.121383694,-0.4963,1.6226,1.7399,2.430
19.123651309,-0.4846,1.6467,1.6456,2.378
19.125936848,-0.4734,1.6662,1.5484,2.323
19.130141848,-0.4637,1.6787,1.4548,2.269
19.130756925,-0.4492,1.7017,1.3644,2.227
19.133470463,-0.4231,1.7188,1.2855,2.188
19.14578054,-0.3793,1.7564,1.2184,2.171
19.146355309,-0.3302,1.7997,1.1821,2.178
19.146716232,-0.2764,1.8551,1.1895,2.221
19.146832232,-0.2128,1.9133,1.2454,2.293
19.146943925,-0.1353,1.9639,1.3476,2.386
19.148026771,-0.0488,1.9868,1.4795,2.478
19.150129848,0.0505,1.9778,1.5943,2.541
19.160391386,0.1666,1.9206,1.6779,2.556
19.160779078,0.2951,1.8260,1.7260,2.530
19.160901155,0.4281,1.7058,1.7429,2.476
19.161018463,0.5534,1.5637,1.7314,2.398
19.162192232,0.6721,1.4195,1.6971,2.312
19.164271309,0.7733,1.2825,1.6519,2.230
19.166829232,0.8629,1.1510,1.6021,2.153
19.169299002,0.9313,1.0310,1.5354,2.071
19.17142854,0.9831,0.9171,1.4609,1.985
19.174364925,1.0337,0.8072,1.3857,1.908
19.176259386,1.0664,0.7095,1.3319,1.848
19.179043386,1.0913,0.6271,1.2943,1.805
19.181248848,1.1172,0.5578,1.2652,1.778
19.183835386,1.1453,0.5048,1.2391,1.761
19.185968617,1.1754,0.4701,1.2228,1.760
19.188721232,1.2115,0.4396,1.2107,1.768
19.191204002,1.2529,0.4083,1.1986,1.781
19.193383386,1.2961,0.3748,1.1925,1.801
19.196020309,1.3376,0.3271,1.1937,1.822
19.198574155,1.3764,0.2795,1.2007,1.848
19.200714386,1.4009,0.2243,1.2079,1.863
19.203232617,1.4195,0.1645,1.2103,1.873
19.205460617,1.4267,0.0985,1.2103,1.874
19.208018771,1.4197,0.0369,1.2161,1.870
19.210419617,1.4072,-0.0187,1.2191,1.862
19.212658771,1.3845,-0.0709,1.2083,1.839
19.215273848,1.3547,-0.1226,1.1995,1.814
19.222547617,1.3186,-0.1690,1.1944,1.787
19.222943309,1.2804,-0.2153,1.1934,1.763
19.22309754,1.2338,-0.2552,1.2019,1.741
19.224925771,1.1763,-0.2901,1.2112,1.713
19.245066694,1.1129,-0.3165,1.2261,1.686
19.245391002,1.0584,-0.3419,1.2440,1.669
19.245643309,1.0032,-0.3609,1.2608,1.651
19.245842694,0.9473,-0.3795,1.2708,1.630
19.245934463,0.8915,-0.3949,1.2762,1.606
19.246104848,0.8390,-0.4066,1.2792,1.583
19.246201232,0.7833,-0.4196,1.2776,1.556
19.246349232,0.7317,-0.4294,1.2689,1.526
19.246595694,0.6802,-0.4357,1.2445,1.484
19.248966386,0.6379,-0.4436,1.2161,1.443
19.256476848,0.5974,-0.4485,1.1819,1.398
19.257079617,0.5609,-0.4509,1.1485,1.355
19.257182771,0.5224,-0.4529,1.1057,1.304
19.258997155,0.4859,-0.4533,1.0590,1.250
19.261023386,0.4488,-0.4569,1.0065,1.193
19.263061771,0.4107,-0.4582,0.9430,1.126
19.266083694,0.3797,-0.4618,0.8723,1.058
19.268487309,0.3513,-0.4731,0.7973,0.991
19.270512002,0.3261,-0.4809,0.7155,0.922
19.273487617,0.3047,-0.4895,0.6200,0.847
19.276071002,0.2853,-0.4958,0.5198,0.773
19.277882771,0.2719,-0.5017,0.4282,0.713
19.280203078,0.2604,-0.5046,0.3363,0.660
19.282871002,0.2475,-0.5039,0.2550,0.617
19.285146155,0.2357,-0.5005,0.1760,0.581
19.287550694,0.2311,-0.5068,0.0979,0.566
19.290033232,0.2320,-0.5110,0.0229,0.562
19.292512925,0.2362,-0.5161,-0.0496,0.570
19.295378155,0.2455,-0.5198,-0.1190,0.587
19.297259694,0.2609,-0.5291,-0.1808,0.617
19.301288002,0.2783,-0.5391,-0.2438,0.654
19.302957232,0.3083,-0.5517,-0.3049,0.702
19.305550694,0.3379,-0.5652,-0.3647,0.753
19.307067925,0.3731,-0.5792,-0.4302,0.812
19.309328848,0.4048,-0.5950,-0.4964,0.874
19.311713848,0.4365,-0.6082,-0.5536,0.931
19.314458694,0.4664,-0.6155,-0.6066,0.982
19.321006694,0.4920,-0.6185,-0.6552,1.027
19.322019694,0.5113,-0.6190,-0.6975,1.064
19.322537463,0.5341,-0.6195,-0.7268,1.094
19.323610694,0.5565,-0.6223,-0.7483,1.121
19.337330771,0.5778,-0.6316,-0.7615,1.146
19.337724848,0.5914,-0.6385,-0.7676,1.160
19.338035925,0.6000,-0.6402,-0.7622,1.162
19.338194771,0.6042,-0.6368,-0.7461,1.152
19.33828854,0.5961,-0.6187,-0.7221,1.122
19.338609155,0.5839,-0.5994,-0.6897,1.084
19.340544002,0.5660,-0.5782,-0.6620,1.045
19.350845232,0.5483,-0.5554,-0.6237,0.999
19.351197463,0.5343,-0.5347,-0.5868,0.957
19.351371002,0.5236,-0.5158,-0.5555,0.921
19.351561232,0.5126,-0.4951,-0.5206,0.883
19.352358771,0.5047,-0.4821,-0.4857,0.850
19.355014694,0.5008,-0.4692,-0.4547,0.823
19.357614771,0.4950,-0.4538,-0.4293,0.797
19.360358694,0.4850,-0.4336,-0.4141,0.771
19.362430386,0.4700,-0.4115,-0.3999,0.742
19.365071309,0.4532,-0.3905,-0.3970,0.718
19.367507386,0.4388,-0.3730,-0.4062,0.705
19.369324848,0.4330,-0.3590,-0.4263,0.706
19.372351694,0.4407,-0.3448,-0.4432,0.714
19.375324848,0.4539,-0.3339,-0.4514,0.722
19.376587309,0.4779,-0.3211,-0.4530,0.733
19.379014078,0.5155,-0.3026,-0.4566,0.752
19.381594386,0.5516,-0.2782,-0.4474,0.763
19.38434154,0.5795,-0.2505,-0.4324,0.765
19.38673654,0.6093,-0.2227,-0.4067,0.766
19.389294155,0.6447,-0.1946,-0.3633,0.765
19.391617771,0.6814,-0.1711,-0.3156,0.770
19.393610155,0.7183,-0.1487,-0.2709,0.782
19.396086155,0.7579,-0.1277,-0.2301,0.802
19.398524925,0.7992,-0.1086,-0.1859,0.828
19.400830771,0.8409,-0.0932,-0.1363,0.857
19.403350078,0.8835,-0.0719,-0.0818,0.890
19.405776925,0.9235,-0.0504,-0.0293,0.925
19.408120232,0.9699,-0.0272,0.0319,0.971
19.410689155,1.0117,-0.0045,0.1145,1.018
19.413247309,1.0666,0.0252,0.1902,1.084
19.420744232,1.1209,0.0560,0.2760,1.156
19.421134078,1.1873,0.0848,0.3720,1.247
19.421309771,1.2443,0.1165,0.4758,1.337
19.423675694,1.2934,0.1530,0.5907,1.430
19.438339925,1.3379,0.1899,0.7038,1.524
19.439022078,1.3725,0.2273,0.7996,1.605
19.439174386,1.4041,0.2600,0.8867,1.681
19.439331309,1.4304,0.2932,0.9628,1.749
19.439471694,1.4478,0.3287,1.0246,1.804
19.439589848,1.4453,0.3721,1.0854,1.845
19.439727386,1.4195,0.4303,1.1445,1.873
19.452827694,1.3740,0.4989,1.2068,1.896
19.453395002,1.3070,0.5712,1.2740,1.912
19.453609463,1.2292,0.6499,1.3427,1.933
19.453898386,1.1456,0.7237,1.3935,1.944
19.45410154,1.0586,0.7931,1.4250,1.944
19.45431354,0.9741,0.8547,1.4299,1.930
19.456206078,0.8844,0.9113,1.4038,1.893
19.45862554,0.7857,0.9781,1.3486,1.842
19.461089771,0.6797,1.0447,1.2626,1.774
19.463593232,0.5697,1.1214,1.1565,1.709
19.46678054,0.4600,1.2071,1.0434,1.661
19.468321771,0.3684,1.2944,0.9379,1.640
19.470764848,0.2907,1.3774,0.8347,1.637
19.474850155,0.2331,1.4593,0.7414,1.653
19.475513848,0.2035,1.5250,0.6589,1.674
19.477981771,0.2138,1.5688,0.5883,1.689
19.480895309,0.2597,1.5837,0.5371,1.692
19.482756002,0.3289,1.5825,0.5012,1.692
19.485331002,0.4139,1.5724,0.4719,1.693
19.487708002,0.4984,1.5678,0.4560,1.707
19.490779925,0.5854,1.5722,0.4526,1.738
19.496623386,0.6662,1.5876,0.4621,1.783
19.49704054,0.7530,1.6003,0.4790,1.832
19.497380232,0.8509,1.5944,0.5040,1.876
19.499816309,0.9729,1.5661,0.5357,1.920
19.502342463,1.1092,1.5092,0.5650,1.956
19.504591386,1.2453,1.4359,0.5874,1.989
19.507151309,1.3757,1.3620,0.5963,2.026
19.509338386,1.4861,1.2963,0.6214,2.068
19.511772848,1.5724,1.2411,0.6405,2.103
19.514602078,1.6296,1.2052,0.6657,2.133
19.516873848,1.6559,1.1859,0.6891,2.150
19.519090771,1.6523,1.1798,0.7031,2.149
19.521731002,1.6205,1.1879,0.7082,2.130
19.528533848,1.5675,1.1913,0.7020,2.090
19.528968848,1.4938,1.1984,0.6801,2.032
19.529285232,1.4131,1.2062,0.6373,1.964
19.531211309,1.3254,1.2108,0.5758,1.885
19.544924925,1.2384,1.2111,0.5044,1.804
19.545344002,1.1573,1.2080,0.4199,1.725
19.545459925,1.0836,1.2028,0.3339,1.653
19.545584232,1.0149,1.1884,0.2559,1.584
19.545732002,0.9489,1.1742,0.1914,1.522
19.546059002,0.8844,1.1505,0.1460,1.458
19.55910454,0.8216,1.1246,0.1299,1.399
19.560021463,0.7705,1.0936,0.1431,1.345
19.560175617,0.7242,1.0626,0.1785,1.298
19.560321463,0.6765,1.0326,0.2447,1.258
19.560447694,0.6308,1.0088,0.3286,1.234
19.560581155,0.5793,0.9890,0.4213,1.221
19.562471694,0.5334,0.9636,0.5210,1.218
19.564763002,0.4882,0.9350,0.6256,1.226
19.567369771,0.4378,0.9069,0.7236,1.240
19.569810078,0.3853,0.8723,0.8186,1.257
19.572226078,0.3401,0.8395,0.9124,1.286
19.574271386,0.2976,0.8058,0.9867,1.308
19.576914771,0.2567,0.7777,1.0649,1.343
19.579543386,0.2218,0.7433,1.1423,1.381
19.581724002,0.1889,0.7086,1.2100,1.415
19.585057771,0.1549,0.6751,1.2774,1.453
19.58673754,0.1258,0.6485,1.3432,1.497
19.589334694,0.0957,0.6225,1.3935,1.529
19.591183309,0.0733,0.5979,1.4372,1.558
19.593844309,0.0545,0.5779,1.4709,1.581
19.596243694,0.0430,0.5546,1.4890,1.589
19.598611694,0.0340,0.5336,1.4983,1.591
19.60102954,0.0320,0.5155,1.4937,1.580
19.603371694,0.0284,0.4976,1.4795,1.561
19.605905848,0.0332,0.4875,1.4539,1.534
19.608165848,0.0412,0.4755,1.4159,1.494
19.610564232,0.0503,0.4664,1.3663,1.445
19.613029232,0.0626,0.4569,1.3027,1.382
19.615469771,0.0796,0.4471,1.2274,1.309
19.617746155,0.1080,0.4386,1.1338,1.220
19.620289771,0.1309,0.4300,1.0304,1.124
19.626274694,0.1595,0.4251,0.9163,1.023
19.626845155,0.1889,0.4254,0.8049,0.930
19.627681463,0.2131,0.4310,0.6920,0.843
19.629895078,0.2404,0.4328,0.5687,0.754
19.642470694,0.2634,0.4359,0.4546,0.683
19.642819002,0.2812,0.4479,0.3530,0.636
19.643430078,0.2944,0.4606,0.2538,0.603
19.643603078,0.3002,0.4728,0.1578,0.582
19.643707002,0.3019,0.4845,0.0659,0.575
19.645564002,0.2963,0.5038,-0.0188,0.585
19.65514954,0.2870,0.5224,-0.0955,0.604
19.656038463,0.2707,0.5378,-0.1666,0.625
19.656172848,0.2524,0.5534,-0.2250,0.648
19.656285232,0.2292,0.5679,-0.2816,0.674
19.656409232,0.1984,0.5798,-0.3317,0.697
19.658846694,0.1654,0.5949,-0.3626,0.716
19.661628309,0.1258,0.6086,-0.3755,0.726
19.664720002,0.0836,0.6252,-0.3808,0.737
19.665911925,0.0391,0.6429,-0.3738,0.745
19.668501771,-0.0067,0.6626,-0.3582,0.753
19.672137232,-0.0647,0.6800,-0.3364,0.761
19.673388848,-0.1236,0.7007,-0.3103,0.776
19.67585754,-0.1868,0.7188,-0.2704,0.790
19.679784925,-0.2462,0.7266,-0.2233,0.799
19.68051354,-0.3004,0.7352,-0.1639,0.811
19.683189155,-0.3515,0.7398,-0.0904,0.824
19.685535925,-0.3898,0.7471,-0.0068,0.843
19.689378386,-0.4260,0.7457,0.0776,0.862
19.690539694,-0.4548,0.7559,0.1751,0.899
19.692723386,-0.4854,0.7696,0.2846,0.953
19.695100232,-0.5149,0.7826,0.3989,1.018
19.697520002,-0.5347,0.7974,0.5238,1.094
19.699775925,-0.5457,0.8109,0.6459,1.172
19.702628309,-0.5457,0.8229,0.7617,1.247
19.705126078,-0.5308,0.8368,0.8778,1.324
19.707055386,-0.5074,0.8419,0.9833,1.390
19.709466386,-0.4685,0.8481,1.0779,1.449
19.711855694,-0.4241,0.8544,1.1631,1.504
19.714870463,-0.3720,0.8576,1.2361,1.550
19.716698463,-0.3200,0.8628,1.3011,1.594
19.719753463,-0.2633,0.8698,1.3603,1.636
19.724971309,-0.2068,0.8779,1.4206,1.683
19.725407694,-0.1470,0.8837,1.4700,1.721
19.727815694,-0.0879,0.8908,1.5117,1.757
19.729026386,-0.0283,0.8954,1.5471,1.788
19.740977463,0.0212,0.9047,1.5701,1.812
19.741311002,0.0752,0.9133,1.5890,1.834
19.741427694,0.1272,0.9201,1.6002,1.850
19.741730463,0.1744,0.9264,1.5962,1.854
19.741891694,0.2220,0.9341,1.5890,1.857
19.743255386,0.2646,0.9418,1.5787,1.857
19.754286694,0.2988,0.9490,1.5682,1.857
19.755071925,0.3215,0.9663,1.5499,1.855
19.755455002,0.3345,0.9856,1.5323,1.852
19.755731002,0.3347,1.0117,1.5107,1.849
19.755857155,0.3247,1.0408,1.4846,1.842
19.75896454,0.3135,1.0667,1.4551,1.831
19.760856617,0.3030,1.0894,1.4306,1.824
19.762735925,0.2939,1.1107,1.4028,1.813
19.764948925,0.2834,1.1305,1.3764,1.804
19.767266771,0.2804,1.1475,1.3549,1.798
19.770348617,0.2744,1.1584,1.3456,1.797
19.772115309,0.2665,1.1698,1.3481,1.805
19.775119386,0.2514,1.1833,1.3708,1.828
19.777354694,0.2252,1.2003,1.4111,1.866
19.779567386,0.1901,1.2204,1.4604,1.913
19.781771309,0.1502,1.2348,1.5188,1.963
19.784479002,0.1104,1.2514,1.5860,2.023
19.786766463,0.0726,1.2583,1.6593,2.084
19.78898154,0.0235,1.2719,1.7311,2.148
19.791347078,-0.0265,1.2837,1.7949,2.207
19.794298386,-0.0822,1.2944,1.8721,2.278
19.796633771,-0.1380,1.3100,1.9447,2.349
19.798895925,-0.1802,1.3201,2.0053,2.408
19.801261463,-0.2035,1.3240,2.0634,2.460
19.804677771,-0.2237,1.3223,2.0908,2.484
19.805895309,-0.2366,1.3089,2.1057,2.491
19.808355694,-0.2389,1.2788,2.1042,2.474
19.810916309,-0.2447,1.2429,2.0832,2.438
19.813370463,-0.2435,1.2052,2.0468,2.388
19.815618463,-0.2471,1.1794,1.9908,2.327
19.818856925,-0.2513,1.1735,1.9230,2.267
19.824408309,-0.2515,1.1962,1.8574,2.224
19.824906078,-0.2564,1.2407,1.8003,2.201
19.825440002,-0.2445,1.2959,1.7629,2.202
19.827619694,-0.2159,1.3501,1.7387,2.212
19.843126155,-0.1688,1.3797,1.7199,2.211
19.843540232,-0.0915,1.3743,1.6852,2.176
19.843912002,0.0263,1.3266,1.6412,2.111
19.84401254,0.1725,1.2418,1.5628,2.004
19.844103925,0.3279,1.1405,1.4611,1.882
19.844199309,0.4764,1.0447,1.3603,1.780
19.854758463,0.6086,0.9572,1.2574,1.693
19.855177848,0.7239,0.8947,1.1436,1.622
19.855291386,0.8229,0.8449,1.0272,1.564
19.855406771,0.9201,0.8006,0.9259,1.531
19.855512925,1.0073,0.7645,0.8384,1.517
19.856573848,1.1031,0.7359,0.7376,1.517
19.85986854,1.1925,0.7114,0.6596,1.537
19.862591078,1.2844,0.6914,0.5741,1.568
19.863674155,1.3676,0.6704,0.4942,1.601
19.866165463,1.4437,0.6492,0.4108,1.635
19.868762463,1.5145,0.6294,0.3400,1.675
19.871180617,1.5834,0.6071,0.2757,1.718
19.873432617,1.6417,0.5849,0.2154,1.756
19.876310694,1.6943,0.5619,0.1609,1.792
19.879147694,1.7439,0.5334,0.1087,1.827
19.880635002,1.7828,0.4994,0.0574,1.852
19.883125155,1.8062,0.4642,0.0114,1.865
19.885596848,1.8173,0.4286,-0.0225,1.867
19.88789654,1.8133,0.3885,-0.0469,1.855
19.890667309,1.7969,0.3445,-0.0586,1.831
19.893076848,1.7715,0.2922,-0.0598,1.796
19.895341155,1.7393,0.2360,-0.0498,1.756
19.898006386,1.6973,0.1745,-0.0332,1.707
19.900280848,1.6452,0.1097,-0.0063,1.649
19.903255617,1.5895,0.0476,0.0300,1.590
19.904765155,1.5274,-0.0180,0.0803,1.530
19.907283078,1.4551,-0.0697,0.1458,1.464
19.909692002,1.3794,-0.1191,0.2374,1.405
19.912159078,1.2975,-0.1648,0.3407,1.352
19.914425155,1.2135,-0.2044,0.4580,1.313
19.917081463,1.1239,-0.2400,0.5919,1.293
19.91941254,1.0305,-0.2759,0.7441,1.301
19.923753232,0.9406,-0.3089,0.8934,1.334
19.924433155,0.8541,-0.3314,1.0363,1.383
19.927430386,0.7847,-0.3504,1.1723,1.454
19.940895617,0.7144,-0.3656,1.2936,1.522
19.941702771,0.6589,-0.3800,1.3976,1.591
19.941975386,0.6088,-0.3888,1.4883,1.654
19.942161848,0.5621,-0.3910,1.5682,1.711
19.942280848,0.5318,-0.3920,1.6263,1.755
19.942409848,0.5131,-0.3949,1.6647,1.786
19.943986078,0.5040,-0.4017,1.6854,1.804
19.955943386,0.5043,-0.4079,1.6845,1.805
19.956694155,0.5108,-0.4198,1.6608,1.788
19.956884309,0.5177,-0.4362,1.6144,1.751
19.957052925,0.5280,-0.4504,1.5538,1.702
19.957213155,0.5372,-0.4618,1.4819,1.643
19.959076617,0.5465,-0.4746,1.3917,1.569
19.960743694,0.5499,-0.4836,1.2934,1.486
19.962791925,0.5467,-0.4890,1.1870,1.395
19.965017155,0.5431,-0.4912,1.0751,1.301
19.967549771,0.5348,-0.4909,0.9630,1.206
19.969775309,0.5245,-0.4880,0.8541,1.115
19.97240054,0.5152,-0.4880,0.7411,1.026
19.974982463,0.5082,-0.4875,0.6266,0.943
19.977450078,0.5003,-0.4839,0.5137,0.865
19.97995354,0.4838,-0.4763,0.3969,0.786
19.982070155,0.4735,-0.4714,0.2762,0.723
19.984844617,0.4607,-0.4706,0.1514,0.676
19.98682954,0.4512,-0.4653,0.0263,0.649
19.989772617,0.4405,-0.4580,-0.0957,0.643
19.99168454,0.4237,-0.4438,-0.2155,0.650
19.99419654,0.4104,-0.4299,-0.3289,0.679
19.996334771,0.3943,-0.4135,-0.4353,0.718
19.99900054,0.3823,-0.3966,-0.5321,0.766
20.001424002,0.3718,-0.3812,-0.6196,0.817
20.003557463,0.3628,-0.3686,-0.6948,0.866
20.006080617,0.3577,-0.3563,-0.7579,0.911
20.009192617,0.3608,-0.3465,-0.8120,0.954
20.010944309,0.3659,-0.3360,-0.8565,0.990
20.013308617,0.3743,-0.3250,-0.8891,1.018
20.015761463,0.3872,-0.3150,-0.9066,1.035
20.021836925,0.4107,-0.3060,-0.9191,1.052
20.022487002,0.4302,-0.2943,-0.9228,1.060
20.022853232,0.4526,-0.2850,-0.9081,1.054
20.025452309,0.4777,-0.2840,-0.8847,1.045
20.039508848,0.5020,-0.2813,-0.8429,1.021
20.040013463,0.5285,-0.2806,-0.7957,0.996
20.040098694,0.5595,-0.2818,-0.7407,0.970
20.040228232,0.5863,-0.2843,-0.6797,0.942
20.040372002,0.6120,-0.2882,-0.6098,0.911
20.040485232,0.6323,-0.2925,-0.5397,0.881
20.052024002,0.6506,-0.2938,-0.4717,0.856
20.052611694,0.6616,-0.2955,-0.4073,0.831
20.053079309,0.6689,-0.3001,-0.3464,0.811
20.053437155,0.6787,-0.3080,-0.2819,0.797
20.056269848,0.6809,-0.3165,-0.2066,0.779
20.056550694,0.6821,-0.3178,-0.1270,0.763
20.056726694,0.6865,-0.3167,-0.0557,0.758
20.060471078,0.6918,-0.3162,0.0050,0.761
20.061337232,0.6975,-0.3111,0.0635,0.766
20.063817232,0.7097,-0.3094,0.1199,0.783
20.066437848,0.7290,-0.3082,0.1460,0.805
20.068858155,0.7517,-0.3080,0.2063,0.838
20.071166463,0.7843,-0.3069,0.2398,0.876
20.073623078,0.8194,-0.3050,0.2482,0.909
20.076089771,0.8558,-0.3013,0.2667,0.946
20.078423386,0.8873,-0.2915,0.2778,0.974
20.080826386,0.9096,-0.2769,0.2804,0.991
20.083332002,0.9228,-0.2530,0.2909,1.000
20.085721771,0.9287,-0.2300,0.2953,1.001
20.088185232,0.9271,-0.2078,0.3019,0.997
20.09071754,0.9264,-0.1860,0.3129,0.995
20.093266463,0.9264,-0.1660,0.3356,0.999
20.095298463,0.9250,-0.1459,0.3652,1.005
20.097783309,0.9176,-0.1217,0.4001,1.008
20.100809463,0.9173,-0.0968,0.4343,1.020
20.102867002,0.9130,-0.0649,0.4661,1.027
20.104897463,0.9169,-0.0350,0.4949,1.043
20.107921232,0.9247,-0.0062,0.5252,1.063
20.11006954,0.9382,0.0210,0.5665,1.096
20.11613254,0.9555,0.0455,0.6176,1.139
20.116427694,0.9821,0.0623,0.6745,1.193
20.120070078,1.0085,0.0746,0.7521,1.260
20.120539386,1.0330,0.0874,0.8369,1.332
20.121879386,1.0498,0.1078,0.9386,1.412
20.124054078,1.0510,0.1344,1.0465,1.489
20.13708154,1.0400,0.1796,1.1680,1.574
20.137425155,1.0170,0.2323,1.2975,1.665
20.137536309,0.9883,0.2952,1.4350,1.767
20.137648617,0.9516,0.3667,1.5869,1.886
20.137778078,0.9073,0.4420,1.7262,2.000
20.138605848,0.8578,0.5175,1.8457,2.100
20.141155694,0.8006,0.5879,1.9244,2.166
20.151846079,0.7468,0.6499,1.9520,2.189
20.152215617,0.7060,0.7037,1.9317,2.174
20.152331309,0.6836,0.7489,1.8611,2.119
20.152421155,0.6809,0.8016,1.7565,2.047
20.153130386,0.6860,0.8551,1.6317,1.966
20.155773232,0.6931,0.9206,1.4934,1.886
20.158694079,0.6992,0.9973,1.3425,1.813
20.161303925,0.7134,1.0716,1.1868,1.751
20.162866694,0.7351,1.1417,1.0588,1.722
20.165405848,0.7596,1.2099,0.9498,1.716
20.167688848,0.7889,1.2702,0.8536,1.722
20.169993771,0.8143,1.3376,0.7722,1.746
20.172652617,0.8446,1.4048,0.7064,1.785
20.175066463,0.8705,1.4622,0.6581,1.825
20.177116617,0.9015,1.5157,0.6173,1.868
20.179553771,0.9259,1.5521,0.5897,1.901
20.182265848,0.9492,1.5749,0.5677,1.924
20.184520617,0.9767,1.5768,0.5445,1.933
20.186755694,1.0049,1.5590,0.5254,1.928
20.189301155,1.0279,1.5246,0.5115,1.909
20.191699694,1.0459,1.4896,0.5117,1.891
20.194014771,1.0615,1.4533,0.5217,1.874
20.196380848,1.0735,1.4156,0.5457,1.859
20.199074155,1.0843,1.3770,0.5851,1.848
20.201267925,1.0952,1.3347,0.6342,1.839
20.203730463,1.1141,1.2849,0.6920,1.836
20.206478079,1.1255,1.2411,0.7427,1.833
20.208660232,1.1309,1.1971,0.7788,1.822
20.211028309,1.1323,1.1584,0.8037,1.808
20.213499079,1.1297,1.1332,0.8254,1.800
20.217381463,1.1178,1.1139,0.8452,1.790
20.218180232,1.1053,1.0924,0.8489,1.771
20.220536002,1.0929,1.0729,0.8428,1.748
20.223279925,1.0801,1.0511,0.8328,1.722
20.230501155,1.0671,1.0308,0.8247,1.698
20.230839002,1.0422,1.0076,0.8138,1.662
20.230937155,1.0132,0.9834,0.8025,1.624
20.247121463,0.9736,0.9619,0.7919,1.581
20.247582386,0.9145,0.9458,0.7873,1.533
20.247689232,0.8488,0.9367,0.7839,1.487
20.247789771,0.7808,0.9362,0.7795,1.447
20.247888925,0.7144,0.9404,0.7702,1.410
20.247987694,0.6469,0.9416,0.7602,1.372
20.24808554,0.5832,0.9414,0.7478,1.336
20.249698771,0.5216,0.9369,0.7378,1.302
20.252627694,0.4622,0.9272,0.7316,1.268
20.255570155,0.4090,0.9164,0.7267,1.239
20.257966155,0.3638,0.9040,0.7280,1.216
20.259362463,0.3240,0.8915,0.7336,1.199
20.262026079,0.2893,0.8822,0.7532,1.196
20.264251925,0.2621,0.8744,0.7807,1.201
20.266791925,0.2397,0.8651,0.8145,1.212
20.269173232,0.2238,0.8527,0.8433,1.220
20.271965771,0.2091,0.8424,0.8734,1.231
20.274895925,0.2001,0.8290,0.9124,1.249
20.276133848,0.1901,0.8178,0.9484,1.267
20.278623002,0.1812,0.8023,0.9815,1.281
20.281113232,0.1700,0.7904,1.0050,1.290
20.283587925,0.1566,0.7762,1.0190,1.290
20.285784848,0.1524,0.7582,1.0219,1.282
20.288436002,0.1495,0.7415,1.0162,1.267
20.290726386,0.1476,0.7215,1.0041,1.245
20.292939079,0.1370,0.7021,0.9825,1.215
20.295560617,0.1272,0.6839,0.9513,1.179
20.298036617,0.1195,0.6614,0.9168,1.137
20.300327617,0.1131,0.6469,0.8753,1.094
20.30296854,0.1114,0.6287,0.8296,1.047
20.305494079,0.1111,0.6135,0.7791,0.998
20.308083386,0.1143,0.6042,0.7262,0.952
20.309996617,0.1158,0.5912,0.6703,0.901
20.31264554,0.1209,0.5803,0.6124,0.852
20.315858386,0.1226,0.5749,0.5501,0.805
20.317335617,0.1246,0.5700,0.4935,0.764
20.320103694,0.1265,0.5688,0.4360,0.728
20.322570463,0.1263,0.5651,0.3789,0.692
20.32708054,0.1263,0.5619,0.3300,0.664
20.32758454,0.1246,0.5598,0.2874,0.641
20.329304002,0.1234,0.5586,0.2552,0.626
20.345564232,0.1236,0.5612,0.2384,0.622
20.345938463,0.1288,0.5598,0.2047,0.610
20.346036309,0.1295,0.5612,0.1788,0.603
20.346109848,0.1295,0.5630,0.1604,0.600
20.346175617,0.1241,0.5670,0.1365,0.596
20.346243309,0.1172,0.5710,0.1159,0.594
20.346593155,0.1055,0.5781,0.0975,0.596
20.359427925,0.0889,0.5871,0.0820,0.599
20.359855694,0.0706,0.6017,0.0715,0.610
20.360014463,0.0445,0.6150,0.0632,0.620
20.360146079,0.0137,0.6280,0.0547,0.630
20.360285848,-0.0204,0.6453,0.0476,0.647
20.360787079,-0.0505,0.6587,0.0358,0.662
20.362932309,-0.0776,0.6709,0.0272,0.676
20.365526771,-0.0969,0.6746,0.0332,0.682
20.368174079,-0.1184,0.6858,0.0495,0.698
20.370379386,-0.1380,0.6993,0.0842,0.718
20.373840617,-0.1518,0.7125,0.1277,0.740
20.374959079,-0.1644,0.7273,0.1719,0.765
20.377411079,-0.1734,0.7415,0.2191,0.792
20.380093771,-0.1785,0.7566,0.2806,0.826
20.382341155,-0.1893,0.7720,0.3412,0.865
20.384618463,-0.2027,0.7833,0.4082,0.906
20.387157155,-0.2184,0.7962,0.4721,0.951
20.389591617,-0.2266,0.8050,0.5289,0.989
20.391847002,-0.2337,0.8109,0.5750,1.021
20.394881848,-0.2386,0.8132,0.6207,1.050
20.396994463,-0.2340,0.8123,0.6561,1.070
20.399383925,-0.2249,0.8074,0.6920,1.087
20.401514079,-0.2071,0.8011,0.7229,1.099
20.404247386,-0.1917,0.7950,0.7524,1.111
20.406509155,-0.1716,0.7955,0.7842,1.130
20.408757771,-0.1558,0.7999,0.8218,1.157
20.411332002,-0.1331,0.8034,0.8601,1.184
20.413907694,-0.1066,0.8085,0.8953,1.211
20.416051079,-0.0822,0.8183,0.9198,1.234
20.418531002,-0.0532,0.8256,0.9420,1.254
20.421200925,-0.0151,0.8270,0.9615,1.268
20.426236848,0.0249,0.8316,0.9960,1.298
20.426767386,0.0603,0.8344,1.0214,1.320
20.428242079,0.1011,0.8456,1.0324,1.338
20.444247002,0.1526,0.8519,1.0376,1.351
20.444729155,0.2128,0.8542,1.0419,1.364
20.445075386,0.2736,0.8625,1.0544,1.389
20.445215079,0.3345,0.8720,1.0824,1.430
20.445316309,0.3916,0.8651,1.1299,1.476
20.445431309,0.4542,0.8566,1.1790,1.526
20.445536848,0.5101,0.8466,1.2542,1.597
20.457742155,0.5534,0.8337,1.3530,1.683
20.458339079,0.5844,0.8288,1.4499,1.769
20.458534079,0.6000,0.8253,1.5518,1.857
20.45868854,0.6042,0.8283,1.6666,1.957
20.458884002,0.5942,0.8325,1.7854,2.058
20.459474386,0.5641,0.8374,1.9034,2.155
20.462018155,0.5189,0.8470,2.0129,2.245
20.464636002,0.4591,0.8674,2.1128,2.330
20.466579925,0.3764,0.8957,2.2121,2.416
20.469189463,0.2768,0.9282,2.2931,2.489
20.471722694,0.1622,0.9672,2.3524,2.549
20.474439617,0.0415,0.9930,2.3683,2.568
20.476303309,-0.0730,1.0191,2.3419,2.555
20.479438463,-0.1949,1.0382,2.2715,2.505
20.481453463,-0.3065,1.0555,2.1545,2.419
20.483602463,-0.4071,1.0687,2.0126,2.315
20.486293232,-0.4922,1.0870,1.8426,2.195
20.489359079,-0.5694,1.1088,1.6481,2.066
20.490755386,-0.6319,1.1376,1.4282,1.932
20.493482771,-0.6713,1.1640,1.1925,1.797
20.495800002,-0.6936,1.1798,0.9557,1.669
20.498251002,-0.6971,1.1884,0.7123,1.551
20.500790155,-0.6705,1.1869,0.4730,1.443
20.503351386,-0.6183,1.1813,0.2615,1.359
20.505902463,-0.5531,1.1740,0.0913,1.301
20.507748925,-0.4753,1.1640,-0.0493,1.258
20.510198155,-0.3835,1.1615,-0.1478,1.232
20.512732309,-0.2826,1.1568,-0.1847,1.205
20.515072925,-0.1788,1.1566,-0.1619,1.182
20.517394079,-0.0786,1.1481,-0.0794,1.153
20.519916309,0.0105,1.1286,0.0525,1.130
20.524688309,0.0899,1.0902,0.2252,1.117
20.525236848,0.1519,1.0361,0.4223,1.129
20.527365232,0.1901,0.9721,0.6221,1.170
20.529647002,0.2084,0.9050,0.8350,1.249
20.541300232,0.2094,0.8409,1.0568,1.367
20.541790694,0.1940,0.7913,1.2623,1.502
20.541903002,0.1722,0.7440,1.4372,1.628
20.541998386,0.1505,0.7027,1.5914,1.746
20.542078694,0.1248,0.6614,1.7370,1.863
20.543731925,0.0936,0.6255,1.8572,1.962
20.546571694,0.0752,0.5861,1.9500,2.038
20.555072002,0.0675,0.5490,2.0121,2.087
20.555624925,0.0740,0.5085,2.0314,2.095
20.555780617,0.0962,0.4645,2.0169,2.072
20.556943925,0.1297,0.4237,1.9598,2.009
20.558401155,0.1756,0.3809,1.8645,1.911
20.561415079,0.2313,0.3380,1.7387,1.786
20.563974155,0.2925,0.2925,1.5904,1.643
20.565747002,0.3601,0.2495,1.4360,1.501
20.568300232,0.4327,0.2134,1.2789,1.367
20.572092617,0.5062,0.1803,1.1208,1.243
20.572944848,0.5729,0.1591,0.9640,1.133
20.575280925,0.6382,0.1400,0.8071,1.038
20.578111694,0.7056,0.1270,0.6452,0.965
20.580335694,0.7715,0.1186,0.4795,0.916
20.582408617,0.8374,0.1112,0.3072,0.899
20.585124002,0.9030,0.1093,0.1280,0.919
20.588227617,0.9675,0.1058,-0.0340,0.974
20.589768848,1.0379,0.0992,-0.1768,1.057
20.592252232,1.1036,0.0880,-0.2981,1.146
20.594752617,1.1756,0.0718,-0.3938,1.242
20.600475309,1.2438,0.0457,-0.4654,1.329
20.601002155,1.3098,0.0205,-0.5071,1.405
20.602194694,1.3708,-0.0038,-0.5157,1.465
20.604462386,1.4280,-0.0290,-0.4913,1.510
20.606513771,1.4796,-0.0553,-0.4353,1.543
20.609106079,1.5231,-0.0793,-0.3450,1.564
20.611649232,1.5555,-0.0971,-0.2208,1.574
20.61388454,1.5729,-0.1079,-0.0752,1.578
20.616574386,1.5734,-0.1157,0.0740,1.579
20.619090386,1.5636,-0.1217,0.2240,1.584
20.624354463,1.5446,-0.1326,0.3624,1.592
20.624856232,1.5194,-0.1562,0.4839,1.602
20.625823925,1.4815,-0.1711,0.5909,1.604
20.642345771,1.4346,-0.1848,0.6835,1.600
20.642772848,1.3872,-0.2029,0.7619,1.596
20.643169463,1.3344,-0.2212,0.8254,1.585
20.643272002,1.2829,-0.2403,0.8829,1.576
20.643451386,1.2306,-0.2547,0.9396,1.569
20.643611309,1.1791,-0.2610,0.9929,1.563
20.643702463,1.1216,-0.2659,1.0385,1.552
20.655399079,1.0708,-0.2686,1.0784,1.543
20.656308309,1.0214,-0.2708,1.1084,1.531
20.656613155,0.9792,-0.2752,1.1284,1.519
20.656717155,0.9433,-0.2847,1.1374,1.505
20.656990694,0.9081,-0.2945,1.1360,1.484
20.657983079,0.8758,-0.3008,1.1224,1.455
20.659587002,0.8465,-0.3072,1.1010,1.422
20.662466386,0.8231,-0.3075,1.0749,1.388
20.664663694,0.8050,-0.3082,1.0441,1.354
20.667358463,0.7850,-0.3020,1.0111,1.315
20.669727617,0.7720,-0.2985,0.9722,1.277
20.672429155,0.7584,-0.2938,0.9283,1.234
20.674083386,0.7461,-0.2882,0.8834,1.192
20.676821771,0.7432,-0.2855,0.8359,1.154
20.679833463,0.7398,-0.2796,0.7823,1.112
20.681291386,0.7361,-0.2754,0.7143,1.062
20.683927617,0.7332,-0.2733,0.6347,1.007
20.686347002,0.7281,-0.2718,0.5589,0.957
20.688506771,0.7251,-0.2686,0.4812,0.911
20.690975309,0.7205,-0.2635,0.4018,0.866
20.69353754,0.7158,-0.2573,0.3314,0.830
20.696052925,0.7076,-0.2512,0.2652,0.796
20.698238386,0.7016,-0.2430,0.2044,0.770
20.701315617,0.6923,-0.2351,0.1483,0.746
20.703716002,0.6836,-0.2249,0.0964,0.726
20.70583654,0.6682,-0.2210,0.0419,0.705
20.707940309,0.6606,-0.2144,-0.0100,0.695
20.710589771,0.6594,-0.2124,-0.0591,0.695
20.712661232,0.6685,-0.2078,-0.1065,0.708
20.715327925,0.6748,-0.2025,-0.1478,0.720
20.717486386,0.6853,-0.1963,-0.1881,0.737
20.723547079,0.6941,-0.1829,-0.2260,0.753
20.724025232,0.7060,-0.1741,-0.2611,0.773
20.72544454,0.7156,-0.1633,-0.2934,0.790
20.727316848,0.7288,-0.1536,-0.3203,0.811
20.741967386,0.7493,-0.1459,-0.3471,0.839
20.742393155,0.7764,-0.1382,-0.3787,0.875
20.742743386,0.8077,-0.1326,-0.4073,0.914
20.742817771,0.8475,-0.1220,-0.4236,0.955
20.742885848,0.8790,-0.1171,-0.4414,0.991
20.742953771,0.9113,-0.1159,-0.4586,1.027
20.754698386,0.9452,-0.1133,-0.4740,1.063
20.755247386,0.9750,-0.1110,-0.4728,1.089
20.755392232,0.9978,-0.1125,-0.4615,1.105
20.755526079,1.0168,-0.1117,-0.4409,1.114
20.755657771,1.0319,-0.1071,-0.4160,1.118
20.756037232,1.0435,-0.1068,-0.3794,1.115
20.758519694,1.0554,-0.1056,-0.3379,1.113
20.761273771,1.0720,-0.1071,-0.2865,1.115
20.763280232,1.0843,-0.1117,-0.2318,1.114
20.765766694,1.0911,-0.1142,-0.1732,1.111
20.768229848,1.0957,-0.1110,-0.1174,1.108
20.771019079,1.0994,-0.1152,-0.0650,1.107
20.773018694,1.1055,-0.1164,-0.0083,1.112
20.775628232,1.1221,-0.1228,0.0473,1.130
20.778316232,1.1424,-0.1289,0.1059,1.155
20.780099617,1.1646,-0.1357,0.1814,1.186
20.782804232,1.1856,-0.1362,0.2652,1.223
20.785439386,1.2113,-0.1357,0.3617,1.271
20.787839694,1.2360,-0.1315,0.4595,1.325
20.789818694,1.2704,-0.1233,0.5645,1.396
20.792623002,1.3066,-0.1112,0.6815,1.478
20.795810771,1.3464,-0.0915,0.8084,1.573
20.797447309,1.3869,-0.0688,0.9410,1.677
20.799685463,1.4273,-0.0350,1.0737,1.786
20.802416309,1.4659,0.0103,1.2173,1.905
20.804579694,1.4966,0.0675,1.3777,2.035
20.806831386,1.5140,0.1310,1.5408,2.164
20.809370155,1.5250,0.2092,1.7001,2.293
20.811883617,1.5157,0.2832,1.8594,2.416
20.814971617,1.4925,0.3585,2.0082,2.528
20.818377848,1.4619,0.4200,2.1291,2.617
20.819098079,1.4290,0.4720,2.2095,2.673
20.823537771,1.4011,0.5104,2.2396,2.691
20.824078463,1.3718,0.5439,2.2051,2.653
20.826197155,1.3412,0.5759,2.1037,2.560
20.840523925,1.3024,0.6131,1.9307,2.408
20.840878771,1.2476,0.6555,1.7008,2.209
20.841001232,1.1768,0.7093,1.4413,1.991
20.841116309,1.0862,0.7799,1.1751,1.780
20.841235002,0.9858,0.8607,0.9114,1.595
20.841349848,0.8917,0.9465,0.6652,1.461
20.854710155,0.8211,1.0137,0.4211,1.371
20.855651694,0.7647,1.0587,0.1993,1.321
20.855905771,0.7283,1.0906,0.0055,1.311
20.856051925,0.7029,1.1126,-0.1486,1.324
20.856182155,0.6811,1.1317,-0.2553,1.345
20.856673848,0.6677,1.1561,-0.3117,1.371
20.858048925,0.6594,1.1838,-0.3161,1.391
20.860789155,0.6428,1.2153,-0.2734,1.402
20.86211654,0.6340,1.2395,-0.1803,1.404
20.864578463,0.6274,1.2427,-0.0440,1.393
20.867124925,0.6277,1.2272,0.1047,1.382
20.871250386,0.6326,1.1945,0.2538,1.375
20.872839617,0.6333,1.1515,0.3955,1.372
20.87415354,0.6310,1.1023,0.5279,1.376
20.876787694,0.6254,1.0550,0.6637,1.395
20.879007079,0.6161,1.0086,0.8030,1.429
20.881805848,0.6023,0.9609,0.9396,1.473
20.885220925,0.5832,0.9213,1.0673,1.526
20.886355925,0.5580,0.8940,1.1937,1.592
20.888741232,0.5265,0.8759,1.3141,1.665
20.891197771,0.4926,0.8671,1.4069,1.725
20.893707079,0.4571,0.8681,1.4922,1.786
20.896834386,0.4265,0.8777,1.5569,1.837
20.898536002,0.4011,0.8896,1.5943,1.869
20.902003002,0.3760,0.9023,1.6085,1.882
20.903225463,0.3510,0.9062,1.5962,1.869
20.905586463,0.3259,0.9050,1.5657,1.838
20.908125848,0.2976,0.8991,1.5293,1.799
20.910727079,0.2685,0.8908,1.4849,1.752
20.913387002,0.2353,0.8873,1.4325,1.701
20.91540154,0.1973,0.8815,1.3742,1.645
20.921083309,0.1573,0.8820,1.3165,1.592
20.921510155,0.1190,0.8791,1.2577,1.539
20.922400002,0.0833,0.8793,1.1941,1.485
20.924984309,0.0577,0.8828,1.1325,1.437
20.939266079,0.0381,0.8793,1.0742,1.389
20.939730386,0.0349,0.8693,1.0043,1.329
20.939876309,0.0393,0.8583,0.9274,1.264
20.939996848,0.0562,0.8454,0.8582,1.206
20.940116232,0.0715,0.8305,0.7998,1.155
20.940186694,0.0829,0.8155,0.7504,1.111
20.942826386,0.0938,0.8043,0.7109,1.078
20.953906694,0.1083,0.7916,0.6738,1.045
20.95460154,0.1263,0.7755,0.6342,1.010
20.954759925,0.1414,0.7603,0.5972,0.977
20.954914079,0.1637,0.7393,0.5623,0.943
20.955046079,0.1854,0.7195,0.5240,0.909
20.956453232,0.2064,0.7021,0.4819,0.876
20.959219386,0.2264,0.6832,0.4472,0.847
20.960936309,0.2462,0.6604,0.4031,0.812
20.963339925,0.2697,0.6401,0.3654,0.785
20.966413155,0.2925,0.6169,0.3270,0.757
20.968422694,0.3140,0.5908,0.2927,0.730
20.97068454,0.3386,0.5670,0.2547,0.708
20.973506386,0.3680,0.5393,0.2205,0.689
20.976463694,0.3975,0.5143,0.1958,0.679
20.978015386,0.4200,0.4931,0.1790,0.672
20.980389848,0.4390,0.4780,0.1685,0.670
20.983011002,0.4549,0.4620,0.1685,0.670
20.985201232,0.4659,0.4486,0.1751,0.670
20.98762554,0.4696,0.4412,0.1824,0.670
20.990078694,0.4717,0.4319,0.1958,0.669
20.992551079,0.4745,0.4191,0.2135,0.668
20.994783694,0.4801,0.4110,0.2366,0.675
20.997444617,0.4873,0.3995,0.2587,0.681
20.999877771,0.4908,0.3904,0.2816,0.687
21.002175309,0.4886,0.3877,0.3080,0.696
21.004513463,0.4796,0.3956,0.3439,0.710
21.007775309,0.4671,0.4049,0.3766,0.724
21.009514079,0.4470,0.4151,0.4118,0.736
21.011788232,0.4251,0.4266,0.4480,0.751
21.014404002,0.3953,0.4391,0.4879,0.766
21.017924848,0.3594,0.4523,0.5226,0.779
21.01935254,0.3235,0.4654,0.5533,0.792
21.021370771,0.2768,0.4777,0.5729,0.796
21.023871079,0.2333,0.4924,0.5806,0.796
21.026484309,0.1771,0.5139,0.5804,0.795
21.028907617,0.1187,0.5358,0.5799,0.798
21.031260309,0.0574,0.5612,0.5897,0.816
21.037474463,-0.0070,0.5940,0.5904,0.838
21.038363079,-0.0759,0.6252,0.5914,0.864
21.038610771,-0.1369,0.6521,0.5772,0.882
21.040639002,-0.1993,0.6770,0.5713,0.908
21.05376554,-0.2611,0.7034,0.5599,0.936
21.054232925,-0.3263,0.7333,0.5513,0.974
21.054415079,-0.3898,0.7608,0.5399,1.011
21.054942386,-0.4519,0.7918,0.5350,1.057
21.055129771,-0.4998,0.8192,0.5271,1.095
21.055410155,-0.5423,0.8421,0.5235,1.130
21.057563309,-0.5736,0.8651,0.5186,1.160
21.067898463,-0.5939,0.8791,0.5142,1.179
21.068693155,-0.5985,0.8974,0.5096,1.193
21.068974386,-0.5862,0.9089,0.5093,1.195
21.069217848,-0.5555,0.9180,0.5115,1.189
21.069467079,-0.5064,0.9231,0.5164,1.173
21.072246771,-0.4429,0.9238,0.5320,1.154
21.075519079,-0.3656,0.9313,0.5592,1.146
21.076770079,-0.2836,0.9345,0.5911,1.142
21.079179925,-0.2030,0.9402,0.6412,1.156
21.081924848,-0.1103,0.9450,0.6969,1.179
21.084073155,-0.0258,0.9465,0.7514,1.209
21.086690079,0.0615,0.9485,0.8206,1.256
21.089329848,0.1488,0.9446,0.8937,1.309
21.091526694,0.2341,0.9394,0.9596,1.363
21.09370554,0.3176,0.9333,1.0146,1.415
21.096603386,0.3880,0.9289,1.0884,1.483
21.099510694,0.4439,0.9267,1.1785,1.564
21.101043617,0.4842,0.9287,1.2733,1.649
21.103376002,0.5099,0.9375,1.3630,1.731
21.10630554,0.5208,0.9429,1.4416,1.800
21.108484309,0.5194,0.9409,1.5164,1.859
21.110851617,0.5084,0.9448,1.5946,1.922
21.113514463,0.4857,0.9458,1.6703,1.980
21.116560232,0.4519,0.9441,1.7451,2.035
21.123175079,0.4095,0.9450,1.8210,2.092
21.123474771,0.3547,0.9465,1.8951,2.148
21.123688232,0.2925,0.9509,1.9635,2.201
21.126006079,0.2274,0.9536,2.0248,2.250
21.127464617,0.1676,0.9570,2.0735,2.290
21.129929232,0.1127,0.9626,2.0979,2.311
21.134535002,0.0633,0.9688,2.1257,2.337
21.134844309,0.0235,0.9709,2.1352,2.346
21.137283079,-0.0083,0.9680,2.1416,2.350
21.139627617,-0.0412,0.9702,2.1467,2.356
21.147696617,-0.0728,0.9721,2.1553,2.366
21.148060309,-0.1040,0.9785,2.1609,2.374
21.148158463,-0.1326,0.9926,2.1746,2.394
21.149100309,-0.1634,1.0140,2.1809,2.411
21.151422694,-0.1849,1.0389,2.1718,2.415
21.153873771,-0.2032,1.0640,2.1494,2.407
21.160980848,-0.2142,1.0867,2.1240,2.395
21.161436848,-0.2220,1.1034,2.0844,2.369
21.161558079,-0.2156,1.1153,2.0165,2.314
21.164227079,-0.1963,1.1144,1.9515,2.256
21.166120232,-0.1651,1.1063,1.8697,2.179
21.168321848,-0.1248,1.0916,1.7685,2.082
21.171013848,-0.0810,1.0667,1.6586,1.974
21.173770386,-0.0339,1.0376,1.5377,1.855
21.175621232,0.0005,1.0112,1.4133,1.738
21.177982771,0.0315,0.9912,1.2874,1.625
21.181255925,0.0603,0.9814,1.1631,1.523
21.183181232,0.0931,0.9819,1.0537,1.443
21.185255386,0.1239,0.9939,0.9659,1.391
21.188312232,0.1554,1.0193,0.8970,1.367
21.190599617,0.1920,1.0433,0.8404,1.353
21.192478079,0.2269,1.0704,0.7896,1.349
21.19529654,0.2607,1.0885,0.7483,1.346
21.197937463,0.2917,1.1014,0.7123,1.344
21.199778386,0.3203,1.0955,0.6717,1.324
21.202480232,0.3447,1.0753,0.6326,1.294
21.204981155,0.3648,1.0398,0.5911,1.250
21.207284002,0.3785,0.9983,0.5543,1.203
21.209748925,0.3806,0.9553,0.5303,1.157
21.212140617,0.3794,0.9124,0.4719,1.095
21.214288617,0.3813,0.8651,0.4226,1.036
21.216679925,0.3757,0.8239,0.4013,0.990
21.219122463,0.3613,0.7997,0.3931,0.962
21.221725771,0.3479,0.7829,0.3935,0.943
21.225557155,0.3361,0.7696,0.4129,0.936
21.226165463,0.3335,0.7542,0.4492,0.939
21.228979002,0.3391,0.7342,0.4930,0.947
21.240021463,0.3562,0.7093,0.5396,0.960
21.240358463,0.3831,0.6800,0.5878,0.977
21.240463925,0.4195,0.6465,0.6293,0.995
21.240562463,0.4600,0.6113,0.6649,1.014
21.240659002,0.5028,0.5730,0.6891,1.028
21.243463617,0.5439,0.5336,0.7089,1.041
21.245743386,0.5824,0.4913,0.7302,1.055
21.255290079,0.6179,0.4530,0.7446,1.068
21.255786386,0.6499,0.4163,0.7585,1.082
21.256001771,0.6825,0.3767,0.7725,1.097
21.25622554,0.7161,0.3396,0.7835,1.114
21.258715925,0.7512,0.3023,0.7947,1.135
21.260221771,0.7835,0.2642,0.8054,1.154
21.263759617,0.8085,0.2216,0.8150,1.169
21.265732002,0.8273,0.1808,0.8279,1.184
21.267294155,0.8404,0.1354,0.8462,1.200
21.269695002,0.8419,0.0934,0.8585,1.206
21.272216232,0.8395,0.0482,0.8763,1.215
21.274596002,0.8346,0.0077,0.8993,1.227
21.277003309,0.8267,-0.0229,0.9276,1.243
21.279572309,0.8126,-0.0583,0.9594,1.259
21.282774079,0.7984,-0.0893,0.9894,1.274
21.284394463,0.7866,-0.1215,1.0185,1.293
21.286701155,0.7740,-0.1569,1.0493,1.313
21.289496232,0.7633,-0.1897,1.0737,1.331
21.291613155,0.7584,-0.2193,1.0924,1.348
21.294152925,0.7554,-0.2475,1.1143,1.369
21.296313463,0.7535,-0.2759,1.1252,1.382
21.298708232,0.7591,-0.3101,1.1284,1.395
21.30124954,0.7645,-0.3485,1.1271,1.406
21.303738463,0.7722,-0.3776,1.1189,1.411
21.306147386,0.7703,-0.4057,1.1079,1.409
21.308477848,0.7679,-0.4255,1.0893,1.399
21.311311079,0.7657,-0.4440,1.0749,1.392
21.313353848,0.7608,-0.4518,1.0581,1.379
21.315957848,0.7605,-0.4626,1.0385,1.368
21.31804054,0.7598,-0.4678,1.0160,1.352
21.32072154,0.7549,-0.4721,0.9882,1.330
21.325423694,0.7442,-0.4758,0.9520,1.299
21.325939079,0.7298,-0.4743,0.9098,1.259
21.327730079,0.7172,-0.4783,0.8618,1.219
21.343223079,0.7019,-0.4802,0.8054,1.171
21.344684617,0.6855,-0.4900,0.7451,1.125
21.34486154,0.6697,-0.4907,0.6920,1.081
21.344945155,0.6484,-0.4863,0.6456,1.036
21.345078079,0.6222,-0.4792,0.5867,0.980
21.345147925,0.5895,-0.4706,0.5226,0.918
21.345224002,0.5578,-0.4685,0.4607,0.862
21.358720002,0.5278,-0.4604,0.3962,0.805
21.359603694,0.4959,-0.4541,0.3326,0.750
21.359920848,0.4684,-0.4457,0.2638,0.698
21.36019354,0.4383,-0.4336,0.1981,0.648
21.36047254,0.4158,-0.4299,0.1236,0.611
21.360731617,0.4063,-0.4271,0.0375,0.591
21.362175079,0.3997,-0.4269,-0.0496,0.587
21.363879309,0.3995,-0.4277,-0.1312,0.600
21.366278771,0.4051,-0.4245,-0.2042,0.621
21.36896154,0.4114,-0.4154,-0.2646,0.642
21.371923309,0.4195,-0.4042,-0.3156,0.663
21.373388925,0.4312,-0.3910,-0.3545,0.682
21.375824002,0.4505,-0.3791,-0.3909,0.707
21.378436232,0.4747,-0.3727,-0.4170,0.734
21.381238694,0.4994,-0.3570,-0.4293,0.749
21.383345232,0.5229,-0.3444,-0.4398,0.765
21.386075694,0.5460,-0.3299,-0.4476,0.779
21.388522079,0.5726,-0.3192,-0.4561,0.799
21.390357155,0.5976,-0.3146,-0.4628,0.819
21.392967002,0.6235,-0.3141,-0.4656,0.839
21.395316617,0.6471,-0.3148,-0.4622,0.855
21.397736309,0.6701,-0.3129,-0.4493,0.865
21.400168002,0.6916,-0.3118,-0.4309,0.873
21.402558463,0.7107,-0.3157,-0.4067,0.878
21.406068617,0.7251,-0.3167,-0.3760,0.876
21.407295694,0.7410,-0.3165,-0.3426,0.876
21.409730463,0.7488,-0.3099,-0.3070,0.867
21.41215354,0.7573,-0.3004,-0.2739,0.860
21.414627079,0.7698,-0.2936,-0.2385,0.858
21.416893232,0.7840,-0.2928,-0.2096,0.863
21.419616002,0.8016,-0.2933,-0.1784,0.872
21.425314694,0.8185,-0.2992,-0.1429,0.883
21.426091925,0.8387,-0.3067,-0.1058,0.899
21.426601232,0.8583,-0.3129,-0.0623,0.916
21.442812925,0.8742,-0.3199,-0.0122,0.931
21.443417232,0.8888,-0.3227,0.0442,0.947
21.443551694,0.9091,-0.3272,0.1047,0.972
21.443658156,0.9250,-0.3283,0.1725,0.997
21.443835002,0.9474,-0.3190,0.2469,1.030
21.443922694,0.9675,-0.3104,0.3209,1.066
21.444013848,0.9863,-0.3031,0.3918,1.104
21.456796925,0.9988,-0.2903,0.4817,1.146
21.457533156,0.9992,-0.2801,0.5802,1.189
21.457922386,0.9975,-0.2642,0.6701,1.230
21.458175002,0.9983,-0.2528,0.7512,1.275
21.458436002,0.9992,-0.2412,0.8328,1.323
21.458709771,0.9939,-0.2298,0.9090,1.366
21.460507002,0.9867,-0.2146,0.9808,1.408
21.463698771,0.9809,-0.1990,1.0514,1.452
21.464985156,0.9762,-0.1767,1.1140,1.492
21.467423002,0.9762,-0.1580,1.1651,1.528
21.470056232,0.9682,-0.1328,1.2070,1.553
21.472240309,0.9508,-0.1042,1.2396,1.566
21.475177848,0.9271,-0.0663,1.2699,1.574
21.477342079,0.9079,-0.0311,1.2818,1.571
21.479683694,0.8942,0.0117,1.2950,1.574
21.482542463,0.8863,0.0580,1.3087,1.582
21.484534386,0.8670,0.1163,1.3188,1.583
21.487524617,0.8297,0.1920,1.3393,1.587
21.489466694,0.7810,0.2798,1.3656,1.598
21.491767309,0.7121,0.3816,1.4148,1.629
21.494192309,0.6352,0.4848,1.4599,1.664
21.496821771,0.5439,0.5854,1.4802,1.682
21.49910154,0.4559,0.6814,1.4932,1.703
21.501501463,0.3836,0.7652,1.4883,1.717
21.504450079,0.3296,0.8395,1.4543,1.711
21.506341848,0.2793,0.9111,1.4067,1.699
21.508575925,0.2377,0.9821,1.3373,1.676
21.511396002,0.2020,1.0491,1.2611,1.653
21.513527386,0.1808,1.1178,1.2026,1.652
21.515971309,0.1752,1.1820,1.1502,1.659
21.518672925,0.1886,1.2338,1.1175,1.675
21.524375386,0.2182,1.2732,1.0961,1.694
21.524910386,0.2627,1.3003,1.0935,1.719
21.525447617,0.3203,1.3181,1.0886,1.739
21.54092854,0.3880,1.3415,1.0737,1.762
21.541336232,0.4512,1.3673,1.0514,1.783
21.542427002,0.5111,1.3976,1.0234,1.806
21.542561771,0.5665,1.4279,0.9943,1.830
21.542629848,0.6338,1.4471,0.9610,1.849
21.542696617,0.7027,1.4493,0.9109,1.850
21.542760232,0.7810,1.4330,0.8511,1.841
21.554577463,0.8751,1.4007,0.7749,1.824
21.555663617,0.9746,1.3508,0.6880,1.802
21.555871386,1.0799,1.2937,0.5997,1.789
21.556088309,1.1847,1.2316,0.5242,1.788
21.556286156,1.3002,1.1740,0.4483,1.808
21.556879925,1.3892,1.1207,0.3889,1.827
21.560204617,1.4724,1.0680,0.3400,1.850
21.562102386,1.5548,1.0161,0.3009,1.882
21.564006156,1.6324,0.9719,0.2711,1.919
21.566358771,1.7011,0.9478,0.2547,1.964
21.568922463,1.7510,0.9309,0.2511,1.999
21.571314771,1.7859,0.9375,0.2584,2.033
21.573530079,1.8069,0.9473,0.2775,2.059
21.576234079,1.8182,0.9597,0.2941,2.077
21.578485771,1.8306,0.9688,0.3097,2.094
21.581276848,1.8382,0.9702,0.3326,2.105
21.583424848,1.8301,0.9623,0.3579,2.098
21.586508309,1.8115,0.9470,0.3798,2.079
21.58842954,1.7793,0.9264,0.4055,2.047
21.59052054,1.7317,0.9052,0.4409,2.003
21.592919309,1.6718,0.8901,0.4758,1.953
21.595484617,1.5990,0.8784,0.5147,1.896
21.597915002,1.5215,0.8737,0.5569,1.841
21.60017354,1.4339,0.8703,0.6029,1.782
21.603185771,1.3459,0.8668,0.6522,1.729
21.604995309,1.2574,0.8708,0.7106,1.687
21.607467309,1.1744,0.8705,0.7751,1.655
21.609795079,1.0964,0.8691,0.8506,1.637
21.612332232,1.0261,0.8674,0.9207,1.629
21.614611079,0.9648,0.8640,0.9864,1.628
21.617154771,0.9077,0.8595,1.0539,1.635
21.619859617,0.8578,0.8554,1.1120,1.644
21.622068232,0.8055,0.8424,1.1521,1.639
21.624326771,0.7649,0.8325,1.1824,1.636
21.626810694,0.7237,0.8153,1.2054,1.625
21.631868848,0.6890,0.8016,1.2168,1.612
21.632346694,0.6601,0.7906,1.2159,1.594
21.634890386,0.6274,0.7829,1.1925,1.558
21.649384925,0.5974,0.7806,1.1580,1.519
21.649797232,0.5660,0.7745,1.1191,1.474
21.649907079,0.5358,0.7687,1.0703,1.423
21.649982079,0.5096,0.7582,1.0158,1.366
21.650050386,0.4817,0.7469,0.9589,1.307
21.650118386,0.4561,0.7410,0.9034,1.254
21.651657156,0.4314,0.7303,0.8462,1.198
21.662429463,0.4144,0.7232,0.7849,1.145
21.663091386,0.3985,0.7142,0.7180,1.088
21.663244002,0.3806,0.7061,0.6442,1.029
21.663374079,0.3577,0.6970,0.5802,0.975
21.665815925,0.3340,0.6792,0.5179,0.917
21.665987309,0.3156,0.6639,0.4443,0.859
21.668659079,0.3039,0.6429,0.3779,0.805
21.671157463,0.2930,0.6231,0.3209,0.760
21.672978694,0.2788,0.6015,0.2631,0.713
21.675278694,0.2658,0.5832,0.2063,0.673
21.67764454,0.2504,0.5717,0.1506,0.642
21.679986771,0.2367,0.5588,0.0979,0.615
21.682544925,0.2248,0.5512,0.0490,0.597
21.684767694,0.2091,0.5437,0.0031,0.582
21.686941232,0.1947,0.5368,-0.0377,0.572
21.689755079,0.1817,0.5307,-0.0764,0.566
21.692415002,0.1693,0.5248,-0.1067,0.562
21.694654079,0.1579,0.5209,-0.1295,0.559
21.697132925,0.1444,0.5167,-0.1446,0.556
21.699497463,0.1309,0.5136,-0.1524,0.551
21.702088617,0.1114,0.5183,-0.1561,0.553
21.703855386,0.0936,0.5216,-0.1526,0.552
21.706201463,0.0726,0.5267,-0.1429,0.551
21.708809771,0.0496,0.5327,-0.1270,0.550
21.711099694,0.0239,0.5416,-0.0975,0.551
21.713596232,0.0039,0.5502,-0.0574,0.553
21.716404848,-0.0199,0.5605,-0.0235,0.561
21.718939309,-0.0434,0.5768,0.0107,0.579
21.720655079,-0.0681,0.5971,0.0381,0.602
21.72309354,-0.0928,0.6135,0.0630,0.624
21.725904232,-0.1162,0.6264,0.0861,0.643
21.727938463,-0.1387,0.6385,0.1143,0.663
21.730745156,-0.1562,0.6543,0.1502,0.689
21.733107694,-0.1751,0.6685,0.1863,0.716
21.738424617,-0.1956,0.6829,0.2084,0.740
21.738876617,-0.2124,0.7002,0.2237,0.765
21.740416617,-0.2271,0.7186,0.2428,0.792
21.742570156,-0.2426,0.7261,0.2640,0.810
21.756276232,-0.2540,0.7330,0.2824,0.826
21.756880617,-0.2631,0.7408,0.2995,0.841
21.75699654,-0.2660,0.7440,0.3139,0.850
21.757079694,-0.2606,0.7538,0.3300,0.863
21.757170156,-0.2552,0.7501,0.3459,0.865
21.757719617,-0.2450,0.7526,0.3588,0.869
21.771214694,-0.2271,0.7526,0.3813,0.874
21.771970156,-0.2005,0.7508,0.4089,0.878
21.772145771,-0.1646,0.7422,0.4526,0.885
21.772288309,-0.1257,0.7352,0.5012,0.899
21.772432002,-0.0845,0.7288,0.5576,0.922
21.772892925,-0.0451,0.7212,0.6227,0.954
21.775062771,-0.0072,0.7135,0.6901,0.993
21.776960848,0.0330,0.7063,0.7805,1.053
21.778689848,0.0736,0.7054,0.8824,1.132
21.781124848,0.1009,0.7103,0.9840,1.218
21.783640002,0.1244,0.7232,1.0859,1.311
21.78650954,0.1390,0.7337,1.1885,1.404
21.788130463,0.1474,0.7479,1.2848,1.494
21.790774079,0.1542,0.7628,1.3732,1.578
21.792945463,0.1524,0.7745,1.4595,1.659
21.795404617,0.1495,0.7882,1.5291,1.727
21.797955694,0.1446,0.8018,1.5853,1.782
21.801040002,0.1302,0.8175,1.6334,1.831
21.802714463,0.1178,0.8334,1.6671,1.868
21.805096232,0.1102,0.8456,1.6913,1.894
21.807430463,0.1043,0.8583,1.7036,1.910
21.810277848,0.1078,0.8674,1.7071,1.918
21.81306454,0.1170,0.8730,1.7064,1.920
21.815014463,0.1244,0.8798,1.7126,1.929
21.817907079,0.1300,0.8840,1.7094,1.929
21.819589771,0.1481,0.8861,1.7074,1.929
21.822236617,0.1684,0.8871,1.7152,1.938
21.82450954,0.1952,0.8905,1.7318,1.957
21.826780002,0.2208,0.8994,1.7621,1.991
21.829374156,0.2336,0.9140,1.8068,2.038
21.831734463,0.2423,0.9336,1.8501,2.086
21.837944925,0.2338,0.9670,1.9046,2.149
21.838439309,0.2135,1.0000,1.9461,2.198
21.839021848,0.1964,1.0310,1.9789,2.240
21.841529848,0.1728,1.0569,1.9948,2.264
21.856058079,0.1481,1.0774,1.9980,2.275
21.856598079,0.1256,1.0894,1.9826,2.266
21.856741156,0.1018,1.0955,1.9500,2.239
21.856865232,0.0825,1.1016,1.9083,2.205
21.856956002,0.0601,1.1072,1.8560,2.162
21.857039002,0.0498,1.1039,1.7879,2.102
21.859027694,0.0440,1.0927,1.7045,2.025
21.869539617,0.0452,1.0689,1.6065,1.930
21.87047354,0.0530,1.0369,1.4974,1.822
21.870655925,0.0554,1.0098,1.3777,1.709
21.870808002,0.0533,0.9868,1.2613,1.602
21.870954694,0.0459,0.9814,1.1355,1.502
21.873320232,0.0484,0.9914,1.0290,1.430
21.87567654,0.0525,1.0088,0.9459,1.384
21.877399386,0.0666,1.0340,0.8827,1.361
21.879960232,0.0882,1.0664,0.8257,1.352
21.882668617,0.1180,1.0983,0.7830,1.354
21.885511002,0.1588,1.1188,0.7488,1.356
21.887647925,0.1991,1.1281,0.7231,1.355
21.889453771,0.2521,1.1085,0.6967,1.333
21.892358463,0.3030,1.0676,0.6649,1.294
21.894221463,0.3571,1.0105,0.6242,1.240
21.897284617,0.3990,0.9474,0.5797,1.180
21.899850463,0.4358,0.8905,0.5391,1.129
21.902303079,0.4566,0.8442,0.4788,1.073
21.904292309,0.4747,0.7994,0.4304,1.025
21.90662454,0.4891,0.7652,0.3975,0.991
21.908887617,0.5031,0.7359,0.3717,0.966
21.911227002,0.5133,0.7112,0.3551,0.946
21.913996232,0.5292,0.6849,0.3483,0.933
21.917569156,0.5509,0.6597,0.3510,0.928
21.918526079,0.5739,0.6294,0.3673,0.928
21.920974694,0.5976,0.6023,0.3947,0.936
21.923492617,0.6245,0.5698,0.4316,0.949
21.925828309,0.6462,0.5381,0.4765,0.967
21.92827654,0.6685,0.5036,0.5313,0.991
21.93080154,0.6848,0.4589,0.5948,1.017
21.937124925,0.7016,0.4100,0.6645,1.050
21.937778694,0.7146,0.3574,0.7397,1.089
21.939611079,0.7197,0.3091,0.8279,1.140
21.940643694,0.7146,0.2658,0.9281,1.201
21.954138079,0.7011,0.2297,1.0344,1.271
21.954583694,0.6785,0.1950,1.1294,1.332
21.954746079,0.6501,0.1556,1.2191,1.390
21.954836925,0.6217,0.1230,1.2975,1.444
21.95492054,0.5919,0.0955,1.3791,1.504
21.955019079,0.5660,0.0660,1.4365,1.545
21.957825232,0.5446,0.0440,1.4890,1.586
21.968060925,0.5211,0.0264,1.5326,1.619
21.968896848,0.5025,0.0120,1.5652,1.644
21.969075925,0.4842,-0.0033,1.5862,1.658
21.96972854,0.4742,-0.0182,1.5970,1.666
21.96991354,0.4676,-0.0365,1.5916,1.659
21.972648848,0.4749,-0.0597,1.5623,1.634
21.975653232,0.4779,-0.0814,1.5261,1.601
21.97628954,0.4805,-0.0991,1.4846,1.564
21.978816848,0.4833,-0.1159,1.4357,1.519
21.981335617,0.4886,-0.1266,1.3847,1.474
21.983605232,0.5011,-0.1364,1.3288,1.427
21.986018079,0.5175,-0.1440,1.2659,1.375
21.988492848,0.5316,-0.1499,1.2130,1.333
21.991184232,0.5478,-0.1557,1.1550,1.288
21.993205771,0.5658,-0.1690,1.0786,1.230
21.995688232,0.5824,-0.1818,0.9972,1.169
21.998275309,0.6115,-0.2016,0.9232,1.126
22.000587386,0.6313,-0.2205,0.8467,1.079
22.003228002,0.6438,-0.2330,0.7739,1.033
22.005396925,0.6523,-0.2432,0.7045,0.990
22.007895386,0.6494,-0.2505,0.6347,0.942
22.010089232,0.6422,-0.2468,0.5682,0.892
22.012718386,0.6384,-0.2486,0.5059,0.852
22.016096925,0.6279,-0.2512,0.4463,0.810
22.017294463,0.6220,-0.2524,0.3891,0.776
22.019901848,0.6168,-0.2586,0.3283,0.745
22.022940617,0.6142,-0.2684,0.2708,0.723
22.024727079,0.6105,-0.2779,0.2168,0.705
22.027159386,0.6012,-0.2799,0.1639,0.683
22.029507617,0.5837,-0.2779,0.1115,0.656
22.031979309,0.5627,-0.2735,0.0612,0.629
22.036863079,0.5404,-0.2633,0.0131,0.601
22.037560309,0.5185,-0.2601,-0.0368,0.581
22.039847694,0.5033,-0.2568,-0.0796,0.571
22.05458854,0.4940,-0.2547,-0.1185,0.568
22.055250156,0.4850,-0.2581,-0.1605,0.572
22.05546854,0.4823,-0.2571,-0.2028,0.583
22.055683617,0.4847,-0.2640,-0.2377,0.601
22.05595654,0.4928,-0.2706,-0.2688,0.623
22.056059694,0.5052,-0.2769,-0.2914,0.646
22.056160925,0.5208,-0.2852,-0.3119,0.671
22.067477771,0.5434,-0.2884,-0.3191,0.693
22.068217771,0.5660,-0.2896,-0.3198,0.712
22.068518079,0.5876,-0.2852,-0.3142,0.725
22.068800232,0.6037,-0.2826,-0.3058,0.733
22.069152232,0.6156,-0.2782,-0.2865,0.734
22.070395002,0.6274,-0.2679,-0.2550,0.728
22.073214694,0.6387,-0.2630,-0.2103,0.722
22.075120617,0.6555,-0.2608,-0.1517,0.722
22.077530771,0.6787,-0.2608,-0.0880,0.732
22.080599694,0.7048,-0.2647,-0.0183,0.753
22.082513848,0.7349,-0.2710,0.0466,0.785
22.084945232,0.7689,-0.2745,0.1055,0.823
22.087406771,0.8036,-0.2771,0.1560,0.864
22.090075694,0.8451,-0.2803,0.2012,0.913
22.092042771,0.8861,-0.2759,0.2389,0.958
22.094535309,0.9328,-0.2674,0.2726,1.008
22.096982156,0.9762,-0.2533,0.2962,1.051
22.099452925,1.0210,-0.2371,0.3067,1.092
22.101716002,1.0627,-0.2158,0.3104,1.128
22.104403386,1.0938,-0.1967,0.3043,1.152
22.106691694,1.1069,-0.1783,0.2904,1.158
22.109116617,1.1197,-0.1606,0.2729,1.164
22.111976848,1.1273,-0.1492,0.2382,1.162
22.114122079,1.1243,-0.1423,0.1834,1.148
22.116194156,1.1319,-0.1387,0.1113,1.146
22.119474463,1.1356,-0.1379,0.0223,1.144
22.121564002,1.1302,-0.1326,-0.0747,1.140
22.126388925,1.1180,-0.1245,-0.1817,1.139
22.126888617,1.0997,-0.1081,-0.2883,1.142
22.130898463,1.0766,-0.0895,-0.3899,1.149
22.13130454,1.0520,-0.0719,-0.4823,1.160
22.145083309,1.0317,-0.0560,-0.5580,1.174
22.145930771,1.0210,-0.0485,-0.6193,1.195
22.146126463,1.0210,-0.0434,-0.6396,1.206
22.146327617,1.0230,-0.0453,-0.6455,1.210
22.146516617,1.0356,-0.0553,-0.6401,1.219
22.14670854,1.0520,-0.0742,-0.6093,1.218
22.157030463,1.0664,-0.0839,-0.5580,1.206
22.157711694,1.0703,-0.0819,-0.4720,1.173
22.157967002,1.0745,-0.0673,-0.3522,1.133
22.158075617,1.0833,-0.0500,-0.1989,1.102
22.158255617,1.1031,-0.0350,-0.0398,1.104
22.159525156,1.1380,-0.0174,0.1171,1.144
22.162224232,1.1702,0.0064,0.3014,1.208
22.164496848,1.1903,0.0403,0.5166,1.298
22.166815617,1.2115,0.0780,0.7416,1.423
22.169459002,1.2438,0.1270,0.9818,1.590
22.171740309,1.2680,0.1799,1.2268,1.773
22.174052925,1.2876,0.2395,1.4639,1.964
22.176620309,1.3078,0.3010,1.7003,2.166
22.17908554,1.3420,0.3611,1.9488,2.394
22.187077232,1.3909,0.4210,2.1975,2.635
22.187937232,1.4558,0.4806,2.4292,2.873
22.188192232,1.5208,0.5421,2.6293,3.085
22.188585156,1.5729,0.6108,2.7849,3.256
22.190798463,1.5944,0.6856,2.8789,3.362
22.193220925,1.5827,0.7704,2.9132,3.404
22.195788925,1.5292,0.8628,2.8736,3.368
22.198383925,1.4478,0.9539,2.7541,3.254
22.200619925,1.3457,1.0422,2.5577,3.072
22.20313254,1.2267,1.1278,2.2989,2.839
22.205619617,1.0992,1.2141,1.9973,2.583
22.208100232,0.9585,1.3052,1.6999,2.348
22.21028554,0.8246,1.3867,1.3971,2.134
22.213970079,0.7116,1.4545,1.0893,1.952
22.214979309,0.6282,1.4957,0.7989,1.808
22.217414386,0.5817,1.5190,0.5331,1.712
22.220545848,0.5514,1.5388,0.2946,1.661
22.222572848,0.5365,1.5574,0.0898,1.650
22.224746079,0.5394,1.5737,-0.0677,1.665
22.227440309,0.5634,1.5871,-0.1683,1.693
22.233329463,0.6063,1.5871,-0.2382,1.716
22.234084232,0.6741,1.5702,-0.2641,1.729
22.234305848,0.7596,1.5321,-0.2821,1.733
22.237984002,0.8712,1.4801,-0.3017,1.744
22.254309156,0.9836,1.4258,-0.3268,1.763
22.254756617,1.0864,1.3626,-0.3547,1.778
22.255182771,1.1893,1.2881,-0.3780,1.793
22.255293771,1.2834,1.2131,-0.3911,1.809
22.25542154,1.3655,1.1390,-0.3978,1.822
22.255622771,1.4363,1.0689,-0.3987,1.834
22.255798771,1.5003,0.9973,-0.3923,1.844
22.255902156,1.5504,0.9350,-0.3780,1.850
22.258383079,1.5963,0.8869,-0.3476,1.859
22.260753232,1.6308,0.8461,-0.2981,1.861
22.265356848,1.6667,0.8141,-0.2135,1.867
22.266559079,1.6960,0.7889,-0.0931,1.873
22.268222386,1.7197,0.7720,0.0600,1.886
22.270664309,1.7407,0.7501,0.2308,1.909
22.272899079,1.7512,0.7268,0.4052,1.939
22.275253848,1.7581,0.7083,0.5790,1.982
22.278659386,1.7527,0.6834,0.7360,2.020
22.280682156,1.7342,0.6639,0.8851,2.057
22.282520925,1.6980,0.6478,1.0397,2.094
22.285221232,1.6474,0.6364,1.1893,2.129
22.288061463,1.5827,0.6367,1.3121,2.152
22.290388002,1.5133,0.6382,1.4206,2.171
22.292314386,1.4319,0.6433,1.5181,2.184
22.294791079,1.3396,0.6558,1.5936,2.183
22.298287079,1.2387,0.6716,1.6468,2.167
22.299591617,1.1304,0.6930,1.6759,2.137
22.302009848,1.0188,0.7186,1.6838,2.095
22.30483654,0.9054,0.7435,1.6803,2.048
22.306591617,0.7913,0.7696,1.6547,1.989
22.309158079,0.6818,0.7955,1.6144,1.925
22.311753848,0.5707,0.8188,1.5543,1.847
22.314003617,0.4686,0.8339,1.4785,1.761
22.316641848,0.3780,0.8414,1.3879,1.666
22.319078463,0.3005,0.8454,1.2841,1.566
22.321703079,0.2360,0.8468,1.1716,1.465
22.323644002,0.1824,0.8419,1.0537,1.361
22.326266771,0.1360,0.8334,0.9386,1.263
22.333240309,0.1043,0.8234,0.8279,1.172
22.333965463,0.0818,0.8092,0.7234,1.088
22.334290771,0.0787,0.7921,0.6254,1.012
22.336144309,0.0823,0.7718,0.5366,0.944
22.349777848,0.0972,0.7447,0.4551,0.878
22.350152232,0.1232,0.7147,0.3847,0.821
22.350286386,0.1514,0.6876,0.3237,0.775
22.350408925,0.1854,0.6548,0.2748,0.734
22.350524232,0.2187,0.6245,0.2374,0.703
22.350639079,0.2502,0.5952,0.2061,0.678
22.352629156,0.2783,0.5691,0.1865,0.660
22.363542771,0.2968,0.5372,0.1712,0.637
22.364105232,0.3144,0.5183,0.1572,0.626
22.364267309,0.3317,0.4985,0.1521,0.618
22.364399002,0.3457,0.4806,0.1536,0.612
22.36462454,0.3574,0.4664,0.1634,0.610
22.367215079,0.3603,0.4552,0.1737,0.606
22.369630079,0.3599,0.4461,0.1888,0.603
22.37184954,0.3540,0.4433,0.2014,0.602
22.374670463,0.3408,0.4368,0.2122,0.593
22.377138156,0.3205,0.4364,0.2177,0.584
22.379174386,0.2970,0.4376,0.2208,0.573
22.381538463,0.2704,0.4405,0.2200,0.562
22.384058386,0.2338,0.4510,0.2196,0.553
22.387599925,0.1905,0.4613,0.2188,0.545
22.388736309,0.1370,0.4780,0.2222,0.545
22.391192309,0.0738,0.4980,0.2191,0.549
22.39354854,0.0161,0.5123,0.2079,0.553
22.396634156,-0.0329,0.5236,0.1826,0.555
22.398587079,-0.0877,0.5409,0.1499,0.568
22.401358694,-0.1441,0.5639,0.1264,0.596
22.403831309,-0.1946,0.5840,0.1006,0.624
22.406406386,-0.2457,0.6001,0.0805,0.653
22.408266386,-0.2960,0.6287,0.0619,0.698
22.410694079,-0.3446,0.6574,0.0493,0.744
22.412953848,-0.3952,0.6885,0.0481,0.795
22.416722079,-0.4394,0.7224,0.0488,0.847
22.417917232,-0.4805,0.7545,0.0591,0.896
22.420340925,-0.5179,0.7872,0.0700,0.945
22.422523386,-0.5513,0.8151,0.0852,0.988
22.425261463,-0.5794,0.8393,0.1033,1.025
22.427558156,-0.5958,0.8551,0.1243,1.050
22.432299925,-0.6075,0.8663,0.1502,1.069
22.432953232,-0.6102,0.8723,0.1763,1.079
22.435066463,-0.6011,0.8720,0.2147,1.081
22.450028232,-0.5802,0.8663,0.2643,1.076
22.450653463,-0.5499,0.8576,0.3200,1.068
22.450864617,-0.5112,0.8495,0.3842,1.063
22.450967617,-0.4690,0.8414,0.4656,1.070
22.451067386,-0.4211,0.8351,0.5489,1.084
22.451139002,-0.3784,0.8258,0.6417,1.112
22.451317771,-0.3356,0.8216,0.7346,1.152
22.464660617,-0.2916,0.8139,0.8169,1.189
22.465318463,-0.2394,0.7992,0.8885,1.219
22.465505771,-0.1793,0.7853,0.9608,1.254
22.465635079,-0.1226,0.7774,1.0334,1.299
22.465835002,-0.0696,0.7752,1.1054,1.352
22.466207002,-0.0236,0.7731,1.1641,1.398
22.469066079,0.0212,0.7720,1.2093,1.435
22.470736617,0.0701,0.7740,1.2440,1.467
22.473006694,0.1131,0.7762,1.2728,1.495
22.475574156,0.1481,0.7782,1.2901,1.514
22.478525232,0.1754,0.7829,1.3036,1.531
22.480364309,0.1942,0.7958,1.3109,1.546
22.482987694,0.2087,0.8097,1.3085,1.553
22.486130771,0.2182,0.8353,1.2929,1.555
22.487683079,0.2224,0.8654,1.2755,1.557
22.490056232,0.2206,0.9096,1.2547,1.565
22.492514463,0.2120,0.9565,1.2235,1.567
22.495217232,0.2054,1.0032,1.1832,1.565
22.497143694,0.2006,1.0373,1.1374,1.552
22.500046386,0.1961,1.0729,1.0864,1.539
22.502859925,0.1947,1.0965,1.0353,1.521
22.504441463,0.1854,1.1114,0.9955,1.504
22.507071386,0.1759,1.1286,0.9606,1.492
22.509432232,0.1637,1.1500,0.9398,1.494
22.511769771,0.1521,1.1701,0.9388,1.508
22.51439754,0.1488,1.1869,0.9603,1.534
22.517308617,0.1586,1.1994,0.9967,1.568
22.519827002,0.1663,1.2104,1.0565,1.615
22.521487002,0.1737,1.2248,1.1401,1.682
22.524007002,0.1730,1.2411,1.2422,1.765
22.526430694,0.1673,1.2592,1.3476,1.852
22.530848002,0.1642,1.2737,1.4546,1.940
22.531331002,0.1651,1.2881,1.5528,2.024
22.534124848,0.1725,1.2856,1.6407,2.092
22.547971002,0.1835,1.2751,1.7180,2.147
22.549037771,0.1966,1.2592,1.7861,2.194
22.549215694,0.2015,1.2392,1.8462,2.233
22.549353156,0.1908,1.2292,1.9053,2.275
22.549465848,0.1732,1.2341,1.9613,2.324
22.549580232,0.1498,1.2488,2.0101,2.371
22.550536925,0.1344,1.2578,2.0355,2.397
22.562278156,0.1378,1.2548,2.0339,2.394
22.562973156,0.1524,1.2380,2.0180,2.372
22.563336617,0.1803,1.2080,1.9840,2.330
22.563527617,0.2184,1.1649,1.9007,2.240
22.563677771,0.2539,1.1376,1.8061,2.150
22.565991386,0.2732,1.1305,1.7080,2.066
22.567315309,0.2685,1.1407,1.6119,1.993
22.569623386,0.2587,1.1633,1.4986,1.915
22.571971002,0.2499,1.1996,1.3930,1.855
22.574458079,0.2465,1.2331,1.2926,1.803
22.57698854,0.2406,1.2604,1.1961,1.754
22.579137848,0.2460,1.2807,1.1106,1.713
22.581729463,0.2583,1.2861,1.0180,1.660
22.584254386,0.2807,1.2700,0.9214,1.594
22.586835694,0.3100,1.2329,0.8271,1.517
22.58891754,0.3466,1.1840,0.7363,1.437
22.591895309,0.3862,1.1309,0.6584,1.364
22.593871002,0.4253,1.0738,0.5758,1.291
22.596131309,0.4610,1.0242,0.5066,1.232
22.598760232,0.4913,0.9878,0.4502,1.192
22.601755694,0.5047,0.9607,0.4104,1.160
22.603346463,0.5113,0.9558,0.3842,1.150
22.60609654,0.5194,0.9563,0.3835,1.154
22.608355925,0.5380,0.9329,0.3852,1.144
22.611567694,0.5580,0.8971,0.3749,1.121
22.613224232,0.5693,0.8651,0.3761,1.102
22.615596309,0.5744,0.8256,0.3977,1.082
22.618449156,0.5665,0.7918,0.4218,1.061
22.620225463,0.5619,0.7518,0.4167,1.027
22.622723925,0.5697,0.7046,0.4082,0.994
22.625349771,0.5866,0.6485,0.4074,0.965
22.627752848,0.6049,0.5891,0.4096,0.938
22.629902463,0.6171,0.5300,0.4213,0.916
22.632654694,0.6294,0.4792,0.4348,0.903
22.638028232,0.6317,0.4307,0.4668,0.896
22.638490694,0.6294,0.3870,0.4973,0.891
22.639590771,0.6215,0.3474,0.5238,0.884
22.65499654,0.6059,0.3203,0.5467,0.877
22.655381232,0.5781,0.2981,0.5746,0.868
22.655503386,0.5521,0.2732,0.5895,0.853
22.655623617,0.5282,0.2468,0.6026,0.838
22.655983079,0.5160,0.2178,0.6163,0.833
22.656179079,0.5126,0.1818,0.6134,0.820
22.656287002,0.5218,0.1449,0.5972,0.806
22.659567002,0.5372,0.1046,0.5775,0.796
22.669113156,0.5553,0.0608,0.5633,0.793
22.670127002,0.5721,0.0240,0.5526,0.796
22.670280002,0.5922,-0.0111,0.5403,0.802
22.67235754,0.6147,-0.0480,0.5322,0.815
22.672707925,0.6362,-0.0795,0.5320,0.833
22.67344054,0.6584,-0.1137,0.5298,0.853
22.676804232,0.6802,-0.1457,0.5343,0.877
22.678504848,0.7016,-0.1772,0.5369,0.901
22.680745463,0.7339,-0.2112,0.5418,0.936
22.683020925,0.7628,-0.2447,0.5496,0.971
22.686661463,0.7969,-0.2728,0.5587,1.011
22.68765754,0.8294,-0.3060,0.5692,1.051
22.690304309,0.8627,-0.3370,0.5790,1.092
22.692642771,0.8905,-0.3673,0.5806,1.125
22.694925848,0.9171,-0.3903,0.5839,1.155
22.698007386,0.9335,-0.4103,0.5799,1.173
22.700030079,0.9457,-0.4235,0.5804,1.188
22.702524002,0.9574,-0.4364,0.5790,1.201
22.705598079,0.9626,-0.4480,0.5699,1.205
22.707385771,0.9618,-0.4562,0.5620,1.204
22.709625232,0.9545,-0.4626,0.5548,1.197
22.711882771,0.9548,-0.4760,0.5431,1.197
22.714463386,0.9545,-0.4867,0.5335,1.197
22.717032309,0.9467,-0.4919,0.5226,1.188
22.719318386,0.9274,-0.4965,0.5068,1.168
22.72164454,0.9066,-0.4985,0.4944,1.147
22.724308617,0.8800,-0.4914,0.4746,1.114
22.72668454,0.8446,-0.4883,0.4595,1.078
22.728854079,0.8045,-0.4790,0.4488,1.038
22.73134854,0.7645,-0.4674,0.4418,0.999
22.737171386,0.7205,-0.4548,0.4350,0.957
22.737971309,0.6745,-0.4396,0.4136,0.905
22.738423386,0.6310,-0.4311,0.3962,0.861
22.740975386,0.5937,-0.4267,0.3773,0.823
22.755379694,0.5576,-0.4291,0.3593,0.790
22.755982079,0.5365,-0.4315,0.3495,0.772
22.756119386,0.5224,-0.4324,0.3588,0.767
22.756225233,0.5131,-0.4318,0.3381,0.751
22.756332925,0.4999,-0.4303,0.3127,0.730
22.756630694,0.4971,-0.4287,0.2970,0.721
22.759104848,0.4922,-0.4233,0.2997,0.715
22.769142694,0.4938,-0.4138,0.3072,0.714
22.769944002,0.4935,-0.4054,0.3141,0.712
22.770409156,0.4966,-0.3932,0.3229,0.711
22.770695309,0.5028,-0.3810,0.3277,0.711
22.770829233,0.5108,-0.3670,0.3293,0.710
22.77238054,0.5180,-0.3509,0.3283,0.707
22.775005771,0.5241,-0.3348,0.3225,0.701
22.777071309,0.5369,-0.3185,0.3151,0.699
22.779958694,0.5495,-0.3011,0.3041,0.696
22.782386156,0.5681,-0.2840,0.2858,0.696
22.784433233,0.5870,-0.2686,0.2636,0.697
22.787175002,0.6024,-0.2512,0.2335,0.693
22.789505156,0.6198,-0.2322,0.2030,0.692
22.791800925,0.6387,-0.2151,0.1697,0.695
22.793843309,0.6606,-0.1980,0.1455,0.705
22.796719309,0.6890,-0.1792,0.1001,0.719
22.799013156,0.7161,-0.1655,0.0510,0.737
22.801186771,0.7503,-0.1520,0.0078,0.766
22.803690079,0.7882,-0.1445,-0.0364,0.802
22.806102386,0.8190,-0.1347,-0.0718,0.833
22.808619617,0.8507,-0.1259,-0.1009,0.866
22.810987079,0.8795,-0.1213,-0.1195,0.896
22.813628309,0.9005,-0.1128,-0.1280,0.917
22.815949156,0.9179,-0.0971,-0.1251,0.931
22.818144848,0.9213,-0.0832,-0.1183,0.933
22.820628002,0.9294,-0.0739,-0.1109,0.939
22.823131694,0.9389,-0.0707,-0.0923,0.946
22.828108925,0.9550,-0.0681,-0.0677,0.960
22.828899079,0.9702,-0.0685,-0.0354,0.973
22.830607925,0.9902,-0.0675,0.0026,0.993
22.846033233,1.0097,-0.0646,0.0454,1.013
22.846640002,1.0207,-0.0614,0.0989,1.027
22.846752233,1.0381,-0.0572,0.1695,1.053
22.846938463,1.0468,-0.0467,0.2555,1.079
22.847057848,1.0498,-0.0292,0.3479,1.106
22.84728854,1.0442,-0.0138,0.4427,1.134
22.847559079,1.0396,0.0015,0.5184,1.162
22.861018463,1.0410,0.0049,0.6056,1.204
22.861951925,1.0396,0.0179,0.7082,1.258
22.862130771,1.0398,0.0343,0.8071,1.317
22.862270386,1.0449,0.0520,0.8960,1.377
22.862413156,1.0559,0.0729,0.9896,1.449
22.862539309,1.0740,0.0863,1.0798,1.525
22.864723309,1.0908,0.1029,1.1665,1.600
22.866519925,1.0997,0.1224,1.2449,1.666
22.869363386,1.1023,0.1547,1.3153,1.723
22.871300233,1.0877,0.2001,1.3703,1.761
22.87459654,1.0647,0.2625,1.4133,1.789
22.875927617,1.0235,0.3369,1.4429,1.801
22.878196309,0.9765,0.4161,1.4541,1.800
22.880958771,0.9228,0.5001,1.4465,1.787
22.883649156,0.8742,0.5742,1.4094,1.755
22.885754156,0.8285,0.6426,1.3412,1.702
22.888364617,0.7823,0.6995,1.2384,1.623
22.890975386,0.7246,0.7562,1.0866,1.509
22.892820309,0.6501,0.8290,0.9012,1.386
22.895363079,0.5573,0.9250,0.6928,1.283
22.897775694,0.4547,1.0386,0.4758,1.230
22.900244925,0.3518,1.1617,0.2662,1.243
22.902622386,0.2629,1.2842,0.0507,1.312
22.90488854,0.2052,1.3892,-0.1588,1.413
22.907546156,0.1889,1.4684,-0.3347,1.518
22.909708002,0.1886,1.5169,-0.5025,1.609
22.912204309,0.2157,1.5397,-0.6672,1.692
22.915336233,0.2663,1.5432,-0.7967,1.757
22.917070694,0.3324,1.5343,-0.8814,1.800
22.919368848,0.4048,1.5255,-0.9191,1.826
22.922046463,0.4737,1.5227,-0.8898,1.826
22.924410694,0.5306,1.5197,-0.7842,1.791
22.926609463,0.5729,1.5141,-0.6144,1.731
22.929355079,0.6115,1.4896,-0.4163,1.663
22.935020617,0.6525,1.4430,-0.2292,1.600
22.935503694,0.6995,1.3767,-0.0247,1.544
22.936323617,0.7422,1.3061,0.1858,1.514
22.938707002,0.7777,1.2321,0.3813,1.506
22.950942463,0.8178,1.1549,0.5359,1.513
22.95131654,0.8519,1.0843,0.7436,1.567
22.951448309,0.8702,1.0215,0.9139,1.624
22.95155654,0.8690,0.9739,1.0915,1.701
22.95166554,0.8625,0.9331,1.2577,1.788
22.952968925,0.8411,0.9018,1.4031,1.868
22.956532925,0.8138,0.8805,1.5350,1.948
22.964900233,0.7803,0.8610,1.6554,2.023
22.965847002,0.7481,0.8446,1.7516,2.084
22.966091694,0.7158,0.8332,1.8152,2.122
22.966229233,0.6934,0.8273,1.8487,2.141
22.967475386,0.6821,0.8183,1.8525,2.137
22.969917156,0.6855,0.8102,1.8375,2.122
22.973513848,0.6936,0.7990,1.8159,2.102
22.974981771,0.7168,0.7845,1.7879,2.080
22.977431309,0.7577,0.7633,1.7446,2.049
22.979639309,0.8113,0.7379,1.7033,2.026
22.982677848,0.8717,0.7156,1.6679,2.013
22.984441771,0.9274,0.6998,1.6456,2.014
22.986966694,0.9680,0.6917,1.6249,2.014
22.989715925,0.9951,0.6921,1.6065,2.013
22.991682079,1.0083,0.6978,1.5831,2.002
22.994039309,1.0107,0.7098,1.5525,1.984
22.996676925,1.0009,0.7217,1.5128,1.952
22.998920925,0.9780,0.7322,1.4616,1.905
23.001275694,0.9523,0.7413,1.3998,1.848
23.004341771,0.9208,0.7477,1.3268,1.780
23.006616848,0.8856,0.7484,1.2442,1.701
23.008686463,0.8541,0.7489,1.1667,1.628
23.011541233,0.8187,0.7486,1.0959,1.559
23.014634463,0.7835,0.7496,1.0234,1.491
23.016164309,0.7493,0.7459,0.9620,1.429
23.01876554,0.7163,0.7471,0.9142,1.381
23.020724848,0.6821,0.7471,0.8775,1.339
23.023664233,0.6471,0.7466,0.8462,1.301
23.02536154,0.6186,0.7405,0.8222,1.268
23.028127617,0.5888,0.7345,0.8071,1.240
23.03560854,0.5670,0.7268,0.7922,1.216
23.035984233,0.5511,0.7200,0.7766,1.194
23.036130771,0.5362,0.7070,0.7572,1.167
23.037438694,0.5236,0.6961,0.7458,1.147
23.051311617,0.5108,0.6814,0.7409,1.129
23.051709233,0.4922,0.6702,0.7365,1.111
23.051812617,0.4789,0.6570,0.7272,1.091
23.051892233,0.4698,0.6382,0.7160,1.068
23.052119617,0.4591,0.6211,0.7089,1.048
23.052270771,0.4510,0.6038,0.7050,1.032
23.055103002,0.4381,0.5847,0.7053,1.015
23.064696309,0.4293,0.5703,0.7113,1.008
23.065362079,0.4204,0.5568,0.7204,1.003
23.065502771,0.4048,0.5463,0.7343,1.001
23.065627925,0.3899,0.5363,0.7526,1.003
23.066305848,0.3704,0.5290,0.7781,1.011
23.068795309,0.3489,0.5241,0.8071,1.024
23.072211386,0.3222,0.5221,0.8384,1.039
23.074088002,0.2958,0.5197,0.8711,1.057
23.076123079,0.2692,0.5207,0.9039,1.077
23.07861254,0.2421,0.5265,0.9317,1.097
23.080995386,0.2122,0.5321,0.9566,1.115
23.083241771,0.1791,0.5397,0.9767,1.130
23.085733771,0.1412,0.5537,0.9869,1.140
23.088899309,0.1016,0.5686,0.9869,1.144
23.090530079,0.0652,0.5876,0.9733,1.139
23.09322154,0.0256,0.6052,0.9522,1.129
23.095439617,-0.0111,0.6250,0.9261,1.117
23.097779386,-0.0465,0.6492,0.8885,1.101
23.100151079,-0.0825,0.6753,0.8462,1.086
23.102722079,-0.1131,0.7019,0.7993,1.070
23.105270079,-0.1441,0.7303,0.7485,1.056
23.107611386,-0.1756,0.7635,0.6962,1.048
23.110237463,-0.2042,0.7953,0.6373,1.039
23.112372309,-0.2298,0.8214,0.5713,1.027
23.114788002,-0.2479,0.8544,0.5198,1.030
23.11704854,-0.2692,0.8810,0.4529,1.027
23.11960554,-0.2809,0.9055,0.3838,1.023
23.122579386,-0.2865,0.9321,0.3214,1.027
23.124226386,-0.2929,0.9541,0.2664,1.033
23.126885771,-0.2958,0.9812,0.2215,1.049
23.129907002,-0.2914,1.0037,0.1949,1.063
23.132548233,-0.2806,1.0147,0.1785,1.068
23.13414454,-0.2682,1.0269,0.1830,1.077
23.136348925,-0.2535,1.0335,0.2054,1.084
23.141243309,-0.2320,1.0361,0.2475,1.090
23.141763617,-0.2063,1.0340,0.3124,1.100
23.145692309,-0.1783,1.0305,0.3947,1.118
23.158783079,-0.1539,1.0220,0.4968,1.147
23.159237463,-0.1252,1.0184,0.6114,1.194
23.159358386,-0.0986,1.0115,0.7351,1.254
23.159693848,-0.0719,1.0015,0.8541,1.318
23.159793233,-0.0483,0.9912,0.9715,1.389
23.159972309,-0.0207,0.9758,1.0781,1.454
23.160610771,0.0135,0.9580,1.2030,1.538
23.172771694,0.0410,0.9462,1.3414,1.642
23.17310154,0.0699,0.9311,1.4729,1.744
23.173211386,0.0975,0.9225,1.5872,1.838
23.173315079,0.1244,0.9106,1.6877,1.922
23.173409848,0.1521,0.9020,1.7707,1.993
23.174919386,0.1681,0.9008,1.8375,2.053
23.177487386,0.1877,0.8982,1.8816,2.093
23.179823309,0.2115,0.8935,1.9053,2.115
23.181992848,0.2374,0.8908,1.9034,2.115
23.185014079,0.2619,0.8805,1.8660,2.080
23.187034694,0.2902,0.8759,1.8315,2.051
23.189544848,0.3184,0.8705,1.7768,2.004
23.191643002,0.3471,0.8663,1.7104,1.948
23.194220925,0.3853,0.8622,1.6278,1.882
23.196908233,0.4300,0.8573,1.5398,1.814
23.198904309,0.4656,0.8563,1.4607,1.756
23.201634386,0.4933,0.8598,1.3861,1.704
23.204052848,0.5160,0.8642,1.3295,1.668
23.206164002,0.5282,0.8693,1.2929,1.645
23.208527002,0.5378,0.8684,1.2606,1.622
23.211618156,0.5443,0.8691,1.2518,1.618
23.213634386,0.5423,0.8703,1.2669,1.630
23.215858694,0.5177,0.8798,1.2990,1.652
23.220884617,0.4774,0.9008,1.3344,1.679
23.221114386,0.4300,0.9187,1.3768,1.710
23.223007694,0.3836,0.9380,1.4233,1.747
23.225978694,0.3394,0.9602,1.4692,1.788
23.228271309,0.2917,0.9727,1.5107,1.820
23.230363694,0.2399,0.9842,1.5528,1.854
23.232799925,0.1740,0.9949,1.5921,1.885
23.235368309,0.1021,1.0071,1.6249,1.914
23.239019002,0.0239,1.0223,1.6600,1.950
23.240126156,-0.0588,1.0342,1.7018,1.992
23.242747694,-0.1216,1.0538,1.7167,2.018
23.258452002,-0.1797,1.0643,1.7218,2.032
23.258756309,-0.2426,1.0836,1.7209,2.048
23.258855386,-0.3067,1.1009,1.7013,2.050
23.258944309,-0.3671,1.1107,1.6679,2.037
23.259122694,-0.4089,1.1090,1.6221,2.007
23.259441463,-0.4423,1.0882,1.5652,1.957
23.259550694,-0.4683,1.0701,1.4956,1.898
23.270003694,-0.4873,1.0518,1.3974,1.816
23.270338079,-0.4954,1.0389,1.2780,1.720
23.27044454,-0.5012,1.0305,1.1623,1.632
23.27053654,-0.5064,1.0401,1.0542,1.565
23.271239617,-0.4981,1.0643,0.9577,1.516
23.273723694,-0.4935,1.0983,0.8731,1.487
23.276422386,-0.4770,1.1366,0.8101,1.475
23.27872154,-0.4429,1.1628,0.7702,1.463
23.281094694,-0.3910,1.1715,0.7363,1.438
23.283720617,-0.3317,1.1584,0.7202,1.404
23.287096925,-0.2567,1.1270,0.7057,1.354
23.288299617,-0.1721,1.0789,0.6980,1.296
23.290670156,-0.0845,1.0171,0.7006,1.238
23.294003079,0.0075,0.9529,0.7062,1.186
23.295673771,0.0953,0.8905,0.7172,1.147
23.298258079,0.1749,0.8424,0.7392,1.134
23.300656848,0.2478,0.8055,0.7800,1.148
23.303306386,0.3137,0.7833,0.8345,1.187
23.305297848,0.3794,0.7603,0.8919,1.232
23.307630771,0.4439,0.7445,0.9513,1.287
23.311112309,0.5143,0.7264,0.9982,1.337
23.312374156,0.6010,0.6870,1.0283,1.375
23.314804925,0.6860,0.6448,1.0427,1.405
23.318271694,0.7720,0.5979,1.0437,1.429
23.320039386,0.8507,0.5519,1.0234,1.441
23.322062156,0.9217,0.5085,0.9989,1.451
23.324532309,0.9821,0.4687,0.9623,1.453
23.327112617,1.0381,0.4354,0.9176,1.452
23.329224617,1.0774,0.4063,0.8680,1.442
23.331844309,1.1023,0.3819,0.8179,1.425
23.334408848,1.1150,0.3567,0.7673,1.400
23.338851925,1.1211,0.3367,0.7148,1.372
23.339349463,1.1199,0.3071,0.6540,1.333
23.342103386,1.1167,0.2793,0.5967,1.297
23.35709754,1.1080,0.2448,0.5357,1.255
23.357582771,1.0938,0.2036,0.4700,1.208
23.358735002,1.0799,0.1568,0.4062,1.164
23.358871694,1.0720,0.1081,0.3407,1.130
23.358984002,1.0579,0.0618,0.2999,1.101
23.359107079,1.0288,0.0215,0.2615,1.062
23.359224233,0.9939,-0.0120,0.2152,1.017
23.361138463,0.9555,-0.0495,0.1790,0.973
23.371679925,0.9264,-0.0905,0.1546,0.944
23.372202079,0.8928,-0.1371,0.1511,0.916
23.372395079,0.8612,-0.1816,0.1609,0.895
23.37258154,0.8238,-0.2212,0.1861,0.873
23.372724617,0.7901,-0.2628,0.2257,0.863
23.376070156,0.7547,-0.3001,0.2869,0.861
23.377988233,0.7100,-0.3316,0.3563,0.861
23.379944309,0.6623,-0.3612,0.4373,0.872
23.382504002,0.6161,-0.3800,0.5226,0.893
23.386757771,0.5732,-0.4057,0.6048,0.927
23.387965771,0.5299,-0.4275,0.7069,0.981
23.389581233,0.4869,-0.4462,0.8203,1.053
23.392522079,0.4437,-0.4648,0.9271,1.128
23.394626386,0.4109,-0.4826,1.0309,1.210
23.397042694,0.3855,-0.4956,1.1250,1.288
23.399395309,0.3620,-0.5095,1.2095,1.361
23.402267079,0.3459,-0.5263,1.2762,1.423
23.403989771,0.3417,-0.5408,1.3295,1.475
23.406430771,0.3442,-0.5571,1.3705,1.519
23.408950463,0.3515,-0.5701,1.3959,1.548
23.411538463,0.3584,-0.5880,1.4043,1.564
23.413751386,0.3694,-0.6001,1.3966,1.564
23.416345156,0.3794,-0.6062,1.3756,1.550
23.41878154,0.3923,-0.6069,1.3432,1.525
23.421011617,0.3987,-0.6053,1.2967,1.486
23.423342156,0.4048,-0.6009,1.2368,1.433
23.425883309,0.4168,-0.5931,1.1629,1.370
23.428126386,0.4268,-0.5845,1.0771,1.298
23.430748925,0.4378,-0.5743,0.9848,1.221
23.433493771,0.4474,-0.5664,0.8916,1.147
23.43827354,0.4573,-0.5576,0.7928,1.072
23.43892954,0.4640,-0.5445,0.6928,0.996
23.440533848,0.4666,-0.5227,0.5936,0.918
23.455317848,0.4642,-0.5086,0.4830,0.841
23.456269848,0.4666,-0.4927,0.3701,0.773
23.456527617,0.4737,-0.4760,0.2743,0.725
23.456659617,0.4801,-0.4545,0.1732,0.683
23.456803309,0.4847,-0.4313,0.0478,0.651
23.456878156,0.4877,-0.4101,-0.0687,0.641
23.457089771,0.4901,-0.3910,-0.1786,0.652
23.470559925,0.4957,-0.3666,-0.2821,0.678
23.471070771,0.5008,-0.3481,-0.3804,0.719
23.471603386,0.5185,-0.3323,-0.4632,0.771
23.471886463,0.5355,-0.3180,-0.5309,0.818
23.47321354,0.5563,-0.3048,-0.5886,0.865
23.473558156,0.5773,-0.2889,-0.6335,0.904
23.473968848,0.5976,-0.2706,-0.6650,0.934
23.476483079,0.6173,-0.2573,-0.6841,0.957
23.478693156,0.6398,-0.2442,-0.6872,0.970
23.481283079,0.6613,-0.2393,-0.6748,0.975
23.483716233,0.6806,-0.2339,-0.6487,0.969
23.486056002,0.6953,-0.2302,-0.6119,0.954
23.488487694,0.7104,-0.2283,-0.5676,0.937
23.491225771,0.7246,-0.2291,-0.5106,0.916
23.493782156,0.7417,-0.2314,-0.4493,0.898
23.49578554,0.7608,-0.2310,-0.3853,0.884
23.498714156,0.7828,-0.2276,-0.3161,0.874
23.501807925,0.8111,-0.2263,-0.2492,0.878
23.503090694,0.8472,-0.2281,-0.1817,0.896
23.505349233,0.8919,-0.2381,-0.1204,0.931
23.50778554,0.9469,-0.2440,-0.0589,0.980
23.510478694,1.0032,-0.2496,0.0014,1.034
23.512658694,1.0542,-0.2522,0.0490,1.085
23.515643694,1.1048,-0.2498,0.0977,1.137
23.517754386,1.1541,-0.2456,0.1683,1.192
23.520073233,1.1998,-0.2356,0.2342,1.245
23.522658694,1.2516,-0.2276,0.2918,1.305
23.524869463,1.3046,-0.2239,0.3525,1.370
23.527362463,1.3659,-0.2244,0.4174,1.446
23.529485463,1.4339,-0.2291,0.4798,1.529
23.532112309,1.5026,-0.2330,0.5445,1.615
23.537172309,1.5688,-0.2327,0.6193,1.703
23.537856925,1.6166,-0.2302,0.7008,1.777
23.539630386,1.6447,-0.2181,0.7798,1.833
23.55614954,1.6543,-0.1995,0.8592,1.875
23.556884233,1.6394,-0.1748,0.9384,1.897
23.557057233,1.6070,-0.1484,1.0104,1.904
23.557169233,1.5619,-0.1157,1.0707,1.897
23.557286079,1.5145,-0.0832,1.1191,1.885
23.557715925,1.4603,-0.0473,1.1611,1.866
23.557858463,1.4011,-0.0160,1.1941,1.841
23.568908233,1.3344,0.0225,1.2205,1.809
23.569903079,1.2699,0.0608,1.2433,1.778
23.570104002,1.2079,0.1034,1.2587,1.748
23.570258386,1.1488,0.1510,1.2692,1.719
23.570447617,1.0794,0.2104,1.2857,1.692
23.570610156,1.0039,0.2828,1.3104,1.675
23.573162771,0.9184,0.3634,1.3353,1.661
23.575555694,0.8321,0.4442,1.3554,1.651
23.577537771,0.7528,0.5195,1.3537,1.634
23.580208309,0.6834,0.5808,1.3127,1.590
23.583152848,0.6189,0.6380,1.2303,1.518
23.585047617,0.5658,0.6883,1.1054,1.420
23.587676309,0.5160,0.7371,0.9303,1.294
23.590361771,0.4850,0.7918,0.7307,1.182
23.592369156,0.4586,0.8490,0.5391,1.105
23.594773848,0.4412,0.9115,0.3532,1.073
23.597270079,0.4309,0.9709,0.1875,1.079
23.599581848,0.4346,1.0188,0.0568,1.109
23.601931617,0.4437,1.0569,-0.0471,1.147
23.604498694,0.4717,1.0738,-0.1444,1.182
23.60687254,0.5071,1.0841,-0.2189,1.217
23.609230079,0.5397,1.0936,-0.2587,1.247
23.611700002,0.5634,1.1151,-0.2604,1.276
23.614141771,0.5849,1.1470,-0.2284,1.308
23.617608848,0.6086,1.1796,-0.1575,1.337
23.618793156,0.6328,1.2028,-0.0675,1.361
23.621284309,0.6592,1.2118,0.0304,1.380
23.623808617,0.6897,1.2045,0.1067,1.392
23.626111079,0.7286,1.1864,0.2076,1.408
23.628575617,0.7596,1.1635,0.3281,1.428
23.631553771,0.7875,1.1444,0.4343,1.455
23.636568617,0.8133,1.1221,0.5347,1.485
23.637069463,0.8346,1.0980,0.6359,1.519
23.637953848,0.8617,1.0767,0.7453,1.568
23.640709463,0.8947,1.0550,0.8545,1.626
23.654185463,0.9328,1.0364,0.9652,1.696
23.654603309,0.9811,1.0220,1.0679,1.774
23.654727309,1.0305,1.0081,1.1553,1.847
23.654837771,1.0771,1.0027,1.2235,1.914
23.65494854,1.1178,1.0010,1.2943,1.982
23.65634454,1.1529,1.0035,1.3425,2.034
23.668910463,1.1798,1.0091,1.3784,2.076
23.669879617,1.1956,1.0125,1.4115,2.109
23.670034386,1.2005,1.0137,1.4297,2.124
23.670160002,1.1905,1.0181,1.4206,2.115
23.670286156,1.1698,1.0205,1.3952,2.087
23.670430694,1.1327,1.0220,1.3603,2.044
23.672701156,1.0801,1.0335,1.3151,1.991
23.674360002,1.0198,1.0471,1.2692,1.936
23.676649848,0.9533,1.0589,1.2184,1.875
23.679305848,0.8928,1.0762,1.1736,1.826
23.682356848,0.8390,1.0924,1.1329,1.783
23.683749233,0.7935,1.1051,1.0830,1.739
23.686382771,0.7579,1.1139,1.0370,1.700
23.688795002,0.7405,1.1136,0.9892,1.663
23.692529156,0.7339,1.1053,0.9400,1.626
23.693511386,0.7410,1.0902,0.8895,1.590
23.696475079,0.7605,1.0760,0.8431,1.564
23.699339925,0.7801,1.0571,0.7993,1.538
23.700703925,0.7964,1.0471,0.7656,1.522
23.70331654,0.8141,1.0354,0.7399,1.511
23.705717233,0.8206,1.0242,0.7299,1.502
23.708174156,0.8234,1.0119,0.7346,1.497
23.710298386,0.8192,1.0019,0.7465,1.494
23.71283654,0.8153,0.9876,0.7654,1.492
23.715602079,0.8060,0.9690,0.7912,1.488
23.717586694,0.8016,0.9521,0.8220,1.492
23.720155079,0.7952,0.9262,0.8562,1.491
23.722867694,0.7911,0.8996,0.8925,1.494
23.724869156,0.7869,0.8777,0.9371,1.506
23.727403694,0.7738,0.8610,0.9880,1.522
23.729840233,0.7552,0.8417,1.0395,1.536
23.735266694,0.7327,0.8190,1.0922,1.549
23.735741771,0.7141,0.7955,1.1492,1.570
23.736863386,0.6929,0.7736,1.2068,1.592
23.739533463,0.6669,0.7575,1.2508,1.607
23.75150854,0.6418,0.7403,1.2872,1.618
23.751860925,0.6117,0.7181,1.3204,1.623
23.751978386,0.5856,0.6968,1.3524,1.630
23.752071309,0.5576,0.6783,1.3754,1.632
23.752152848,0.5255,0.6562,1.3889,1.624
23.75391754,0.4942,0.6375,1.3952,1.612
23.756210386,0.4575,0.6174,1.3901,1.588
23.766602771,0.4202,0.6005,1.3764,1.559
23.767237156,0.3825,0.5876,1.3495,1.521
23.767413233,0.3401,0.5824,1.3102,1.474
23.76758054,0.2961,0.5747,1.2652,1.421
23.768258463,0.2475,0.5763,1.2110,1.364
23.770603925,0.1920,0.5786,1.1455,1.298
23.773767386,0.1368,0.5820,1.0661,1.222
23.775474079,0.0713,0.5868,0.9747,1.140
23.77778154,0.0042,0.5979,0.8748,1.060
23.781389771,-0.0666,0.6110,0.7683,0.984
23.783061771,-0.1380,0.6331,0.6647,0.928
23.785203925,-0.2098,0.6590,0.5589,0.889
23.787571694,-0.2711,0.6853,0.4416,0.859
23.790412233,-0.3241,0.7079,0.3181,0.841
23.792286156,-0.3773,0.7317,0.1998,0.847
23.794780925,-0.4209,0.7552,0.0815,0.868
23.797215079,-0.4532,0.7833,-0.0263,0.905
23.799681156,-0.4798,0.8087,-0.1219,0.948
23.802296848,-0.5000,0.8414,-0.2098,1.001
23.804775309,-0.5149,0.8759,-0.2885,1.056
23.806906463,-0.5189,0.9057,-0.3552,1.103
23.81010054,-0.5091,0.9313,-0.4046,1.136
23.811706463,-0.4900,0.9518,-0.4356,1.156
23.814059002,-0.4575,0.9644,-0.4486,1.158
23.81641754,-0.4185,0.9746,-0.4351,1.146
23.81893754,-0.3791,0.9790,-0.3978,1.123
23.821416309,-0.3381,0.9863,-0.3369,1.096
23.824016233,-0.3004,0.9956,-0.2570,1.071
23.826453463,-0.2608,0.9986,-0.1619,1.045
23.828636925,-0.2268,1.0000,-0.0608,1.027
23.835335617,-0.1886,0.9981,0.0470,1.017
23.835912617,-0.1531,0.9981,0.1629,1.023
23.836405771,-0.1111,0.9937,0.2799,1.038
23.838646463,-0.0654,0.9863,0.4001,1.066
23.851242694,-0.0167,0.9773,0.5222,1.108
23.851687079,0.0288,0.9616,0.6359,1.153
23.851802079,0.0666,0.9460,0.7619,1.217
23.851897848,0.1034,0.9397,0.8988,1.304
23.851981233,0.1316,0.9385,1.0388,1.406
23.852690079,0.1505,0.9402,1.1655,1.505
23.855019386,0.1668,0.9418,1.2865,1.603
23.866858694,0.1777,0.9416,1.3908,1.689
23.867813771,0.1917,0.9385,1.4790,1.762
23.86820854,0.2113,0.9365,1.5547,1.827
23.868566156,0.2262,0.9341,1.6109,1.876
23.86878054,0.2372,0.9311,1.6495,1.909
23.869854463,0.2434,0.9416,1.6689,1.932
23.872635079,0.2443,0.9558,1.6740,1.943
23.874386463,0.2434,0.9812,1.6610,1.944
23.876810694,0.2416,1.0115,1.6344,1.937
23.87969254,0.2426,1.0410,1.5997,1.924
23.881770463,0.2487,1.0736,1.5580,1.908
23.884053156,0.2678,1.0985,1.5103,1.887
23.886709848,0.2956,1.1109,1.4680,1.865
23.889321771,0.3352,1.1072,1.4294,1.839
23.891281233,0.3811,1.1002,1.4035,1.824
23.893600002,0.4232,1.0916,1.3908,1.818
23.896413463,0.4622,1.0843,1.4022,1.832
23.898686463,0.4926,1.0794,1.4413,1.867
23.900895309,0.5194,1.0801,1.4961,1.917
23.903579309,0.5392,1.0778,1.5631,1.974
23.905862386,0.5467,1.0853,1.6493,2.049
23.908709233,0.5325,1.1023,1.7460,2.132
23.91087654,0.4947,1.1241,1.8345,2.208
23.914784925,0.4339,1.1442,1.9109,2.269
23.916063694,0.3645,1.1644,1.9777,2.324
23.918081233,0.2829,1.1876,2.0297,2.369
23.920215309,0.1984,1.1947,2.0597,2.389
23.923078463,0.1211,1.1962,2.0432,2.371
23.925163925,0.0356,1.2020,2.0016,2.335
23.927572233,-0.0514,1.2008,1.9566,2.296
23.933471386,-0.1228,1.1906,1.9058,2.251
23.933990079,-0.1893,1.1752,1.8424,2.193
23.934613233,-0.2545,1.1576,1.7681,2.129
23.93697354,-0.3285,1.1432,1.6830,2.061
23.953012617,-0.4028,1.1356,1.5821,1.989
23.95379654,-0.4805,1.1325,1.4814,1.926
23.953923694,-0.5596,1.1398,1.3830,1.877
23.954094386,-0.6190,1.1549,1.2913,1.840
23.954162694,-0.6605,1.1684,1.2147,1.810
23.954223079,-0.6759,1.1803,1.1509,1.782
23.954895925,-0.6647,1.1845,1.0959,1.745
23.956259309,-0.6323,1.1820,1.0376,1.695
23.959823079,-0.5848,1.1671,0.9745,1.629
23.962612233,-0.5213,1.1412,0.9176,1.554
23.964752925,-0.4507,1.1014,0.8550,1.465
23.966383617,-0.3720,1.0559,0.7964,1.374
23.968256309,-0.2938,1.0132,0.7250,1.280
23.971531617,-0.2184,0.9672,0.6647,1.194
23.973163617,-0.1478,0.9311,0.6219,1.129
23.975539002,-0.0779,0.8952,0.5806,1.070
23.978370463,-0.0143,0.8698,0.5552,1.032
23.980671002,0.0457,0.8419,0.5443,1.004
23.982779694,0.1073,0.8178,0.5394,0.985
23.985491002,0.1735,0.7974,0.5526,0.986
23.987907386,0.2406,0.7780,0.5643,0.991
23.990125233,0.3322,0.7425,0.5797,0.999
23.992437463,0.4356,0.7024,0.6048,1.024
23.995122156,0.5318,0.6621,0.6254,1.055
23.997336309,0.6245,0.6271,0.6419,1.093
23.999753848,0.7116,0.5947,0.6586,1.137
24.002204848,0.7933,0.5683,0.6740,1.186
24.005099079,0.8649,0.5470,0.6752,1.226
24.007017233,0.9235,0.5265,0.6764,1.260
24.009535694,0.9731,0.5111,0.6813,1.293
24.012020848,1.0107,0.5009,0.6938,1.324
24.014142463,1.0322,0.4889,0.6987,1.339
24.016736002,1.0537,0.4750,0.6899,1.346
24.020032848,1.0696,0.4573,0.6747,1.345
24.02161754,1.0764,0.4298,0.6591,1.333
24.023808617,1.0740,0.3988,0.6428,1.314
24.026572002,1.0682,0.3667,0.6217,1.289
24.028835694,1.0584,0.3313,0.6068,1.264
24.031149463,1.0403,0.2998,0.6029,1.239
24.033722079,1.0178,0.2730,0.6070,1.216
24.035954694,0.9919,0.2436,0.6129,1.191
24.040754463,0.9665,0.2153,0.6342,1.176
24.041229156,0.9411,0.1843,0.6577,1.163
24.043670079,0.9117,0.1528,0.6835,1.150
24.059290463,0.8830,0.1230,0.7020,1.135
24.059677848,0.8585,0.0941,0.7167,1.122
24.05979131,0.8355,0.0641,0.7250,1.108
24.060194463,0.8216,0.0338,0.7299,1.100
24.060360617,0.8064,0.0019,0.7243,1.084
24.060479079,0.7938,-0.0321,0.7202,1.072
24.060771694,0.7818,-0.0604,0.7074,1.056
24.073791002,0.7696,-0.0893,0.6960,1.041
24.074873463,0.7581,-0.1112,0.6796,1.024
24.075046463,0.7476,-0.1345,0.6696,1.013
24.075179002,0.7410,-0.1564,0.6505,0.998
24.075310771,0.7400,-0.1826,0.6314,0.990
24.075434079,0.7314,-0.1992,0.6146,0.976
24.076815002,0.7234,-0.2144,0.5963,0.962
24.079818079,0.7112,-0.2310,0.5802,0.946
24.081626386,0.6995,-0.2459,0.5625,0.931
24.084212233,0.6853,-0.2571,0.5480,0.914
24.087242386,0.6765,-0.2666,0.5282,0.899
24.08895654,0.6606,-0.2754,0.5137,0.881
24.09136054,0.6455,-0.2840,0.4932,0.861
24.09417354,0.6282,-0.2850,0.4730,0.836
24.096318463,0.6073,-0.2840,0.4590,0.813
24.098606079,0.5807,-0.2811,0.4374,0.780
24.101166079,0.5548,-0.2806,0.4038,0.741
24.104101463,0.5311,-0.2880,0.3661,0.706
24.105866463,0.5099,-0.2920,0.3330,0.675
24.108358463,0.4850,-0.2972,0.2918,0.639
24.110875386,0.4630,-0.3075,0.2479,0.609
24.113009463,0.4430,-0.3192,0.1956,0.580
24.115509233,0.4263,-0.3260,0.1421,0.555
24.11816031,0.4092,-0.3355,0.0886,0.537
24.120594079,0.3934,-0.3419,0.0437,0.523
24.122721156,0.3733,-0.3441,0.0053,0.508
24.125310694,0.3596,-0.3473,-0.0315,0.501
24.12837354,0.3459,-0.3468,-0.0631,0.494
24.130118694,0.3279,-0.3397,-0.0913,0.481
24.13248154,0.3122,-0.3348,-0.1172,0.473
24.135050771,0.2986,-0.3319,-0.1402,0.468
24.138137156,0.2897,-0.3329,-0.1600,0.469
24.139745156,0.2865,-0.3365,-0.1779,0.476
24.142495079,0.2881,-0.3424,-0.2017,0.491
24.14493931,0.2927,-0.3525,-0.2269,0.511
24.14853754,0.3054,-0.3597,-0.2438,0.531
24.149204617,0.3235,-0.3661,-0.2438,0.546
24.152603925,0.3487,-0.3675,-0.2404,0.561
24.163042156,0.3755,-0.3707,-0.2257,0.574
24.16343231,0.3999,-0.3683,-0.1986,0.579
24.163757771,0.4258,-0.3702,-0.1600,0.586
24.16391231,0.4474,-0.3666,-0.1153,0.590
24.163995079,0.4691,-0.3597,-0.0694,0.595
24.166431694,0.4933,-0.3568,-0.0279,0.609
24.168522463,0.5155,-0.3561,0.0121,0.627
24.176923386,0.5378,-0.3529,0.0510,0.645
24.17737931,0.5585,-0.3537,0.0840,0.666
24.177568925,0.5809,-0.3532,0.1125,0.689
24.178451694,0.6049,-0.3502,0.1299,0.711
24.180496925,0.6266,-0.3493,0.1429,0.731
24.183189848,0.6469,-0.3519,0.1490,0.751
24.185526156,0.6660,-0.3529,0.1502,0.769
24.187776848,0.6843,-0.3514,0.1438,0.783
24.190361156,0.7051,-0.3463,0.1301,0.796
24.192687079,0.7249,-0.3388,0.1057,0.807
24.195063079,0.7507,-0.3307,0.0808,0.824
24.197352617,0.7733,-0.3241,0.0512,0.840
24.200035079,0.8018,-0.3160,0.0212,0.862
24.20266954,0.8353,-0.3067,-0.0154,0.890
24.204673848,0.8721,-0.3004,-0.0515,0.924
24.207204002,0.9126,-0.2960,-0.0828,0.963
24.209691694,0.9474,-0.2862,-0.1073,0.996
24.211811002,0.9811,-0.2757,-0.1160,1.026
24.215311002,1.0076,-0.2666,-0.1192,1.049
24.216863925,1.0291,-0.2540,-0.1211,1.067
24.219310156,1.0422,-0.2415,-0.0931,1.074
24.221484925,1.0466,-0.2261,-0.0364,1.071
24.224151002,1.0400,-0.2126,0.0368,1.062
24.226747386,1.0295,-0.1875,0.1108,1.052
24.228832617,1.0134,-0.1657,0.1883,1.044
24.231270463,0.9953,-0.1406,0.2533,1.037
24.234236848,0.9724,-0.1189,0.3195,1.030
24.238292617,0.9529,-0.1015,0.3730,1.028
24.23866431,0.9489,-0.0912,0.4304,1.046
24.241307002,0.9531,-0.0832,0.4798,1.070
24.253012233,0.9629,-0.0793,0.5467,1.110
24.25355754,0.9816,-0.0721,0.6227,1.165
24.25371254,0.9988,-0.0709,0.7121,1.229
24.253830156,1.0130,-0.0629,0.8086,1.298
24.254000617,1.0198,-0.0544,0.9065,1.366
24.255448617,1.0332,-0.0409,1.0006,1.439
24.257724233,1.0549,-0.0246,1.1084,1.530
24.266443694,1.0706,0.0059,1.2284,1.629
24.26688154,1.0833,0.0528,1.3532,1.734
24.266984848,1.0794,0.1168,1.4809,1.836
24.267463617,1.0657,0.1962,1.6032,1.935
24.269716925,1.0330,0.2915,1.7094,2.018
24.272107925,0.9867,0.3963,1.7903,2.082
24.274981463,0.9315,0.5060,1.8323,2.117
24.276912233,0.8707,0.6047,1.8274,2.113
24.279447079,0.8197,0.6888,1.7697,2.068
24.282122386,0.7840,0.7554,1.6656,1.990
24.285303925,0.7579,0.8190,1.5184,1.884
24.286753233,0.7391,0.8864,1.3373,1.766
24.28912031,0.7205,0.9509,1.1374,1.648
24.292021463,0.6997,1.0220,0.9468,1.559
24.294401848,0.6802,1.0882,0.7656,1.494
24.296356617,0.6765,1.1470,0.6004,1.461
24.299000925,0.6692,1.2036,0.4641,1.453
24.30138731,0.6662,1.2511,0.3354,1.457
24.303815694,0.6623,1.2966,0.2200,1.473
24.306038463,0.6528,1.3531,0.1326,1.508
24.308548233,0.6357,1.4070,0.0801,1.546
24.311253463,0.6217,1.4584,0.0558,1.586
24.31334154,0.6088,1.4980,0.0530,1.618
24.316370771,0.6066,1.5178,0.0698,1.636
24.318676002,0.6193,1.5097,0.0971,1.635
24.320669771,0.6413,1.4715,0.1272,1.610
24.323401156,0.6706,1.4224,0.1597,1.581
24.325465233,0.7014,1.3692,0.1927,1.550
24.327810386,0.7300,1.3189,0.2386,1.526
24.330720925,0.7586,1.2773,0.2897,1.514
24.33342454,0.7918,1.2485,0.3442,1.518
24.338426463,0.8309,1.2274,0.4040,1.536
24.338931694,0.8744,1.2055,0.4751,1.563
24.340311925,0.9328,1.1764,0.5531,1.600
24.355962694,0.9897,1.1447,0.6242,1.637
24.356342771,1.0517,1.1055,0.6901,1.675
24.356464848,1.1141,1.0601,0.7488,1.710
24.357447079,1.1768,1.0147,0.7928,1.744
24.35781631,1.2287,0.9690,0.8445,1.778
24.35788954,1.2621,0.9301,0.9058,1.811
24.357954771,1.2902,0.8896,0.9615,1.839
24.370510079,1.3191,0.8475,1.0192,1.870
24.371264233,1.3454,0.8031,1.0627,1.893
24.371458156,1.3596,0.7638,1.1079,1.913
24.37164954,1.3676,0.7296,1.1502,1.930
24.37182554,1.3647,0.7024,1.1970,1.946
24.371983617,1.3491,0.6767,1.2408,1.954
24.37352854,1.3281,0.6572,1.2760,1.955
24.376659079,1.3068,0.6392,1.3060,1.955
24.378358463,1.2816,0.6196,1.3293,1.948
24.380891694,1.2604,0.6059,1.3386,1.936
24.383512233,1.2299,0.5979,1.3449,1.918
24.385765463,1.1942,0.5964,1.3463,1.896
24.388264233,1.1483,0.6050,1.3470,1.871
24.390715694,1.0962,0.6196,1.3427,1.841
24.393099386,1.0376,0.6357,1.3356,1.807
24.395181463,0.9841,0.6502,1.3248,1.774
24.397608925,0.9287,0.6606,1.3136,1.739
24.40097654,0.8768,0.6667,1.3011,1.705
24.40241931,0.8182,0.6746,1.2860,1.667
24.405206156,0.7591,0.6814,1.2703,1.629
24.407842386,0.6963,0.6937,1.2445,1.586
24.410184002,0.6357,0.7017,1.2176,1.542
24.413153463,0.5732,0.7107,1.1905,1.500
24.41571231,0.5087,0.7195,1.1562,1.454
24.417370463,0.4449,0.7312,1.1269,1.415
24.41935131,0.3811,0.7403,1.0893,1.371
24.421993848,0.3196,0.7489,1.0509,1.329
24.424452617,0.2629,0.7575,1.0087,1.289
24.426650156,0.2145,0.7622,0.9666,1.250
24.428962386,0.1732,0.7676,0.9281,1.217
24.431743694,0.1407,0.7659,0.8834,1.178
24.436985848,0.1221,0.7591,0.8438,1.142
24.437449848,0.1116,0.7464,0.8150,1.111
24.438609771,0.1151,0.7359,0.7900,1.086
24.441285156,0.1253,0.7268,0.7712,1.067
24.454641848,0.1437,0.7088,0.7575,1.047
24.454995694,0.1717,0.6926,0.7497,1.035
24.455104848,0.2038,0.6841,0.7444,1.031
24.455410694,0.2316,0.6753,0.7460,1.033
24.455598386,0.2534,0.6707,0.7419,1.032
24.45610554,0.2775,0.6641,0.7427,1.034
24.470456925,0.3032,0.6580,0.7524,1.045
24.47110431,0.3320,0.6509,0.7654,1.058
24.471275386,0.3559,0.6462,0.7812,1.075
24.47143654,0.3829,0.6421,0.7947,1.091
24.471573848,0.4036,0.6380,0.8074,1.105
24.471710386,0.4192,0.6377,0.8152,1.117
24.472372617,0.4319,0.6406,0.8274,1.132
24.475118386,0.4376,0.6455,0.8389,1.145
24.47710954,0.4388,0.6538,0.8394,1.151
24.479532002,0.4358,0.6641,0.8325,1.151
24.482924233,0.4258,0.6763,0.8196,1.145
24.48460854,0.4127,0.6885,0.7959,1.130
24.487071694,0.3934,0.7030,0.7646,1.111
24.489442386,0.3689,0.7203,0.7241,1.086
24.492136002,0.3391,0.7361,0.6867,1.062
24.494276617,0.3073,0.7557,0.6419,1.038
24.496550386,0.2800,0.7752,0.6026,1.021
24.49906431,0.2578,0.7913,0.5641,1.005
24.50160154,0.2397,0.8102,0.5261,0.995
24.504007617,0.2257,0.8309,0.4924,0.992
24.506991694,0.2087,0.8556,0.4690,0.998
24.508785233,0.1908,0.8793,0.4565,1.009
24.511154694,0.1766,0.8996,0.4399,1.017
24.513735002,0.1549,0.9260,0.4485,1.040
24.51595354,0.1339,0.9458,0.4774,1.068
24.518302079,0.1067,0.9724,0.5128,1.105
24.520828617,0.0774,0.9956,0.5504,1.140
24.523225156,0.0540,1.0125,0.5892,1.173
24.525629848,0.0315,1.0252,0.6256,1.201
24.528023079,0.0156,1.0293,0.6603,1.223
24.530349848,0.0058,1.0338,0.6911,1.244
24.536244617,0.0037,1.0322,0.7265,1.262
24.536728233,0.0122,1.0273,0.7644,1.281
24.539072925,0.0215,1.0181,0.8012,1.296
24.540092233,0.0344,1.0100,0.8518,1.322
24.554740617,0.0484,1.0022,0.9046,1.351
24.555185463,0.0591,0.9946,0.9601,1.384
24.555274771,0.0745,0.9886,1.0148,1.419
24.555353233,0.0892,0.9793,1.0747,1.457
24.555428233,0.1024,0.9749,1.1304,1.496
24.555506694,0.1123,0.9670,1.1797,1.530
24.568426156,0.1263,0.9632,1.2237,1.562
24.569188002,0.1397,0.9616,1.2587,1.590
24.569374386,0.1488,0.9685,1.2918,1.621
24.569535002,0.1644,0.9632,1.3107,1.635
24.56973531,0.1854,0.9609,1.3281,1.650
24.569887925,0.2059,0.9548,1.3449,1.662
24.571265771,0.2238,0.9514,1.3554,1.671
24.574151925,0.2389,0.9448,1.3771,1.687
24.576131617,0.2548,0.9443,1.4231,1.727
24.578555079,0.2781,0.9434,1.4830,1.779
24.581228233,0.3061,0.9406,1.5440,1.834
24.586392002,0.3396,0.9402,1.6121,1.897
24.586966386,0.3650,0.9438,1.6871,1.967
24.58845131,0.3955,0.9387,1.7446,2.020
24.590742156,0.4195,0.9313,1.8035,2.073
24.592983694,0.4461,0.9184,1.8653,2.126
24.595797771,0.4686,0.9035,1.9165,2.170
24.598004925,0.4815,0.8857,1.9520,2.197
24.600416233,0.4803,0.8679,1.9738,2.209
24.602724925,0.4666,0.8544,1.9779,2.204
24.60532331,0.4414,0.8444,1.9715,2.190
24.607644848,0.4134,0.8442,1.9626,2.176
24.61009654,0.3692,0.8549,1.9496,2.161
24.612744925,0.3156,0.8715,1.9214,2.133
24.615266463,0.2619,0.8996,1.8734,2.095
24.617039079,0.2018,0.9245,1.8262,2.057
24.619855925,0.1461,0.9483,1.7511,1.997
24.622325233,0.0913,0.9690,1.6540,1.919
24.624645156,0.0405,0.9853,1.5373,1.826
24.626886156,-0.0090,1.0007,1.3989,1.720
24.629310079,-0.0651,1.0149,1.2501,1.612
24.634862694,-0.1262,1.0352,1.0828,1.503
24.635324925,-0.1966,1.0604,0.9090,1.410
24.636519002,-0.2667,1.0992,0.7578,1.361
24.638773771,-0.3451,1.1426,0.6302,1.350
24.653803002,-0.4043,1.1884,0.4509,1.334
24.654314694,-0.4443,1.2370,0.2962,1.347
24.654537848,-0.4673,1.2888,0.1695,1.381
24.654658771,-0.4641,1.3415,0.0712,1.421
24.654829848,-0.4334,1.3897,0.0190,1.456
24.654919079,-0.3700,1.4224,0.0078,1.470
24.668829233,-0.2699,1.4349,0.0402,1.461
24.669378463,-0.1438,1.4202,0.1003,1.431
24.669532617,0.0034,1.3853,0.1768,1.397
24.669748233,0.1563,1.3347,0.2555,1.368
24.669932925,0.3032,1.2781,0.3200,1.352
24.670095694,0.4393,1.2229,0.3713,1.351
24.670443002,0.5625,1.1698,0.4145,1.363
24.673081848,0.6773,1.1207,0.4439,1.383
24.675311694,0.7779,1.0760,0.4690,1.408
24.677617233,0.8653,1.0366,0.4903,1.437
24.67983931,0.9364,0.9958,0.5025,1.456
24.682405463,0.9972,0.9629,0.5149,1.479
24.684748617,1.0533,0.9323,0.5291,1.503
24.687490463,1.0913,0.9050,0.5403,1.517
24.689983079,1.1204,0.8835,0.5431,1.527
24.691790771,1.1485,0.8603,0.5279,1.529
24.694287002,1.1824,0.8344,0.5012,1.532
24.698061771,1.2113,0.8002,0.4629,1.524
24.69958554,1.2345,0.7633,0.4111,1.508
24.701803925,1.2597,0.7125,0.3500,1.489
24.704143079,1.2832,0.6594,0.2853,1.471
24.706491925,1.3005,0.6033,0.2266,1.451
24.709152848,1.3098,0.5485,0.1768,1.431
24.711147925,1.3142,0.4936,0.1446,1.411
24.713724002,1.3174,0.4344,0.1292,1.393
24.716009463,1.3122,0.3709,0.1357,1.370
24.718470771,1.2990,0.3061,0.1680,1.345
24.720828617,1.2758,0.2409,0.2361,1.320
24.723363617,1.2518,0.1764,0.3227,1.305
24.725745233,1.2231,0.1209,0.4162,1.298
24.728211694,1.1788,0.0709,0.5135,1.288
24.73116454,1.1258,0.0271,0.6137,1.282
24.732831386,1.0676,-0.0148,0.7182,1.287
24.735441233,1.0158,-0.0649,0.8243,1.310
24.737822463,0.9650,-0.1147,0.9366,1.350
24.742894386,0.9081,-0.1629,1.0544,1.401
24.743347079,0.8514,-0.1980,1.1736,1.463
24.745735079,0.7952,-0.2234,1.2906,1.532
24.759998463,0.7430,-0.2366,1.4018,1.604
24.760583079,0.6934,-0.2466,1.5019,1.673
24.760719694,0.6499,-0.2566,1.5887,1.736
24.76083631,0.6091,-0.2622,1.6633,1.791
24.760946156,0.5741,-0.2706,1.7192,1.833
24.761022386,0.5458,-0.2811,1.7625,1.866
24.762384848,0.5120,-0.2928,1.7883,1.883
24.773734694,0.4840,-0.3067,1.7993,1.888
24.774840925,0.4612,-0.3165,1.7974,1.882
24.775024233,0.4451,-0.3255,1.7822,1.866
24.775170463,0.4321,-0.3383,1.7560,1.840
24.775528848,0.4207,-0.3497,1.7218,1.807
24.776501156,0.4165,-0.3574,1.6784,1.766
24.77905531,0.4190,-0.3649,1.6300,1.722
24.78172831,0.4295,-0.3730,1.5711,1.671
24.783667617,0.4488,-0.3835,1.5039,1.616
24.78617654,0.4693,-0.3863,1.4380,1.561
24.788786771,0.4869,-0.3917,1.3630,1.499
24.791665156,0.5120,-0.3979,1.2899,1.444
24.793210771,0.5355,-0.4040,1.2176,1.390
24.795752617,0.5541,-0.4045,1.1450,1.335
24.79860154,0.5619,-0.3952,1.0725,1.274
24.800942156,0.5663,-0.3944,0.9923,1.209
24.803237771,0.5741,-0.3986,0.9179,1.154
24.805467925,0.5895,-0.4010,0.8440,1.105
24.807517233,0.6047,-0.4010,0.7678,1.056
24.810402156,0.6191,-0.4033,0.6791,1.004
24.812649848,0.6303,-0.4003,0.5939,0.954
24.814847002,0.6387,-0.3959,0.5173,0.912
24.817203925,0.6422,-0.3886,0.4458,0.873
24.820016848,0.6377,-0.3817,0.3733,0.832
24.822428848,0.6310,-0.3849,0.2811,0.791
24.824553771,0.6308,-0.3932,0.1930,0.768
24.827145463,0.6217,-0.3993,0.1164,0.748
24.829923617,0.6096,-0.4042,0.0478,0.733
24.831795386,0.5919,-0.4035,-0.0170,0.717
24.834963694,0.5763,-0.3968,-0.0796,0.704
24.836701233,0.5595,-0.3905,-0.1312,0.695
24.839215002,0.5485,-0.3815,-0.1737,0.690
24.84157931,0.5358,-0.3751,-0.2087,0.687
24.844027386,0.5378,-0.3730,-0.2399,0.697
24.849446694,0.5365,-0.3700,-0.2567,0.700
24.850139002,0.5336,-0.3683,-0.2709,0.703
24.851037771,0.5313,-0.3605,-0.2865,0.703
24.853522771,0.5285,-0.3521,-0.2925,0.699
24.866595925,0.5267,-0.3446,-0.2914,0.694
24.867170463,0.5250,-0.3360,-0.2856,0.686
24.867383386,0.5253,-0.3274,-0.2683,0.675
24.867981463,0.5301,-0.3173,-0.2514,0.667
24.868115079,0.5297,-0.3062,-0.2313,0.654
24.868311694,0.5289,-0.2906,-0.2145,0.640
24.881028925,0.5323,-0.2806,-0.2022,0.635
24.881931694,0.5372,-0.2686,-0.1994,0.633
24.882419002,0.5480,-0.2579,-0.1947,0.636
24.882740617,0.5573,-0.2493,-0.1942,0.641
24.882936002,0.5714,-0.2428,-0.2001,0.652
24.883277771,0.5954,-0.2384,-0.2089,0.675
24.885051002,0.6205,-0.2371,-0.2167,0.699
24.888921848,0.6515,-0.2368,-0.2257,0.729
24.889451617,0.6797,-0.2300,-0.2338,0.755
24.89216331,0.6997,-0.2258,-0.2385,0.773
24.894685156,0.7209,-0.2132,-0.2369,0.788
24.896822771,0.7381,-0.2058,-0.2364,0.802
24.899643617,0.7523,-0.1951,-0.2274,0.810
24.901892002,0.7637,-0.1818,-0.2177,0.815
24.904209848,0.7679,-0.1765,-0.2035,0.814
24.906641771,0.7633,-0.1694,-0.1877,0.804
24.909276848,0.7481,-0.1641,-0.1747,0.786
24.912359617,0.7307,-0.1587,-0.1666,0.766
24.914318463,0.7095,-0.1543,-0.1586,0.743
24.916382386,0.6929,-0.1447,-0.1512,0.724
24.919117848,0.6767,-0.1376,-0.1449,0.706
24.921388848,0.6645,-0.1328,-0.1427,0.692
24.923284848,0.6584,-0.1262,-0.1416,0.685
24.926041848,0.6569,-0.1208,-0.1314,0.681
24.92922831,0.6629,-0.1135,-0.1190,0.683
24.930630463,0.6750,-0.1086,-0.0969,0.691
24.933035079,0.6946,-0.0973,-0.0684,0.705
24.935558694,0.7244,-0.0895,-0.0293,0.730
24.938251002,0.7600,-0.0744,0.0176,0.764
24.94029354,0.7999,-0.0629,0.0659,0.805
24.943374386,0.8434,-0.0523,0.1204,0.854
24.94860854,0.8770,-0.0404,0.1788,0.896
24.949297233,0.9135,-0.0282,0.2330,0.943
24.950045463,0.9489,-0.0164,0.2953,0.994
24.952315694,0.9834,-0.0055,0.3647,1.049
24.967544233,1.0183,0.0133,0.4346,1.107
24.968063079,1.0523,0.0396,0.5115,1.171
24.96819654,1.0755,0.0669,0.6014,1.234
24.968316002,1.0850,0.1051,0.6980,1.294
24.96844054,1.0708,0.1517,0.7912,1.340
24.968564002,1.0291,0.2160,0.9075,1.389
24.980609848,0.9577,0.2944,1.0314,1.438
24.98110854,0.8649,0.3827,1.1387,1.480
24.98130431,0.7689,0.4620,1.2312,1.523
24.981454771,0.6724,0.5363,1.2965,1.556
24.981607925,0.5721,0.6045,1.3351,1.573
24.981803694,0.4673,0.6702,1.3483,1.577
24.984491386,0.3589,0.7335,1.3337,1.564
24.98794731,0.2527,0.8009,1.2911,1.540
24.98920731,0.1532,0.8679,1.2291,1.512
24.991011002,0.0694,0.9394,1.1445,1.482
24.993492002,0.0051,1.0071,1.0446,1.451
24.996219925,-0.0353,1.0745,0.9489,1.434
24.998533771,-0.0473,1.1263,0.8606,1.418
25.000710079,-0.0276,1.1684,0.7761,1.403
25.003551925,0.0144,1.1984,0.7016,1.389
25.005347386,0.0701,1.2290,0.6400,1.387
25.007861233,0.1409,1.2509,0.5944,1.392
25.010201156,0.2126,1.2761,0.5511,1.406
25.012710386,0.2895,1.2951,0.5084,1.421
25.015014079,0.3801,1.3086,0.4670,1.440
25.017794079,0.4796,1.3177,0.4257,1.465
25.020050079,0.5817,1.3186,0.3901,1.493
25.022241771,0.6914,1.3103,0.3596,1.525
25.024966463,0.8099,1.2879,0.3258,1.556
25.027225463,0.9266,1.2563,0.2789,1.586
25.029505233,1.0398,1.2299,0.2664,1.632
25.031998386,1.1302,1.2077,0.2853,1.678
25.035041771,1.2159,1.1935,0.3046,1.731
25.039500002,1.2890,1.1815,0.3249,1.778
25.039950771,1.3386,1.1749,0.3468,1.815
25.04150854,1.3659,1.1808,0.3710,1.843
25.05670831,1.3771,1.1842,0.3894,1.858
25.057255694,1.3728,1.1896,0.3869,1.857
25.057451386,1.3557,1.1901,0.3637,1.840
25.057621848,1.3273,1.1894,0.3190,1.811
25.057874386,1.2956,1.1896,0.2569,1.778
25.05797354,1.2721,1.1884,0.1902,1.751
25.058981771,1.2553,1.1896,0.1208,1.734
25.070186771,1.2506,1.1894,0.0612,1.727
25.070606386,1.2623,1.1866,0.0121,1.733
25.070755925,1.2865,1.1826,-0.0049,1.747
25.071260925,1.3132,1.1726,-0.0100,1.761
25.071388848,1.3471,1.1517,0.0034,1.772
25.07291631,1.3850,1.1234,0.0281,1.784
25.075674771,1.4241,1.0931,0.0742,1.797
25.077790694,1.4537,1.0633,0.1355,1.806
25.080077848,1.4740,1.0340,0.2093,1.813
25.082557771,1.4852,1.0047,0.2934,1.817
25.08648731,1.4796,0.9788,0.3859,1.816
25.087540848,1.4605,0.9514,0.4922,1.811
25.089845233,1.4236,0.9248,0.5995,1.800
25.092207386,1.3771,0.8945,0.7060,1.787
25.094714694,1.3219,0.8595,0.8074,1.771
25.097343079,1.2501,0.8283,0.9063,1.752
25.099681771,1.1805,0.7948,1.0004,1.740
25.103567694,1.0997,0.7596,1.0835,1.721
25.104349463,1.0237,0.7266,1.1634,1.712
25.107392002,0.9480,0.6993,1.2496,1.717
25.109139079,0.8639,0.6885,1.3290,1.728
25.11171631,0.7766,0.6844,1.3884,1.732
25.113970463,0.7002,0.6814,1.4338,1.735
25.116643002,0.6315,0.6804,1.4676,1.737
25.11885931,0.5721,0.6792,1.4870,1.732
25.121490463,0.5285,0.6704,1.4944,1.721
25.123759617,0.4974,0.6660,1.4870,1.704
25.126740002,0.4679,0.6636,1.4726,1.682
25.128817848,0.4400,0.6667,1.4539,1.659
25.130957848,0.4141,0.6716,1.4177,1.622
25.133613233,0.3921,0.6741,1.3722,1.578
25.138849848,0.3718,0.6767,1.3180,1.527
25.139395925,0.3538,0.6812,1.2647,1.479
25.140388233,0.3410,0.6792,1.2017,1.422
25.157306771,0.3256,0.6773,1.1320,1.359
25.157755079,0.3079,0.6809,1.0600,1.297
25.157870694,0.2900,0.6797,0.9862,1.232
25.157981156,0.2783,0.6795,0.9044,1.165
25.158085233,0.2729,0.6746,0.8274,1.102
25.158191694,0.2729,0.6724,0.7563,1.048
25.158294079,0.2707,0.6616,0.6920,0.995
25.160825463,0.2670,0.6587,0.6435,0.959
25.171173771,0.2541,0.6606,0.6095,0.934
25.171537233,0.2413,0.6623,0.5765,0.911
25.17164831,0.2238,0.6711,0.5401,0.890
25.171753848,0.2022,0.6767,0.5112,0.872
25.171842463,0.1742,0.6872,0.4858,0.859
25.17455931,0.1390,0.6990,0.4739,0.856
25.176659079,0.1043,0.7125,0.4575,0.853
25.178861233,0.0728,0.7205,0.4409,0.848
25.181627925,0.0433,0.7284,0.4253,0.845
25.183739386,0.0112,0.7361,0.4089,0.842
25.189091079,-0.0253,0.7420,0.3962,0.842
25.189718463,-0.0619,0.7528,0.3845,0.848
25.191499386,-0.1026,0.7608,0.3782,0.856
25.193698771,-0.1411,0.7704,0.3749,0.868
25.196466386,-0.1781,0.7752,0.3764,0.880
25.19861754,-0.2137,0.7841,0.3903,0.902
25.201862079,-0.2459,0.7974,0.4167,0.933
25.202927617,-0.2782,0.8126,0.4532,0.971
25.205419002,-0.3016,0.8309,0.4979,1.015
25.20815654,-0.3214,0.8483,0.5482,1.060
25.21035754,-0.3300,0.8649,0.5960,1.101
25.21270554,-0.3281,0.8759,0.6388,1.133
25.215218386,-0.3129,0.8849,0.6799,1.159
25.217415079,-0.2916,0.8910,0.7197,1.182
25.219800002,-0.2613,0.8950,0.7519,1.198
25.222248925,-0.2281,0.8964,0.7835,1.212
25.224831386,-0.1912,0.8964,0.8169,1.228
25.227245156,-0.1609,0.8987,0.8582,1.253
25.229614694,-0.1262,0.9013,0.8944,1.276
25.232160925,-0.1033,0.9067,0.9266,1.301
25.236342463,-0.0759,0.9115,0.9515,1.320
25.236868617,-0.0486,0.9128,0.9750,1.336
25.239837233,-0.0114,0.9067,1.0024,1.352
25.255035386,0.0281,0.9018,1.0370,1.375
25.25539654,0.0679,0.8925,1.0749,1.399
25.255512925,0.1073,0.8828,1.1108,1.423
25.255615079,0.1514,0.8703,1.1411,1.443
25.255717848,0.1942,0.8625,1.1714,1.468
25.255815002,0.2387,0.8549,1.1995,1.492
25.256214771,0.2758,0.8434,1.2288,1.516
25.268402386,0.3154,0.8302,1.2740,1.553
25.268889463,0.3535,0.8195,1.3141,1.588
25.26904331,0.3845,0.8043,1.3561,1.623
25.26916154,0.4031,0.7973,1.3940,1.656
25.26927231,0.4123,0.7924,1.4294,1.686
25.270682694,0.4029,0.7969,1.4680,1.718
25.273433233,0.3794,0.8014,1.5023,1.744
25.275978156,0.3454,0.8087,1.5293,1.764
25.277711002,0.2995,0.8197,1.5520,1.781
25.280428002,0.2534,0.8260,1.5667,1.789
25.282883694,0.1991,0.8395,1.5809,1.801
25.285094156,0.1465,0.8527,1.5841,1.805
25.287492925,0.0975,0.8637,1.5860,1.809
25.29055631,0.0482,0.8786,1.5943,1.821
25.292642771,-0.0043,0.8959,1.6032,1.837
25.294864002,-0.0644,0.9208,1.6165,1.862
25.297549463,-0.1248,0.9539,1.6351,1.897
25.299675079,-0.1914,0.9942,1.6561,1.941
25.301995002,-0.2606,1.0357,1.6735,1.985
25.305011002,-0.3276,1.0760,1.6850,2.026
25.308064002,-0.3822,1.1092,1.6922,2.059
25.309642694,-0.4172,1.1405,1.6777,2.071
25.312456925,-0.4499,1.1698,1.6400,2.064
25.314982463,-0.4732,1.1994,1.5899,2.047
25.317283617,-0.4873,1.2241,1.5391,2.026
25.31879131,-0.5037,1.2460,1.4968,2.012
25.321255694,-0.5164,1.2649,1.4546,1.996
25.324450463,-0.5296,1.2707,1.4171,1.976
25.326140233,-0.5410,1.2619,1.3986,1.960
25.328514694,-0.5279,1.2326,1.3519,1.904
25.33098954,-0.4966,1.1964,1.3055,1.839
25.336063079,-0.4607,1.1647,1.2657,1.781
25.336397463,-0.4111,1.1540,1.2252,1.733
25.338991617,-0.3591,1.1640,1.1983,1.709
25.340603002,-0.3060,1.1933,1.1848,1.709
25.351730156,-0.2423,1.2346,1.1905,1.732
25.35216431,-0.1700,1.2619,1.1976,1.748
25.352277848,-0.0879,1.2727,1.1946,1.748
25.35259654,0.0007,1.2602,1.1870,1.731
25.352705463,0.0990,1.2316,1.1670,1.700
25.356015387,0.1959,1.1950,1.1404,1.663
25.358290387,0.2863,1.1554,1.0917,1.615
25.365415002,0.3662,1.1092,1.0202,1.551
25.365954079,0.4517,1.0589,0.9496,1.492
25.36785654,0.5273,1.0093,0.8853,1.442
25.37065631,0.5925,0.9744,0.8173,1.403
25.371131925,0.6418,0.9560,0.7549,1.377
25.373423002,0.6853,0.9546,0.6962,1.366
25.375077771,0.7205,0.9583,0.6466,1.362
25.376783617,0.7554,0.9639,0.6053,1.366
25.37902854,0.7964,0.9580,0.5736,1.371
25.381748925,0.8467,0.9426,0.5469,1.380
25.383906694,0.8991,0.9113,0.5259,1.384
25.386325233,0.9555,0.8632,0.5066,1.384
25.38909931,1.0073,0.8092,0.4810,1.379
25.39188331,1.0561,0.7559,0.4560,1.377
25.393764925,1.0948,0.7012,0.4341,1.371
25.39611131,1.1167,0.6502,0.4123,1.356
25.399371079,1.1209,0.6033,0.4018,1.335
25.400889771,1.1138,0.5593,0.3975,1.308
25.403678771,1.0855,0.5231,0.4055,1.271
25.405957156,1.0524,0.4855,0.4108,1.230
25.408219694,1.0186,0.4433,0.4260,1.190
25.410614387,0.9773,0.3981,0.4418,1.144
25.413059694,0.9384,0.3525,0.4565,1.101
25.415713771,0.9096,0.3020,0.4873,1.075
25.417773848,0.8724,0.2605,0.5399,1.059
25.420182079,0.8199,0.2311,0.5629,1.021
25.422988925,0.7740,0.2050,0.5685,0.982
25.425719002,0.7356,0.1779,0.5794,0.953
25.427671387,0.7146,0.1410,0.5941,0.940
25.430212848,0.7121,0.1009,0.6021,0.938
25.436887079,0.7278,0.0574,0.6107,0.952
25.437425233,0.7628,0.0159,0.6244,0.986
25.437750463,0.8033,-0.0204,0.6476,1.032
25.439346463,0.8532,-0.0539,0.6698,1.086
25.453822771,0.9081,-0.0842,0.7016,1.151
25.454492617,0.9687,-0.1157,0.7318,1.220
25.454599925,1.0319,-0.1438,0.7600,1.290
25.454707002,1.0918,-0.1748,0.7875,1.358
25.454819002,1.1507,-0.2068,0.8084,1.421
25.45490331,1.2101,-0.2351,0.8179,1.479
25.46625654,1.2670,-0.2581,0.8287,1.536
25.466694079,1.3158,-0.2762,0.8311,1.581
25.466836617,1.3554,-0.2920,0.8306,1.616
25.466953233,1.3818,-0.3029,0.8235,1.637
25.467133156,1.3997,-0.3106,0.8152,1.649
25.468406694,1.4092,-0.3146,0.8047,1.653
25.470860002,1.4058,-0.3211,0.7891,1.644
25.473254156,1.3953,-0.3304,0.7705,1.628
25.475544002,1.3718,-0.3375,0.7434,1.596
25.478340617,1.3401,-0.3414,0.7129,1.556
25.480560617,1.2963,-0.3481,0.6784,1.504
25.48284431,1.2497,-0.3519,0.6415,1.448
25.485458387,1.1961,-0.3578,0.5988,1.385
25.487799694,1.1419,-0.3639,0.5560,1.321
25.490542694,1.0899,-0.3666,0.5179,1.261
25.492522463,1.0270,-0.3642,0.4924,1.196
25.495160002,0.9613,-0.3621,0.4705,1.130
25.497488233,0.8940,-0.3637,0.4076,1.048
25.49977254,0.8297,-0.3719,0.3422,0.972
25.502385463,0.7681,-0.3805,0.2918,0.905
25.504886463,0.7125,-0.3888,0.2475,0.849
25.507223387,0.6587,-0.3881,0.2035,0.791
25.509606694,0.6156,-0.3856,0.1644,0.745
25.512328848,0.5793,-0.3832,0.1260,0.706
25.515608233,0.5446,-0.3737,0.0917,0.667
25.516654156,0.5136,-0.3639,0.0717,0.633
25.519239079,0.4926,-0.3527,0.0539,0.608
25.521618463,0.4705,-0.3419,0.0519,0.584
25.524040002,0.4612,-0.3363,0.0593,0.574
25.526312002,0.4498,-0.3314,0.0735,0.564
25.529077848,0.4419,-0.3253,0.0884,0.556
25.531856617,0.4419,-0.3253,0.1103,0.560
25.533472617,0.4446,-0.3206,0.1350,0.565
25.536183002,0.4486,-0.3153,0.1629,0.572
25.538809771,0.4481,-0.3085,0.1873,0.575
25.541110771,0.4549,-0.3004,0.2110,0.585
25.54343754,0.4654,-0.2899,0.2286,0.594
25.54584154,0.4798,-0.2831,0.2364,0.605
25.551434771,0.4979,-0.2766,0.2382,0.617
25.551914156,0.5199,-0.2759,0.2389,0.635
25.553842156,0.5502,-0.2730,0.2308,0.656
25.555373233,0.5817,-0.2775,0.2184,0.681
25.568675617,0.6156,-0.2750,0.2049,0.705
25.569157771,0.6433,-0.2701,0.1898,0.723
25.56936054,0.6694,-0.2652,0.1732,0.741
25.570722156,0.6909,-0.2598,0.1570,0.755
25.570891002,0.7139,-0.2520,0.1373,0.769
25.570970463,0.7330,-0.2461,0.1128,0.781
25.580825156,0.7491,-0.2398,0.0847,0.791
25.582013848,0.7642,-0.2302,0.0505,0.800
25.582311387,0.7750,-0.2210,0.0114,0.806
25.582450694,0.7866,-0.2190,-0.0219,0.817
25.582581771,0.8099,-0.2168,-0.0525,0.840
25.584059002,0.8380,-0.2105,-0.0894,0.869
25.587495925,0.8637,-0.2065,-0.1167,0.896
25.589318156,0.8919,-0.1970,-0.1248,0.922
25.591221233,0.9196,-0.1811,-0.1280,0.946
25.594030156,0.9489,-0.1669,-0.1304,0.972
25.597780848,0.9741,-0.1508,-0.1223,0.993
25.59915231,0.9939,-0.1271,-0.1097,1.008
25.60124431,1.0161,-0.1103,-0.0897,1.026
25.603747617,1.0322,-0.0935,-0.0577,1.038
25.606270387,1.0456,-0.0817,-0.0158,1.049
25.60823531,1.0573,-0.0763,0.0285,1.060
25.61088031,1.0622,-0.0644,0.0724,1.067
25.61319531,1.0662,-0.0576,0.1174,1.074
25.61558454,1.0755,-0.0460,0.1685,1.090
25.618171002,1.0864,-0.0306,0.2191,1.109
25.620726156,1.0985,-0.0153,0.2750,1.132
25.62367931,1.1111,0.0059,0.3383,1.161
25.625392233,1.1246,0.0252,0.4026,1.195
25.62760554,1.1488,0.0482,0.4653,1.240
25.631650387,1.1779,0.0648,0.5235,1.291
25.63253254,1.2091,0.0787,0.5841,1.345
25.634919079,1.2306,0.0955,0.6388,1.390
25.63745131,1.2557,0.1081,0.6899,1.437
25.639737463,1.2719,0.1193,0.7521,1.482
25.642314771,1.2727,0.1403,0.8279,1.525
25.644524002,1.2438,0.1722,0.9112,1.551
25.650315079,1.1896,0.2162,1.0029,1.571
25.65079354,1.1097,0.2749,1.1015,1.588
25.651623079,1.0137,0.3408,1.1934,1.602
25.654298463,0.9056,0.4170,1.2631,1.609
25.668124002,0.8023,0.4950,1.3009,1.607
25.668563925,0.7090,0.5723,1.3039,1.591
25.668703387,0.6354,0.6467,1.2643,1.556
25.668814156,0.5700,0.7149,1.2000,1.509
25.668925848,0.5294,0.7785,1.1177,1.461
25.66977231,0.5064,0.8339,1.0321,1.420
25.68114831,0.4974,0.8808,0.9486,1.387
25.681918694,0.5145,0.9157,0.8636,1.360
25.68208854,0.5585,0.9446,0.7952,1.355
25.682261848,0.6130,0.9611,0.7519,1.366
25.682406079,0.6780,0.9719,0.7223,1.388
25.683582463,0.7454,0.9846,0.7062,1.423
25.685782387,0.8104,1.0010,0.7060,1.469
25.689528848,0.8676,1.0237,0.7101,1.518
25.690207002,0.9140,1.0599,0.7275,1.577
25.692584002,0.9418,1.1029,0.7453,1.631
25.695481233,0.9599,1.1447,0.7673,1.679
25.697794463,0.9682,1.1822,0.7884,1.719
25.69994331,0.9697,1.2155,0.7984,1.748
25.70275231,0.9736,1.2402,0.8015,1.769
25.704993463,0.9799,1.2544,0.7989,1.781
25.70715131,0.9944,1.2509,0.7922,1.784
25.71001654,1.0083,1.2362,0.7788,1.775
25.713185463,1.0242,1.2101,0.7665,1.761
25.714321848,1.0332,1.1740,0.7590,1.738
25.716811925,1.0444,1.1374,0.7553,1.719
25.719559925,1.0477,1.0946,0.7497,1.690
25.72193531,1.0493,1.0575,0.7448,1.666
25.72400731,1.0279,1.0305,0.7380,1.632
25.726697771,0.9909,1.0081,0.7287,1.590
25.729807387,0.9538,0.9923,0.7187,1.553
25.731847925,0.9186,0.9695,0.6940,1.505
25.733935617,0.9005,0.9495,0.6530,1.462
25.736300925,0.8847,0.9294,0.5990,1.416
25.73871231,0.8721,0.9120,0.5391,1.372
25.741005848,0.8677,0.8942,0.4793,1.335
25.744008617,0.8663,0.8798,0.4211,1.305
25.750210387,0.8617,0.8663,0.3710,1.277
25.750763925,0.8590,0.8488,0.3317,1.252
25.75101754,0.8563,0.8383,0.3072,1.237
25.753075694,0.8409,0.8244,0.2894,1.213
25.766791925,0.8162,0.8139,0.2809,1.186
25.767221848,0.7889,0.8011,0.2760,1.158
25.767488233,0.7510,0.7836,0.2750,1.120
25.767593156,0.7109,0.7699,0.2736,1.083
25.76768954,0.6675,0.7545,0.2785,1.045
25.76780554,0.6315,0.7279,0.2729,1.002
25.780925463,0.6042,0.7056,0.2638,0.966
25.781505771,0.5693,0.6753,0.2640,0.922
25.78169531,0.5334,0.6513,0.2701,0.884
25.781841156,0.4920,0.6331,0.2892,0.852
25.781961848,0.4434,0.6189,0.3176,0.825
25.782082771,0.3999,0.6038,0.3591,0.808
25.785346387,0.3550,0.6035,0.4167,0.815
25.788318463,0.3075,0.6003,0.4854,0.831
25.78928854,0.2695,0.6020,0.5580,0.864
25.791744617,0.2329,0.5977,0.6466,0.911
25.794928617,0.1982,0.5959,0.7397,0.970
25.796391694,0.1725,0.5879,0.8377,1.038
25.79881254,0.1483,0.5781,0.9335,1.108
25.801904925,0.1258,0.5663,1.0275,1.180
25.803829156,0.1111,0.5554,1.1206,1.256
25.806396233,0.0955,0.5456,1.2149,1.335
25.808688925,0.0820,0.5432,1.3050,1.416
25.81306331,0.0755,0.5414,1.3964,1.500
25.813459617,0.0718,0.5385,1.4849,1.581
25.815830156,0.0771,0.5356,1.5636,1.655
25.818419925,0.0850,0.5348,1.6261,1.714
25.820635002,0.0955,0.5341,1.6722,1.758
25.823087002,0.1083,0.5400,1.6991,1.786
25.825691002,0.1211,0.5444,1.7025,1.792
25.829177771,0.1329,0.5451,1.6894,1.780
25.830416848,0.1439,0.5485,1.6581,1.752
25.832580925,0.1502,0.5566,1.6058,1.706
25.835204233,0.1549,0.5610,1.5357,1.642
25.837502694,0.1647,0.5668,1.4570,1.572
25.839919694,0.1759,0.5744,1.3781,1.503
25.842593156,0.1864,0.5876,1.2955,1.435
25.849384617,0.1994,0.6033,1.2021,1.360
25.850034463,0.2082,0.6255,1.0922,1.276
25.850230771,0.2206,0.6518,0.9838,1.201
25.851796848,0.2262,0.6788,0.8807,1.135
25.866471387,0.2336,0.7083,0.7819,1.081
25.867027387,0.2289,0.7474,0.6877,1.041
25.867161156,0.2215,0.7826,0.5992,1.010
25.867277463,0.2099,0.8175,0.5210,0.992
25.86738054,0.1957,0.8542,0.4504,0.985
25.86748731,0.1752,0.8854,0.3877,0.982
25.868644925,0.1517,0.9201,0.3253,0.988
25.880804002,0.1221,0.9539,0.2711,0.999
25.881902079,0.0936,0.9832,0.2242,1.013
25.882111617,0.0603,1.0100,0.1768,1.027
25.882265233,0.0298,1.0373,0.1357,1.047
25.88242331,-0.0055,1.0633,0.1052,1.068
25.88318454,-0.0370,1.0878,0.0869,1.092
25.886767079,-0.0754,1.1156,0.0835,1.121
25.887952925,-0.1125,1.1451,0.0962,1.155
25.890379387,-0.1434,1.1679,0.1243,1.183
25.892750079,-0.1748,1.1940,0.1751,1.219
25.895355079,-0.2000,1.2118,0.2418,1.252
25.897751002,-0.2184,1.2257,0.3268,1.287
25.900141771,-0.2266,1.2306,0.4272,1.322
25.902858694,-0.2266,1.2278,0.5384,1.360
25.904887002,-0.2203,1.2216,0.6561,1.404
25.907498463,-0.2095,1.2099,0.7758,1.452
25.909873233,-0.1961,1.2052,0.8937,1.513
25.912350156,-0.1802,1.2031,1.0069,1.579
25.914489771,-0.1590,1.1940,1.1145,1.641
25.917189771,-0.1301,1.1835,1.2137,1.700
25.919546387,-0.0977,1.1681,1.3060,1.755
25.921756848,-0.0612,1.1556,1.3940,1.812
25.924565463,-0.0197,1.1410,1.4709,1.862
25.928305233,0.0266,1.1256,1.5301,1.900
25.929037848,0.0750,1.1134,1.5787,1.933
25.931503694,0.1319,1.0992,1.6165,1.959
25.935924233,0.1979,1.0804,1.6500,1.982
25.93644731,0.2616,1.0592,1.6801,2.003
25.939695617,0.3198,1.0403,1.7064,2.024
25.941075925,0.3706,1.0247,1.7304,2.045
25.947205848,0.4011,1.0186,1.7507,2.065
25.94764854,0.4216,1.0177,1.7658,2.081
25.948284233,0.4342,1.0223,1.7802,2.098
25.950793848,0.4349,1.0301,1.7858,2.107
25.965384925,0.4239,1.0376,1.7870,2.109
25.965944233,0.4141,1.0479,1.7621,2.092
25.966050387,0.4053,1.0538,1.7485,2.081
25.966150387,0.4009,1.0555,1.7150,2.053
25.966238079,0.3990,1.0543,1.6823,2.025
25.966870079,0.3918,1.0487,1.6486,1.993
25.967616617,0.3789,1.0433,1.6241,1.967
25.977871387,0.3574,1.0431,1.6104,1.952
25.978763002,0.3277,1.0482,1.6141,1.952
25.978907002,0.2890,1.0547,1.6188,1.954
25.97903531,0.2401,1.0725,1.6327,1.968
25.979704925,0.1744,1.1067,1.6551,1.999
25.983003387,0.0945,1.1544,1.6771,2.038
25.984715002,0.0142,1.2015,1.6933,2.076
25.986877463,-0.0427,1.2338,1.7099,2.109
25.98946554,-0.0768,1.2448,1.7204,2.125
25.991839002,-0.0881,1.2338,1.7057,2.107
25.994231617,-0.0812,1.2036,1.6679,2.058
25.996533463,-0.0574,1.1652,1.6258,2.001
25.99930054,-0.0229,1.1283,1.5806,1.942
26.002910079,0.0312,1.0865,1.5168,1.866
26.003750387,0.0855,1.0447,1.4448,1.785
26.006183002,0.1353,1.0019,1.3722,1.704
26.008707617,0.1774,0.9551,1.2987,1.622
26.011386694,0.2180,0.9131,1.2276,1.545
26.013423617,0.2629,0.8723,1.1618,1.476
26.016179002,0.3147,0.8376,1.0927,1.412
26.018620002,0.3752,0.8190,1.0216,1.362
26.020714463,0.4612,0.8058,0.9589,1.335
26.023160233,0.5648,0.7973,0.9063,1.333
26.025575387,0.6890,0.7869,0.8480,1.346
26.028192617,0.8160,0.7792,0.8025,1.385
26.030816233,0.9436,0.7736,0.7719,1.444
26.033122079,1.0564,0.7836,0.7432,1.511
26.037975002,1.1453,0.8050,0.7209,1.575
26.038405771,1.2238,0.8337,0.6945,1.636
26.04089231,1.2783,0.8723,0.6733,1.688
26.043236002,1.3249,0.9138,0.6568,1.738
26.055763925,1.3674,0.9341,0.6356,1.774
26.056144002,1.3936,0.9397,0.6081,1.787
26.056275002,1.4013,0.9285,0.5667,1.774
26.05637231,1.3901,0.8982,0.5396,1.741
26.057227617,1.3635,0.8586,0.5079,1.689
26.057363694,1.3296,0.8065,0.4656,1.623
26.059612848,1.2978,0.7518,0.4038,1.553
26.068678156,1.2675,0.6956,0.3517,1.488
26.069227617,1.2315,0.6392,0.3214,1.424
26.069404233,1.1922,0.5842,0.3165,1.365
26.069569771,1.1388,0.5432,0.3368,1.306
26.071289771,1.0803,0.5141,0.3866,1.257
26.073998694,1.0258,0.4838,0.4572,1.223
26.077591387,0.9787,0.4538,0.5403,1.207
26.078599387,0.9291,0.4181,0.6356,1.201
26.081231002,0.8773,0.3921,0.7280,1.206
26.083672925,0.8270,0.3587,0.8071,1.210
26.085756002,0.7759,0.3274,0.8909,1.226
26.088306694,0.7270,0.2979,0.9877,1.262
26.09165654,0.6831,0.2751,1.0705,1.299
26.093145156,0.6428,0.2423,1.1338,1.326
26.095404233,0.6156,0.2085,1.1881,1.354
26.09852954,0.5951,0.1725,1.2435,1.389
26.101281771,0.5765,0.1403,1.2899,1.420
26.10277254,0.5588,0.1105,1.3253,1.443
26.105392233,0.5483,0.0797,1.3530,1.462
26.107556002,0.5372,0.0516,1.3766,1.479
26.109953848,0.5306,0.0230,1.3933,1.491
26.112323079,0.5262,-0.0048,1.4096,1.505
26.114903617,0.5213,-0.0269,1.4120,1.505
26.117868617,0.5185,-0.0597,1.4055,1.499
26.119608233,0.5108,-0.0842,1.3866,1.480
26.122261233,0.5031,-0.1064,1.3542,1.449
26.124503694,0.4979,-0.1282,1.3080,1.405
26.126986387,0.4976,-0.1471,1.2531,1.356
26.129393463,0.4982,-0.1653,1.1912,1.302
26.13187354,0.5011,-0.1755,1.1215,1.241
26.134528848,0.5015,-0.1863,1.0493,1.178
26.13641754,0.5011,-0.1983,0.9726,1.112
26.139011617,0.4954,-0.2037,0.8958,1.044
26.142670156,0.4894,-0.2121,0.8374,0.993
26.143806463,0.4852,-0.2232,0.7544,0.924
26.146210694,0.4813,-0.2376,0.6589,0.850
26.148786079,0.4838,-0.2528,0.5723,0.791
26.15354954,0.4871,-0.2622,0.4922,0.741
26.154110463,0.4896,-0.2713,0.4106,0.694
26.15618154,0.4898,-0.2735,0.3324,0.652
26.170711694,0.4879,-0.2757,0.2601,0.618
26.171309463,0.4845,-0.2833,0.1781,0.589
26.171670771,0.4805,-0.2928,0.1111,0.574
26.171864925,0.4671,-0.2999,0.0500,0.557
26.172043925,0.4451,-0.3057,-0.0032,0.540
26.172246387,0.4185,-0.3126,-0.0533,0.525
26.174737156,0.3906,-0.3143,-0.1006,0.511
26.183713463,0.3611,-0.3134,-0.1373,0.497
26.184060848,0.3335,-0.3197,-0.1835,0.497
26.184386387,0.3105,-0.3248,-0.2180,0.499
26.184492617,0.2870,-0.3329,-0.2429,0.502
26.18466054,0.2768,-0.3441,-0.2583,0.512
26.187009848,0.2632,-0.3476,-0.2800,0.518
26.189551079,0.2558,-0.3476,-0.2970,0.524
26.191879925,0.2509,-0.3493,-0.3030,0.526
26.195673771,0.2511,-0.3488,-0.3075,0.528
26.19655531,0.2553,-0.3490,-0.3086,0.531
26.199764617,0.2714,-0.3537,-0.3058,0.541
26.201521156,0.2921,-0.3617,-0.2946,0.550
26.203894694,0.3142,-0.3705,-0.2837,0.563
26.208010694,0.3382,-0.3803,-0.2683,0.575
26.209251079,0.3650,-0.3881,-0.2548,0.591
26.211130156,0.3762,-0.3879,-0.2399,0.591
26.213897233,0.3882,-0.3920,-0.2248,0.596
26.21698731,0.3980,-0.3917,-0.2096,0.596
26.219070694,0.4009,-0.3910,-0.1935,0.593
26.220844925,0.4058,-0.3928,-0.1763,0.592
26.223539617,0.4043,-0.3998,-0.1859,0.598
26.225674694,0.4027,-0.3991,-0.2015,0.602
26.228067079,0.4029,-0.3984,-0.2143,0.606
26.23049631,0.3992,-0.3966,-0.2226,0.605
26.233131617,0.3970,-0.3866,-0.2282,0.599
26.235230771,0.4048,-0.3749,-0.2392,0.601
26.237590156,0.4163,-0.3642,-0.2514,0.608
26.239989156,0.4351,-0.3514,-0.2658,0.619
26.242520617,0.4579,-0.3451,-0.2797,0.638
26.245030387,0.4850,-0.3353,-0.2951,0.659
26.247485156,0.5059,-0.3270,-0.3124,0.679
26.25798054,0.5316,-0.3174,-0.3310,0.702
26.258348848,0.5502,-0.3085,-0.3476,0.720
26.258722387,0.5707,-0.2982,-0.3398,0.728
26.258963925,0.5846,-0.2894,-0.3433,0.737
26.259319002,0.5947,-0.2840,-0.3594,0.751
26.26184954,0.6037,-0.2782,-0.3657,0.759
26.264204002,0.6128,-0.2706,-0.3669,0.764
26.270498694,0.6166,-0.2603,-0.3662,0.763
26.271088233,0.6237,-0.2468,-0.3623,0.762
26.274695694,0.6249,-0.2291,-0.3554,0.755
26.280946694,0.6326,-0.2081,-0.3447,0.750
26.281570387,0.6457,-0.1883,-0.3228,0.746
26.282223002,0.6692,-0.1743,-0.2963,0.752
26.282471002,0.7036,-0.1592,-0.2585,0.766
26.288901771,0.7412,-0.1459,-0.2145,0.785
26.289107617,0.7866,-0.1387,-0.1661,0.816
26.289187694,0.8432,-0.1382,-0.1058,0.861
26.29073531,0.9068,-0.1440,-0.0408,0.919
26.293182156,0.9692,-0.1508,0.0251,0.981
26.295526771,1.0298,-0.1601,0.0903,1.046
26.299174387,1.0875,-0.1616,0.1518,1.110
26.301635002,1.1332,-0.1587,0.2156,1.164
26.303095079,1.1747,-0.1501,0.2811,1.217
26.304970694,1.2035,-0.1406,0.3481,1.261
26.307503079,1.2289,-0.1284,0.4255,1.307
26.30994831,1.2580,-0.1196,0.5074,1.362
26.312286694,1.2821,-0.1081,0.5858,1.414
26.315166463,1.2995,-0.0903,0.6923,1.475
26.317179925,1.3063,-0.0563,0.8157,1.541
26.319584002,1.3156,-0.0180,0.9396,1.617
26.322375617,1.3210,0.0298,1.0534,1.690
26.324458387,1.3151,0.0816,1.1587,1.755
26.327669463,1.3009,0.1466,1.2582,1.816
26.329430463,1.2790,0.2238,1.3405,1.866
26.332022156,1.2455,0.3171,1.4096,1.908
26.335020848,1.2066,0.4063,1.4670,1.942
26.336719617,1.1625,0.4950,1.5128,1.971
26.339447925,1.1055,0.5808,1.5225,1.969
26.341479002,1.0510,0.6553,1.5049,1.949
26.343883079,0.9975,0.7191,1.4607,1.909
26.346743387,0.9357,0.7752,1.3791,1.838
26.348777156,0.8595,0.8402,1.2694,1.748
26.352493233,0.7733,0.9152,1.1262,1.644
26.353770694,0.6816,1.0047,0.9652,1.551
26.371147617,0.5849,1.1124,0.7944,1.487
26.371536002,0.4906,1.2278,0.6290,1.464
26.37167131,0.4156,1.3420,0.4749,1.483
26.371783079,0.3692,1.4386,0.3454,1.525
26.371872925,0.3447,1.5202,0.2477,1.578
26.371957848,0.3428,1.5847,0.1704,1.630
26.37204431,0.3591,1.6359,0.1115,1.679
26.385112925,0.3943,1.6811,0.0761,1.728
26.385815387,0.4365,1.7315,0.0728,1.787
26.38595231,0.4869,1.7708,0.0849,1.839
26.386081233,0.5478,1.7969,0.1216,1.883
26.386198771,0.6171,1.7972,0.1758,1.908
26.386308617,0.6958,1.7759,0.2342,1.922
26.38719931,0.7796,1.7279,0.3023,1.920
26.389763617,0.8734,1.6641,0.3806,1.918
26.392013848,0.9816,1.5915,0.4578,1.925
26.394520002,1.0894,1.5202,0.5318,1.944
26.397854079,1.2130,1.4498,0.6205,1.990
26.399932002,1.3268,1.3875,0.7131,2.048
26.402016233,1.4327,1.3296,0.7932,2.109
26.404494156,1.5233,1.2835,0.8694,2.173
26.406686771,1.5963,1.2556,0.9557,2.245
26.40894331,1.6510,1.2353,1.0334,2.306
26.411529233,1.6887,1.2231,1.0945,2.355
26.41400454,1.7180,1.2133,1.1413,2.393
26.416215079,1.7451,1.2060,1.1772,2.426
26.418729463,1.7625,1.1940,1.2042,2.446
26.421167079,1.7779,1.1794,1.2127,2.454
26.423576848,1.7833,1.1571,1.2122,2.447
26.426672925,1.7789,1.1321,1.2086,2.430
26.428465156,1.7612,1.1060,1.1993,2.401
26.431254387,1.7307,1.0899,1.1870,2.365
26.433009771,1.6836,1.0743,1.1795,2.319
26.435594079,1.6256,1.0562,1.1736,2.266
26.438890387,1.5632,1.0361,1.1699,2.210
26.440500925,1.4982,1.0245,1.1711,2.160
26.443393771,1.4183,1.0115,1.1741,2.101
26.445700002,1.3361,1.0054,1.1736,2.043
26.451166463,1.2538,0.9898,1.1732,1.982
26.451665771,1.1773,0.9751,1.1770,1.929
26.452665848,1.1092,0.9583,1.1853,1.885
26.454802079,1.0466,0.9394,1.1983,1.848
26.467898079,0.9911,0.9216,1.2130,1.817
26.468514387,0.9333,0.9013,1.2320,1.789
26.468634156,0.8749,0.8957,1.2515,1.770
26.468740848,0.8199,0.8884,1.2677,1.752
26.468841463,0.7615,0.8810,1.2906,1.738
26.46917254,0.7065,0.8740,1.3055,1.723
26.480598156,0.6548,0.8663,1.3067,1.699
26.481774694,0.6032,0.8542,1.2982,1.667
26.481967002,0.5521,0.8421,1.2748,1.625
26.482113848,0.5011,0.8325,1.2398,1.575
26.48225231,0.4470,0.8172,1.1983,1.518
26.484782156,0.3906,0.7982,1.1526,1.455
26.487556617,0.3417,0.7818,1.0991,1.391
26.48917354,0.2988,0.7650,1.0400,1.325
26.491401156,0.2587,0.7459,0.9784,1.257
26.493407002,0.2211,0.7273,0.9149,1.190
26.495780002,0.1868,0.7112,0.8477,1.122
26.498403002,0.1488,0.6926,0.7761,1.051
26.500656925,0.1104,0.6839,0.7031,0.987
26.503294694,0.0724,0.6724,0.6335,0.927
26.505762387,0.0342,0.6594,0.5533,0.861
26.507726387,0.0037,0.6457,0.4634,0.795
26.51019931,-0.0244,0.6336,0.3705,0.734
26.512752002,-0.0486,0.6252,0.2769,0.686
26.514977848,-0.0752,0.6128,0.1875,0.645
26.517445771,-0.0982,0.6057,0.0996,0.622
26.520468002,-0.1135,0.5952,0.0223,0.606
26.522855079,-0.1243,0.5840,-0.0459,0.599
26.52480031,-0.1208,0.5728,-0.1041,0.595
26.527426463,-0.1131,0.5688,-0.1563,0.601
26.530576617,-0.1087,0.5705,-0.2008,0.615
26.532134463,-0.1028,0.5793,-0.2423,0.636
26.53437254,-0.0923,0.5896,-0.2688,0.654
26.536906387,-0.0842,0.6035,-0.2853,0.673
26.539433848,-0.0842,0.6191,-0.2893,0.689
26.541622463,-0.0847,0.6392,-0.2865,0.706
26.544189771,-0.0915,0.6536,-0.2846,0.719
26.550145771,-0.1033,0.6690,-0.2780,0.732
26.55064431,-0.1206,0.6849,-0.2772,0.749
26.551194156,-0.1423,0.6990,-0.2770,0.765
26.55378331,-0.1663,0.7127,-0.2802,0.784
26.568361771,-0.1829,0.7230,-0.2772,0.796
26.568920848,-0.2012,0.7354,-0.2562,0.804
26.569246079,-0.2208,0.7466,-0.2213,0.809
26.569366156,-0.2538,0.7655,-0.1728,0.825
26.569561156,-0.2927,0.7929,-0.1170,0.853
26.569761233,-0.3317,0.8178,-0.0513,0.884
26.583235617,-0.3647,0.8388,0.0170,0.915
26.584173156,-0.3903,0.8505,0.0810,0.939
26.584479617,-0.4055,0.8605,0.1374,0.961
26.584753463,-0.4084,0.8637,0.1865,0.973
26.58500854,-0.4020,0.8671,0.2261,0.982
26.585145848,-0.3866,0.8766,0.2601,0.993
26.585265771,-0.3603,0.8873,0.2765,0.997
26.588561156,-0.3265,0.8959,0.2853,0.995
26.589737771,-0.2829,0.8964,0.2906,0.984
26.59264454,-0.2235,0.8905,0.3095,0.969
26.594769156,-0.1406,0.8766,0.3330,0.948
26.59704154,-0.0427,0.8642,0.3615,0.938
26.599483694,0.0640,0.8527,0.4080,0.947
26.602254771,0.1728,0.8409,0.4721,0.980
26.604724925,0.2721,0.8290,0.5489,1.031
26.607158694,0.3574,0.8180,0.6430,1.100
26.609460002,0.4339,0.8014,0.7448,1.177
26.611828233,0.4982,0.7752,0.8616,1.262
26.613906464,0.5585,0.7477,1.0067,1.373
26.616298156,0.6056,0.7210,1.1550,1.490
26.619265464,0.6350,0.6912,1.3021,1.605
26.621354771,0.6518,0.6651,1.4455,1.720
26.623673233,0.6584,0.6416,1.5811,1.829
26.626293464,0.6496,0.6304,1.7131,1.938
26.629474156,0.6266,0.6250,1.8350,2.037
26.630869771,0.5963,0.6228,1.9386,2.122
26.633447617,0.5641,0.6179,2.0175,2.184
26.635867079,0.5365,0.6133,2.0681,2.223
26.638449848,0.5128,0.6098,2.0998,2.246
26.640519002,0.4910,0.6064,2.1189,2.258
26.643251002,0.4700,0.6023,2.1115,2.245
26.649770387,0.4514,0.6094,2.0898,2.223
26.650250694,0.4353,0.6240,2.0426,2.180
26.65048854,0.4160,0.6473,1.9901,2.134
26.65348031,0.4031,0.6719,1.9186,2.072
26.666052617,0.3911,0.6975,1.8296,1.997
26.666397771,0.3738,0.7284,1.7378,1.921
26.666499079,0.3599,0.7622,1.6412,1.845
26.66660031,0.3535,0.8018,1.5533,1.783
26.666684617,0.3484,0.8432,1.4734,1.733
26.666779387,0.3377,0.8930,1.4128,1.705
26.680843079,0.3244,0.9531,1.3676,1.698
26.681729771,0.3017,1.0154,1.3356,1.705
26.681891079,0.2723,1.0855,1.3070,1.721
26.682021848,0.2372,1.1561,1.2787,1.740
26.68214731,0.2031,1.2231,1.2547,1.764
26.682275002,0.1747,1.2856,1.2266,1.785
26.683888925,0.1474,1.3428,1.1775,1.792
26.68680831,0.1272,1.3885,1.1113,1.783
26.688903617,0.1092,1.4293,1.0368,1.769
26.691142387,0.0869,1.4524,0.9549,1.740
26.693782079,0.0586,1.4677,0.8680,1.706
26.695924002,0.0254,1.4826,0.7681,1.670
26.69842154,-0.0078,1.4999,0.6764,1.645
26.700838694,-0.0407,1.5227,0.5946,1.635
26.703550771,-0.0700,1.5561,0.5320,1.646
26.705767694,-0.0898,1.5932,0.5037,1.673
26.708294387,-0.0913,1.6303,0.5110,1.711
26.710656617,-0.0812,1.6548,0.5487,1.745
26.712781156,-0.0554,1.6670,0.6109,1.776
26.71521231,-0.0099,1.6499,0.6818,1.785
26.717746156,0.0424,1.6024,0.7544,1.772
26.720123925,0.1060,1.5295,0.8093,1.734
26.723046464,0.1703,1.4432,0.8536,1.685
26.725189464,0.2248,1.3626,0.8848,1.640
26.72768154,0.2660,1.2947,0.9056,1.602
26.729796233,0.3014,1.2431,0.9154,1.573
26.732166156,0.3286,1.2145,0.9134,1.555
26.734744002,0.3543,1.1925,0.9095,1.541
26.737300002,0.3762,1.1857,0.9149,1.544
26.739429848,0.4036,1.1689,0.9191,1.541
26.742119387,0.4417,1.1495,0.9242,1.540
26.74894954,0.4866,1.1251,0.9323,1.540
26.74948554,0.5367,1.0980,0.9412,1.543
26.749898079,0.5983,1.0638,0.9433,1.542
26.752567694,0.6697,1.0271,0.9384,1.544
26.766760233,0.7451,0.9900,0.9317,1.550
26.767138156,0.8278,0.9504,0.9210,1.561
26.767225233,0.9113,0.9111,0.9014,1.573
26.767297233,1.0037,0.8625,0.8785,1.588
26.767611079,1.0889,0.8119,0.8555,1.605
26.76770554,1.1723,0.7626,0.8276,1.625
26.768844848,1.2362,0.7195,0.8074,1.642
26.778906694,1.2823,0.6819,0.7910,1.654
26.779442387,1.3188,0.6518,0.7751,1.663
26.779618464,1.3405,0.6211,0.7619,1.662
26.779715925,1.3510,0.5908,0.7399,1.650
26.780204925,1.3503,0.5588,0.7129,1.626
26.782635694,1.3393,0.5239,0.6740,1.588
26.78577354,1.3232,0.4875,0.6323,1.545
26.787579925,1.3017,0.4484,0.5870,1.497
26.789933156,1.2804,0.4044,0.5384,1.447
26.792470464,1.2585,0.3601,0.4863,1.396
26.795145464,1.2338,0.3157,0.4409,1.348
26.797138387,1.2169,0.2730,0.4071,1.312
26.799531694,1.1898,0.2367,0.3717,1.269
26.801973233,1.1617,0.1980,0.3383,1.226
26.804308617,1.1432,0.1642,0.3129,1.197
26.806864848,1.1143,0.1339,0.2943,1.160
26.809199694,1.0852,0.1024,0.2797,1.125
26.811633848,1.0542,0.0762,0.2713,1.091
26.814788617,1.0212,0.0525,0.2689,1.057
26.816631617,0.9885,0.0252,0.2685,1.025
26.818855617,0.9585,-0.0011,0.2672,0.995
26.821291694,0.9284,-0.0267,0.2664,0.966
26.823853848,0.8996,-0.0581,0.2682,0.940
26.826174079,0.8668,-0.0868,0.2713,0.912
26.828571002,0.8383,-0.1230,0.2704,0.889
26.831065848,0.8101,-0.1620,0.2687,0.869
26.834155925,0.7845,-0.2027,0.2696,0.854
26.835797233,0.7584,-0.2417,0.2762,0.843
26.83949354,0.7307,-0.2738,0.2914,0.833
26.840692925,0.7007,-0.2943,0.3112,0.821
26.843696002,0.6633,-0.3053,0.3283,0.801
26.845457233,0.6274,-0.3118,0.3442,0.781
26.847952848,0.5910,-0.3169,0.3635,0.763
26.850639617,0.5619,-0.3255,0.3813,0.753
26.855091925,0.5372,-0.3329,0.3950,0.745
26.85591631,0.5157,-0.3416,0.4092,0.742
26.857410464,0.4920,-0.3504,0.4125,0.731
26.873467925,0.4686,-0.3565,0.4118,0.719
26.873969156,0.4412,-0.3602,0.4015,0.697
26.874386387,0.4204,-0.3583,0.3828,0.672
26.874575387,0.3921,-0.3539,0.3633,0.641
26.87474854,0.3680,-0.3507,0.3398,0.611
26.87489231,0.3442,-0.3504,0.3119,0.582
26.875054079,0.3176,-0.3468,0.2760,0.545
26.885998464,0.2944,-0.3436,0.2420,0.513
26.886972925,0.2704,-0.3434,0.2047,0.483
26.88726154,0.2580,-0.3409,0.1727,0.461
26.88739231,0.2441,-0.3414,0.1380,0.442
26.88751531,0.2348,-0.3421,0.1047,0.428
26.888875925,0.2385,-0.3456,0.0791,0.427
26.891255387,0.2434,-0.3495,0.0537,0.429
26.893697464,0.2558,-0.3561,0.0248,0.439
26.895999617,0.2736,-0.3583,-0.0030,0.451
26.898410079,0.2890,-0.3649,-0.0342,0.467
26.901480002,0.3119,-0.3705,-0.0633,0.488
26.903263002,0.3405,-0.3807,-0.0967,0.520
26.90570831,0.3745,-0.3896,-0.1260,0.555
26.908359002,0.4156,-0.4003,-0.1568,0.598
26.910476002,0.4573,-0.4047,-0.1779,0.636
26.912889156,0.4979,-0.4076,-0.1922,0.672
26.915653771,0.5323,-0.4037,-0.2010,0.698
26.918326387,0.5663,-0.3989,-0.2059,0.723
26.921113156,0.5981,-0.3884,-0.2103,0.743
26.92270154,0.6225,-0.3854,-0.2150,0.763
26.924990694,0.6474,-0.3795,-0.2220,0.783
26.927537156,0.6711,-0.3749,-0.2333,0.803
26.929911079,0.6941,-0.3698,-0.2457,0.824
26.932376002,0.7088,-0.3686,-0.2627,0.841
26.934741848,0.7265,-0.3742,-0.2821,0.865
26.937309464,0.7474,-0.3793,-0.2944,0.888
26.939661464,0.7615,-0.3851,-0.2963,0.903
26.946363925,0.7676,-0.3783,-0.2917,0.904
26.94683654,0.7608,-0.3666,-0.2832,0.891
26.947267925,0.7503,-0.3544,-0.2716,0.873
26.949160617,0.7337,-0.3355,-0.2595,0.847
26.964590079,0.7097,-0.3214,-0.2441,0.816
26.965056925,0.6883,-0.3106,-0.2271,0.789
26.965187387,0.6721,-0.3075,-0.2140,0.769
26.96551631,0.6638,-0.3055,-0.1966,0.757
26.966474156,0.6567,-0.3067,-0.1693,0.744
26.96669654,0.6550,-0.3077,-0.1373,0.737
26.96683631,0.6480,-0.3026,-0.0916,0.721
26.976386771,0.6342,-0.2908,-0.0428,0.699
26.977215925,0.6173,-0.2745,0.0085,0.676
26.977405771,0.6100,-0.2584,0.0671,0.666
26.97781131,0.6117,-0.2432,0.1243,0.670
26.978072848,0.6171,-0.2263,0.1861,0.683
26.981077233,0.6269,-0.2124,0.2482,0.707
26.984475694,0.6394,-0.1929,0.3058,0.735
26.985326079,0.6525,-0.1711,0.3656,0.767
26.987816617,0.6711,-0.1480,0.4241,0.808
26.991875079,0.6890,-0.1235,0.4834,0.851
26.992638694,0.7058,-0.0944,0.5366,0.892
26.99530431,0.7214,-0.0678,0.5902,0.935
26.997548002,0.7383,-0.0392,0.6407,0.978
27.000931694,0.7659,-0.0133,0.6847,1.027
27.002226387,0.8028,0.0096,0.7341,1.088
27.004736617,0.8458,0.0247,0.7837,1.153
27.007307694,0.8925,0.0375,0.8191,1.212
27.009902387,0.9428,0.0494,0.8670,1.282
27.012483617,0.9897,0.0678,0.9237,1.355
27.014531925,1.0263,0.0953,0.9776,1.421
27.017645156,1.0549,0.1234,1.0219,1.474
27.019088002,1.0818,0.1577,1.0666,1.527
27.021469771,1.1043,0.1857,1.1128,1.579
27.024322464,1.1146,0.2190,1.1570,1.621
27.02658831,1.1074,0.2717,1.2002,1.656
27.028833233,1.0752,0.3429,1.2422,1.678
27.031580233,1.0174,0.4405,1.2943,1.704
27.033910387,0.9362,0.5679,1.3474,1.736
27.035968848,0.8402,0.7073,1.3891,1.771
27.038846079,0.7488,0.8527,1.4069,1.808
27.041002464,0.6643,0.9926,1.3898,1.833
27.043200617,0.5970,1.1212,1.3307,1.840
27.045597156,0.5478,1.2323,1.2235,1.821
27.048330464,0.5172,1.3189,1.0627,1.771
27.053109848,0.4935,1.3929,0.8716,1.716
27.053599002,0.4810,1.4517,0.6710,1.670
27.055947617,0.4745,1.5001,0.4915,1.648
27.071213156,0.4749,1.5383,0.3500,1.648
27.071618771,0.4933,1.5639,0.2543,1.659
27.071743617,0.5187,1.5881,0.2007,1.683
27.072190156,0.5521,1.6130,0.1673,1.713
27.072354156,0.5905,1.6482,0.1692,1.759
27.072477771,0.6247,1.6890,0.2012,1.812
27.072587694,0.6457,1.7332,0.2643,1.868
27.085797464,0.6741,1.7606,0.3419,1.916
27.086460848,0.7163,1.7496,0.4309,1.939
27.086631617,0.7722,1.7056,0.5161,1.942
27.086791694,0.8318,1.6240,0.5958,1.919
27.086948233,0.8847,1.5214,0.6661,1.882
27.08878454,0.9233,1.4193,0.7390,1.847
27.088981464,0.9506,1.3223,0.8279,1.827
27.092808925,0.9631,1.2334,0.9254,1.818
27.093990771,0.9525,1.1596,1.0118,1.810
27.09635531,0.9242,1.0860,1.1118,1.808
27.099679694,0.8830,1.0193,1.2205,1.819
27.101058079,0.8294,0.9580,1.3285,1.836
27.103474387,0.7603,0.9101,1.4289,1.857
27.106251617,0.6862,0.8651,1.5284,1.886
27.108636925,0.6056,0.8329,1.6141,1.915
27.112178156,0.5282,0.8095,1.6918,1.948
27.113098464,0.4542,0.7948,1.7502,1.975
27.11611354,0.3887,0.7865,1.7930,1.996
27.119423617,0.3330,0.7789,1.8171,2.005
27.12035231,0.2849,0.7708,1.8279,2.004
27.123138771,0.2492,0.7579,1.8294,1.996
27.12596454,0.2145,0.7477,1.8313,1.990
27.12775354,0.1824,0.7413,1.8296,1.982
27.130117464,0.1481,0.7364,1.8274,1.976
27.132371925,0.1190,0.7288,1.8133,1.958
27.134979617,0.0913,0.7230,1.7976,1.940
27.137274771,0.0728,0.7179,1.7746,1.916
27.140087617,0.0550,0.7184,1.7614,1.903
27.14215531,0.0349,0.7268,1.7499,1.895
27.144753233,0.0122,0.7327,1.7453,1.893
27.147351079,-0.0021,0.7398,1.7306,1.882
27.152348617,-0.0087,0.7403,1.7177,1.870
27.153043079,-0.0075,0.7405,1.7006,1.855
27.154624617,0.0026,0.7322,1.6826,1.835
27.156641233,0.0203,0.7222,1.6559,1.807
27.16942031,0.0410,0.7079,1.6148,1.764
27.16986154,0.0615,0.7000,1.5606,1.712
27.169969848,0.0757,0.6926,1.5039,1.657
27.170062464,0.0897,0.6792,1.4490,1.603
27.17014831,0.1050,0.6739,1.3833,1.542
27.170951694,0.1160,0.6665,1.3043,1.469
27.18274854,0.1297,0.6587,1.2173,1.390
27.183307925,0.1390,0.6485,1.1280,1.308
27.183451079,0.1481,0.6385,1.0278,1.219
27.183569156,0.1603,0.6294,0.9295,1.134
27.183699925,0.1800,0.6155,0.8299,1.049
27.18830831,0.2074,0.6023,0.7321,0.970
27.188522694,0.2394,0.5873,0.6300,0.894
27.19049354,0.2765,0.5707,0.5306,0.827
27.192569771,0.3156,0.5456,0.4373,0.767
27.195408233,0.3557,0.5263,0.3579,0.729
27.19839654,0.3909,0.5043,0.2906,0.701
27.199918771,0.4270,0.4867,0.2340,0.688
27.202510694,0.4624,0.4696,0.1861,0.685
27.20505131,0.4898,0.4542,0.1460,0.684
27.20764554,0.5013,0.4461,0.1131,0.681
27.209615079,0.4999,0.4452,0.0882,0.675
27.212182079,0.4933,0.4503,0.0728,0.672
27.215304002,0.4803,0.4540,0.0681,0.664
27.216792848,0.4635,0.4613,0.0722,0.658
27.219227617,0.4398,0.4740,0.0864,0.652
27.222035694,0.4043,0.4889,0.1018,0.643
27.224241233,0.3533,0.5082,0.1206,0.631
27.22646331,0.2914,0.5309,0.1367,0.621
27.22910831,0.2189,0.5530,0.1536,0.614
27.231923617,0.1444,0.5820,0.1746,0.625
27.233592002,0.0666,0.6091,0.1878,0.641
27.23607354,-0.0136,0.6320,0.1781,0.657
27.238777464,-0.0966,0.6602,0.1712,0.689
27.241063079,-0.1788,0.6870,0.1665,0.729
27.243854387,-0.2550,0.7110,0.1597,0.772
27.246054694,-0.3192,0.7315,0.1555,0.813
27.250567079,-0.3828,0.7466,0.1604,0.854
27.251107617,-0.4427,0.7640,0.1716,0.899
27.253156617,-0.4844,0.7799,0.1863,0.937
27.265402694,-0.5264,0.7958,0.2137,0.978
27.26579254,-0.5552,0.8114,0.2503,1.015
27.266079079,-0.5687,0.8195,0.2916,1.039
27.266257848,-0.5677,0.8256,0.3386,1.058
27.266417233,-0.5447,0.8278,0.3918,1.066
27.267415694,-0.5071,0.8263,0.4502,1.069
27.270188925,-0.4567,0.8236,0.5123,1.072
27.278262694,-0.3923,0.8158,0.5818,1.076
27.278858694,-0.3251,0.8092,0.6645,1.096
27.279011079,-0.2552,0.8095,0.7468,1.131
27.27974731,-0.1946,0.8192,0.8296,1.182
27.282251002,-0.1301,0.8253,0.9200,1.243
27.284225771,-0.0651,0.8353,1.0106,1.313
27.286923617,0.0058,0.8414,1.1005,1.385
27.289272617,0.0831,0.8481,1.1772,1.453
27.291544617,0.1668,0.8500,1.2461,1.518
27.294603617,0.2504,0.8581,1.3127,1.588
27.297738771,0.3347,0.8659,1.3703,1.655
27.29880731,0.4099,0.8733,1.4094,1.708
27.301439387,0.4747,0.8813,1.4353,1.750
27.304331002,0.5241,0.8886,1.4529,1.782
27.306617156,0.5651,0.8957,1.4587,1.803
27.308667002,0.5905,0.9057,1.4475,1.807
27.311771925,0.6007,0.9157,1.4264,1.798
27.314890156,0.6040,0.9297,1.3898,1.778
27.316356233,0.5944,0.9470,1.3388,1.744
27.318091002,0.5807,0.9585,1.2773,1.699
27.320440002,0.5690,0.9665,1.2081,1.648
27.323558156,0.5524,0.9712,1.1416,1.597
27.325439617,0.5285,0.9709,1.0798,1.545
27.327997848,0.5050,0.9704,1.0211,1.496
27.331039694,0.4754,0.9602,0.9694,1.445
27.332613848,0.4437,0.9595,0.9349,1.411
27.335036617,0.4039,0.9614,0.9191,1.390
27.339122771,0.3650,0.9739,0.9271,1.393
27.339924233,0.3281,0.9842,0.9579,1.412
27.342427079,0.2958,0.9995,1.0043,1.447
27.345294079,0.2541,1.0181,1.0707,1.499
27.347422156,0.1989,1.0379,1.1516,1.563
27.349819617,0.1444,1.0667,1.2531,1.652
27.352690771,0.1036,1.0911,1.3549,1.743
27.359015925,0.0643,1.1188,1.4607,1.841
27.359505233,0.0342,1.1437,1.5650,1.939
27.359822387,0.0073,1.1737,1.6544,2.028
27.377092002,-0.0055,1.1971,1.7204,2.096
27.37836054,-0.0202,1.2204,1.7734,2.153
27.378723617,-0.0229,1.2404,1.7988,2.185
27.378816617,-0.0288,1.2663,1.7961,2.198
27.37888154,-0.0351,1.2926,1.7724,2.194
27.37898831,-0.0370,1.3179,1.7262,2.172
27.379055079,-0.0300,1.3445,1.6559,2.133
27.37917131,-0.0026,1.3629,1.5662,2.076
27.391949156,0.0371,1.3731,1.4627,2.007
27.392542156,0.0938,1.3794,1.3532,1.935
27.392722079,0.1532,1.3753,1.2459,1.862
27.392883925,0.2238,1.3667,1.1362,1.791
27.393034156,0.2878,1.3562,1.0239,1.724
27.39318731,0.3464,1.3492,0.9114,1.665
27.39779354,0.3992,1.3403,0.7940,1.608
27.398413848,0.4437,1.3443,0.6682,1.565
27.400321848,0.4847,1.3506,0.5576,1.539
27.402981156,0.5262,1.3523,0.4507,1.520
27.406362771,0.5700,1.3428,0.3591,1.502
27.407320002,0.6059,1.3252,0.2589,1.480
27.410038694,0.6382,1.2900,0.1624,1.448
27.413283925,0.6636,1.2476,0.0845,1.416
27.414639925,0.6836,1.1991,0.0236,1.380
27.417129156,0.6899,1.1554,-0.0200,1.346
27.420762387,0.6916,1.1219,-0.0486,1.319
27.422523079,0.6785,1.1065,-0.0577,1.299
27.42433531,0.6599,1.1002,-0.0359,1.283
27.427618464,0.6403,1.1027,0.0031,1.275
27.429918079,0.6338,1.0962,0.0720,1.268
27.431465848,0.6352,1.0831,0.1592,1.266
27.434059002,0.6531,1.0543,0.2582,1.267
27.436623617,0.6814,1.0164,0.3701,1.278
27.438958464,0.7116,0.9741,0.4810,1.299
27.441738464,0.7442,0.9306,0.5818,1.326
27.443525233,0.7686,0.8922,0.6808,1.360
27.449230464,0.7908,0.8563,0.7700,1.397
27.44973754,0.8089,0.8219,0.8475,1.431
27.450787694,0.8182,0.7875,0.9156,1.459
27.45322054,0.8282,0.7491,0.9759,1.483
27.465971925,0.8346,0.7112,1.0260,1.502
27.466508233,0.8334,0.6732,1.0728,1.516
27.466619617,0.8201,0.6348,1.1238,1.529
27.466739617,0.7996,0.5949,1.1634,1.532
27.466843617,0.7838,0.5527,1.1858,1.525
27.467768848,0.7666,0.5139,1.1990,1.513
27.478027079,0.7368,0.4774,1.2151,1.499
27.478936925,0.6972,0.4471,1.2207,1.475
27.479074464,0.6580,0.4093,1.2195,1.445
27.479195002,0.6179,0.3655,1.2098,1.407
27.48065254,0.5821,0.3179,1.2026,1.373
27.482207387,0.5485,0.2705,1.1927,1.340
27.484633233,0.5194,0.2273,1.1795,1.309
27.487558464,0.4984,0.1826,1.1687,1.284
27.48956854,0.4869,0.1407,1.1631,1.269
27.491802387,0.4789,0.0992,1.1611,1.260
27.496501771,0.4810,0.0567,1.1704,1.267
27.497015694,0.4873,0.0130,1.1702,1.268
27.499068233,0.5055,-0.0336,1.1683,1.273
27.501855694,0.5387,-0.0835,1.1672,1.288
27.504145771,0.5751,-0.1413,1.1585,1.301
27.506239002,0.6210,-0.1948,1.1485,1.320
27.50904454,0.6636,-0.2419,1.1313,1.334
27.512277771,0.7080,-0.2843,1.1175,1.353
27.51370154,0.7466,-0.3197,1.1077,1.374
27.515876925,0.7764,-0.3485,1.0898,1.383
27.518711617,0.8074,-0.3747,1.0622,1.386
27.521045848,0.8387,-0.3984,1.0278,1.385
27.523396848,0.8661,-0.4169,0.9926,1.382
27.526561771,0.8883,-0.4345,0.9601,1.378
27.528610771,0.9045,-0.4450,0.9065,1.356
27.530429464,0.9089,-0.4580,0.8384,1.319
27.533419079,0.9010,-0.4636,0.7722,1.274
27.535824617,0.8915,-0.4636,0.7125,1.232
27.537768848,0.8770,-0.4609,0.6412,1.180
27.540247387,0.8502,-0.4541,0.5636,1.117
27.542608233,0.8234,-0.4469,0.4939,1.059
27.547951079,0.7940,-0.4425,0.4390,1.009
27.548407694,0.7608,-0.4313,0.3728,0.951
27.550663617,0.7224,-0.4198,0.3055,0.890
27.552231387,0.6821,-0.4140,0.2359,0.832
27.563331925,0.6401,-0.4045,0.1665,0.775
27.56393354,0.5963,-0.3966,0.0989,0.723
27.564045464,0.5519,-0.3863,0.0278,0.674
27.564215617,0.5197,-0.3815,-0.0396,0.646
27.564411617,0.4857,-0.3795,-0.1080,0.626
27.567062079,0.4537,-0.3739,-0.1784,0.614
27.570067079,0.4268,-0.3705,-0.2457,0.616
27.576862771,0.4060,-0.3654,-0.3051,0.626
27.578048617,0.3904,-0.3544,-0.3533,0.635
27.57850431,0.3867,-0.3460,-0.3918,0.650
27.578782694,0.3921,-0.3348,-0.4192,0.665
27.581217848,0.4031,-0.3180,-0.4373,0.674
27.583531694,0.4207,-0.3033,-0.4505,0.687
27.58677931,0.4449,-0.2915,-0.4583,0.702
27.588108233,0.4728,-0.2730,-0.4666,0.718
27.590576002,0.4976,-0.2576,-0.4671,0.730
27.593300925,0.5204,-0.2464,-0.4630,0.739
27.598815002,0.5504,-0.2371,-0.4549,0.752
27.599710771,0.5781,-0.2302,-0.4432,0.764
27.600461233,0.6110,-0.2281,-0.4363,0.785
27.603120617,0.6415,-0.2268,-0.4319,0.806
27.605191079,0.6692,-0.2281,-0.4317,0.828
27.607606156,0.6921,-0.2234,-0.4386,0.849
27.61002554,0.7107,-0.2168,-0.4517,0.870
27.612848848,0.7224,-0.2065,-0.4679,0.885
27.614956002,0.7335,-0.1967,-0.4779,0.897
27.617447002,0.7376,-0.1829,-0.4837,0.901
27.619650079,0.7405,-0.1706,-0.4882,0.903
27.622045771,0.7410,-0.1560,-0.4894,0.902
27.624657156,0.7459,-0.1536,-0.4910,0.906
27.628394387,0.7591,-0.1569,-0.4957,0.920
27.629802079,0.7713,-0.1660,-0.5013,0.935
27.63176731,0.7789,-0.1725,-0.5126,0.948
27.634497771,0.7784,-0.1794,-0.5143,0.950
27.636648002,0.7720,-0.1806,-0.5064,0.941
27.638860925,0.7630,-0.1762,-0.4989,0.928
27.641559079,0.7515,-0.1760,-0.4871,0.913
27.647523925,0.7449,-0.1690,-0.4708,0.897
27.648017771,0.7379,-0.1699,-0.4481,0.880
27.648525156,0.7295,-0.1736,-0.4200,0.859
27.651658771,0.7158,-0.1753,-0.3829,0.830
27.665698387,0.6997,-0.1767,-0.3426,0.799
27.666227079,0.6860,-0.1774,-0.2921,0.766
27.666354694,0.6692,-0.1755,-0.2462,0.734
27.66646554,0.6589,-0.1692,-0.1940,0.707
27.666568233,0.6484,-0.1597,-0.1400,0.682
27.666691079,0.6452,-0.1455,-0.0825,0.667
27.668120617,0.6533,-0.1374,-0.0217,0.668
27.678676233,0.6648,-0.1347,0.0437,0.680
27.679306694,0.6743,-0.1371,0.1174,0.698
27.679441464,0.6872,-0.1387,0.2019,0.730
27.679566464,0.7092,-0.1408,0.2948,0.781
27.680794464,0.7370,-0.1423,0.4015,0.851
27.683405233,0.7698,-0.1350,0.5196,0.939
27.686066079,0.8069,-0.1226,0.6537,1.046
27.687309464,0.8444,-0.1030,0.7966,1.165
27.68938831,0.8817,-0.0793,0.9405,1.292
27.691954156,0.9130,-0.0539,1.0602,1.400
27.69466731,0.9426,-0.0243,1.1917,1.520
27.696734156,0.9672,0.0242,1.3302,1.645
27.699408233,0.9897,0.0897,1.4531,1.760
27.702367694,1.0181,0.1635,1.5513,1.863
27.704198079,1.0432,0.2504,1.6251,1.947
27.706458464,1.0601,0.3452,1.6894,2.024
27.708978771,1.0662,0.4520,1.7316,2.083
27.711369848,1.0630,0.5670,1.7570,2.130
27.713637771,1.0477,0.6885,1.7712,2.170
27.716326156,1.0186,0.8123,1.7576,2.188
27.719146464,0.9814,0.9331,1.7089,2.180
27.721160617,0.9369,1.0513,1.6286,2.153
27.723338079,0.8930,1.1519,1.5091,2.098
27.72598331,0.8490,1.2278,1.3446,2.009
27.728145771,0.8077,1.2837,1.1455,1.901
27.731061848,0.7649,1.3226,0.9312,1.789
27.733483387,0.7239,1.3518,0.7111,1.690
27.735443002,0.6755,1.3863,0.5135,1.625
27.738080233,0.6266,1.4207,0.3346,1.588
27.74054554,0.5881,1.4535,0.1526,1.575
27.742839002,0.5619,1.4901,-0.0086,1.593
27.747694771,0.5480,1.5346,-0.1219,1.634
27.74813654,0.5397,1.5847,-0.1873,1.685
27.751386771,0.5490,1.6282,-0.1982,1.730
27.765074464,0.5854,1.6487,-0.1570,1.757
27.765629464,0.6480,1.6389,-0.0782,1.764
27.765821156,0.7317,1.5966,0.0349,1.757
27.765919002,0.8246,1.5238,0.1611,1.740
27.766016002,0.9154,1.4322,0.2887,1.724
27.766113156,0.9841,1.3415,0.4096,1.713
27.766810156,1.0288,1.2658,0.5433,1.719
27.778448617,1.0561,1.1922,0.6733,1.729
27.779251694,1.0740,1.1283,0.7976,1.750
27.779423694,1.0731,1.0687,0.9058,1.765
27.779570694,1.0669,1.0079,1.0038,1.778
27.779704925,1.0493,0.9504,1.0930,1.789
27.781292848,1.0219,0.8984,1.1680,1.793
27.783675387,0.9853,0.8524,1.2259,1.789
27.785905233,0.9496,0.8172,1.2745,1.787
27.788338694,0.9077,0.7997,1.3078,1.781
27.792822387,0.8714,0.7950,1.3278,1.776
27.793380848,0.8374,0.8014,1.3239,1.760
27.79564154,0.8118,0.8121,1.3080,1.741
27.798138156,0.7950,0.8290,1.2889,1.726
27.80115754,0.7796,0.8444,1.2715,1.714
27.802744617,0.7686,0.8551,1.2489,1.698
27.805306464,0.7584,0.8656,1.2215,1.678
27.807897771,0.7537,0.8747,1.1881,1.657
27.810446079,0.7484,0.8784,1.1480,1.628
27.812659387,0.7481,0.8777,1.1077,1.599
27.815278387,0.7498,0.8742,1.0686,1.571
27.817720848,0.7517,0.8684,1.0129,1.531
27.819759694,0.7532,0.8593,0.9596,1.492
27.822282387,0.7505,0.8510,0.9056,1.452
27.824982694,0.7554,0.8368,0.8536,1.414
27.82702331,0.7610,0.8158,0.8000,1.373
27.82940054,0.7676,0.7938,0.7353,1.327
27.83205931,0.7852,0.7652,0.6969,1.299
27.834821771,0.8036,0.7345,0.6596,1.273
27.836629233,0.8265,0.7032,0.6141,1.247
27.83925354,0.8614,0.6714,0.5802,1.237
27.84158731,0.8984,0.6394,0.5543,1.234
27.844135002,0.9335,0.6128,0.5352,1.238
27.846437233,0.9724,0.5896,0.5286,1.254
27.848959002,1.0065,0.5768,0.5384,1.279
27.85285754,1.0403,0.5630,0.5562,1.307
27.853556848,1.0640,0.5649,0.5731,1.334
27.85626031,1.0808,0.5649,0.5946,1.357
27.868670387,1.0840,0.5632,0.6116,1.366
27.86897631,1.0871,0.5703,0.6256,1.378
27.869068848,1.0718,0.5754,0.6400,1.375
27.869147925,1.0459,0.5788,0.6444,1.358
27.86922954,1.0149,0.5793,0.6405,1.333
27.870421848,0.9795,0.5784,0.6351,1.303
27.881858771,0.9415,0.5717,0.6225,1.265
27.882311002,0.9023,0.5619,0.5953,1.218
27.883035387,0.8621,0.5470,0.5599,1.164
27.88318854,0.8185,0.5370,0.5142,1.106
27.883294079,0.7730,0.5263,0.4732,1.048
27.885009464,0.7214,0.5150,0.4370,0.988
27.887194464,0.6750,0.5016,0.3971,0.930
27.890069848,0.6345,0.4908,0.3647,0.881
27.892275079,0.5888,0.4840,0.3424,0.836
27.894360848,0.5409,0.4780,0.3173,0.788
27.896883002,0.5001,0.4731,0.3014,0.751
27.900283617,0.4635,0.4626,0.3048,0.722
27.901808233,0.4342,0.4493,0.3160,0.700
27.90438431,0.4070,0.4396,0.3390,0.688
27.90668731,0.3813,0.4279,0.3656,0.680
27.909249771,0.3533,0.4163,0.4015,0.678
27.911419617,0.3210,0.4093,0.4429,0.683
27.914041771,0.2844,0.4053,0.4858,0.694
27.916969541,0.2443,0.4117,0.5340,0.717
27.918606464,0.1998,0.4207,0.5799,0.744
27.921454387,0.1524,0.4381,0.6129,0.769
27.923673233,0.1029,0.4608,0.6361,0.792
27.92604731,0.0547,0.4924,0.6596,0.825
27.928381541,0.0034,0.5251,0.6689,0.850
27.931117156,-0.0393,0.5521,0.6596,0.861
27.933250694,-0.0805,0.5824,0.6281,0.860
27.935499617,-0.1208,0.6028,0.5907,0.853
27.938293156,-0.1567,0.6220,0.5471,0.843
27.940637771,-0.1961,0.6375,0.4998,0.833
27.942833848,-0.2286,0.6469,0.4534,0.822
27.945636848,-0.2564,0.6592,0.4076,0.816
27.947921541,-0.2708,0.6697,0.3764,0.815
27.953170771,-0.2834,0.6834,0.3623,0.824
27.953910387,-0.2914,0.7056,0.3605,0.844
27.955236002,-0.2878,0.7288,0.3764,0.869
27.970702771,-0.2762,0.7474,0.4036,0.893
27.971086387,-0.2559,0.7664,0.4336,0.917
27.971416233,-0.2298,0.7780,0.4758,0.940
27.971625233,-0.1934,0.7801,0.5193,0.957
27.971745848,-0.1555,0.7806,0.5772,0.983
27.971969541,-0.1147,0.7774,0.6428,1.015
27.972145233,-0.0773,0.7764,0.7060,1.052
27.984577233,-0.0368,0.7774,0.7735,1.097
27.985162694,-0.0031,0.7799,0.8413,1.147
27.985550156,0.0286,0.7897,0.9026,1.200
27.985732002,0.0574,0.7990,0.9549,1.246
27.985885156,0.0848,0.8004,1.0043,1.287
27.986440848,0.1195,0.7974,1.0673,1.338
27.988655387,0.1542,0.7943,1.1429,1.400
27.991829156,0.1866,0.7982,1.2130,1.464
27.993334464,0.2050,0.8083,1.2655,1.516
27.996039617,0.2194,0.8214,1.3114,1.563
27.999044541,0.2336,0.8334,1.3532,1.606
28.000787002,0.2524,0.8390,1.3857,1.639
28.003739079,0.2809,0.8346,1.3994,1.653
28.005905771,0.3215,0.8332,1.3979,1.659
28.008278771,0.3755,0.8283,1.3779,1.651
28.010173848,0.4419,0.8207,1.3417,1.634
28.012604002,0.5255,0.8136,1.2901,1.613
28.015652617,0.6184,0.8102,1.2298,1.597
28.017565848,0.7146,0.8132,1.1707,1.595
28.020303617,0.8085,0.8188,1.1082,1.598
28.022550464,0.9005,0.8265,1.0514,1.612
28.024747079,0.9876,0.8346,0.9977,1.633
28.027368617,1.0679,0.8412,0.9559,1.662
28.029775694,1.1529,0.8437,0.9217,1.700
28.032036002,1.2231,0.8522,0.9009,1.742
28.034520617,1.2863,0.8600,0.8858,1.783
28.036893233,1.3381,0.8703,0.8804,1.823
28.039270079,1.3694,0.8820,0.8863,1.854
28.041741464,1.3820,0.9045,0.9005,1.881
28.044289233,1.3674,0.9338,0.9217,1.895
28.046734156,1.3266,0.9741,0.9471,1.899
28.052106079,1.2670,1.0159,0.9755,1.894
28.052566156,1.1912,1.0626,0.9962,1.882
28.053784848,1.1018,1.1109,1.0067,1.861
28.069847694,1.0109,1.1596,1.0080,1.839
28.070236617,0.9176,1.1991,1.0138,1.819
28.070368848,0.8216,1.2338,1.0178,1.798
28.070497464,0.7281,1.2581,1.0138,1.772
28.070610694,0.6398,1.2781,0.9987,1.744
28.070715387,0.5532,1.2939,0.9762,1.713
28.070897848,0.4652,1.3096,0.9484,1.683
28.08150431,0.3755,1.3273,0.9202,1.658
28.081904002,0.2839,1.3394,0.8963,1.636
28.082050464,0.1879,1.3506,0.8839,1.625
28.082167694,0.0894,1.3655,0.8824,1.628
28.083067002,-0.0072,1.3811,0.8895,1.643
28.085843002,-0.0966,1.3929,0.9100,1.667
28.087747617,-0.1785,1.4060,0.9493,1.706
28.090144002,-0.2499,1.4117,0.9916,1.743
28.092168233,-0.3127,1.4137,1.0241,1.773
28.094583002,-0.3559,1.3924,1.0465,1.778
28.097131617,-0.3782,1.3536,1.0583,1.759
28.099587925,-0.3896,1.3064,1.0497,1.721
28.102283079,-0.3962,1.2478,1.0183,1.659
28.104757541,-0.3840,1.1817,0.9708,1.577
28.106925156,-0.3617,1.1205,0.9142,1.491
28.109208925,-0.3365,1.0643,0.8609,1.410
28.111729156,-0.2972,1.0093,0.7908,1.316
28.114439925,-0.2571,0.9583,0.7089,1.219
28.116311617,-0.2210,0.9160,0.6452,1.142
28.118915925,-0.1917,0.8781,0.6009,1.081
28.12128831,-0.1648,0.8486,0.5767,1.039
28.123716233,-0.1324,0.8151,0.5665,1.001
28.126071079,-0.0930,0.7823,0.5682,0.971
28.128583617,-0.0385,0.7401,0.5775,0.940
28.131427617,0.0259,0.6995,0.5923,0.917
28.13321931,0.1024,0.6604,0.6075,0.903
28.135755694,0.2003,0.6194,0.6339,0.909
28.139520925,0.3154,0.5788,0.6647,0.936
28.140749464,0.4505,0.5453,0.7001,0.995
28.143126387,0.5939,0.5195,0.7383,1.081
28.145706694,0.7437,0.4999,0.7751,1.185
28.148151925,0.8952,0.4882,0.8147,1.305
28.15031631,1.0332,0.4884,0.8489,1.424
28.152617541,1.1866,0.4674,0.8611,1.539
28.159465156,1.3425,0.4408,0.8672,1.658
28.159970079,1.4793,0.4098,0.8690,1.764
28.160176617,1.5973,0.3755,0.8526,1.849
28.162321464,1.6965,0.3367,0.8210,1.915
28.176382771,1.7764,0.3024,0.7779,1.963
28.176722464,1.8311,0.2654,0.7318,1.990
28.176846694,1.8685,0.2316,0.6791,2.001
28.177809771,1.8809,0.2004,0.6188,1.990
28.177944617,1.8776,0.1671,0.5592,1.966
28.178072848,1.8536,0.1400,0.4976,1.924
28.179195387,1.8047,0.1156,0.4387,1.861
28.189355617,1.7430,0.0946,0.3850,1.787
28.189886694,1.6676,0.0823,0.3307,1.702
28.19004831,1.5881,0.0731,0.2974,1.617
28.190188848,1.5077,0.0608,0.2543,1.530
28.194638694,1.4280,0.0408,0.2005,1.443
28.194885541,1.3547,0.0137,0.1539,1.363
28.196200925,1.2893,-0.0204,0.1169,1.295
28.198543617,1.2274,-0.0527,0.0840,1.231
28.200666156,1.1698,-0.0847,0.0544,1.174
28.203435387,1.1055,-0.1086,0.0386,1.112
28.205601848,1.0459,-0.1262,0.0312,1.054
28.208173464,0.9897,-0.1415,0.0263,1.000
28.210617464,0.9420,-0.1543,0.0321,0.955
28.213627002,0.8952,-0.1655,0.0456,0.912
28.215106387,0.8516,-0.1765,0.0554,0.871
28.217810464,0.8087,-0.1834,0.0688,0.832
28.220234771,0.7715,-0.1936,0.0847,0.800
28.222718464,0.7379,-0.2000,0.0979,0.771
28.225134079,0.6978,-0.2019,0.1143,0.735
28.228121848,0.6631,-0.1988,0.1380,0.706
28.23020331,0.6379,-0.1985,0.1624,0.687
28.232136541,0.6149,-0.1967,0.1809,0.670
28.23461131,0.5927,-0.1963,0.1893,0.652
28.237083694,0.5788,-0.2051,0.1875,0.642
28.239394079,0.5693,-0.2114,0.1898,0.636
28.246747694,0.5573,-0.2207,0.1870,0.628
28.247077771,0.5478,-0.2286,0.1841,0.621
28.247208541,0.5362,-0.2327,0.1702,0.609
28.250223079,0.5220,-0.2342,0.1578,0.594
28.251738464,0.5031,-0.2366,0.1423,0.574
28.25439531,0.4908,-0.2430,0.1260,0.562
28.263119694,0.4820,-0.2498,0.1057,0.553
28.263708848,0.4764,-0.2533,0.0935,0.548
28.263908617,0.4754,-0.2581,0.0901,0.548
28.264100617,0.4761,-0.2601,0.0835,0.549
28.265802694,0.4796,-0.2603,0.0728,0.551
28.268799694,0.4793,-0.2603,0.0595,0.549
28.271312617,0.4838,-0.2630,0.0395,0.552
28.274491617,0.4928,-0.2674,0.0173,0.561
28.275394771,0.5055,-0.2708,-0.0088,0.574
28.277991694,0.5208,-0.2796,-0.0368,0.592
28.280430387,0.5392,-0.2789,-0.0623,0.610
28.283095617,0.5536,-0.2803,-0.0880,0.627
28.285215617,0.5651,-0.2811,-0.1104,0.641
28.288479694,0.5768,-0.2887,-0.1211,0.656
28.290045541,0.5876,-0.2889,-0.1180,0.665
28.292372541,0.5956,-0.2799,-0.1207,0.669
28.295977156,0.6052,-0.2703,-0.1229,0.674
28.297757464,0.6164,-0.2654,-0.1092,0.680
28.299638771,0.6286,-0.2625,-0.0906,0.687
28.302544617,0.6401,-0.2659,-0.0726,0.697
28.304682771,0.6487,-0.2698,-0.0574,0.705
28.306865771,0.6574,-0.2750,-0.0405,0.714
28.309381156,0.6677,-0.2811,-0.0239,0.725
28.311953541,0.6748,-0.2901,-0.0065,0.735
28.314493771,0.6878,-0.2955,0.0067,0.749
28.316578464,0.6939,-0.3048,0.0139,0.758
28.319743079,0.7029,-0.3124,0.0170,0.769
28.321786079,0.7112,-0.3157,0.0214,0.778
28.324267387,0.7144,-0.3113,0.0209,0.780
28.326404002,0.7078,-0.3075,0.0202,0.772
28.329625156,0.7024,-0.3018,0.0241,0.765
28.331016617,0.7036,-0.2980,0.0361,0.765
28.333843694,0.7127,-0.2857,0.0579,0.770
28.336210771,0.7170,-0.2742,0.0803,0.772
28.338354694,0.7172,-0.2488,0.1096,0.767
28.341387079,0.7058,-0.2207,0.1360,0.752
28.343297541,0.6939,-0.1995,0.1788,0.744
28.345594694,0.6773,-0.1770,0.2354,0.739
28.348958156,0.6633,-0.1592,0.2941,0.743
28.350237771,0.6536,-0.1523,0.3507,0.757
28.35276731,0.6403,-0.1379,0.4094,0.772
28.366640233,0.6330,-0.1159,0.4597,0.791
28.367202464,0.6375,-0.0932,0.4981,0.814
28.367756848,0.6577,-0.0714,0.5335,0.850
28.367870156,0.6914,-0.0570,0.5599,0.892
28.368046464,0.7430,-0.0427,0.6068,0.960
28.368219079,0.7952,-0.0274,0.6642,1.036
28.370318464,0.8516,-0.0138,0.7218,1.116
28.380121848,0.9159,0.0005,0.7725,1.198
28.38095931,0.9790,0.0130,0.8157,1.274
28.381168002,1.0468,0.0318,0.8443,1.345
28.38130331,1.1074,0.0516,0.8604,1.403
28.381631002,1.1570,0.0755,0.8709,1.450
28.384305464,1.1915,0.1056,0.8734,1.481
28.387539387,1.2017,0.1515,0.8665,1.489
28.388811387,1.1876,0.2160,0.8553,1.479
28.391178387,1.1505,0.2915,0.8545,1.462
28.393715617,1.0980,0.3743,0.8516,1.439
28.396266156,1.0376,0.4523,0.8452,1.413
28.398641233,0.9685,0.5239,0.8271,1.377
28.40114431,0.8819,0.5893,0.7786,1.316
28.404204617,0.7924,0.6453,0.6955,1.236
28.405779002,0.7036,0.6988,0.5846,1.151
28.408374079,0.6164,0.7471,0.4523,1.069
28.410789233,0.5462,0.7946,0.3080,1.012
28.41299531,0.4950,0.8478,0.1846,0.999
28.415506771,0.4642,0.8962,0.0845,1.013
28.417994387,0.4451,0.9390,0.0180,1.039
28.420378694,0.4474,0.9729,-0.0291,1.071
28.422631387,0.4644,0.9988,-0.0328,1.102
28.425272541,0.5087,1.0261,0.0095,1.145
28.428306771,0.5709,1.0484,0.1038,1.198
28.430013233,0.6452,1.0643,0.2286,1.265
28.432396617,0.7302,1.0794,0.3649,1.353
28.434955925,0.8185,1.0927,0.4883,1.450
28.437639387,0.9024,1.0902,0.5814,1.530
28.43974431,0.9885,1.0834,0.6742,1.614
28.442361541,1.0582,1.0801,0.7621,1.693
28.44868831,1.1241,1.0711,0.8274,1.759
28.449146079,1.1666,1.0596,0.8692,1.800
28.449412541,1.1896,1.0431,0.9149,1.828
28.452029156,1.1844,1.0233,0.9618,1.837
28.46510731,1.1568,1.0091,0.9943,1.829
28.465483694,1.1085,0.9956,1.0183,1.805
28.46560331,1.0503,0.9861,1.0275,1.770
28.465753848,0.9799,0.9844,1.0334,1.731
28.465860002,0.8949,0.9923,1.0319,1.688
28.467440233,0.8077,1.0098,1.0155,1.644
28.468750387,0.7246,1.0298,0.9877,1.600
28.477597848,0.6552,1.0499,0.9452,1.557
28.478191617,0.5970,1.0725,0.8970,1.520
28.478365233,0.5576,1.0862,0.8431,1.484
28.478508925,0.5441,1.0918,0.7888,1.453
28.480489233,0.5527,1.0894,0.7399,1.428
28.483109464,0.5839,1.0821,0.6887,1.409
28.486086694,0.6308,1.0636,0.6424,1.394
28.487582156,0.6872,1.0452,0.5985,1.387
28.490510079,0.7493,1.0245,0.5633,1.389
28.492771694,0.8148,1.0054,0.5413,1.403
28.495458156,0.8770,0.9886,0.5198,1.420
28.497400541,0.9394,0.9732,0.5079,1.445
28.500128233,0.9960,0.9578,0.4981,1.469
28.503015694,1.0537,0.9409,0.4971,1.498
28.504803617,1.1167,0.9262,0.5047,1.536
28.507508617,1.1756,0.9124,0.5259,1.578
28.509847694,1.2303,0.8854,0.5499,1.612
28.511903925,1.2795,0.8519,0.5806,1.643
28.514668233,1.3198,0.8185,0.6112,1.669
28.517319694,1.3437,0.7882,0.6407,1.684
28.519398387,1.3464,0.7633,0.6717,1.687
28.521543694,1.3344,0.7445,0.7076,1.684
28.524389156,1.3105,0.7271,0.7532,1.677
28.526656925,1.2711,0.7088,0.7947,1.658
28.528887617,1.2269,0.6956,0.8318,1.637
28.531935002,1.1807,0.6792,0.8489,1.605
28.535001233,1.1299,0.6678,0.8816,1.581
28.536841233,1.0774,0.6558,0.9083,1.554
28.538375617,1.0244,0.6416,0.9210,1.520
28.541176617,0.9770,0.6336,0.9281,1.489
28.543469771,0.9371,0.6287,0.9186,1.455
28.54577631,0.9024,0.6252,0.8941,1.416
28.548117464,0.8677,0.6264,0.8687,1.378
28.550589848,0.8380,0.6355,0.8343,1.342
28.555219002,0.8069,0.6465,0.7928,1.303
28.555683925,0.7747,0.6658,0.7514,1.268
28.558865541,0.7451,0.6839,0.7125,1.237
28.560584925,0.7137,0.6944,0.6726,1.202
28.573919002,0.6862,0.7037,0.6323,1.169
28.574509771,0.6608,0.7014,0.5972,1.134
28.574702156,0.6418,0.6949,0.5650,1.102
28.574828233,0.6208,0.6930,0.5406,1.076
28.574914694,0.6017,0.6849,0.5186,1.049
28.574998464,0.5854,0.6760,0.5017,1.025
28.587268541,0.5712,0.6711,0.4959,1.011
28.588433541,0.5607,0.6692,0.4961,1.004
28.588591387,0.5475,0.6653,0.5098,1.001
28.588725156,0.5416,0.6629,0.5294,1.006
28.588842464,0.5350,0.6618,0.5562,1.017
28.589072002,0.5323,0.6578,0.5874,1.030
28.592156848,0.5278,0.6578,0.6221,1.048
28.594502464,0.5164,0.6648,0.6635,1.072
28.596211925,0.5062,0.6685,0.6999,1.092
28.599515925,0.4945,0.6732,0.7311,1.110
28.603384925,0.4830,0.6709,0.7565,1.121
28.604040002,0.4688,0.6672,0.7791,1.128
28.606536848,0.4505,0.6660,0.7954,1.131
28.608354464,0.4295,0.6699,0.8074,1.134
28.611146156,0.4058,0.6665,0.8147,1.128
28.613589156,0.3774,0.6692,0.8177,1.122
28.615686694,0.3479,0.6665,0.8164,1.110
28.618361771,0.3173,0.6709,0.8128,1.101
28.620536617,0.2829,0.6724,0.8057,1.087
28.623538771,0.2469,0.6765,0.7947,1.072
28.625408617,0.2218,0.6809,0.7783,1.058
28.628338694,0.2020,0.6829,0.7575,1.040
28.630194387,0.1873,0.6872,0.7343,1.023
28.632902387,0.1805,0.6926,0.7087,1.007
28.635507925,0.1695,0.7044,0.6730,0.989
28.637258464,0.1627,0.7212,0.6323,0.973
28.639808002,0.1561,0.7366,0.5929,0.958
28.642328541,0.1551,0.7496,0.5501,0.943
28.644590156,0.1483,0.7687,0.5130,0.936
28.646969771,0.1441,0.7855,0.4721,0.928
28.649701156,0.1395,0.8014,0.4385,0.924
28.654325541,0.1425,0.8175,0.4099,0.926
28.654781848,0.1441,0.8290,0.3830,0.924
28.65660831,0.1500,0.8405,0.3591,0.926
28.671070694,0.1630,0.8490,0.3375,0.928
28.67141531,0.1754,0.8530,0.3188,0.927
28.671532233,0.1917,0.8524,0.3116,0.928
28.671647694,0.2082,0.8473,0.3170,0.928
28.671763387,0.2226,0.8349,0.3265,0.924
28.671849156,0.2353,0.8192,0.3442,0.919
28.674428541,0.2482,0.8002,0.3681,0.915
28.683437464,0.2614,0.7801,0.3975,0.914
28.684178156,0.2685,0.7526,0.4392,0.912
28.684407925,0.2770,0.7281,0.4915,0.921
28.684548002,0.2739,0.7107,0.5469,0.938
28.685872541,0.2690,0.6993,0.6141,0.969
28.687771694,0.2614,0.6963,0.6794,1.007
28.692852925,0.2506,0.6914,0.7441,1.046
28.693565233,0.2450,0.6905,0.8037,1.088
28.695060541,0.2502,0.6814,0.8560,1.122
28.698090387,0.2583,0.6863,0.9200,1.176
28.701277233,0.2680,0.6963,0.9831,1.234
28.702817541,0.2802,0.7110,1.0429,1.293
28.704973541,0.2897,0.7357,1.0969,1.352
28.707644541,0.2986,0.7667,1.1490,1.413
28.709767617,0.2990,0.7992,1.1963,1.469
28.712282694,0.3019,0.8363,1.2410,1.527
28.714608233,0.3073,0.8698,1.2904,1.586
28.717352617,0.3228,0.9043,1.3432,1.651
28.719760617,0.3466,0.9311,1.3952,1.713
28.721830387,0.3774,0.9536,1.4316,1.761
28.72436731,0.4146,0.9773,1.4623,1.807
28.726512233,0.4554,0.9979,1.5047,1.862
28.729041541,0.4940,1.0115,1.5489,1.915
28.731954464,0.5241,1.0220,1.5941,1.965
28.734361541,0.5534,1.0205,1.6324,2.003
28.736274079,0.5830,1.0135,1.6656,2.035
28.738878387,0.6142,0.9979,1.6889,2.056
28.741971079,0.6366,0.9807,1.7038,2.066
28.743393464,0.6533,0.9700,1.7060,2.068
28.746106771,0.6513,0.9668,1.7023,2.063
28.748693233,0.6377,0.9595,1.6593,2.020
28.750857541,0.6144,0.9646,1.6088,1.974
28.754017233,0.5868,0.9648,1.5515,1.919
28.755512002,0.5455,0.9607,1.4851,1.851
28.761756002,0.4974,0.9504,1.4103,1.772
28.762261541,0.4427,0.9409,1.3219,1.682
28.762590694,0.3894,0.9323,1.2193,1.584
28.765131617,0.3301,0.9277,1.1120,1.485
28.778779694,0.2748,0.9338,1.0031,1.398
28.779178156,0.2194,0.9446,0.8925,1.318
28.779306464,0.1681,0.9609,0.7871,1.253
28.779422156,0.1211,0.9814,0.6933,1.208
28.779528848,0.0784,0.9966,0.6024,1.167
28.77984431,0.0445,1.0054,0.5213,1.133
28.782256848,0.0217,0.9963,0.4472,1.092
28.792168617,0.0034,0.9744,0.3794,1.046
28.792857541,-0.0097,0.9478,0.3134,0.998
28.793056617,-0.0263,0.9192,0.2487,0.953
28.793222387,-0.0409,0.8884,0.1788,0.907
28.794173541,-0.0490,0.8674,0.1084,0.875
28.796411694,-0.0461,0.8483,0.0466,0.851
28.799354771,-0.0319,0.8346,-0.0021,0.835
28.801351002,-0.0014,0.8246,-0.0371,0.825
28.803705771,0.0366,0.8170,-0.0582,0.820
28.806242464,0.0869,0.8085,-0.0664,0.816
28.808626387,0.1437,0.8036,-0.0613,0.819
28.811159002,0.1928,0.8055,-0.0505,0.830
28.813602464,0.2487,0.7911,-0.0356,0.830
28.81733631,0.3181,0.7704,-0.0183,0.834
28.818288541,0.3882,0.7384,0.0036,0.834
28.820749233,0.4749,0.7014,0.0234,0.847
28.823146694,0.5763,0.6602,0.0651,0.879
28.825578771,0.6862,0.6240,0.1367,0.938
28.828177464,0.8123,0.5905,0.2261,1.029
28.830354771,0.9489,0.5524,0.3241,1.145
28.83283131,1.0929,0.5197,0.4309,1.285
28.836478464,1.2377,0.4918,0.5426,1.438
28.837591079,1.3808,0.4662,0.6554,1.598
28.840038771,1.4905,0.4505,0.7702,1.737
28.84240331,1.5912,0.4412,0.8692,1.866
28.845086771,1.6689,0.4268,0.9687,1.976
28.847557233,1.7256,0.4065,1.0605,2.066
28.853525233,1.7637,0.3809,1.1416,2.135
28.854029771,1.7803,0.3494,1.2139,2.183
28.856129848,1.7749,0.3162,1.2699,2.205
28.870313848,1.7512,0.2847,1.3246,2.214
28.870698079,1.7123,0.2497,1.3593,2.200
28.870791694,1.6680,0.2216,1.3742,2.172
28.870882464,1.6142,0.1901,1.3933,2.141
28.870973156,1.5604,0.1584,1.4043,2.105
28.871068848,1.5010,0.1212,1.4082,2.062
28.871473156,1.4483,0.0782,1.4087,2.022
28.882815925,1.3926,0.0389,1.4087,1.981
28.883229156,1.3356,-0.0036,1.4047,1.938
28.883956925,1.2816,-0.0429,1.3889,1.890
28.884210387,1.2320,-0.0827,1.3700,1.844
28.884406156,1.1888,-0.1298,1.3314,1.790
28.887048925,1.1485,-0.1748,1.2801,1.729
28.889167079,1.1170,-0.2183,1.2154,1.665
28.890894079,1.0926,-0.2613,1.1323,1.595
28.893091002,1.0715,-0.2943,1.0376,1.520
28.896299079,1.0566,-0.3211,0.9449,1.453
28.898906694,1.0410,-0.3434,0.8504,1.387
28.900928925,1.0210,-0.3541,0.7651,1.324
28.902852233,0.9997,-0.3668,0.6762,1.261
28.905242079,0.9816,-0.3773,0.5753,1.199
28.907639002,0.9667,-0.3854,0.4734,1.143
28.909852848,0.9415,-0.3923,0.3708,1.085
28.912263079,0.9203,-0.3935,0.2765,1.038
28.915300002,0.8961,-0.3959,0.1900,0.998
28.917017464,0.8663,-0.3986,0.1189,0.961
28.919472233,0.8321,-0.3971,0.0598,0.924
28.922246156,0.7971,-0.3879,0.0034,0.886
28.924332541,0.7512,-0.3779,-0.0491,0.842
28.926774464,0.6997,-0.3675,-0.0906,0.796
28.929173848,0.6431,-0.3576,-0.1278,0.747
28.931553771,0.5907,-0.3527,-0.1681,0.708
28.933949156,0.5448,-0.3519,-0.2096,0.682
28.936383617,0.4991,-0.3553,-0.2490,0.661
28.938980925,0.4526,-0.3578,-0.2809,0.642
28.941444848,0.4102,-0.3578,-0.3112,0.627
28.944223387,0.3677,-0.3546,-0.3389,0.613
28.948250694,0.3324,-0.3465,-0.3569,0.598
28.948705541,0.3066,-0.3432,-0.3631,0.586
28.952512541,0.2909,-0.3329,-0.3716,0.578
28.954364925,0.2785,-0.3178,-0.3816,0.569
28.955601541,0.2611,-0.3041,-0.3960,0.563
28.966769156,0.2543,-0.2871,-0.4058,0.558
28.967162079,0.2543,-0.2752,-0.4216,0.564
28.967266694,0.2629,-0.2684,-0.4402,0.579
28.967486694,0.2772,-0.2635,-0.4591,0.598
28.968131387,0.2925,-0.2537,-0.4823,0.618
28.970112925,0.3098,-0.2424,-0.5059,0.641
28.972754464,0.3281,-0.2288,-0.5280,0.662
28.980603079,0.3525,-0.2146,-0.5616,0.697
28.981528925,0.3743,-0.1973,-0.5995,0.734
28.982170771,0.3936,-0.1778,-0.6323,0.766
28.982361771,0.4158,-0.1620,-0.6689,0.804
28.984467925,0.4386,-0.1436,-0.7144,0.850
28.987403617,0.4603,-0.1296,-0.7571,0.896
28.989271617,0.4871,-0.1215,-0.8015,0.946
28.991957848,0.5143,-0.1179,-0.8480,0.999
28.994820925,0.5502,-0.1157,-0.8893,1.052
28.997851387,0.5895,-0.1205,-0.9228,1.102
28.999524233,0.6301,-0.1250,-0.9476,1.145
29.002116617,0.6731,-0.1296,-0.9623,1.181
29.004435002,0.7116,-0.1286,-0.9585,1.201
29.006492617,0.7471,-0.1262,-0.9352,1.204
29.008870771,0.7725,-0.1169,-0.9133,1.202
29.011465848,0.8006,-0.1115,-0.8832,1.197
29.014471387,0.8318,-0.1145,-0.8360,1.185
29.015869233,0.8617,-0.1071,-0.7971,1.179
29.018369541,0.8928,-0.1101,-0.7656,1.181
29.020967002,0.9331,-0.1184,-0.7176,1.183
29.023355694,0.9653,-0.1196,-0.6545,1.172
29.025639002,0.9895,-0.1230,-0.6035,1.166
29.028305541,1.0085,-0.1217,-0.5362,1.149
29.030997156,1.0154,-0.1140,-0.4454,1.115
29.032829541,1.0127,-0.0975,-0.3489,1.075
29.03545131,1.0046,-0.0746,-0.2511,1.038
29.037805156,0.9848,-0.0502,-0.1468,0.997
29.040001156,0.9631,-0.0204,-0.0381,0.964
29.042592848,0.9355,0.0032,0.0666,0.938
29.045190156,0.9101,0.0266,0.1683,0.926
29.047384002,0.8849,0.0492,0.2503,0.921
29.049840002,0.8619,0.0713,0.3197,0.922
29.052422771,0.8453,0.0929,0.4199,0.948
29.054759617,0.8339,0.1178,0.4705,0.965
29.059332002,0.8255,0.1405,0.5228,0.987
29.059842464,0.8180,0.1754,0.5760,1.016
29.062511387,0.8108,0.2094,0.6093,1.036
29.077372925,0.7924,0.2617,0.6515,1.059
29.077977848,0.7679,0.3279,0.7013,1.090
29.078106694,0.7351,0.4139,0.7558,1.133
29.07826831,0.6838,0.5162,0.8077,1.177
29.078402694,0.6237,0.6225,0.8565,1.229
29.078524541,0.5539,0.7222,0.8946,1.276
29.079210156,0.4926,0.8092,0.9225,1.322
29.090815002,0.4386,0.8789,0.9227,1.348
29.091350771,0.3923,0.9360,0.8873,1.348
29.091487617,0.3579,0.9773,0.8191,1.324
29.09162031,0.3371,1.0177,0.7190,1.291
29.091743002,0.3342,1.0550,0.5927,1.255
29.093288541,0.3484,1.0951,0.4658,1.240
29.095586771,0.3885,1.1376,0.3358,1.248
29.09798431,0.4542,1.1745,0.2264,1.279
29.100292925,0.5536,1.1987,0.1565,1.330
29.103148002,0.6785,1.2155,0.0852,1.395
29.105215387,0.8380,1.2216,0.0309,1.482
29.107602156,1.0051,1.2255,0.0209,1.585
29.110229771,1.1730,1.2331,0.0339,1.702
29.112436925,1.3271,1.2421,0.0610,1.819
29.114819617,1.4732,1.2448,0.1159,1.932
29.11734731,1.6103,1.2441,0.1868,2.043
29.119800002,1.7237,1.2265,0.2615,2.132
29.122453464,1.8096,1.2011,0.3591,2.201
29.124496233,1.8695,1.1735,0.4614,2.255
29.127259617,1.9056,1.1325,0.5829,2.292
29.129924541,1.9135,1.0921,0.7038,2.313
29.131796848,1.8881,1.0511,0.8105,2.308
29.134231694,1.8338,1.0081,0.9207,2.286
29.136683617,1.7579,0.9690,1.0321,2.257
29.138935925,1.6701,0.9367,1.1377,2.227
29.141310079,1.5716,0.9101,1.2247,2.190
29.143799002,1.4764,0.8933,1.2936,2.157
29.146443617,1.3850,0.8813,1.3451,2.122
29.148528848,1.3037,0.8786,1.3805,2.092
29.151278464,1.2404,0.8777,1.4035,2.068
29.154809848,1.1917,0.8849,1.4218,2.055
29.157432541,1.1593,0.8930,1.4362,2.050
29.158687617,1.1434,0.9028,1.4441,2.051
29.160753156,1.1485,0.9160,1.4516,2.065
29.165996848,1.1676,0.9248,1.4553,2.082
29.16649131,1.1956,0.9331,1.4592,2.105
29.168407002,1.2243,0.9362,1.4672,2.128
29.184320541,1.2523,0.9326,1.4765,2.149
29.184740848,1.2755,0.9287,1.4800,2.163
29.185085771,1.2865,0.9189,1.4768,2.163
29.185171079,1.2895,0.9106,1.4597,2.150
29.185266694,1.2763,0.9020,1.4273,2.117
29.185352002,1.2511,0.8996,1.3820,2.070
29.185530771,1.2187,0.8940,1.3204,2.007
29.197910464,1.1800,0.8889,1.2508,1.936
29.198510387,1.1311,0.8791,1.1721,1.851
29.198689771,1.0852,0.8720,1.0917,1.769
29.198843925,1.0384,0.8615,1.0127,1.687
29.19898831,0.9860,0.8495,0.9405,1.606
29.203325233,0.9310,0.8374,0.8648,1.522
29.203575079,0.8737,0.8260,0.7710,1.428
29.204511002,0.8187,0.8163,0.6820,1.342
29.206327079,0.7673,0.8050,0.6048,1.266
29.208830694,0.7190,0.7918,0.5333,1.195
29.212249541,0.6685,0.7857,0.4641,1.131
29.213826156,0.6173,0.7796,0.4008,1.072
29.216126464,0.5685,0.7748,0.3388,1.019
29.218909464,0.5292,0.7674,0.2824,0.974
29.221038464,0.4879,0.7596,0.2317,0.932
29.223221233,0.4524,0.7550,0.1893,0.900
29.225910156,0.4226,0.7410,0.1514,0.866
29.228765156,0.3972,0.7261,0.1167,0.836
29.230438464,0.3780,0.7076,0.0901,0.807
29.232971694,0.3606,0.6907,0.0737,0.783
29.23561231,0.3426,0.6783,0.0610,0.762
29.237805156,0.3215,0.6672,0.0527,0.743
29.240275925,0.3056,0.6525,0.0488,0.722
29.243231694,0.2954,0.6394,0.0525,0.706
29.245116233,0.2939,0.6240,0.0581,0.692
29.247315925,0.2951,0.6052,0.0642,0.676
29.249874079,0.2978,0.5852,0.0781,0.661
29.252781156,0.3035,0.5630,0.0971,0.647
29.25473131,0.3086,0.5453,0.1182,0.638
29.257051618,0.3107,0.5255,0.1429,0.627
29.259664002,0.3181,0.5080,0.1712,0.623
29.262657233,0.3225,0.4943,0.2014,0.624
29.264221233,0.3210,0.4875,0.2322,0.628
29.266774387,0.3147,0.4808,0.2667,0.634
29.269162771,0.3098,0.4745,0.2995,0.641
29.274269233,0.2988,0.4694,0.3307,0.647
29.274545233,0.2905,0.4626,0.3563,0.652
29.276737771,0.2788,0.4596,0.3794,0.658
29.287242771,0.2636,0.4573,0.3996,0.662
29.287586464,0.2423,0.4589,0.4131,0.663
29.287716233,0.2213,0.4610,0.4248,0.665
29.287822464,0.1986,0.4696,0.4355,0.671
29.28860831,0.1642,0.4877,0.4409,0.678
29.290944925,0.1283,0.5082,0.4502,0.691
29.293317541,0.0889,0.5304,0.4580,0.706
29.295812925,0.0503,0.5458,0.4374,0.701
29.298325156,0.0107,0.5595,0.4160,0.697
29.300631618,-0.0268,0.5705,0.3971,0.696
29.303771079,-0.0693,0.5864,0.3761,0.700
29.305968618,-0.1164,0.6052,0.3468,0.707
29.307537464,-0.1644,0.6289,0.3185,0.724
29.310603079,-0.2061,0.6492,0.2934,0.742
29.312460925,-0.2398,0.6634,0.2723,0.756
29.314834079,-0.2674,0.6776,0.2592,0.773
29.317275387,-0.2892,0.6921,0.2524,0.791
29.319381233,-0.3109,0.7002,0.2540,0.807
29.322194156,-0.3256,0.7105,0.2582,0.823
29.324594387,-0.3265,0.7217,0.2669,0.836
29.327933541,-0.3185,0.7252,0.2829,0.841
29.329445464,-0.3011,0.7266,0.2995,0.842
29.331926079,-0.2806,0.7288,0.3188,0.843
29.334482156,-0.2479,0.7256,0.3432,0.840
29.337297233,-0.2198,0.7207,0.3720,0.840
29.339460925,-0.1878,0.7163,0.4067,0.845
29.342583387,-0.1526,0.7091,0.4509,0.854
29.344481156,-0.1113,0.7032,0.4935,0.866
29.346448541,-0.0684,0.6968,0.5423,0.886
29.349643079,-0.0258,0.7000,0.5936,0.918
29.351228233,0.0098,0.7000,0.6493,0.955
29.354688002,0.0433,0.7049,0.7038,0.997
29.35623931,0.0750,0.7127,0.7541,1.040
29.359822156,0.1048,0.7244,0.8096,1.091
29.367646387,0.1339,0.7396,0.8662,1.147
29.367954694,0.1554,0.7506,0.9119,1.191
29.368064233,0.1823,0.7643,0.9566,1.238
29.368249771,0.2033,0.7845,1.0158,1.299
29.370355618,0.2118,0.8083,1.0803,1.366
29.372899694,0.2157,0.8363,1.1399,1.430
29.375407925,0.2171,0.8635,1.1858,1.483
29.381014079,0.2228,0.8773,1.2276,1.525
29.381249848,0.2292,0.8815,1.2796,1.571
29.382527079,0.2306,0.8886,1.3151,1.604
29.38513231,0.2267,0.8979,1.3405,1.629
29.387165541,0.2260,0.9099,1.3619,1.653
29.389936233,0.2267,0.9213,1.3771,1.672
29.392249233,0.2289,0.9318,1.3910,1.690
29.39548331,0.2455,0.9378,1.4035,1.706
29.397021233,0.2716,0.9392,1.4175,1.722
29.399432925,0.3066,0.9348,1.4301,1.736
29.40208031,0.3464,0.9304,1.4333,1.744
29.404101541,0.3967,0.9299,1.4360,1.756
29.406604848,0.4422,0.9225,1.4502,1.775
29.409200002,0.4854,0.9180,1.4504,1.784
29.411777541,0.5236,0.9238,1.4529,1.800
29.414298464,0.5567,0.9280,1.4592,1.817
29.416595079,0.5778,0.9394,1.4839,1.849
29.41897131,0.5768,0.9583,1.5203,1.887
29.421103925,0.5590,0.9814,1.5571,1.924
29.42372331,0.5273,1.0115,1.5980,1.963
29.427049771,0.4926,1.0450,1.6358,2.003
29.428538694,0.4454,1.0818,1.6530,2.025
29.430899925,0.3934,1.1141,1.6519,2.031
29.433815002,0.3410,1.1437,1.6339,2.023
29.435746464,0.2876,1.1635,1.6046,2.003
29.438551694,0.2329,1.1766,1.5692,1.975
29.440769156,0.1849,1.1766,1.5247,1.935
29.44431231,0.1400,1.1701,1.4688,1.883
29.445207079,0.1002,1.1524,1.3982,1.815
29.447820925,0.0689,1.1503,1.3178,1.751
29.450499387,0.0494,1.1571,1.2342,1.693
29.45288731,0.0437,1.1891,1.1516,1.656
29.455060618,0.0615,1.2269,1.0828,1.638
29.457439079,0.0955,1.2734,1.0351,1.644
29.462771618,0.1446,1.3201,1.0106,1.669
29.463217771,0.2152,1.3587,1.0009,1.701
29.464660848,0.2993,1.3743,0.9936,1.722
29.466851694,0.4021,1.3629,0.9740,1.723
29.480752848,0.5189,1.3284,0.9330,1.704
29.481115618,0.6452,1.2626,0.8746,1.666
29.481236848,0.7676,1.1869,0.7910,1.620
29.481340925,0.8719,1.1083,0.6899,1.570
29.481450771,0.9489,1.0371,0.5818,1.521
29.481551694,1.0039,0.9839,0.4781,1.485
29.494251694,1.0305,0.9509,0.3828,1.454
29.494813848,1.0559,0.9329,0.3046,1.442
29.494932618,1.0686,0.9309,0.2699,1.443
29.495041541,1.0735,0.9333,0.2382,1.442
29.495136233,1.0847,0.9218,0.2245,1.441
29.495804233,1.1104,0.9043,0.2361,1.451
29.498809848,1.1448,0.8754,0.2640,1.465
29.501149771,1.1812,0.8463,0.2980,1.483
29.503068002,1.2206,0.8119,0.3373,1.504
29.505545848,1.2555,0.7789,0.3769,1.525
29.508214771,1.2885,0.7491,0.4150,1.547
29.510394156,1.3166,0.7188,0.4443,1.564
29.512780618,1.3398,0.6858,0.4670,1.576
29.515207002,1.3575,0.6497,0.4837,1.581
29.517817464,1.3674,0.6159,0.5015,1.581
29.520172848,1.3608,0.5771,0.5166,1.566
29.522455694,1.3479,0.5502,0.5369,1.552
29.524935618,1.3239,0.5260,0.5564,1.529
29.527192233,1.2924,0.4992,0.5778,1.501
29.529809464,1.2604,0.4740,0.6056,1.477
29.532388002,1.2267,0.4425,0.6388,1.452
29.534758694,1.1884,0.4088,0.6769,1.427
29.537111079,1.1463,0.3758,0.7197,1.405
29.539946694,1.1016,0.3426,0.7688,1.386
29.542475002,1.0561,0.3023,0.8164,1.369
29.544073156,1.0144,0.2646,0.8609,1.357
29.546452541,0.9746,0.2292,0.9053,1.350
29.549309848,0.9306,0.1945,0.9466,1.342
29.551669156,0.8963,0.1630,0.9784,1.337
29.553765464,0.8709,0.1330,1.0057,1.337
29.556010694,0.8467,0.0972,1.0311,1.338
29.563953464,0.8343,0.0611,1.0507,1.343
29.564727925,0.8323,0.0277,1.0619,1.350
29.565116541,0.8383,-0.0124,1.0698,1.359
29.578559618,0.8500,-0.0427,1.0756,1.372
29.579952848,0.8702,-0.0800,1.0728,1.384
29.58027531,0.8879,-0.1089,1.0619,1.388
29.580398079,0.9098,-0.1415,1.0451,1.393
29.580511002,0.9257,-0.1713,1.0185,1.387
29.580629541,0.9394,-0.1973,0.9825,1.374
29.580708233,0.9501,-0.2239,0.9412,1.356
29.582623079,0.9550,-0.2493,0.8925,1.331
29.589620002,0.9577,-0.2671,0.8389,1.301
29.589995694,0.9616,-0.2822,0.7830,1.272
29.590567002,0.9577,-0.2977,0.7246,1.237
29.592483618,0.9501,-0.3077,0.6679,1.201
29.594626079,0.9375,-0.3092,0.6114,1.161
29.597260541,0.9110,-0.3048,0.5487,1.106
29.600053233,0.8763,-0.2957,0.4966,1.050
29.601916541,0.8378,-0.2818,0.4236,0.980
29.604206694,0.7924,-0.2671,0.3437,0.904
29.606749848,0.7512,-0.2559,0.2716,0.839
29.609330079,0.7139,-0.2528,0.1939,0.782
29.611468618,0.6797,-0.2508,0.1103,0.733
29.613919002,0.6403,-0.2561,0.0283,0.690
29.61629931,0.6003,-0.2566,-0.0561,0.655
29.618729464,0.5614,-0.2566,-0.1353,0.632
29.621105771,0.5262,-0.2586,-0.2008,0.620
29.623524541,0.4966,-0.2515,-0.2558,0.613
29.62611631,0.4659,-0.2391,-0.2995,0.603
29.628517541,0.4461,-0.2270,-0.3300,0.600
29.630980541,0.4342,-0.2151,-0.3522,0.599
29.633279002,0.4346,-0.2093,-0.3724,0.609
29.636306694,0.4432,-0.2016,-0.3841,0.620
29.638100541,0.4530,-0.1953,-0.3909,0.629
29.641296002,0.4568,-0.1897,-0.3936,0.632
29.642924848,0.4600,-0.1865,-0.3946,0.634
29.64534731,0.4652,-0.1787,-0.3934,0.635
29.647743618,0.4693,-0.1741,-0.3943,0.637
29.65036431,0.4850,-0.1746,-0.3892,0.646
29.653341848,0.5059,-0.1738,-0.3848,0.659
29.655616541,0.5343,-0.1760,-0.3696,0.673
29.658008541,0.5634,-0.1765,-0.3464,0.685
29.659818694,0.5930,-0.1816,-0.3142,0.695
29.662269464,0.6222,-0.1790,-0.2734,0.703
29.664604848,0.6469,-0.1723,-0.2267,0.707
29.670433848,0.6669,-0.1636,-0.1752,0.709
29.670781771,0.6862,-0.1489,-0.1263,0.713
29.671927618,0.6990,-0.1399,-0.0811,0.717
29.686135387,0.7097,-0.1279,-0.0400,0.722
29.687065771,0.7197,-0.1210,-0.0154,0.730
29.687183002,0.7253,-0.1179,0.0011,0.735
29.687285541,0.7354,-0.1174,0.0092,0.745
29.687381233,0.7484,-0.1203,0.0119,0.758
29.687479618,0.7600,-0.1242,0.0143,0.770
29.688652233,0.7649,-0.1269,0.0134,0.775
29.700314387,0.7652,-0.1301,-0.0012,0.776
29.700921233,0.7647,-0.1308,-0.0086,0.776
29.701290156,0.7676,-0.1355,-0.0019,0.780
29.701501233,0.7698,-0.1371,0.0109,0.782
29.701613233,0.7738,-0.1396,0.0204,0.787
29.703282771,0.7796,-0.1355,0.0341,0.792
29.705905848,0.7866,-0.1315,0.0490,0.799
29.708367387,0.7913,-0.1301,0.0586,0.804
29.710354771,0.8020,-0.1338,0.0822,0.817
29.712796925,0.8136,-0.1389,0.1008,0.831
29.715717464,0.8302,-0.1438,0.1211,0.851
29.718137464,0.8478,-0.1455,0.1521,0.874
29.720095387,0.8607,-0.1436,0.1893,0.893
29.722589156,0.8693,-0.1333,0.2347,0.910
29.72502331,0.8758,-0.1189,0.2829,0.928
29.727468618,0.8905,-0.1079,0.3258,0.954
29.729796541,0.9017,-0.0988,0.3701,0.980
29.732585771,0.9191,-0.0844,0.4187,1.013
29.734617233,0.9438,-0.0793,0.4668,1.056
29.736969848,0.9778,-0.0758,0.5169,1.109
29.739790694,1.0097,-0.0685,0.5785,1.166
29.741787079,1.0354,-0.0644,0.6432,1.221
29.744298771,1.0571,-0.0548,0.7218,1.281
29.747278156,1.0659,-0.0343,0.8010,1.334
29.749031079,1.0554,-0.0020,0.8878,1.379
29.751579618,1.0300,0.0431,0.9836,1.425
29.754072618,0.9876,0.1073,1.0847,1.471
29.760175079,0.9401,0.1880,1.1993,1.535
29.760673848,0.8822,0.2695,1.3246,1.614
29.761067618,0.8211,0.3494,1.4492,1.702
29.763640848,0.7523,0.4224,1.5533,1.777
29.776900925,0.6804,0.4901,1.6386,1.841
29.777236848,0.6079,0.5481,1.6915,1.879
29.778137464,0.5346,0.5969,1.6987,1.878
29.778289541,0.4671,0.6411,1.6615,1.841
29.778368618,0.4031,0.6895,1.5769,1.768
29.778435618,0.3442,0.7410,1.4567,1.670
29.781008848,0.2963,0.7929,1.3119,1.561
29.789314156,0.2646,0.8475,1.1643,1.464
29.789967387,0.2574,0.9006,1.0358,1.397
29.790134079,0.2680,0.9438,0.9053,1.335
29.790293233,0.3130,0.9714,0.7830,1.286
29.792442464,0.3684,0.9902,0.6857,1.260
29.795084233,0.4337,1.0051,0.6127,1.254
29.798345848,0.5033,1.0208,0.5506,1.264
29.799637233,0.5625,1.0401,0.5120,1.289
29.802045771,0.6184,1.0618,0.4922,1.324
29.805056925,0.6726,1.0850,0.4770,1.363
29.806948925,0.7263,1.0973,0.4732,1.398
29.809397848,0.7808,1.1070,0.4563,1.429
29.811780925,0.8404,1.1027,0.4385,1.454
29.815051694,0.8912,1.0906,0.4164,1.469
29.816519002,0.9426,1.0673,0.3859,1.475
29.819062464,0.9811,1.0338,0.3530,1.468
29.821719387,1.0200,0.9993,0.3277,1.465
29.823949233,1.0474,0.9719,0.3055,1.461
29.826210079,1.0601,0.9558,0.2927,1.457
29.829490079,1.0627,0.9465,0.2934,1.453
29.83130331,1.0573,0.9534,0.3100,1.457
29.833405233,1.0517,0.9672,0.3265,1.466
29.836093464,1.0371,0.9863,0.3405,1.471
29.838677233,1.0207,1.0056,0.3491,1.475
29.841174771,1.0061,1.0177,0.3522,1.474
29.843742079,0.9926,1.0252,0.3449,1.468
29.846017771,0.9827,1.0281,0.3326,1.461
29.849359925,0.9762,1.0240,0.3134,1.449
29.850410694,0.9738,1.0205,0.3007,1.442
29.852687079,0.9746,1.0128,0.2906,1.435
29.855720925,0.9795,1.0030,0.2923,1.432
29.857461233,0.9827,0.9907,0.3112,1.430
29.860035618,0.9818,0.9898,0.3419,1.435
29.862294694,0.9792,0.9883,0.3806,1.442
29.865466156,0.9814,0.9817,0.4267,1.452
29.867426694,0.9821,0.9712,0.4734,1.460
29.870126694,0.9846,0.9639,0.5198,1.473
29.88044731,0.9785,0.9514,0.5641,1.477
29.880827079,0.9697,0.9343,0.6170,1.481
29.880958387,0.9567,0.9180,0.6764,1.488
29.881147387,0.9345,0.9031,0.7307,1.491
29.881594464,0.9054,0.8886,0.7854,1.492
29.884034387,0.8724,0.8705,0.8323,1.487
29.886399618,0.8372,0.8532,0.8739,1.481
29.893373541,0.7938,0.8358,0.9183,1.474
29.893840848,0.7498,0.8229,0.9542,1.466
29.893990464,0.7039,0.8050,0.9726,1.445
29.89665931,0.6613,0.7816,1.0026,1.433
29.898446387,0.6154,0.7575,1.0280,1.417
29.901102079,0.5625,0.7345,1.0356,1.389
29.903453156,0.5062,0.7132,1.0477,1.365
29.905970464,0.4512,0.6949,1.0642,1.349
29.908917464,0.4024,0.6780,1.0779,1.335
29.910738079,0.3543,0.6636,1.0973,1.330
29.91339131,0.3105,0.6473,1.1138,1.325
29.915500233,0.2726,0.6336,1.1292,1.323
29.917780541,0.2455,0.6155,1.1411,1.320
29.920465156,0.2255,0.6028,1.1475,1.316
29.92272331,0.2194,0.5881,1.1562,1.316
29.925017848,0.2187,0.5737,1.1526,1.306
29.927580925,0.2220,0.5544,1.1455,1.292
29.930428618,0.2329,0.5381,1.1377,1.280
29.93224731,0.2524,0.5236,1.1343,1.275
29.934715002,0.2832,0.5072,1.1269,1.268
29.93756431,0.3159,0.4920,1.1126,1.257
29.939550694,0.3501,0.4808,1.0982,1.249
29.941857541,0.3882,0.4796,1.0820,1.246
29.944386694,0.4263,0.4782,1.0595,1.238
29.947935079,0.4654,0.4806,1.0339,1.231
29.951067925,0.4987,0.4884,0.9992,1.219
29.955364618,0.5274,0.5004,0.9533,1.199
29.955578694,0.5480,0.5109,0.9019,1.173
29.959026387,0.5607,0.5197,0.8469,1.141
29.959248925,0.5527,0.5323,0.7896,1.101
29.961251002,0.5274,0.5453,0.7285,1.052
29.964189233,0.4898,0.5573,0.6696,0.999
29.966174156,0.4451,0.5735,0.6078,0.947
29.968425541,0.4021,0.5854,0.5560,0.902
29.977611618,0.3557,0.5998,0.5137,0.866
29.978079002,0.3059,0.6145,0.4742,0.834
29.978201771,0.2499,0.6301,0.4390,0.808
29.978311387,0.2047,0.6457,0.4069,0.790
29.989899387,0.1534,0.6634,0.3794,0.779
29.990386464,0.1090,0.6819,0.3640,0.781
29.990547618,0.0696,0.7007,0.3510,0.787
29.990704848,0.0405,0.7195,0.3430,0.798
29.990857233,0.0132,0.7342,0.3414,0.810
29.992905156,-0.0121,0.7494,0.3522,0.828
29.995221848,-0.0388,0.7611,0.3640,0.845
29.997943387,-0.0605,0.7736,0.3715,0.860
30.000040618,-0.0766,0.7801,0.3903,0.876
30.002569464,-0.0874,0.7816,0.4199,0.892
30.004785464,-0.0996,0.7892,0.4560,0.917
30.00700431,-0.1113,0.7982,0.4942,0.945
30.009593233,-0.1143,0.8067,0.5340,0.974
30.012783002,-0.1133,0.8202,0.5836,1.013
30.014269771,-0.1022,0.8314,0.6332,1.050
30.016897848,-0.0852,0.8370,0.6828,1.084
30.019431618,-0.0598,0.8393,0.7321,1.115
30.021767694,-0.0334,0.8409,0.7803,1.148
30.024383002,-0.0072,0.8456,0.8333,1.187
30.026532233,0.0215,0.8468,0.8832,1.224
30.029283387,0.0579,0.8409,0.9324,1.257
30.031205156,0.1031,0.8344,0.9818,1.293
30.034359618,0.1556,0.8258,1.0381,1.336
30.036701233,0.2033,0.8216,1.0922,1.382
30.039280233,0.2399,0.8190,1.1409,1.425
30.04086431,0.2678,0.8180,1.1832,1.463
30.043534156,0.2809,0.8219,1.2279,1.504
30.045724925,0.2804,0.8260,1.2491,1.524
30.048179079,0.2734,0.8390,1.2913,1.564
30.050669233,0.2485,0.8607,1.3290,1.603
30.054184848,0.2224,0.8847,1.3502,1.629
30.055319079,0.2010,0.9077,1.3579,1.646
30.057872848,0.1877,0.9250,1.3505,1.648
30.060626771,0.1823,0.9380,1.3236,1.632
30.06602031,0.1835,0.9506,1.2894,1.612
30.066487387,0.1835,0.9597,1.2473,1.584
30.067496541,0.1854,0.9690,1.1953,1.550
30.08152731,0.1847,0.9770,1.1429,1.515
30.081881464,0.1810,0.9876,1.0937,1.485
30.081980541,0.1788,0.9942,1.0530,1.459
30.082071387,0.1901,0.9998,1.0065,1.431
30.082156233,0.2047,1.0005,0.9735,1.411
30.082253771,0.2159,1.0091,0.9582,1.408
30.084147387,0.2175,1.0230,0.9635,1.422
30.094692618,0.2184,1.0447,0.9938,1.458
30.095198464,0.2152,1.0792,1.0458,1.518
30.095356925,0.1998,1.1202,1.1171,1.595
30.095502771,0.1784,1.1681,1.1951,1.681
30.096265541,0.1573,1.2064,1.2833,1.768
30.098650079,0.1486,1.2302,1.3722,1.849
30.100974694,0.1517,1.2436,1.4443,1.912
30.104232848,0.1715,1.2424,1.4914,1.949
30.106316925,0.1947,1.2326,1.5088,1.958
30.10831931,0.2252,1.2238,1.5124,1.959
30.110701233,0.2472,1.2164,1.5073,1.953
30.113118387,0.2611,1.2187,1.4970,1.948
30.115737848,0.2655,1.2236,1.4900,1.946
30.119016002,0.2623,1.2248,1.4809,1.940
30.120616925,0.2475,1.2292,1.4770,1.937
30.122953233,0.2167,1.2346,1.4719,1.933
30.125461848,0.1823,1.2465,1.4668,1.934
30.128507079,0.1400,1.2600,1.4539,1.929
30.130234156,0.0978,1.2798,1.4216,1.915
30.132753848,0.0718,1.3032,1.3691,1.892
30.135061233,0.0508,1.3273,1.3263,1.877
30.137506387,0.0368,1.3533,1.2921,1.871
30.140144002,0.0210,1.3738,1.2433,1.853
30.142346694,0.0088,1.3855,1.1797,1.820
30.145406694,0.0024,1.3858,1.1094,1.775
30.147022771,0.0037,1.3690,1.0207,1.708
30.14953531,0.0147,1.3238,0.9319,1.619
30.152004848,0.0403,1.2688,0.8271,1.515
30.154827387,0.0774,1.2013,0.7104,1.398
30.156555618,0.1178,1.1366,0.5899,1.286
30.15918431,0.1610,1.0818,0.4695,1.190
30.163866156,0.2162,1.0410,0.3710,1.126
30.164348618,0.2849,1.0086,0.2953,1.089
30.166559079,0.3564,0.9858,0.2511,1.078
30.18153131,0.4381,0.9527,0.2361,1.075
30.182379002,0.5390,0.9131,0.2660,1.093
30.182774079,0.6506,0.8737,0.3324,1.139
30.182894771,0.7635,0.8319,0.4148,1.203
30.183018079,0.8761,0.7826,0.5193,1.284
30.183118464,0.9834,0.7335,0.6379,1.383
30.183226156,1.0845,0.6844,0.7644,1.493
30.193932618,1.1617,0.6338,0.9000,1.600
30.19443631,1.2384,0.5800,1.0309,1.713
30.194616541,1.2895,0.5378,1.1590,1.815
30.194770156,1.3284,0.5034,1.2882,1.918
30.195248233,1.3417,0.4780,1.3969,1.995
30.198286079,1.3389,0.4582,1.4834,2.050
30.201081233,1.3217,0.4356,1.5457,2.080
30.203286694,1.2990,0.4132,1.5934,2.097
30.20860731,1.2727,0.3821,1.6251,2.099
30.208792848,1.2426,0.3433,1.6386,2.085
30.209762771,1.2108,0.3010,1.6373,2.059
30.212007618,1.1800,0.2524,1.6226,2.022
30.214651002,1.1495,0.2045,1.5904,1.973
30.216955694,1.1218,0.1577,1.5450,1.916
30.219546771,1.0896,0.1121,1.4970,1.855
30.221594694,1.0520,0.0678,1.4470,1.790
30.224275387,1.0217,0.0217,1.3922,1.727
30.226592925,0.9948,-0.0234,1.3349,1.665
30.228832848,0.9650,-0.0714,1.2720,1.598
30.231541541,0.9287,-0.1174,1.2032,1.524
30.233860541,0.8947,-0.1609,1.1259,1.447
30.236613848,0.8583,-0.1992,1.0378,1.361
30.238780618,0.8278,-0.2354,0.9415,1.276
30.241201541,0.8033,-0.2620,0.8259,1.182
30.244117233,0.7831,-0.2818,0.7033,1.090
30.245852541,0.7645,-0.2967,0.5767,1.003
30.248258771,0.7305,-0.3080,0.4551,0.914
30.250833771,0.7029,-0.3194,0.3263,0.838
30.253160541,0.6838,-0.3270,0.2061,0.785
30.255491079,0.6689,-0.3372,0.1045,0.756
30.258235618,0.6555,-0.3476,0.0183,0.742
30.262760541,0.6394,-0.3527,-0.0628,0.733
30.263530387,0.6228,-0.3585,-0.1405,0.732
30.265547002,0.6079,-0.3546,-0.2047,0.733
30.267684541,0.5888,-0.3534,-0.2555,0.733
30.275774156,0.5707,-0.3539,-0.2988,0.735
30.276428618,0.5524,-0.3448,-0.3310,0.730
30.276619925,0.5233,-0.3319,-0.3550,0.714
30.27737231,0.5025,-0.3221,-0.3799,0.708
30.279437848,0.4835,-0.3182,-0.3899,0.698
30.282262694,0.4652,-0.3165,-0.3926,0.686
30.288318694,0.4466,-0.3190,-0.3992,0.679
30.288742387,0.4312,-0.3253,-0.4041,0.675
30.289074079,0.4183,-0.3304,-0.4099,0.672
30.291751079,0.4065,-0.3397,-0.4185,0.675
30.29411131,0.3992,-0.3483,-0.4226,0.678
30.29638031,0.3890,-0.3583,-0.4258,0.679
30.29897231,0.3760,-0.3654,-0.4236,0.674
30.301239002,0.3577,-0.3670,-0.4226,0.664
30.303664618,0.3426,-0.3695,-0.4300,0.662
30.306352848,0.3293,-0.3644,-0.4337,0.655
30.309030694,0.3128,-0.3617,-0.4290,0.642
30.310870694,0.3000,-0.3561,-0.4195,0.627
30.313602694,0.2861,-0.3527,-0.4074,0.610
30.316020848,0.2719,-0.3478,-0.3958,0.593
30.318427618,0.2607,-0.3488,-0.3801,0.578
30.320546771,0.2539,-0.3448,-0.3599,0.559
30.323155618,0.2543,-0.3439,-0.3373,0.545
30.325519925,0.2604,-0.3412,-0.3154,0.533
30.327805771,0.2700,-0.3380,-0.2951,0.524
30.330248541,0.2851,-0.3316,-0.2756,0.517
30.333156002,0.3039,-0.3216,-0.2574,0.512
30.335365541,0.3281,-0.3173,-0.2404,0.516
30.337434464,0.3567,-0.3099,-0.2203,0.521
30.340004541,0.3774,-0.2994,-0.2017,0.522
30.342878387,0.3987,-0.2820,-0.1830,0.522
30.344679387,0.4229,-0.2715,-0.1549,0.526
30.347471694,0.4461,-0.2654,-0.1260,0.534
30.349786156,0.4681,-0.2628,-0.1067,0.547
30.352308233,0.4982,-0.2666,-0.0855,0.571
30.354556618,0.5329,-0.2710,-0.0496,0.600
30.357053771,0.5681,-0.2777,-0.0112,0.632
30.362707694,0.6054,-0.2857,0.0251,0.670
30.363366771,0.6447,-0.2906,0.0554,0.709
30.363997464,0.6872,-0.2918,0.0854,0.752
30.366789156,0.7332,-0.2943,0.1148,0.798
30.380879079,0.7766,-0.2960,0.1436,0.843
30.381792541,0.8175,-0.2882,0.1704,0.883
30.381971079,0.8534,-0.2789,0.1998,0.920
30.382079618,0.8842,-0.2674,0.2364,0.954
30.382167618,0.9128,-0.2496,0.2716,0.984
30.382437848,0.9357,-0.2322,0.3129,1.014
30.393840233,0.9594,-0.2170,0.3547,1.046
30.394304233,0.9834,-0.1983,0.3957,1.078
30.394507618,1.0029,-0.1785,0.4278,1.105
30.394708541,1.0251,-0.1550,0.4539,1.132
30.39486031,1.0419,-0.1345,0.4763,1.154
30.395454387,1.0622,-0.1140,0.4900,1.175
30.398033771,1.0713,-0.1003,0.5003,1.187
30.401920002,1.0713,-0.0883,0.5017,1.186
30.402646771,1.0659,-0.0719,0.4993,1.179
30.405320002,1.0533,-0.0590,0.4886,1.163
30.407969848,1.0354,-0.0460,0.4802,1.142
30.410069771,1.0310,-0.0318,0.4707,1.134
30.41241931,1.0328,-0.0250,0.4529,1.128
30.415316925,1.0510,-0.0248,0.4290,1.135
30.417063925,1.0740,-0.0282,0.4248,1.155
30.419541156,1.1023,-0.0355,0.4260,1.182
30.422006387,1.1488,-0.0427,0.4294,1.227
30.424570079,1.2101,-0.0553,0.4418,1.289
30.427076925,1.2767,-0.0651,0.4600,1.359
30.429512233,1.3471,-0.0795,0.4765,1.431
30.431502694,1.4195,-0.0961,0.4959,1.507
30.435004002,1.4817,-0.1035,0.5074,1.570
30.436544541,1.5343,-0.1091,0.5077,1.620
30.438816002,1.5675,-0.1110,0.5124,1.653
30.441306694,1.5665,-0.0988,0.5210,1.654
30.443579079,1.5215,-0.0693,0.5193,1.609
30.446012848,1.4344,-0.0221,0.4996,1.519
30.448418387,1.3217,0.0217,0.4439,1.394
30.451240002,1.1856,0.0687,0.3640,1.242
30.453285464,1.0356,0.1114,0.2442,1.070
30.455978771,0.8766,0.1601,0.0894,0.896
30.462425233,0.7083,0.2363,-0.0789,0.751
30.463041156,0.5431,0.3429,-0.2364,0.684
30.463322156,0.3841,0.4573,-0.3601,0.697
30.465476541,0.2296,0.5837,-0.4784,0.789
30.479630771,0.0997,0.7130,-0.5795,0.924
30.480034695,-0.0050,0.8314,-0.6709,1.068
30.481283618,-0.0796,0.9414,-0.7505,1.207
30.481538079,-0.1140,1.0428,-0.8185,1.330
30.481706079,-0.1331,1.1689,-0.8548,1.454
30.481844541,-0.1448,1.2915,-0.8460,1.551
30.492473233,-0.1434,1.4173,-0.8358,1.652
30.493517848,-0.1084,1.5185,-0.7959,1.718
30.493773156,-0.0393,1.5866,-0.7193,1.743
30.494116002,0.0757,1.6103,-0.6210,1.728
30.494293848,0.2301,1.5930,-0.4974,1.685
30.494537233,0.4085,1.5458,-0.3330,1.633
30.496661541,0.5981,1.4779,-0.1463,1.601
30.500318156,0.7959,1.4065,0.0525,1.617
30.501633464,0.9818,1.3443,0.2464,1.683
30.503790695,1.1553,1.2854,0.4717,1.792
30.506548233,1.3037,1.2285,0.6933,1.921
30.508829771,1.4666,1.1656,0.8848,2.072
30.511090695,1.6117,1.0906,1.0549,2.214
30.51362731,1.7512,1.0105,1.2046,2.353
30.516676925,1.8886,0.9294,1.3412,2.496
30.518471002,2.0237,0.8454,1.4702,2.640
30.520929233,2.1551,0.7615,1.5914,2.785
30.523355618,2.2621,0.6993,1.6561,2.889
30.525850771,2.3366,0.6565,1.7150,2.972
30.527943695,2.3791,0.6340,1.8606,3.086
30.530599618,2.3747,0.6316,1.8972,3.104
30.532929464,2.3464,0.6348,1.9468,3.114
30.535338387,2.2990,0.6441,1.9794,3.101
30.537801848,2.2371,0.6543,1.9987,3.070
30.540949233,2.1668,0.6665,2.0074,3.028
30.542457848,2.0977,0.6724,2.0045,2.978
30.54495931,2.0342,0.6739,1.9889,2.924
30.54775231,1.9731,0.6763,1.9657,2.866
30.550001848,1.9154,0.6788,1.9444,2.812
30.553058156,1.8624,0.6883,1.9193,2.762
30.554747079,1.8043,0.7037,1.9016,2.714
30.557256925,1.7349,0.7237,1.8916,2.667
30.559396848,1.6615,0.7457,1.8802,2.618
30.562036002,1.5832,0.7708,1.8765,2.573
30.564532541,1.5133,0.7997,1.8592,2.527
30.571041233,1.4407,0.8290,1.8389,2.479
30.571478387,1.3682,0.8566,1.8196,2.432
30.57171531,1.3000,0.8852,1.7954,2.387
30.588461541,1.2306,0.9171,1.7576,2.333
30.588866079,1.1576,0.9473,1.7025,2.266
30.588978387,1.0820,0.9734,1.6302,2.185
30.589052002,1.0029,0.9956,1.5413,2.091
30.589128925,0.9225,1.0132,1.4450,1.991
30.589199387,0.8399,1.0247,1.3344,1.880
30.589266695,0.7593,1.0398,1.2210,1.774
30.590849464,0.6782,1.0489,1.1020,1.666
30.592896541,0.5949,1.0564,0.9811,1.560
30.596239618,0.5197,1.0615,0.8638,1.464
30.598780541,0.4483,1.0624,0.7402,1.370
30.601119618,0.3853,1.0618,0.6383,1.297
30.60291931,0.3291,1.0596,0.5396,1.234
30.606755925,0.2841,1.0508,0.4526,1.179
30.607929233,0.2541,1.0328,0.3677,1.125
30.610814079,0.2360,1.0112,0.2892,1.078
30.612649771,0.2255,0.9817,0.2215,1.031
30.615368618,0.2228,0.9541,0.1648,0.993
30.617210464,0.2171,0.9241,0.1204,0.957
30.619653464,0.2208,0.8989,0.0847,0.929
30.622514695,0.2233,0.8693,0.0612,0.900
30.624524848,0.2262,0.8437,0.0456,0.875
30.627155618,0.2273,0.8197,0.0414,0.852
30.629732848,0.2269,0.7973,0.0432,0.830
30.631704618,0.2296,0.7816,0.0537,0.816
30.634055618,0.2318,0.7669,0.0744,0.805
30.636839002,0.2350,0.7523,0.1013,0.795
30.638994771,0.2345,0.7366,0.1341,0.785
30.641315002,0.2318,0.7207,0.1772,0.778
30.643758771,0.2301,0.7076,0.2254,0.777
30.646425464,0.2252,0.6953,0.2767,0.782
30.648749233,0.2211,0.6846,0.3344,0.793
30.651131387,0.2145,0.6714,0.3847,0.803
30.65361231,0.2077,0.6631,0.4353,0.820
30.66011931,0.1922,0.6516,0.4886,0.837
30.660562464,0.1725,0.6433,0.5366,0.855
30.660802156,0.1468,0.6450,0.5841,0.882
30.663905771,0.1123,0.6518,0.6221,0.908
30.679117156,0.0771,0.6585,0.6554,0.932
30.679591079,0.0417,0.6626,0.6838,0.953
30.679725233,0.0086,0.6692,0.7082,0.974
30.679821233,-0.0214,0.6724,0.7299,0.993
30.679891925,-0.0532,0.6804,0.7444,1.010
30.680150156,-0.0825,0.6895,0.7612,1.030
30.680423618,-0.1106,0.7021,0.7742,1.051
30.68345231,-0.1406,0.7179,0.7830,1.071
30.684652002,-0.1683,0.7357,0.7917,1.094
30.687629771,-0.1949,0.7542,0.7971,1.115
30.691003695,-0.2130,0.7669,0.7979,1.127
30.692702387,-0.2301,0.7813,0.7893,1.134
30.694389464,-0.2357,0.7948,0.7844,1.141
30.697624618,-0.2386,0.8002,0.7763,1.140
30.69929131,-0.2328,0.8023,0.7695,1.136
30.701529464,-0.2286,0.8158,0.7597,1.138
30.704261156,-0.2242,0.8276,0.7568,1.144
30.707346156,-0.2249,0.8456,0.7526,1.154
30.709343002,-0.2242,0.8688,0.7570,1.174
30.711159618,-0.2188,0.8950,0.7572,1.193
30.714352233,-0.2098,0.9231,0.7600,1.214
30.716083695,-0.1979,0.9527,0.7605,1.235
30.718479002,-0.1809,0.9812,0.7634,1.256
30.721180002,-0.1660,1.0119,0.7744,1.285
30.723520002,-0.1518,1.0373,0.7993,1.318
30.726578387,-0.1262,1.0633,0.8030,1.338
30.728239618,-0.0957,1.0897,0.8110,1.362
30.730912233,-0.0583,1.1170,0.8333,1.395
30.732881464,-0.0292,1.1439,0.8634,1.433
30.735498695,0.0019,1.1679,0.8944,1.471
30.737895002,0.0389,1.1874,0.9254,1.506
30.740235618,0.0789,1.2055,0.9659,1.547
30.742783925,0.1267,1.2089,1.0021,1.575
30.745522156,0.1793,1.2064,1.0404,1.603
30.749640541,0.2325,1.2033,1.0910,1.641
30.751212618,0.2930,1.1864,1.1469,1.676
30.752096541,0.3550,1.1684,1.2088,1.718
30.755192233,0.4158,1.1454,1.2764,1.765
30.757020925,0.4573,1.1288,1.3544,1.821
30.759440618,0.5006,1.1095,1.4289,1.877
30.762965464,0.5374,1.0792,1.5012,1.925
30.765498387,0.5714,1.0438,1.5733,1.973
30.767084233,0.5993,0.9986,1.6388,2.010
30.769601771,0.6252,0.9473,1.6964,2.041
30.780459925,0.6469,0.8930,1.7395,2.060
30.780810387,0.6564,0.8395,1.7742,2.070
30.780910079,0.6487,0.7941,1.8066,2.077
30.781018079,0.6198,0.7606,1.8294,2.076
30.781107387,0.5781,0.7337,1.8413,2.065
30.783541233,0.5187,0.7103,1.8406,2.040
30.785898695,0.4547,0.6963,1.8331,2.013
30.794258156,0.3833,0.6949,1.8157,1.982
30.794674464,0.3075,0.7021,1.8035,1.960
30.794781156,0.2325,0.7151,1.7868,1.939
30.795619387,0.1570,0.7303,1.7536,1.906
30.79884831,0.0862,0.7471,1.7211,1.878
30.800541848,0.0168,0.7708,1.6664,1.836
30.803028848,-0.0463,0.7899,1.6134,1.797
30.805414695,-0.0966,0.8009,1.5582,1.755
30.807657464,-0.1316,0.8085,1.4939,1.704
30.810080541,-0.1409,0.8097,1.4267,1.647
30.812941771,-0.1367,0.8153,1.3558,1.588
30.815537464,-0.1196,0.8293,1.2867,1.535
30.817291002,-0.0959,0.8607,1.2342,1.508
30.820438387,-0.0728,0.9084,1.1939,1.502
30.822513464,-0.0532,0.9721,1.1660,1.519
30.824871002,-0.0302,1.0345,1.1534,1.550
30.82700431,0.0009,1.0921,1.1478,1.584
30.82987531,0.0454,1.1283,1.1418,1.606
30.83210331,0.1083,1.1439,1.1171,1.603
30.834822387,0.1920,1.1283,1.0656,1.564
30.836662387,0.2907,1.0823,0.9962,1.499
30.83900731,0.3980,1.0156,0.8895,1.407
30.841391387,0.5077,0.9365,0.7561,1.306
30.843932541,0.6154,0.8651,0.6176,1.228
30.846448618,0.7034,0.8046,0.4719,1.168
30.849492925,0.7943,0.7471,0.3019,1.131
30.851538464,0.8819,0.7086,0.1495,1.141
30.854194156,0.9525,0.6839,0.0356,1.173
30.855962156,1.0223,0.6727,-0.0623,1.225
30.858330387,1.0691,0.6773,-0.1444,1.274
30.861281848,1.1178,0.6797,-0.1937,1.322
30.863321541,1.1723,0.6727,-0.2089,1.368
30.865625771,1.2255,0.6511,-0.1924,1.401
30.867968618,1.2751,0.6189,-0.1661,1.427
30.872425464,1.3228,0.5779,-0.1248,1.449
30.872837233,1.3699,0.5227,-0.0738,1.468
30.87540331,1.4050,0.4626,-0.0114,1.479
30.878522156,1.4388,0.4032,0.0551,1.495
30.886291925,1.4684,0.3501,0.1374,1.516
30.886850464,1.4730,0.3082,0.2240,1.521
30.886962695,1.4617,0.2844,0.3072,1.521
30.887213541,1.4329,0.2651,0.3871,1.508
30.889814771,1.3953,0.2500,0.4681,1.493
30.892054464,1.3442,0.2383,0.5431,1.469
30.894754387,1.2921,0.2192,0.6102,1.446
30.89804431,1.2336,0.1962,0.6713,1.418
30.899418079,1.1712,0.1701,0.7221,1.386
30.902058387,1.1111,0.1444,0.7681,1.358
30.904257156,1.0486,0.1174,0.8054,1.327
30.906488002,0.9848,0.0980,0.8418,1.299
30.908990464,0.9203,0.0804,0.8995,1.289
30.912123618,0.8514,0.0653,0.9535,1.280
30.913781156,0.7920,0.0492,1.0080,1.283
30.916324541,0.7346,0.0331,1.0688,1.297
30.918848618,0.6846,0.0161,1.1360,1.326
30.921264848,0.6352,0.0005,1.2081,1.365
30.925502387,0.5893,-0.0148,1.2801,1.409
30.926504618,0.5499,-0.0262,1.3488,1.457
30.928658079,0.5140,-0.0421,1.4148,1.506
30.931079695,0.4838,-0.0607,1.4756,1.554
30.933090156,0.4537,-0.0709,1.5166,1.585
30.935699925,0.4249,-0.0827,1.5474,1.607
30.938684848,0.3970,-0.0937,1.5643,1.617
30.940447387,0.3729,-0.1017,1.5633,1.610
30.94418831,0.3543,-0.1084,1.5494,1.593
30.945822771,0.3394,-0.1186,1.5274,1.569
30.947800233,0.3293,-0.1269,1.4968,1.538
30.950764848,0.3217,-0.1369,1.4595,1.501
30.95262431,0.3252,-0.1520,1.4184,1.463
30.955599695,0.3330,-0.1731,1.3720,1.422
30.957563618,0.3454,-0.1914,1.3176,1.375
30.960200233,0.3531,-0.2078,1.2657,1.330
30.964915387,0.3569,-0.2210,1.2122,1.283
30.965377156,0.3664,-0.2312,1.1602,1.238
30.967266156,0.3752,-0.2400,1.1035,1.190
30.969616848,0.3904,-0.2454,1.0437,1.141
30.98136831,0.4087,-0.2520,0.9808,1.092
30.981731079,0.4297,-0.2642,0.9093,1.040
30.982027925,0.4603,-0.2855,0.8331,0.994
30.982148925,0.4982,-0.3146,0.7739,0.973
30.982217541,0.5372,-0.3402,0.7241,0.964
30.983998156,0.5714,-0.3585,0.6661,0.948
30.993370464,0.6068,-0.3730,0.6132,0.940
30.993791387,0.6403,-0.3807,0.5662,0.936
30.993895387,0.6741,-0.3847,0.5233,0.936
30.994163002,0.7036,-0.3837,0.4807,0.935
30.99588831,0.7388,-0.3898,0.4201,0.935
30.998529541,0.7759,-0.3989,0.3495,0.940
31.001000233,0.8092,-0.4049,0.2782,0.947
31.004235002,0.8341,-0.4128,0.1976,0.951
31.005483002,0.8465,-0.4150,0.1189,0.950
31.008137464,0.8573,-0.4194,0.0397,0.955
31.010617233,0.8646,-0.4164,-0.0342,0.960
31.012812848,0.8602,-0.4128,-0.1034,0.960
31.016218387,0.8504,-0.4103,-0.1725,0.960
31.017913464,0.8409,-0.4071,-0.2338,0.963
31.020200618,0.8255,-0.4033,-0.2937,0.965
31.022373156,0.8092,-0.3947,-0.3510,0.966
31.024981464,0.7933,-0.3805,-0.4014,0.967
31.028441771,0.7750,-0.3595,-0.4468,0.964
31.029898695,0.7608,-0.3424,-0.4906,0.968
31.032191387,0.7564,-0.3258,-0.5231,0.976
31.03511131,0.7491,-0.3069,-0.5450,0.976
31.03730331,0.7393,-0.2859,-0.5688,0.976
31.039462156,0.7256,-0.2635,-0.5851,0.969
31.041802464,0.7109,-0.2371,-0.6091,0.966
31.045017233,0.6897,-0.2093,-0.6233,0.953
31.046483695,0.6726,-0.1834,-0.6345,0.943
31.049083002,0.6574,-0.1567,-0.6445,0.934
31.052491079,0.6415,-0.1366,-0.6543,0.926
31.054626079,0.6261,-0.1191,-0.6582,0.916
31.056498695,0.6100,-0.1081,-0.6545,0.901
31.058604618,0.5968,-0.0979,-0.6484,0.887
31.061198079,0.5876,-0.0981,-0.6296,0.867
31.064184925,0.5883,-0.0975,-0.6100,0.853
31.066170156,0.5970,-0.1028,-0.5709,0.832
31.068395079,0.6086,-0.1066,-0.5108,0.802
31.074207925,0.6301,-0.1159,-0.4339,0.774
31.074882387,0.6536,-0.1205,-0.3433,0.748
31.075788233,0.6834,-0.1296,-0.2469,0.738
31.09151531,0.7088,-0.1366,-0.1526,0.738
31.091941156,0.7207,-0.1371,-0.0508,0.735
31.092035618,0.7288,-0.1396,0.0551,0.744
31.092106079,0.7383,-0.1382,0.1678,0.770
31.092174387,0.7537,-0.1340,0.2787,0.815
31.092252541,0.7733,-0.1331,0.3918,0.877
31.10593931,0.8006,-0.1269,0.4935,0.949
31.106717156,0.8285,-0.1208,0.5827,1.020
31.106884618,0.8521,-0.1064,0.6730,1.091
31.10701631,0.8737,-0.0903,0.7558,1.159
31.107500925,0.8863,-0.0681,0.8313,1.217
31.108092541,0.8981,-0.0390,0.9024,1.274
31.108329233,0.9096,-0.0057,0.9694,1.329
31.109977464,0.9184,0.0259,1.0329,1.382
31.111953848,0.9279,0.0552,1.0901,1.433
31.114104618,0.9362,0.0851,1.1382,1.476
31.11648331,0.9424,0.1117,1.1858,1.519
31.118981464,0.9452,0.1310,1.2386,1.564
31.121306695,0.9513,0.1586,1.2962,1.616
31.123782771,0.9667,0.1774,1.3628,1.680
31.127208002,0.9872,0.1896,1.4429,1.759
31.128471387,1.0188,0.1926,1.5326,1.850
31.130983695,1.0559,0.1931,1.6239,1.947
31.13354331,1.0929,0.1964,1.7152,2.043
31.136049771,1.1190,0.2138,1.7935,2.125
31.138159925,1.1180,0.2397,1.8508,2.176
31.140650156,1.0857,0.2842,1.8827,2.192
31.143081848,1.0102,0.3487,1.8724,2.156
31.145407925,0.8991,0.4254,1.8077,2.063
31.147937541,0.7554,0.4994,1.6808,1.909
31.150710771,0.5974,0.5798,1.4949,1.711
31.152939925,0.4419,0.6618,1.2466,1.479
31.155379079,0.2734,0.7523,0.9501,1.242
31.158142387,0.1050,0.8563,0.6270,1.067
31.164746387,-0.0563,0.9665,0.2767,1.007
31.165327002,-0.1744,1.0613,-0.0862,1.079
31.165578387,-0.2501,1.1354,-0.4258,1.238
31.167249848,-0.2974,1.1887,-0.7300,1.426
31.181134156,-0.2960,1.2185,-1.0088,1.609
31.181577848,-0.2594,1.2334,-1.2582,1.781
31.181918464,-0.2117,1.2476,-1.4717,1.941
31.182019002,-0.1516,1.2683,-1.6186,2.062
31.182103695,-0.0938,1.2932,-1.7221,2.156
31.18235631,-0.0402,1.3145,-1.7666,2.202
31.18485231,0.0205,1.3242,-1.6943,2.150
31.192806771,0.0823,1.3303,-1.6994,2.160
31.193483079,0.1507,1.3076,-1.5951,2.068
31.193727387,0.2206,1.2668,-1.4635,1.948
31.193968618,0.2937,1.2223,-1.2878,1.800
31.196284848,0.3606,1.1840,-1.0813,1.644
31.198559618,0.4183,1.1500,-0.8402,1.484
31.202591925,0.4676,1.1309,-0.5783,1.354
31.203517233,0.5084,1.1060,-0.3100,1.256
31.205942079,0.5653,1.0624,-0.0398,1.204
31.208384541,0.6254,1.0159,0.2308,1.215
31.215323002,0.6970,0.9663,0.4971,1.291
31.215864541,0.7654,0.9157,0.7568,1.413
31.216104848,0.8278,0.8786,0.9969,1.566
31.218131925,0.8832,0.8493,1.2247,1.732
31.220048233,0.9433,0.8212,1.4301,1.900
31.222503695,1.0095,0.7941,1.6212,2.068
31.22500431,1.0725,0.7652,1.7971,2.228
31.227236233,1.1432,0.7371,1.9608,2.386
31.229810771,1.2213,0.7083,2.0700,2.506
31.232511002,1.2924,0.6802,2.1494,2.599
31.234916233,1.3696,0.6560,2.3368,2.787
31.237175002,1.4370,0.6392,2.3868,2.858
31.239802079,1.4922,0.6294,2.4367,2.926
31.242724925,1.5382,0.6255,2.4707,2.977
31.24414031,1.5724,0.6225,2.4675,2.991
31.246856848,1.5954,0.6267,2.4431,2.984
31.249212848,1.6039,0.6323,2.3957,2.952
31.251624541,1.5973,0.6404,2.3265,2.894
31.253929848,1.5773,0.6513,2.2324,2.810
31.256538464,1.5469,0.6702,2.1135,2.704
31.262242079,1.5038,0.6965,1.9764,2.579
31.262489233,1.4456,0.7244,1.8315,2.443
31.263747618,1.3767,0.7579,1.6877,2.306
31.266172541,1.3009,0.7924,1.5515,2.174
31.276272541,1.2238,0.8258,1.4252,2.052
31.277310464,1.1500,0.8588,1.2911,1.931
31.277721156,1.0791,0.8798,1.1453,1.803
31.277852002,1.0107,0.8998,1.0099,1.689
31.27796831,0.9443,0.9148,0.8902,1.588
31.280676002,0.8726,0.9289,0.7751,1.492
31.289019618,0.7989,0.9458,0.6815,1.413
31.289412925,0.7263,0.9576,0.5748,1.332
31.289518079,0.6533,0.9658,0.5044,1.270
31.289970079,0.5842,0.9724,0.4546,1.222
31.292583387,0.5133,0.9746,0.4197,1.179
31.296265848,0.4412,0.9749,0.3959,1.141
31.297589771,0.3755,0.9697,0.3896,1.110
31.300471618,0.3156,0.9621,0.3887,1.085
31.302164233,0.2587,0.9474,0.4045,1.062
31.30455531,0.2152,0.9299,0.4238,1.044
31.30719931,0.1842,0.9067,0.4548,1.031
31.30936731,0.1622,0.8786,0.4839,1.016
31.312137464,0.1510,0.8463,0.5137,1.001
31.314452002,0.1488,0.8202,0.5524,1.000
31.316985156,0.1493,0.7911,0.5927,1.000
31.319130695,0.1493,0.7674,0.6302,1.004
31.322605464,0.1554,0.7413,0.6694,1.011
31.323766771,0.1693,0.7168,0.7104,1.023
31.326171002,0.1852,0.6885,0.7463,1.032
31.328639925,0.2031,0.6572,0.7737,1.035
31.332958695,0.2199,0.6304,0.7915,1.036
31.335185771,0.2357,0.6084,0.8022,1.034
31.335828925,0.2448,0.5945,0.8152,1.038
31.338296233,0.2465,0.5852,0.8191,1.036
31.340973156,0.2453,0.5747,0.8120,1.025
31.342954695,0.2406,0.5639,0.7981,1.006
31.345472002,0.2355,0.5493,0.7793,0.982
31.348045771,0.2280,0.5356,0.7470,0.947
31.350612541,0.2152,0.5265,0.7097,0.910
31.352888925,0.1952,0.5243,0.6564,0.862
31.355357233,0.1732,0.5251,0.5955,0.813
31.357808618,0.1498,0.5311,0.5450,0.776
31.360127618,0.1248,0.5414,0.4888,0.740
31.362418079,0.0982,0.5500,0.4229,0.701
31.365959387,0.0771,0.5586,0.3693,0.674
31.369775618,0.0571,0.5625,0.3129,0.646
31.370440618,0.0405,0.5654,0.2692,0.628
31.372463925,0.0281,0.5715,0.2276,0.616
31.392151002,0.0088,0.5771,0.1849,0.606
31.39253231,-0.0085,0.5881,0.1499,0.607
31.392938156,-0.0356,0.5957,0.1155,0.608
31.39310431,-0.0644,0.6066,0.0871,0.616
31.393260618,-0.0947,0.6145,0.0651,0.625
31.39341531,-0.1275,0.6208,0.0468,0.635
31.393511079,-0.1514,0.6223,0.0397,0.642
31.393587387,-0.1729,0.6218,0.0365,0.646
31.393802387,-0.1954,0.6225,0.0419,0.654
31.396134156,-0.2122,0.6189,0.0637,0.657
31.402341464,-0.2281,0.6159,0.0998,0.664
31.402873848,-0.2454,0.6138,0.1467,0.677
31.403235695,-0.2576,0.6145,0.2017,0.696
31.405634464,-0.2689,0.6145,0.2680,0.722
31.408100848,-0.2772,0.6094,0.3366,0.749
31.410580541,-0.2826,0.6069,0.4138,0.787
31.413000618,-0.2867,0.6045,0.4939,0.832
31.416084541,-0.2916,0.6005,0.5743,0.881
31.417863618,-0.2962,0.5994,0.6535,0.935
31.42024331,-0.2974,0.5964,0.7253,0.985
31.422853541,-0.2931,0.5910,0.8003,1.037
31.425091079,-0.2904,0.5881,0.8802,1.098
31.427541464,-0.2873,0.5925,0.9508,1.157
31.430634079,-0.2689,0.5952,1.0074,1.201
31.432603387,-0.2394,0.5974,1.0598,1.240
31.435033156,-0.2039,0.6057,1.1218,1.291
31.437231925,-0.1597,0.6133,1.1873,1.346
31.439778771,-0.1113,0.6284,1.2589,1.411
31.442801771,-0.0626,0.6426,1.3295,1.478
31.444589464,-0.0004,0.6572,1.3976,1.544
31.447022156,0.0748,0.6672,1.4760,1.622
31.449622079,0.1561,0.6804,1.5628,1.712
31.451665156,0.2570,0.6812,1.6407,1.795
31.454343695,0.3680,0.6753,1.7180,1.882
31.45962831,0.4784,0.6675,1.7935,1.973
31.46185131,0.5883,0.6643,1.8564,2.058
31.462047925,0.6885,0.6646,1.9105,2.137
31.463624002,0.7728,0.6788,1.9437,2.199
31.466200541,0.8367,0.7010,1.9708,2.253
31.468475002,0.8602,0.7342,1.9915,2.290
31.470887387,0.8617,0.7804,1.9936,2.308
31.475465541,0.8262,0.8329,1.9673,2.291
31.475851002,0.7547,0.9013,1.9158,2.248
31.478113541,0.6616,0.9719,1.8306,2.176
31.480600233,0.5541,1.0435,1.7292,2.094
31.487984618,0.4476,1.1076,1.6090,2.004
31.488266771,0.3377,1.1661,1.4783,1.913
31.488373541,0.2369,1.2187,1.3476,1.832
31.500936002,0.1588,1.2560,1.2054,1.748
31.50156331,0.1004,1.2773,1.0647,1.666
31.501766771,0.0464,1.2812,0.9279,1.583
31.501924541,-0.0067,1.2756,0.8049,1.508
31.502429771,-0.0691,1.2714,0.6952,1.451
31.502700848,-0.1378,1.2727,0.5902,1.410
31.505091925,-0.2091,1.2876,0.5124,1.401
31.507404233,-0.2777,1.3161,0.4536,1.420
31.509751925,-0.3414,1.3545,0.4194,1.458
31.512321233,-0.3815,1.3919,0.4123,1.501
31.515351079,-0.4001,1.4251,0.4287,1.541
31.516740002,-0.3803,1.4388,0.4644,1.559
31.519230156,-0.3349,1.4230,0.5061,1.547
31.521768925,-0.2547,1.3809,0.5499,1.508
31.527273233,-0.1553,1.3112,0.6012,1.451
31.527862079,-0.0576,1.2278,0.6500,1.390
31.529057848,0.0420,1.1456,0.6931,1.340
31.532160002,0.1358,1.0611,0.7287,1.294
31.533713771,0.2171,0.9926,0.7617,1.270
31.536168002,0.2829,0.9323,0.7966,1.259
31.538837541,0.3491,0.8756,0.8387,1.262
31.540911618,0.4214,0.8327,0.8778,1.281
31.54356031,0.5040,0.7904,0.9198,1.313
31.546189233,0.5998,0.7459,0.9613,1.357
31.548607618,0.7056,0.7068,0.9911,1.407
31.550677464,0.8082,0.6626,1.0255,1.464
31.553369848,0.9108,0.6223,1.0365,1.514
31.555485771,1.0061,0.5854,1.0434,1.563
31.558519925,1.1106,0.5470,1.0565,1.628
31.560724925,1.2049,0.5143,1.0505,1.679
31.562763002,1.2909,0.4867,1.0260,1.719
31.568438771,1.3657,0.4650,0.9945,1.752
31.568972233,1.4197,0.4447,0.9571,1.769
31.570176002,1.4579,0.4312,0.9065,1.770
31.587145464,1.4756,0.4191,0.8504,1.754
31.587661848,1.4840,0.4070,0.7968,1.733
31.587827002,1.4749,0.3975,0.7490,1.701
31.587971925,1.4544,0.3883,0.7074,1.663
31.588115079,1.4256,0.3860,0.6740,1.623
31.588257464,1.3857,0.3809,0.6496,1.577
31.588702156,1.3428,0.3848,0.6375,1.535
31.588955618,1.2978,0.3876,0.6317,1.494
31.591459925,1.2541,0.3867,0.6312,1.456
31.59457531,1.2094,0.3856,0.6319,1.418
31.596745771,1.1693,0.3773,0.6324,1.382
31.59988831,1.1327,0.3709,0.6351,1.350
31.601129848,1.1065,0.3555,0.6356,1.325
31.604287002,1.0771,0.3396,0.6373,1.297
31.606275925,1.0520,0.3213,0.6375,1.271
31.609401541,1.0300,0.3003,0.6351,1.247
31.611498771,1.0149,0.2766,0.6317,1.227
31.613971618,0.9951,0.2527,0.6239,1.201
31.615727925,0.9814,0.2297,0.6156,1.181
31.618738771,0.9692,0.2053,0.6085,1.163
31.622740541,0.9564,0.1823,0.5951,1.141
31.623410464,0.9455,0.1603,0.5827,1.122
31.625720848,0.9331,0.1425,0.5694,1.102
31.627958156,0.9166,0.1246,0.5511,1.077
31.630866387,0.9052,0.1056,0.5340,1.056
31.632640541,0.8944,0.0899,0.5157,1.036
31.63503131,0.8905,0.0724,0.4949,1.021
31.637580925,0.8886,0.0518,0.4717,1.007
31.640299925,0.8898,0.0326,0.4495,0.997
31.642981464,0.8952,0.0124,0.4302,0.993
31.644847387,0.9045,-0.0060,0.4094,0.993
31.647202695,0.9147,-0.0248,0.3857,0.993
31.649480848,0.9225,-0.0424,0.3679,0.994
31.652177156,0.9347,-0.0616,0.3473,0.999
31.654621464,0.9431,-0.0734,0.3281,1.001
31.657250387,0.9492,-0.0837,0.3139,1.003
31.65935131,0.9513,-0.0975,0.2992,1.002
31.661839925,0.9562,-0.1081,0.2836,1.003
31.667537771,0.9592,-0.1203,0.2664,1.003
31.668100233,0.9611,-0.1340,0.2513,1.002
31.668923695,0.9616,-0.1436,0.2361,1.001
31.685882079,0.9613,-0.1523,0.2184,0.998
31.686444541,0.9543,-0.1643,0.2054,0.990
31.686668541,0.9460,-0.1702,0.1963,0.981
31.686818771,0.9289,-0.1790,0.1893,0.965
31.686916848,0.9086,-0.1875,0.1785,0.945
31.687013771,0.8859,-0.1963,0.1741,0.924
31.687108541,0.8612,-0.2056,0.1797,0.903
31.699558771,0.8358,-0.2165,0.1763,0.881
31.70016731,0.8072,-0.2291,0.1749,0.857
31.700366464,0.7808,-0.2359,0.1797,0.835
31.700896233,0.7571,-0.2473,0.1863,0.818
31.701115695,0.7354,-0.2517,0.1937,0.801
31.701299079,0.7119,-0.2559,0.1958,0.781
31.702634387,0.6895,-0.2596,0.1961,0.762
31.705276002,0.6716,-0.2669,0.1937,0.748
31.707243079,0.6480,-0.2703,0.1875,0.727
31.709690464,0.6266,-0.2730,0.1793,0.707
31.713109771,0.6122,-0.2710,0.1716,0.691
31.714581848,0.6015,-0.2747,0.1641,0.681
31.716988848,0.5947,-0.2862,0.1560,0.678
31.719670771,0.5935,-0.2911,0.1483,0.677
31.722374771,0.5870,-0.2952,0.1472,0.673
31.724194771,0.5834,-0.2977,0.1421,0.670
31.726667925,0.5842,-0.3006,0.1385,0.671
31.729941848,0.5809,-0.3004,0.1321,0.667
31.731543618,0.5858,-0.3004,0.1385,0.673
31.734508541,0.5854,-0.3023,0.1446,0.675
31.736416618,0.5930,-0.2999,0.1416,0.679
31.738735002,0.6035,-0.3011,0.1392,0.689
31.741847618,0.6179,-0.3038,0.1367,0.702
31.743919079,0.6301,-0.3045,0.1289,0.712
31.746373233,0.6457,-0.2996,0.1145,0.721
31.74845531,0.6564,-0.2980,0.0935,0.727
31.750856618,0.6669,-0.2911,0.0688,0.731
31.753474695,0.6787,-0.2835,0.0414,0.737
31.756632233,0.6878,-0.2757,0.0158,0.741
31.758383002,0.6965,-0.2640,-0.0114,0.745
31.760812233,0.7053,-0.2505,-0.0415,0.750
31.765560002,0.7163,-0.2384,-0.0671,0.758
31.766271002,0.7239,-0.2286,-0.0894,0.764
31.767614772,0.7288,-0.2109,-0.1106,0.767
31.782677848,0.7376,-0.1985,-0.1214,0.773
31.783010695,0.7549,-0.1897,-0.1502,0.793
31.783083002,0.7779,-0.1826,-0.1647,0.816
31.783150464,0.8104,-0.1765,-0.1624,0.845
31.783227618,0.8365,-0.1760,-0.1602,0.870
31.783295079,0.8641,-0.1750,-0.1409,0.893
31.785760618,0.8842,-0.1648,-0.1043,0.905
31.795297233,0.8956,-0.1536,-0.0594,0.911
31.796238387,0.9105,-0.1447,-0.0137,0.922
31.796358772,0.9318,-0.1391,0.0476,0.943
31.796465156,0.9536,-0.1403,0.1184,0.971
31.796634772,0.9718,-0.1389,0.1917,1.000
31.798824848,0.9870,-0.1352,0.2733,1.033
31.801555079,0.9997,-0.1284,0.3593,1.070
31.804895079,1.0070,-0.1233,0.4423,1.107
31.806150464,1.0100,-0.1161,0.5203,1.142
31.80859631,1.0109,-0.1056,0.6056,1.183
31.811567002,1.0083,-0.0839,0.7111,1.237
31.81399131,1.0125,-0.0712,0.8162,1.302
31.815879695,1.0286,-0.0637,0.9186,1.380
31.81917231,1.0517,-0.0609,1.0197,1.466
31.82076831,1.0747,-0.0570,1.1243,1.556
31.823235618,1.0901,-0.0429,1.2271,1.642
31.826425848,1.1020,-0.0253,1.3358,1.732
31.828812002,1.1082,-0.0013,1.4443,1.820
31.830456233,1.1038,0.0375,1.5420,1.897
31.832824848,1.0843,0.0839,1.6346,1.963
31.835441772,1.0496,0.1454,1.7260,2.025
31.837777156,1.0051,0.2265,1.8157,2.088
31.84026831,0.9513,0.3052,1.9004,2.147
31.842695618,0.8956,0.3885,1.9694,2.198
31.845220233,0.8299,0.4652,2.0104,2.224
31.847382695,0.7673,0.5402,2.0199,2.227
31.84978331,0.7016,0.6159,1.9952,2.203
31.852154464,0.6289,0.6930,1.9461,2.159
31.854708848,0.5521,0.7745,1.8638,2.092
31.857198079,0.4749,0.8630,1.7483,2.007
31.860195079,0.3980,0.9392,1.6073,1.904
31.866175079,0.3222,1.0164,1.4485,1.799
31.866859079,0.2465,1.0914,1.2865,1.705
31.867019925,0.1793,1.1503,1.1360,1.627
31.869035079,0.1272,1.2020,0.9456,1.535
31.881286772,0.0953,1.2378,0.7686,1.460
31.88164731,0.0782,1.2727,0.5902,1.405
31.88183931,0.0650,1.3089,0.4162,1.375
31.88195631,0.0577,1.3569,0.2499,1.381
31.882064618,0.0562,1.4124,0.1013,1.417
31.884091695,0.0618,1.4661,-0.0263,1.468
31.893901233,0.0874,1.5048,-0.1341,1.513
31.894264925,0.1267,1.5246,-0.2140,1.545
31.894378464,0.1791,1.5238,-0.2800,1.560
31.894807387,0.2455,1.4903,-0.3222,1.544
31.895284233,0.3142,1.4407,-0.3510,1.516
31.897920233,0.3792,1.3785,-0.3615,1.475
31.900931387,0.4437,1.3186,-0.3522,1.435
31.902802079,0.5080,1.2592,-0.3159,1.394
31.904968541,0.5681,1.2040,-0.2631,1.357
31.907549541,0.6257,1.1451,-0.1873,1.318
31.910269772,0.6846,1.0843,-0.1055,1.287
31.912409772,0.7488,1.0210,-0.0324,1.267
31.914822079,0.8050,0.9563,0.0434,1.251
31.917759925,0.8590,0.8940,0.1177,1.245
31.919773156,0.9000,0.8327,0.1851,1.240
31.922022464,0.9271,0.7850,0.2564,1.242
31.925382464,0.9428,0.7430,0.3324,1.246
31.928309464,0.9577,0.7081,0.4062,1.258
31.929264541,0.9601,0.6751,0.4881,1.271
31.931795002,0.9511,0.6499,0.5657,1.283
31.934767695,0.9352,0.6231,0.6415,1.294
31.936599387,0.9115,0.5959,0.7174,1.304
31.939434387,0.8876,0.5693,0.7881,1.316
31.941437464,0.8560,0.5409,0.8634,1.331
31.944187695,0.8229,0.5158,0.9352,1.348
31.946056925,0.7826,0.4913,1.0080,1.367
31.948490156,0.7386,0.4711,1.0810,1.391
31.951169464,0.6951,0.4552,1.1482,1.417
31.954504618,0.6525,0.4430,1.2181,1.451
31.956206387,0.6073,0.4312,1.2862,1.486
31.958425848,0.5625,0.4254,1.3449,1.519
31.961648233,0.5213,0.4254,1.4084,1.561
31.963346695,0.4826,0.4266,1.4641,1.599
31.96590431,0.4493,0.4291,1.5071,1.630
31.968030695,0.4214,0.4317,1.5491,1.662
31.973395925,0.3972,0.4364,1.5831,1.689
31.974048233,0.3806,0.4379,1.6109,1.712
31.975408925,0.3711,0.4361,1.6283,1.726
31.989521156,0.3628,0.4371,1.6425,1.738
31.98997531,0.3569,0.4315,1.6507,1.743
31.990074387,0.3555,0.4298,1.6481,1.740
31.990168541,0.3522,0.4266,1.6346,1.726
31.990254387,0.3484,0.4263,1.6156,1.707
31.990353233,0.3435,0.4261,1.5918,1.683
31.99288331,0.3377,0.4275,1.5584,1.651
32.003942156,0.3308,0.4298,1.5149,1.609
32.004969848,0.3256,0.4300,1.4665,1.563
32.00519931,0.3203,0.4305,1.4055,1.504
32.005402387,0.3119,0.4310,1.3390,1.441
32.005596925,0.3051,0.4288,1.2655,1.371
32.006414772,0.2883,0.4273,1.1953,1.302
32.00919131,0.2775,0.4247,1.1228,1.232
32.011426772,0.2643,0.4219,1.0468,1.159
32.013577848,0.2458,0.4251,0.9747,1.091
32.016333772,0.2362,0.4237,0.8983,1.021
32.018724541,0.2226,0.4230,0.8208,0.950
32.021416925,0.2094,0.4232,0.7563,0.892
32.023494695,0.1947,0.4259,0.6822,0.828
32.025762695,0.1803,0.4254,0.5990,0.756
32.028077233,0.1659,0.4284,0.5215,0.695
32.03077931,0.1544,0.4366,0.4590,0.652
32.034064848,0.1373,0.4466,0.3955,0.612
32.035655695,0.1253,0.4526,0.3288,0.573
32.03777131,0.1148,0.4573,0.2687,0.543
32.040277156,0.1111,0.4589,0.2107,0.517
32.04356331,0.1172,0.4601,0.1670,0.503
32.045266464,0.1270,0.4622,0.1345,0.498
32.047474387,0.1337,0.4703,0.1094,0.501
32.050077772,0.1419,0.4796,0.1010,0.510
32.052320541,0.1432,0.4924,0.1094,0.524
32.054661464,0.1478,0.5043,0.1260,0.540
32.057303002,0.1493,0.5165,0.1504,0.558
32.059909233,0.1488,0.5288,0.1790,0.578
32.06210831,0.1483,0.5412,0.2068,0.598
32.06434831,0.1468,0.5490,0.2374,0.616
32.067807079,0.1414,0.5551,0.2704,0.633
32.069989464,0.1295,0.5642,0.2970,0.651
32.071739695,0.1141,0.5749,0.3195,0.668
32.074129464,0.0955,0.5840,0.3381,0.681
32.080104618,0.0757,0.5961,0.3525,0.697
32.080719387,0.0528,0.6059,0.3642,0.709
32.081227695,0.0274,0.6171,0.3754,0.723
32.097216233,0.0032,0.6269,0.3835,0.735
32.097930464,-0.0160,0.6329,0.3931,0.745
32.098080925,-0.0430,0.6445,0.4141,0.767
32.098455695,-0.0728,0.6534,0.4383,0.790
32.098574772,-0.1047,0.6641,0.4732,0.822
32.098707387,-0.1320,0.6729,0.5105,0.855
32.098853156,-0.1607,0.6829,0.5487,0.891
32.108809233,-0.1834,0.6902,0.5872,0.925
32.109426695,-0.2056,0.6973,0.6261,0.959
32.11008031,-0.2193,0.7027,0.6715,0.996
32.110251079,-0.2320,0.7076,0.7101,1.029
32.110396848,-0.2374,0.7151,0.7423,1.058
32.112994387,-0.2361,0.7210,0.7725,1.083
32.115094464,-0.2254,0.7217,0.7947,1.097
32.117749233,-0.2088,0.7217,0.8113,1.106
32.119646695,-0.1832,0.7212,0.8301,1.115
32.122750464,-0.1541,0.7154,0.8520,1.123
32.124600541,-0.1196,0.7122,0.8734,1.133
32.127073156,-0.0791,0.7086,0.9017,1.150
32.129286695,-0.0381,0.7027,0.9352,1.170
32.131770772,0.0095,0.6986,0.9728,1.198
32.134529772,0.0652,0.6888,1.0146,1.228
32.136646772,0.1190,0.6844,1.0490,1.258
32.139155695,0.1737,0.6780,1.0732,1.281
32.142108848,0.2194,0.6790,1.1028,1.313
32.143795618,0.2534,0.6821,1.1429,1.355
32.146223695,0.2770,0.6832,1.1832,1.394
32.148867925,0.2934,0.6829,1.2256,1.433
32.151116233,0.3117,0.6832,1.2696,1.475
32.153448848,0.3322,0.6807,1.3146,1.517
32.156143387,0.3538,0.6732,1.3619,1.560
32.158893233,0.3704,0.6658,1.4069,1.600
32.160718156,0.3760,0.6592,1.4475,1.634
32.163357156,0.3843,0.6546,1.4809,1.664
32.165775695,0.3906,0.6445,1.5059,1.684
32.167991079,0.3999,0.6340,1.5277,1.702
32.170561848,0.4085,0.6152,1.5431,1.711
32.173146464,0.4212,0.6038,1.5531,1.719
32.179046079,0.4283,0.5905,1.5613,1.723
32.179674387,0.4342,0.5766,1.5652,1.724
32.181878464,0.4297,0.5700,1.5762,1.730
32.195819002,0.4119,0.5679,1.5862,1.734
32.196238387,0.3776,0.5847,1.5943,1.740
32.196388233,0.3244,0.6135,1.6073,1.751
32.196510079,0.2595,0.6583,1.6346,1.781
32.196631695,0.1864,0.7191,1.6720,1.830
32.19675131,0.1199,0.7740,1.7038,1.875
32.196896233,0.0743,0.8192,1.7365,1.921
32.199917464,0.0340,0.8486,1.7546,1.949
32.208280848,-0.0058,0.8710,1.7663,1.969
32.20953231,-0.0405,0.8852,1.7702,1.980
32.209787925,-0.0671,0.8917,1.7358,1.953
32.209987002,-0.0950,0.8991,1.7164,1.940
32.211500848,-0.1294,0.9010,1.6828,1.913
32.214423079,-0.1707,0.9067,1.6381,1.880
32.217386695,-0.2268,0.9304,1.5980,1.863
32.223261464,-0.2855,0.9709,1.5615,1.861
32.223796848,-0.3432,1.0177,1.5371,1.875
32.225219695,-0.3810,1.0682,1.5277,1.903
32.226171387,-0.3884,1.1058,1.5350,1.931
32.228366772,-0.3610,1.1305,1.5531,1.955
32.230749156,-0.3114,1.1358,1.5765,1.968
32.233203925,-0.2406,1.1205,1.6076,1.974
32.235371079,-0.1553,1.0818,1.6295,1.962
32.238042079,-0.0579,1.0277,1.6425,1.938
32.241175925,0.0430,0.9665,1.6327,1.898
32.243171387,0.1449,0.8964,1.5834,1.825
32.245391002,0.2404,0.8309,1.5119,1.742
32.247729233,0.3264,0.7806,1.4159,1.649
32.250135002,0.4190,0.7391,1.3014,1.554
32.252580002,0.5111,0.7056,1.1767,1.464
32.254913541,0.6171,0.6704,1.0368,1.380
32.258544848,0.7337,0.6296,0.8925,1.316
32.259569772,0.8661,0.5800,0.7509,1.285
32.262129464,0.9985,0.5383,0.6083,1.287
32.26452831,1.1283,0.5038,0.4656,1.320
32.266752618,1.2590,0.4767,0.3190,1.383
32.269280618,1.3738,0.4659,0.1890,1.463
32.272279925,1.4898,0.4547,0.0803,1.560
32.277087387,1.6002,0.4459,-0.0168,1.661
32.277935925,1.7034,0.4376,-0.1001,1.762
32.279009464,1.7964,0.4244,-0.1681,1.854
32.291149541,1.8719,0.4114,-0.2196,1.929
32.291469233,1.9286,0.3970,-0.2499,1.985
32.292365156,1.9633,0.3804,-0.2580,2.016
32.292576925,1.9721,0.3601,-0.2534,2.021
32.292733772,1.9518,0.3489,-0.2341,1.997
32.293272541,1.9108,0.3431,-0.2045,1.952
32.295766772,1.8543,0.3352,-0.1691,1.892
32.303677541,1.7884,0.3266,-0.1314,1.823
32.304046464,1.7087,0.3130,-0.0867,1.739
32.305058695,1.6279,0.2952,-0.0396,1.655
32.305882156,1.5441,0.2744,0.0023,1.568
32.30810331,1.4639,0.2409,0.0495,1.484
32.310044541,1.3811,0.2104,0.0913,1.400
32.312718464,1.3027,0.1864,0.1260,1.322
32.314935618,1.2191,0.1620,0.1697,1.241
32.317348541,1.1287,0.1491,0.2210,1.160
32.319803925,1.0405,0.1342,0.2787,1.086
32.322637541,0.9538,0.1249,0.3363,1.019
32.324611925,0.8709,0.1195,0.3901,0.962
32.32730431,0.7971,0.1088,0.4446,0.919
32.329918079,0.7275,0.0965,0.4910,0.883
32.332202156,0.6699,0.0782,0.5343,0.860
32.334138387,0.6110,0.0592,0.5787,0.844
32.337305848,0.5627,0.0375,0.6198,0.838
32.339595618,0.5192,0.0164,0.6435,0.827
32.341572618,0.4833,-0.0055,0.6615,0.819
32.344079695,0.4530,-0.0223,0.6757,0.814
32.346641464,0.4312,-0.0380,0.6911,0.815
32.348922695,0.4127,-0.0529,0.7036,0.817
32.351259387,0.3992,-0.0641,0.7243,0.829
32.354019925,0.3929,-0.0758,0.7423,0.843
32.357107002,0.3926,-0.0825,0.7621,0.861
32.358546079,0.3995,-0.0949,0.7863,0.887
32.360772925,0.4151,-0.1122,0.8077,0.915
32.364244618,0.4332,-0.1271,0.8243,0.940
32.365711079,0.4549,-0.1433,0.8343,0.961
32.369100541,0.4833,-0.1662,0.8311,0.976
32.370658464,0.5067,-0.1804,0.8231,0.983
32.376491079,0.5316,-0.1932,0.8082,0.986
32.377082695,0.5536,-0.1976,0.7873,0.983
32.377768925,0.5741,-0.2093,0.7661,0.980
32.380219079,0.5961,-0.2141,0.7383,0.973
32.390967387,0.6215,-0.2198,0.7074,0.967
32.391536541,0.6506,-0.2246,0.6730,0.963
32.391667387,0.6767,-0.2337,0.6403,0.960
32.391857541,0.7036,-0.2424,0.6053,0.959
32.392889464,0.7300,-0.2449,0.5706,0.958
32.394762156,0.7507,-0.2471,0.5318,0.953
32.397076618,0.7725,-0.2444,0.4912,0.948
32.40446031,0.7884,-0.2449,0.4490,0.940
32.405183079,0.7980,-0.2464,0.4038,0.928
32.405399618,0.8069,-0.2479,0.3512,0.914
32.406822079,0.8080,-0.2461,0.3016,0.897
32.408945772,0.8050,-0.2481,0.2501,0.879
32.412557156,0.7950,-0.2442,0.2063,0.857
32.414966156,0.7789,-0.2381,0.1607,0.830
32.416413848,0.7617,-0.2273,0.1241,0.805
32.41879631,0.7454,-0.2195,0.0928,0.783
32.421162079,0.7270,-0.2078,0.0632,0.759
32.423708848,0.7112,-0.1995,0.0397,0.740
32.427089156,0.6990,-0.1911,0.0127,0.725
32.428545464,0.6934,-0.1853,-0.0134,0.718
32.43130331,0.6860,-0.1809,-0.0403,0.711
32.433253848,0.6811,-0.1758,-0.0726,0.707
32.436245464,0.6780,-0.1721,-0.1013,0.707
32.438120233,0.6741,-0.1680,-0.1267,0.706
32.440713541,0.6662,-0.1601,-0.1486,0.701
32.442962156,0.6560,-0.1540,-0.1635,0.693
32.445332002,0.6443,-0.1436,-0.1740,0.683
32.448373848,0.6350,-0.1350,-0.1833,0.675
32.450249772,0.6279,-0.1333,-0.1871,0.669
32.45258731,0.6352,-0.1333,-0.1847,0.675
32.455762464,0.6464,-0.1318,-0.1812,0.684
32.45717231,0.6685,-0.1326,-0.1735,0.703
32.459950695,0.6892,-0.1326,-0.1627,0.720
32.462557848,0.7178,-0.1310,-0.1481,0.744
32.464962387,0.7491,-0.1357,-0.1341,0.773
32.468845848,0.7866,-0.1423,-0.1241,0.809
32.472258387,0.8287,-0.1531,-0.1148,0.850
32.472460618,0.8717,-0.1626,-0.1048,0.893
32.475725156,0.9154,-0.1753,-0.0980,0.937
32.476580618,0.9557,-0.1826,-0.0880,0.977
32.47895131,0.9853,-0.1878,-0.0708,1.006
32.492692925,1.0127,-0.1872,-0.0493,1.031
32.493295387,1.0381,-0.1878,-0.0232,1.055
32.493422464,1.0603,-0.1885,0.0031,1.077
32.493523387,1.0869,-0.1821,0.0302,1.103
32.49364731,1.1153,-0.1814,0.0684,1.132
32.493785848,1.1351,-0.1783,0.1157,1.155
32.496358695,1.1478,-0.1746,0.1660,1.173
32.506009848,1.1605,-0.1760,0.2152,1.193
32.506577848,1.1666,-0.1772,0.2648,1.209
32.506747079,1.1702,-0.1834,0.3134,1.225
32.506909541,1.1651,-0.1831,0.3561,1.232
32.508522156,1.1586,-0.1880,0.3955,1.239
32.510580233,1.1573,-0.1892,0.4326,1.250
32.513937464,1.1581,-0.1956,0.4678,1.264
32.515541464,1.1586,-0.1970,0.5081,1.280
32.517752541,1.1534,-0.1953,0.5582,1.296
32.520568848,1.1456,-0.1934,0.6121,1.313
32.522643695,1.1385,-0.1858,0.6640,1.331
32.524912848,1.1248,-0.1738,0.7125,1.343
32.527631925,1.1069,-0.1604,0.7516,1.348
32.531186079,1.0892,-0.1433,0.8077,1.364
32.532153233,1.0662,-0.1196,0.8604,1.375
32.534710079,1.0359,-0.0817,0.9032,1.377
32.537180233,0.9946,-0.0358,0.9528,1.378
32.540283695,0.9508,0.0193,1.0078,1.386
32.541781541,0.8998,0.0792,1.0725,1.402
32.544254464,0.8492,0.1317,1.1418,1.429
32.546683925,0.7994,0.1835,1.2039,1.457
32.548999387,0.7503,0.2329,1.2525,1.479
32.551762156,0.7007,0.2751,1.2794,1.484
32.554113156,0.6511,0.3171,1.2813,1.472
32.556550079,0.5995,0.3634,1.2489,1.432
32.558800002,0.5470,0.4195,1.1925,1.377
32.561795618,0.4908,0.4852,1.1201,1.316
32.566069772,0.4363,0.5598,1.0348,1.255
32.566621233,0.3948,0.6406,0.9412,1.205
32.568672233,0.3694,0.7098,0.8408,1.161
32.582912002,0.3601,0.7655,0.7585,1.136
32.583377541,0.3626,0.8146,0.6894,1.127
32.583531695,0.3823,0.8495,0.6134,1.115
32.583655925,0.4153,0.8764,0.5457,1.113
32.583780233,0.4593,0.8901,0.5017,1.120
32.583903618,0.4984,0.9045,0.4746,1.137
32.585299387,0.5304,0.9233,0.4705,1.164
32.595136618,0.5455,0.9499,0.4846,1.198
32.595637156,0.5470,0.9797,0.5117,1.233
32.595778079,0.5485,1.0010,0.5447,1.265
32.595900618,0.5462,1.0152,0.5867,1.294
32.597547387,0.5485,1.0122,0.6375,1.316
32.599852925,0.5576,0.9968,0.6698,1.324
32.602277772,0.5716,0.9741,0.6874,1.322
32.606147002,0.5959,0.9367,0.6906,1.307
32.606772002,0.6191,0.9023,0.6969,1.297
32.609307618,0.6406,0.8698,0.7150,1.295
32.61278731,0.6531,0.8417,0.7388,1.296
32.614326695,0.6582,0.8273,0.7758,1.311
32.616460002,0.6508,0.8229,0.8238,1.334
32.619152618,0.6508,0.8227,0.8775,1.368
32.621519618,0.6564,0.8258,0.9254,1.403
32.623845156,0.6694,0.8337,0.9803,1.451
32.626349848,0.6946,0.8374,1.0351,1.502
32.628712618,0.7366,0.8370,1.0808,1.553
32.631002156,0.7906,0.8363,1.1187,1.605
32.633420541,0.8585,0.8329,1.1521,1.661
32.636036925,0.9289,0.8332,1.1834,1.720
32.638555925,0.9916,0.8341,1.2114,1.774
32.640824848,1.0537,0.8388,1.2417,1.832
32.64355931,1.1090,0.8434,1.2718,1.886
32.645914387,1.1605,0.8388,1.3002,1.934
32.647862156,1.2045,0.8356,1.3297,1.979
32.650788848,1.2408,0.8278,1.3595,2.018
32.652999002,1.2618,0.8251,1.3905,2.051
32.655142464,1.2670,0.8209,1.4120,2.067
32.658540618,1.2604,0.8241,1.4329,2.079
32.660623925,1.2424,0.8300,1.4458,2.079
32.662554695,1.2189,0.8295,1.4536,2.070
32.664911618,1.1832,0.8276,1.4514,2.047
32.667420002,1.1439,0.8204,1.4441,2.017
32.669853464,1.0994,0.8185,1.4338,1.983
32.675002772,1.0501,0.8165,1.4182,1.944
32.67536831,0.9997,0.8160,1.3969,1.902
32.676966156,0.9467,0.8143,1.3766,1.859
32.691182695,0.8881,0.8151,1.3605,1.818
32.691859079,0.8329,0.8111,1.3358,1.771
32.692294079,0.7828,0.8058,1.3114,1.727
32.692677233,0.7346,0.7987,1.2862,1.683
32.692847925,0.6883,0.7904,1.2510,1.632
32.692988541,0.6445,0.7823,1.2176,1.584
32.693503925,0.6015,0.7780,1.1765,1.533
32.704769772,0.5621,0.7748,1.1262,1.478
32.705875618,0.5273,0.7736,1.0688,1.421
32.70606831,0.4918,0.7647,1.0065,1.356
32.706245233,0.4579,0.7594,0.9422,1.294
32.706406156,0.4258,0.7545,0.8802,1.235
32.708298464,0.3911,0.7491,0.8215,1.179
32.713311079,0.3567,0.7469,0.7683,1.129
32.713875002,0.3289,0.7373,0.7094,1.075
32.715819925,0.3019,0.7291,0.6540,1.025
32.718003002,0.2772,0.7237,0.6029,0.982
32.720442772,0.2509,0.7186,0.5589,0.944
32.722743695,0.2240,0.7163,0.5105,0.908
32.725432618,0.2010,0.7195,0.4695,0.882
32.728338387,0.1868,0.7174,0.4290,0.856
32.729906695,0.1730,0.7139,0.3950,0.834
32.732226156,0.1728,0.7012,0.3689,0.811
32.734911387,0.1730,0.6902,0.3481,0.792
32.737291925,0.1815,0.6746,0.3314,0.773
32.739583925,0.1930,0.6602,0.3188,0.758
32.741911925,0.2028,0.6450,0.3163,0.746
32.744614387,0.2184,0.6284,0.3188,0.738
32.746742464,0.2353,0.6191,0.3253,0.738
32.749258772,0.2492,0.6101,0.3337,0.739
32.751684541,0.2643,0.6010,0.3470,0.743
32.754032541,0.2765,0.5957,0.3686,0.753
32.756451002,0.2824,0.5908,0.3884,0.761
32.759123925,0.2870,0.5903,0.4008,0.769
32.761487695,0.2946,0.5842,0.4160,0.775
32.763620848,0.2951,0.5796,0.4297,0.780
32.766275925,0.2900,0.5739,0.4443,0.782
32.769638464,0.2756,0.5766,0.4514,0.782
32.771149233,0.2509,0.5808,0.4560,0.780
32.773375002,0.2220,0.5866,0.4580,0.777
32.775774079,0.1893,0.5922,0.4541,0.770
32.781804925,0.1570,0.5966,0.4463,0.761
32.782412925,0.1197,0.6005,0.4358,0.752
32.782985541,0.0787,0.6064,0.4226,0.743
32.800316233,0.0344,0.6133,0.4060,0.736
32.800784925,-0.0041,0.6194,0.3984,0.736
32.801114387,-0.0537,0.6306,0.4011,0.749
32.801334695,-0.0977,0.6418,0.4141,0.770
32.801457772,-0.1353,0.6516,0.4141,0.784
32.801523618,-0.1624,0.6562,0.4231,0.797
32.801594695,-0.1902,0.6614,0.4360,0.815
32.802870387,-0.2212,0.6727,0.4776,0.854
32.805167079,-0.2528,0.6812,0.4968,0.880
32.807711618,-0.2789,0.6961,0.5235,0.915
32.810762156,-0.2997,0.7105,0.5531,0.949
32.813012002,-0.3146,0.7240,0.5848,0.982
32.814652925,-0.3276,0.7391,0.6163,1.017
32.816561464,-0.3295,0.7506,0.6461,1.044
32.819376848,-0.3241,0.7599,0.6682,1.063
32.821344002,-0.3124,0.7684,0.6852,1.076
32.824339387,-0.2980,0.7808,0.6928,1.086
32.82778031,-0.2782,0.7862,0.6936,1.085
32.829784848,-0.2531,0.7965,0.6862,1.081
32.831262464,-0.2215,0.8039,0.6742,1.072
32.833793464,-0.1841,0.8136,0.6564,1.061
32.836276925,-0.1387,0.8178,0.6405,1.048
32.838426695,-0.0869,0.8207,0.6312,1.039
32.841027002,-0.0356,0.8219,0.6326,1.038
32.844090156,0.0130,0.8325,0.6432,1.052
32.845779079,0.0659,0.8490,0.6593,1.077
32.848314695,0.1183,0.8642,0.6803,1.106
32.850697464,0.1549,0.8801,0.6996,1.135
32.852965156,0.1893,0.9031,0.7278,1.175
32.855420848,0.2115,0.9318,0.7673,1.226
32.858000848,0.2274,0.9590,0.8003,1.270
32.860230387,0.2438,0.9839,0.8311,1.311
32.862683925,0.2651,0.9998,0.8634,1.347
32.865179002,0.2824,1.0119,0.8993,1.383
32.867539695,0.2988,1.0181,0.9528,1.426
32.870895618,0.3056,1.0233,1.0207,1.477
32.87258731,0.3049,1.0345,1.0901,1.533
32.874997848,0.3049,1.0440,1.1697,1.597
32.881216233,0.3088,1.0518,1.2579,1.669
32.881931387,0.3222,1.0587,1.3349,1.734
32.882218695,0.3415,1.0571,1.4233,1.806
32.898506464,0.3655,1.0564,1.5112,1.880
32.898972541,0.3894,1.0506,1.5997,1.953
32.899111925,0.4185,1.0487,1.6864,2.029
32.899234387,0.4417,1.0466,1.7672,2.101
32.899358156,0.4656,1.0487,1.8508,2.178
32.899489848,0.4769,1.0503,1.9212,2.241
32.899611079,0.4873,1.0538,1.9826,2.297
32.911577156,0.4903,1.0564,2.0318,2.342
32.912089848,0.4942,1.0564,2.0568,2.364
32.912264925,0.4903,1.0462,2.0588,2.361
32.912411695,0.4861,1.0305,2.0323,2.330
32.912558464,0.4784,1.0181,1.9752,2.273
32.913058772,0.4652,1.0039,1.8829,2.184
32.916134156,0.4549,0.9983,1.7827,2.093
32.918002695,0.4510,0.9858,1.6608,1.983
32.920294156,0.4566,0.9746,1.5249,1.866
32.923007387,0.4715,0.9580,1.3857,1.749
32.926649848,0.4873,0.9511,1.2469,1.642
32.927617772,0.5025,0.9527,1.0924,1.534
32.930158156,0.5243,0.9632,0.9319,1.439
32.932776233,0.5416,1.0024,0.7996,1.392
32.935345541,0.5555,1.0575,0.6686,1.369
32.937196925,0.5653,1.1246,0.5587,1.377
32.939770079,0.5821,1.1871,0.4607,1.400
32.942726079,0.6098,1.2278,0.3766,1.422
32.944663618,0.6389,1.2441,0.2897,1.428
32.94742031,0.6785,1.2326,0.2049,1.422
32.949625233,0.7181,1.1987,0.1162,1.402
32.955456848,0.7535,1.1528,0.0383,1.378
32.956104848,0.7774,1.0909,-0.0396,1.340
32.956883695,0.7877,1.0326,-0.1395,1.306
32.959977464,0.7913,0.9861,-0.2152,1.283
32.961378387,0.7764,0.9531,-0.2658,1.258
32.963917233,0.7461,0.9350,-0.2939,1.232
32.966388618,0.7080,0.9282,-0.3010,1.206
32.968771925,0.6697,0.9285,-0.2895,1.181
32.971064541,0.6274,0.9243,-0.2506,1.145
32.973591925,0.5914,0.9155,-0.1976,1.108
32.97940731,0.5714,0.8910,-0.1332,1.067
32.979981156,0.5588,0.8600,-0.0552,1.027
32.980830464,0.5592,0.8192,0.0309,0.992
32.983159002,0.5726,0.7715,0.1145,0.968
32.996724233,0.5979,0.7195,0.2035,0.957
32.997131618,0.6249,0.6680,0.2946,0.961
32.997266464,0.6557,0.6059,0.3894,0.974
32.997384002,0.6785,0.5530,0.4834,1.000
32.997504618,0.6963,0.5013,0.5818,1.037
32.99790331,0.7097,0.4547,0.6838,1.085
33.00916031,0.7200,0.4134,0.7893,1.146
33.009870695,0.7234,0.3699,0.8976,1.211
33.010018387,0.7170,0.3340,1.0046,1.279
33.010152002,0.7114,0.2959,1.1098,1.351
33.010281772,0.7063,0.2578,1.2075,1.423
33.012473848,0.7112,0.2113,1.2894,1.488
33.015149541,0.7217,0.1671,1.3537,1.543
33.017783002,0.7319,0.1237,1.4123,1.596
33.019239925,0.7486,0.0848,1.4595,1.642
33.021583002,0.7620,0.0452,1.4888,1.673
33.024145848,0.7826,0.0032,1.5019,1.694
33.026600618,0.8052,-0.0334,1.5081,1.710
33.028805848,0.8199,-0.0665,1.5073,1.717
33.031797233,0.8323,-0.0928,1.4991,1.717
33.034549772,0.8411,-0.1161,1.4788,1.705
33.036200925,0.8470,-0.1374,1.4583,1.692
33.038938772,0.8470,-0.1550,1.4280,1.668
33.041880925,0.8472,-0.1723,1.3891,1.636
33.043943695,0.8458,-0.1870,1.3397,1.595
33.046105772,0.8402,-0.1958,1.2843,1.547
33.048417464,0.8339,-0.2046,1.2195,1.491
33.050848925,0.8248,-0.2025,1.1546,1.433
33.053039002,0.8097,-0.2007,1.0822,1.366
33.055665156,0.7976,-0.2044,1.0080,1.302
33.058385464,0.7845,-0.2095,0.9315,1.236
33.060256002,0.7684,-0.2126,0.8562,1.170
33.062920618,0.7510,-0.2153,0.7823,1.106
33.065279387,0.7275,-0.2134,0.7157,1.043
33.06760831,0.7029,-0.2046,0.6503,0.979
33.070250695,0.6748,-0.1978,0.5853,0.915
33.072594079,0.6387,-0.1872,0.5205,0.845
33.079261464,0.6049,-0.1767,0.4616,0.781
33.079908002,0.5688,-0.1620,0.4043,0.716
33.080117464,0.5329,-0.1518,0.3507,0.656
33.097019002,0.4984,-0.1362,0.2985,0.597
33.097464618,0.4635,-0.1252,0.2518,0.542
33.097601772,0.4309,-0.1186,0.2088,0.493
33.097734156,0.3978,-0.1093,0.1719,0.447
33.097819695,0.3694,-0.1035,0.1374,0.407
33.097891618,0.3403,-0.0998,0.1101,0.371
33.097968002,0.3198,-0.0956,0.0926,0.346
33.109329772,0.3010,-0.0905,0.0896,0.327
33.11002831,0.2851,-0.0866,0.0935,0.312
33.110553233,0.2688,-0.0814,0.1047,0.300
33.110723002,0.2558,-0.0798,0.1211,0.294
33.111049541,0.2509,-0.0719,0.1413,0.297
33.111225849,0.2499,-0.0700,0.1716,0.311
33.114528002,0.2562,-0.0732,0.1983,0.332
33.116667695,0.2653,-0.0856,0.2164,0.353
33.118222772,0.2861,-0.1017,0.2264,0.379
33.120514772,0.3135,-0.1174,0.2254,0.404
33.123478464,0.3535,-0.1362,0.2076,0.432
33.125648002,0.3990,-0.1577,0.1760,0.464
33.127851695,0.4530,-0.1734,0.1333,0.503
33.13106431,0.5059,-0.1892,0.0962,0.549
33.13278331,0.5499,-0.1963,0.0544,0.586
33.135260925,0.5974,-0.2009,0.0048,0.630
33.137631925,0.6494,-0.2044,-0.0486,0.683
33.140931079,0.7032,-0.2070,-0.1043,0.740
33.142240233,0.7524,-0.2070,-0.1617,0.797
33.145130695,0.8028,-0.2102,-0.2118,0.856
33.147545541,0.8497,-0.2072,-0.2636,0.913
33.149897849,0.8991,-0.2000,-0.3179,0.974
33.152096233,0.9375,-0.1880,-0.3760,1.027
33.15496031,0.9718,-0.1713,-0.4434,1.082
33.156920541,1.0027,-0.1550,-0.5084,1.135
33.159151618,1.0251,-0.1350,-0.5719,1.182
33.161583618,1.0503,-0.1215,-0.6431,1.238
33.16956031,1.0679,-0.1054,-0.7055,1.284
33.170334464,1.0771,-0.0907,-0.7620,1.323
33.170628233,1.0789,-0.0663,-0.8136,1.353
33.17131231,1.0808,-0.0473,-0.8604,1.382
33.187713849,1.0796,-0.0223,-0.8974,1.404
33.188165772,1.0803,-0.0013,-0.9154,1.416
33.188252541,1.0777,0.0201,-0.9154,1.414
33.18831931,1.0671,0.0406,-0.8981,1.395
33.188636618,1.0440,0.0641,-0.8661,1.358
33.188782156,1.0154,0.0914,-0.8194,1.308
33.188867925,0.9867,0.1170,-0.7600,1.251
33.19984431,0.9641,0.1400,-0.6850,1.191
33.200774464,0.9464,0.1456,-0.6000,1.130
33.201085464,0.9359,0.1456,-0.5080,1.075
33.201379925,0.9313,0.1381,-0.4092,1.027
33.201708002,0.9287,0.1286,-0.3056,0.986
33.202686464,0.9310,0.1151,-0.2022,0.960
33.205079002,0.9350,0.1063,-0.0969,0.946
33.208581464,0.9382,0.0967,-0.0030,0.943
33.210120849,0.9508,0.0885,0.0933,0.959
33.212472541,0.9657,0.0748,0.1919,0.987
33.214857233,0.9802,0.0669,0.2689,1.019
33.217001541,1.0070,0.0545,0.3628,1.072
33.219756925,1.0396,0.0424,0.4516,1.134
33.222918464,1.0794,0.0252,0.5210,1.199
33.230331387,1.1202,0.0042,0.6323,1.286
33.231125233,1.1670,-0.0118,0.7250,1.374
33.23144331,1.1989,-0.0199,0.8084,1.446
33.232167387,1.2259,-0.0096,0.8981,1.520
33.233828849,1.2443,0.0164,0.9899,1.590
33.236357772,1.2501,0.0520,1.0822,1.654
33.238747387,1.2382,0.1112,1.1792,1.713
33.24103931,1.2184,0.1787,1.2857,1.780
33.243625849,1.1930,0.2497,1.3905,1.849
33.246369849,1.1661,0.3113,1.4841,1.913
33.248629156,1.1472,0.3690,1.5489,1.962
33.250608925,1.1367,0.4132,1.5804,1.990
33.253442772,1.1251,0.4428,1.5708,1.982
33.256300002,1.1009,0.4731,1.5212,1.936
33.25804031,1.0605,0.5114,1.4362,1.857
33.260677464,0.9997,0.5635,1.3321,1.758
33.263063387,0.9252,0.6385,1.2186,1.658
33.265454464,0.8558,0.7184,1.1050,1.571
33.267549541,0.7989,0.7943,1.0029,1.508
33.270419387,0.7486,0.8693,0.9193,1.470
33.272799079,0.7027,0.9382,0.8487,1.447
33.274856002,0.6750,0.9914,0.7695,1.425
33.277210464,0.6692,1.0328,0.6869,1.409
33.280578079,0.6799,1.0611,0.6024,1.397
33.285801464,0.6972,1.0902,0.5252,1.397
33.286165772,0.7132,1.1200,0.4612,1.406
33.287395618,0.7281,1.1537,0.3987,1.421
33.301442387,0.7395,1.1913,0.3574,1.447
33.301836002,0.7481,1.2353,0.3256,1.480
33.301930772,0.7577,1.2712,0.3134,1.513
33.302013233,0.7720,1.2944,0.3209,1.541
33.302099079,0.7969,1.2986,0.3288,1.559
33.302194772,0.8411,1.2849,0.3390,1.573
33.304419695,0.9005,1.2480,0.3447,1.577
33.313028233,0.9706,1.1982,0.3517,1.582
33.313710695,1.0501,1.1475,0.3647,1.598
33.313928233,1.1302,1.0939,0.3871,1.620
33.314062156,1.2077,1.0454,0.4324,1.655
33.315739079,1.2802,1.0049,0.4900,1.700
33.318395002,1.3428,0.9632,0.5536,1.743
33.320633849,1.4021,0.9204,0.6286,1.791
33.323188541,1.4566,0.8779,0.7190,1.846
33.325646695,1.5062,0.8412,0.8157,1.908
33.32844731,1.5375,0.8085,0.9112,1.962
33.330704541,1.5604,0.7865,0.9957,2.011
33.332884849,1.5643,0.7711,1.0647,2.043
33.335690156,1.5550,0.7631,1.1182,2.062
33.337824925,1.5294,0.7520,1.1548,2.059
33.339922156,1.4991,0.7425,1.1767,2.045
33.342322695,1.4612,0.7337,1.1800,2.016
33.344964925,1.4104,0.7281,1.1641,1.968
33.348503695,1.3545,0.7277,1.1614,1.927
33.349639002,1.2829,0.7320,1.1320,1.861
33.352173849,1.2040,0.7445,1.0859,1.784
33.355500541,1.1263,0.7635,1.0278,1.705
33.357392002,1.0596,0.7806,0.9645,1.632
33.359304541,1.0095,0.7955,0.8965,1.567
33.361779695,0.9650,0.8048,0.8247,1.503
33.364379079,0.9247,0.8119,0.7502,1.441
33.366505541,0.8873,0.8232,0.6764,1.387
33.369040541,0.8609,0.8363,0.6134,1.348
33.376719387,0.8358,0.8495,0.5513,1.313
33.377159695,0.8192,0.8635,0.4976,1.290
33.377325464,0.8050,0.8764,0.4448,1.270
33.379693233,0.7884,0.8922,0.3979,1.255
33.392669772,0.7657,0.9035,0.3612,1.238
33.393115618,0.7366,0.9157,0.3193,1.218
33.393779387,0.6918,0.9264,0.2772,1.189
33.393920002,0.6394,0.9362,0.2418,1.159
33.394033233,0.5839,0.9460,0.2056,1.131
33.394151618,0.5229,0.9467,0.1697,1.095
33.396808849,0.4688,0.9424,0.1397,1.062
33.405135079,0.4156,0.9311,0.1145,1.026
33.406074387,0.3652,0.9176,0.1067,0.993
33.406317541,0.3254,0.8974,0.1069,0.961
33.406520233,0.2883,0.8764,0.1196,0.930
33.407482772,0.2592,0.8607,0.1423,0.910
33.410827695,0.2421,0.8430,0.1958,0.899
33.413898772,0.2226,0.8227,0.2354,0.884
33.414722079,0.2147,0.8041,0.2731,0.876
33.417005233,0.2159,0.7816,0.3080,0.867
33.419773233,0.2171,0.7471,0.3466,0.852
33.422628618,0.2343,0.7181,0.3766,0.844
33.424388541,0.2453,0.6883,0.4018,0.834
33.426892541,0.2541,0.6599,0.4367,0.831
33.429604541,0.2592,0.6392,0.4721,0.836
33.431616233,0.2616,0.6240,0.5047,0.844
33.43440331,0.2651,0.6140,0.5313,0.854
33.436713772,0.2683,0.6086,0.5560,0.867
33.439075925,0.2732,0.5991,0.5765,0.875
33.44159131,0.2768,0.5881,0.5923,0.879
33.444272849,0.2797,0.5761,0.6048,0.881
33.447006772,0.2868,0.5670,0.6095,0.881
33.448596233,0.2912,0.5605,0.6004,0.871
33.451252849,0.2925,0.5573,0.5853,0.860
33.453389772,0.2895,0.5622,0.5611,0.845
33.455810772,0.2770,0.5698,0.5322,0.827
33.45820031,0.2646,0.5800,0.4998,0.810
33.461189541,0.2431,0.5891,0.4632,0.788
33.463643925,0.2204,0.6050,0.4275,0.773
33.465479925,0.1989,0.6208,0.3908,0.760
33.468119002,0.1791,0.6323,0.3517,0.745
33.474988541,0.1570,0.6418,0.3124,0.731
33.475603079,0.1316,0.6492,0.2836,0.721
33.47591531,0.1127,0.6621,0.2625,0.721
33.477824233,0.0906,0.6763,0.2469,0.726
33.492163925,0.0628,0.6919,0.2338,0.733
33.492534695,0.0401,0.7058,0.2273,0.743
33.492679079,0.0251,0.7149,0.2268,0.750
33.492805541,0.0151,0.7205,0.2276,0.756
33.492918464,0.0137,0.7268,0.2317,0.763
33.493004541,0.0127,0.7300,0.2447,0.770
33.494289464,0.0170,0.7286,0.2618,0.774
33.504154079,0.0249,0.7284,0.2880,0.784
33.504949772,0.0332,0.7305,0.3216,0.799
33.505169849,0.0437,0.7303,0.3498,0.811
33.505360002,0.0586,0.7291,0.3898,0.829
33.506467002,0.0664,0.7352,0.4248,0.852
33.509028002,0.0706,0.7408,0.4460,0.868
33.512602772,0.0738,0.7459,0.4629,0.881
33.513577849,0.0843,0.7471,0.4758,0.890
33.515922772,0.0860,0.7430,0.4846,0.891
33.519277849,0.0869,0.7373,0.4898,0.889
33.521308925,0.0757,0.7366,0.4949,0.891
33.52341531,0.0647,0.7373,0.4966,0.891
33.525882772,0.0535,0.7413,0.4988,0.895
33.528987618,0.0442,0.7486,0.5035,0.903
33.530692849,0.0396,0.7615,0.5286,0.928
33.532933464,0.0296,0.7748,0.5504,0.951
33.535584849,0.0230,0.7904,0.5758,0.978
33.538170695,0.0244,0.8036,0.6100,1.009
33.540277772,0.0337,0.8139,0.6549,1.045
33.543405849,0.0525,0.8207,0.7069,1.084
33.545351695,0.0731,0.8244,0.7690,1.130
33.547430464,0.0957,0.8321,0.8271,1.177
33.550024849,0.1153,0.8424,0.8846,1.227
33.552505772,0.1312,0.8514,0.9554,1.286
33.554641156,0.1486,0.8537,1.0381,1.352
33.557715002,0.1722,0.8559,1.1184,1.419
33.560109541,0.1961,0.8605,1.1888,1.481
33.562405772,0.2194,0.8619,1.2542,1.538
33.564281233,0.2411,0.8630,1.3087,1.586
33.566887695,0.2667,0.8642,1.3583,1.632
33.569365849,0.2897,0.8649,1.4003,1.671
33.574947695,0.3135,0.8691,1.4404,1.711
33.575510464,0.3354,0.8693,1.4734,1.743
33.577150464,0.3611,0.8668,1.4983,1.768
33.592588233,0.3902,0.8612,1.5168,1.787
33.593368618,0.4249,0.8551,1.5245,1.799
33.593524849,0.4628,0.8442,1.5266,1.805
33.593639925,0.4966,0.8325,1.5233,1.806
33.593764002,0.5346,0.8246,1.5054,1.798
33.593831925,0.5668,0.8224,1.4858,1.790
33.59391131,0.5902,0.8192,1.4660,1.780
33.595814695,0.6032,0.8207,1.4365,1.761
33.598405233,0.6012,0.8276,1.4022,1.736
33.600722464,0.5856,0.8419,1.3688,1.710
33.604319079,0.5585,0.8619,1.3234,1.675
33.605484233,0.5128,0.8905,1.2776,1.640
33.607977464,0.4519,0.9220,1.2271,1.600
33.612015695,0.3806,0.9570,1.1655,1.555
33.612728233,0.3119,0.9963,1.0910,1.510
33.614793156,0.2518,1.0286,1.0167,1.468
33.617773541,0.1986,1.0550,0.9440,1.430
33.619866695,0.1425,1.0716,0.8714,1.389
33.622183925,0.0836,1.0846,0.8033,1.352
33.625074156,0.0296,1.0897,0.7292,1.311
33.628031387,-0.0118,1.0885,0.6671,1.277
33.62939931,-0.0465,1.0897,0.6242,1.257
33.632016541,-0.0691,1.0829,0.6097,1.245
33.634916233,-0.0593,1.0843,0.5562,1.220
33.636710772,-0.0304,1.0862,0.5364,1.212
33.639870464,0.0137,1.0946,0.5587,1.229
33.641843002,0.0628,1.1168,0.6041,1.271
33.644228849,0.1111,1.1507,0.6762,1.339
33.646600541,0.1698,1.1806,0.7722,1.421
33.648702387,0.2273,1.2148,0.8714,1.512
33.651418464,0.2756,1.2331,0.9642,1.589
33.653588002,0.3220,1.2297,1.0344,1.639
33.655959079,0.3750,1.2067,1.1086,1.681
33.658937156,0.4268,1.1654,1.1636,1.701
33.660815002,0.4747,1.1209,1.1816,1.696
33.663204618,0.5180,1.0660,1.1860,1.677
33.665769464,0.5499,1.0144,1.1758,1.647
33.668189772,0.5683,0.9690,1.1494,1.607
33.670660925,0.5763,0.9231,1.1252,1.565
33.673098387,0.5863,0.8861,1.0952,1.526
33.675487079,0.6019,0.8488,1.0817,1.501
33.681147695,0.6317,0.8126,1.0465,1.468
33.681839618,0.6589,0.7826,1.0214,1.446
33.682737233,0.6811,0.7599,1.0013,1.430
33.698514079,0.7004,0.7393,0.9864,1.418
33.698806772,0.7170,0.7254,0.9740,1.410
33.69890431,0.7339,0.7105,0.9606,1.402
33.698995695,0.7547,0.6953,0.9571,1.403
33.699082387,0.7810,0.6814,0.9540,1.409
33.699167387,0.8118,0.6667,0.9535,1.419
33.699840618,0.8402,0.6502,0.9569,1.430
33.712046695,0.8702,0.6323,0.9689,1.448
33.712835002,0.8956,0.6084,0.9823,1.462
33.712995387,0.9176,0.5824,0.9972,1.475
33.71314731,0.9377,0.5524,1.0260,1.496
33.71327931,0.9599,0.5204,1.0651,1.525
33.714897464,0.9755,0.4899,1.1108,1.557
33.717087695,0.9939,0.4635,1.1590,1.596
33.71922031,1.0097,0.4349,1.2042,1.631
33.721261156,1.0165,0.4088,1.2486,1.661
33.723466464,1.0246,0.3760,1.2813,1.683
33.726654772,1.0224,0.3474,1.3058,1.694
33.72832731,1.0144,0.3166,1.3185,1.693
33.730778695,1.0056,0.2812,1.3141,1.678
33.733231002,0.9932,0.2465,1.3011,1.655
33.735844541,0.9680,0.2148,1.2838,1.622
33.738095387,0.9428,0.1859,1.2606,1.585
33.740600233,0.9054,0.1630,1.2291,1.535
33.744045772,0.8719,0.1419,1.1951,1.486
33.745207925,0.8383,0.1198,1.1509,1.429
33.747589233,0.8148,0.0972,1.1010,1.373
33.750305156,0.7906,0.0818,1.0549,1.321
33.752717233,0.7628,0.0672,1.0087,1.266
33.754762156,0.7383,0.0501,0.9601,1.212
33.75741531,0.7197,0.0350,0.9161,1.166
33.759917541,0.7068,0.0169,0.8746,1.125
33.762038156,0.6995,-0.0013,0.8380,1.092
33.764577464,0.7004,-0.0231,0.7952,1.060
33.768044925,0.7068,-0.0451,0.7561,1.036
33.769236541,0.7193,-0.0644,0.7216,1.021
33.771738079,0.7307,-0.0851,0.6877,1.007
33.77451231,0.7447,-0.1017,0.6540,0.996
33.776922079,0.7637,-0.1215,0.6207,0.992
33.778902772,0.7911,-0.1343,0.5883,0.995
33.781713156,0.8192,-0.1526,0.5462,0.996
33.784471695,0.8502,-0.1685,0.5108,1.006
33.78903131,0.8802,-0.1792,0.4714,1.014
33.789532002,0.9073,-0.1907,0.4262,1.020
33.791840618,0.9347,-0.2029,0.3808,1.029
33.805038772,0.9638,-0.2100,0.3381,1.043
33.805733849,0.9858,-0.2195,0.2878,1.050
33.805865156,1.0058,-0.2251,0.2406,1.058
33.805969233,1.0217,-0.2283,0.1905,1.064
33.806424618,1.0288,-0.2279,0.1404,1.063
33.806598695,1.0293,-0.2317,0.0940,1.059
33.807825156,1.0283,-0.2317,0.0430,1.055
33.817088541,1.0235,-0.2310,-0.0030,1.049
33.818200541,1.0161,-0.2298,-0.0501,1.043
33.818583925,1.0076,-0.2261,-0.0982,1.037
33.818851695,0.9948,-0.2195,-0.1476,1.029
33.819803925,0.9762,-0.2085,-0.1961,1.017
33.822171079,0.9567,-0.1985,-0.2472,1.008
33.824870387,0.9355,-0.1841,-0.2983,0.999
33.827359925,0.9086,-0.1682,-0.3515,0.989
33.829617233,0.8824,-0.1548,-0.3946,0.979
33.83218431,0.8605,-0.1513,-0.4346,0.976
33.834584002,0.8475,-0.1489,-0.4749,0.983
33.836835079,0.8292,-0.1420,-0.5118,0.985
33.839440233,0.8162,-0.1387,-0.5470,0.992
33.841738156,0.8057,-0.1289,-0.5768,0.999
33.84396331,0.7947,-0.1271,-0.5946,1.001
33.846458079,0.7826,-0.1149,-0.5998,0.993
33.848970079,0.7689,-0.1054,-0.6003,0.981
33.851415618,0.7586,-0.0951,-0.5951,0.969
33.853756233,0.7435,-0.0861,-0.5839,0.949
33.856236541,0.7327,-0.0802,-0.5721,0.933
33.858631079,0.7219,-0.0709,-0.5604,0.917
33.860933156,0.7168,-0.0646,-0.5480,0.905
33.86378431,0.7178,-0.0670,-0.5348,0.898
33.866027925,0.7217,-0.0717,-0.5231,0.894
33.868375695,0.7346,-0.0751,-0.5123,0.899
33.870730079,0.7479,-0.0842,-0.4971,0.902
33.873354772,0.7649,-0.0937,-0.4798,0.908
33.878443002,0.7808,-0.0981,-0.4619,0.913
33.879097156,0.7955,-0.1066,-0.4386,0.915
33.880350695,0.8126,-0.1169,-0.4119,0.918
33.894248849,0.8270,-0.1240,-0.3829,0.920
33.894879387,0.8439,-0.1318,-0.3462,0.922
33.895064002,0.8602,-0.1382,-0.3049,0.923
33.895219079,0.8656,-0.1433,-0.2676,0.917
33.895369772,0.8726,-0.1477,-0.2306,0.915
33.895462387,0.8739,-0.1506,-0.1896,0.907
33.897191925,0.8758,-0.1538,-0.1497,0.902
33.906962464,0.8693,-0.1538,-0.1094,0.890
33.908008541,0.8621,-0.1508,-0.0626,0.877
33.908846695,0.8602,-0.1443,-0.0168,0.872
33.909172618,0.8661,-0.1413,0.0358,0.878
33.910555618,0.8756,-0.1369,0.0837,0.890
33.911466464,0.8763,-0.1359,0.1326,0.897
33.914225233,0.8756,-0.1328,0.1849,0.905
33.917052541,0.8749,-0.1250,0.2410,0.916
33.918914079,0.8693,-0.1182,0.2983,0.927
33.921122387,0.8656,-0.1040,0.3547,0.941
33.923806772,0.8600,-0.0903,0.4087,0.956
33.926080002,0.8534,-0.0683,0.4565,0.970
33.928804618,0.8507,-0.0502,0.4954,0.986
33.931748002,0.8558,-0.0346,0.5333,1.009
33.933486387,0.8629,-0.0204,0.5645,1.031
33.936256618,0.8744,-0.0138,0.5965,1.059
33.938434156,0.8888,-0.0020,0.6279,1.088
33.941523925,0.9064,0.0103,0.6657,1.125
33.942854387,0.9335,0.0298,0.7024,1.169
33.945295387,0.9611,0.0504,0.7448,1.217
33.947779387,0.9839,0.0738,0.7932,1.266
33.950961464,1.0016,0.1078,0.8416,1.313
33.952695695,1.0056,0.1542,0.8827,1.347
33.955210387,0.9944,0.2087,0.9433,1.386
33.958270464,0.9638,0.2726,1.0146,1.426
33.959903925,0.9184,0.3450,1.0945,1.470
33.962249156,0.8621,0.4166,1.1804,1.520
33.964763695,0.7964,0.4826,1.2364,1.548
33.966906695,0.7293,0.5307,1.2655,1.554
33.969590772,0.6662,0.5674,1.2650,1.538
33.972232541,0.6005,0.5937,1.2317,1.493
33.978642079,0.5502,0.6147,1.1690,1.431
33.979131079,0.5096,0.6375,1.0840,1.357
33.979364002,0.4747,0.6741,0.9941,1.291
33.981561849,0.4381,0.7171,0.9053,1.235
33.993560849,0.4136,0.7631,0.8184,1.193
33.993897772,0.3972,0.8095,0.7436,1.169
33.993997541,0.4021,0.8449,0.6789,1.156
33.994097849,0.4209,0.8764,0.6286,1.158
33.994180002,0.4486,0.9003,0.5865,1.164
33.996856002,0.4838,0.9196,0.5629,1.182
33.999364849,0.5199,0.9421,0.5536,1.210
34.006702387,0.5565,0.9648,0.5520,1.243
34.007266695,0.5944,0.9814,0.5511,1.273
34.007451079,0.6345,0.9888,0.5550,1.299
34.008203387,0.6760,0.9895,0.5613,1.323
34.010572233,0.7185,0.9781,0.5802,1.345
34.01323631,0.7561,0.9504,0.5972,1.353
34.016747002,0.7911,0.9169,0.6144,1.358
34.017767925,0.8108,0.8842,0.6323,1.356
34.019988541,0.8258,0.8535,0.6481,1.353
34.022616849,0.8360,0.8321,0.6579,1.351
34.024897849,0.8434,0.8212,0.6713,1.355
34.027253849,0.8488,0.8175,0.6871,1.364
34.030071695,0.8488,0.8224,0.7073,1.377
34.032510156,0.8490,0.8321,0.7231,1.391
34.034616541,0.8558,0.8344,0.7390,1.405
34.03691531,0.8768,0.8312,0.7427,1.418
34.040249772,0.9101,0.8146,0.7468,1.432
34.041903387,0.9550,0.7911,0.7358,1.442
34.044284849,1.0070,0.7692,0.7346,1.465
34.047549541,1.0508,0.7479,0.7360,1.485
34.049237464,1.0884,0.7296,0.7436,1.507
34.051466695,1.1204,0.7112,0.7588,1.529
34.05418431,1.1507,0.6975,0.7859,1.558
34.056832541,1.1723,0.6856,0.8226,1.588
34.059001464,1.1849,0.6658,0.8562,1.606
34.061041156,1.1949,0.6497,0.8963,1.629
34.063685849,1.1959,0.6345,0.9420,1.649
34.066681541,1.1881,0.6159,0.9850,1.662
34.068843618,1.1771,0.6040,1.0341,1.679
34.071245156,1.1588,0.5893,1.0742,1.686
34.07750031,1.1358,0.5768,1.1062,1.687
34.078033541,1.1101,0.5614,1.1385,1.686
34.078691387,1.0799,0.5490,1.1636,1.680
34.080672849,1.0477,0.5402,1.1729,1.663
34.092735618,1.0127,0.5372,1.1746,1.641
34.093014695,0.9790,0.5341,1.1732,1.619
34.093130387,0.9375,0.5360,1.1655,1.589
34.09324331,0.8891,0.5365,1.1573,1.555
34.093344849,0.8372,0.5409,1.1409,1.515
34.09596831,0.7896,0.5432,1.1245,1.477
34.098179925,0.7400,0.5400,1.1177,1.445
34.106326156,0.6980,0.5400,1.1118,1.419
34.107009464,0.6518,0.5360,1.1082,1.393
34.107169464,0.6081,0.5344,1.1025,1.368
34.107308849,0.5656,0.5314,1.0991,1.345
34.109356541,0.5238,0.5332,1.0947,1.326
34.111943618,0.4869,0.5365,1.0930,1.311
34.114955925,0.4556,0.5404,1.0884,1.298
34.116464233,0.4268,0.5456,1.0810,1.284
34.119426464,0.4024,0.5502,1.0654,1.265
34.121440233,0.3836,0.5527,1.0519,1.249
34.123808541,0.3682,0.5507,1.0390,1.232
34.126439925,0.3589,0.5507,1.0226,1.216
34.128747695,0.3464,0.5434,1.0001,1.190
34.131219695,0.3377,0.5336,0.9731,1.160
34.133373849,0.3328,0.5258,0.9422,1.129
34.136359695,0.3261,0.5219,0.9073,1.096
34.139153464,0.3203,0.5204,0.8739,1.066
34.141208002,0.3115,0.5185,0.8364,1.032
34.143878156,0.3037,0.5180,0.7984,0.999
34.146168541,0.3073,0.5190,0.7612,0.971
34.147895079,0.3098,0.5155,0.7238,0.941
34.150362695,0.3144,0.5099,0.6913,0.915
34.152758695,0.3200,0.5104,0.6591,0.893
34.155530079,0.3293,0.5111,0.6151,0.865
34.157728233,0.3410,0.5134,0.5633,0.835
34.160000849,0.3564,0.5162,0.5133,0.811
34.162470695,0.3718,0.5243,0.4702,0.796
34.164873233,0.3848,0.5404,0.4285,0.790
34.167142387,0.3918,0.5605,0.3877,0.786
34.170210772,0.3958,0.5859,0.3544,0.791
34.176069849,0.3948,0.6108,0.3205,0.795
34.176623079,0.3953,0.6304,0.2890,0.798
34.176835618,0.3872,0.6438,0.2584,0.794
34.180440849,0.3743,0.6611,0.2320,0.794
34.192511695,0.3489,0.6795,0.2135,0.793
34.192904925,0.3156,0.6983,0.2019,0.792
34.193007002,0.2739,0.7203,0.2003,0.796
34.193073772,0.2306,0.7396,0.2105,0.803
34.193141541,0.1835,0.7599,0.2352,0.816
34.194059925,0.1358,0.7704,0.2599,0.824
34.197046695,0.0943,0.7755,0.2934,0.834
34.205010387,0.0603,0.7767,0.3358,0.848
34.205401772,0.0271,0.7743,0.3933,0.869
34.205535925,0.0002,0.7829,0.4568,0.906
34.20564431,-0.0300,0.7872,0.5306,0.950
34.208149156,-0.0574,0.7950,0.6158,1.007
34.210573772,-0.0889,0.8072,0.6945,1.069
34.213187925,-0.1171,0.8175,0.7756,1.133
34.215263002,-0.1360,0.8207,0.8469,1.187
34.21775531,-0.1409,0.8200,0.9202,1.241
34.220374156,-0.1353,0.8165,0.9880,1.289
34.222695618,-0.1252,0.8129,1.0437,1.329
34.225581156,-0.1064,0.8055,1.0935,1.362
34.228398387,-0.0800,0.7980,1.1357,1.390
34.230336618,-0.0456,0.7911,1.1723,1.415
34.236267618,-0.0055,0.7794,1.2051,1.435
34.236782156,0.0379,0.7684,1.2308,1.451
34.237330387,0.0882,0.7559,1.2515,1.465
34.239830079,0.1427,0.7435,1.2684,1.477
34.242372002,0.1917,0.7288,1.2865,1.491
34.244593541,0.2350,0.7132,1.3036,1.504
34.246833772,0.2736,0.6986,1.3148,1.514
34.249077464,0.3070,0.6893,1.3200,1.520
34.251622387,0.3415,0.6802,1.3226,1.526
34.25515931,0.3792,0.6704,1.3202,1.528
34.256262464,0.4144,0.6580,1.3127,1.526
34.259246464,0.4442,0.6546,1.3090,1.529
34.261529233,0.4532,0.6525,1.3107,1.533
34.263955079,0.4537,0.6543,1.3167,1.539
34.26595531,0.4434,0.6570,1.3158,1.536
34.268435695,0.4239,0.6614,1.3127,1.530
34.272617772,0.4027,0.6616,1.3092,1.521
34.273259925,0.3757,0.6678,1.3134,1.521
34.275547695,0.3391,0.6770,1.3260,1.527
34.278337849,0.3037,0.6907,1.3454,1.543
34.284073156,0.2678,0.7061,1.3673,1.562
34.284326464,0.2369,0.7268,1.3908,1.587
34.285140233,0.2062,0.7428,1.4229,1.618
34.297113849,0.1791,0.7669,1.4719,1.669
34.297466772,0.1563,0.7887,1.5261,1.725
34.297565464,0.1334,0.8167,1.5843,1.787
34.297682695,0.1099,0.8430,1.6486,1.855
34.297785233,0.0829,0.8764,1.7189,1.931
34.29996731,0.0535,0.9118,1.7800,2.001
34.302398079,0.0276,0.9443,1.8352,2.064
34.304893849,0.0012,0.9778,1.8762,2.116
34.30697231,-0.0256,1.0076,1.8985,2.149
34.309429233,-0.0500,1.0364,1.9178,2.180
34.312699079,-0.0845,1.0652,1.9105,2.189
34.314163002,-0.1245,1.0997,1.8944,2.194
34.316771925,-0.1641,1.1381,1.8667,2.192
34.319429233,-0.2042,1.1773,1.8220,2.179
34.321791925,-0.2330,1.2169,1.7406,2.137
34.323939079,-0.2633,1.2556,1.6593,2.097
34.326438695,-0.2792,1.2800,1.5308,2.015
34.329205772,-0.2760,1.2835,1.4001,1.919
34.331204002,-0.2574,1.2681,1.2513,1.800
34.333825156,-0.2117,1.2370,1.0920,1.664
34.336256233,-0.1487,1.2043,0.9352,1.532
34.338721233,-0.0681,1.1715,0.8084,1.425
34.341430464,0.0073,1.1470,0.7018,1.345
34.343256849,0.0838,1.1379,0.6081,1.293
34.345771387,0.1573,1.1327,0.5366,1.263
34.348060926,0.2257,1.1256,0.4851,1.246
34.350699618,0.2876,1.1102,0.4370,1.227
34.353760233,0.3435,1.0834,0.4026,1.206
34.355456849,0.3918,1.0462,0.3871,1.182
34.357827618,0.4321,1.0007,0.3947,1.159
34.360529233,0.4630,0.9416,0.4148,1.128
34.362736618,0.4882,0.8808,0.4470,1.102
34.364964849,0.5025,0.8236,0.4898,1.082
34.367549849,0.5155,0.7655,0.5492,1.074
34.369993464,0.5255,0.7147,0.6212,1.083
34.372123002,0.5346,0.6678,0.7031,1.107
34.374645464,0.5439,0.6264,0.7908,1.146
34.377161849,0.5548,0.5861,0.8878,1.200
34.381174772,0.5672,0.5461,0.9825,1.259
34.381731618,0.5802,0.5116,1.0728,1.323
34.384413464,0.6017,0.4818,1.1558,1.389
34.399988926,0.6261,0.4412,1.2264,1.446
34.400307387,0.6523,0.4065,1.2796,1.493
34.400409541,0.6657,0.3802,1.3458,1.549
34.400502156,0.6682,0.3604,1.3813,1.576
34.400598079,0.6799,0.3387,1.3962,1.589
34.400699926,0.6995,0.3122,1.4015,1.597
34.400967002,0.7298,0.2800,1.3940,1.598
34.412204233,0.7661,0.2395,1.3768,1.594
34.41292331,0.8057,0.1994,1.3470,1.582
34.413062079,0.8467,0.1515,1.3114,1.568
34.413198464,0.8873,0.1034,1.2643,1.548
34.41335531,0.9206,0.0577,1.2100,1.521
34.415790772,0.9525,0.0161,1.1580,1.499
34.420066695,0.9814,-0.0180,1.0996,1.474
34.421914772,1.0032,-0.0434,1.0368,1.443
34.422779695,1.0254,-0.0702,0.9691,1.413
34.425572541,1.0447,-0.0923,0.9102,1.389
34.427915079,1.0671,-0.1130,0.8569,1.373
34.430027695,1.0869,-0.1394,0.7888,1.350
34.433243079,1.1109,-0.1641,0.7218,1.335
34.435442464,1.1353,-0.1870,0.6715,1.332
34.438371926,1.1581,-0.2085,0.6281,1.334
34.439944926,1.1737,-0.2205,0.5867,1.331
34.442943926,1.1842,-0.2237,0.5562,1.327
34.445137772,1.1859,-0.2242,0.5325,1.319
34.446932618,1.1810,-0.2214,0.5191,1.309
34.449612849,1.1723,-0.2221,0.5112,1.298
34.451934156,1.1642,-0.2214,0.5030,1.287
34.454702695,1.1527,-0.2266,0.5054,1.279
34.456693156,1.1400,-0.2279,0.5145,1.271
34.459248541,1.1202,-0.2335,0.5301,1.261
34.462458464,1.0973,-0.2342,0.5455,1.248
34.463970695,1.0696,-0.2379,0.5631,1.232
34.466388849,1.0440,-0.2386,0.5816,1.219
34.46941631,1.0109,-0.2424,0.6048,1.203
34.471764849,0.9765,-0.2479,0.6244,1.185
34.473738387,0.9403,-0.2542,0.6422,1.167
34.476067926,0.9061,-0.2610,0.6584,1.150
34.478416618,0.8783,-0.2718,0.6598,1.132
34.48066831,0.8495,-0.2771,0.6584,1.110
34.483333464,0.8067,-0.2801,0.6726,1.087
34.489065464,0.7684,-0.2820,0.6657,1.055
34.489758079,0.7356,-0.2864,0.6593,1.029
34.490246772,0.7060,-0.2955,0.6428,0.999
34.492773156,0.6794,-0.3023,0.6151,0.965
34.505499926,0.6533,-0.3165,0.5848,0.932
34.505869541,0.6230,-0.3221,0.5569,0.896
34.505969156,0.5917,-0.3270,0.5313,0.860
34.506063079,0.5616,-0.3272,0.5086,0.825
34.506145464,0.5404,-0.3209,0.4866,0.795
34.507299926,0.5187,-0.3060,0.4511,0.752
34.517833772,0.5015,-0.2955,0.4052,0.709
34.518613541,0.4896,-0.2911,0.3605,0.674
34.518781849,0.4884,-0.2915,0.3124,0.649
34.518913849,0.4966,-0.2974,0.2723,0.640
34.519500618,0.5092,-0.2977,0.2389,0.636
34.521601772,0.5201,-0.3016,0.1949,0.632
34.524550464,0.5369,-0.2955,0.1607,0.634
34.527401849,0.5543,-0.2857,0.1350,0.638
34.528852618,0.5683,-0.2720,0.1155,0.641
34.531457233,0.5781,-0.2542,0.1018,0.640
34.534201464,0.5910,-0.2376,0.0874,0.643
34.536400233,0.6052,-0.2251,0.0784,0.650
34.538659695,0.6225,-0.2112,0.0663,0.661
34.541047079,0.6464,-0.1983,0.0566,0.679
34.543711926,0.6721,-0.1883,0.0470,0.700
34.546033233,0.7085,-0.1780,0.0388,0.732
34.548457464,0.7391,-0.1682,0.0260,0.758
34.550690079,0.7671,-0.1526,0.0070,0.782
34.553133464,0.7924,-0.1376,-0.0219,0.805
34.555594387,0.8055,-0.1254,-0.0520,0.817
34.558143695,0.8216,-0.1147,-0.0887,0.834
34.560358079,0.8374,-0.1086,-0.1263,0.854
34.562679387,0.8621,-0.1044,-0.1668,0.884
34.565715618,0.8952,-0.1024,-0.2138,0.926
34.567685541,0.9252,-0.0944,-0.2621,0.966
34.57022331,0.9508,-0.0830,-0.3144,1.005
34.572575387,0.9729,-0.0670,-0.3594,1.039
34.57527131,0.9934,-0.0511,-0.3987,1.072
34.577432618,1.0174,-0.0387,-0.4283,1.104
34.579808541,1.0425,-0.0331,-0.4535,1.137
34.582094464,1.0662,-0.0234,-0.4754,1.168
34.58775131,1.0867,-0.0150,-0.4837,1.190
34.589880926,1.1029,-0.0082,-0.4826,1.204
34.590645233,1.1158,-0.0045,-0.4644,1.209
34.593984618,1.1323,-0.0077,-0.4314,1.212
34.604492002,1.1500,-0.0153,-0.3913,1.215
34.605511002,1.1691,-0.0287,-0.3369,1.217
34.605880926,1.1800,-0.0448,-0.2690,1.211
34.606021464,1.1910,-0.0690,-0.1891,1.208
34.606148541,1.1993,-0.0795,-0.0862,1.205
34.60629131,1.1930,-0.0858,0.0136,1.196
34.608401233,1.1849,-0.0883,0.1169,1.194
34.61624431,1.1730,-0.0915,0.2296,1.199
34.616779079,1.1561,-0.0971,0.3581,1.214
34.616967387,1.1332,-0.1049,0.4854,1.237
34.618822387,1.1062,-0.1037,0.6021,1.264
34.620925233,1.0696,-0.1047,0.7121,1.289
34.622830695,1.0344,-0.1015,0.8257,1.327
34.625309541,1.0007,-0.0971,0.9368,1.374
34.627646695,0.9687,-0.0891,1.0517,1.433
34.630043695,0.9364,-0.0697,1.1655,1.497
34.632437772,0.9024,-0.0380,1.2755,1.563
34.634914695,0.8612,0.0186,1.3808,1.627
34.637352849,0.8136,0.1021,1.5014,1.711
34.639890772,0.7615,0.1994,1.6302,1.810
34.64281931,0.7107,0.2966,1.7465,1.909
34.644593772,0.6555,0.3883,1.8467,1.998
34.647216541,0.6052,0.4569,1.9014,2.047
34.649399926,0.5651,0.5016,1.9004,2.045
34.651816618,0.5462,0.5148,1.8467,1.993
34.654324926,0.5521,0.5114,1.7311,1.888
34.656720002,0.5729,0.4994,1.5701,1.744
34.659194464,0.5866,0.5041,1.3728,1.576
34.661520002,0.5900,0.5351,1.1646,1.411
34.663977849,0.5817,0.5937,0.9677,1.276
34.666319695,0.5651,0.6636,0.7770,1.168
34.668952926,0.5475,0.7403,0.6068,1.103
34.671115387,0.5248,0.8170,0.4504,1.070
34.673911387,0.5084,0.8922,0.3173,1.075
34.678310387,0.4959,0.9626,0.2035,1.102
34.678766772,0.4842,1.0340,0.1022,1.146
34.681045464,0.4640,1.1104,0.0034,1.203
34.691539079,0.4378,1.1884,-0.0967,1.270
34.691840541,0.4083,1.2695,-0.1896,1.347
34.691936541,0.3738,1.3428,-0.2760,1.421
34.692024618,0.3479,1.4065,-0.3462,1.490
34.692925464,0.3405,1.4524,-0.3885,1.542
34.695319618,0.3494,1.4815,-0.4053,1.575
34.697625541,0.3738,1.4855,-0.4048,1.584
34.703848002,0.4163,1.4735,-0.3745,1.576
34.70407531,0.4779,1.4412,-0.3249,1.553
34.705055618,0.5475,1.3990,-0.2614,1.525
34.708489233,0.6215,1.3487,-0.1774,1.496
34.709635926,0.6980,1.3022,-0.0836,1.480
34.71213231,0.7730,1.2602,0.0062,1.478
34.714659695,0.8544,1.2148,0.0822,1.487
34.717400926,0.9331,1.1764,0.1856,1.513
34.719344233,1.0014,1.1473,0.2958,1.551
34.721865541,1.0679,1.1209,0.4003,1.599
34.724301156,1.1351,1.0941,0.4927,1.652
34.72669931,1.1942,1.0738,0.5738,1.705
34.729059618,1.2485,1.0533,0.6430,1.755
34.732982464,1.3002,1.0174,0.6859,1.788
34.733857464,1.3505,0.9758,0.7290,1.819
34.736219695,1.3855,0.9360,0.7663,1.839
34.738882464,1.4092,0.8962,0.7908,1.848
34.741791002,1.4141,0.8591,0.8022,1.839
34.743511387,1.4109,0.8227,0.8077,1.822
34.745797772,1.3953,0.7843,0.8126,1.795
34.748407695,1.3657,0.7498,0.8189,1.760
34.750814156,1.3279,0.7203,0.8245,1.721
34.753476541,1.2800,0.6856,0.8364,1.676
34.755509156,1.2228,0.6525,0.8555,1.629
34.757893849,1.1565,0.6194,0.8932,1.587
34.762190772,1.0904,0.5866,0.9276,1.547
34.763009849,1.0193,0.5556,0.9728,1.515
34.765059387,0.9457,0.5304,1.0231,1.491
34.767578079,0.8705,0.5111,1.0781,1.477
34.77004431,0.7928,0.4957,1.1411,1.475
34.77276731,0.7114,0.4808,1.2037,1.479
34.776850695,0.6310,0.4694,1.2692,1.493
34.778256618,0.5595,0.4615,1.3412,1.525
34.780447695,0.4947,0.4577,1.4236,1.575
34.782428926,0.4390,0.4547,1.5035,1.631
34.791201464,0.3916,0.4486,1.5757,1.684
34.791544233,0.3535,0.4435,1.6332,1.729
34.791702695,0.3286,0.4373,1.6882,1.775
34.791840233,0.3203,0.4235,1.7399,1.819
34.795076002,0.3196,0.4125,1.7822,1.857
34.796649849,0.3244,0.4019,1.8089,1.881
34.803758156,0.3310,0.3941,1.8152,1.887
34.804100233,0.3428,0.3846,1.8052,1.877
34.804539387,0.3545,0.3763,1.7817,1.855
34.806828926,0.3640,0.3648,1.7443,1.819
34.808673849,0.3750,0.3516,1.6869,1.764
34.811036849,0.3757,0.3413,1.6158,1.694
34.814125233,0.3757,0.3323,1.5386,1.618
34.821357849,0.3689,0.3250,1.4536,1.534
34.821813772,0.3657,0.3191,1.3720,1.455
34.821909156,0.3638,0.3157,1.2892,1.376
34.823120849,0.3640,0.3091,1.2032,1.294
34.825915079,0.3694,0.3054,1.1187,1.217
34.828293233,0.3806,0.3035,1.0412,1.149
34.830632002,0.3938,0.3054,0.9628,1.084
34.832715926,0.4034,0.3077,0.8811,1.017
34.837418464,0.4063,0.3164,0.7961,0.948
34.837624002,0.4014,0.3259,0.7055,0.875
34.840295618,0.3911,0.3343,0.6230,0.808
34.842340849,0.3767,0.3436,0.5459,0.747
34.845066464,0.3584,0.3489,0.4709,0.687
34.84782831,0.3340,0.3553,0.4015,0.632
34.849620618,0.3119,0.3599,0.3424,0.587
34.852003079,0.2886,0.3675,0.2848,0.547
34.854380541,0.2621,0.3697,0.2317,0.509
34.856828618,0.2304,0.3755,0.1905,0.480
34.859895926,0.1996,0.3811,0.1555,0.457
34.861563002,0.1703,0.3867,0.1260,0.441
34.864117772,0.1437,0.3932,0.1008,0.431
34.866590464,0.1192,0.4009,0.0840,0.427
34.868886772,0.0931,0.4065,0.0761,0.424
34.871183387,0.0703,0.4146,0.0700,0.426
34.875733541,0.0452,0.4226,0.0722,0.431
34.876699926,0.0207,0.4286,0.0803,0.437
34.878632618,-0.0055,0.4364,0.0930,0.446
34.881432002,-0.0316,0.4464,0.1069,0.460
34.890207002,-0.0586,0.4552,0.1267,0.476
34.890824541,-0.0891,0.4664,0.1462,0.497
34.890990156,-0.1218,0.4792,0.1653,0.521
34.891068618,-0.1562,0.4904,0.1807,0.545
34.892932233,-0.1837,0.4987,0.1981,0.567
34.895390772,-0.2061,0.5048,0.2196,0.588
34.903172002,-0.2293,0.5148,0.2413,0.613
34.903638156,-0.2526,0.5248,0.2692,0.642
34.904022079,-0.2797,0.5390,0.3075,0.681
34.906485849,-0.2950,0.5495,0.3136,0.698
34.907650772,-0.3007,0.5558,0.3246,0.710
34.910679002,-0.2958,0.5588,0.3373,0.717
34.912321541,-0.2850,0.5607,0.3442,0.717
34.914979079,-0.2655,0.5654,0.3432,0.713
34.917019618,-0.2459,0.5707,0.3439,0.710
34.919558695,-0.2161,0.5715,0.3491,0.704
34.923049464,-0.1765,0.5730,0.3637,0.701
34.924351002,-0.1243,0.5724,0.3857,0.701
34.927894156,-0.0696,0.5744,0.4192,0.714
34.929262079,-0.0139,0.5786,0.4612,0.740
34.931928926,0.0422,0.5868,0.5071,0.777
34.934157541,0.0918,0.5903,0.5518,0.813
34.936466772,0.1407,0.6005,0.5988,0.860
34.938915695,0.1791,0.6075,0.6568,0.912
34.941290387,0.2180,0.6201,0.7248,0.978
34.943584541,0.2460,0.6333,0.7930,1.044
34.946900849,0.2704,0.6502,0.8611,1.112
34.94847631,0.2905,0.6699,0.9315,1.184
34.950872002,0.2974,0.6932,1.0134,1.263
34.953416618,0.2824,0.7224,1.0905,1.338
34.956630156,0.2567,0.7559,1.1729,1.419
34.958272849,0.2306,0.7867,1.2613,1.504
34.960610079,0.1945,0.8227,1.3558,1.598
34.963220233,0.1639,0.8519,1.4406,1.682
34.96554831,0.1346,0.8779,1.5110,1.753
34.968129849,0.1146,0.8942,1.5782,1.818
34.970335618,0.0967,0.9020,1.6363,1.871
34.973274079,0.0838,0.9047,1.6891,1.918
34.974947079,0.0752,0.9071,1.7262,1.952
34.977413233,0.0715,0.9069,1.7600,1.981
34.979960002,0.0708,0.9131,1.7849,2.006
34.982427079,0.0708,0.9231,1.8108,2.034
34.984887618,0.0799,0.9426,1.8406,2.069
34.987833233,0.0941,0.9680,1.8806,2.117
34.995705464,0.1099,1.0022,1.9283,2.176
34.996247387,0.1256,1.0396,1.9647,2.226
34.996356541,0.1542,1.0767,2.0109,2.286
35.007558387,0.1849,1.1034,2.0490,2.335
35.007929541,0.2292,1.1205,2.0726,2.367
35.008054464,0.2870,1.1232,2.1008,2.399
35.008157849,0.3559,1.1100,2.1120,2.412
35.008414695,0.4317,1.0924,2.1113,2.416
35.008844002,0.5167,1.0687,2.0873,2.401
35.011181464,0.6103,1.0315,2.0492,2.374
35.01410731,0.7058,0.9968,1.9948,2.339
35.016024541,0.7887,0.9648,1.9251,2.293
35.018433233,0.8524,0.9441,1.8359,2.234
35.021015387,0.8963,0.9369,1.7360,2.167
35.023415926,0.9117,0.9497,1.6319,2.097
35.025743695,0.9137,0.9768,1.5210,2.025
35.02825931,0.9010,1.0159,1.4045,1.954
35.030881233,0.8802,1.0515,1.2848,1.879
35.032939002,0.8593,1.0792,1.1631,1.804
35.035314695,0.8378,1.0970,1.0402,1.728
35.038275926,0.8101,1.1027,0.9151,1.646
35.040329849,0.7859,1.0955,0.7891,1.562
35.042552926,0.7593,1.0862,0.6671,1.484
35.045240618,0.7281,1.0741,0.5384,1.405
35.047693772,0.6992,1.0601,0.4141,1.336
35.050843079,0.6672,1.0391,0.2995,1.271
35.052411387,0.6408,1.0166,0.2076,1.220
35.055589233,0.6168,0.9888,0.1269,1.172
35.057046772,0.5907,0.9668,0.0610,1.135
35.059679387,0.5644,0.9483,0.0143,1.104
35.06212831,0.5323,0.9369,-0.0100,1.078
35.064771695,0.4971,0.9272,-0.0230,1.052
35.067039002,0.4664,0.9213,-0.0222,1.033
35.069249464,0.4470,0.9111,0.0002,1.015
35.071714464,0.4451,0.8947,0.0351,1.000
35.073952926,0.4581,0.8686,0.0791,0.985
35.07648331,0.4894,0.8361,0.1406,0.979
35.078962079,0.5325,0.7960,0.2173,0.982
35.084658079,0.5807,0.7587,0.2992,1.001
35.085522387,0.6289,0.7247,0.3813,1.033
35.087179002,0.6718,0.6905,0.4575,1.067
35.104895387,0.7116,0.6555,0.5286,1.102
35.105725772,0.7479,0.6182,0.5944,1.138
35.105871079,0.7722,0.5779,0.6500,1.163
35.105969541,0.7901,0.5353,0.6984,1.183
35.106063618,0.8008,0.4941,0.7383,1.196
35.106141156,0.8113,0.4584,0.7632,1.204
35.106211618,0.8162,0.4207,0.7893,1.211
35.106281772,0.8231,0.3877,0.8206,1.225
35.107799002,0.8231,0.3562,0.8426,1.231
35.110442464,0.8229,0.3277,0.8631,1.237
35.112871079,0.8229,0.3052,0.8832,1.245
35.115426387,0.8201,0.2842,0.9012,1.251
35.11748031,0.8141,0.2642,0.9283,1.263
35.119651926,0.8031,0.2465,0.9473,1.266
35.122961464,0.7947,0.2216,0.9522,1.260
35.12624431,0.7875,0.2011,0.9589,1.257
35.127067002,0.7771,0.1762,0.9645,1.251
35.12961931,0.7654,0.1512,0.9638,1.240
35.133386079,0.7573,0.1268,0.9589,1.228
35.134029233,0.7459,0.1044,0.9491,1.212
35.136752541,0.7403,0.0836,0.9400,1.199
35.139281156,0.7379,0.0665,0.9319,1.191
35.142268541,0.7332,0.0492,0.9247,1.181
35.143733156,0.7358,0.0331,0.9127,1.173
35.147473541,0.7379,0.0115,0.9007,1.164
35.148519079,0.7488,-0.0069,0.8878,1.161
35.150941541,0.7581,-0.0329,0.8739,1.157
35.154306695,0.7696,-0.0556,0.8553,1.152
35.155893233,0.7859,-0.0810,0.8301,1.146
35.158210387,0.8008,-0.1066,0.7984,1.136
35.160638772,0.8141,-0.1366,0.7668,1.127
35.163137772,0.8255,-0.1653,0.7331,1.116
35.16647131,0.8370,-0.1887,0.6999,1.107
35.167909233,0.8434,-0.2065,0.6661,1.094
35.170535387,0.8495,-0.2212,0.6424,1.088
35.172802772,0.8558,-0.2376,0.6134,1.079
35.175252849,0.8605,-0.2491,0.5816,1.068
35.177727695,0.8690,-0.2608,0.5567,1.064
35.180286079,0.8721,-0.2682,0.5350,1.058
35.182354079,0.8686,-0.2733,0.5042,1.041
35.184755695,0.8602,-0.2771,0.4651,1.016
35.188101464,0.8495,-0.2808,0.4334,0.994
35.189994387,0.8327,-0.2845,0.4018,0.967
35.192429233,0.8069,-0.2874,0.3624,0.930
35.194418464,0.7745,-0.2864,0.3185,0.885
35.198855926,0.7403,-0.2876,0.2745,0.840
35.199369464,0.7029,-0.2831,0.2286,0.791
35.201770079,0.6623,-0.2796,0.1778,0.741
35.210611387,0.6230,-0.2747,0.1289,0.693
35.211011079,0.5846,-0.2652,0.0869,0.648
35.211307387,0.5453,-0.2564,0.0537,0.605
35.211462387,0.5118,-0.2481,0.0173,0.569
35.21374031,0.4894,-0.2400,-0.0310,0.546
35.216106387,0.4666,-0.2349,-0.0764,0.528
35.218524849,0.4503,-0.2349,-0.1199,0.522
35.220927618,0.4356,-0.2283,-0.1593,0.517
35.223440849,0.4209,-0.2168,-0.1971,0.513
35.225666464,0.4029,-0.2019,-0.2299,0.506
35.228082387,0.3897,-0.1909,-0.2604,0.506
35.230603002,0.3776,-0.1811,-0.2834,0.506
35.232965541,0.3733,-0.1758,-0.2998,0.510
35.235685464,0.3655,-0.1687,-0.3122,0.509
35.241499618,0.3645,-0.1606,-0.3205,0.511
35.242147387,0.3599,-0.1501,-0.3225,0.506
35.242692541,0.3587,-0.1387,-0.3166,0.498
35.245067387,0.3633,-0.1252,-0.3093,0.493
35.247621849,0.3694,-0.1089,-0.2988,0.487
35.249960541,0.3720,-0.0993,-0.2907,0.482
35.252233541,0.3789,-0.0917,-0.2756,0.477
35.254718464,0.3885,-0.0910,-0.2618,0.477
35.257191618,0.4036,-0.0930,-0.2445,0.481
35.25991931,0.4226,-0.0986,-0.2294,0.491
35.262005156,0.4430,-0.1022,-0.2184,0.504
35.264690695,0.4637,-0.1066,-0.2062,0.519
35.266724233,0.4854,-0.1089,-0.1947,0.534
35.269351618,0.5092,-0.1076,-0.1774,0.550
35.271461464,0.5336,-0.1068,-0.1666,0.569
35.274333849,0.5636,-0.1049,-0.1546,0.594
35.276789233,0.5979,-0.1005,-0.1297,0.620
35.279162695,0.6366,-0.1000,-0.0945,0.651
35.281290695,0.6729,-0.1030,-0.0733,0.685
35.283629156,0.7041,-0.0988,-0.0393,0.712
35.287638079,0.7370,-0.0971,0.0060,0.743
35.288685464,0.7693,-0.0919,0.0525,0.777
35.291303002,0.7984,-0.0805,0.0977,0.808
35.293736002,0.8355,-0.0678,0.1483,0.851
35.298753772,0.8661,-0.0568,0.2022,0.891
35.299281233,0.9008,-0.0473,0.2526,0.937
35.300763079,0.9301,-0.0314,0.3063,0.980
35.31186731,0.9529,-0.0160,0.3554,1.017
35.312460233,0.9770,0.0017,0.4018,1.056
35.31258831,0.9932,0.0230,0.4595,1.095
35.312962079,1.0107,0.0487,0.5103,1.133
35.313094464,1.0246,0.0797,0.5643,1.172
35.315050464,1.0396,0.1137,0.6100,1.211
35.317646387,1.0542,0.1474,0.6577,1.251
35.319887695,1.0735,0.1813,0.7062,1.298
35.322347695,1.1116,0.2099,0.7537,1.359
35.324775618,1.1537,0.2250,0.8091,1.427
35.328971926,1.2061,0.2376,0.8690,1.505
35.330192849,1.2714,0.2478,0.9335,1.597
35.331891079,1.3464,0.2527,1.0085,1.701
35.334250464,1.4251,0.2619,1.0959,1.817
35.336710695,1.4952,0.2835,1.1895,1.932
35.33910331,1.5614,0.3140,1.2880,2.048
35.341491926,1.6012,0.3597,1.3873,2.149
35.34387631,1.6210,0.4114,1.4865,2.238
35.346400233,1.6252,0.4638,1.5750,2.310
35.348747618,1.6014,0.5116,1.6519,2.357
35.351280541,1.5541,0.5539,1.7060,2.373
35.353619002,1.4777,0.5910,1.7273,2.349
35.356072541,1.3743,0.6206,1.7067,2.277
35.358868002,1.2521,0.6433,1.6344,2.157
35.361002079,1.1234,0.6675,1.5049,1.993
35.363269233,0.9923,0.6839,1.3272,1.793
35.365952541,0.8548,0.7095,1.1257,1.582
35.369534695,0.7200,0.7464,0.9053,1.377
35.370469849,0.5925,0.7889,0.6877,1.203
35.372922772,0.4679,0.8397,0.4749,1.072
35.376141233,0.3608,0.8901,0.2753,0.999
35.378114079,0.2793,0.9287,0.0917,0.974
35.380273233,0.2282,0.9737,-0.0818,1.003
35.383728002,0.1979,1.0177,-0.2138,1.059
35.389631695,0.1837,1.0692,-0.3324,1.135
35.390349772,0.1842,1.1321,-0.4212,1.222
35.390679618,0.1940,1.1840,-0.4649,1.287
35.392442695,0.2143,1.2323,-0.4747,1.338
35.408452002,0.2423,1.2629,-0.4598,1.366
35.409093233,0.2748,1.2751,-0.4339,1.375
35.409205849,0.3128,1.2670,-0.4151,1.369
35.409291618,0.3459,1.2448,-0.4176,1.358
35.409377156,0.3769,1.2048,-0.4144,1.329
35.409467618,0.4016,1.1547,-0.4092,1.289
35.40984731,0.4212,1.0997,-0.3913,1.241
35.411735618,0.4400,1.0420,-0.3574,1.186
35.415766695,0.4635,0.9914,-0.3130,1.138
35.416453233,0.4845,0.9390,-0.2634,1.089
35.420156618,0.5050,0.8905,-0.2003,1.043
35.421222387,0.5285,0.8442,-0.1265,1.004
35.423798387,0.5614,0.7997,-0.0454,0.978
35.426024541,0.6010,0.7606,0.0358,0.970
35.428354156,0.6364,0.7244,0.1182,0.971
35.430913541,0.6724,0.6921,0.2017,0.986
35.433191618,0.7153,0.6594,0.2806,1.013
35.435931387,0.7610,0.6264,0.3637,1.051
35.438157849,0.8175,0.6026,0.4514,1.111
35.440441772,0.8779,0.5788,0.5396,1.182
35.443489772,0.9375,0.5610,0.6307,1.261
35.445351387,0.9926,0.5478,0.7280,1.347
35.447807695,1.0498,0.5358,0.8140,1.432
35.450167079,1.0801,0.5353,0.9044,1.507
35.452499002,1.1072,0.5365,0.9852,1.576
35.455111618,1.1248,0.5381,1.0539,1.633
35.457596233,1.1356,0.5453,1.1169,1.684
35.459848849,1.1370,0.5534,1.1697,1.723
35.462202387,1.1229,0.5666,1.2179,1.751
35.464737464,1.0980,0.5810,1.2515,1.763
35.46861531,1.0694,0.5977,1.2689,1.764
35.469457541,1.0344,0.6113,1.2692,1.748
35.472011002,1.0024,0.6211,1.2566,1.723
35.474553156,0.9655,0.6311,1.2281,1.685
35.477740541,0.9277,0.6418,1.1930,1.642
35.481574772,0.8879,0.6482,1.1534,1.593
35.482301849,0.8455,0.6583,1.1110,1.544
35.489327695,0.8097,0.6614,1.0824,1.505
35.489738695,0.7684,0.6702,1.0651,1.474
35.489883926,0.7214,0.6709,1.0388,1.432
35.492281233,0.6790,0.6709,1.0185,1.396
35.506076926,0.6382,0.6670,1.0013,1.362
35.506708002,0.5998,0.6648,0.9938,1.338
35.506851387,0.5646,0.6597,0.9926,1.319
35.506963695,0.5346,0.6525,0.9896,1.300
35.507084849,0.5118,0.6441,0.9845,1.283
35.507194387,0.4896,0.6306,0.9882,1.270
35.508254464,0.4649,0.6220,0.9992,1.265
35.517245849,0.4376,0.6094,1.0106,1.259
35.518037541,0.4168,0.6028,1.0178,1.254
35.518225772,0.3843,0.5979,1.0429,1.262
35.518406387,0.3503,0.5940,1.0568,1.262
35.52028031,0.3161,0.5905,1.0649,1.258
35.522476541,0.2858,0.5852,1.0632,1.247
35.526214695,0.2592,0.5771,1.0586,1.233
35.52761931,0.2397,0.5691,1.0554,1.223
35.529961233,0.2187,0.5630,1.0505,1.212
35.532184002,0.1989,0.5549,1.0439,1.199
35.534559695,0.1847,0.5453,1.0356,1.185
35.537056849,0.1725,0.5351,1.0278,1.171
35.539489541,0.1598,0.5276,1.0207,1.160
35.542586772,0.1546,0.5190,1.0129,1.149
35.544256002,0.1498,0.5141,1.0018,1.136
35.546840618,0.1551,0.5099,0.9918,1.126
35.549301772,0.1659,0.5085,0.9808,1.117
35.551451926,0.1840,0.5090,0.9699,1.111
35.553988002,0.2091,0.5090,0.9640,1.110
35.556376233,0.2343,0.5109,0.9591,1.112
35.559381464,0.2609,0.5102,0.9537,1.113
35.561066156,0.2851,0.5129,0.9461,1.113
35.563640233,0.3044,0.5141,0.9384,1.112
35.567604541,0.3186,0.5183,0.9310,1.112
35.568453772,0.3242,0.5219,0.9274,1.112
35.570884233,0.3264,0.5251,0.9191,1.108
35.573615618,0.3225,0.5292,0.9095,1.101
35.575766464,0.3128,0.5319,0.8978,1.089
35.578013772,0.2993,0.5404,0.8753,1.071
35.580508618,0.2778,0.5497,0.8497,1.049
35.582779695,0.2423,0.5686,0.8184,1.026
35.587510695,0.2013,0.5830,0.7896,1.002
35.588133233,0.1598,0.5977,0.7651,0.984
35.591755002,0.1356,0.6057,0.7206,0.951
35.605699926,0.1134,0.6179,0.6764,0.923
35.60618431,0.0813,0.6352,0.6361,0.903
35.606275695,0.0384,0.6504,0.5946,0.882
35.606351926,-0.0060,0.6636,0.5524,0.863
35.606658156,-0.0534,0.6800,0.5130,0.853
35.606787926,-0.0942,0.6983,0.4758,0.850
35.606899079,-0.1348,0.7163,0.4390,0.851
35.616645233,-0.1702,0.7389,0.3999,0.857
35.617208618,-0.2049,0.7569,0.3623,0.864
35.617594156,-0.2377,0.7772,0.3258,0.876
35.617865541,-0.2618,0.7899,0.2923,0.882
35.618921156,-0.2767,0.7973,0.2655,0.885
35.62243631,-0.2813,0.8053,0.2515,0.889
35.624606156,-0.2772,0.8097,0.2454,0.890
35.627048002,-0.2631,0.8172,0.2552,0.896
35.628697849,-0.2484,0.8204,0.2801,0.902
35.631461233,-0.2266,0.8307,0.3195,0.918
35.633434695,-0.2014,0.8376,0.3761,0.940
35.635988233,-0.1741,0.8430,0.4414,0.967
35.638584003,-0.1392,0.8468,0.5137,1.000
35.641630079,-0.0998,0.8481,0.5851,1.035
35.64312731,-0.0534,0.8417,0.6608,1.071
35.645485772,-0.0018,0.8305,0.7327,1.107
35.648242464,0.0547,0.8197,0.8069,1.152
35.650688541,0.1163,0.8016,0.8758,1.193
35.653298156,0.1744,0.7880,0.9638,1.257
35.655282387,0.2273,0.7811,1.0642,1.340
35.658470464,0.2685,0.7808,1.1648,1.428
35.659984618,0.3024,0.7799,1.2655,1.517
35.662347926,0.3298,0.7808,1.3593,1.602
35.665127387,0.3501,0.7772,1.4472,1.680
35.667512003,0.3669,0.7736,1.5264,1.750
35.669721233,0.3809,0.7640,1.6024,1.816
35.672286464,0.3904,0.7515,1.6696,1.872
35.674729464,0.4027,0.7366,1.7216,1.915
35.676981849,0.4114,0.7293,1.7690,1.957
35.679289772,0.4036,0.7310,1.8093,1.993
35.681887695,0.3882,0.7376,1.8362,2.017
35.684237233,0.3601,0.7533,1.8489,2.029
35.686835079,0.3279,0.7760,1.8536,2.036
35.688953156,0.2895,0.8023,1.8476,2.035
35.696270387,0.2527,0.8312,1.8310,2.027
35.696775003,0.2155,0.8530,1.8028,2.006
35.696941233,0.1666,0.8789,1.7681,1.981
35.71176331,0.1127,0.9094,1.7229,1.951
35.712229464,0.0554,0.9414,1.6698,1.918
35.712355618,-0.0018,0.9802,1.6100,1.885
35.712715926,-0.0615,1.0210,1.5611,1.866
35.712928003,-0.1320,1.0687,1.5140,1.858
35.713044849,-0.2014,1.1148,1.4807,1.864
35.713139003,-0.2601,1.1493,1.4499,1.868
35.724339926,-0.3026,1.1703,1.4155,1.861
35.725322695,-0.3173,1.1779,1.3698,1.834
35.725548003,-0.3090,1.1773,1.3229,1.798
35.726067695,-0.2834,1.1701,1.2715,1.751
35.726488849,-0.2442,1.1782,1.2249,1.717
35.72766831,-0.1976,1.1928,1.1927,1.698
35.730006156,-0.1397,1.2241,1.1860,1.710
35.732472233,-0.0703,1.2560,1.2079,1.744
35.734701849,0.0132,1.2881,1.2442,1.791
35.737175079,0.1080,1.3079,1.2836,1.836
35.740409849,0.2189,1.3122,1.3123,1.869
35.741868849,0.3352,1.2998,1.3434,1.899
35.744430772,0.4539,1.2665,1.3519,1.907
35.746862695,0.5761,1.2267,1.3510,1.914
35.74989931,0.6946,1.1779,1.3481,1.920
35.751708926,0.8001,1.1261,1.3272,1.916
35.754352003,0.8876,1.0708,1.2855,1.894
35.757020618,0.9680,1.0154,1.2298,1.866
35.758810387,1.0398,0.9529,1.1680,1.831
35.761360003,1.1155,0.8913,1.0893,1.796
35.763941541,1.1761,0.8374,1.0057,1.760
35.766429541,1.2164,0.8050,0.9303,1.730
35.768627926,1.2433,0.7892,0.8646,1.708
35.771383695,1.2665,0.7806,0.8184,1.698
35.773801849,1.2912,0.7743,0.7854,1.698
35.775787003,1.3181,0.7622,0.7621,1.703
35.778672233,1.3477,0.7398,0.7460,1.709
35.780842079,1.3780,0.7163,0.7231,1.713
35.783184003,1.4034,0.6895,0.6948,1.711
35.785485849,1.4123,0.6651,0.6645,1.697
35.788267079,1.4080,0.6455,0.6361,1.674
35.793137849,1.3909,0.6326,0.6100,1.645
35.793603387,1.3610,0.6225,0.5846,1.607
35.795510695,1.3251,0.6128,0.5611,1.564
35.809363695,1.2809,0.6047,0.5352,1.514
35.809760541,1.2411,0.5873,0.5010,1.462
35.809884849,1.1964,0.5693,0.4627,1.403
35.810000618,1.1527,0.5437,0.4229,1.343
35.810103926,1.1065,0.5195,0.3801,1.280
35.810201156,1.0584,0.4887,0.3437,1.215
35.812729772,1.0134,0.4486,0.3067,1.150
35.814303387,0.9778,0.4053,0.2718,1.093
35.82205131,0.9357,0.3685,0.2371,1.033
35.822853849,0.8788,0.3345,0.2273,0.967
35.82301231,0.8229,0.3017,0.2310,0.906
35.823910464,0.7686,0.2758,0.2379,0.850
35.827630387,0.7249,0.2502,0.2571,0.809
35.829399079,0.6934,0.2224,0.2760,0.779
35.832061541,0.6680,0.1891,0.2867,0.751
35.833584003,0.6469,0.1586,0.3011,0.731
35.836015079,0.6225,0.1310,0.3170,0.711
35.838643695,0.6040,0.1012,0.3337,0.697
35.840938156,0.5827,0.0794,0.3505,0.685
35.843474156,0.5563,0.0611,0.3677,0.670
35.846123926,0.5350,0.0459,0.3784,0.657
35.848270464,0.5145,0.0331,0.3928,0.648
35.850510156,0.4954,0.0201,0.4116,0.644
35.853272849,0.4796,0.0023,0.4311,0.645
35.856375387,0.4710,-0.0169,0.4497,0.651
35.857733464,0.4671,-0.0314,0.4658,0.660
35.860230079,0.4598,-0.0546,0.4753,0.664
35.862734079,0.4537,-0.0732,0.4807,0.665
35.865223618,0.4454,-0.0907,0.4800,0.661
35.867518387,0.4349,-0.1112,0.4788,0.656
35.86996031,0.4195,-0.1282,0.4730,0.645
35.872516618,0.4078,-0.1418,0.4609,0.632
35.875072926,0.3906,-0.1594,0.4478,0.615
35.877218079,0.3745,-0.1794,0.4353,0.602
35.879745772,0.3626,-0.2009,0.4338,0.600
35.882004849,0.3459,-0.2121,0.4380,0.597
35.884204849,0.3298,-0.2168,0.4406,0.592
35.887101233,0.3117,-0.2168,0.4362,0.578
35.894302387,0.2988,-0.2146,0.4346,0.569
35.894750079,0.2919,-0.2200,0.4331,0.567
35.89532431,0.2914,-0.2266,0.4331,0.569
35.910322156,0.3007,-0.2351,0.4334,0.578
35.911565464,0.3124,-0.2515,0.4309,0.589
35.911705849,0.3298,-0.2679,0.4204,0.598
35.911885541,0.3457,-0.2796,0.4071,0.603
35.912013849,0.3618,-0.2896,0.3884,0.605
35.91215131,0.3760,-0.2974,0.3722,0.607
35.912233464,0.3948,-0.2994,0.3571,0.611
35.923392541,0.4078,-0.2969,0.3442,0.611
35.924069156,0.4212,-0.2945,0.3317,0.612
35.924234156,0.4288,-0.2915,0.3209,0.610
35.924369772,0.4376,-0.2852,0.3051,0.605
35.924831618,0.4493,-0.2840,0.2867,0.604
35.925164541,0.4619,-0.2843,0.2625,0.603
35.928185849,0.4766,-0.2869,0.2423,0.607
35.930653772,0.4945,-0.2876,0.2203,0.613
35.932426387,0.5175,-0.2936,0.1898,0.624
35.934797541,0.5441,-0.2967,0.1572,0.639
35.93746731,0.5721,-0.3011,0.1292,0.659
35.939740541,0.6059,-0.3006,0.0998,0.684
35.942313464,0.6377,-0.2974,0.0781,0.708
35.944835079,0.6709,-0.2887,0.0610,0.733
35.947934079,0.6983,-0.2784,0.0500,0.753
35.949945464,0.7249,-0.2684,0.0478,0.774
35.951909849,0.7524,-0.2586,0.0522,0.797
35.95461231,0.7879,-0.2503,0.0576,0.829
35.956705156,0.8306,-0.2475,0.0663,0.869
35.959096849,0.8717,-0.2471,0.0740,0.909
35.961601156,0.9189,-0.2515,0.0833,0.956
35.964028618,0.9597,-0.2576,0.0971,0.998
35.966384618,0.9968,-0.2608,0.1131,1.037
35.968777772,1.0268,-0.2605,0.1348,1.068
35.97186831,1.0601,-0.2589,0.1639,1.103
35.973437156,1.0871,-0.2515,0.2119,1.136
35.976141772,1.1018,-0.2407,0.2672,1.159
35.979563695,1.1155,-0.2273,0.3176,1.182
35.981066695,1.1206,-0.2105,0.3610,1.196
35.98496031,1.1253,-0.1980,0.4003,1.211
35.986050695,1.1292,-0.1836,0.4269,1.221
35.99101931,1.1339,-0.1704,0.4509,1.232
35.991495926,1.1380,-0.1594,0.4690,1.241
35.993338387,1.1432,-0.1462,0.4866,1.251
35.995349772,1.1529,-0.1384,0.4984,1.264
36.007805233,1.1670,-0.1213,0.5108,1.280
36.008089541,1.1842,-0.1066,0.5186,1.297
36.008182156,1.1940,-0.0883,0.5233,1.307
36.008433849,1.2003,-0.0678,0.5315,1.314
36.008561233,1.2086,-0.0416,0.5315,1.321
36.010366695,1.2154,-0.0138,0.5406,1.330
36.018947003,1.2184,0.0171,0.5552,1.339
36.019847003,1.2196,0.0508,0.5746,1.349
36.020024003,1.2208,0.0878,0.5902,1.359
36.020181233,1.2147,0.1266,0.6132,1.367
36.022485233,1.1947,0.1828,0.6428,1.369
36.024300926,1.1544,0.2649,0.6850,1.368
36.026994156,1.0926,0.3683,0.7429,1.372
36.02958331,1.0168,0.4799,0.8159,1.389
36.031419695,0.9279,0.5866,0.8925,1.415
36.034019618,0.8395,0.6790,0.9615,1.446
36.037175926,0.7647,0.7464,1.0062,1.468
36.038694079,0.7083,0.7885,1.0092,1.463
36.041139387,0.6623,0.8055,0.9752,1.428
36.043402156,0.6189,0.8188,0.9041,1.368
36.046025464,0.5744,0.8307,0.7928,1.284
36.048217541,0.5280,0.8583,0.6696,1.210
36.050701233,0.4681,0.9003,0.5068,1.134
36.054511387,0.4302,0.9348,0.3332,1.082
36.055622464,0.4168,0.9621,0.1721,1.063
36.058074387,0.4178,0.9821,0.0204,1.067
36.061432618,0.4334,1.0005,-0.0957,1.095
36.063497541,0.4596,1.0240,-0.1776,1.136
36.065384541,0.4815,1.0559,-0.2301,1.183
36.067838156,0.5067,1.0929,-0.2397,1.228
36.071169772,0.5331,1.1351,-0.2089,1.271
36.072418464,0.5685,1.1668,-0.1556,1.307
36.074919003,0.6154,1.1850,-0.0950,1.339
36.077416618,0.6701,1.1761,-0.0464,1.354
36.080277772,0.7354,1.1475,-0.0130,1.363
36.082614156,0.8057,1.1051,0.0167,1.368
36.084834695,0.8786,1.0550,0.0370,1.373
36.091083387,0.9550,1.0017,0.0659,1.386
36.091652233,1.0307,0.9531,0.1091,1.408
36.092555387,1.1016,0.9091,0.1739,1.439
36.094114772,1.1578,0.8733,0.2652,1.474
36.108260849,1.2035,0.8378,0.3737,1.513
36.108695387,1.2429,0.8006,0.5068,1.563
36.108805156,1.2758,0.7718,0.6533,1.628
36.108893541,1.3119,0.7474,0.7981,1.708
36.108979003,1.3486,0.7284,0.9337,1.795
36.109063695,1.3885,0.7127,1.0514,1.882
36.121039079,1.4312,0.7007,1.1467,1.963
36.121853233,1.4703,0.6841,1.2058,2.021
36.122028926,1.5003,0.6816,1.2361,2.060
36.122199926,1.5176,0.6763,1.2855,2.101
36.122346156,1.5248,0.6751,1.2965,2.112
36.122949849,1.5252,0.6778,1.2916,2.110
36.126256849,1.5257,0.6821,1.2860,2.109
36.128748003,1.5196,0.6832,1.2773,2.099
36.130235618,1.5035,0.6858,1.2647,2.081
36.132697772,1.4752,0.6907,1.2469,2.051
36.135129849,1.4424,0.6902,1.2293,2.017
36.137392003,1.4083,0.6853,1.2042,1.976
36.139904003,1.3650,0.6853,1.1719,1.925
36.142878387,1.3117,0.6846,1.1385,1.867
36.145258695,1.2641,0.6809,1.1066,1.813
36.147173541,1.2091,0.6732,1.0693,1.749
36.149754156,1.1470,0.6729,1.0307,1.683
36.152061233,1.0815,0.6739,0.9985,1.619
36.154462156,1.0132,0.6736,0.9662,1.554
36.156758156,0.9428,0.6776,0.9286,1.487
36.159376003,0.8766,0.6812,0.8929,1.425
36.161721541,0.8062,0.6839,0.8585,1.362
36.163984849,0.7388,0.6885,0.8271,1.305
36.166463079,0.6721,0.6924,0.8000,1.254
36.170403387,0.5976,0.6951,0.7751,1.200
36.171718156,0.5318,0.6944,0.7521,1.154
36.173846772,0.4703,0.6912,0.7299,1.110
36.176663387,0.4139,0.6814,0.7082,1.066
36.178692003,0.3631,0.6683,0.6889,1.026
36.181835695,0.3168,0.6516,0.6754,0.991
36.183419618,0.2765,0.6320,0.6715,0.963
36.188698695,0.2387,0.6152,0.6713,0.941
36.189161849,0.2035,0.6003,0.6862,0.934
36.190534079,0.1691,0.5830,0.7111,0.935
36.192905772,0.1307,0.5703,0.7478,0.949
36.202273156,0.1021,0.5581,0.7959,0.977
36.202647079,0.0724,0.5453,0.8524,1.014
36.202774387,0.0508,0.5327,0.9181,1.063
36.202971926,0.0315,0.5180,0.9815,1.110
36.204905772,0.0156,0.5029,1.0429,1.158
36.207600541,-0.0006,0.4862,1.1042,1.206
36.21009131,-0.0146,0.4771,1.1611,1.255
36.215752003,-0.0244,0.4654,1.2103,1.297
36.216317233,-0.0312,0.4552,1.2466,1.328
36.217260849,-0.0405,0.4461,1.2664,1.343
36.219650387,-0.0478,0.4400,1.2745,1.349
36.222219003,-0.0519,0.4328,1.2718,1.344
36.224372233,-0.0534,0.4251,1.2601,1.331
36.227546772,-0.0532,0.4183,1.2320,1.302
36.229231003,-0.0519,0.4137,1.1968,1.267
36.231555695,-0.0563,0.4110,1.1485,1.221
36.234526695,-0.0649,0.4149,1.0961,1.174
36.236845849,-0.0773,0.4223,1.0332,1.119
36.238827387,-0.0874,0.4266,0.9664,1.060
36.241325849,-0.0940,0.4322,0.8946,0.998
36.243884003,-0.0957,0.4352,0.8213,0.934
36.251162772,-0.0908,0.4381,0.7526,0.876
36.251548849,-0.0857,0.4400,0.6918,0.824
36.253405233,-0.0847,0.4454,0.6349,0.780
36.254268003,-0.0874,0.4501,0.5770,0.737
36.25570831,-0.0952,0.4586,0.5240,0.703
36.258194695,-0.0952,0.4654,0.4749,0.672
36.260441849,-0.0930,0.4701,0.4306,0.644
36.262865233,-0.0864,0.4733,0.3889,0.619
36.265474464,-0.0744,0.4747,0.3544,0.597
36.268276926,-0.0644,0.4752,0.3314,0.583
36.270141156,-0.0554,0.4808,0.3163,0.578
36.272705233,-0.0530,0.4836,0.3129,0.578
36.275105233,-0.0566,0.4953,0.3153,0.590
36.277578387,-0.0673,0.5060,0.3232,0.604
36.279843079,-0.0833,0.5102,0.3326,0.615
36.282362156,-0.1043,0.5158,0.3447,0.629
36.287943618,-0.1231,0.5167,0.3598,0.642
36.288352233,-0.1397,0.5131,0.3822,0.655
36.289311079,-0.1526,0.5085,0.4087,0.670
36.292139926,-0.1641,0.5065,0.4395,0.690
36.302742079,-0.1781,0.4999,0.4751,0.712
36.303099695,-0.1914,0.4992,0.5123,0.740
36.303191695,-0.1995,0.4960,0.5469,0.765
36.303277849,-0.2037,0.4933,0.5899,0.795
36.304211387,-0.2100,0.4926,0.6386,0.833
36.306422695,-0.2228,0.4872,0.6867,0.871
36.308724541,-0.2340,0.4845,0.7380,0.913
36.314545849,-0.2433,0.4815,0.7871,0.954
36.314952618,-0.2415,0.4720,0.8401,0.993
36.316120233,-0.2391,0.4633,0.8921,1.033
36.318632541,-0.2347,0.4557,0.9466,1.077
36.320736618,-0.2254,0.4445,0.9945,1.112
36.323249464,-0.2124,0.4379,1.0419,1.150
36.325542772,-0.2112,0.4328,1.0905,1.192
36.327858464,-0.2110,0.4259,1.1455,1.240
36.330319926,-0.2076,0.4166,1.2021,1.289
36.332913772,-0.2019,0.4078,1.2552,1.335
36.335352849,-0.1927,0.4053,1.3058,1.381
36.337588003,-0.1790,0.3960,1.3427,1.411
36.340218695,-0.1590,0.3883,1.3791,1.441
36.342776541,-0.1311,0.3870,1.4103,1.468
36.344813772,-0.1047,0.3860,1.4301,1.485
36.347194695,-0.0737,0.3819,1.4360,1.488
36.349828618,-0.0353,0.3758,1.4294,1.478
36.352144541,0.0147,0.3690,1.4236,1.471
36.354817772,0.0643,0.3569,1.4071,1.453
36.357238772,0.1148,0.3448,1.3840,1.431
36.359991003,0.1712,0.3299,1.3568,1.407
36.361768541,0.2228,0.3169,1.3253,1.381
36.364513849,0.2760,0.3047,1.2887,1.353
36.366931387,0.3184,0.2961,1.2464,1.320
36.369090387,0.3579,0.2942,1.2044,1.290
36.371510695,0.3906,0.2935,1.1704,1.268
36.374738464,0.4123,0.2937,1.1431,1.250
36.376675926,0.4263,0.3005,1.1257,1.241
36.378726079,0.4356,0.3093,1.1140,1.235
36.381263618,0.4321,0.3182,1.1187,1.241
36.383601849,0.4180,0.3308,1.1323,1.252
36.388432926,0.3874,0.3520,1.1499,1.263
36.388993156,0.3510,0.3765,1.1690,1.277
36.392197464,0.3073,0.4027,1.1804,1.285
36.404973464,0.2609,0.4322,1.1846,1.288
36.406224926,0.2106,0.4526,1.1909,1.291
36.406380618,0.1600,0.4794,1.1939,1.296
36.406521233,0.1034,0.5038,1.1881,1.295
36.406631079,0.0501,0.5351,1.1736,1.291
36.406746695,-0.0070,0.5651,1.1597,1.290
36.408579387,-0.0705,0.6005,1.1367,1.288
36.41831631,-0.1399,0.6438,1.1094,1.290
36.419101541,-0.2047,0.6888,1.0856,1.302
36.419709464,-0.2562,0.7291,1.0573,1.310
36.420008003,-0.2887,0.7743,1.0229,1.315
36.420300926,-0.3148,0.8239,1.0131,1.343
36.422279695,-0.3229,0.8691,0.9840,1.352
36.426288926,-0.3034,0.9106,0.9251,1.333
36.426944926,-0.2580,0.9426,0.8702,1.309
36.429231618,-0.2074,0.9565,0.8108,1.271
36.432017541,-0.1450,0.9639,0.7287,1.217
36.434347926,-0.0779,0.9599,0.6386,1.156
36.436492926,-0.0048,0.9446,0.5415,1.089
36.439175387,0.0694,0.9216,0.4331,1.021
36.442048849,0.1456,0.9043,0.3151,0.969
36.443751079,0.2273,0.8840,0.1942,0.933
36.446191695,0.2956,0.8720,0.0833,0.925
36.448691695,0.3582,0.8628,-0.0009,0.934
36.451160233,0.4249,0.8537,-0.0582,0.955
36.453420926,0.4962,0.8409,-0.0880,0.980
36.456125464,0.5739,0.8327,-0.0992,1.016
36.458982079,0.6682,0.8190,-0.1069,1.062
36.460671618,0.7684,0.8050,-0.1038,1.118
36.463318464,0.8690,0.7941,-0.0640,1.179
36.466036003,0.9804,0.7789,-0.0144,1.252
36.46801131,1.1072,0.7571,0.0432,1.342
36.470818387,1.2562,0.7296,0.1096,1.457
36.472811079,1.3985,0.7081,0.1809,1.578
36.475351387,1.5250,0.6878,0.2552,1.692
36.477631079,1.6361,0.6744,0.3319,1.801
36.48067531,1.7330,0.6590,0.4082,1.898
36.483708849,1.8140,0.6416,0.4786,1.983
36.488047003,1.8695,0.6255,0.5403,2.044
36.488684926,1.9049,0.6115,0.5929,2.087
36.490525849,1.9135,0.5991,0.6356,2.103
36.503195003,1.9000,0.5933,0.6677,2.099
36.503618695,1.8668,0.5808,0.6880,2.073
36.503732233,1.8192,0.5658,0.6996,2.030
36.50382731,1.7598,0.5470,0.7041,1.973
36.503917541,1.6918,0.5346,0.7064,1.910
36.504179618,1.6112,0.5180,0.7064,1.834
36.507143618,1.5228,0.5065,0.7074,1.754
36.513938772,1.4270,0.4896,0.7129,1.669
36.514471618,1.3310,0.4728,0.7174,1.584
36.514623079,1.2436,0.4520,0.7275,1.510
36.516395079,1.1593,0.4256,0.7419,1.441
36.518449233,1.0731,0.4083,0.7585,1.376
36.52014831,0.9895,0.3865,0.7830,1.320
36.524076003,0.9098,0.3634,0.8213,1.278
36.52588331,0.8416,0.3284,0.8489,1.240
36.528140233,0.7782,0.2871,0.8832,1.212
36.530932541,0.7209,0.2483,0.9286,1.202
36.533298079,0.6726,0.2085,0.9855,1.211
36.535470695,0.6369,0.1782,1.0551,1.245
36.538242079,0.5976,0.1566,1.1372,1.294
36.541518387,0.5597,0.1471,1.2296,1.359
36.542604618,0.5278,0.1454,1.3272,1.436
36.545072926,0.4974,0.1491,1.4224,1.514
36.547649233,0.4722,0.1484,1.5130,1.592
36.550160926,0.4554,0.1432,1.5958,1.666
36.552470387,0.4523,0.1330,1.6633,1.729
36.554817541,0.4549,0.1200,1.7192,1.782
36.557732541,0.4656,0.0992,1.7563,1.820
36.559544926,0.4817,0.0778,1.7775,1.843
36.56258731,0.4987,0.0533,1.7812,1.850
36.564653849,0.5236,0.0326,1.7690,1.845
36.567233464,0.5460,0.0086,1.7431,1.827
36.569314156,0.5688,-0.0189,1.7062,1.799
36.572066695,0.5949,-0.0455,1.6603,1.764
36.57443531,0.6213,-0.0717,1.6076,1.725
36.576400926,0.6525,-0.0956,1.5496,1.684
36.579280233,0.6846,-0.1196,1.4870,1.641
36.582540003,0.7129,-0.1440,1.4392,1.612
36.583777849,0.7354,-0.1629,1.3766,1.569
36.586239387,0.7523,-0.1780,1.2994,1.512
36.589327618,0.7745,-0.1973,1.2210,1.459
36.594172003,0.7945,-0.2202,1.1485,1.414
36.595156541,0.8069,-0.2407,1.0771,1.367
36.596821849,0.8145,-0.2524,1.0050,1.318
36.612353541,0.8153,-0.2605,0.9356,1.268
36.613044003,0.8016,-0.2581,0.8790,1.217
36.613618464,0.7806,-0.2652,0.8028,1.151
36.615084926,0.7620,-0.2669,0.7278,1.087
36.615235003,0.7484,-0.2771,0.6533,1.031
36.615354156,0.7263,-0.2845,0.5794,0.972
36.615575079,0.7011,-0.2880,0.5059,0.911
36.615780541,0.6743,-0.2936,0.4280,0.851
36.623714156,0.6550,-0.3065,0.3430,0.800
36.624944926,0.6413,-0.3178,0.2567,0.760
36.625139003,0.6301,-0.3336,0.1758,0.734
36.625455003,0.6176,-0.3541,0.1003,0.719
36.628006079,0.6059,-0.3744,0.0283,0.713
36.629802772,0.5907,-0.3949,-0.0403,0.712
36.632131926,0.5773,-0.4147,-0.0997,0.718
36.634177464,0.5634,-0.4262,-0.1512,0.722
36.636542772,0.5509,-0.4318,-0.1933,0.726
36.639103695,0.5385,-0.4313,-0.2282,0.727
36.641479079,0.5297,-0.4282,-0.2595,0.729
36.643883618,0.5309,-0.4210,-0.2861,0.736
36.646812926,0.5434,-0.4166,-0.3073,0.751
36.648829156,0.5597,-0.4108,-0.3286,0.768
36.651172849,0.5827,-0.4079,-0.3496,0.793
36.653828003,0.6140,-0.4054,-0.3664,0.822
36.657641772,0.6480,-0.4079,-0.3760,0.853
36.658664618,0.6797,-0.4061,-0.3825,0.879
36.660831387,0.7058,-0.4040,-0.3825,0.899
36.663479079,0.7293,-0.3991,-0.3740,0.912
36.666387695,0.7512,-0.3900,-0.3557,0.918
36.668465233,0.7728,-0.3810,-0.3205,0.919
36.670865772,0.7928,-0.3698,-0.2692,0.915
36.672980926,0.8148,-0.3585,-0.2118,0.915
36.67538731,0.8329,-0.3476,-0.1497,0.915
36.677825156,0.8423,-0.3326,-0.0950,0.911
36.680445156,0.8480,-0.3146,-0.0420,0.905
36.683029772,0.8441,-0.2918,0.0046,0.893
36.685219387,0.8411,-0.2708,0.0502,0.885
36.687838464,0.8358,-0.2530,0.0928,0.878
36.693217233,0.8416,-0.2410,0.1294,0.885
36.694002079,0.8597,-0.2281,0.1641,0.904
36.694625772,0.8698,-0.2190,0.1914,0.917
36.697034079,0.8798,-0.2044,0.2027,0.926
36.713057464,0.8944,-0.1983,0.2168,0.941
36.713437156,0.9089,-0.1851,0.2342,0.957
36.713568003,0.9164,-0.1704,0.2608,0.968
36.713714695,0.9210,-0.1520,0.2972,0.980
36.713835695,0.9252,-0.1308,0.3225,0.988
36.713952618,0.9291,-0.1000,0.3584,1.001
36.715068618,0.9350,-0.0697,0.4026,1.020
36.716058695,0.9350,-0.0358,0.4467,1.037
36.719404618,0.9294,0.0047,0.5012,1.056
36.72195131,0.9128,0.0557,0.5667,1.076
36.724547926,0.8837,0.1279,0.6432,1.100
36.725893156,0.8385,0.2064,0.7283,1.130
36.728783387,0.7884,0.2917,0.8186,1.173
36.731349233,0.7300,0.3765,0.9053,1.222
36.733142772,0.6829,0.4474,0.9720,1.269
36.735729772,0.6338,0.5041,1.0219,1.304
36.738197849,0.5876,0.5485,1.0378,1.313
36.740318387,0.5465,0.5854,1.0172,1.295
36.742926464,0.5138,0.6176,0.9547,1.248
36.745511387,0.4910,0.6485,0.8604,1.184
36.747980233,0.4725,0.6939,0.7544,1.129
36.750063618,0.4571,0.7305,0.6484,1.078
36.752606695,0.4581,0.7701,0.5345,1.043
36.755788003,0.4710,0.8031,0.4646,1.040
36.757266695,0.4826,0.8334,0.4272,1.054
36.759932618,0.4940,0.8630,0.4164,1.078
36.762263618,0.5077,0.8974,0.4306,1.117
36.764719618,0.5218,0.9323,0.4725,1.168
36.767044926,0.5390,0.9658,0.5284,1.226
36.769591079,0.5585,0.9954,0.5782,1.279
36.772395695,0.5876,1.0112,0.6307,1.329
36.774316233,0.6362,1.0168,0.6899,1.384
36.77671131,0.7021,1.0037,0.7492,1.436
36.779309233,0.7935,0.9721,0.8096,1.493
36.781804541,0.8937,0.9331,0.8697,1.557
36.785206695,0.9909,0.8982,0.9237,1.625
36.786421156,1.0901,0.8647,0.9664,1.694
36.791585464,1.1864,0.8285,1.0065,1.763
36.79208831,1.2736,0.7913,1.0339,1.821
36.793628003,1.3552,0.7584,1.0526,1.876
36.808511926,1.4190,0.7256,1.0622,1.915
36.808965464,1.4593,0.7027,1.0619,1.937
36.809049772,1.4747,0.6937,1.0619,1.945
36.809121156,1.4622,0.6958,1.0666,1.939
36.809200003,1.4244,0.7112,1.0644,1.915
36.809269464,1.3655,0.7403,1.0517,1.876
36.811405772,1.3000,0.7748,1.0334,1.833
36.820977156,1.2328,0.8119,1.0123,1.790
36.821645849,1.1691,0.8456,0.9896,1.750
36.821929464,1.1113,0.8759,0.9713,1.716
36.82211531,1.0686,0.8952,0.9577,1.691
36.822783387,1.0312,0.9047,0.9442,1.665
36.825376233,0.9988,0.9108,0.9359,1.644
36.828571003,0.9731,0.9096,0.9371,1.629
36.830427618,0.9469,0.9057,0.9361,1.610
36.832223387,0.9198,0.9031,0.9428,1.597
36.834652926,0.8976,0.8991,0.9564,1.590
36.836850079,0.8732,0.9003,0.9687,1.585
36.839227926,0.8490,0.9013,0.9747,1.576
36.841774464,0.8294,0.9003,0.9767,1.566
36.844168541,0.8045,0.9010,0.9715,1.550
36.846833772,0.7847,0.8979,0.9633,1.533
36.848930772,0.7676,0.8928,0.9496,1.513
36.851739926,0.7515,0.8842,0.9263,1.485
36.854921233,0.7370,0.8728,0.8951,1.451
36.856480849,0.7265,0.8554,0.8587,1.413
36.858948541,0.7161,0.8381,0.8198,1.374
36.861379695,0.7011,0.8197,0.7791,1.331
36.864682079,0.6802,0.7999,0.7404,1.285
36.865967079,0.6574,0.7816,0.7029,1.240
36.868562464,0.6384,0.7540,0.6679,1.192
36.871964541,0.6171,0.7240,0.6391,1.146
36.873101464,0.5854,0.6981,0.6178,1.101
36.875521233,0.5487,0.6783,0.6139,1.067
36.878063926,0.5033,0.6574,0.6225,1.036
36.880388618,0.4571,0.6441,0.6468,1.021
36.882916541,0.4132,0.6367,0.6754,1.016
36.885503003,0.3655,0.6301,0.6999,1.010
36.892329541,0.3256,0.6174,0.7226,1.005
36.892956849,0.2942,0.5991,0.7453,1.000
36.893468541,0.2719,0.5707,0.7656,0.993
36.908533156,0.2531,0.5458,0.7868,0.990
36.90893531,0.2385,0.5178,0.8061,0.987
36.909042387,0.2323,0.4945,0.8287,0.993
36.909141156,0.2236,0.4725,0.8520,1.000
36.909235618,0.2180,0.4538,0.8767,1.011
36.909324926,0.2145,0.4403,0.9053,1.029
36.909416233,0.2126,0.4305,0.9286,1.045
36.921989233,0.2155,0.4191,0.9473,1.058
36.922466464,0.2177,0.4070,0.9596,1.065
36.922658387,0.2316,0.3968,0.9623,1.066
36.922802156,0.2482,0.3841,0.9635,1.066
36.922977849,0.2616,0.3734,0.9574,1.060
36.924174695,0.2716,0.3694,0.9491,1.054
36.926147387,0.2853,0.3604,0.9379,1.044
36.928938695,0.2921,0.3513,0.9247,1.031
36.931109541,0.2998,0.3457,0.9068,1.016
36.93361508,0.3047,0.3345,0.8799,0.989
36.93640031,0.3066,0.3301,0.8448,0.957
36.938020003,0.2946,0.3291,0.7976,0.912
36.940586464,0.2816,0.3271,0.7472,0.863
36.943297464,0.2655,0.3296,0.6940,0.813
36.94572031,0.2455,0.3340,0.6354,0.759
36.947796003,0.2213,0.3445,0.5697,0.702
36.950670156,0.1901,0.3567,0.4905,0.636
36.952810772,0.1568,0.3675,0.4067,0.570
36.95518031,0.1204,0.3819,0.3244,0.515
36.957838156,0.0806,0.4049,0.2418,0.478
36.960068233,0.0337,0.4312,0.1595,0.461
36.963093233,-0.0075,0.4584,0.0840,0.466
36.964968926,-0.0534,0.4875,0.0070,0.490
36.96748708,-0.0964,0.5148,-0.0618,0.527
36.970369464,-0.1341,0.5429,-0.1265,0.573
36.971835695,-0.1741,0.5654,-0.1766,0.617
36.974371618,-0.2010,0.5842,-0.2094,0.652
36.976673541,-0.2273,0.6028,-0.2294,0.684
36.97916431,-0.2462,0.6166,-0.2284,0.702
36.981516849,-0.2582,0.6318,-0.2118,0.715
36.983920926,-0.2657,0.6424,-0.1728,0.716
36.988292926,-0.2699,0.6509,-0.1134,0.714
36.989444849,-0.2662,0.6587,-0.0364,0.711
36.991315387,-0.2623,0.6641,0.0654,0.717
36.994134387,-0.2496,0.6714,0.1758,0.738
36.999427003,-0.2289,0.6719,0.2848,0.765
36.999746464,-0.2025,0.6741,0.3950,0.807
37.000828233,-0.1732,0.6804,0.5019,0.863
37.01097808,-0.1425,0.6832,0.6002,0.920
37.011419387,-0.1013,0.6767,0.6931,0.974
37.011604618,-0.0668,0.6685,0.7756,1.026
37.011780849,-0.0276,0.6567,0.8340,1.062
37.01276708,0.0063,0.6473,0.8909,1.101
37.015172233,0.0359,0.6401,0.9491,1.145
37.017754695,0.0620,0.6296,1.0024,1.185
37.020321233,0.0813,0.6240,1.0500,1.224
37.024459618,0.0936,0.6252,1.0989,1.268
37.025181541,0.0999,0.6289,1.1380,1.304
37.028183387,0.1074,0.6306,1.1676,1.331
37.029740541,0.1127,0.6329,1.1858,1.349
37.032198156,0.1209,0.6367,1.2081,1.371
37.034761849,0.1332,0.6406,1.2268,1.390
37.03726308,0.1544,0.6433,1.2438,1.409
37.03947131,0.1752,0.6443,1.2577,1.424
37.042229772,0.2003,0.6509,1.2569,1.430
37.045146695,0.2199,0.6567,1.2515,1.430
37.04683131,0.2362,0.6678,1.2508,1.437
37.049119695,0.2475,0.6776,1.2550,1.448
37.051845156,0.2578,0.6930,1.2554,1.457
37.05432731,0.2634,0.7103,1.2655,1.475
37.05677531,0.2660,0.7256,1.2813,1.496
37.058994156,0.2704,0.7381,1.3046,1.523
37.06145631,0.2739,0.7550,1.3344,1.557
37.063765541,0.2834,0.7704,1.3717,1.599
37.066702772,0.2861,0.7826,1.4140,1.641
37.06893531,0.2834,0.8062,1.4558,1.688
37.070916233,0.2707,0.8329,1.4981,1.735
37.074047926,0.2472,0.8674,1.5471,1.791
37.075969233,0.2155,0.9082,1.6051,1.857
37.07838431,0.1796,0.9609,1.6686,1.934
37.080451926,0.1368,1.0161,1.7187,2.001
37.083069541,0.0899,1.0731,1.7551,2.059
37.08908431,0.0508,1.1158,1.7834,2.104
37.089545156,0.0210,1.1532,1.8035,2.141
37.090227387,-0.0041,1.1779,1.8152,2.164
37.092708618,-0.0209,1.1955,1.8157,2.174
37.10550708,-0.0344,1.2028,1.8054,2.170
37.10610608,-0.0351,1.2018,1.7866,2.154
37.106244233,-0.0332,1.1964,1.7595,2.128
37.106362387,-0.0285,1.1835,1.7143,2.083
37.106475695,-0.0180,1.1671,1.6647,2.033
37.107349156,-0.0034,1.1493,1.6156,1.983
37.116706464,0.0098,1.1393,1.5580,1.930
37.117264618,0.0228,1.1349,1.5030,1.883
37.117444849,0.0303,1.1400,1.4529,1.847
37.11762831,0.0320,1.1576,1.4143,1.828
37.119258464,0.0361,1.1847,1.3898,1.827
37.122539387,0.0381,1.2111,1.3632,1.824
37.12475808,0.0420,1.2402,1.3554,1.838
37.127105541,0.0557,1.2576,1.3223,1.826
37.12866608,0.0864,1.2592,1.2943,1.808
37.131496926,0.1283,1.2414,1.2569,1.771
37.133800926,0.1679,1.2057,1.2137,1.719
37.13614331,0.2094,1.1644,1.1560,1.654
37.138574695,0.2499,1.1195,1.0989,1.588
37.140892618,0.2839,1.0733,1.0444,1.524
37.144202695,0.3068,1.0289,0.9997,1.467
37.145566772,0.3242,0.9924,0.9657,1.422
37.148140003,0.3293,0.9626,0.9445,1.388
37.150602464,0.3296,0.9438,0.9388,1.371
37.152959387,0.3271,0.9323,0.9422,1.365
37.155717541,0.3281,0.9285,0.9505,1.369
37.157868233,0.3413,0.9196,0.9596,1.372
37.160304926,0.3720,0.9038,0.9650,1.373
37.162849849,0.4212,0.8852,0.9628,1.374
37.165242464,0.4873,0.8615,0.9561,1.376
37.16747631,0.5700,0.8444,0.9513,1.394
37.169818156,0.6540,0.8248,0.9398,1.411
37.17210608,0.7456,0.8097,0.9249,1.438
37.174726772,0.8367,0.7962,0.9056,1.468
37.177001233,0.9217,0.7794,0.8858,1.497
37.179358695,0.9990,0.7640,0.8511,1.519
37.18206831,1.0645,0.7474,0.8012,1.528
37.188649464,1.1206,0.7264,0.7507,1.532
37.189047387,1.1674,0.7068,0.6833,1.526
37.189182464,1.2028,0.6926,0.6102,1.516
37.191524003,1.2233,0.6760,0.5257,1.493
37.203947618,1.2392,0.6572,0.4395,1.470
37.204484541,1.2448,0.6284,0.3542,1.439
37.20462731,1.2489,0.5974,0.2931,1.415
37.204754695,1.2401,0.5642,0.2208,1.380
37.204864618,1.2238,0.5288,0.1333,1.340
37.205702464,1.2054,0.4872,0.0570,1.301
37.208872003,1.1819,0.4376,0.0043,1.260
37.216527695,1.1563,0.3827,-0.0373,1.219
37.217488233,1.1204,0.3252,-0.0603,1.168
37.21945108,1.0762,0.2705,-0.0631,1.111
37.219744541,1.0328,0.2131,-0.0559,1.056
37.220181772,0.9883,0.1537,-0.0307,1.001
37.222578772,0.9355,0.0972,0.0109,0.941
37.225469849,0.8819,0.0447,0.0632,0.885
37.227375618,0.8231,-0.0013,0.1277,0.833
37.229838387,0.7637,-0.0467,0.1981,0.790
37.232257233,0.7085,-0.0893,0.2748,0.765
37.234767926,0.6491,-0.1322,0.3512,0.750
37.237175695,0.5963,-0.1762,0.4213,0.751
37.239654695,0.5514,-0.2249,0.4873,0.770
37.242595926,0.5157,-0.2682,0.5606,0.808
37.244473849,0.4820,-0.2992,0.6415,0.856
37.246982695,0.4559,-0.3285,0.7236,0.916
37.249276618,0.4221,-0.3483,0.8042,0.973
37.257249772,0.4004,-0.3588,0.8853,1.036
37.258167926,0.3848,-0.3661,0.9696,1.106
37.258642156,0.3741,-0.3768,1.0509,1.177
37.259041156,0.3694,-0.3851,1.1252,1.245
37.261195618,0.3692,-0.3876,1.1953,1.310
37.263929464,0.3711,-0.3840,1.2564,1.365
37.267044233,0.3838,-0.3859,1.3155,1.424
37.26859008,0.4036,-0.3849,1.3563,1.467
37.271213541,0.4327,-0.3908,1.3898,1.507
37.273631695,0.4556,-0.3949,1.4224,1.545
37.275855926,0.4815,-0.4005,1.4338,1.565
37.278199926,0.5077,-0.4120,1.4285,1.571
37.28074308,0.5331,-0.4264,1.4167,1.573
37.28607408,0.5541,-0.4420,1.3915,1.562
37.28644431,0.5819,-0.4562,1.3526,1.542
37.288536003,0.6073,-0.4658,1.3021,1.510
37.290570464,0.6252,-0.4751,1.2386,1.467
37.298822772,0.6455,-0.4792,1.1609,1.412
37.299146387,0.6648,-0.4809,1.0737,1.351
37.29924831,0.6809,-0.4821,0.9782,1.286
37.310797849,0.6929,-0.4832,0.8775,1.218
37.311485772,0.7041,-0.4819,0.7751,1.153
37.311719618,0.7127,-0.4799,0.6774,1.094
37.311906156,0.7109,-0.4721,0.5911,1.038
37.312016233,0.7032,-0.4678,0.4900,0.976
37.312201464,0.6955,-0.4643,0.3761,0.917
37.314309233,0.6846,-0.4604,0.2767,0.870
37.316596849,0.6721,-0.4538,0.1888,0.833
37.319000926,0.6513,-0.4467,0.1076,0.797
37.321513464,0.6345,-0.4343,0.0278,0.769
37.324465156,0.6173,-0.4198,-0.0503,0.748
37.326286387,0.6015,-0.4045,-0.1174,0.734
37.328762464,0.5809,-0.3940,-0.1749,0.723
37.331472003,0.5578,-0.3807,-0.2299,0.713
37.33362431,0.5411,-0.3695,-0.2783,0.712
37.335958695,0.5236,-0.3502,-0.3324,0.712
37.338476233,0.5071,-0.3397,-0.3799,0.719
37.341103695,0.4971,-0.3274,-0.4043,0.720
37.343121233,0.4894,-0.3141,-0.4172,0.716
37.345739695,0.4798,-0.2977,-0.4216,0.705
37.348050772,0.4712,-0.2831,-0.4270,0.696
37.35041008,0.4656,-0.2715,-0.4297,0.689
37.353113233,0.4705,-0.2615,-0.4265,0.687
37.355494387,0.4847,-0.2542,-0.4158,0.687
37.358067003,0.5001,-0.2449,-0.3867,0.678
37.360357464,0.5155,-0.2376,-0.3528,0.668
37.36262708,0.5316,-0.2312,-0.3124,0.659
37.365070695,0.5443,-0.2249,-0.2618,0.645
37.36747531,0.5602,-0.2134,-0.2084,0.635
37.369760003,0.5795,-0.2081,-0.1437,0.632
37.372428849,0.6047,-0.2016,-0.0743,0.642
37.37470708,0.6369,-0.2002,0.0070,0.668
37.377013464,0.6765,-0.2000,0.0871,0.711
37.379617156,0.7200,-0.2004,0.1749,0.768
37.38292708,0.7564,-0.1988,0.2559,0.823
37.384162156,0.7901,-0.1907,0.3383,0.880
37.387306387,0.8197,-0.1802,0.4150,0.936
37.390015926,0.8439,-0.1665,0.4795,0.985
37.392560541,0.8688,-0.1477,0.5382,1.033
37.393996541,0.8849,-0.1328,0.5963,1.075
37.396445772,0.9003,-0.1112,0.6473,1.114
37.402891695,0.9110,-0.0907,0.6950,1.149
37.40335231,0.9269,-0.0778,0.7321,1.184
37.404028233,0.9424,-0.0670,0.7688,1.218
37.406270156,0.9567,-0.0578,0.8071,1.253
37.423323003,0.9678,-0.0504,0.8485,1.288
37.424298464,0.9709,-0.0375,0.8873,1.316
37.42482831,0.9682,-0.0253,0.9268,1.341
37.425301464,0.9543,-0.0050,0.9762,1.365
37.425808541,0.9287,0.0277,1.0226,1.382
37.426116618,0.8917,0.0773,1.0691,1.394
37.426479387,0.8383,0.1330,1.1213,1.406
37.426611926,0.7803,0.2004,1.1765,1.426
37.428540618,0.7246,0.2561,1.2222,1.444
37.430897772,0.6792,0.3042,1.2426,1.448
37.43382731,0.6445,0.3416,1.2364,1.436
37.435745233,0.6137,0.3721,1.2012,1.399
37.437991695,0.5830,0.4037,1.1472,1.349
37.440960618,0.5485,0.4352,1.0747,1.283
37.442419926,0.5108,0.4711,0.9887,1.208
37.444773772,0.4698,0.5216,0.8846,1.129
37.447242387,0.4283,0.5954,0.7707,1.064
37.449534156,0.3877,0.6760,0.6601,1.021
37.452004618,0.3591,0.7566,0.5662,1.011
37.454425772,0.3396,0.8400,0.4705,1.021
37.457399003,0.3352,0.9059,0.3979,1.045
37.459006772,0.3413,0.9585,0.3476,1.075
37.461461541,0.3606,0.9998,0.3148,1.108
37.46409131,0.3738,1.0401,0.3039,1.146
37.466638387,0.3916,1.0713,0.3102,1.182
37.469146695,0.4053,1.1039,0.3349,1.223
37.471267618,0.4139,1.1356,0.3864,1.269
37.473843387,0.4180,1.1671,0.4583,1.322
37.47595631,0.4129,1.1940,0.5347,1.372
37.478545772,0.4102,1.2120,0.6163,1.420
37.480858156,0.4031,1.2150,0.7011,1.460
37.483208926,0.4016,1.1974,0.7835,1.486
37.486044926,0.3980,1.1661,0.8621,1.504
37.488349772,0.3911,1.1224,0.9256,1.507
37.49270708,0.3836,1.0804,0.9759,1.506
37.493194695,0.3821,1.0403,1.0223,1.508
37.495275387,0.3776,1.0027,1.0683,1.513
37.508669772,0.3706,0.9776,1.1057,1.522
37.509014772,0.3643,0.9567,1.1397,1.532
37.509106695,0.3518,0.9483,1.1723,1.548
37.509199618,0.3366,0.9446,1.2079,1.570
37.509280849,0.3210,0.9450,1.2300,1.584
37.509485156,0.3186,0.9448,1.2473,1.597
37.511917849,0.3210,0.9369,1.2442,1.590
37.520196003,0.3366,0.9245,1.2494,1.590
37.520542387,0.3594,0.9089,1.2438,1.582
37.520690156,0.3904,0.8884,1.2349,1.571
37.521571003,0.4239,0.8654,1.2293,1.562
37.524020926,0.4705,0.8381,1.2274,1.559
37.526528541,0.5169,0.8097,1.2291,1.560
37.528863387,0.5700,0.7794,1.2342,1.567
37.531284233,0.6247,0.7479,1.2442,1.580
37.533797849,0.6823,0.7205,1.2550,1.600
37.536132233,0.7412,0.7000,1.2635,1.624
37.538519926,0.7974,0.6765,1.2667,1.643
37.541041156,0.8560,0.6616,1.2675,1.666
37.543310156,0.9096,0.6436,1.2584,1.681
37.54650031,0.9529,0.6306,1.2452,1.690
37.548354156,0.9946,0.6243,1.2310,1.701
37.550617849,1.0168,0.6218,1.2225,1.707
37.553067695,1.0190,0.6208,1.2019,1.694
37.55588708,1.0176,0.6201,1.1670,1.668
37.55797931,1.0051,0.6236,1.1558,1.654
37.56107808,0.9836,0.6231,1.1460,1.634
37.56262708,0.9585,0.6269,1.1308,1.609
37.565805156,0.9306,0.6296,1.1143,1.582
37.56755108,0.8940,0.6340,1.0957,1.550
37.570860233,0.8539,0.6375,1.0805,1.518
37.573043695,0.8048,0.6429,1.0673,1.483
37.575058695,0.7586,0.6460,1.0500,1.448
37.578637156,0.7127,0.6465,1.0336,1.412
37.579529541,0.6692,0.6516,1.0192,1.382
37.582525772,0.6225,0.6502,1.0050,1.349
37.584325464,0.5827,0.6490,0.9843,1.315
37.587474772,0.5358,0.6462,0.9552,1.272
37.590783618,0.4918,0.6448,0.9271,1.232
37.591642772,0.4573,0.6421,0.8993,1.196
37.594245849,0.4253,0.6387,0.8819,1.169
37.607720541,0.3918,0.6318,0.8560,1.134
37.608149772,0.3608,0.6292,0.8380,1.108
37.608269233,0.3308,0.6274,0.8113,1.078
37.608392926,0.3049,0.6289,0.7812,1.048
37.608575618,0.2793,0.6264,0.7627,1.026
37.60878831,0.2655,0.6284,0.7446,1.010
37.611570156,0.2546,0.6296,0.7145,0.986
37.618917464,0.2441,0.6301,0.6822,0.960
37.619691926,0.2374,0.6267,0.6463,0.931
37.619822772,0.2338,0.6194,0.6183,0.906
37.621011695,0.2377,0.6064,0.5907,0.879
37.62293631,0.2418,0.5966,0.5657,0.857
37.625836849,0.2511,0.5842,0.5450,0.837
37.628219387,0.2646,0.5751,0.5318,0.827
37.630979618,0.2692,0.5705,0.5230,0.819
37.633092003,0.2709,0.5627,0.5179,0.811
37.635527926,0.2765,0.5598,0.5140,0.809
37.637814695,0.2858,0.5570,0.5152,0.811
37.640257541,0.2990,0.5530,0.5228,0.818
37.642887003,0.3151,0.5488,0.5289,0.825
37.645543695,0.3322,0.5453,0.5357,0.834
37.648420849,0.3469,0.5470,0.5391,0.843
37.650030695,0.3613,0.5456,0.5447,0.851
37.652622772,0.3733,0.5446,0.5504,0.860
37.65559008,0.3794,0.5426,0.5538,0.863
37.65688608,0.3869,0.5444,0.5601,0.872
37.659364618,0.3843,0.5483,0.5633,0.875
37.662185156,0.3726,0.5551,0.5616,0.873
37.664335695,0.3531,0.5642,0.5555,0.867
37.666586695,0.3305,0.5808,0.5435,0.861
37.669098156,0.2976,0.5912,0.5384,0.853
37.672152003,0.2558,0.6152,0.5291,0.851
37.673810772,0.2057,0.6409,0.5133,0.846
37.676256926,0.1556,0.6680,0.5010,0.849
37.679107618,0.1070,0.6961,0.4790,0.852
37.68134431,0.0647,0.7249,0.4560,0.859
37.683649156,0.0271,0.7547,0.4439,0.876
37.686141849,-0.0170,0.7867,0.4304,0.897
37.691602387,-0.0654,0.8165,0.4138,0.918
37.692476618,-0.1169,0.8437,0.3913,0.937
37.692961233,-0.1611,0.8617,0.3693,0.951
37.695352849,-0.2056,0.8781,0.3515,0.968
37.707928003,-0.2447,0.8898,0.3414,0.984
37.708302772,-0.2809,0.8987,0.3424,1.002
37.708435926,-0.3080,0.9035,0.3500,1.017
37.708750464,-0.3256,0.9099,0.3664,1.034
37.708845156,-0.3344,0.9084,0.3933,1.045
37.711873464,-0.3332,0.9062,0.4329,1.058
37.720040541,-0.3234,0.8994,0.4798,1.069
37.720844541,-0.3092,0.8928,0.5389,1.088
37.721289849,-0.2918,0.8830,0.6102,1.112
37.721462464,-0.2701,0.8742,0.6940,1.148
37.722996003,-0.2374,0.8676,0.7851,1.194
37.724430695,-0.2128,0.8591,0.8751,1.245
37.727373156,-0.1805,0.8514,0.9708,1.304
37.730659695,-0.1482,0.8426,1.0688,1.369
37.731564926,-0.1143,0.8319,1.1695,1.440
37.734566464,-0.0791,0.8197,1.2792,1.521
37.736478387,-0.0527,0.8099,1.3873,1.607
37.738861464,-0.0351,0.8080,1.4846,1.691
37.741210156,-0.0116,0.8078,1.5943,1.787
37.744609464,0.0127,0.8080,1.6987,1.881
37.746343003,0.0371,0.8085,1.7876,1.962
37.749763618,0.0643,0.8165,1.8682,2.040
37.75099908,0.0862,0.8273,1.9361,2.107
37.753323695,0.1090,0.8400,1.9815,2.155
37.755856926,0.1267,0.8505,2.0041,2.181
37.758316003,0.1510,0.8563,2.0150,2.195
37.760464233,0.1779,0.8561,2.0018,2.184
37.763032233,0.1991,0.8563,1.9962,2.181
37.765733464,0.2115,0.8605,1.9657,2.156
37.767630156,0.2201,0.8744,1.9322,2.132
37.770228926,0.2145,0.8908,1.8978,2.107
37.772468003,0.2057,0.9145,1.8660,2.088
37.774888233,0.1873,0.9458,1.8343,2.072
37.77726831,0.1622,0.9853,1.8005,2.059
37.779745541,0.1346,1.0205,1.7621,2.041
37.782357233,0.1167,1.0604,1.7229,2.026
37.78476208,0.1013,1.0953,1.6918,2.018
37.791110464,0.0941,1.1134,1.6686,2.008
37.79178431,0.0955,1.1263,1.5946,1.955
37.79219931,0.1024,1.1370,1.5499,1.925
37.807696926,0.1006,1.1423,1.5061,1.893
37.80812731,0.0799,1.1512,1.4585,1.860
37.80826331,0.0610,1.1554,1.4126,1.826
37.808870464,0.0515,1.1537,1.3637,1.787
37.809074695,0.0308,1.1483,1.3111,1.743
37.809149464,-0.0043,1.1400,1.2515,1.693
37.809423926,-0.0407,1.1302,1.1961,1.646
37.811711926,-0.0773,1.1302,1.1360,1.604
37.819072003,-0.1108,1.1447,1.0719,1.572
37.819869156,-0.1360,1.1769,1.0309,1.570
37.820011003,-0.1570,1.2250,1.0187,1.601
37.821040926,-0.1660,1.2763,1.0302,1.649
37.823873541,-0.1607,1.3345,1.0568,1.710
37.82720831,-0.1446,1.3734,1.1145,1.775
37.829262772,-0.1125,1.3865,1.1814,1.825
37.830674695,-0.0647,1.3718,1.2284,1.843
37.832941849,-0.0104,1.3350,1.2525,1.831
37.83769931,0.0535,1.2786,1.2615,1.797
37.838240541,0.1167,1.2164,1.2531,1.750
37.840117772,0.1781,1.1581,1.2254,1.695
37.842818387,0.2382,1.1080,1.1885,1.642
37.844962772,0.3017,1.0636,1.1555,1.599
37.847381849,0.3543,1.0308,1.1287,1.569
37.850242772,0.4014,1.0066,1.1074,1.549
37.852299618,0.4434,0.9865,1.0905,1.536
37.85480331,0.4859,0.9658,1.0774,1.526
37.85773808,0.5309,0.9365,1.0647,1.514
37.859655926,0.5839,0.9003,1.0463,1.499
37.862084926,0.6467,0.8640,1.0300,1.492
37.864573849,0.7097,0.8273,0.9938,1.475
37.866947387,0.7733,0.7950,0.9559,1.464
37.870371695,0.8372,0.7611,0.9227,1.460
37.871664541,0.8993,0.7305,0.8760,1.453
37.873947387,0.9613,0.6995,0.8352,1.453
37.87668431,1.0246,0.6655,0.7900,1.455
37.878713541,1.0801,0.6364,0.7380,1.455
37.881215695,1.1327,0.6071,0.6838,1.456
37.883694772,1.1771,0.5796,0.6244,1.453
37.886423618,1.2126,0.5534,0.5613,1.446
37.889109541,1.2392,0.5258,0.4998,1.436
37.89163808,1.2560,0.4994,0.4472,1.424
37.894202695,1.2634,0.4789,0.4096,1.412
37.896733233,1.2604,0.4594,0.3817,1.395
37.898192849,1.2426,0.4368,0.3495,1.363
37.90082431,1.2213,0.4086,0.3219,1.327
37.907872926,1.1942,0.3765,0.3144,1.291
37.908560849,1.1619,0.3440,0.3160,1.252
37.908839003,1.1221,0.3152,0.3200,1.209
37.910616003,1.0755,0.2949,0.3205,1.160
37.925538387,1.0237,0.2737,0.3253,1.108
37.926355387,0.9736,0.2519,0.3339,1.060
37.926521849,0.9201,0.2255,0.3417,1.007
37.926645772,0.8676,0.2033,0.3537,0.959
37.926758695,0.8185,0.1818,0.3649,0.914
37.926886772,0.7652,0.1520,0.3668,0.862
37.927000541,0.7188,0.1270,0.3652,0.816
37.930115003,0.6660,0.1076,0.3833,0.776
37.931943695,0.6149,0.0874,0.3952,0.736
37.934072849,0.5726,0.0734,0.4152,0.711
37.936468926,0.5250,0.0618,0.4299,0.681
37.938897541,0.4845,0.0476,0.4395,0.656
37.94134608,0.4470,0.0284,0.4536,0.637
37.944259003,0.4144,0.0098,0.4678,0.625
37.946122464,0.3843,-0.0060,0.4844,0.618
37.948672926,0.3599,-0.0234,0.4932,0.611
37.950941464,0.3417,-0.0465,0.4924,0.601
37.953419387,0.3268,-0.0651,0.4968,0.598
37.955801772,0.3119,-0.0827,0.5205,0.612
37.958472541,0.2946,-0.0981,0.5377,0.621
37.960858695,0.2832,-0.1101,0.5573,0.635
37.963117541,0.2790,-0.1235,0.5780,0.654
37.96574031,0.2783,-0.1350,0.5951,0.671
37.968264926,0.2824,-0.1506,0.6112,0.690
37.970363618,0.2832,-0.1653,0.6279,0.708
37.973695387,0.2870,-0.1760,0.6407,0.724
37.976027926,0.2939,-0.1848,0.6456,0.733
37.978288618,0.3012,-0.1924,0.6422,0.735
37.979940233,0.3151,-0.2029,0.6347,0.737
37.982621849,0.3293,-0.2158,0.6217,0.736
37.985402464,0.3540,-0.2305,0.6075,0.740
37.987175695,0.3752,-0.2430,0.6034,0.751
37.989618387,0.3980,-0.2554,0.5821,0.750
37.992287695,0.4176,-0.2713,0.5501,0.742
37.995331695,0.4458,-0.2874,0.5145,0.739
37.997878156,0.4740,-0.3085,0.4823,0.743
37.99962708,0.4942,-0.3194,0.4490,0.740
38.005637849,0.5138,-0.3307,0.4209,0.742
38.006259003,0.5282,-0.3400,0.3933,0.741
38.006838387,0.5402,-0.3453,0.3710,0.741
38.009208618,0.5519,-0.3509,0.3491,0.741
38.021555003,0.5636,-0.3478,0.3330,0.741
38.022096926,0.5732,-0.3456,0.3132,0.739
38.022333233,0.5763,-0.3434,0.2918,0.732
38.022709464,0.5783,-0.3416,0.2674,0.723
38.022866464,0.5863,-0.3378,0.2394,0.718
38.023409156,0.5912,-0.3378,0.2093,0.712
38.03407931,0.5976,-0.3341,0.1781,0.707
38.035288003,0.6049,-0.3297,0.1590,0.707
38.035678387,0.6088,-0.3236,0.1250,0.701
38.03586708,0.6096,-0.3204,0.0813,0.693
38.036247695,0.6075,-0.3155,0.0430,0.686
38.037931387,0.6003,-0.3116,0.0121,0.676
38.040593156,0.5902,-0.3038,-0.0205,0.664
38.043589772,0.5830,-0.2980,-0.0486,0.656
38.045002695,0.5763,-0.2894,-0.0728,0.649
38.047854772,0.5665,-0.2806,-0.0948,0.639
38.04999231,0.5570,-0.2691,-0.1151,0.629
38.052579926,0.5483,-0.2586,-0.1368,0.621
38.054936926,0.5416,-0.2528,-0.1495,0.616
38.057310772,0.5350,-0.2430,-0.1563,0.608
38.059900233,0.5329,-0.2386,-0.1647,0.607
38.061980003,0.5306,-0.2332,-0.1642,0.602
38.064705849,0.5311,-0.2251,-0.1668,0.600
38.067538772,0.5309,-0.2190,-0.1595,0.596
38.069192233,0.5365,-0.2151,-0.1425,0.595
38.071882156,0.5429,-0.2097,-0.1162,0.593
38.074656926,0.5521,-0.1970,-0.0860,0.593
38.076928849,0.5641,-0.1914,-0.0498,0.598
38.07901231,0.5751,-0.1875,-0.0114,0.605
38.081785541,0.5912,-0.1794,0.0324,0.619
38.084799003,0.6054,-0.1767,0.0781,0.635
38.086113233,0.6228,-0.1699,0.1280,0.658
38.088612003,0.6496,-0.1669,0.1770,0.694
38.091331387,0.6765,-0.1643,0.2240,0.731
38.093444618,0.6992,-0.1562,0.2643,0.764
38.095734156,0.7149,-0.1496,0.3036,0.791
38.098195695,0.7286,-0.1401,0.3417,0.817
38.104356849,0.7456,-0.1308,0.3794,0.847
38.104935003,0.7581,-0.1179,0.4157,0.873
38.105441772,0.7591,-0.1015,0.4431,0.885
38.121798772,0.7610,-0.0876,0.4592,0.893
38.122506772,0.7589,-0.0670,0.4678,0.894
38.122634695,0.7615,-0.0473,0.4786,0.901
38.122752849,0.7605,-0.0255,0.4817,0.901
38.122849464,0.7564,0.0000,0.4795,0.896
38.122915926,0.7552,0.0286,0.4739,0.892
38.122986464,0.7554,0.0550,0.4712,0.892
38.133912233,0.7573,0.0816,0.4768,0.899
38.134571926,0.7540,0.1117,0.4922,0.907
38.13475931,0.7486,0.1481,0.5010,0.913
38.134918464,0.7342,0.1852,0.5276,0.923
38.135073156,0.7156,0.2297,0.5883,0.954
38.137400003,0.6907,0.2835,0.6652,1.000
38.140014387,0.6548,0.3401,0.7399,1.045
38.14248431,0.6176,0.3958,0.8105,1.093
38.143962695,0.5783,0.4456,0.8704,1.136
38.146386156,0.5426,0.4862,0.9232,1.176
38.148959926,0.5099,0.5178,0.9620,1.206
38.151436849,0.4889,0.5449,0.9872,1.229
38.153602387,0.4710,0.5798,1.0036,1.251
38.156128926,0.4519,0.6206,1.0118,1.270
38.15878431,0.4297,0.6739,1.0092,1.287
38.160880541,0.4018,0.7389,0.9962,1.304
38.163806695,0.3720,0.8114,0.9771,1.323
38.165855618,0.3464,0.8849,0.9542,1.347
38.168119926,0.3303,0.9460,0.9235,1.363
38.170516233,0.3161,1.0027,0.8900,1.377
38.173552233,0.3100,1.0535,0.8443,1.385
38.176399695,0.3193,1.0948,0.7937,1.389
38.178104541,0.3289,1.1379,0.7541,1.404
38.180227926,0.3438,1.1857,0.7292,1.434
38.182712849,0.3606,1.2409,0.7062,1.473
38.184804003,0.3821,1.2849,0.6857,1.506
38.187212233,0.4123,1.3210,0.6669,1.536
38.189734464,0.4575,1.3396,0.6571,1.561
38.192978464,0.5018,1.3406,0.6500,1.572
38.194501464,0.5458,1.3328,0.6395,1.576
38.19749808,0.5927,1.3145,0.6254,1.572
38.209186464,0.6350,1.2883,0.6116,1.561
38.209580618,0.6769,1.2651,0.5865,1.550
38.209704618,0.7139,1.2404,0.5636,1.538
38.209828618,0.7461,1.2174,0.5369,1.526
38.209910464,0.7762,1.1989,0.5115,1.517
38.211368003,0.8033,1.1820,0.4854,1.509
38.21459931,0.8292,1.1681,0.4665,1.507
38.221494772,0.8539,1.1644,0.4509,1.513
38.222439387,0.8781,1.1640,0.4434,1.524
38.222700849,0.9089,1.1684,0.4467,1.546
38.225148541,0.9403,1.1733,0.4465,1.568
38.226107926,0.9787,1.1761,0.4409,1.592
38.228295926,1.0261,1.1717,0.4180,1.613
38.231097157,1.0750,1.1576,0.4043,1.631
38.23334331,1.1167,1.1437,0.4104,1.650
38.235547695,1.1475,1.1300,0.4096,1.662
38.238171926,1.1771,1.1043,0.4096,1.665
38.241097541,1.2064,1.0680,0.4182,1.665
38.242821849,1.2282,1.0240,0.4343,1.657
38.245327926,1.2348,0.9768,0.4634,1.641
38.247813541,1.2362,0.9287,0.5068,1.627
38.250379387,1.2154,0.8803,0.5662,1.604
38.25299108,1.1879,0.8397,0.6447,1.591
38.25502331,1.1524,0.8060,0.7385,1.588
38.257615387,1.1129,0.7720,0.8380,1.593
38.265994772,1.0696,0.7405,0.9328,1.601
38.266391387,1.0239,0.7154,1.0339,1.621
38.266645464,0.9753,0.6846,1.1284,1.641
38.27005931,0.9235,0.6606,1.2210,1.667
38.27051531,0.8690,0.6418,1.3209,1.706
38.271737849,0.8180,0.6240,1.4087,1.744
38.274113157,0.7696,0.6077,1.4797,1.775
38.27650308,0.7312,0.5935,1.5450,1.809
38.278936233,0.6931,0.5773,1.6104,1.846
38.281411926,0.6538,0.5724,1.6642,1.877
38.283719695,0.6159,0.5647,1.7126,1.906
38.286278157,0.5756,0.5617,1.7568,1.932
38.288668926,0.5343,0.5622,1.7895,1.950
38.292734695,0.4942,0.5637,1.8091,1.958
38.293633849,0.4559,0.5688,1.8159,1.957
38.296068233,0.4178,0.5763,1.8091,1.944
38.308478157,0.3862,0.5852,1.7842,1.917
38.308862464,0.3584,0.5896,1.7480,1.879
38.308982387,0.3313,0.5979,1.6955,1.828
38.309080926,0.3037,0.6103,1.6263,1.763
38.309171926,0.2807,0.6245,1.5445,1.689
38.311415387,0.2604,0.6340,1.4516,1.605
38.313238464,0.2475,0.6480,1.3558,1.523
38.31941108,0.2465,0.6550,1.2506,1.433
38.319684926,0.2550,0.6560,1.1423,1.342
38.320812849,0.2772,0.6594,1.0395,1.262
38.322511003,0.3054,0.6597,0.9503,1.196
38.326440926,0.3315,0.6655,0.8723,1.146
38.327031926,0.3606,0.6714,0.7949,1.101
38.329891926,0.3894,0.6732,0.7167,1.058
38.332218387,0.4260,0.6636,0.6381,1.014
38.334400926,0.4649,0.6558,0.5718,0.987
38.337203618,0.4964,0.6480,0.5157,0.966
38.340380233,0.5257,0.6360,0.4607,0.945
38.341629464,0.5460,0.6367,0.4116,0.934
38.344079618,0.5588,0.6406,0.3652,0.925
38.346772541,0.5621,0.6457,0.3309,0.918
38.349053233,0.5563,0.6509,0.3026,0.908
38.35132308,0.5446,0.6555,0.2789,0.897
38.354292926,0.5309,0.6597,0.2631,0.887
38.357017849,0.5099,0.6592,0.2538,0.871
38.358513772,0.4817,0.6609,0.2496,0.855
38.360936233,0.4432,0.6655,0.2550,0.839
38.364287003,0.3926,0.6795,0.2633,0.828
38.366669233,0.3252,0.6937,0.2726,0.813
38.368932233,0.2558,0.7098,0.2860,0.807
38.37124731,0.1791,0.7235,0.3002,0.803
38.373145541,0.1111,0.7361,0.3253,0.812
38.375468541,0.0530,0.7408,0.3463,0.819
38.378134157,0.0009,0.7420,0.3620,0.826
38.382630772,-0.0490,0.7381,0.3759,0.830
38.384344849,-0.0942,0.7425,0.3994,0.848
38.385437541,-0.1506,0.7538,0.4362,0.884
38.390221541,-0.2066,0.7667,0.4788,0.927
38.390757464,-0.2574,0.7831,0.5259,0.978
38.392494157,-0.3043,0.7941,0.5867,1.033
38.394947003,-0.3476,0.8146,0.6508,1.099
38.400397541,-0.3828,0.8241,0.7131,1.155
38.401004541,-0.4087,0.8353,0.7826,1.215
38.402049849,-0.4299,0.8414,0.8565,1.275
38.404273233,-0.4474,0.8566,0.9179,1.333
38.416029157,-0.4575,0.8720,0.9784,1.388
38.416688541,-0.4651,0.8905,1.0304,1.439
38.416869157,-0.4690,0.9055,1.0756,1.482
38.416970387,-0.4734,0.9211,1.1120,1.520
38.417076849,-0.4719,0.9372,1.1331,1.544
38.419549233,-0.4668,0.9424,1.1416,1.552
38.422204926,-0.4497,0.9467,1.1397,1.548
38.428799618,-0.4267,0.9397,1.1343,1.534
38.429459695,-0.3975,0.9336,1.1122,1.506
38.429719003,-0.3654,0.9282,1.1015,1.486
38.431338772,-0.3337,0.9255,1.0942,1.471
38.433297233,-0.3029,0.9280,1.1005,1.471
38.435921541,-0.2762,0.9336,1.1030,1.471
38.440208541,-0.2513,0.9434,1.1066,1.476
38.440761157,-0.2210,0.9483,1.1147,1.480
38.443284618,-0.1849,0.9511,1.1404,1.496
38.445806464,-0.1389,0.9406,1.1729,1.510
38.448067926,-0.0938,0.9304,1.1841,1.509
38.45025908,-0.0446,0.9155,1.2168,1.523
38.452723618,-0.0111,0.9050,1.2584,1.550
38.455267003,0.0176,0.8969,1.3009,1.580
38.457552926,0.0335,0.8905,1.3478,1.616
38.46005231,0.0503,0.8894,1.4077,1.666
38.462428541,0.0696,0.8859,1.4729,1.720
38.464772849,0.0882,0.8793,1.5369,1.773
38.46739231,0.1111,0.8703,1.5967,1.822
38.469798157,0.1356,0.8542,1.6554,1.868
38.472334157,0.1627,0.8341,1.7036,1.904
38.474493464,0.1947,0.8048,1.7446,1.931
38.476887387,0.2262,0.7745,1.7842,1.958
38.479499387,0.2590,0.7447,1.8215,1.985
38.482589849,0.2765,0.7249,1.8611,2.016
38.484234464,0.2861,0.7156,1.8997,2.050
38.487177849,0.2839,0.7127,1.9319,2.079
38.489105541,0.2721,0.7119,1.9608,2.104
38.49149508,0.2534,0.7130,1.9706,2.111
38.493813772,0.2280,0.7195,1.9750,2.114
38.496070157,0.2020,0.7264,1.9454,2.086
38.501773541,0.1754,0.7376,1.9083,2.053
38.502147003,0.1554,0.7523,1.8601,2.012
38.504136849,0.1353,0.7671,1.8059,1.967
38.517592541,0.1341,0.7820,1.7504,1.922
38.518127003,0.1465,0.7969,1.7003,1.884
38.518283003,0.1717,0.8058,1.6532,1.847
38.51836708,0.2096,0.8204,1.6153,1.824
38.51846831,0.2565,0.8407,1.5855,1.813
38.51856308,0.3024,0.8686,1.5584,1.810
38.520383695,0.3447,0.9035,1.5317,1.811
38.528669157,0.3948,0.9441,1.5061,1.821
38.529403387,0.4500,0.9861,1.4688,1.825
38.530031926,0.5162,1.0103,1.4204,1.818
38.530425233,0.5947,1.0177,1.3688,1.806
38.532255926,0.6821,0.9946,1.3016,1.774
38.534825233,0.7735,0.9516,1.2198,1.730
38.537266387,0.8605,0.8873,1.1199,1.668
38.539474772,0.9438,0.8141,1.0111,1.605
38.541926695,1.0078,0.7479,0.8885,1.538
38.544538157,1.0505,0.6924,0.7590,1.469
38.546911387,1.0801,0.6548,0.6412,1.417
38.549148003,1.0847,0.6340,0.5198,1.360
38.551711003,1.0869,0.6277,0.3987,1.317
38.554376233,1.0859,0.6223,0.2834,1.283
38.556212618,1.0838,0.6240,0.2014,1.267
38.558913233,1.0766,0.6267,0.1321,1.253
38.561348233,1.0633,0.6284,0.0666,1.237
38.563947387,1.0535,0.6345,0.0180,1.230
38.567495003,1.0381,0.6380,-0.0156,1.219
38.568504926,1.0210,0.6450,-0.0368,1.208
38.571372003,1.0061,0.6457,-0.0379,1.196
38.573243695,0.9929,0.6424,-0.0271,1.183
38.575651926,0.9829,0.6367,-0.0075,1.171
38.578279695,0.9762,0.6259,0.0127,1.160
38.580646772,0.9736,0.6091,0.0386,1.149
38.583229849,0.9655,0.5898,0.0793,1.134
38.585571618,0.9533,0.5658,0.1280,1.116
38.58805231,0.9415,0.5441,0.1807,1.102
38.590256618,0.9257,0.5136,0.2413,1.086
38.592756849,0.9084,0.4836,0.2978,1.071
38.596138157,0.8925,0.4517,0.3544,1.061
38.597444618,0.8661,0.4254,0.4157,1.051
38.60010308,0.8327,0.4019,0.4758,1.040
38.602483926,0.7959,0.3799,0.5238,1.026
38.607332003,0.7640,0.3501,0.5567,1.008
38.60779008,0.7363,0.3189,0.5726,0.986
38.609743926,0.7168,0.2832,0.5934,0.973
38.623288233,0.7076,0.2456,0.6109,0.967
38.623623926,0.7027,0.2082,0.6168,0.958
38.623754387,0.7019,0.1750,0.6242,0.955
38.62386608,0.6992,0.1500,0.6381,0.958
38.624929157,0.6953,0.1293,0.6481,0.959
38.62501908,0.6926,0.1100,0.6486,0.955
38.627268233,0.6892,0.0914,0.6459,0.949
38.635187618,0.6853,0.0760,0.6473,0.946
38.635894772,0.6797,0.0567,0.6430,0.937
38.636054772,0.6778,0.0331,0.6391,0.932
38.636195003,0.6792,0.0089,0.6312,0.927
38.638658387,0.6816,-0.0155,0.6190,0.921
38.640814695,0.6806,-0.0343,0.6081,0.913
38.643588003,0.6816,-0.0488,0.5936,0.905
38.645732541,0.6802,-0.0600,0.5750,0.893
38.648288233,0.6814,-0.0675,0.5604,0.885
38.651449464,0.6874,-0.0756,0.5401,0.878
38.65466208,0.6934,-0.0854,0.5181,0.870
38.655705233,0.7032,-0.0924,0.4930,0.864
38.657775695,0.7185,-0.1084,0.4653,0.863
38.660425233,0.7319,-0.1240,0.4362,0.861
38.66330831,0.7517,-0.1391,0.4074,0.866
38.665315926,0.7717,-0.1582,0.3854,0.877
38.667951003,0.7854,-0.1694,0.3642,0.882
38.670456233,0.7967,-0.1802,0.3437,0.886
38.672385849,0.7976,-0.1883,0.3244,0.881
38.675411695,0.8001,-0.1951,0.3114,0.880
38.678913541,0.7920,-0.2000,0.3029,0.871
38.680036618,0.7789,-0.2012,0.2967,0.857
38.682895618,0.7659,-0.2029,0.2936,0.845
38.684896926,0.7479,-0.2004,0.2899,0.827
38.687155387,0.7319,-0.1990,0.2846,0.810
38.688972233,0.7153,-0.2002,0.2841,0.795
38.691525541,0.6946,-0.2014,0.2782,0.775
38.694350387,0.6716,-0.2039,0.2729,0.753
38.696421772,0.6538,-0.2056,0.2760,0.739
38.699089772,0.6317,-0.2083,0.2778,0.721
38.70710308,0.6023,-0.2112,0.2782,0.696
38.707712926,0.5783,-0.2132,0.2838,0.678
38.708060849,0.5446,-0.2112,0.3011,0.657
38.708349157,0.5206,-0.2117,0.3193,0.646
38.724381849,0.5050,-0.2100,0.3249,0.636
38.72492208,0.4877,-0.2034,0.3334,0.625
38.725277849,0.4619,-0.1929,0.3430,0.607
38.725417541,0.4351,-0.1829,0.3503,0.588
38.725545849,0.4087,-0.1750,0.3591,0.571
38.72571931,0.3855,-0.1660,0.3708,0.560
38.725848003,0.3652,-0.1511,0.3789,0.547
38.735790464,0.3469,-0.1420,0.3884,0.540
38.736137157,0.3296,-0.1279,0.3945,0.530
38.736263003,0.3107,-0.1154,0.3979,0.518
38.73637108,0.2939,-0.1024,0.3915,0.500
38.737158157,0.2856,-0.0947,0.3830,0.487
38.739628541,0.2888,-0.0881,0.3659,0.474
38.741906387,0.2981,-0.0851,0.3576,0.473
38.744555003,0.3161,-0.0770,0.3383,0.469
38.746764003,0.3420,-0.0705,0.3041,0.463
38.749240233,0.3708,-0.0702,0.2760,0.468
38.751740541,0.3955,-0.0678,0.2533,0.475
38.75412031,0.4239,-0.0683,0.2333,0.489
38.756495926,0.4530,-0.0656,0.2096,0.503
38.759017772,0.4879,-0.0602,0.1856,0.525
38.761271695,0.5238,-0.0534,0.1639,0.551
38.764010695,0.5619,-0.0521,0.1478,0.583
38.766251695,0.5949,-0.0458,0.1343,0.612
38.76927008,0.6254,-0.0370,0.1180,0.638
38.771230157,0.6520,-0.0285,0.1074,0.661
38.773447618,0.6748,-0.0197,0.1013,0.683
38.775862387,0.6975,-0.0209,0.0969,0.705
38.77831231,0.7307,-0.0321,0.0991,0.738
38.780729157,0.7657,-0.0434,0.0891,0.772
38.783135003,0.7987,-0.0558,0.0915,0.806
38.785718464,0.8180,-0.0646,0.0945,0.826
38.788610387,0.8238,-0.0700,0.0986,0.833
38.790406387,0.8218,-0.0683,0.1038,0.831
38.79267231,0.8148,-0.0576,0.1216,0.826
38.795145772,0.7984,-0.0446,0.1526,0.814
38.797515926,0.7798,-0.0260,0.1878,0.803
38.799854157,0.7596,-0.0092,0.2340,0.795
38.805523695,0.7363,0.0122,0.2862,0.790
38.806151387,0.7265,0.0294,0.3454,0.805
38.807314464,0.7244,0.0445,0.4050,0.831
38.822537772,0.7270,0.0620,0.4681,0.867
38.823073157,0.7405,0.0797,0.5257,0.912
38.823245157,0.7540,0.1021,0.5799,0.957
38.823398772,0.7628,0.1281,0.6437,1.006
38.823539618,0.7722,0.1593,0.7055,1.058
38.823958157,0.7779,0.1859,0.7649,1.107
38.824081772,0.7899,0.2118,0.8228,1.160
38.826604003,0.8062,0.2339,0.8870,1.221
38.833856003,0.8138,0.2686,0.9428,1.274
38.83430431,0.8201,0.3028,0.9820,1.315
38.834460618,0.8243,0.3431,1.0255,1.360
38.837822387,0.8304,0.3807,1.0728,1.409
38.83842708,0.8358,0.4259,1.1224,1.463
38.841103003,0.8451,0.4671,1.1790,1.524
38.843841233,0.8544,0.5050,1.2340,1.584
38.846047926,0.8693,0.5446,1.2769,1.638
38.848342695,0.8790,0.5937,1.3016,1.679
38.850805233,0.8856,0.6521,1.3087,1.709
38.853030464,0.8849,0.7107,1.2877,1.716
38.855340233,0.8758,0.7664,1.2438,1.703
38.85781631,0.8668,0.8178,1.1739,1.673
38.860149772,0.8548,0.8676,1.0920,1.636
38.862587926,0.8419,0.9111,0.9867,1.585
38.865044003,0.8390,0.9485,0.8697,1.536
38.86810831,0.8355,0.9763,0.7507,1.488
38.869880541,0.8397,1.0019,0.6400,1.456
38.87226431,0.8478,1.0196,0.5459,1.434
38.874881464,0.8560,1.0347,0.4673,1.422
38.877099618,0.8668,1.0543,0.4069,1.424
38.879496541,0.8817,1.0697,0.3686,1.434
38.881939387,0.8949,1.0909,0.3449,1.453
38.885325233,0.9103,1.1116,0.3379,1.476
38.886854772,0.9171,1.1370,0.3381,1.499
38.889225772,0.9186,1.1610,0.3459,1.520
38.891571926,0.9120,1.1782,0.3637,1.534
38.894725849,0.8988,1.1984,0.3887,1.548
38.896546157,0.8802,1.2118,0.4050,1.552
38.898790695,0.8565,1.2148,0.4380,1.550
38.904849464,0.8314,1.2101,0.4730,1.543
38.905523003,0.7992,1.1935,0.5112,1.525
38.906009464,0.7686,1.1715,0.5447,1.503
38.909097541,0.7373,1.1507,0.5797,1.485
38.922120233,0.7107,1.1302,0.6207,1.472
38.922575387,0.6853,1.1109,0.6637,1.464
38.923219003,0.6584,1.0987,0.7080,1.463
38.923360618,0.6340,1.0911,0.7512,1.469
38.923471926,0.6124,1.0867,0.7956,1.480
38.923578464,0.5907,1.0870,0.8194,1.484
38.926063003,0.5837,1.0831,0.8389,1.489
38.933577541,0.5790,1.0821,0.8604,1.499
38.93410031,0.5819,1.0794,0.8706,1.504
38.934232926,0.6010,1.0743,0.8795,1.513
38.935068618,0.6237,1.0723,0.8883,1.526
38.937984618,0.6410,1.0765,0.8970,1.541
38.940191618,0.6540,1.0806,0.8972,1.549
38.943717541,0.6689,1.0804,0.8944,1.554
38.944792003,0.6850,1.0792,0.8927,1.559
38.947390387,0.7051,1.0699,0.8937,1.562
38.94975508,0.7258,1.0562,0.8888,1.560
38.951846387,0.7496,1.0369,0.8827,1.554
38.954260233,0.7691,1.0168,0.8734,1.545
38.956995387,0.7891,0.9961,0.8665,1.538
38.959249849,0.8052,0.9702,0.8646,1.529
38.961885233,0.8218,0.9443,0.8648,1.521
38.96430331,0.8367,0.9182,0.8685,1.516
38.967634464,0.8524,0.8905,0.8650,1.506
38.968884233,0.8705,0.8647,0.8667,1.502
38.971519003,0.8819,0.8419,0.8694,1.498
38.973945464,0.8900,0.8200,0.8677,1.489
38.976264003,0.8996,0.7938,0.8545,1.473
38.978392233,0.9089,0.7772,0.8392,1.461
38.981161157,0.9061,0.7611,0.8433,1.453
38.983347926,0.8976,0.7535,0.8362,1.440
38.985731618,0.8881,0.7415,0.8262,1.422
38.988290464,0.8793,0.7288,0.8152,1.403
38.990769157,0.8688,0.7174,0.8030,1.384
38.99619008,0.8578,0.7076,0.7875,1.363
38.996821157,0.8463,0.6968,0.7700,1.340
38.998264849,0.8318,0.6917,0.7500,1.316
39.012958157,0.8167,0.6868,0.7324,1.294
39.013460618,0.8045,0.6802,0.7123,1.272
39.013600003,0.7952,0.6719,0.6989,1.254
39.013847387,0.7850,0.6621,0.6915,1.238
39.013936849,0.7745,0.6482,0.6862,1.221
39.014024003,0.7647,0.6399,0.6871,1.211
39.01477008,0.7491,0.6313,0.6957,1.202
39.017632618,0.7298,0.6215,0.7001,1.187
39.019444003,0.7048,0.6152,0.7094,1.174
39.022173464,0.6829,0.6086,0.7216,1.165
39.02462831,0.6562,0.5979,0.7285,1.148
39.026759003,0.6277,0.5876,0.7365,1.132
39.029027695,0.6047,0.5766,0.7321,1.111
39.03198308,0.5712,0.5693,0.7311,1.089
39.03411631,0.5289,0.5598,0.7451,1.072
39.036340849,0.4884,0.5551,0.7446,1.049
39.038715387,0.4417,0.5507,0.7353,1.019
39.04201808,0.4043,0.5461,0.7111,0.984
39.04351008,0.3701,0.5421,0.6822,0.947
39.046083926,0.3413,0.5381,0.6537,0.913
39.048424926,0.3115,0.5332,0.6332,0.884
39.050753541,0.2846,0.5329,0.6112,0.859
39.05330031,0.2616,0.5365,0.5883,0.838
39.055806157,0.2394,0.5429,0.5729,0.825
39.058395387,0.2184,0.5488,0.5582,0.813
39.06041231,0.1994,0.5561,0.5428,0.802
39.06316431,0.1823,0.5625,0.5220,0.789
39.065451003,0.1649,0.5747,0.4971,0.778
39.06773531,0.1444,0.5824,0.4717,0.763
39.070448926,0.1226,0.5998,0.4448,0.757
39.07285231,0.1048,0.6233,0.4155,0.756
39.075165772,0.0877,0.6487,0.3889,0.761
39.077325849,0.0726,0.6776,0.3500,0.766
39.080256849,0.0550,0.7107,0.3067,0.776
39.082545849,0.0422,0.7433,0.2657,0.790
39.084828849,0.0298,0.7757,0.2222,0.807
39.087475387,0.0168,0.8090,0.1800,0.829
39.09002331,0.0044,0.8407,0.1365,0.852
39.095220849,-0.0102,0.8705,0.1015,0.876
39.095898695,-0.0232,0.8979,0.0710,0.901
39.096776541,-0.0395,0.9309,0.0466,0.933
39.112576003,-0.0615,0.9551,0.0258,0.957
39.113321157,-0.0833,0.9783,0.0143,0.982
39.11375131,-0.1045,1.0005,0.0114,1.006
39.113833772,-0.1211,1.0117,0.0136,1.019
39.113900541,-0.1336,1.0191,0.0295,1.028
39.113970387,-0.1350,1.0212,0.0510,1.031
39.114040003,-0.1267,1.0230,0.0854,1.034
39.124564618,-0.1196,1.0245,0.1329,1.040
39.12520708,-0.1050,1.0301,0.1888,1.053
39.125421772,-0.0986,1.0354,0.2535,1.071
39.125879618,-0.0861,1.0440,0.3274,1.097
39.126203926,-0.0728,1.0471,0.4082,1.126
39.128106157,-0.0532,1.0431,0.4886,1.153
39.130636541,-0.0365,1.0447,0.5636,1.188
39.134249772,-0.0214,1.0447,0.6452,1.228
39.135303695,-0.0058,1.0452,0.7292,1.274
39.138618464,0.0158,1.0520,0.8089,1.327
39.140261849,0.0359,1.0655,0.8836,1.385
39.142487695,0.0545,1.0753,0.9537,1.438
39.145091003,0.0701,1.0821,1.0221,1.490
39.147391618,0.0872,1.0858,1.0893,1.541
39.150150157,0.1078,1.0890,1.1555,1.591
39.152456003,0.1232,1.0909,1.2271,1.647
39.15471908,0.1388,1.0931,1.2946,1.700
39.157452003,0.1526,1.0911,1.3579,1.749
39.159341157,0.1654,1.0914,1.4297,1.806
39.162349464,0.1857,1.0870,1.4900,1.854
39.16446708,0.1949,1.0794,1.5403,1.891
39.166647926,0.2001,1.0716,1.5890,1.927
39.168902387,0.2152,1.0584,1.6368,1.961
39.171901541,0.2360,1.0394,1.6828,1.992
39.174166387,0.2632,1.0140,1.7265,2.019
39.176305233,0.2797,0.9912,1.7668,2.045
39.178815926,0.2954,0.9760,1.8044,2.073
39.181131618,0.3042,0.9604,1.8399,2.098
39.18331631,0.3039,0.9504,1.8748,2.124
39.18620031,0.3054,0.9406,1.9097,2.151
39.188749464,0.3051,0.9329,1.9230,2.159
39.190865233,0.2961,0.9282,1.9523,2.182
39.193077233,0.2804,0.9306,1.9524,2.181
39.195718157,0.2539,0.9409,1.9415,2.172
39.202993157,0.2155,0.9580,1.9193,2.156
39.203575618,0.1619,0.9874,1.8967,2.144
39.20386608,0.1009,1.0228,1.8672,2.131
39.205923695,0.0433,1.0559,1.8303,2.113
39.22060608,-0.0046,1.0780,1.7856,2.086
39.221413464,-0.0478,1.0862,1.7318,2.045
39.221610464,-0.0715,1.0816,1.6852,2.004
39.221759618,-0.0859,1.0750,1.6283,1.953
39.221928233,-0.0908,1.0778,1.5672,1.904
39.22201231,-0.0952,1.1011,1.5173,1.877
39.231530157,-0.0971,1.1426,1.4651,1.861
39.232162695,-0.0920,1.2003,1.4199,1.862
39.232630772,-0.0793,1.2621,1.3873,1.877
39.23278208,-0.0626,1.3296,1.3605,1.903
39.23303631,-0.0304,1.3823,1.3288,1.918
39.234934157,0.0127,1.4168,1.2946,1.919
39.236628926,0.0771,1.4302,1.2518,1.902
39.239659618,0.1647,1.4198,1.1927,1.862
39.241520926,0.2653,1.3799,1.1350,1.806
39.243901772,0.3664,1.3269,1.0627,1.739
39.246660233,0.4622,1.2616,0.9789,1.662
39.248618464,0.5453,1.2045,0.8909,1.594
39.250920618,0.6124,1.1535,0.8066,1.535
39.253412618,0.6623,1.1160,0.7285,1.488
39.256239387,0.7063,1.0934,0.6671,1.463
39.258322772,0.7391,1.0794,0.5726,1.428
39.260540003,0.7796,1.0636,0.4984,1.410
39.263111003,0.8304,1.0335,0.4541,1.401
39.265585464,0.8830,0.9998,0.4074,1.395
39.272736233,0.9340,0.9623,0.3637,1.389
39.273130157,0.9870,0.9262,0.3268,1.392
39.273409233,1.0415,0.8894,0.2983,1.402
39.275042157,1.0967,0.8539,0.2794,1.418
39.277404003,1.1488,0.8212,0.2687,1.437
39.279939003,1.1959,0.7862,0.2589,1.454
39.282107618,1.2313,0.7611,0.2571,1.470
39.284786695,1.2580,0.7312,0.2576,1.478
39.287557233,1.2748,0.7034,0.2608,1.479
39.289644849,1.2783,0.6736,0.2636,1.469
39.292055003,1.2727,0.6441,0.2643,1.451
39.294449464,1.2541,0.6140,0.2650,1.421
39.300727618,1.2271,0.5861,0.2638,1.385
39.301205772,1.1935,0.5573,0.2592,1.342
39.301619926,1.1481,0.5323,0.2592,1.292
39.303980618,1.1009,0.5065,0.2692,1.241
39.313274464,1.0477,0.4833,0.2750,1.186
39.313631926,0.9983,0.4538,0.2780,1.131
39.313780233,0.9504,0.4134,0.2892,1.076
39.313869157,0.8966,0.3839,0.3119,1.024
39.315805849,0.8374,0.3590,0.3388,0.972
39.318218772,0.7735,0.3382,0.3717,0.922
39.320745233,0.7114,0.3166,0.4076,0.879
39.325324926,0.6520,0.2922,0.4336,0.836
39.325892849,0.5959,0.2714,0.4641,0.803
39.32831908,0.5460,0.2500,0.4966,0.779
39.330571926,0.5043,0.2260,0.5296,0.765
39.333492233,0.4720,0.2057,0.5643,0.764
39.335601849,0.4414,0.1859,0.5929,0.762
39.338905541,0.4132,0.1591,0.6195,0.761
39.340050695,0.3880,0.1410,0.6461,0.767
39.342686464,0.3726,0.1137,0.6586,0.765
39.345304003,0.3633,0.0839,0.6652,0.763
39.347516003,0.3587,0.0545,0.6713,0.763
39.350085772,0.3577,0.0228,0.6703,0.760
39.352384003,0.3574,-0.0101,0.6696,0.759
39.35502608,0.3555,-0.0421,0.6659,0.756
39.357361464,0.3498,-0.0685,0.6571,0.748
39.359577541,0.3466,-0.0975,0.6484,0.742
39.362113541,0.3413,-0.1196,0.6375,0.733
39.364312003,0.3324,-0.1413,0.6305,0.727
39.366792541,0.3259,-0.1580,0.6254,0.723
39.36948331,0.3166,-0.1702,0.6239,0.720
39.371621772,0.3042,-0.1821,0.6144,0.709
39.373736233,0.2970,-0.1956,0.6083,0.705
39.376609541,0.2946,-0.2100,0.6012,0.702
39.37913908,0.2995,-0.2227,0.5902,0.698
39.380978772,0.3017,-0.2342,0.5736,0.689
39.383457772,0.3068,-0.2410,0.5518,0.676
39.386177541,0.3049,-0.2522,0.5233,0.656
39.388552618,0.3042,-0.2638,0.4917,0.636
39.390850387,0.3066,-0.2775,0.4646,0.622
39.393231695,0.3100,-0.2828,0.4451,0.612
39.395770772,0.3086,-0.2862,0.4199,0.595
39.398626772,0.3039,-0.2843,0.3884,0.569
39.400401464,0.3024,-0.2818,0.3576,0.547
39.408232618,0.3035,-0.2796,0.3283,0.527
39.409066387,0.3086,-0.2784,0.3009,0.513
39.409299926,0.3161,-0.2794,0.2731,0.503
39.410312003,0.3184,-0.2796,0.2471,0.491
39.426440003,0.3215,-0.2796,0.2205,0.480
39.426974464,0.3242,-0.2747,0.2000,0.470
39.427072233,0.3252,-0.2710,0.1781,0.459
39.427292618,0.3249,-0.2640,0.1583,0.448
39.427476003,0.3291,-0.2596,0.1397,0.442
39.427597157,0.3347,-0.2547,0.1269,0.439
39.427721772,0.3401,-0.2540,0.1169,0.440
39.436366464,0.3520,-0.2515,0.1050,0.445
39.436915695,0.3531,-0.2459,0.0994,0.442
39.437357541,0.3528,-0.2349,0.0833,0.432
39.437574157,0.3535,-0.2263,0.0612,0.424
39.439089772,0.3577,-0.2217,0.0432,0.423
39.44203408,0.3701,-0.2158,0.0236,0.429
39.445161541,0.3838,-0.2156,0.0018,0.440
39.447418387,0.4029,-0.2132,0.0065,0.456
39.449253233,0.4239,-0.2039,-0.0063,0.470
39.451739387,0.4458,-0.1909,-0.0151,0.485
39.453752849,0.4600,-0.1797,-0.0163,0.494
39.456522387,0.4796,-0.1699,-0.0227,0.509
39.458506464,0.4938,-0.1626,-0.0364,0.521
39.46079908,0.5062,-0.1511,-0.0452,0.530
39.463624926,0.5148,-0.1376,-0.0586,0.536
39.465458387,0.5224,-0.1296,-0.0747,0.543
39.468122387,0.5304,-0.1228,-0.0911,0.552
39.47104831,0.5353,-0.1152,-0.1080,0.558
39.473167926,0.5460,-0.1068,-0.1226,0.570
39.475700541,0.5546,-0.0993,-0.1309,0.578
39.477618695,0.5681,-0.0988,-0.1412,0.594
39.480337464,0.5830,-0.0981,-0.1446,0.609
39.482883926,0.6117,-0.1030,-0.1412,0.636
39.485255926,0.6543,-0.1179,-0.1243,0.676
39.487583003,0.7036,-0.1331,-0.0987,0.723
39.489935926,0.7584,-0.1415,-0.0559,0.773
39.492591387,0.8172,-0.1469,-0.0032,0.830
39.49464331,0.8700,-0.1462,0.0551,0.884
39.496860849,0.9145,-0.1494,0.1155,0.934
39.49948208,0.9516,-0.1540,0.1832,0.981
39.502073849,0.9809,-0.1692,0.2484,1.026
39.507584541,1.0065,-0.1762,0.3016,1.065
39.508148849,1.0330,-0.1843,0.3656,1.111
39.510160234,1.0517,-0.1929,0.4392,1.156
39.512472926,1.0657,-0.1934,0.5169,1.200
39.526515003,1.0720,-0.1909,0.6060,1.246
39.527018157,1.0747,-0.1792,0.7011,1.296
39.52710431,1.0733,-0.1606,0.7947,1.345
39.527185541,1.0743,-0.1376,0.8844,1.398
39.527260926,1.0720,-0.1073,0.9699,1.450
39.527338695,1.0718,-0.0765,1.0449,1.499
39.528600618,1.0806,-0.0458,1.1138,1.553
39.530572618,1.0933,-0.0145,1.1753,1.605
39.53322431,1.1116,0.0164,1.2266,1.655
39.537616541,1.1290,0.0455,1.2687,1.699
39.538205464,1.1424,0.0878,1.3073,1.738
39.542428618,1.1353,0.1412,1.3393,1.761
39.542982387,1.1097,0.2138,1.3681,1.774
39.54537631,1.0691,0.2905,1.3801,1.770
39.547500003,1.0254,0.3753,1.3730,1.754
39.550192618,0.9736,0.4596,1.3461,1.724
39.552522695,0.9120,0.5473,1.2887,1.671
39.554884926,0.8395,0.6352,1.2061,1.601
39.557424849,0.7654,0.7176,1.0835,1.508
39.560208003,0.6878,0.7948,0.9388,1.409
39.562270157,0.5979,0.8740,0.7835,1.317
39.564516541,0.5040,0.9416,0.6337,1.242
39.567090695,0.4229,1.0051,0.4338,1.174
39.56986708,0.3557,1.0608,0.2611,1.149
39.57158608,0.2927,1.1114,0.0945,1.153
39.574320541,0.2423,1.1510,-0.0769,1.179
39.57719531,0.2059,1.1898,-0.2243,1.228
39.578835926,0.1737,1.2316,-0.3386,1.289
39.58160331,0.1437,1.2814,-0.4248,1.358
39.583874387,0.1248,1.3301,-0.4581,1.412
39.586592926,0.1178,1.3685,-0.4434,1.443
39.588593772,0.1234,1.3963,-0.3887,1.455
39.591025849,0.1579,1.4051,-0.2958,1.445
39.593858695,0.2082,1.3848,-0.1681,1.410
39.596117157,0.2651,1.3511,-0.0324,1.377
39.598872849,0.3149,1.3086,0.0891,1.349
39.600875003,0.3533,1.2661,0.1883,1.328
39.606569464,0.3902,1.2126,0.2939,1.307
39.606997234,0.4370,1.1625,0.4011,1.305
39.608122157,0.4901,1.1085,0.5054,1.313
39.618763926,0.5472,1.0528,0.6209,1.339
39.61906308,0.6108,0.9979,0.7485,1.389
39.619155387,0.6694,0.9458,0.8885,1.460
39.619244003,0.7251,0.8913,1.0346,1.546
39.61996031,0.7784,0.8409,1.1763,1.642
39.622108926,0.8285,0.7980,1.3178,1.749
39.624654157,0.8766,0.7631,1.4656,1.870
39.630311926,0.9098,0.7376,1.5923,1.977
39.630585541,0.9362,0.7259,1.6959,2.069
39.63192431,0.9557,0.7215,1.7721,2.139
39.634525464,0.9692,0.7232,1.8286,2.192
39.636726695,0.9783,0.7303,1.8653,2.229
39.639032926,0.9853,0.7315,1.8711,2.238
39.641804618,0.9963,0.7324,1.8572,2.231
39.644439618,1.0058,0.7268,1.8354,2.216
39.646336849,1.0144,0.7232,1.8056,2.194
39.649031618,1.0214,0.7147,1.7604,2.157
39.652470387,1.0214,0.7068,1.7092,2.113
39.653921464,1.0224,0.6993,1.6491,2.062
39.65631531,1.0178,0.6951,1.5890,2.011
39.65949131,1.0061,0.6905,1.5377,1.963
39.66113508,0.9892,0.6876,1.4834,1.911
39.663621849,0.9655,0.6881,1.4313,1.859
39.666127003,0.9291,0.6902,1.3898,1.809
39.669372003,0.8915,0.6944,1.3470,1.758
39.670857234,0.8524,0.6968,1.3083,1.710
39.672969849,0.8129,0.6941,1.2762,1.665
39.675723387,0.7730,0.6944,1.2447,1.621
39.678283926,0.7319,0.6951,1.2117,1.577
39.680429234,0.6909,0.6926,1.1770,1.531
39.682722157,0.6511,0.6921,1.1409,1.485
39.685406157,0.6176,0.6872,1.1035,1.439
39.68773808,0.5842,0.6792,1.0691,1.395
39.690056003,0.5497,0.6690,1.0319,1.347
39.692558772,0.5208,0.6572,0.9977,1.303
39.694818157,0.4950,0.6473,0.9694,1.266
39.697033849,0.4691,0.6441,0.9391,1.232
39.699979695,0.4370,0.6362,0.9063,1.190
39.704668926,0.4121,0.6340,0.8741,1.156
39.705149541,0.3926,0.6277,0.8392,1.119
39.70680208,0.3760,0.6171,0.7966,1.076
39.709197234,0.3603,0.6086,0.7504,1.031
39.721371387,0.3487,0.6005,0.7036,0.989
39.721791695,0.3361,0.5917,0.6591,0.947
39.721922695,0.3225,0.5873,0.6217,0.914
39.722033157,0.3075,0.5856,0.5755,0.877
39.722150157,0.2934,0.5817,0.5240,0.836
39.72455108,0.2827,0.5779,0.4770,0.801
39.726509772,0.2726,0.5700,0.4341,0.767
39.732946387,0.2639,0.5705,0.3959,0.743
39.733790157,0.2529,0.5676,0.3519,0.714
39.734000849,0.2448,0.5688,0.3085,0.692
39.73567631,0.2399,0.5747,0.2672,0.678
39.738262772,0.2362,0.5798,0.2264,0.666
39.740703387,0.2333,0.5861,0.1875,0.658
39.743678157,0.2367,0.5957,0.1421,0.657
39.745209157,0.2426,0.5984,0.1038,0.654
39.747755003,0.2514,0.6052,0.0830,0.661
39.750156003,0.2590,0.6017,0.0502,0.657
39.752717234,0.2758,0.6010,0.0229,0.662
39.755134387,0.2897,0.6033,0.0202,0.670
39.757725157,0.2998,0.6030,0.0239,0.674
39.75991408,0.3044,0.6091,0.0334,0.682
39.762223926,0.3005,0.6191,0.0537,0.690
39.76528208,0.2958,0.6271,0.0801,0.698
39.767527926,0.2912,0.6338,0.1096,0.706
39.76964331,0.2868,0.6367,0.1362,0.712
39.771857464,0.2893,0.6385,0.1732,0.722
39.774301849,0.2819,0.6404,0.2056,0.729
39.776748234,0.2788,0.6433,0.2408,0.741
39.780313464,0.2685,0.6511,0.2824,0.759
39.78199931,0.2607,0.6587,0.3251,0.779
39.784995387,0.2434,0.6692,0.3691,0.802
39.786298772,0.2164,0.6792,0.4157,0.825
39.788821849,0.1873,0.6876,0.4590,0.848
39.79128431,0.1558,0.6905,0.5042,0.869
39.793802772,0.1160,0.6975,0.5384,0.889
39.796288926,0.0724,0.7083,0.5701,0.912
39.79886308,0.0300,0.7181,0.5955,0.933
39.80509531,-0.0072,0.7224,0.6083,0.944
39.806102157,-0.0383,0.7291,0.6144,0.954
39.806490772,-0.0598,0.7317,0.6244,0.964
39.808687387,-0.0779,0.7413,0.6324,0.978
39.822751926,-0.0886,0.7491,0.6428,0.991
39.823610464,-0.1015,0.7579,0.6486,1.003
39.823761772,-0.1140,0.7638,0.6510,1.010
39.823870695,-0.1252,0.7764,0.6510,1.021
39.823944618,-0.1292,0.7869,0.6505,1.029
39.824016926,-0.1292,0.8006,0.6540,1.042
39.826497464,-0.1285,0.8119,0.6598,1.054
39.832989464,-0.1240,0.8192,0.6605,1.060
39.833802772,-0.1184,0.8329,0.6654,1.073
39.833950772,-0.1059,0.8421,0.6701,1.081
39.834870772,-0.0917,0.8551,0.6787,1.096
39.837454772,-0.0712,0.8698,0.6862,1.110
39.841004618,-0.0453,0.8820,0.7008,1.127
39.842980618,-0.0127,0.8989,0.7153,1.149
39.844203618,0.0261,0.9057,0.7283,1.162
39.846644003,0.0684,0.9113,0.7656,1.192
39.849188003,0.1153,0.9204,0.8201,1.238
39.85184831,0.1575,0.9294,0.8755,1.287
39.854022695,0.1959,0.9309,0.9319,1.332
39.856196003,0.2413,0.9294,0.9936,1.382
39.858804849,0.2834,0.9260,1.0539,1.431
39.861068926,0.3237,0.9148,1.1184,1.481
39.863760541,0.3664,0.9033,1.1900,1.538
39.866019003,0.3950,0.8925,1.2587,1.593
39.86842708,0.4170,0.8903,1.3239,1.649
39.870905772,0.4285,0.8903,1.3989,1.713
39.873740849,0.4339,0.8917,1.4707,1.774
39.875756541,0.4351,0.8920,1.5403,1.832
39.878103695,0.4356,0.8905,1.6036,1.885
39.880822695,0.4422,0.8884,1.6603,1.934
39.883881541,0.4466,0.8803,1.7123,1.976
39.885108926,0.4454,0.8717,1.7521,2.007
39.887967387,0.4324,0.8688,1.7819,2.029
39.890278157,0.4116,0.8768,1.8054,2.049
39.892752541,0.3813,0.8884,1.8142,2.056
39.894976618,0.3373,0.9096,1.8047,2.049
39.897305772,0.2821,0.9434,1.7876,2.041
39.90416308,0.2115,0.9876,1.7616,2.031
39.904684926,0.1417,1.0418,1.7194,2.015
39.90491108,0.0720,1.0939,1.6624,1.991
39.907625464,0.0098,1.1437,1.5904,1.959
39.92135631,-0.0551,1.1871,1.5110,1.922
39.922327618,-0.1162,1.2272,1.4260,1.885
39.922469541,-0.1678,1.2724,1.3395,1.855
39.922590772,-0.2115,1.3235,1.2559,1.837
39.92271008,-0.2503,1.3678,1.1751,1.821
39.922989157,-0.2777,1.4072,1.0979,1.806
39.924493849,-0.3041,1.4398,1.0316,1.797
39.93319508,-0.3277,1.4747,0.9906,1.807
39.933962157,-0.3424,1.4982,0.9498,1.807
39.934116234,-0.3375,1.5223,0.9179,1.809
39.934471387,-0.3124,1.5453,0.9095,1.820
39.936180003,-0.2677,1.5661,0.9305,1.841
39.938417849,-0.2044,1.5832,0.9955,1.881
39.941562695,-0.1199,1.5905,1.0817,1.927
39.943169157,-0.0253,1.5812,1.1726,1.969
39.945357849,0.0615,1.5663,1.2522,2.006
39.950035695,0.1586,1.5380,1.3281,2.038
39.950537464,0.2460,1.5101,1.4267,2.092
39.95274208,0.3215,1.4779,1.5103,2.137
39.955796234,0.3897,1.4391,1.5765,2.170
39.958451387,0.4539,1.3980,1.6253,2.191
39.959876234,0.5057,1.3499,1.6566,2.196
39.962317849,0.5514,1.3103,1.6689,2.192
39.964788234,0.5963,1.2751,1.6766,2.189
39.967114695,0.6362,1.2431,1.6652,2.173
39.969765157,0.6769,1.2192,1.6561,2.165
39.972196849,0.7214,1.1982,1.6358,2.152
39.97455808,0.7603,1.1796,1.6207,2.144
39.976848618,0.7992,1.1622,1.6011,2.134
39.980227618,0.8399,1.1435,1.5787,2.123
39.982184234,0.8839,1.1256,1.5518,2.111
39.984029541,0.9326,1.1070,1.5200,2.099
39.986551003,0.9960,1.0774,1.4937,2.094
39.989276926,1.0722,1.0271,1.4518,2.077
39.991669849,1.1451,0.9790,1.3793,2.043
39.99394831,1.2106,0.9343,1.3090,2.013
39.996416541,1.2599,0.8852,1.2352,1.974
40.002580234,1.2985,0.8444,1.1583,1.934
40.003140234,1.3347,0.8090,1.0808,1.898
40.003373234,1.3591,0.7725,0.9989,1.855
40.005824849,1.3794,0.7371,0.9109,1.810
40.016613772,1.3901,0.7012,0.8325,1.766
40.016982387,1.3929,0.6626,0.7600,1.720
40.01713631,1.3850,0.6203,0.6992,1.671
40.017278772,1.3687,0.5835,0.6417,1.620
40.01760431,1.3435,0.5495,0.5929,1.568
40.020828003,1.3042,0.5209,0.5540,1.510
40.022617464,1.2518,0.4969,0.5226,1.445
40.028490157,1.1917,0.4774,0.4942,1.376
40.029410464,1.1229,0.4526,0.4693,1.298
40.030500849,1.0561,0.4235,0.4485,1.223
40.032424541,0.9841,0.3897,0.4427,1.147
40.034578772,0.9101,0.3562,0.4348,1.070
40.03713008,0.8407,0.3255,0.4282,0.998
40.040494157,0.7684,0.2910,0.4226,0.924
40.041917464,0.7019,0.2568,0.4216,0.858
40.044301157,0.6420,0.2238,0.4262,0.802
40.047012234,0.5824,0.1976,0.4341,0.753
40.049127926,0.5218,0.1747,0.4463,0.709
40.051511003,0.4642,0.1533,0.4590,0.671
40.054269772,0.4188,0.1261,0.4875,0.655
40.056499387,0.3823,0.0953,0.5230,0.655
40.058843618,0.3528,0.0572,0.5604,0.665
40.061162695,0.3359,0.0186,0.6056,0.693
40.063768541,0.3220,-0.0221,0.6540,0.729
40.066776541,0.3156,-0.0639,0.7113,0.781
40.069592849,0.3093,-0.1071,0.7859,0.851
40.071126157,0.3005,-0.1413,0.8721,0.933
40.074401849,0.2905,-0.1678,0.9633,1.020
40.075982464,0.2827,-0.1902,1.0488,1.103
40.078764541,0.2809,-0.2121,1.1360,1.189
40.080729849,0.2760,-0.2386,1.2058,1.260
40.083018387,0.2756,-0.2677,1.2615,1.319
40.085581234,0.2778,-0.2994,1.2980,1.361
40.08820031,0.2827,-0.3299,1.3155,1.385
40.090480234,0.2912,-0.3690,1.3176,1.399
40.092626387,0.2993,-0.4052,1.3014,1.396
40.095378772,0.3070,-0.4460,1.2703,1.381
40.09880708,0.3135,-0.4814,1.2293,1.357
40.099796541,0.3181,-0.5163,1.1767,1.324
40.102267387,0.3261,-0.5452,1.1211,1.289
40.105189157,0.3342,-0.5759,1.0610,1.253
40.111298157,0.3430,-0.6023,0.9987,1.216
40.112225234,0.3476,-0.6214,0.9317,1.173
40.11242608,0.3518,-0.6414,0.8529,1.124
40.12761531,0.3577,-0.6554,0.7678,1.071
40.128160541,0.3567,-0.6654,0.6766,1.014
40.128366464,0.3501,-0.6703,0.5870,0.957
40.128486387,0.3466,-0.6703,0.4756,0.892
40.128608541,0.3415,-0.6703,0.3671,0.837
40.128717234,0.3379,-0.6722,0.2552,0.794
40.128821464,0.3435,-0.6756,0.1321,0.769
40.139792234,0.3479,-0.6840,0.0170,0.768
40.140832849,0.3464,-0.6820,-0.0943,0.771
40.141205157,0.3422,-0.6749,-0.2050,0.784
40.141469772,0.3337,-0.6590,-0.3132,0.802
40.141841541,0.3140,-0.6419,-0.4104,0.824
40.143347387,0.2890,-0.6192,-0.5059,0.850
40.145586464,0.2632,-0.5925,-0.5854,0.874
40.148465464,0.2318,-0.5689,-0.6584,0.900
40.150568849,0.2010,-0.5471,-0.7265,0.931
40.153025541,0.1732,-0.5319,-0.7794,0.959
40.155569464,0.1468,-0.5142,-0.8175,0.977
40.157530157,0.1187,-0.4973,-0.8458,0.988
40.160376541,0.1021,-0.4811,-0.8616,0.992
40.162762772,0.0829,-0.4597,-0.8681,0.986
40.164732234,0.0696,-0.4343,-0.8646,0.970
40.167331387,0.0589,-0.4164,-0.8576,0.955
40.169714157,0.0586,-0.4059,-0.8460,0.940
40.172170695,0.0699,-0.3986,-0.8273,0.921
40.17469131,0.0923,-0.4073,-0.8015,0.904
40.17685008,0.1207,-0.4179,-0.7668,0.882
40.179424849,0.1612,-0.4277,-0.7176,0.851
40.181640849,0.1947,-0.4340,-0.6604,0.814
40.184129157,0.2325,-0.4371,-0.5981,0.776
40.18665808,0.2785,-0.4401,-0.5248,0.739
40.189038772,0.3303,-0.4521,-0.4479,0.717
40.191358157,0.3838,-0.4599,-0.3701,0.704
40.193859926,0.4307,-0.4641,-0.2878,0.695
40.198293849,0.4779,-0.4624,-0.2159,0.699
40.198503695,0.5299,-0.4587,-0.1478,0.716
40.200964003,0.5925,-0.4526,-0.0850,0.750
40.20348608,0.6545,-0.4487,-0.0214,0.794
40.214745157,0.7205,-0.4399,0.0400,0.845
40.215433849,0.7740,-0.4255,0.0998,0.889
40.215620926,0.8236,-0.4066,0.1333,0.928
40.215729464,0.8656,-0.3881,0.1832,0.966
40.215932849,0.8917,-0.3558,0.2447,0.991
40.218187926,0.9079,-0.3214,0.2853,1.004
40.220864541,0.9157,-0.2796,0.3317,1.013
40.225631695,0.9194,-0.2417,0.3896,1.027
40.226218157,0.9171,-0.2000,0.4429,1.038
40.228295926,0.9161,-0.1587,0.5142,1.062
40.230946695,0.9169,-0.1157,0.5895,1.096
40.23282431,0.9105,-0.0683,0.6659,1.130
40.235139387,0.9115,-0.0223,0.7448,1.177
40.237346464,0.9122,0.0259,0.8213,1.228
40.239812003,0.9135,0.0780,0.8956,1.282
40.242296234,0.9176,0.1312,0.9596,1.334
40.245488003,0.9299,0.1884,1.0092,1.385
40.247179387,0.9352,0.2470,1.0373,1.418
40.249388234,0.9401,0.3096,1.0412,1.437
40.251948926,0.9296,0.3823,1.0243,1.435
40.25543631,0.9068,0.4630,0.9874,1.418
40.256564541,0.8783,0.5505,0.9449,1.403
40.259078464,0.8385,0.6426,0.8731,1.370
40.261782157,0.7891,0.7300,0.7866,1.332
40.263850157,0.7305,0.8192,0.6920,1.298
40.266605849,0.6506,0.9013,0.5680,1.248
40.269231003,0.5578,0.9868,0.4087,1.205
40.272144234,0.4647,1.0638,0.2259,1.183
40.279695926,0.3677,1.1358,0.0188,1.194
40.280100003,0.2692,1.2077,-0.1737,1.249
40.280378387,0.1740,1.2839,-0.3312,1.337
40.281741234,0.0882,1.3552,-0.4896,1.444
40.28338831,0.0352,1.4072,-0.6291,1.542
40.28545808,0.0170,1.4447,-0.7437,1.625
40.287864849,0.0170,1.4740,-0.8257,1.690
40.290253234,0.0368,1.5060,-0.8730,1.741
40.292641849,0.0748,1.5407,-0.8854,1.779
40.295291003,0.1229,1.5673,-0.8593,1.792
40.297490464,0.1852,1.5817,-0.7875,1.777
40.300252618,0.2819,1.5749,-0.6748,1.736
40.30315231,0.4129,1.5360,-0.5369,1.679
40.30748708,0.5658,1.4782,-0.3855,1.629
40.308187926,0.7337,1.4078,-0.2399,1.605
40.309723387,0.9024,1.3259,-0.0967,1.607
40.323267003,1.0782,1.2502,0.0353,1.651
40.323674387,1.2377,1.1925,0.1878,1.729
40.323791618,1.3757,1.1424,0.3483,1.822
40.323890387,1.5240,1.1046,0.4793,1.942
40.32397808,1.6528,1.0704,0.6740,2.081
40.32411131,1.7696,1.0469,0.8301,2.217
40.326599695,1.8724,1.0235,0.9794,2.348
40.33496431,1.9638,0.9968,1.1236,2.472
40.335300926,2.0461,0.9688,1.2347,2.579
40.335421541,2.1216,0.9409,1.3160,2.668
40.336187695,2.1770,0.9199,1.3700,2.732
40.33840431,2.2152,0.8996,1.4003,2.771
40.340771695,2.2362,0.8830,1.4006,2.782
40.343389849,2.2445,0.8752,1.3728,2.773
40.345609772,2.2350,0.8688,1.3183,2.736
40.348029234,2.2071,0.8688,1.2476,2.680
40.350659926,2.1675,0.8679,1.1651,2.609
40.353773849,2.1182,0.8777,1.0700,2.530
40.355282387,2.0564,0.8840,0.9687,2.439
40.358010464,1.9853,0.8962,0.8590,2.341
40.36041008,1.9042,0.9131,0.7504,2.241
40.362752926,1.8218,0.9304,0.6505,2.147
40.365059387,1.7442,0.9480,0.5574,2.062
40.367668234,1.6689,0.9614,0.4688,1.982
40.370610772,1.5912,0.9734,0.3903,1.906
40.372306464,1.5115,0.9802,0.3173,1.829
40.374931003,1.4251,0.9839,0.2625,1.752
40.377185234,1.3401,0.9878,0.2074,1.678
40.379715387,1.2685,0.9778,0.1448,1.608
40.382506464,1.1979,0.9611,0.0998,1.539
40.384923926,1.1363,0.9421,0.0696,1.478
40.386797541,1.0745,0.9245,0.0500,1.418
40.389256926,1.0142,0.9026,0.0463,1.358
40.391823387,0.9506,0.8796,0.0349,1.296
40.395085541,0.8886,0.8615,0.0388,1.238
40.396431926,0.8274,0.8437,0.0544,1.183
40.398958157,0.7657,0.8288,0.0773,1.131
40.402473849,0.6999,0.8139,0.1106,1.079
40.403978157,0.6410,0.8029,0.1509,1.038
40.406880234,0.5805,0.7894,0.1998,1.000
40.408974772,0.5238,0.7689,0.2489,0.963
40.414022695,0.4696,0.7526,0.2927,0.934
40.414467618,0.4180,0.7366,0.3454,0.915
40.417121541,0.3718,0.7163,0.4067,0.904
40.433494387,0.3274,0.6961,0.4670,0.900
40.433945464,0.2886,0.6776,0.5250,0.904
40.434035926,0.2518,0.6616,0.5904,0.922
40.434135003,0.2231,0.6462,0.6568,0.948
40.434232541,0.1994,0.6280,0.7178,0.974
40.434320003,0.1873,0.6131,0.7783,1.008
40.434395695,0.1830,0.5996,0.8259,1.037
40.436320003,0.1837,0.5856,0.8650,1.061
40.43803108,0.1898,0.5751,0.8970,1.082
40.440216618,0.2028,0.5651,0.9242,1.102
40.442527926,0.2187,0.5566,0.9456,1.119
40.44503408,0.2318,0.5470,0.9542,1.124
40.446921541,0.2531,0.5412,0.9566,1.128
40.449476849,0.2729,0.5314,0.9608,1.131
40.452723926,0.2976,0.5234,0.9591,1.132
40.454228003,0.3228,0.5153,0.9479,1.126
40.456728003,0.3489,0.5087,0.9293,1.115
40.461317772,0.3792,0.5041,0.9109,1.108
40.46187631,0.4107,0.4955,0.8929,1.101
40.463922157,0.4425,0.4924,0.8765,1.098
40.466749157,0.4696,0.4982,0.8634,1.102
40.47077131,0.4935,0.5072,0.8416,1.100
40.471174464,0.5136,0.5121,0.8203,1.095
40.47397108,0.5250,0.5246,0.7908,1.085
40.476483387,0.5399,0.5323,0.7658,1.078
40.478712234,0.5487,0.5456,0.7327,1.066
40.481204849,0.5439,0.5595,0.6926,1.043
40.484151618,0.5304,0.5781,0.6508,1.019
40.486928849,0.5047,0.5969,0.6051,0.989
40.488067618,0.4676,0.6157,0.5538,0.951
40.490569849,0.4216,0.6329,0.4988,0.909
40.493063387,0.3628,0.6548,0.4287,0.863
40.495613772,0.3010,0.6770,0.3540,0.821
40.498218387,0.2362,0.6939,0.2809,0.785
40.500434772,0.1712,0.7149,0.2124,0.765
40.50633531,0.1097,0.7364,0.1539,0.760
40.506931003,0.0405,0.7575,0.1189,0.768
40.507514464,-0.0248,0.7787,0.0749,0.783
40.523706157,-0.0808,0.7938,0.0263,0.798
40.524179618,-0.1255,0.8039,-0.0019,0.814
40.524746772,-0.1716,0.8163,-0.0254,0.835
40.524887695,-0.2142,0.8290,-0.0415,0.857
40.525117234,-0.2487,0.8412,-0.0559,0.879
40.525292234,-0.2736,0.8498,-0.0517,0.894
40.525453157,-0.2929,0.8595,-0.0276,0.908
40.535764926,-0.3063,0.8661,0.0114,0.919
40.536518464,-0.3185,0.8691,0.0696,0.928
40.53671908,-0.3251,0.8724,0.1421,0.942
40.536899695,-0.3276,0.8715,0.2266,0.958
40.537078387,-0.3288,0.8784,0.3274,0.993
40.539045541,-0.3237,0.8849,0.4336,1.037
40.542064541,-0.3107,0.8942,0.5418,1.091
40.543765157,-0.2934,0.9008,0.6459,1.147
40.54599108,-0.2587,0.9050,0.7585,1.209
40.548491926,-0.2132,0.9067,0.8802,1.282
40.551857772,-0.1692,0.9099,0.9977,1.361
40.553062387,-0.1135,0.9052,1.1135,1.439
40.555725541,-0.0522,0.9006,1.2288,1.524
40.558525772,0.0137,0.8950,1.3321,1.605
40.560621157,0.0818,0.8915,1.4353,1.692
40.56291508,0.1488,0.8908,1.5479,1.792
40.565287695,0.2031,0.8966,1.6442,1.884
40.568610157,0.2480,0.9050,1.7287,1.967
40.570087695,0.2983,0.9131,1.8000,2.040
40.572661157,0.3379,0.9229,1.8538,2.098
40.57568308,0.3713,0.9329,1.8902,2.140
40.57745931,0.4006,0.9382,1.9266,2.180
40.58135631,0.4176,0.9418,1.9512,2.207
40.582956618,0.4344,0.9480,1.9486,2.210
40.585020003,0.4454,0.9558,1.9251,2.195
40.58750031,0.4491,0.9678,1.9009,2.180
40.589735387,0.4488,0.9832,1.8474,2.140
40.591962157,0.4410,1.0035,1.8030,2.110
40.594209849,0.4251,1.0279,1.7385,2.064
40.596882464,0.4119,1.0489,1.6782,2.021
40.599615387,0.4004,1.0685,1.6400,1.998
40.605222387,0.3818,1.0887,1.6172,1.987
40.605794157,0.3564,1.1158,1.6116,1.992
40.606540926,0.3215,1.1549,1.6207,2.016
40.608746387,0.2863,1.1891,1.6379,2.044
40.621994157,0.2497,1.2238,1.6563,2.074
40.62244831,0.2194,1.2541,1.6828,2.110
40.622595618,0.1905,1.2753,1.7218,2.151
40.62270431,0.1686,1.2975,1.7668,2.199
40.622809849,0.1498,1.3137,1.8147,2.245
40.623473464,0.1412,1.3215,1.8669,2.292
40.632466387,0.1383,1.3235,1.9219,2.338
40.633297234,0.1451,1.3201,1.9831,2.387
40.63345131,0.1519,1.3137,2.0411,2.432
40.633641464,0.1603,1.3066,2.0937,2.473
40.635441849,0.1630,1.3042,2.1289,2.502
40.637499926,0.1591,1.3103,2.1531,2.525
40.640154695,0.1517,1.3233,2.1685,2.545
40.643963695,0.1407,1.3452,2.1829,2.568
40.64504431,0.1373,1.3765,2.2005,2.599
40.647644234,0.1309,1.4053,2.2073,2.620
40.649962695,0.1405,1.4232,2.2107,2.633
40.65205408,0.1732,1.4200,2.2090,2.632
40.654594695,0.2238,1.3980,2.1958,2.613
40.65724308,0.2934,1.3506,2.1621,2.566
40.659574772,0.3699,1.2827,2.1091,2.496
40.661764618,0.4432,1.2075,2.0348,2.407
40.664304849,0.5140,1.1293,1.9449,2.307
40.667130464,0.5695,1.0582,1.8489,2.205
40.669001849,0.6213,0.9865,1.7325,2.088
40.671816926,0.6680,0.9301,1.6244,1.987
40.674068926,0.7044,0.8845,1.5079,1.885
40.676252618,0.7319,0.8439,1.3779,1.774
40.67866708,0.7617,0.8065,1.2417,1.665
40.68124831,0.7982,0.7782,1.1201,1.580
40.684326695,0.8495,0.7357,1.0388,1.530
40.685835387,0.9073,0.6912,0.9577,1.489
40.688281772,0.9660,0.6518,0.8625,1.450
40.690922387,1.0376,0.6079,0.7819,1.434
40.693371926,1.1129,0.5658,0.7206,1.441
40.695508926,1.1893,0.5219,0.6635,1.458
40.698580234,1.2616,0.4796,0.6178,1.484
40.704626157,1.3291,0.4388,0.5689,1.511
40.705176849,1.3992,0.4007,0.5191,1.545
40.70544208,1.4614,0.3655,0.4776,1.580
40.707922772,1.5122,0.3315,0.4334,1.608
40.72236831,1.5434,0.3040,0.3982,1.623
40.723174387,1.5607,0.2766,0.3696,1.628
40.723321234,1.5614,0.2549,0.3454,1.619
40.72344731,1.5469,0.2334,0.3121,1.595
40.723562464,1.5233,0.2126,0.2829,1.564
40.723697772,1.4828,0.1976,0.2569,1.518
40.733426157,1.4316,0.1820,0.2254,1.461
40.734182464,1.3780,0.1620,0.2014,1.402
40.734358464,1.2990,0.1554,0.1930,1.322
40.734486695,1.1998,0.1517,0.1732,1.222
40.734611003,1.0973,0.1508,0.1514,1.118
40.737090464,0.9885,0.1508,0.1429,1.010
40.740153234,0.8790,0.1523,0.1373,0.903
40.741780003,0.7691,0.1508,0.1131,0.792
40.743880234,0.6692,0.1412,0.0837,0.689
40.746002772,0.5712,0.1310,0.0668,0.590
40.748830772,0.4805,0.1232,0.0556,0.499
40.75090031,0.3918,0.1144,0.0439,0.411
40.75332608,0.3083,0.1070,0.0375,0.328
40.75588308,0.2280,0.1039,0.0395,0.254
40.758470464,0.1542,0.0997,0.0388,0.188
40.760530157,0.0894,0.0970,0.0439,0.139
40.763174387,0.0271,0.0914,0.0656,0.116
40.766145772,-0.0248,0.0855,0.0882,0.125
40.767880618,-0.0681,0.0802,0.1094,0.152
40.770274387,-0.1079,0.0713,0.1336,0.186
40.772925157,-0.1385,0.0613,0.1531,0.215
40.775182387,-0.1624,0.0499,0.1749,0.244
40.778080618,-0.1785,0.0313,0.1961,0.267
40.78032031,-0.1778,0.0120,0.2215,0.284
40.782531695,-0.1732,-0.0031,0.2489,0.303
40.784872849,-0.1526,-0.0246,0.2778,0.318
40.787199003,-0.1248,-0.0458,0.2965,0.325
40.789769541,-0.0940,-0.0697,0.3197,0.340
40.79279108,-0.0554,-0.0912,0.3414,0.358
40.795124311,-0.0139,-0.1189,0.3637,0.383
40.797107695,0.0377,-0.1487,0.3852,0.415
40.802886695,0.0992,-0.1785,0.4038,0.452
40.803390157,0.1642,-0.2070,0.4223,0.498
40.804247926,0.2341,-0.2361,0.4338,0.547
40.807026157,0.3000,-0.2568,0.4431,0.594
40.817872311,0.3555,-0.2742,0.4446,0.632
40.818312618,0.4016,-0.2901,0.4355,0.660
40.818696849,0.4479,-0.3048,0.4221,0.687
40.818822387,0.4889,-0.3248,0.4118,0.717
40.818910387,0.5278,-0.3392,0.3962,0.742
40.821830157,0.5676,-0.3507,0.3749,0.765
40.824294387,0.5983,-0.3666,0.3507,0.784
40.830230157,0.6181,-0.3776,0.3324,0.797
40.831066387,0.6308,-0.3876,0.3148,0.804
40.831647003,0.6350,-0.3915,0.2941,0.802
40.83351108,0.6323,-0.4005,0.2726,0.797
40.835342157,0.6210,-0.3991,0.2477,0.779
40.837940311,0.6059,-0.4010,0.2177,0.759
40.840670464,0.5907,-0.4008,0.1821,0.737
40.842608003,0.5688,-0.3940,0.1387,0.706
40.845000234,0.5490,-0.3893,0.0917,0.679
40.847793464,0.5360,-0.3822,0.0439,0.660
40.849998695,0.5257,-0.3751,-0.0032,0.646
40.852397541,0.5197,-0.3695,-0.0510,0.640
40.855187695,0.5096,-0.3644,-0.1043,0.635
40.857578772,0.5001,-0.3563,-0.1530,0.633
40.859495387,0.4823,-0.3465,-0.1942,0.625
40.862097772,0.4664,-0.3358,-0.2336,0.620
40.864569849,0.4434,-0.3165,-0.2623,0.605
40.866791311,0.4170,-0.2925,-0.2870,0.585
40.869454387,0.3855,-0.2694,-0.3163,0.567
40.87211408,0.3682,-0.2524,-0.3647,0.576
40.874982157,0.3601,-0.2393,-0.4183,0.602
40.876508003,0.3591,-0.2312,-0.4470,0.618
40.878905541,0.3594,-0.2273,-0.4781,0.640
40.882522464,0.3652,-0.2242,-0.5084,0.665
40.883511387,0.3780,-0.2175,-0.5318,0.688
40.886137772,0.3946,-0.2202,-0.5394,0.704
40.890618157,0.4219,-0.2214,-0.5285,0.712
40.891598387,0.4526,-0.2219,-0.5096,0.717
40.893410464,0.4873,-0.2165,-0.4808,0.718
40.896239003,0.5194,-0.2070,-0.4419,0.713
40.899244234,0.5567,-0.2004,-0.3994,0.714
40.900934157,0.5979,-0.1997,-0.3469,0.720
40.903178695,0.6471,-0.2048,-0.2921,0.739
40.905973849,0.6992,-0.2095,-0.2296,0.765
40.907715003,0.7537,-0.2163,-0.1607,0.800
40.910445464,0.8004,-0.2141,-0.0911,0.834
40.912694387,0.8488,-0.2121,-0.0266,0.875
40.919514772,0.8919,-0.2109,0.0397,0.917
40.920060618,0.9201,-0.2037,0.0979,0.947
40.920498772,0.9501,-0.2007,0.1421,0.981
40.922347926,0.9692,-0.1904,0.2063,1.009
40.935392618,0.9831,-0.1799,0.2660,1.034
40.935915618,0.9932,-0.1678,0.3102,1.054
40.936026772,1.0000,-0.1599,0.3473,1.071
40.936121772,1.0034,-0.1482,0.3784,1.083
40.936212849,1.0032,-0.1447,0.4033,1.091
40.937446695,0.9953,-0.1320,0.4204,1.088
40.946513464,0.9809,-0.1179,0.4358,1.080
40.948007003,0.9667,-0.0968,0.4534,1.072
40.948535618,0.9533,-0.0724,0.4707,1.066
40.948668849,0.9384,-0.0411,0.4915,1.060
40.948782157,0.9235,-0.0064,0.5184,1.059
40.951716003,0.8956,0.0399,0.5576,1.056
40.954811003,0.8602,0.0992,0.6129,1.061
40.956832618,0.8143,0.1671,0.6794,1.074
40.958660618,0.7745,0.2404,0.7619,1.113
40.961556003,0.7481,0.3138,0.8665,1.187
40.963332618,0.7300,0.3790,0.9855,1.284
40.96619408,0.7181,0.4449,1.1079,1.393
40.967964618,0.7080,0.5080,1.2151,1.495
40.970715003,0.7090,0.5688,1.2969,1.584
40.972933157,0.7092,0.6352,1.3502,1.652
40.975139926,0.7051,0.7083,1.3703,1.696
40.977711003,0.6914,0.7872,1.3532,1.711
40.980250772,0.6753,0.8691,1.3060,1.708
40.982474387,0.6503,0.9474,1.2181,1.675
40.984928541,0.6242,1.0154,1.0937,1.618
40.987801464,0.6010,1.0738,0.9412,1.549
40.989991387,0.5914,1.1193,0.7770,1.485
40.992627618,0.5902,1.1561,0.6198,1.438
40.99462208,0.5935,1.1931,0.4814,1.417
40.997771618,0.6007,1.2331,0.3530,1.416
41.000162157,0.6122,1.2817,0.2531,1.443
41.002146695,0.6350,1.3217,0.1663,1.476
41.00445408,0.6731,1.3585,0.0977,1.519
41.009891695,0.7188,1.3811,0.0593,1.558
41.010558772,0.7664,1.3853,0.0476,1.584
41.011777234,0.8280,1.3648,0.0507,1.597
41.02691008,0.8952,1.3350,0.0849,1.610
41.027331695,0.9629,1.2966,0.1382,1.621
41.027457772,1.0279,1.2514,0.2086,1.633
41.027591695,1.0857,1.2033,0.2972,1.648
41.027717157,1.1395,1.1537,0.4006,1.670
41.027800003,1.1861,1.1114,0.5198,1.707
41.029603695,1.2280,1.0723,0.6530,1.756
41.031854772,1.2646,1.0352,0.7952,1.817
41.033114464,1.2921,1.0017,0.9403,1.886
41.035389157,1.3210,0.9712,1.0871,1.967
41.038951926,1.3354,0.9406,1.2252,2.042
41.040239618,1.3533,0.9094,1.3470,2.115
41.042896849,1.3679,0.8747,1.4380,2.169
41.045537772,1.3816,0.8456,1.5225,2.223
41.047748541,1.3777,0.8207,1.6073,2.270
41.05006208,1.3664,0.8021,1.6857,2.313
41.052838387,1.3526,0.7869,1.7416,2.341
41.055001464,1.3349,0.7669,1.7798,2.353
41.057239003,1.3151,0.7552,1.8233,2.372
41.059582695,1.2851,0.7440,1.8587,2.379
41.062336618,1.2480,0.7401,1.8816,2.376
41.064635695,1.2049,0.7389,1.8963,2.365
41.067245541,1.1627,0.7447,1.9004,2.349
41.07018308,1.1148,0.7510,1.8997,2.327
41.07204208,1.0613,0.7615,1.8872,2.295
41.074791618,1.0109,0.7760,1.8667,2.260
41.077130387,0.9589,0.7950,1.8411,2.223
41.080156541,0.8974,0.8158,1.8028,2.173
41.081373541,0.8367,0.8332,1.7504,2.111
41.083945849,0.7843,0.8519,1.6913,2.050
41.086896849,0.7339,0.8654,1.6253,1.982
41.088775003,0.6867,0.8766,1.5587,1.916
41.091048311,0.6406,0.8876,1.5017,1.858
41.093411618,0.5919,0.8933,1.4350,1.791
41.09607508,0.5490,0.8969,1.3642,1.722
41.098412926,0.5115,0.8915,1.2967,1.655
41.100862387,0.4830,0.8882,1.2386,1.599
41.103244618,0.4610,0.8849,1.1930,1.555
41.108519926,0.4419,0.8786,1.1490,1.512
41.109113464,0.4241,0.8710,1.1126,1.475
41.111498157,0.4156,0.8573,1.0768,1.438
41.126486157,0.4076,0.8430,1.0568,1.412
41.126892618,0.4029,0.8276,1.0456,1.393
41.126997849,0.4080,0.8043,1.0167,1.359
41.127093157,0.4258,0.7715,0.9894,1.325
41.127201541,0.4503,0.7420,0.9771,1.307
41.127286387,0.4740,0.7100,0.9662,1.289
41.127375926,0.4922,0.6917,0.9545,1.277
41.136450387,0.5136,0.6702,0.9417,1.265
41.136854695,0.5294,0.6504,0.9256,1.249
41.136963003,0.5470,0.6320,0.9012,1.229
41.137312849,0.5632,0.6113,0.8767,1.208
41.139096234,0.5758,0.5928,0.8450,1.182
41.141740849,0.5842,0.5732,0.8103,1.152
41.144080541,0.5879,0.5500,0.7732,1.116
41.147448311,0.5883,0.5311,0.7309,1.078
41.148804311,0.5827,0.5123,0.6889,1.038
41.151283926,0.5719,0.4994,0.6447,0.996
41.154731003,0.5600,0.4823,0.6004,0.952
41.156275695,0.5416,0.4674,0.5618,0.910
41.15847808,0.5189,0.4523,0.5238,0.865
41.161149772,0.4896,0.4398,0.5007,0.827
41.163670387,0.4579,0.4330,0.4734,0.788
41.166004311,0.4281,0.4205,0.4287,0.737
41.168358772,0.4018,0.4029,0.3854,0.687
41.171311926,0.3845,0.3856,0.3566,0.651
41.172905234,0.3603,0.3718,0.3300,0.614
41.175392849,0.3335,0.3626,0.3114,0.583
41.178387618,0.3059,0.3592,0.2929,0.555
41.180284926,0.2793,0.3629,0.2782,0.536
41.182657234,0.2499,0.3670,0.2660,0.518
41.185363311,0.2243,0.3692,0.2538,0.501
41.18770308,0.1961,0.3727,0.2447,0.487
41.189770464,0.1742,0.3792,0.2382,0.480
41.192322464,0.1441,0.3958,0.2371,0.483
41.19483508,0.1190,0.4081,0.2340,0.485
41.197117157,0.0864,0.4275,0.2413,0.499
41.199645234,0.0591,0.4440,0.2338,0.505
41.202191311,0.0403,0.4674,0.2137,0.516
41.208344311,0.0183,0.4872,0.2315,0.540
41.208930387,-0.0078,0.5131,0.2279,0.561
41.209587387,-0.0368,0.5437,0.2342,0.593
41.224360003,-0.0703,0.5793,0.2496,0.635
41.225035387,-0.1079,0.6169,0.2636,0.680
41.22517908,-0.1518,0.6565,0.2745,0.728
41.225295618,-0.1898,0.6988,0.2865,0.779
41.225389849,-0.2296,0.7361,0.3051,0.829
41.225594387,-0.2591,0.7655,0.3200,0.869
41.226453849,-0.2860,0.7946,0.3309,0.907
41.234897772,-0.3011,0.8188,0.3522,0.941
41.23525408,-0.3165,0.8341,0.3806,0.970
41.235480311,-0.3272,0.8444,0.4129,0.995
41.237319695,-0.3354,0.8568,0.4446,1.022
41.238338464,-0.3435,0.8663,0.4719,1.045
41.240388541,-0.3544,0.8744,0.5059,1.071
41.243533849,-0.3530,0.8771,0.5501,1.094
41.245598772,-0.3486,0.8808,0.5939,1.118
41.247772849,-0.3419,0.8813,0.6435,1.144
41.250379618,-0.3321,0.8824,0.6964,1.172
41.252793541,-0.3207,0.8793,0.7524,1.201
41.255184618,-0.3072,0.8786,0.8054,1.231
41.257444311,-0.2936,0.8744,0.8545,1.257
41.260150695,-0.2794,0.8671,0.8997,1.280
41.262482772,-0.2564,0.8622,0.9415,1.302
41.264625849,-0.2337,0.8522,0.9813,1.321
41.267279387,-0.2025,0.8478,1.0185,1.341
41.269977772,-0.1688,0.8388,1.0507,1.355
41.271839618,-0.1392,0.8321,1.0824,1.372
41.274388926,-0.1131,0.8192,1.1082,1.383
41.276953849,-0.0881,0.8050,1.1287,1.389
41.279186157,-0.0546,0.7848,1.1546,1.397
41.286871926,-0.0234,0.7659,1.1907,1.416
41.287275926,0.0095,0.7477,1.2286,1.438
41.28758708,0.0401,0.7244,1.2708,1.463
41.288969849,0.0635,0.7058,1.3129,1.492
41.291186157,0.0776,0.6939,1.3517,1.521
41.293639003,0.0789,0.6792,1.3823,1.542
41.295812234,0.0776,0.6643,1.4115,1.562
41.298347926,0.0731,0.6467,1.4348,1.576
41.300825157,0.0696,0.6326,1.4446,1.579
41.304817157,0.0662,0.6101,1.4539,1.578
41.305487003,0.0659,0.5861,1.4690,1.583
41.308120618,0.0510,0.5586,1.4870,1.589
41.318795311,0.0271,0.5383,1.4914,1.586
41.319129234,-0.0075,0.5332,1.5068,1.598
41.319434772,-0.0623,0.5356,1.5508,1.642
41.319611387,-0.1226,0.5478,1.5604,1.658
41.320083387,-0.1856,0.5793,1.5669,1.681
41.322369772,-0.2625,0.6191,1.5799,1.717
41.324940618,-0.3470,0.6697,1.5823,1.753
41.33069508,-0.4253,0.7230,1.5652,1.776
41.330996618,-0.4979,0.7801,1.5279,1.786
41.331974695,-0.5450,0.8273,1.4865,1.786
41.334579618,-0.5682,0.8583,1.4285,1.761
41.336866695,-0.5643,0.8798,1.3628,1.717
41.339457849,-0.5357,0.8898,1.2833,1.651
41.341942387,-0.4981,0.9006,1.2046,1.584
41.344276926,-0.4519,0.9145,1.1292,1.522
41.346475695,-0.4162,0.9406,1.0881,1.497
41.349108926,-0.3847,0.9751,1.0663,1.495
41.352519695,-0.3635,1.0196,1.0840,1.532
41.353845234,-0.3619,1.0741,1.1271,1.598
41.356323618,-0.3681,1.1442,1.1974,1.697
41.358776541,-0.3817,1.2162,1.2806,1.807
41.361596541,-0.3952,1.2856,1.3679,1.918
41.363380003,-0.3989,1.3387,1.4506,2.014
41.366191618,-0.3971,1.3785,1.5315,2.098
41.369512541,-0.3815,1.3976,1.6011,2.159
41.370604234,-0.3532,1.4000,1.6454,2.189
41.373045541,-0.3092,1.3770,1.6737,2.189
41.375670464,-0.2459,1.3362,1.6608,2.146
41.378630387,-0.1816,1.2744,1.6007,2.054
41.381103926,-0.1066,1.2045,1.5061,1.931
41.382923926,-0.0363,1.1234,1.3884,1.786
41.386112849,0.0168,1.0471,1.2599,1.638
41.387750695,0.0508,0.9795,1.1252,1.493
41.390274464,0.0669,0.9297,0.9860,1.357
41.394429849,0.0736,0.8984,0.8736,1.255
41.394990157,0.0647,0.8768,0.7944,1.185
41.397479387,0.0503,0.8656,0.7236,1.129
41.399659618,0.0420,0.8495,0.6598,1.076
41.402166387,0.0613,0.8241,0.6119,1.028
41.404300926,0.0994,0.7887,0.5843,0.987
41.407664926,0.1554,0.7435,0.5753,0.953
41.410722772,0.2336,0.6881,0.5804,0.930
41.414814695,0.3220,0.6320,0.5967,0.927
41.415208311,0.4178,0.5773,0.6193,0.944
41.416753157,0.5197,0.5267,0.6452,0.982
41.431279003,0.6137,0.4771,0.6642,1.022
41.431769234,0.7016,0.4207,0.6701,1.058
41.431885464,0.7887,0.3660,0.6859,1.107
41.431969772,0.8656,0.3077,0.7092,1.161
41.432065849,0.9352,0.2527,0.7423,1.220
41.432154695,0.9968,0.2085,0.7837,1.285
41.433628541,1.0412,0.1691,0.8271,1.340
41.440547003,1.0738,0.1354,0.8677,1.387
41.440961157,1.0973,0.1081,0.9137,1.432
41.441060849,1.1048,0.0853,0.9633,1.468
41.443713849,1.1020,0.0687,1.0073,1.495
41.445323618,1.0952,0.0560,1.0383,1.510
41.447890772,1.0762,0.0438,1.0642,1.514
41.452311618,1.0573,0.0408,1.0771,1.510
41.453236311,1.0393,0.0347,1.0715,1.493
41.455240311,1.0205,0.0394,1.0390,1.457
41.458109464,0.9939,0.0455,1.0024,1.412
41.460448234,0.9597,0.0492,0.9642,1.361
41.462363003,0.9250,0.0492,0.9217,1.307
41.464974464,0.8905,0.0506,0.8736,1.248
41.46821408,0.8519,0.0528,0.8266,1.188
41.469595926,0.8129,0.0626,0.7863,1.133
41.471981157,0.7728,0.0648,0.7439,1.075
41.474835003,0.7427,0.0687,0.7006,1.023
41.47691408,0.7151,0.0748,0.6596,0.976
41.479372849,0.6953,0.0738,0.6274,0.939
41.482327387,0.6831,0.0724,0.5958,0.909
41.484665234,0.6677,0.0701,0.5716,0.882
41.48653008,0.6506,0.0690,0.5489,0.854
41.489857849,0.6415,0.0682,0.5186,0.828
41.491470695,0.6371,0.0618,0.4924,0.808
41.493952234,0.6284,0.0582,0.4795,0.793
41.496357234,0.6230,0.0552,0.4719,0.783
41.498914157,0.6208,0.0496,0.4673,0.779
41.501148618,0.6142,0.0418,0.4673,0.773
41.503361157,0.6108,0.0323,0.4751,0.775
41.506208234,0.6056,0.0210,0.4756,0.770
41.513839618,0.6054,0.0066,0.4778,0.771
41.514276849,0.6115,-0.0108,0.4765,0.775
41.514453849,0.6271,-0.0329,0.4702,0.785
41.516025849,0.6501,-0.0634,0.4646,0.802
41.532740003,0.6794,-0.0979,0.4580,0.825
41.533327387,0.7146,-0.1333,0.4539,0.857
41.533427695,0.7503,-0.1723,0.4585,0.896
41.533510157,0.7864,-0.2046,0.4768,0.942
41.533635387,0.8175,-0.2398,0.4984,0.987
41.533797772,0.8483,-0.2752,0.5379,1.041
41.533872926,0.8779,-0.3099,0.5892,1.102
41.534954157,0.8988,-0.3441,0.6339,1.152
41.537317464,0.9308,-0.3747,0.6728,1.208
41.539714695,0.9631,-0.4057,0.7141,1.266
41.542809541,0.9923,-0.4296,0.7458,1.314
41.544364234,1.0132,-0.4462,0.7749,1.351
41.547007387,1.0347,-0.4536,0.8030,1.386
41.549700003,1.0542,-0.4604,0.8264,1.416
41.551891311,1.0782,-0.4550,0.8475,1.445
41.554559695,1.0964,-0.4509,0.8618,1.466
41.556563311,1.1104,-0.4506,0.8819,1.488
41.559112849,1.1236,-0.4450,0.8816,1.496
41.561212234,1.1260,-0.4380,0.8667,1.487
41.563869541,1.1258,-0.4259,0.8384,1.467
41.567227003,1.1187,-0.4147,0.7986,1.436
41.568661157,1.1053,-0.3947,0.7439,1.390
41.571794772,1.0850,-0.3793,0.6869,1.339
41.57342708,1.0615,-0.3705,0.6314,1.290
41.575874695,1.0217,-0.3565,0.5706,1.223
41.578131003,0.9770,-0.3372,0.5103,1.153
41.580700234,0.9166,-0.3129,0.4458,1.066
41.584087926,0.8504,-0.2871,0.3761,0.973
41.585388849,0.7887,-0.2584,0.3268,0.892
41.588105234,0.7317,-0.2339,0.2643,0.812
41.590539387,0.6792,-0.2139,0.1973,0.739
41.593339618,0.6359,-0.1821,0.1367,0.675
41.595816003,0.5995,-0.1511,0.0959,0.626
41.597648926,0.5693,-0.1201,0.0603,0.585
41.60061008,0.5387,-0.0861,0.0307,0.546
41.602756003,0.5067,-0.0500,0.0034,0.509
41.60473908,0.4838,-0.0209,-0.0158,0.484
41.607256234,0.4730,0.0054,-0.0203,0.473
41.612751003,0.4749,0.0205,-0.0210,0.476
41.61313108,0.4920,0.0308,-0.0230,0.494
41.615398387,0.5199,0.0354,-0.0254,0.522
41.628324926,0.5541,0.0362,-0.0179,0.556
41.629931695,0.5863,0.0338,0.0031,0.587
41.630076618,0.6201,0.0298,0.0295,0.622
41.630214695,0.6536,0.0250,0.0630,0.657
41.630331387,0.6780,0.0245,0.1108,0.687
41.630445772,0.7085,0.0245,0.1560,0.726
41.631207618,0.7422,0.0230,0.2168,0.774
41.639708618,0.7730,0.0233,0.2838,0.824
41.640519003,0.8067,0.0235,0.3505,0.880
41.640768234,0.8421,0.0266,0.4255,0.944
41.640899695,0.8793,0.0262,0.4981,1.011
41.643180618,0.9176,0.0128,0.5694,1.080
41.645548618,0.9626,-0.0069,0.6356,1.154
41.64837908,1.0117,-0.0257,0.6982,1.230
41.650853541,1.0520,-0.0397,0.7665,1.302
41.653886387,1.0957,-0.0485,0.8336,1.378
41.656311311,1.1287,-0.0492,0.8978,1.443
41.657689234,1.1429,-0.0321,0.9569,1.491
41.660067618,1.1358,0.0012,1.0143,1.523
41.662480311,1.1029,0.0499,1.0710,1.538
41.664960003,1.0537,0.1153,1.1162,1.539
41.667310772,0.9916,0.1889,1.1457,1.527
41.669779387,0.9186,0.2632,1.1550,1.499
41.672191618,0.8306,0.3336,1.1211,1.435
41.674536618,0.7393,0.3995,1.0568,1.350
41.677218387,0.6611,0.4589,0.9713,1.261
41.679526772,0.5863,0.5170,0.8648,1.166
41.682369849,0.5197,0.5763,0.7383,1.071
41.684324849,0.4425,0.6431,0.6000,0.985
41.686739926,0.3701,0.7191,0.4502,0.926
41.689139695,0.3056,0.7948,0.3100,0.906
41.691605464,0.2494,0.8661,0.1922,0.922
41.693871926,0.2096,0.9392,0.0894,0.966
41.696571926,0.1847,1.0044,0.0268,1.022
41.699503311,0.1591,1.0694,0.0046,1.081
41.701211387,0.1573,1.1219,0.0124,1.133
41.703589849,0.1808,1.1717,0.0363,1.186
41.70636308,0.2108,1.2148,0.0803,1.236
41.708476849,0.2502,1.2472,0.1490,1.281
41.710836003,0.3154,1.2685,0.2374,1.328
41.713564003,0.3877,1.2727,0.3640,1.379
41.719672849,0.4586,1.2632,0.5040,1.435
41.720331311,0.5278,1.2446,0.6407,1.496
41.720626157,0.5910,1.2197,0.7673,1.557
41.722951387,0.6471,1.1901,0.8870,1.619
41.737119926,0.6988,1.1410,1.0024,1.672
41.737782464,0.7512,1.0846,1.0989,1.717
41.737944926,0.7952,1.0224,1.2058,1.770
41.738069541,0.8321,0.9602,1.3099,1.825
41.738204234,0.8641,0.9013,1.4118,1.885
41.738321157,0.8900,0.8461,1.5007,1.939
41.749464234,0.9126,0.7911,1.5965,2.002
41.750169234,0.9230,0.7479,1.6754,2.054
41.750382772,0.9164,0.7166,1.7539,2.105
41.750582157,0.9113,0.6905,1.8210,2.150
41.750724541,0.9052,0.6704,1.8648,2.179
41.751968926,0.8907,0.6541,1.8944,2.193
41.754544926,0.8861,0.6433,1.9153,2.206
41.756544311,0.8827,0.6418,1.9273,2.215
41.759187003,0.8835,0.6433,1.9279,2.216
41.761472234,0.8898,0.6543,1.9046,2.202
41.763928311,0.8996,0.6687,1.8618,2.173
41.766412541,0.9142,0.6844,1.7984,2.130
41.768774772,0.9335,0.7000,1.7231,2.081
41.772917541,0.9592,0.7122,1.6463,2.034
41.774330387,0.9831,0.7247,1.5608,1.982
41.775862387,1.0044,0.7345,1.4739,1.929
41.778535695,1.0223,0.7401,1.3908,1.878
41.780840618,1.0312,0.7417,1.3195,1.832
41.783051003,1.0344,0.7457,1.2571,1.791
41.785524003,1.0186,0.7523,1.1941,1.740
41.787991926,1.0000,0.7550,1.1411,1.695
41.791132849,0.9687,0.7652,1.0957,1.651
41.793026387,0.9364,0.7755,1.0456,1.604
41.795550464,0.8922,0.7820,0.9950,1.548
41.798559618,0.8348,0.7706,0.9598,1.487
41.799964926,0.7924,0.7706,0.9459,1.455
41.80291408,0.7596,0.7813,0.9247,1.429
41.805042157,0.7281,0.7875,0.8604,1.375
41.808091618,0.7065,0.7760,0.8315,1.339
41.809940003,0.6853,0.7582,0.8440,1.325
41.812621849,0.6467,0.7417,0.8629,1.309
41.819106772,0.5886,0.7279,0.8541,1.267
41.819673849,0.5255,0.7181,0.8462,1.228
41.819883695,0.4647,0.7079,0.8411,1.194
41.821856541,0.4111,0.6998,0.8345,1.164
41.835320618,0.3687,0.6961,0.8186,1.136
41.835861772,0.3333,0.6863,0.8049,1.109
41.835980618,0.2981,0.6785,0.7847,1.079
41.836087003,0.2648,0.6651,0.7710,1.052
41.836197772,0.2318,0.6478,0.7602,1.025
41.836763003,0.2062,0.6292,0.7399,0.993
41.838973464,0.1824,0.6126,0.7129,0.957
41.846661849,0.1591,0.5998,0.6864,0.925
41.847387311,0.1341,0.5903,0.6617,0.897
41.847582464,0.1058,0.5798,0.6400,0.870
41.849900003,0.0820,0.5674,0.6205,0.845
41.850799618,0.0613,0.5500,0.6095,0.823
41.853060311,0.0466,0.5383,0.6058,0.812
41.856020849,0.0364,0.5253,0.5997,0.798
41.857834387,0.0300,0.5092,0.5976,0.786
41.860246157,0.0207,0.4931,0.5992,0.776
41.864391695,0.0183,0.4843,0.6063,0.776
41.865086772,0.0144,0.4743,0.6097,0.773
41.867745541,0.0207,0.4666,0.6132,0.771
41.870095695,0.0256,0.4571,0.6193,0.770
41.873020311,0.0337,0.4520,0.6202,0.768
41.87508708,0.0371,0.4523,0.6119,0.762
41.877723926,0.0428,0.4515,0.6144,0.764
41.879840849,0.0471,0.4530,0.6060,0.758
41.88213908,0.0508,0.4586,0.5821,0.743
41.884648618,0.0603,0.4642,0.5528,0.724
41.887803311,0.0748,0.4696,0.5252,0.708
41.889528926,0.0889,0.4750,0.4976,0.694
41.89172208,0.1018,0.4838,0.4632,0.677
41.894541541,0.1148,0.4985,0.4331,0.670
41.897555695,0.1263,0.5134,0.3918,0.658
41.898993849,0.1421,0.5246,0.3488,0.646
41.901758772,0.1619,0.5421,0.3114,0.646
41.904128618,0.1747,0.5583,0.2772,0.647
41.906972003,0.1898,0.5805,0.2459,0.658
41.908993234,0.1903,0.6026,0.2266,0.671
41.911202387,0.1823,0.6245,0.2128,0.684
41.918057464,0.1735,0.6494,0.2164,0.706
41.918636003,0.1427,0.6763,0.2340,0.730
41.918874464,0.1060,0.7030,0.2477,0.753
41.920705772,0.0708,0.7277,0.2623,0.777
41.933573849,0.0347,0.7520,0.2943,0.808
41.933963003,-0.0070,0.7728,0.3432,0.846
41.934295926,-0.0561,0.7872,0.4060,0.888
41.934424849,-0.1082,0.8055,0.4765,0.942
41.934509849,-0.1629,0.8185,0.5501,1.000
41.93577008,-0.2188,0.8319,0.6288,1.066
41.938662695,-0.2640,0.8419,0.6999,1.126
41.945547311,-0.3070,0.8500,0.7668,1.185
41.946352541,-0.3393,0.8563,0.8336,1.242
41.946874695,-0.3677,0.8605,0.8970,1.296
41.947379926,-0.3874,0.8668,0.9542,1.346
41.949807618,-0.3984,0.8735,1.0048,1.390
41.952095003,-0.4108,0.8894,1.0583,1.442
41.956517234,-0.4192,0.9055,1.1077,1.491
41.957375387,-0.4180,0.9155,1.1555,1.532
41.95949908,-0.4038,0.9243,1.1998,1.567
41.961755311,-0.3766,0.9262,1.2447,1.597
41.964152926,-0.3463,0.9274,1.2880,1.624
41.966829849,-0.3072,0.9206,1.3388,1.654
41.969163311,-0.2594,0.9176,1.3837,1.680
41.971760618,-0.2061,0.9089,1.4250,1.703
41.974456234,-0.1462,0.9020,1.4565,1.719
41.976188926,-0.0864,0.8920,1.4849,1.734
41.978849157,-0.0302,0.8861,1.5088,1.750
41.980972234,0.0127,0.8854,1.5225,1.761
41.983404003,0.0447,0.8864,1.5320,1.771
41.986123618,0.0726,0.8873,1.5479,1.786
41.988303003,0.0916,0.8876,1.5543,1.792
41.990613234,0.0982,0.8903,1.5511,1.791
41.993355387,0.1046,0.8905,1.5506,1.791
41.995722772,0.1043,0.8852,1.5552,1.793
41.997924234,0.0972,0.8789,1.5557,1.789
42.000220311,0.0850,0.8671,1.5675,1.793
42.002831618,0.0759,0.8532,1.5482,1.769
42.00771108,0.0677,0.8353,1.5277,1.742
42.008182464,0.0459,0.8256,1.5200,1.730
42.010000541,0.0215,0.8268,1.5228,1.733
42.022612618,-0.0188,0.8407,1.5333,1.749
42.022923926,-0.0722,0.8681,1.5442,1.773
42.023039695,-0.1333,0.9028,1.5785,1.823
42.023149234,-0.1956,0.9402,1.6085,1.873
42.023265772,-0.2574,0.9749,1.6190,1.907
42.024577849,-0.3256,1.0054,1.6021,1.919
42.026835311,-0.3933,1.0371,1.5848,1.934
42.029398464,-0.4648,1.0741,1.5181,1.917
42.031658772,-0.5217,1.1027,1.4357,1.884
42.034604541,-0.5711,1.1219,1.3304,1.832
42.036619311,-0.5988,1.1344,1.2191,1.770
42.038721541,-0.5988,1.1337,1.1101,1.696
42.041171926,-0.5697,1.1361,1.0106,1.624
42.043802387,-0.5191,1.1486,0.9356,1.570
42.046555387,-0.4423,1.1684,0.8941,1.536
42.048348311,-0.3486,1.1908,0.9100,1.539
42.051579003,-0.2233,1.2067,0.9645,1.561
42.054039618,-0.0768,1.2089,1.0661,1.614
42.055613849,0.0748,1.2124,1.1990,1.707
42.058139926,0.2404,1.2028,1.3219,1.803
42.060805464,0.4204,1.1813,1.4206,1.895
42.063224926,0.6115,1.1374,1.4876,1.970
42.065445849,0.8008,1.0708,1.5115,2.018
42.068150464,0.9872,0.9961,1.4851,2.043
42.070680311,1.1512,0.9133,1.4111,2.037
42.072548311,1.3139,0.8276,1.2874,2.017
42.075693234,1.4486,0.7611,1.1587,2.005
42.077480311,1.5553,0.7076,1.0109,1.985
42.080172618,1.6335,0.6675,0.8582,1.962
42.082309541,1.6797,0.6462,0.7221,1.939
42.08490308,1.7002,0.6364,0.5885,1.908
42.087205464,1.7080,0.6338,0.4460,1.876
42.089411695,1.7090,0.6294,0.3136,1.848
42.092081541,1.7078,0.6238,0.1968,1.829
42.094663618,1.7006,0.6122,0.1076,1.811
42.096678464,1.6743,0.5974,0.0346,1.778
42.099282157,1.6403,0.5784,-0.0354,1.740
42.103403926,1.6056,0.5500,-0.0787,1.699
42.103955695,1.5692,0.5160,-0.0941,1.655
42.106387311,1.5233,0.4845,-0.0825,1.601
42.108695618,1.4740,0.4526,-0.0510,1.543
42.111620618,1.4139,0.4284,0.0011,1.477
42.113458772,1.3449,0.4076,0.0691,1.407
42.116044926,1.2734,0.3892,0.1521,1.340
42.118804003,1.2035,0.3736,0.2479,1.284
42.124467926,1.1323,0.3506,0.3439,1.234
42.125035695,1.0620,0.3301,0.4390,1.196
42.126032541,0.9929,0.3030,0.5423,1.171
42.141603618,0.9203,0.2773,0.6479,1.159
42.142100541,0.8416,0.2609,0.7476,1.156
42.142200541,0.7571,0.2514,0.8492,1.165
42.142283618,0.6718,0.2380,0.9430,1.182
42.142380541,0.5883,0.2329,1.0334,1.212
42.142451311,0.5143,0.2185,1.1372,1.267
42.142864926,0.4491,0.2085,1.2271,1.323
42.152045464,0.3890,0.1992,1.3080,1.379
42.152935311,0.3271,0.1908,1.3740,1.425
42.15313508,0.2736,0.1806,1.4292,1.466
42.153311388,0.2273,0.1654,1.4756,1.502
42.15459808,0.1837,0.1542,1.5056,1.525
42.156827695,0.1458,0.1479,1.5293,1.543
42.161145772,0.1136,0.1368,1.5501,1.560
42.161868618,0.0901,0.1268,1.5601,1.568
42.164851388,0.0762,0.1195,1.5689,1.575
42.166924618,0.0691,0.1112,1.5648,1.570
42.169849234,0.0655,0.1029,1.5403,1.545
42.17157508,0.0701,0.0916,1.5035,1.508
42.174380618,0.0862,0.0718,1.4539,1.458
42.176538388,0.1106,0.0511,1.3935,1.399
42.178935695,0.1465,0.0306,1.3288,1.337
42.181479003,0.1805,0.0110,1.2574,1.270
42.183759695,0.2089,-0.0108,1.1841,1.202
42.186218157,0.2418,-0.0341,1.1147,1.141
42.188459926,0.2765,-0.0516,1.0441,1.081
42.190917849,0.3130,-0.0668,0.9731,1.024
42.193113234,0.3476,-0.0778,0.9056,0.973
42.195758464,0.3774,-0.0863,0.8345,0.920
42.198301464,0.4099,-0.0939,0.7614,0.870
42.200694388,0.4388,-0.1010,0.6852,0.820
42.202844618,0.4717,-0.1035,0.6170,0.784
42.205162695,0.4969,-0.1122,0.5469,0.747
42.207707388,0.5216,-0.1250,0.4770,0.718
42.210047926,0.5443,-0.1352,0.4076,0.693
42.215357234,0.5621,-0.1459,0.3402,0.673
42.215935388,0.5773,-0.1529,0.2787,0.659
42.218566157,0.5868,-0.1631,0.2186,0.647
42.232667311,0.5935,-0.1667,0.1597,0.637
42.233052618,0.6032,-0.1741,0.1059,0.637
42.233178157,0.6140,-0.1799,0.0568,0.642
42.233299388,0.6245,-0.1867,0.0176,0.652
42.233412003,0.6352,-0.1956,-0.0181,0.665
42.233525849,0.6391,-0.2039,-0.0510,0.673
42.234163388,0.6474,-0.2139,-0.0815,0.687
42.243712541,0.6555,-0.2230,-0.1046,0.700
42.244325772,0.6552,-0.2386,-0.1232,0.708
42.244486157,0.6557,-0.2473,-0.1393,0.715
42.244666464,0.6506,-0.2557,-0.1530,0.716
42.246377234,0.6476,-0.2669,-0.1639,0.719
42.248612234,0.6379,-0.2766,-0.1722,0.716
42.252316311,0.6266,-0.2811,-0.1805,0.710
42.253464003,0.6213,-0.2957,-0.1910,0.714
42.255770388,0.6098,-0.3050,-0.1849,0.706
42.258360926,0.5981,-0.3187,-0.1793,0.701
42.261694695,0.5907,-0.3309,-0.1759,0.700
42.263338695,0.5873,-0.3463,-0.1627,0.701
42.265799695,0.5863,-0.3600,-0.1425,0.703
42.268793849,0.5927,-0.3756,-0.1223,0.712
42.270221157,0.5981,-0.3886,-0.0911,0.719
42.272662157,0.6040,-0.3898,-0.0589,0.721
42.275165772,0.6137,-0.3944,-0.0347,0.730
42.277590157,0.6286,-0.3954,-0.0051,0.743
42.280355003,0.6426,-0.3917,0.0256,0.753
42.282545849,0.6557,-0.3893,0.0617,0.765
42.285388234,0.6643,-0.3881,0.0903,0.775
42.287208003,0.6743,-0.3874,0.1264,0.788
42.289756234,0.6773,-0.3871,0.1495,0.794
42.293458464,0.6778,-0.3847,0.1700,0.798
42.301170464,0.6880,-0.3854,0.1910,0.811
42.301992849,0.6980,-0.3842,0.2039,0.822
42.302529464,0.7068,-0.3835,0.2066,0.830
42.303080618,0.7193,-0.3798,0.2007,0.838
42.304938464,0.7351,-0.3735,0.2098,0.851
42.306479388,0.7488,-0.3678,0.2066,0.859
42.308870157,0.7608,-0.3614,0.2049,0.867
42.311319695,0.7703,-0.3570,0.2079,0.874
42.313534464,0.7745,-0.3504,0.2112,0.876
42.316198157,0.7789,-0.3390,0.2122,0.876
42.319880618,0.7789,-0.3250,0.2140,0.871
42.320901772,0.7786,-0.3055,0.2142,0.863
42.323379388,0.7754,-0.2838,0.2156,0.853
42.333262388,0.7750,-0.2579,0.2154,0.845
42.333846695,0.7779,-0.2398,0.2220,0.844
42.334027926,0.7915,-0.2322,0.2322,0.857
42.334127003,0.8113,-0.2310,0.2557,0.881
42.335435695,0.8318,-0.2288,0.2918,0.911
42.337794157,0.8463,-0.2195,0.3400,0.938
42.340307311,0.8541,-0.2056,0.3957,0.963
42.345105849,0.8597,-0.1890,0.4575,0.992
42.345344003,0.8607,-0.1678,0.5230,1.021
42.347534695,0.8621,-0.1489,0.5919,1.056
42.349821157,0.8607,-0.1257,0.6544,1.089
42.352184926,0.8573,-0.1008,0.7038,1.114
42.354760926,0.8553,-0.0749,0.7456,1.137
42.357383003,0.8460,-0.0451,0.7973,1.163
42.359609464,0.8248,-0.0087,0.8746,1.202
42.362058388,0.7994,0.0318,0.9163,1.216
42.364573157,0.7673,0.0774,0.9400,1.216
42.367867388,0.7330,0.1232,0.9505,1.207
42.369209541,0.6960,0.1715,0.9366,1.179
42.372136311,0.6601,0.2192,0.8951,1.134
42.374174157,0.6257,0.2676,0.8357,1.078
42.376830464,0.5890,0.3138,0.7572,1.009
42.378896618,0.5563,0.3601,0.6605,0.936
42.381551695,0.5292,0.4068,0.5540,0.867
42.383805541,0.5092,0.4569,0.4478,0.818
42.385999695,0.4979,0.5009,0.3459,0.786
42.388707926,0.4906,0.5500,0.2592,0.781
42.391023311,0.4954,0.5937,0.1732,0.792
42.393289541,0.4976,0.6399,0.1171,0.819
42.395595618,0.5015,0.6897,0.0817,0.857
42.398317234,0.5003,0.7449,0.0675,0.900
42.40067508,0.4945,0.8018,0.0761,0.945
42.403037849,0.4847,0.8610,0.0986,0.993
42.405524003,0.4854,0.9126,0.1580,1.046
42.411755618,0.4847,0.9516,0.2286,1.092
42.412140311,0.4873,0.9727,0.3043,1.130
42.414078695,0.4982,0.9751,0.3967,1.165
42.414836234,0.5089,0.9611,0.5054,1.199
42.425487618,0.5201,0.9406,0.6170,1.239
42.426056926,0.5250,0.9201,0.7187,1.280
42.426161849,0.5306,0.8971,0.7940,1.310
42.426446695,0.5280,0.8764,0.8919,1.357
42.427572618,0.5148,0.8568,0.9923,1.409
42.429543003,0.5128,0.8470,1.0534,1.446
42.431828926,0.5162,0.8329,1.1224,1.490
42.436765849,0.5273,0.8244,1.1802,1.533
42.437155618,0.5365,0.8248,1.2124,1.561
42.439795618,0.5558,0.8273,1.2279,1.581
42.44185408,0.5888,0.8288,1.2352,1.600
42.44388208,0.6408,0.8232,1.2420,1.622
42.446521157,0.7109,0.8080,1.2494,1.649
42.448911926,0.7884,0.7913,1.2662,1.689
42.451094772,0.8751,0.7676,1.2887,1.737
42.453799695,0.9587,0.7384,1.3151,1.787
42.456360849,1.0419,0.7021,1.3490,1.843
42.458872618,1.1214,0.6800,1.3761,1.901
42.460816003,1.1971,0.6485,1.4111,1.961
42.463211388,1.2687,0.6189,1.4460,2.021
42.465944311,1.3298,0.5917,1.4783,2.075
42.468309234,1.3811,0.5654,1.5003,2.116
42.470741772,1.4241,0.5463,1.5159,2.150
42.472970157,1.4612,0.5321,1.5217,2.176
42.47621008,1.4812,0.5255,1.5301,2.193
42.478013772,1.4893,0.5236,1.5391,2.205
42.480391695,1.4868,0.5278,1.5345,2.201
42.48262708,1.4822,0.5288,1.5217,2.189
42.484983926,1.4759,0.5339,1.5000,2.171
42.487313849,1.4647,0.5360,1.4707,2.144
42.490144541,1.4507,0.5381,1.4323,2.108
42.492888003,1.4368,0.5393,1.3805,2.064
42.494626388,1.4185,0.5344,1.3244,2.013
42.497498772,1.4046,0.5292,1.2731,1.968
42.499802772,1.3916,0.5276,1.2179,1.923
42.501813541,1.3750,0.5263,1.1692,1.880
42.504790695,1.3591,0.5280,1.1294,1.844
42.507078695,1.3391,0.5295,1.0884,1.805
42.509050772,1.3179,0.5336,1.0400,1.762
42.511766695,1.2841,0.5388,0.9950,1.711
42.514421157,1.2445,0.5444,0.9517,1.659
42.519362772,1.1966,0.5507,0.9046,1.598
42.519847003,1.1424,0.5563,0.8592,1.534
42.52160308,1.0847,0.5661,0.8133,1.469
42.537478157,1.0279,0.5719,0.7607,1.401
42.538280234,0.9731,0.5830,0.7172,1.342
42.538417157,0.9176,0.5961,0.6852,1.291
42.538537234,0.8658,0.6131,0.6440,1.241
42.538660003,0.8162,0.6289,0.5976,1.191
42.538798464,0.7689,0.6438,0.5540,1.146
42.538910464,0.7188,0.6616,0.5124,1.103
42.549197157,0.6711,0.6778,0.4690,1.063
42.549534695,0.6242,0.6951,0.4304,1.029
42.549708849,0.5793,0.7107,0.3957,0.999
42.549831618,0.5429,0.7254,0.3684,0.978
42.549953464,0.5123,0.7340,0.3468,0.960
42.552573849,0.4945,0.7330,0.3344,0.945
42.555099311,0.4817,0.7324,0.3363,0.939
42.557453157,0.4803,0.7230,0.3430,0.933
42.55956308,0.4796,0.7184,0.3644,0.937
42.562446772,0.4784,0.7154,0.3891,0.944
42.565539695,0.4815,0.7046,0.4201,0.951
42.567423311,0.4838,0.6970,0.4583,0.964
42.569295926,0.4882,0.6905,0.5054,0.985
42.572224311,0.4889,0.6812,0.5574,1.007
42.574510388,0.4852,0.6709,0.6070,1.027
42.576606772,0.4786,0.6639,0.6564,1.049
42.579213772,0.4737,0.6592,0.7016,1.073
42.582046695,0.4666,0.6548,0.7421,1.094
42.583711388,0.4581,0.6541,0.7761,1.114
42.586290157,0.4486,0.6531,0.8045,1.129
42.588729772,0.4363,0.6594,0.8382,1.152
42.591197772,0.4237,0.6585,0.8585,1.162
42.593470695,0.4095,0.6594,0.8721,1.168
42.596396926,0.3906,0.6602,0.8844,1.171
42.59905408,0.3608,0.6648,0.8867,1.166
42.600678157,0.3208,0.6739,0.8751,1.150
42.603999695,0.2788,0.6839,0.8557,1.130
42.605907003,0.2306,0.6963,0.8362,1.112
42.608014695,0.1812,0.7076,0.8130,1.093
42.610536926,0.1307,0.7232,0.7830,1.074
42.613114772,0.0789,0.7366,0.7495,1.054
42.618393849,0.0337,0.7474,0.7206,1.039
42.618918464,-0.0078,0.7508,0.6960,1.024
42.620892618,-0.0490,0.7622,0.6579,1.008
42.633771388,-0.0877,0.7687,0.6317,0.999
42.634865157,-0.1206,0.7762,0.6170,0.999
42.635005157,-0.1492,0.7901,0.6048,1.006
42.635118695,-0.1692,0.8014,0.5976,1.014
42.635229234,-0.1814,0.8148,0.6078,1.033
42.635345157,-0.1961,0.8321,0.6146,1.053
42.636992003,-0.2186,0.8514,0.6344,1.084
42.646244003,-0.2337,0.8647,0.6512,1.107
42.646965849,-0.2408,0.8747,0.6589,1.121
42.647173849,-0.2454,0.8861,0.6722,1.139
42.647333772,-0.2513,0.9001,0.6847,1.159
42.650016541,-0.2559,0.9150,0.6899,1.174
42.651452926,-0.2615,0.9194,0.7067,1.189
42.653789234,-0.2603,0.9299,0.7223,1.206
42.656486157,-0.2552,0.9353,0.7460,1.223
42.658472849,-0.2482,0.9431,0.7770,1.247
42.66178708,-0.2442,0.9518,0.8108,1.274
42.664665464,-0.2445,0.9611,0.8411,1.300
42.666068003,-0.2417,0.9675,0.8816,1.331
42.668178695,-0.2281,0.9656,0.9300,1.360
42.671110388,-0.2095,0.9611,0.9828,1.390
42.673396618,-0.1819,0.9487,1.0485,1.426
42.675821849,-0.1494,0.9348,1.1218,1.468
42.67800608,-0.1177,0.9250,1.1895,1.511
42.681330464,-0.0840,0.9169,1.2675,1.567
42.682629157,-0.0500,0.9033,1.3432,1.619
42.685100003,-0.0204,0.8925,1.4145,1.673
42.687983926,0.0151,0.8720,1.4827,1.720
42.690360541,0.0623,0.8454,1.5515,1.768
42.692396849,0.1155,0.8111,1.6097,1.806
42.694724926,0.1703,0.7752,1.6635,1.843
42.697601541,0.2211,0.7408,1.7211,1.887
42.699901234,0.2609,0.7112,1.7737,1.929
42.702163618,0.2925,0.6893,1.8128,1.961
42.704773541,0.3086,0.6704,1.8504,1.992
42.706972849,0.3215,0.6599,1.8878,2.025
42.709398695,0.3228,0.6567,1.9232,2.058
42.711895388,0.3124,0.6724,1.9584,2.094
42.717828926,0.2886,0.6965,1.9859,2.124
42.718527003,0.2580,0.7296,1.9882,2.133
42.718957464,0.2213,0.7631,1.9838,2.137
42.733611618,0.1886,0.7911,1.9488,2.112
42.733998772,0.1603,0.8129,1.8932,2.067
42.734120926,0.1402,0.8297,1.8264,2.011
42.734200618,0.1146,0.8419,1.7463,1.942
42.734280311,0.0799,0.8568,1.6535,1.864
42.734366157,0.0377,0.8869,1.5738,1.807
42.736681234,-0.0146,0.9241,1.5103,1.771
42.745142695,-0.0793,0.9773,1.4583,1.757
42.745931618,-0.1518,1.0391,1.4267,1.772
42.746112311,-0.2179,1.1039,1.4138,1.807
42.746260618,-0.2657,1.1544,1.4189,1.848
42.748551926,-0.2845,1.1950,1.4338,1.888
42.750533234,-0.2794,1.2199,1.4616,1.924
42.752674388,-0.2469,1.2323,1.5049,1.961
42.756002772,-0.2044,1.2390,1.5657,2.007
42.757399926,-0.1492,1.2409,1.6312,2.055
42.759955618,-0.0917,1.2402,1.7013,2.107
42.76280708,-0.0395,1.2385,1.7619,2.154
42.764762772,0.0219,1.2346,1.8086,2.190
42.767189157,0.0882,1.2213,1.8401,2.210
42.770209849,0.1563,1.1943,1.8518,2.209
42.772191695,0.2325,1.1517,1.8379,2.181
42.774449234,0.3196,1.0941,1.8047,2.135
42.777064618,0.4234,1.0249,1.7497,2.071
42.78022308,0.5278,0.9509,1.6784,2.000
42.781635003,0.6291,0.8886,1.5936,1.930
42.783914772,0.7253,0.8475,1.5115,1.879
42.786716618,0.8106,0.8116,1.4169,1.823
42.789011003,0.9049,0.7889,1.3021,1.771
42.791275926,0.9992,0.7692,1.1707,1.721
42.79424308,1.0838,0.7538,1.0497,1.687
42.797081541,1.1500,0.7482,0.9151,1.649
42.798468234,1.2140,0.7408,0.7766,1.620
42.801157541,1.2814,0.7271,0.6677,1.618
42.80350708,1.3523,0.7132,0.5814,1.636
42.805856926,1.4244,0.6926,0.5032,1.662
42.808351311,1.4947,0.6780,0.4421,1.700
42.810689541,1.5541,0.6560,0.3931,1.732
42.817432926,1.6112,0.6296,0.3598,1.767
42.818070157,1.6533,0.6052,0.3463,1.794
42.81830708,1.6841,0.5749,0.3447,1.813
42.820559618,1.7018,0.5451,0.3598,1.823
42.834374772,1.7090,0.5111,0.3842,1.825
42.834951003,1.6983,0.4803,0.4204,1.814
42.835083926,1.6720,0.4530,0.4627,1.793
42.835183695,1.6289,0.4293,0.5108,1.760
42.835265464,1.5675,0.4107,0.5587,1.714
42.835381157,1.4884,0.3981,0.6109,1.657
42.837961772,1.4038,0.3904,0.6556,1.598
42.846313464,1.3135,0.3853,0.6952,1.535
42.846994464,1.2206,0.3770,0.7272,1.470
42.847159926,1.1274,0.3685,0.7549,1.406
42.847285541,1.0347,0.3599,0.7739,1.341
42.849902464,0.9445,0.3506,0.7805,1.274
42.852727003,0.8568,0.3355,0.7863,1.210
42.854773464,0.7717,0.3147,0.7888,1.148
42.856761772,0.6953,0.2952,0.7898,1.093
42.858731618,0.6168,0.2766,0.7964,1.045
42.861403388,0.5346,0.2688,0.8093,1.006
42.863637234,0.4632,0.2588,0.8250,0.981
42.865964003,0.3926,0.2468,0.8333,0.954
42.868464311,0.3271,0.2327,0.8557,0.945
42.870803618,0.2685,0.2157,0.8726,0.938
42.873105541,0.2196,0.1955,0.8767,0.925
42.875636926,0.1730,0.1733,0.8816,0.915
42.878210464,0.1337,0.1503,0.8948,0.917
42.880415926,0.1013,0.1251,0.9061,0.920
42.882901234,0.0726,0.1007,0.9093,0.918
42.885560541,0.0459,0.0814,0.9161,0.921
42.887794157,0.0219,0.0608,0.9232,0.925
42.890446464,0.0058,0.0440,0.9303,0.931
42.892885541,-0.0009,0.0230,0.9298,0.930
42.895292234,-0.0046,0.0054,0.9237,0.924
42.897304234,-0.0131,-0.0174,0.9337,0.934
42.900008618,-0.0165,-0.0392,0.9310,0.932
42.902666157,-0.0114,-0.0619,0.9227,0.925
42.904717849,0.0002,-0.0907,0.9112,0.916
42.907057157,0.0161,-0.1186,0.8963,0.904
42.909633464,0.0373,-0.1474,0.8734,0.887
42.916142157,0.0566,-0.1748,0.8516,0.871
42.916738695,0.0787,-0.2025,0.8228,0.851
42.917007926,0.0990,-0.2295,0.7940,0.832
42.933136926,0.1165,-0.2515,0.7683,0.817
42.933901464,0.1358,-0.2782,0.7495,0.811
42.934033464,0.1521,-0.3016,0.7265,0.801
42.934397772,0.1656,-0.3270,0.7060,0.796
42.934512618,0.1842,-0.3485,0.6894,0.794
42.93474208,0.1998,-0.3724,0.6722,0.794
42.934848849,0.2177,-0.3993,0.6561,0.798
42.935909464,0.2333,-0.4247,0.6324,0.797
42.945923003,0.2492,-0.4550,0.6044,0.797
42.946496311,0.2627,-0.4809,0.5804,0.798
42.946612234,0.2760,-0.5014,0.5582,0.799
42.94671408,0.2839,-0.5230,0.5384,0.802
42.948173234,0.2881,-0.5356,0.5228,0.802
42.950700003,0.2968,-0.5513,0.5044,0.804
42.953033234,0.3083,-0.5615,0.4875,0.805
42.955257157,0.3261,-0.5728,0.4668,0.808
42.957587311,0.3457,-0.5792,0.4434,0.807
42.96009508,0.3667,-0.5872,0.4169,0.808
42.963371388,0.3897,-0.5948,0.3874,0.810
42.964921234,0.4146,-0.6041,0.3525,0.813
42.967489541,0.4368,-0.6099,0.3160,0.814
42.970527388,0.4637,-0.6170,0.2855,0.823
42.972033849,0.4845,-0.6174,0.2557,0.825
42.97445008,0.5067,-0.6199,0.2074,0.827
42.977038695,0.5257,-0.6246,0.1565,0.831
42.979662157,0.5429,-0.6265,0.1074,0.836
42.98178208,0.5616,-0.6239,0.0598,0.842
42.98413408,0.5786,-0.6219,0.0116,0.850
42.986769157,0.5979,-0.6160,-0.0384,0.859
42.98889808,0.6203,-0.6062,-0.0889,0.872
42.991549234,0.6352,-0.5987,-0.1405,0.884
42.994591311,0.6455,-0.5848,-0.1820,0.890
42.996229849,0.6536,-0.5638,-0.2189,0.890
42.998631618,0.6518,-0.5396,-0.2639,0.886
43.002311311,0.6435,-0.5158,-0.2961,0.876
43.006213157,0.6379,-0.4902,-0.3420,0.874
43.007870772,0.6261,-0.4697,-0.3848,0.872
43.008121541,0.6098,-0.4462,-0.4256,0.867
43.012308234,0.5832,-0.4206,-0.4684,0.858
43.014928926,0.5565,-0.3964,-0.5126,0.854
43.015184618,0.5304,-0.3744,-0.5570,0.855
43.018017234,0.5050,-0.3500,-0.5979,0.857
43.020635926,0.4813,-0.3265,-0.6433,0.867
43.023472618,0.4612,-0.3020,-0.6860,0.880
43.025053464,0.4446,-0.2808,-0.7232,0.894
43.031016003,0.4307,-0.2589,-0.7386,0.893
43.031569157,0.4224,-0.2374,-0.7544,0.897
43.032355695,0.4214,-0.2198,-0.7693,0.904
43.03461808,0.4324,-0.2088,-0.7679,0.906
43.043616311,0.4495,-0.2004,-0.7535,0.900
43.044360618,0.4688,-0.1883,-0.7232,0.882
43.044582772,0.4869,-0.1748,-0.6780,0.853
43.044767388,0.5064,-0.1609,-0.6128,0.811
43.046690157,0.5289,-0.1469,-0.5345,0.766
43.049126695,0.5570,-0.1408,-0.4439,0.726
43.051543003,0.5939,-0.1418,-0.3464,0.702
43.054133464,0.6369,-0.1391,-0.2336,0.693
43.056412003,0.6711,-0.1350,-0.1192,0.695
43.060813849,0.6995,-0.1289,0.0023,0.711
43.061320234,0.7270,-0.1252,0.1467,0.752
43.063756541,0.7528,-0.1201,0.3002,0.819
43.066091311,0.7673,-0.1091,0.4609,0.902
43.069598772,0.7730,-0.0984,0.6261,1.000
43.070979003,0.7769,-0.0874,0.7766,1.102
43.073303311,0.7717,-0.0744,0.9202,1.203
43.076018695,0.7608,-0.0592,1.0490,1.297
43.078469464,0.7351,-0.0316,1.1663,1.379
43.080688926,0.6967,0.0049,1.2692,1.448
43.083123003,0.6494,0.0552,1.3583,1.507
43.085624234,0.5986,0.1132,1.4204,1.546
43.088752849,0.5514,0.1784,1.4702,1.580
43.090192311,0.5077,0.2490,1.4934,1.597
43.092775003,0.4644,0.3179,1.4751,1.579
43.094969541,0.4239,0.3839,1.4292,1.539
43.09772708,0.3946,0.4393,1.3461,1.470
43.100205234,0.3720,0.4941,1.2413,1.387
43.102430157,0.3489,0.5470,1.1122,1.288
43.104669464,0.3171,0.6106,0.9652,1.185
43.107352003,0.2729,0.6837,0.8110,1.095
43.110497772,0.2128,0.7652,0.6463,1.024
43.112009849,0.1563,0.8505,0.4858,0.992
43.114393234,0.0999,0.9434,0.3321,1.005
43.116994388,0.0513,1.0389,0.1924,1.058
43.123764311,0.0075,1.1402,0.0798,1.143
43.124147311,-0.0202,1.2380,0.0016,1.238
43.124602695,-0.0324,1.3308,-0.0496,1.332
43.139062464,-0.0185,1.4149,-0.0755,1.417
43.139820618,0.0132,1.4764,-0.0782,1.479
43.139960618,0.0652,1.5162,-0.0606,1.519
43.140091311,0.1430,1.5323,-0.0242,1.539
43.140221849,0.2264,1.5392,0.0253,1.556
43.140337234,0.3128,1.5397,0.0847,1.573
43.141083695,0.3918,1.5329,0.1523,1.589
43.150365541,0.4710,1.5227,0.2215,1.609
43.151077541,0.5404,1.5126,0.3036,1.635
43.151215003,0.6010,1.4984,0.3874,1.660
43.151340618,0.6513,1.4826,0.4721,1.687
43.153055618,0.6995,1.4579,0.5511,1.708
43.155229464,0.7439,1.4258,0.6151,1.722
43.160148926,0.7866,1.3743,0.6701,1.719
43.160831311,0.8419,1.3133,0.7182,1.717
43.163384003,0.9042,1.2465,0.7698,1.722
43.166075926,0.9645,1.1745,0.8177,1.726
43.168283003,1.0283,1.1053,0.8932,1.754
43.170633849,1.0906,1.0361,0.9677,1.789
43.172288849,1.1419,0.9616,1.0434,1.821
43.174756541,1.1949,0.8815,1.1269,1.864
43.177054157,1.2546,0.7982,1.2005,1.911
43.17927408,1.3139,0.7195,1.2606,1.958
43.181707926,1.3696,0.6499,1.3107,2.004
43.184140926,1.4229,0.5896,1.3551,2.051
43.18649008,1.4693,0.5407,1.3861,2.091
43.188927003,1.5075,0.5131,1.4028,2.122
43.19153108,1.5308,0.4901,1.4059,2.135
43.194085541,1.5670,0.4706,1.3947,2.150
43.19610308,1.6061,0.4523,1.3735,2.161
43.198761849,1.6513,0.4410,1.3466,2.176
43.201147695,1.6916,0.4322,1.3183,2.188
43.203588849,1.7192,0.4319,1.2923,2.194
43.206188541,1.7353,0.4349,1.2657,2.191
43.209888849,1.7374,0.4410,1.2422,2.181
43.210937157,1.7321,0.4474,1.2337,2.173
43.213253849,1.7141,0.4533,1.2373,2.162
43.215734388,1.6878,0.4559,1.2452,2.146
43.218502157,1.6510,0.4589,1.2571,2.125
43.220527695,1.6030,0.4561,1.2757,2.099
43.223219926,1.5387,0.4591,1.3004,2.066
43.229364849,1.4617,0.4674,1.3212,2.025
43.230043003,1.3752,0.4769,1.3386,1.977
43.230351695,1.2872,0.4875,1.3470,1.926
43.23251908,1.1977,0.4994,1.3498,1.872
43.245379311,1.1082,0.5106,1.3437,1.815
43.245807926,1.0230,0.5175,1.3283,1.755
43.245947388,0.9406,0.5251,1.3018,1.690
43.246048926,0.8600,0.5334,1.2671,1.622
43.246135311,0.7871,0.5404,1.2279,1.555
43.247268849,0.7137,0.5519,1.1961,1.498
43.249744234,0.6452,0.5639,1.1667,1.448
43.256685464,0.5746,0.5824,1.1450,1.407
43.257256003,0.5104,0.5952,1.1220,1.369
43.257452003,0.4556,0.6108,1.0927,1.332
43.259465234,0.4095,0.6179,1.0768,1.307
43.261433772,0.3699,0.6213,1.0779,1.298
43.263970464,0.3430,0.6238,1.0565,1.274
43.266977541,0.3249,0.6199,1.0204,1.237
43.268933849,0.3147,0.6110,0.9945,1.209
43.271021464,0.3128,0.6079,0.9731,1.189
43.27466708,0.3166,0.5984,0.9566,1.172
43.276577541,0.3249,0.5930,0.9459,1.163
43.278476849,0.3401,0.5868,0.9340,1.154
43.280857157,0.3567,0.5828,0.9176,1.144
43.283499388,0.3736,0.5798,0.9049,1.138
43.285496311,0.3972,0.5768,0.8863,1.130
43.28809108,0.4160,0.5739,0.8604,1.115
43.290836926,0.4332,0.5663,0.8303,1.094
43.292813541,0.4466,0.5617,0.7968,1.072
43.295187618,0.4573,0.5551,0.7678,1.052
43.29788208,0.4637,0.5519,0.7397,1.033
43.300580311,0.4684,0.5473,0.7016,1.006
43.30868308,0.4700,0.5534,0.6564,0.979
43.309121234,0.4671,0.5527,0.6100,0.946
43.309438772,0.4637,0.5558,0.5599,0.915
43.311086157,0.4571,0.5607,0.5149,0.888
43.312391003,0.4488,0.5724,0.4588,0.860
43.315195003,0.4344,0.5800,0.4157,0.835
43.317145157,0.4073,0.5915,0.3923,0.818
43.319328541,0.3789,0.6057,0.3563,0.798
43.322137849,0.3450,0.6196,0.3195,0.778
43.326935695,0.3151,0.6318,0.2983,0.766
43.327303003,0.2807,0.6443,0.2801,0.757
43.328956926,0.2497,0.6518,0.2652,0.747
43.331385234,0.2187,0.6553,0.2550,0.736
43.342611311,0.1877,0.6634,0.2464,0.732
43.342974695,0.1534,0.6734,0.2374,0.730
43.343073234,0.1263,0.6829,0.2266,0.730
43.343172849,0.1065,0.6919,0.2203,0.734
43.343631926,0.0843,0.7017,0.2322,0.744
43.346399695,0.0613,0.7110,0.2357,0.752
43.348548234,0.0359,0.7219,0.2491,0.765
43.354058772,0.0154,0.7244,0.2696,0.773
43.354617157,0.0021,0.7271,0.2965,0.785
43.355352849,-0.0116,0.7291,0.3319,0.801
43.357902388,-0.0216,0.7347,0.3782,0.827
43.360223388,-0.0353,0.7364,0.4343,0.856
43.362844618,-0.0490,0.7359,0.4996,0.891
43.365767311,-0.0623,0.7357,0.5638,0.929
43.367589849,-0.0756,0.7345,0.6428,0.979
43.369842157,-0.0901,0.7315,0.7388,1.044
43.374135388,-0.1059,0.7322,0.8262,1.109
43.374672541,-0.1248,0.7384,0.9093,1.178
43.377060234,-0.1509,0.7447,0.9913,1.249
43.380890388,-0.1751,0.7542,1.0691,1.320
43.382798157,-0.2010,0.7622,1.1292,1.377
43.385230465,-0.2256,0.7659,1.1829,1.427
43.386656618,-0.2491,0.7701,1.2166,1.461
43.389160541,-0.2643,0.7696,1.2438,1.486
43.391637234,-0.2741,0.7664,1.2540,1.495
43.393970695,-0.2857,0.7635,1.2554,1.497
43.39657508,-0.2972,0.7687,1.2571,1.503
43.39913508,-0.3067,0.7725,1.2633,1.512
43.401127695,-0.3148,0.7804,1.2669,1.521
43.403781157,-0.3168,0.7872,1.2633,1.522
43.406234695,-0.3009,0.8004,1.2547,1.518
43.408653541,-0.2787,0.8014,1.2433,1.505
43.410880234,-0.2503,0.8065,1.2256,1.488
43.413721465,-0.2179,0.8153,1.2079,1.473
43.418720849,-0.1821,0.8175,1.1919,1.457
43.419150388,-0.1441,0.8232,1.1744,1.441
43.421034465,-0.1038,0.8246,1.1594,1.427
43.437606157,-0.0603,0.8297,1.1467,1.417
43.438155311,-0.0258,0.8365,1.1485,1.421
43.43823508,0.0095,0.8374,1.1497,1.422
43.438307618,0.0454,0.8498,1.1490,1.430
43.438381234,0.0677,0.8656,1.1534,1.444
43.438458695,0.0750,0.8910,1.1690,1.472
43.43853508,0.0645,0.9262,1.1800,1.501
43.446768003,0.0473,0.9727,1.1941,1.541
43.447077541,0.0222,1.0228,1.1951,1.573
43.447169541,-0.0102,1.0753,1.1917,1.605
43.447251003,-0.0493,1.1334,1.1870,1.642
43.449703311,-0.0996,1.1884,1.1723,1.672
43.451851618,-0.1565,1.2378,1.1524,1.698
43.455075311,-0.2124,1.2866,1.1282,1.724
43.456844311,-0.2664,1.3301,1.0984,1.745
43.459241465,-0.3202,1.3731,1.0691,1.769
43.461831311,-0.3754,1.4132,1.0444,1.797
43.465437157,-0.4287,1.4559,1.0251,1.831
43.466881541,-0.4719,1.4928,1.0143,1.865
43.469314157,-0.5012,1.5292,0.9938,1.891
43.471709541,-0.5226,1.5605,0.9694,1.910
43.473756618,-0.5259,1.5844,0.9577,1.925
43.476328541,-0.5186,1.6115,0.9559,1.944
43.479094772,-0.5333,1.6369,0.9784,1.980
43.482001541,-0.4255,1.6557,1.0630,2.013
43.483419926,-0.3221,1.6545,1.1680,2.051
43.485839311,-0.2398,1.6448,1.2823,2.099
43.488521234,-0.1478,1.6315,1.4067,2.159
43.490894465,-0.0400,1.6064,1.5350,2.222
43.493163695,0.0909,1.5626,1.6459,2.271
43.496089157,0.2236,1.5029,1.7321,2.304
43.498835003,0.3618,1.4300,1.8012,2.328
43.500148849,0.4962,1.3501,1.8567,2.349
43.50267008,0.6091,1.2744,1.9093,2.375
43.505183618,0.7004,1.2067,1.9351,2.386
43.507612849,0.7579,1.1435,1.9258,2.364
43.510193157,0.8397,1.0904,1.9097,2.354
43.512622695,0.8998,1.0420,1.8904,2.339
43.51554708,0.9496,1.0066,1.8508,2.311
43.517194772,0.9880,0.9680,1.7891,2.261
43.519615618,1.0156,0.9436,1.7199,2.209
43.527521849,1.0452,0.9196,1.6393,2.151
43.528213849,1.0679,0.8974,1.5520,2.087
43.528569234,1.0867,0.8777,1.4632,2.023
43.53009508,1.1036,0.8612,1.3651,1.955
43.546633234,1.1172,0.8426,1.2687,1.889
43.546969772,1.1332,0.8219,1.1748,1.828
43.547045465,1.1458,0.8023,1.0835,1.769
43.547123311,1.1563,0.7801,1.0060,1.720
43.547194388,1.1600,0.7622,0.9268,1.669
43.547264234,1.1539,0.7469,0.8506,1.616
43.547333234,1.1367,0.7281,0.7912,1.565
43.549748618,1.1146,0.7149,0.7385,1.516
43.551590388,1.0826,0.7012,0.6977,1.466
43.554423003,1.0491,0.6895,0.6717,1.424
43.557372541,1.0032,0.6760,0.6554,1.376
43.558858695,0.9487,0.6707,0.6486,1.331
43.560563388,0.9064,0.6555,0.6393,1.288
43.564572849,0.8595,0.6413,0.6293,1.243
43.565447695,0.7847,0.6511,0.6268,1.197
43.568571926,0.7217,0.6478,0.6307,1.157
43.572743926,0.6743,0.6277,0.6132,1.107
43.573279003,0.6306,0.6015,0.6021,1.059
43.575198695,0.5907,0.5695,0.5867,1.009
43.577709772,0.5467,0.5395,0.5672,0.955
43.580988003,0.5077,0.5172,0.5496,0.910
43.582148234,0.4619,0.4989,0.5315,0.863
43.584632926,0.4207,0.4899,0.5169,0.827
43.58837008,0.3833,0.4774,0.5089,0.796
43.59026608,0.3447,0.4708,0.5059,0.772
43.591837465,0.3173,0.4608,0.5091,0.756
43.594521772,0.2963,0.4422,0.5196,0.744
43.59681008,0.2760,0.4183,0.5238,0.725
43.599095926,0.2602,0.3997,0.5228,0.708
43.601429465,0.2527,0.3729,0.5291,0.695
43.604130465,0.2485,0.3473,0.5345,0.684
43.606584926,0.2607,0.3250,0.5533,0.693
43.609238465,0.2751,0.3047,0.5655,0.699
43.611314157,0.2821,0.2859,0.5716,0.699
43.618009465,0.2851,0.2693,0.5799,0.700
43.618527695,0.2790,0.2532,0.5874,0.698
43.61881008,0.2702,0.2400,0.5887,0.691
43.640093157,0.2590,0.2265,0.5907,0.684
43.640559388,0.2482,0.2106,0.5870,0.671
43.640683311,0.2308,0.1901,0.5709,0.644
43.640770388,0.2135,0.1642,0.5418,0.605
43.640842157,0.2035,0.1435,0.5205,0.577
43.640909772,0.2025,0.1256,0.5173,0.570
43.640980311,0.2040,0.1051,0.5294,0.577
43.641043003,0.2079,0.0851,0.5343,0.580
43.641113465,0.2135,0.0569,0.5322,0.576
43.643633465,0.2269,0.0298,0.5291,0.576
43.64592208,0.2453,0.0032,0.5306,0.585
43.651228311,0.2534,-0.0174,0.5528,0.608
43.652065234,0.2646,-0.0355,0.5674,0.627
43.652647311,0.2709,-0.0527,0.5858,0.648
43.654780003,0.2732,-0.0700,0.5990,0.662
43.65695908,0.2844,-0.0817,0.6007,0.670
43.659266388,0.3012,-0.0951,0.6019,0.680
43.662712003,0.3163,-0.1040,0.6156,0.700
43.665021849,0.3335,-0.1061,0.6261,0.717
43.666753465,0.3515,-0.1130,0.6342,0.734
43.669219388,0.3682,-0.1157,0.6398,0.747
43.671778695,0.3853,-0.1203,0.6342,0.752
43.673787926,0.4043,-0.1245,0.6149,0.746
43.676605849,0.4170,-0.1179,0.6422,0.775
43.679128003,0.4272,-0.1133,0.6432,0.780
43.681131926,0.4353,-0.1089,0.6337,0.776
43.683933541,0.4410,-0.1044,0.6242,0.771
43.688343618,0.4474,-0.1000,0.6036,0.758
43.688973541,0.4524,-0.0986,0.5836,0.745
43.690889849,0.4605,-0.1064,0.5680,0.739
43.693094157,0.4619,-0.1152,0.5545,0.731
43.696505772,0.4622,-0.1252,0.5420,0.723
43.698265157,0.4600,-0.1271,0.5284,0.712
43.700510465,0.4463,-0.1310,0.5166,0.695
43.702947311,0.4334,-0.1245,0.4942,0.669
43.70836208,0.4212,-0.1205,0.4898,0.657
43.708764003,0.4144,-0.1186,0.4915,0.654
43.710251311,0.4083,-0.1103,0.4737,0.635
43.716967311,0.4021,-0.1059,0.4558,0.617
43.717584849,0.3934,-0.0981,0.4355,0.595
43.71826308,0.3818,-0.0863,0.4209,0.575
43.733619926,0.3716,-0.0734,0.4045,0.554
43.734424926,0.3540,-0.0553,0.3940,0.533
43.734675695,0.3426,-0.0395,0.3828,0.515
43.734913157,0.3357,-0.0250,0.3701,0.500
43.735144926,0.3274,-0.0111,0.3608,0.487
43.735255311,0.3196,0.0017,0.3532,0.476
43.73537508,0.3154,0.0152,0.3540,0.474
43.745568849,0.3128,0.0254,0.3554,0.474
43.746434695,0.3135,0.0326,0.3640,0.481
43.746760926,0.3154,0.0384,0.3784,0.494
43.746978388,0.3156,0.0459,0.3977,0.510
43.747127003,0.3171,0.0523,0.4189,0.528
43.748575926,0.3171,0.0667,0.4443,0.550
43.751206465,0.3215,0.0818,0.4719,0.577
43.754617849,0.3308,0.0985,0.4988,0.607
43.755745772,0.3459,0.1181,0.5254,0.640
43.758119388,0.3571,0.1339,0.5538,0.672
43.760723388,0.3713,0.1503,0.5734,0.699
43.763118388,0.3902,0.1689,0.5904,0.728
43.765455695,0.4163,0.1826,0.6012,0.754
43.76798708,0.4526,0.1943,0.6063,0.781
43.770418772,0.4969,0.2001,0.6072,0.810
43.772634465,0.5478,0.2025,0.6032,0.840
43.775387003,0.6042,0.1984,0.6065,0.879
43.778184234,0.6636,0.1936,0.6188,0.928
43.780208926,0.7212,0.1859,0.6510,0.989
43.782445465,0.7823,0.1762,0.6864,1.056
43.784744003,0.8407,0.1608,0.7246,1.121
43.787375003,0.8928,0.1520,0.7702,1.189
43.78964708,0.9252,0.1468,0.8191,1.244
43.792187695,0.9555,0.1449,0.8611,1.294
43.795238695,0.9699,0.1459,0.9065,1.336
43.796912541,0.9834,0.1484,0.9466,1.373
43.799374695,0.9811,0.1579,0.9864,1.400
43.801973157,0.9727,0.1661,1.0246,1.422
43.804192234,0.9445,0.1747,1.0593,1.430
43.806425772,0.9137,0.1969,1.0933,1.438
43.809858772,0.8693,0.2274,1.1304,1.444
43.812466388,0.8199,0.2651,1.1590,1.444
43.813762388,0.7559,0.3110,1.1870,1.441
43.816109234,0.6970,0.3606,1.2088,1.441
43.818627003,0.6406,0.4098,1.2142,1.433
43.820907003,0.5898,0.4542,1.2149,1.425
43.823729849,0.5411,0.4973,1.2005,1.408
43.826198465,0.4935,0.5388,1.1678,1.377
43.832291388,0.4458,0.5820,1.1155,1.335
43.832950388,0.4014,0.6228,1.0747,1.305
43.833386772,0.3611,0.6562,1.0097,1.257
43.836149849,0.3308,0.6921,0.9332,1.208
43.848755695,0.3119,0.7186,0.8504,1.156
43.849136618,0.3019,0.7373,0.7600,1.101
43.849265157,0.2981,0.7594,0.6479,1.042
43.849392541,0.2895,0.7782,0.5217,0.981
43.849512926,0.2707,0.8050,0.3889,0.934
43.850760234,0.2421,0.8419,0.2487,0.911
43.860558157,0.2008,0.8894,0.1047,0.918
43.861427003,0.1421,0.9485,-0.0447,0.960
43.862077541,0.0623,1.0140,-0.1881,1.033
43.862248849,0.0142,1.0723,-0.3046,1.115
43.862572926,-0.0038,1.1170,-0.3960,1.185
43.864317849,-0.0160,1.1535,-0.4624,1.243
43.86692608,-0.0256,1.1813,-0.5006,1.283
43.870184926,-0.0199,1.1947,-0.5015,1.296
43.87149408,-0.0070,1.1882,-0.4786,1.281
43.874287618,0.0139,1.1698,-0.4232,1.244
43.876686465,0.0366,1.1381,-0.3438,1.189
43.879564849,0.0701,1.0936,-0.2536,1.125
43.881491311,0.1131,1.0408,-0.1546,1.058
43.883908311,0.1568,0.9853,-0.0469,0.999
43.886486157,0.2033,0.9294,0.0691,0.954
43.888463311,0.2418,0.8828,0.1914,0.935
43.891324003,0.2672,0.8358,0.3229,0.935
43.893728926,0.2844,0.7955,0.4727,0.968
43.896269772,0.2905,0.7538,0.6366,1.029
43.898110465,0.2939,0.7091,0.8123,1.118
43.900780541,0.3014,0.6678,0.9941,1.235
43.903138465,0.3142,0.6231,1.1767,1.368
43.905553234,0.3289,0.5864,1.3544,1.512
43.908079618,0.3450,0.5570,1.5140,1.650
43.911146772,0.3579,0.5260,1.6647,1.782
43.912618388,0.3701,0.4901,1.7795,1.882
43.91501408,0.3769,0.4582,1.8585,1.951
43.917753234,0.3782,0.4322,1.9119,1.996
43.920322772,0.3657,0.4139,1.9524,2.029
43.922238772,0.3403,0.4046,1.9822,2.052
43.924817157,0.3103,0.4088,2.0126,2.077
43.931440926,0.2739,0.4156,2.0458,2.105
43.932035311,0.2377,0.4303,2.0849,2.142
43.932318388,0.2054,0.4442,2.1142,2.170
43.934144311,0.1784,0.4552,2.1520,2.207
43.945551618,0.1563,0.4647,2.1724,2.227
43.94594608,0.1402,0.4747,2.1809,2.236
43.946029234,0.1258,0.4796,2.1783,2.234
43.94613908,0.1143,0.4892,2.1697,2.227
43.946636311,0.1024,0.4911,2.1511,2.209
43.949645772,0.0957,0.4913,2.1252,2.183
43.952050388,0.0899,0.4913,2.0912,2.150
43.958039926,0.0909,0.4884,2.0516,2.111
43.958463003,0.0931,0.4843,2.0087,2.068
43.958587618,0.0945,0.4838,1.9586,2.020
43.961277465,0.0972,0.4833,1.9076,1.970
43.963235695,0.0997,0.4833,1.8489,1.914
43.965631926,0.0994,0.4850,1.7942,1.861
43.968892618,0.0999,0.4896,1.7362,1.807
43.970621157,0.0938,0.4945,1.6747,1.749
43.972769772,0.0877,0.5011,1.6021,1.681
43.975639003,0.0767,0.5102,1.5237,1.609
43.977880618,0.0598,0.5160,1.4392,1.530
43.980267311,0.0256,0.5221,1.3312,1.430
43.982547926,-0.0256,0.5321,1.2095,1.322
43.985258695,0.0068,0.5221,1.1171,1.233
43.987725541,0.0538,0.5080,1.0190,1.140
43.989805772,0.0911,0.4994,0.9454,1.073
43.992610465,0.1170,0.5029,0.8912,1.030
43.997312618,0.1292,0.5131,0.8369,0.990
43.998076003,0.1385,0.5258,0.7807,0.951
44.000825234,0.1476,0.5400,0.7360,0.925
44.002593465,0.1526,0.5546,0.6967,0.903
44.00436708,0.1586,0.5728,0.6598,0.888
44.006782465,0.1610,0.5861,0.6225,0.870
44.009984926,0.1715,0.5949,0.5827,0.850
44.011389465,0.1808,0.6010,0.5459,0.832
44.014038157,0.1898,0.6033,0.5054,0.810
44.017123926,0.2003,0.6047,0.4670,0.790
44.019654465,0.2120,0.5984,0.4257,0.764
44.021495003,0.2240,0.5935,0.3820,0.740
44.023699618,0.2338,0.5864,0.3410,0.718
44.03045808,0.2469,0.5803,0.3043,0.700
44.030989541,0.2570,0.5703,0.2711,0.682
44.031276849,0.2665,0.5610,0.2438,0.667
44.033284926,0.2778,0.5519,0.2179,0.655
44.048062388,0.2873,0.5424,0.1968,0.645
44.048751311,0.2921,0.5319,0.1837,0.634
44.048906157,0.2927,0.5221,0.1807,0.625
44.049024849,0.2841,0.5134,0.1863,0.616
44.049132618,0.2714,0.5055,0.2037,0.609
44.049239926,0.2607,0.4960,0.2340,0.607
44.050390772,0.2455,0.4869,0.2778,0.612
44.060310695,0.2276,0.4777,0.3326,0.625
44.060953849,0.2057,0.4687,0.3828,0.639
44.061134695,0.1871,0.4579,0.4365,0.660
44.061285541,0.1661,0.4437,0.4927,0.683
44.062114695,0.1297,0.4388,0.5462,0.713
44.064456003,0.0926,0.4342,0.6058,0.751
44.068898465,0.0591,0.4295,0.6610,0.791
44.069202157,0.0222,0.4317,0.6999,0.823
44.071740849,-0.0239,0.4384,0.7399,0.860
44.074498465,-0.0216,0.4100,0.7912,0.891
44.077532003,-0.0121,0.3823,0.8377,0.921
44.079030465,-0.0070,0.3574,0.8821,0.952
44.081573465,-0.0029,0.3371,0.9186,0.978
44.084559388,-0.0048,0.3282,0.9498,1.005
44.086268003,-0.0009,0.3201,0.9731,1.024
44.088644541,0.0042,0.3135,0.9896,1.038
44.091330465,0.0110,0.3164,1.0018,1.051
44.093733541,0.0212,0.3206,1.0104,1.060
44.095858388,0.0354,0.3311,1.0197,1.073
44.098716541,0.0528,0.3438,1.0275,1.085
44.100974695,0.0733,0.3616,1.0309,1.095
44.103807926,0.0921,0.3714,1.0307,1.099
44.105920926,0.1070,0.3863,1.0241,1.100
44.10793508,0.1221,0.4019,1.0160,1.099
44.110384311,0.1316,0.4127,1.0024,1.092
44.112877465,0.1439,0.4235,0.9845,1.081
44.115393541,0.1563,0.4322,0.9591,1.064
44.121246157,0.1635,0.4356,0.9337,1.043
44.121835388,0.1705,0.4373,0.9049,1.019
44.123449772,0.1808,0.4340,0.8753,0.994
44.137191618,0.1835,0.4303,0.8489,0.969
44.138055003,0.1842,0.4224,0.8208,0.941
44.138225849,0.1817,0.4161,0.7928,0.914
44.138377849,0.1781,0.4076,0.7714,0.890
44.138520003,0.1712,0.4019,0.7472,0.866
44.13865808,0.1630,0.3941,0.7272,0.843
44.139952849,0.1532,0.3907,0.7118,0.826
44.148665465,0.1417,0.3821,0.6994,0.809
44.149165772,0.1290,0.3748,0.6862,0.792
44.149384234,0.1163,0.3697,0.6771,0.780
44.149581849,0.1080,0.3626,0.6669,0.767
44.151701541,0.0972,0.3543,0.6613,0.757
44.153857465,0.0918,0.3438,0.6552,0.746
44.156242695,0.0831,0.3369,0.6628,0.748
44.158964618,0.0829,0.3320,0.6686,0.751
44.160924311,0.0752,0.3271,0.6730,0.752
44.163460003,0.0713,0.3264,0.6754,0.754
44.166895926,0.0591,0.3289,0.6769,0.755
44.16850608,0.0396,0.3328,0.6799,0.758
44.171780541,0.0191,0.3411,0.6820,0.763
44.172983618,-0.0041,0.3548,0.6847,0.771
44.175523003,-0.0278,0.3683,0.6882,0.781
44.178037849,-0.0498,0.3807,0.6943,0.793
44.180588311,-0.0735,0.3988,0.7036,0.812
44.183812234,-0.1001,0.4154,0.7162,0.834
44.185117157,-0.1204,0.4332,0.7309,0.858
44.187486388,-0.1421,0.4528,0.7465,0.885
44.190115926,-0.1614,0.4784,0.7654,0.917
44.192382695,-0.1849,0.5062,0.7886,0.955
44.194820849,-0.2093,0.5390,0.8150,0.999
44.197212849,-0.2335,0.5749,0.8480,1.051
44.199894695,-0.2550,0.6179,0.8846,1.109
44.202130772,-0.2733,0.6599,0.9247,1.168
44.204428311,-0.2789,0.6983,0.9598,1.219
44.207212311,-0.2797,0.7349,0.9945,1.268
44.209376849,-0.2831,0.7745,1.0365,1.325
44.211834695,-0.2923,0.8072,1.0808,1.380
44.216940618,-0.2911,0.8321,1.1182,1.424
44.217495311,-0.2829,0.8588,1.1524,1.465
44.218910157,-0.2760,0.8789,1.1897,1.505
44.221453772,-0.2587,0.8789,1.2135,1.520
44.227637849,-0.2303,0.8786,1.2366,1.534
44.228279695,-0.2022,0.8728,1.2550,1.542
44.228502772,-0.1760,0.8563,1.2613,1.535
44.230957541,-0.1531,0.8337,1.2638,1.522
44.244004541,-0.1355,0.8034,1.2684,1.507
44.24434708,-0.1159,0.7701,1.2640,1.485
44.244465849,-0.1059,0.7401,1.2510,1.457
44.244571695,-0.0979,0.7147,1.2242,1.421
44.244815618,-0.0938,0.6937,1.1778,1.370
44.246702157,-0.0961,0.6778,1.1238,1.316
44.248690772,-0.1062,0.6758,1.0651,1.266
44.254933157,-0.1243,0.6821,0.9989,1.216
44.255249772,-0.1401,0.7042,0.9324,1.177
44.25535008,-0.1546,0.7312,0.8716,1.148
44.257530695,-0.1651,0.7664,0.8184,1.133
44.259844311,-0.1641,0.7987,0.7786,1.127
44.262721465,-0.1560,0.8227,0.7429,1.119
44.264923388,-0.1421,0.8344,0.7092,1.104
44.267151926,-0.1169,0.8312,0.6818,1.081
44.269544618,-0.0898,0.8148,0.6657,1.056
44.27225408,-0.0568,0.7838,0.6598,1.026
44.274561849,-0.0234,0.7477,0.6603,0.998
44.277436926,0.0112,0.6926,0.6608,0.957
44.279307388,0.0452,0.6397,0.6544,0.916
44.282524926,0.0799,0.5754,0.6496,0.871
44.284073849,0.1134,0.5195,0.6412,0.833
44.286702157,0.1437,0.4606,0.6283,0.792
44.288854695,0.1735,0.4058,0.6219,0.763
44.291281772,0.2003,0.3529,0.6230,0.743
44.29373908,0.2194,0.3093,0.6379,0.742
44.296338157,0.2267,0.2661,0.6617,0.748
44.29916608,0.2285,0.2287,0.6964,0.768
44.300875311,0.2199,0.1994,0.7388,0.796
44.303315311,0.2106,0.1722,0.7835,0.829
44.305844234,0.1986,0.1493,0.8247,0.861
44.308379695,0.1852,0.1244,0.8729,0.901
44.310764849,0.1756,0.1021,0.9151,0.937
44.313483388,0.1605,0.0895,0.9574,0.975
44.319728926,0.1461,0.0750,0.9972,1.011
44.320202157,0.1290,0.0660,1.0409,1.051
44.320388541,0.1078,0.0572,1.0842,1.091
44.324107388,0.0874,0.0557,1.1250,1.130
44.332714388,0.0631,0.0601,1.1639,1.167
44.333137849,0.0412,0.0685,1.2030,1.206
44.333273849,0.0124,0.0802,1.2640,1.267
44.333389849,-0.0202,0.0975,1.3180,1.322
44.334475695,-0.0530,0.1188,1.3519,1.358
44.337183926,-0.0917,0.1398,1.3598,1.370
44.344540618,-0.1397,0.1547,1.3265,1.343
44.344929157,-0.1641,0.1540,1.3087,1.328
44.345038772,-0.1614,0.1684,1.3141,1.335
44.346971695,-0.1553,0.1864,1.3080,1.330
44.349109849,-0.1539,0.2041,1.2820,1.307
44.351608849,-0.1560,0.2180,1.2545,1.283
44.354221465,-0.1565,0.2363,1.2324,1.265
44.356448541,-0.1462,0.2475,1.2002,1.234
44.35866208,-0.1421,0.2630,1.1623,1.200
44.361177234,-0.1438,0.2822,1.1206,1.165
44.363699695,-0.1636,0.3122,1.0861,1.142
44.365906465,-0.2745,0.3880,1.0412,1.145
44.368549465,-0.4597,0.5055,0.9792,1.194
44.37112308,-0.4507,0.5121,0.8832,1.116
44.373502772,-0.4084,0.4913,0.8059,1.028
44.375506388,-0.3495,0.4530,0.7432,0.938
44.378312926,-0.2904,0.4134,0.7067,0.869
44.381014695,-0.2281,0.3634,0.6738,0.799
44.382669541,-0.1604,0.3005,0.6542,0.738
44.38510208,-0.0994,0.2485,0.6347,0.689
44.388107311,-0.0498,0.2116,0.6274,0.664
44.39021408,-0.0109,0.1847,0.6173,0.644
44.392292311,-0.0026,0.1713,0.6048,0.629
44.395920003,-0.0070,0.1637,0.5731,0.596
44.397496311,0.0317,0.1500,0.5758,0.596
44.39952308,0.0740,0.1312,0.5848,0.604
44.402261772,0.1151,0.1139,0.6256,0.646
44.404575695,0.1691,0.0911,0.6933,0.719
44.406922157,0.2082,0.0736,0.7727,0.804
44.409316311,0.1922,0.0794,0.8536,0.879
44.412009157,0.1253,0.1119,0.9225,0.938
44.414341465,0.0261,0.1549,0.9882,1.001
44.416454388,-0.0647,0.1973,1.0251,1.046
44.419009234,-0.1308,0.2311,1.0409,1.074
44.42128708,-0.1580,0.2446,1.0409,1.081
44.423744541,-0.1575,0.2414,1.0425,1.082
44.426311003,-0.1399,0.2258,1.0565,1.089
44.429221772,-0.1174,0.2101,1.0889,1.115
44.435460003,-0.0989,0.1913,1.1374,1.158
44.435875311,-0.0835,0.1733,1.1953,1.211
44.436045465,-0.0688,0.1512,1.2628,1.274
44.448004541,-0.0476,0.1270,1.3361,1.343
44.448688926,-0.0272,0.1051,1.4199,1.424
44.448813849,-0.0067,0.0831,1.4976,1.500
44.449015311,0.0158,0.0623,1.5631,1.564
44.449137849,0.0420,0.0452,1.6116,1.613
44.450201234,0.0608,0.0340,1.6390,1.640
44.452630388,0.0813,0.0284,1.6437,1.646
44.455429772,0.0990,0.0235,1.6295,1.633
44.45763508,0.1232,0.0220,1.6016,1.607
44.460112849,0.1478,0.0264,1.5652,1.572
44.463706772,0.1728,0.0313,1.5259,1.536
44.465007311,0.2031,0.0335,1.4868,1.501
44.467175388,0.2350,0.0389,1.4385,1.458
44.469755388,0.2670,0.0403,1.3759,1.402
44.472161772,0.2968,0.0389,1.2987,1.333
44.474489157,0.3284,0.0350,1.2166,1.261
44.477135695,0.3557,0.0303,1.1296,1.185
44.479482695,0.3792,0.0328,1.0517,1.118
44.482178465,0.3983,0.0335,0.9796,1.058
44.484163311,0.4153,0.0350,0.9214,1.011
44.486626465,0.4219,0.0462,0.8687,0.967
44.489320311,0.4214,0.0540,0.8269,0.930
44.49137108,0.4195,0.0690,0.7888,0.896
44.494071926,0.4087,0.0855,0.7558,0.863
44.497015311,0.3943,0.0970,0.7223,0.829
44.498589541,0.3760,0.1102,0.6906,0.794
44.501171618,0.3547,0.1198,0.6617,0.760
44.503659003,0.3315,0.1266,0.6324,0.725
44.506073157,0.3056,0.1324,0.6044,0.690
44.508377772,0.2802,0.1366,0.5785,0.657
44.510780234,0.2511,0.1379,0.5592,0.628
44.513426695,0.2248,0.1405,0.5445,0.606
44.515526772,0.1957,0.1391,0.5382,0.589
44.518178157,0.1666,0.1391,0.5313,0.574
44.520448618,0.1378,0.1368,0.5284,0.563
44.523404618,0.1099,0.1354,0.5259,0.554
44.525870157,0.0877,0.1344,0.5254,0.549
44.527888311,0.0635,0.1347,0.5276,0.548
44.533617465,0.0430,0.1310,0.5308,0.548
44.534189541,0.0232,0.1246,0.5371,0.552
44.534843388,0.0081,0.1232,0.5455,0.559
44.55145008,-0.0085,0.1214,0.5569,0.570
44.552128926,-0.0248,0.1161,0.5748,0.587
44.552289541,-0.0421,0.1127,0.5958,0.608
44.552500541,-0.0549,0.1165,0.6168,0.630
44.552667618,-0.0626,0.1153,0.6371,0.651
44.552837465,-0.0668,0.1188,0.6444,0.659
44.552930695,-0.0728,0.1266,0.6710,0.687
44.562408849,-0.0766,0.1351,0.7038,0.721
44.563008311,-0.0791,0.1391,0.7318,0.749
44.563166157,-0.0771,0.1432,0.7544,0.772
44.563294157,-0.0779,0.1435,0.7705,0.788
44.563980311,-0.0719,0.1440,0.7798,0.796
44.567137541,-0.0679,0.1435,0.7863,0.802
44.568389157,-0.0663,0.1459,0.7786,0.795
44.571081772,-0.1480,0.1415,0.7346,0.763
44.573303003,-0.2403,0.1363,0.6249,0.683
44.576193849,-0.2330,0.1481,0.5902,0.652
44.578430388,-0.2079,0.1581,0.6188,0.672
44.580758695,-0.1781,0.1720,0.6561,0.701
44.583127618,-0.1443,0.1843,0.6926,0.731
44.585794157,-0.1135,0.1938,0.7280,0.762
44.588109234,-0.0898,0.2082,0.7614,0.794
44.590892926,-0.0752,0.2224,0.7717,0.807
44.592960849,-0.0615,0.2314,0.7900,0.825
44.59581408,-0.0419,0.2297,0.8411,0.873
44.597815003,-0.0178,0.2258,0.8865,0.915
44.600534695,0.0127,0.2221,0.9323,0.958
44.605349849,0.0486,0.2175,0.9784,1.003
44.60614308,0.0840,0.2072,1.0207,1.045
44.607262388,0.1158,0.1924,1.0495,1.073
44.609725772,0.1474,0.1764,1.0725,1.097
44.61226608,0.1766,0.1610,1.0903,1.116
44.614377849,0.2015,0.1491,1.0961,1.124
44.616833849,0.2250,0.1419,1.0933,1.125
44.61948708,0.2434,0.1319,1.0961,1.131
44.621732618,0.2609,0.1246,1.0881,1.126
44.624213157,0.2721,0.1178,1.0676,1.108
44.626574388,0.2861,0.1078,1.0549,1.098
44.633600618,0.2954,0.1021,1.0383,1.084
44.634141157,0.3000,0.0980,1.0275,1.075
44.634333541,0.3000,0.0978,1.0207,1.068
44.636179311,0.2981,0.0965,1.0251,1.072
44.65161508,0.2909,0.1004,1.0425,1.087
44.652010157,0.2853,0.1065,1.0617,1.105
44.652107003,0.2758,0.1119,1.0903,1.130
44.652178772,0.2697,0.1188,1.1145,1.153
44.652251311,0.2667,0.1298,1.1433,1.181
44.652323618,0.2590,0.1440,1.1807,1.217
44.653630695,0.2604,0.1533,1.2303,1.267
44.655914465,0.2602,0.1652,1.2872,1.324
44.658704234,0.2646,0.1752,1.3588,1.395
44.660454772,0.2700,0.1882,1.4374,1.475
44.66283108,0.2739,0.1943,1.5212,1.558
44.664897465,0.2741,0.2036,1.6067,1.643
44.667607003,0.2719,0.2123,1.6947,1.729
44.670193157,0.2692,0.2187,1.7763,1.810
44.672209772,0.2558,0.2227,1.8357,1.867
44.674699388,0.2389,0.2295,1.8748,1.904
44.677274465,0.2182,0.2392,1.8848,1.912
44.679717157,0.1910,0.2539,1.8633,1.890
44.682323695,0.1570,0.2812,1.8181,1.846
44.684417542,0.1106,0.3222,1.7509,1.784
44.686902388,0.0577,0.3746,1.6737,1.716
44.689153157,0.0068,0.4344,1.5872,1.646
44.691718695,-0.0397,0.4936,1.4968,1.577
44.694987695,-0.0835,0.5578,1.4059,1.515
44.696484311,-0.1192,0.6169,1.3116,1.454
44.698852849,-0.1448,0.6685,1.2203,1.399
44.701371695,-0.1639,0.7030,1.1350,1.345
44.703840003,-0.1732,0.7230,1.0505,1.287
44.706011695,-0.1739,0.7247,0.9659,1.220
44.708549157,-0.1629,0.7098,0.8836,1.145
44.711210157,-0.1397,0.6780,0.8035,1.061
44.713453157,-0.1038,0.6350,0.7194,0.965
44.715900618,-0.0612,0.5849,0.6305,0.862
44.718743003,-0.0118,0.5314,0.5433,0.760
44.720805234,0.0377,0.4735,0.4585,0.660
44.723700311,0.0872,0.4219,0.3854,0.578
44.725331388,0.1292,0.3731,0.3283,0.513
44.732660003,0.1600,0.3369,0.2931,0.474
44.733192618,0.1737,0.3042,0.2906,0.455
44.733476234,0.1786,0.2795,0.3202,0.461
44.736271926,0.1725,0.2676,0.3720,0.490
44.748652849,0.1649,0.2656,0.4697,0.564
44.749168849,0.1581,0.2600,0.5567,0.634
44.749326157,0.1583,0.2446,0.6268,0.691
44.749453849,0.1651,0.2041,0.7111,0.758
44.749630157,0.1903,0.0865,0.8315,0.857
44.749804618,0.1808,0.0564,0.8266,0.848
44.761371311,0.1642,0.0520,0.7121,0.733
44.762086465,0.1449,0.0313,0.6219,0.639
44.762300311,0.1123,0.0042,0.5941,0.605
44.762493465,0.0437,-0.0201,0.6258,0.628
44.76317008,-0.0400,-0.0169,0.7260,0.727
44.763829772,-0.1269,0.0012,0.8677,0.877
44.766230388,-0.2152,0.0222,1.0048,1.028
44.769536618,-0.2841,0.0406,1.1001,1.137
44.770994157,-0.3400,0.0569,1.1665,1.216
44.773542695,-0.3871,0.0770,1.2438,1.305
44.776060618,-0.4267,0.1009,1.3405,1.410
44.778675311,-0.4519,0.1165,1.4563,1.529
44.78123808,-0.4604,0.1266,1.5394,1.612
44.783994388,-0.4651,0.1322,1.5523,1.626
44.785915003,-0.4891,0.1679,1.5293,1.614
44.787981465,-0.5098,0.1875,1.5086,1.603
44.79091508,-0.5061,0.1911,1.5032,1.598
44.793542388,-0.4883,0.1779,1.4830,1.571
44.795175695,-0.4409,0.1442,1.4148,1.489
44.797625542,-0.4092,0.1403,1.3212,1.390
44.80036708,-0.3454,0.1149,1.2946,1.345
44.802845157,-0.2587,0.0860,1.2655,1.295
44.805602465,-0.1688,0.0557,1.2276,1.240
44.807739311,-0.0861,0.0289,1.1802,1.184
44.810491926,-0.0204,0.0157,1.1238,1.124
44.812556849,0.0384,0.0166,1.0651,1.066
44.814759695,0.0784,0.0315,1.0029,1.006
44.817015926,0.1026,0.0536,0.9366,0.944
44.819620311,0.1099,0.0858,0.8569,0.868
44.82179408,0.1097,0.1205,0.7793,0.796
44.82439108,0.1148,0.1571,0.7134,0.739
44.831743695,0.1216,0.1906,0.6635,0.701
44.832213542,0.1312,0.2231,0.6244,0.676
44.832423618,0.1373,0.2507,0.6085,0.672
44.85003008,0.1461,0.2770,0.6205,0.695
44.85033508,0.1510,0.3005,0.6691,0.749
44.850414388,0.1510,0.3179,0.7456,0.824
44.850481849,0.1430,0.3338,0.8609,0.934
44.850544542,0.1329,0.3436,0.9965,1.062
44.850620618,0.1307,0.3384,1.1592,1.215
44.850696618,0.1684,0.2998,1.3344,1.378
44.850975618,0.1684,0.2940,1.4602,1.499
44.853566695,0.1514,0.2859,1.5462,1.580
44.856610772,0.1302,0.2707,1.5946,1.623
44.858757157,0.1070,0.2509,1.6063,1.629
44.86181508,0.0921,0.2323,1.5929,1.612
44.863009849,0.0955,0.2099,1.5361,1.553
44.865293849,0.1111,0.1857,1.4516,1.468
44.868403926,0.1358,0.1598,1.3586,1.375
44.869906465,0.1676,0.1288,1.2773,1.295
44.872535695,0.1982,0.0878,1.2127,1.232
44.875276311,0.2240,0.0484,1.1824,1.204
44.87809108,0.2472,0.0142,1.1919,1.217
44.879802465,0.2726,-0.0145,1.2105,1.241
44.882292618,0.2954,-0.0448,1.2315,1.267
44.884748234,0.3128,-0.0712,1.2552,1.296
44.886906157,0.3222,-0.0930,1.2718,1.315
44.889515926,0.3228,-0.1035,1.2823,1.326
44.893016618,0.3105,-0.1091,1.2836,1.325
44.894214695,0.2978,-0.1093,1.2808,1.320
44.896761234,0.2783,-0.1012,1.2699,1.304
44.899149542,0.2555,-0.0928,1.2510,1.280
44.901954695,0.2313,-0.0778,1.2244,1.248
44.903932003,0.2103,-0.0634,1.2000,1.220
44.907158388,0.1901,-0.0460,1.1714,1.188
44.910161157,0.1735,-0.0267,1.1457,1.159
44.911015618,0.1627,-0.0189,1.1094,1.121
44.91344208,0.1558,-0.0094,1.0632,1.075
44.915927388,0.1478,0.0032,1.0263,1.037
44.918473234,0.1439,0.0210,0.9977,1.008
44.921192618,0.1407,0.0357,0.9806,0.991
44.923376311,0.1407,0.0538,0.9608,0.973
44.930125542,0.1378,0.0704,0.9408,0.953
44.930744618,0.1351,0.0890,0.9179,0.932
44.93097808,0.1329,0.1056,0.8968,0.913
44.932719311,0.1327,0.1195,0.8760,0.894
44.946905849,0.1319,0.1337,0.8573,0.878
44.947483695,0.1283,0.1444,0.8399,0.862
44.947740003,0.1232,0.1556,0.8371,0.860
44.947875695,0.1234,0.1649,0.8352,0.860
44.947963618,0.1246,0.1689,0.8259,0.852
44.948054388,0.1414,0.1679,0.8201,0.849
44.958565234,0.1583,0.1610,0.8279,0.858
44.959175618,0.1774,0.1524,0.8394,0.871
44.959343311,0.1984,0.1432,0.8529,0.887
44.959459618,0.2226,0.1300,0.8631,0.901
44.959653849,0.2536,0.1060,0.8780,0.920
44.962613465,0.2721,0.0916,0.8895,0.935
44.964300926,0.2839,0.0762,0.9014,0.948
44.967661542,0.2937,0.0645,0.9186,0.967
44.969153772,0.3059,0.0560,0.9337,0.984
44.971236542,0.3217,0.0426,0.9496,1.004
44.974262157,0.3469,0.0289,0.9701,1.031
44.976254388,0.3340,0.0415,0.9811,1.037
44.978571311,0.3268,0.0467,0.9962,1.050
44.981269849,0.3128,0.0569,1.0146,1.063
44.98405908,0.3024,0.0687,1.0407,1.086
44.985902695,0.2897,0.0785,1.0735,1.115
44.988165542,0.2741,0.0892,1.1074,1.144
44.990672926,0.2597,0.0958,1.1485,1.181
44.992946157,0.2443,0.0985,1.1827,1.212
44.995630465,0.2276,0.0985,1.2205,1.245
44.99865408,0.2150,0.0978,1.2547,1.277
45.000728234,0.1998,0.0941,1.2865,1.305
45.00275508,0.1891,0.0851,1.3129,1.329
45.005361772,0.1777,0.0755,1.3378,1.352
45.00841908,0.1684,0.0653,1.3514,1.363
45.010021157,0.1563,0.0531,1.3524,1.362
45.012616926,0.1544,0.0436,1.3532,1.363
45.014934465,0.1549,0.0366,1.3640,1.373
45.017344926,0.1488,0.0296,1.3708,1.379
45.019575695,0.1425,0.0238,1.3761,1.384
45.022276926,0.1339,0.0230,1.3781,1.385
45.024527618,0.1195,0.0250,1.3813,1.387
45.030045772,0.1050,0.0274,1.3901,1.394
45.030700849,0.0897,0.0320,1.4015,1.405
45.032496003,0.0696,0.0359,1.4082,1.410
45.045231695,0.0547,0.0389,1.4128,1.414
45.045617542,0.0469,0.0436,1.4087,1.410
45.046402465,0.0410,0.0452,1.3933,1.395
45.046525234,0.0386,0.0462,1.3712,1.373
45.046625465,0.0344,0.0525,1.3321,1.334
45.046713849,0.0330,0.0641,1.2773,1.279
45.048688618,0.0320,0.0738,1.2286,1.231
45.05778208,0.0340,0.0785,1.1883,1.191
45.058372618,0.0379,0.0724,1.1560,1.159
45.058515388,0.0391,0.0643,1.1215,1.124
45.058653542,0.0393,0.0567,1.0949,1.097
45.061163618,0.0410,0.0459,1.0751,1.077
45.063364311,0.0447,0.0396,1.0570,1.059
45.066373465,0.0440,0.0371,1.0470,1.049
45.067736542,0.0449,0.0406,1.0373,1.039
45.070167003,0.0428,0.0476,1.0288,1.031
45.072617772,0.0412,0.0560,1.0216,1.024
45.075222157,0.0379,0.0716,1.0141,1.017
45.077372926,0.0263,0.0818,1.0069,1.011
45.079991003,0.0122,0.0916,1.0050,1.009
45.082962157,-0.0053,0.1004,1.0183,1.023
45.085052618,-0.0248,0.1090,1.0412,1.047
45.087874465,-0.0473,0.1132,1.0763,1.083
45.089865234,-0.0686,0.1149,1.1171,1.125
45.091787618,-0.0835,0.1161,1.1585,1.167
45.094434157,-0.0969,0.1178,1.1934,1.203
45.096825465,-0.1074,0.1161,1.2207,1.231
45.099651926,-0.1128,0.1102,1.2445,1.254
45.101497465,-0.1147,0.1093,1.2603,1.270
45.104111926,-0.1128,0.1068,1.2743,1.284
45.107176542,-0.1038,0.1007,1.2862,1.294
45.108995311,-0.0913,0.0958,1.2978,1.304
45.111217772,-0.0830,0.0953,1.3043,1.310
45.113711388,-0.0776,0.0941,1.3153,1.321
45.116714157,-0.0686,0.0887,1.3248,1.330
45.118596234,-0.0593,0.0780,1.3204,1.324
45.120173465,-0.0465,0.0682,1.3078,1.310
45.123357234,-0.0244,0.0545,1.2948,1.296
45.125607003,-0.0062,0.0394,1.2757,1.276
45.128558388,0.0114,0.0217,1.2601,1.260
45.132615388,0.0305,0.0049,1.2464,1.247
45.136866388,0.0491,-0.0120,1.2349,1.236
45.137459388,0.0664,-0.0272,1.2212,1.223
45.137708311,0.0838,-0.0365,1.2056,1.209
45.152166388,0.0926,-0.0460,1.1870,1.192
45.152645772,0.0962,-0.0523,1.1707,1.176
45.152831926,0.1011,-0.0585,1.1511,1.157
45.153012926,0.1011,-0.0612,1.1355,1.142
45.15311508,0.0990,-0.0595,1.1175,1.123
45.153288849,0.0957,-0.0595,1.1015,1.107
45.154649234,0.0916,-0.0544,1.0912,1.096
45.165507388,0.0836,-0.0497,1.0842,1.089
45.166725465,0.0818,-0.0439,1.0786,1.083
45.167121849,0.0780,-0.0370,1.0593,1.063
45.167485772,0.0862,-0.0309,1.0329,1.037
45.167671618,0.0860,-0.0234,1.0090,1.013
45.169323695,0.0874,-0.0126,0.9811,0.985
45.171488849,0.0948,-0.0080,0.9476,0.952
45.174172926,0.0994,-0.0008,0.9156,0.921
45.176273465,0.1060,0.0015,0.8892,0.895
45.178612542,0.1160,0.0089,0.8685,0.876
45.181724926,0.1251,0.0176,0.8518,0.861
45.183693234,0.1324,0.0225,0.8362,0.847
45.186105849,0.1441,0.0296,0.8269,0.840
45.188825157,0.1549,0.0382,0.8186,0.834
45.190883926,0.1635,0.0482,0.8147,0.832
45.193175388,0.1695,0.0585,0.8120,0.832
45.195736311,0.1764,0.0694,0.8066,0.829
45.199311388,0.1759,0.0787,0.8115,0.834
45.200486695,0.1705,0.0916,0.8147,0.837
45.202978695,0.1521,0.1016,0.8274,0.847
45.205452234,0.0820,0.1132,0.9361,0.946
45.207825772,0.0403,0.1183,0.9696,0.978
45.210400542,0.0032,0.1195,0.9796,0.987
45.213221849,-0.0276,0.1221,0.9894,0.997
45.215271618,-0.0493,0.1256,0.9901,0.999
45.21722708,-0.0593,0.1298,0.9745,0.985
45.219936311,-0.0600,0.1400,0.9517,0.964
45.222371311,-0.0530,0.1468,0.9324,0.945
45.224476618,-0.0385,0.1498,0.9193,0.932
45.226889157,-0.0009,0.1537,0.9019,0.915
45.229435695,0.0505,0.1573,0.8702,0.886
45.234544849,0.0864,0.1903,0.8352,0.861
45.234992234,0.0975,0.2565,0.8066,0.852
45.23779408,0.0960,0.3323,0.7761,0.850
45.249238695,0.0899,0.4105,0.7444,0.855
45.249748003,0.0759,0.4731,0.7153,0.861
45.249844234,0.0652,0.5072,0.6911,0.860
45.249928926,0.0677,0.5041,0.6664,0.838
45.250005772,0.0904,0.4755,0.6415,0.804
45.252049849,0.1332,0.4212,0.6232,0.764
45.254183388,0.1805,0.3506,0.6209,0.736
45.260212542,0.2206,0.2915,0.6251,0.724
45.262331618,0.2453,0.2544,0.6363,0.728
45.262484926,0.2590,0.2273,0.6613,0.746
45.263472311,0.2676,0.2057,0.6994,0.777
45.265746772,0.2636,0.1936,0.7353,0.805
45.268712542,0.2497,0.1899,0.7607,0.823
45.270713772,0.2238,0.1974,0.7774,0.833
45.272800542,0.1884,0.2126,0.7835,0.833
45.275304311,0.1395,0.2321,0.7947,0.840
45.277527388,0.0931,0.2546,0.8017,0.846
45.280363618,0.0577,0.2749,0.7961,0.844
45.282370465,0.0286,0.2952,0.7935,0.847
45.28490608,0.0058,0.3089,0.8182,0.875
45.289237157,-0.0062,0.3225,0.8677,0.926
45.290445772,-0.0034,0.3424,0.8839,0.948
45.292009234,0.0024,0.3578,0.8396,0.913
45.294619926,0.0081,0.3653,0.7688,0.851
45.297339695,0.0163,0.3702,0.7314,0.820
45.299273157,0.0342,0.3694,0.7260,0.815
45.301743388,0.0535,0.3704,0.7299,0.820
45.305084311,0.0715,0.3736,0.7460,0.837
45.306994695,0.0808,0.3778,0.7690,0.861
45.309625542,0.0811,0.3836,0.7952,0.887
45.312017157,0.0752,0.3872,0.8169,0.907
45.314362388,0.0664,0.3900,0.8279,0.918
45.31661808,0.0635,0.3885,0.8269,0.916
45.318715388,0.0628,0.3802,0.8218,0.908
45.321094465,0.0689,0.3675,0.8173,0.899
45.326267388,0.0769,0.3516,0.8257,0.901
45.326897234,0.0833,0.3408,0.8482,0.918
45.330776542,0.0899,0.3303,0.8736,0.938
45.330956618,0.0980,0.3203,0.9049,0.965
45.339836234,0.1031,0.3040,0.9424,0.996
45.340249849,0.0877,0.3122,0.9479,1.002
45.340384849,0.0708,0.3277,0.9456,1.003
45.34049508,0.0571,0.3259,0.9447,1.001
45.342653465,0.0498,0.3240,0.9335,0.989
45.345096311,0.0415,0.3186,0.9254,0.980
45.351353849,0.0391,0.3186,0.9222,0.976
45.351843388,0.0335,0.3218,0.9195,0.975
45.352394157,0.0242,0.3299,0.9132,0.971
45.354778157,0.0130,0.3420,0.9044,0.967
45.356978157,0.0049,0.3545,0.8941,0.962
45.359435618,-0.0014,0.3670,0.8860,0.959
45.361977772,-0.0026,0.3716,0.8787,0.954
45.364391388,-0.0021,0.3746,0.8763,0.953
45.366776849,0.0019,0.3770,0.8706,0.949
45.369988618,0.0081,0.3767,0.8625,0.941
45.371822772,0.0063,0.3758,0.8524,0.932
45.374196926,0.0090,0.3727,0.8455,0.924
45.376366465,0.0105,0.3646,0.8443,0.920
45.37886608,0.0107,0.3520,0.8455,0.916
45.381189849,0.0102,0.3377,0.8541,0.918
45.383859311,0.0137,0.3277,0.8672,0.927
45.386241157,0.0183,0.3194,0.8739,0.931
45.388552926,0.0191,0.3157,0.8780,0.933
45.39115908,0.0263,0.3098,0.8787,0.932
45.393597234,0.0261,0.3069,0.8880,0.940
45.396405772,-0.0070,0.2837,0.9156,0.959
45.398103695,-0.0248,0.2788,0.8829,0.926
45.400640618,-0.0424,0.2779,0.8643,0.909
45.403156542,-0.0656,0.2788,0.8516,0.898
45.405730388,-0.0947,0.2863,0.8331,0.886
45.407947926,-0.1143,0.2993,0.8182,0.879
45.410393542,-0.1308,0.3071,0.8015,0.868
45.413005542,-0.1621,0.3287,0.7702,0.853
45.414860618,-0.1890,0.3443,0.7339,0.832
45.417393465,-0.2068,0.3506,0.7134,0.821
45.420131311,-0.2103,0.3565,0.7050,0.818
45.422408849,-0.2086,0.3555,0.7069,0.818
45.424662465,-0.2002,0.3548,0.7080,0.817
45.427167003,-0.1946,0.3541,0.7038,0.812
45.432083926,-0.1870,0.3601,0.6955,0.805
45.432467311,-0.1849,0.3667,0.6799,0.794
45.434735311,-0.1900,0.3755,0.6635,0.786
45.446811003,-0.1956,0.3870,0.6498,0.781
45.447303926,-0.1998,0.3968,0.6468,0.785
45.447659926,-0.1981,0.4034,0.6456,0.787
45.447781157,-0.1995,0.4083,0.6481,0.791
45.447905542,-0.1949,0.4127,0.6496,0.794
45.448768926,-0.1870,0.4168,0.6491,0.794
45.451327388,-0.1781,0.4207,0.6505,0.795
45.454330772,-0.1680,0.4266,0.6528,0.798
45.458728003,-0.1541,0.4281,0.6577,0.800
45.459016849,-0.1353,0.4330,0.6664,0.806
45.460958465,-0.1218,0.4315,0.6815,0.816
45.463411926,-0.1054,0.4286,0.6957,0.824
45.465507618,-0.0996,0.4310,0.7106,0.837
45.468478157,-0.0971,0.4286,0.7226,0.846
45.470909234,-0.0969,0.4305,0.7360,0.858
45.473236311,-0.1003,0.4324,0.7441,0.866
45.475323003,-0.1074,0.4354,0.7553,0.878
45.477769157,-0.1252,0.4200,0.7693,0.885
45.48015808,-0.1781,0.3795,0.7702,0.877
45.482805849,-0.1802,0.3574,0.7842,0.880
45.486011618,-0.1392,0.3714,0.8213,0.912
45.48797408,-0.1082,0.3963,0.8418,0.937
45.489870772,-0.0959,0.4176,0.8313,0.935
45.49254708,-0.0847,0.4310,0.8182,0.929
45.495547003,-0.0722,0.4493,0.8115,0.930
45.497079926,-0.0556,0.4664,0.8159,0.941
45.499516311,-0.0473,0.4784,0.8306,0.960
45.502092311,-0.0381,0.4850,0.8394,0.970
45.504525542,-0.0290,0.4813,0.8431,0.971
45.506925772,-0.0263,0.4684,0.8433,0.965
45.509259311,-0.0285,0.4615,0.8411,0.960
45.513287003,-0.0329,0.4503,0.8411,0.955
45.514063618,-0.0446,0.4461,0.8494,0.960
45.516432542,-0.0534,0.4442,0.8597,0.969
45.518860003,-0.0607,0.4433,0.8792,0.986
45.524280542,-0.0712,0.4456,0.8970,1.004
45.52483008,-0.0817,0.4486,0.9102,1.018
45.526962157,-0.0952,0.4530,0.9244,1.034
45.54171408,-0.1033,0.4561,0.9408,1.051
45.542199618,-0.1128,0.4549,0.9545,1.063
45.542337234,-0.1226,0.4505,0.9618,1.069
45.542460926,-0.1329,0.4615,0.9645,1.077
45.542570157,-0.1411,0.4738,0.9589,1.079
45.542689772,-0.1438,0.4911,0.9445,1.074
45.544065157,-0.1497,0.5011,0.9276,1.065
45.551740234,-0.1436,0.5023,0.9179,1.056
45.552742695,-0.1362,0.4999,0.9161,1.052
45.553001465,-0.1289,0.4908,0.9193,1.050
45.553194388,-0.1187,0.4813,0.9293,1.053
45.554933234,-0.1074,0.4720,0.9456,1.062
45.557624849,-0.1018,0.4638,0.9630,1.074
45.560066388,-0.0945,0.4526,0.9767,1.081
45.562509542,-0.0908,0.4459,0.9862,1.086
45.564480542,-0.0781,0.4388,0.9955,1.091
45.567251311,-0.0724,0.4342,1.0048,1.097
45.570766695,-0.0607,0.4263,1.0134,1.101
45.572047926,-0.0502,0.4179,1.0223,1.106
45.574375388,-0.0381,0.4134,1.0285,1.109
45.57735808,-0.0244,0.4056,1.0376,1.114
45.579101542,-0.0118,0.3953,1.0434,1.116
45.581412926,0.0007,0.3877,1.0512,1.120
45.584058157,0.0142,0.3787,1.0590,1.125
45.586861157,0.0268,0.3711,1.0651,1.128
45.589144618,0.0391,0.3557,1.0686,1.127
45.59132208,0.0464,0.3525,1.0681,1.126
45.594531388,0.0564,0.3523,1.0647,1.123
45.595919618,0.0657,0.3482,1.0590,1.117
45.598694388,0.0671,0.3455,1.0502,1.108
45.601152926,0.0708,0.3426,1.0348,1.092
45.603344234,0.0701,0.3448,1.0211,1.080
45.606624542,0.0703,0.3455,1.0082,1.068
45.608259618,0.0691,0.3469,0.9945,1.056
45.61121908,0.0655,0.3492,0.9808,1.043
45.612772542,0.0579,0.3529,0.9718,1.036
45.615222157,0.0501,0.3567,0.9613,1.027
45.617771003,0.0437,0.3641,0.9571,1.025
45.620036234,0.0320,0.3694,0.9540,1.024
45.622468234,0.0237,0.3765,0.9549,1.027
45.624989542,0.0132,0.3836,0.9586,1.033
45.631341234,-0.0038,0.3870,0.9645,1.039
45.632335926,-0.0134,0.3912,0.9735,1.049
45.63265408,-0.0234,0.3909,0.9843,1.059
45.647902157,-0.0300,0.3944,0.9933,1.069
45.64862208,-0.0383,0.3946,1.0001,1.076
45.648837772,-0.0421,0.3921,1.0085,1.083
45.649000542,-0.0439,0.3883,1.0111,1.084
45.649325849,-0.0468,0.3836,1.0183,1.089
45.649418772,-0.0476,0.3760,1.0223,1.090
45.649690772,-0.0517,0.3724,1.0260,1.093
45.660463003,-0.0537,0.3670,1.0304,1.095
45.661643926,-0.0546,0.3611,1.0316,1.094
45.661931311,-0.0568,0.3582,1.0339,1.096
45.662060926,-0.0586,0.3565,1.0360,1.097
45.662284849,-0.0605,0.3533,1.0425,1.102
45.663375003,-0.0612,0.3538,1.0458,1.106
45.665945234,-0.0639,0.3520,1.0546,1.114
45.668587926,-0.0647,0.3504,1.0598,1.118
45.670568234,-0.0675,0.3523,1.0661,1.125
45.67312308,-0.0679,0.3565,1.0728,1.132
45.675763311,-0.0710,0.3606,1.0737,1.135
45.677965465,-0.0707,0.3631,1.0703,1.132
45.680416311,-0.0730,0.3646,1.0654,1.128
45.683223926,-0.0740,0.3646,1.0590,1.122
45.685465849,-0.0703,0.3670,1.0537,1.118
45.687632311,-0.0688,0.3709,1.0519,1.118
45.690104618,-0.0688,0.3699,1.0497,1.115
45.692758388,-0.0671,0.3697,1.0493,1.115
45.694965542,-0.0671,0.3680,1.0458,1.111
45.697584849,-0.0675,0.3721,1.0463,1.113
45.700183695,-0.0651,0.3709,1.0385,1.105
45.702322465,-0.0607,0.3731,1.0346,1.101
45.704372311,-0.0593,0.3731,1.0302,1.097
45.707192311,-0.0612,0.3729,1.0223,1.090
45.710356926,-0.0542,0.3783,1.0190,1.088
45.711616926,-0.0486,0.3760,1.0167,1.085
45.714177157,-0.0400,0.3774,1.0185,1.087
45.716613465,-0.0321,0.3792,1.0275,1.096
45.719216618,-0.0219,0.3780,1.0378,1.105
45.721355695,-0.0078,0.3753,1.0488,1.114
45.724335926,0.0026,0.3739,1.0614,1.125
45.730688003,0.0127,0.3662,1.0722,1.133
45.731289772,0.0222,0.3634,1.0837,1.143
45.731573234,0.0286,0.3634,1.0933,1.152
45.734217234,0.0368,0.3604,1.1005,1.159
45.747996311,0.0435,0.3574,1.1091,1.166
45.748504849,0.0452,0.3497,1.1115,1.166
45.748632311,0.0442,0.3487,1.1103,1.165
45.748721849,0.0435,0.3460,1.1059,1.160
45.748797542,0.0381,0.3452,1.0998,1.153
45.748875003,0.0349,0.3443,1.0903,1.144
45.751252542,0.0261,0.3460,1.0779,1.132
45.759920234,0.0212,0.3482,1.0635,1.119
45.760569465,0.0139,0.3455,1.0490,1.104
45.760776849,0.0073,0.3469,1.0304,1.087
45.760963926,-0.0014,0.3494,1.0165,1.075
45.762335695,-0.0065,0.3492,1.0018,1.061
45.765316311,-0.0129,0.3509,0.9867,1.047
45.768282157,-0.0209,0.3518,0.9752,1.037
45.769423003,-0.0268,0.3516,0.9650,1.027
45.771941465,-0.0361,0.3533,0.9545,1.018
45.774743618,-0.0439,0.3529,0.9437,1.008
45.776995618,-0.0525,0.3543,0.9310,0.998
45.779200542,-0.0586,0.3511,0.9191,0.986
45.78159408,-0.0600,0.3518,0.9095,0.977
45.784384542,-0.0623,0.3567,0.9017,0.972
45.786459926,-0.0630,0.3590,0.8941,0.966
45.789109157,-0.0656,0.3585,0.8892,0.961
45.792614465,-0.0617,0.3613,0.8811,0.954
45.793853465,-0.0595,0.3567,0.8721,0.944
45.796353849,-0.0583,0.3578,0.8670,0.940
45.798862157,-0.0549,0.3555,0.8616,0.934
45.801089542,-0.0544,0.3538,0.8550,0.927
45.803225849,-0.0527,0.3572,0.8485,0.922
45.805860926,-0.0532,0.3580,0.8455,0.920
45.808340542,-0.0525,0.3565,0.8467,0.920
45.810496311,-0.0519,0.3541,0.8480,0.920
45.81309408,-0.0551,0.3533,0.8518,0.924
45.815486388,-0.0534,0.3501,0.8590,0.929
45.817988926,-0.0486,0.3476,0.8685,0.937
45.820258157,-0.0444,0.3408,0.8836,0.948
45.822809157,-0.0372,0.3377,0.9005,0.962
45.82522308,-0.0314,0.3338,0.9158,0.975
45.830598772,-0.0295,0.3355,0.9310,0.990
45.831059311,-0.0236,0.3362,0.9449,1.003
45.833016542,-0.0185,0.3340,0.9589,1.016
45.846407926,-0.0180,0.3308,0.9696,1.025
45.847083311,-0.0185,0.3323,0.9767,1.032
45.847245542,-0.0178,0.3328,0.9831,1.038
45.847385849,-0.0207,0.3384,0.9862,1.043
45.847539695,-0.0211,0.3413,0.9889,1.046
45.847681234,-0.0178,0.3443,0.9906,1.049
45.849327388,-0.0141,0.3440,0.9908,1.049
45.858398695,-0.0134,0.3469,0.9908,1.050
45.859184311,-0.0155,0.3497,0.9906,1.051
45.859351618,-0.0155,0.3536,0.9884,1.050
45.859493542,-0.0163,0.3548,0.9887,1.051
45.861208618,-0.0127,0.3572,0.9882,1.051
45.863701849,-0.0131,0.3609,0.9877,1.052
45.867642695,-0.0127,0.3601,0.9880,1.052
45.868329157,-0.0139,0.3650,0.9882,1.054
45.870999926,-0.0160,0.3675,0.9918,1.058
45.873440311,-0.0180,0.3699,0.9880,1.055
45.875890695,-0.0190,0.3743,0.9872,1.056
45.878049772,-0.0192,0.3760,0.9857,1.055
45.880615003,-0.0188,0.3778,0.9843,1.054
45.883936234,-0.0173,0.3787,0.9811,1.052
45.885372311,-0.0141,0.3783,0.9743,1.045
45.888113465,-0.0111,0.3799,0.9671,1.039
45.890440542,-0.0087,0.3799,0.9594,1.032
45.892709542,-0.0058,0.3819,0.9517,1.026
45.895115311,-0.0055,0.3829,0.9440,1.019
45.897748542,-0.0031,0.3819,0.9373,1.012
45.899827311,-0.0053,0.3827,0.9328,1.008
45.902253234,-0.0048,0.3836,0.9274,1.004
45.904681542,-0.0078,0.3821,0.9256,1.001
45.908511618,-0.0118,0.3814,0.9235,0.999
45.909830772,-0.0146,0.3841,0.9214,0.998
45.912394465,-0.0158,0.3839,0.9183,0.995
45.91433908,-0.0153,0.3841,0.9146,0.992
45.916956618,-0.0148,0.3867,0.9109,0.990
45.919697542,-0.0087,0.3836,0.9105,0.988
45.922192542,-0.0058,0.3811,0.9075,0.984
45.928372926,-0.0014,0.3809,0.9034,0.980
45.928993849,0.0044,0.3802,0.9019,0.979
45.929328926,0.0061,0.3783,0.9019,0.978
45.932143388,0.0037,0.3787,0.9046,0.981
45.945687618,0.0019,0.3807,0.9002,0.977
45.946156618,-0.0014,0.3804,0.9021,0.979
45.946249465,-0.0036,0.3814,0.9049,0.982
45.94654708,-0.0048,0.3807,0.9107,0.987
45.946667926,-0.0036,0.3823,0.9191,0.995
45.946780926,-0.0016,0.3763,0.9291,1.002
45.948904003,0.0019,0.3751,0.9384,1.011
45.957166695,0.0014,0.3718,0.9491,1.019
45.958017234,0.0030,0.3678,0.9547,1.023
45.958148849,0.0026,0.3646,0.9571,1.024
45.958262388,0.0007,0.3665,0.9582,1.026
45.960292003,0.0058,0.3648,0.9517,1.019
45.962647619,0.0083,0.3687,0.9447,1.014
45.964879619,0.0135,0.3714,0.9403,1.011
45.967121465,0.0193,0.3718,0.9344,1.006
45.969939695,0.0225,0.3736,0.9261,0.999
45.97269808,0.0279,0.3778,0.9154,0.991
45.974738388,0.0284,0.3804,0.9093,0.986
45.976924619,0.0263,0.3865,0.9021,0.982
45.979382465,0.0232,0.3892,0.8912,0.973
45.983388311,0.0195,0.3924,0.8841,0.967
45.984081465,0.0176,0.3946,0.8765,0.961
45.986631926,0.0168,0.3968,0.8716,0.958
45.989093542,0.0149,0.3965,0.8746,0.960
45.991613234,0.0156,0.3993,0.8783,0.965
45.994006157,0.0130,0.3965,0.8807,0.966
45.996470157,0.0127,0.3990,0.8829,0.969
45.999038388,0.0151,0.3975,0.8832,0.969
46.001129849,0.0156,0.3958,0.8836,0.968
46.003559695,0.0154,0.3956,0.8836,0.968
46.006257234,0.0188,0.3932,0.8863,0.970
46.008311388,0.0179,0.3880,0.8855,0.967
46.010684311,0.0247,0.3751,0.8799,0.957
46.013845772,0.0305,0.3667,0.8892,0.962
46.015673465,0.0312,0.3704,0.9078,0.981
46.017899619,0.0230,0.3846,0.9319,1.008
46.020460234,0.0142,0.3968,0.9464,1.026
46.024181234,0.0046,0.4041,0.9589,1.041
46.025245849,0.0007,0.4051,0.9659,1.047
46.027748542,0.0070,0.3968,0.9769,1.054
46.030368619,0.0009,0.4112,0.9980,1.079
46.037050465,-0.0023,0.4137,0.9972,1.080
46.037713849,-0.0026,0.4134,0.9869,1.070
46.038017234,-0.0018,0.4083,0.9767,1.059
46.054767311,0.0037,0.3997,0.9630,1.043
46.055093849,0.0078,0.3883,0.9517,1.028
46.05518708,0.0142,0.3827,0.9430,1.018
46.055275695,0.0176,0.3748,0.9371,1.009
46.055367926,0.0232,0.3690,0.9315,1.002
46.055460926,0.0251,0.3641,0.9319,1.001
46.055542695,0.0219,0.3631,0.9319,1.000
46.056565772,0.0191,0.3629,0.9328,1.001
46.059387619,0.0112,0.3653,0.9307,1.000
46.061491003,0.0017,0.3718,0.9254,0.997
46.064784003,-0.0114,0.3802,0.9193,0.995
46.066736849,-0.0185,0.3883,0.9130,0.992
46.068820849,-0.0265,0.3941,0.9070,0.989
46.072152926,-0.0319,0.3960,0.8990,0.983
46.073884619,-0.0312,0.3934,0.8956,0.979
46.075685542,-0.0361,0.3916,0.8939,0.977
46.078220619,-0.0390,0.3916,0.8885,0.972
46.080750695,-0.0451,0.3912,0.8841,0.968
46.083113542,-0.0486,0.3909,0.8765,0.961
46.085492003,-0.0495,0.3948,0.8682,0.955
46.089608849,-0.0490,0.3946,0.8625,0.950
46.091552926,-0.0493,0.3932,0.8597,0.947
46.092776003,-0.0442,0.3929,0.8550,0.942
46.095346772,-0.0375,0.3863,0.8485,0.933
46.097930695,-0.0316,0.3799,0.8501,0.932
46.100548542,-0.0334,0.3863,0.8545,0.938
46.102523003,-0.0385,0.3968,0.8643,0.952
46.105867619,-0.0414,0.4076,0.8741,0.965
46.108415311,-0.0478,0.4156,0.8846,0.979
46.109727388,-0.0498,0.4202,0.8921,0.987
46.111812234,-0.0478,0.4158,0.9014,0.994
46.116431619,-0.0427,0.4125,0.9061,0.996
46.116886772,-0.0388,0.4098,0.9109,1.000
