time,gFx,gFy,gFz,TgF
0.001533231,0.1476,0.8969,0.4465,1.013
0.001991077,0.1434,0.8950,0.4448,1.010
0.002354846,0.1360,0.8933,0.4443,1.007
0.002588692,0.1314,0.8940,0.4463,1.008
0.005086769,0.1270,0.8928,0.4519,1.009
0.005766231,0.1241,0.8882,0.4570,1.007
0.010641,0.1209,0.8884,0.4612,1.008
0.011183769,0.1187,0.8864,0.4614,1.006
0.012838231,0.1197,0.8869,0.4602,1.006
0.015545615,0.1185,0.8847,0.4602,1.004
0.017558154,0.1180,0.8852,0.4565,1.003
0.019889,0.1176,0.8869,0.4548,1.004
0.023610461,0.1178,0.8896,0.4488,1.003
0.024714846,0.1151,0.8898,0.4455,1.002
0.027122461,0.1187,0.8901,0.4439,1.002
0.029618231,0.1190,0.8950,0.4414,1.005
0.031938769,0.1209,0.8982,0.4404,1.008
0.034425307,0.1207,0.8974,0.4429,1.008
0.036839077,0.1226,0.8971,0.4476,1.010
0.040598461,0.1251,0.8952,0.4519,1.011
0.041683077,0.1278,0.8959,0.4556,1.013
0.044291077,0.1283,0.8962,0.4580,1.015
0.046493846,0.1278,0.8920,0.4600,1.012
0.049046154,0.1278,0.8891,0.4565,1.008
0.051513846,0.1283,0.8896,0.4560,1.008
0.053996077,0.1314,0.8859,0.4548,1.004
0.056942769,0.1290,0.8808,0.4556,1.000
0.058609846,0.1288,0.8801,0.4565,1.000
0.061311077,0.1258,0.8789,0.4565,0.998
0.063585,0.1260,0.8791,0.4590,1.000
0.070376615,0.1207,0.8784,0.4595,0.999
0.070838461,0.1234,0.8805,0.4592,1.001
0.071169923,0.1229,0.8808,0.4627,1.002
0.074011461,0.1187,0.8801,0.4665,1.003
0.075510231,0.1180,0.8793,0.4665,1.002
0.078370154,0.1204,0.8835,0.4653,1.006
0.081692384,0.1170,0.8828,0.4693,1.007
0.082781923,0.1172,0.8861,0.4678,1.009
0.085289538,0.1123,0.8866,0.4707,1.010
0.088253231,0.1111,0.8889,0.4695,1.011
0.091376077,0.1131,0.8917,0.4690,1.014
0.092518154,0.1143,0.8913,0.4673,1.013
0.095625,0.1121,0.8952,0.4661,1.016
0.098545538,0.1114,0.8922,0.4663,1.013
0.099602846,0.1090,0.8957,0.4725,1.019
0.102913538,0.1073,0.8962,0.4734,1.019
0.104656307,0.1080,0.8950,0.4761,1.019
0.109777231,0.1067,0.8962,0.4783,1.021
0.110215692,0.1097,0.8942,0.4788,1.020
0.112188384,0.1094,0.8945,0.4761,1.019
0.114149538,0.1139,0.8957,0.4776,1.021
0.116793923,0.1178,0.8933,0.4756,1.019
0.118869307,0.1207,0.8915,0.4763,1.018
0.122523769,0.1209,0.8876,0.4765,1.015
0.123651077,0.1246,0.8859,0.4781,1.014
0.126750461,0.1258,0.8866,0.4749,1.014
0.128968384,0.1300,0.8864,0.4770,1.015
0.131570461,0.1302,0.8864,0.4763,1.015
0.133685923,0.1307,0.8842,0.4744,1.012
0.135799077,0.1319,0.8837,0.4744,1.012
0.138294769,0.1297,0.8866,0.4721,1.013
0.140863154,0.1280,0.8859,0.4707,1.011
0.143591461,0.1263,0.8879,0.4673,1.011
0.146051384,0.1219,0.8884,0.4644,1.010
0.149114154,0.1214,0.8903,0.4634,1.011
0.150381615,0.1199,0.8922,0.4595,1.011
0.153060384,0.1158,0.8933,0.4560,1.010
0.155633538,0.1163,0.8930,0.4556,1.009
0.157543077,0.1158,0.8933,0.4575,1.010
0.160083384,0.1146,0.8935,0.4609,1.012
0.162367461,0.1143,0.8952,0.4619,1.014
0.164833231,0.1148,0.8910,0.4644,1.011
0.167729923,0.1165,0.8920,0.4663,1.013
0.170336923,0.1192,0.8920,0.4665,1.014
0.172622461,0.1180,0.8891,0.4670,1.011
0.174390461,0.1221,0.8873,0.4670,1.010
0.176965615,0.1223,0.8886,0.4693,1.012
0.179524308,0.1214,0.8842,0.4653,1.007
0.182115692,0.1251,0.8852,0.4602,1.005
0.184231461,0.1258,0.8849,0.4575,1.004
0.187196923,0.1246,0.8833,0.4558,1.002
0.189416,0.1223,0.8820,0.4541,1.000
0.191858231,0.1214,0.8824,0.4526,0.999
0.194011769,0.1219,0.8833,0.4516,1.000
0.198119461,0.1204,0.8847,0.4511,1.000
0.198625,0.1192,0.8864,0.4532,1.003
0.201636692,0.1151,0.8866,0.4539,1.003
0.203407077,0.1172,0.8876,0.4563,1.005
0.208273923,0.1172,0.8871,0.4609,1.007
0.208655077,0.1160,0.8884,0.4616,1.008
0.210876615,0.1197,0.8905,0.4580,1.008
0.213306538,0.1229,0.8933,0.4558,1.010
0.215291154,0.1280,0.8908,0.4546,1.008
0.218280384,0.1283,0.8908,0.4519,1.007
0.220311077,0.1309,0.8908,0.4541,1.008
0.222582769,0.1332,0.8935,0.4544,1.011
0.225039077,0.1363,0.8942,0.4580,1.014
0.227645615,0.1349,0.8908,0.4627,1.013
0.230077231,0.1402,0.8935,0.4619,1.016
0.233008692,0.1370,0.8933,0.4637,1.016
0.234936384,0.1383,0.8922,0.4641,1.015
0.238581615,0.1412,0.8928,0.4597,1.014
0.239856077,0.1368,0.8913,0.4572,1.011
0.242543384,0.1373,0.8935,0.4551,1.012
0.244708308,0.1327,0.8908,0.4519,1.008
0.247396615,0.1321,0.8915,0.4534,1.009
0.249403077,0.1288,0.8910,0.4534,1.008
0.251899077,0.1290,0.8891,0.4558,1.007
0.255790461,0.1256,0.8873,0.4578,1.006
0.256441846,0.1219,0.8891,0.4560,1.007
0.258762769,0.1211,0.8894,0.4583,1.008
0.261455077,0.1204,0.8935,0.4592,1.012
0.264096923,0.1190,0.8962,0.4590,1.014
0.265972077,0.1170,0.8959,0.4597,1.014
0.268684692,0.1183,0.8962,0.4580,1.013
0.271808077,0.1199,0.8984,0.4585,1.016
0.273245846,0.1219,0.9001,0.4595,1.018
0.276116384,0.1232,0.8991,0.4553,1.015
0.278397308,0.1275,0.8971,0.4502,1.012
0.280600615,0.1304,0.9001,0.4497,1.015
0.283034846,0.1321,0.8977,0.4497,1.013
0.285758231,0.1329,0.8952,0.4470,1.009
0.288992384,0.1332,0.8966,0.4488,1.011
0.290381615,0.1346,0.8917,0.4495,1.008
0.293933923,0.1397,0.8938,0.4488,1.010
0.296359077,0.1409,0.8954,0.4499,1.012
0.297611077,0.1407,0.8942,0.4476,1.010
0.300029615,0.1439,0.8950,0.4478,1.011
0.302474231,0.1449,0.8913,0.4463,1.007
0.307890538,0.1465,0.8915,0.4451,1.007
0.308292692,0.1478,0.8908,0.4460,1.007
0.309645,0.1453,0.8922,0.4460,1.008
0.312294154,0.1478,0.8903,0.4455,1.006
0.314147154,0.1456,0.8871,0.4460,1.004
0.317387384,0.1474,0.8873,0.4492,1.005
0.319294231,0.1444,0.8852,0.4509,1.004
0.321499154,0.1417,0.8876,0.4502,1.005
0.324035077,0.1405,0.8873,0.4499,1.005
0.326342461,0.1351,0.8884,0.4495,1.005
0.329212077,0.1332,0.8869,0.4492,1.003
0.331095769,0.1307,0.8847,0.4497,1.001
0.333699769,0.1244,0.8815,0.4460,0.996
0.336602231,0.1209,0.8824,0.4490,0.997
0.343159154,0.1197,0.8852,0.4497,1.000
0.343702538,0.1158,0.8866,0.4514,1.002
0.344178846,0.1131,0.8835,0.4526,0.999
0.347162538,0.1129,0.8854,0.4544,1.002
0.348459692,0.1083,0.8859,0.4575,1.003
0.350884308,0.1097,0.8842,0.4619,1.004
0.354282231,0.1116,0.8873,0.4614,1.006
0.355201538,0.1094,0.8876,0.4619,1.007
0.357789308,0.1102,0.8886,0.4619,1.008
0.360297,0.1116,0.8928,0.4609,1.011
0.362916384,0.1170,0.8908,0.4604,1.010
0.365034769,0.1178,0.8922,0.4616,1.011
0.367933538,0.1226,0.8913,0.4627,1.012
0.370754769,0.1258,0.8898,0.4639,1.011
0.372194154,0.1258,0.8898,0.4656,1.012
0.375418154,0.1285,0.8915,0.4653,1.014
0.378866461,0.1319,0.8920,0.4639,1.014
0.379454538,0.1314,0.8940,0.4665,1.017
0.381928615,0.1288,0.8938,0.4661,1.016
0.385325,0.1285,0.8950,0.4649,1.017
0.387223154,0.1272,0.8947,0.4614,1.015
0.389183154,0.1283,0.8922,0.4607,1.012
0.391915461,0.1265,0.8925,0.4585,1.011
0.395117538,0.1288,0.8915,0.4612,1.012
0.396312923,0.1300,0.8935,0.4619,1.014
0.398765308,0.1272,0.8947,0.4641,1.016
0.401714538,0.1256,0.8917,0.4663,1.014
0.404436615,0.1275,0.8933,0.4678,1.016
0.406326461,0.1265,0.8938,0.4705,1.018
0.408885,0.1256,0.8947,0.4734,1.020
0.415613846,0.1256,0.8933,0.4770,1.020
0.416314538,0.1234,0.8930,0.4749,1.019
0.416758769,0.1272,0.8910,0.4763,1.018
0.418978154,0.1256,0.8908,0.4746,1.017
0.421356308,0.1275,0.8901,0.4746,1.017
0.422613,0.1297,0.8873,0.4734,1.014
0.425342846,0.1256,0.8879,0.4709,1.013
0.427771154,0.1246,0.8908,0.4695,1.015
0.430096692,0.1248,0.8889,0.4646,1.011
0.432621846,0.1236,0.8889,0.4639,1.010
0.43678,0.1219,0.8950,0.4658,1.016
0.437331384,0.1199,0.8925,0.4665,1.014
0.439909308,0.1199,0.8930,0.4663,1.015
0.442383769,0.1199,0.8925,0.4683,1.015
0.445594769,0.1160,0.8903,0.4676,1.012
0.446924692,0.1167,0.8884,0.4688,1.011
0.450075154,0.1165,0.8857,0.4688,1.009
0.453405923,0.1121,0.8801,0.4697,1.004
0.454121,0.1121,0.8824,0.4712,1.007
0.457455769,0.1114,0.8796,0.4697,1.003
0.459309923,0.1104,0.8793,0.4712,1.004
0.461537615,0.1109,0.8773,0.4688,1.001
0.464056923,0.1097,0.8768,0.4668,0.999
0.466433923,0.1085,0.8784,0.4649,1.000
0.469338231,0.1080,0.8803,0.4658,1.002
0.471138846,0.1104,0.8837,0.4595,1.002
0.473562538,0.1136,0.8898,0.4602,1.008
0.475994154,0.1121,0.8901,0.4614,1.009
0.479302154,0.1129,0.8928,0.4585,1.010
0.480750538,0.1118,0.8925,0.4607,1.011
0.484157846,0.1139,0.8938,0.4583,1.011
0.486819384,0.1151,0.8920,0.4585,1.010
0.488273231,0.1165,0.8908,0.4585,1.009
0.490548077,0.1148,0.8879,0.4621,1.007
0.493653615,0.1141,0.8886,0.4658,1.010
0.498767692,0.1158,0.8894,0.4688,1.012
0.499077846,0.1151,0.8894,0.4700,1.013
0.500224077,0.1143,0.8876,0.4730,1.012
0.503204,0.1170,0.8859,0.4744,1.012
0.504731154,0.1216,0.8884,0.4783,1.016
0.507464384,0.1248,0.8886,0.4768,1.016
0.514144308,0.1280,0.8884,0.4737,1.015
0.514629308,0.1314,0.8876,0.4693,1.013
0.515037,0.1329,0.8876,0.4693,1.013
0.517539154,0.1334,0.8866,0.4697,1.012
0.519170538,0.1378,0.8869,0.4683,1.012
0.522071154,0.1388,0.8857,0.4668,1.011
0.524116384,0.1393,0.8847,0.4653,1.009
0.526807461,0.1390,0.8854,0.4629,1.009
0.528812308,0.1360,0.8876,0.4649,1.011
0.531652615,0.1351,0.8876,0.4653,1.011
0.535079384,0.1316,0.8869,0.4661,1.011
0.536681615,0.1260,0.8894,0.4646,1.011
0.538613846,0.1239,0.8894,0.4649,1.011
0.541933231,0.1219,0.8889,0.4649,1.010
0.543896615,0.1185,0.8859,0.4653,1.008
0.545880615,0.1158,0.8837,0.4676,1.006
0.548409308,0.1131,0.8813,0.4673,1.004
0.552033846,0.1151,0.8817,0.4678,1.005
0.553710846,0.1121,0.8828,0.4681,1.005
0.555332,0.1118,0.8820,0.4705,1.006
0.557856384,0.1136,0.8805,0.4721,1.006
0.560180308,0.1139,0.8857,0.4746,1.011
0.562616308,0.1094,0.8854,0.4751,1.011
0.565308308,0.1111,0.8913,0.4765,1.017
0.568610461,0.1102,0.8925,0.4786,1.019
0.569854846,0.1073,0.8962,0.4793,1.022
0.572324923,0.1018,0.8971,0.4783,1.022
0.574878231,0.1034,0.8984,0.4807,1.024
0.577448077,0.1043,0.8996,0.4802,1.025
0.579647384,0.1046,0.8974,0.4778,1.022
0.582111769,0.1053,0.8971,0.4742,1.020
0.585027154,0.1080,0.8964,0.4707,1.018
0.586899692,0.1111,0.8942,0.4727,1.018
0.589650461,0.1153,0.8913,0.4751,1.017
0.593387692,0.1199,0.8908,0.4717,1.015
0.594156923,0.1221,0.8894,0.4714,1.014
0.596317308,0.1253,0.8891,0.4730,1.015
0.599195077,0.1260,0.8935,0.4712,1.018
0.602105538,0.1290,0.8933,0.4732,1.019
0.603863154,0.1267,0.8935,0.4707,1.018
0.606199077,0.1288,0.8908,0.4665,1.014
0.613562231,0.1327,0.8913,0.4634,1.013
0.614042769,0.1316,0.8889,0.4632,1.011
0.614345538,0.1344,0.8896,0.4621,1.011
0.615948692,0.1373,0.8910,0.4612,1.013
0.618015077,0.1383,0.8894,0.4597,1.011
0.620372077,0.1390,0.8898,0.4583,1.010
0.623051154,0.1412,0.8905,0.4590,1.012
0.625748692,0.1388,0.8920,0.4597,1.013
0.627641231,0.1421,0.8894,0.4629,1.013
0.630181615,0.1405,0.8905,0.4607,1.012
0.632539692,0.1393,0.8933,0.4629,1.016
0.635141308,0.1358,0.8915,0.4624,1.013
0.637590461,0.1327,0.8889,0.4639,1.011
0.640079077,0.1267,0.8859,0.4658,1.009
0.643016,0.1211,0.8842,0.4624,1.005
0.644719384,0.1141,0.8824,0.4632,1.003
0.647635692,0.1131,0.8789,0.4649,1.001
0.649580615,0.1090,0.8735,0.4627,0.994
0.651979384,0.1031,0.8737,0.4651,0.995
0.654364308,0.0978,0.8720,0.4663,0.994
0.657352,0.0923,0.8712,0.4665,0.993
0.660154461,0.0901,0.8659,0.4665,0.988
0.661586538,0.0840,0.8703,0.4651,0.990
0.663949923,0.0780,0.8754,0.4619,0.993
0.667646154,0.0750,0.8773,0.4578,0.992
0.668695769,0.0731,0.8837,0.4551,0.997
0.671267769,0.0706,0.8879,0.4556,1.000
0.673877615,0.0724,0.8947,0.4568,1.007
0.676454461,0.0750,0.9006,0.4541,1.011
0.678462538,0.0780,0.9028,0.4546,1.014
0.680971692,0.0857,0.9047,0.4563,1.017
0.683851077,0.0955,0.9071,0.4541,1.019
0.685637231,0.1050,0.9059,0.4546,1.019
0.688028384,0.1178,0.9050,0.4519,1.018
0.690698846,0.1285,0.9045,0.4519,1.019
0.692939077,0.1407,0.9038,0.4521,1.020
0.695314461,0.1498,0.9026,0.4499,1.020
0.698360615,0.1619,0.9023,0.4455,1.019
0.700526538,0.1671,0.9018,0.4404,1.017
0.702478231,0.1759,0.9018,0.4416,1.019
0.705111154,0.1784,0.9035,0.4397,1.020
0.707427077,0.1849,0.9045,0.4406,1.023
0.712144308,0.1889,0.9077,0.4370,1.025
0.712576077,0.1949,0.9091,0.4392,1.028
0.715107461,0.1954,0.9096,0.4427,1.030
0.717263384,0.2001,0.9101,0.4431,1.032
0.719406769,0.2057,0.9126,0.4453,1.036
0.721908308,0.2099,0.9145,0.4465,1.039
0.724782846,0.2122,0.9096,0.4446,1.034
0.726777231,0.2159,0.9118,0.4460,1.038
0.729247769,0.2184,0.9094,0.4427,1.035
0.731835384,0.2233,0.9045,0.4402,1.030
0.735298231,0.2257,0.9038,0.4395,1.030
0.736381308,0.2262,0.9047,0.4365,1.030
0.738978769,0.2282,0.9001,0.4350,1.025
0.742474769,0.2248,0.8989,0.4348,1.024
0.743450231,0.2250,0.8957,0.4392,1.023
0.745927384,0.2218,0.8974,0.4392,1.023
0.750338154,0.2171,0.8989,0.4404,1.024
0.750906154,0.2138,0.8979,0.4429,1.024
0.753484923,0.2077,0.8974,0.4427,1.022
0.755896308,0.2031,0.8991,0.4431,1.023
0.758607077,0.1998,0.9006,0.4387,1.021
0.760652308,0.1964,0.8994,0.4365,1.019
0.763147077,0.1917,0.9006,0.4324,1.017
0.766562154,0.1854,0.9023,0.4292,1.016
0.767613308,0.1835,0.9040,0.4253,1.016
0.770241308,0.1774,0.9040,0.4218,1.013
0.772623461,0.1698,0.9043,0.4206,1.012
0.775843154,0.1681,0.9064,0.4182,1.012
0.778050769,0.1617,0.9064,0.4169,1.011
0.779928692,0.1610,0.9028,0.4164,1.007
0.783449308,0.1605,0.9015,0.4174,1.006
0.784394231,0.1605,0.8991,0.4152,1.003
0.786932308,0.1600,0.8952,0.4182,1.001
0.792161308,0.1591,0.8920,0.4187,0.998
0.792817846,0.1600,0.8879,0.4189,0.995
0.794130846,0.1510,0.8869,0.4182,0.992
0.796866769,0.1470,0.8869,0.4185,0.992
0.800308,0.1458,0.8879,0.4197,0.993
0.801456923,0.1390,0.8879,0.4199,0.992
0.804126769,0.1356,0.8901,0.4216,0.994
0.806340077,0.1312,0.8915,0.4206,0.994
0.811301538,0.1300,0.8959,0.4216,0.999
0.811758846,0.1295,0.8998,0.4226,1.002
0.814363769,0.1267,0.9026,0.4236,1.005
0.816161308,0.1256,0.9040,0.4280,1.008
0.818132615,0.1285,0.9099,0.4321,1.015
0.820599461,0.1321,0.9108,0.4336,1.017
0.824772615,0.1349,0.9067,0.4365,1.015
0.825558538,0.1393,0.9035,0.4387,1.014
0.828041,0.1432,0.9006,0.4370,1.011
0.830522846,0.1474,0.8957,0.4378,1.008
0.833500692,0.1505,0.8930,0.4409,1.007
0.835231154,0.1517,0.8876,0.4427,1.003
0.837876615,0.1534,0.8884,0.4478,1.007
0.841596,0.1519,0.8854,0.4507,1.005
0.842369615,0.1478,0.8859,0.4521,1.006
0.844751154,0.1432,0.8845,0.4532,1.004
0.847197,0.1397,0.8842,0.4553,1.004
0.849696384,0.1373,0.8822,0.4546,1.002
0.852004615,0.1373,0.8796,0.4590,1.002
0.854636,0.1417,0.8793,0.4585,1.002
0.856872384,0.1397,0.8784,0.4553,0.999
0.859461308,0.1385,0.8842,0.4446,0.999
0.862002231,0.1312,0.8922,0.4414,1.004
0.865639769,0.1297,0.9003,0.4436,1.012
0.866566231,0.1285,0.9077,0.4492,1.021
0.868943384,0.1263,0.9133,0.4572,1.029
0.871604077,0.1239,0.9201,0.4629,1.037
0.874106461,0.1246,0.9285,0.4683,1.047
0.877994846,0.1197,0.9297,0.4658,1.047
0.878487461,0.1197,0.9311,0.4651,1.048
0.881294231,0.1207,0.9299,0.4621,1.045
0.883534231,0.1236,0.9285,0.4536,1.041
0.886019692,0.1244,0.9285,0.4480,1.038
0.890392692,0.1297,0.9236,0.4414,1.032
0.890874461,0.1307,0.9211,0.4346,1.027
0.893626538,0.1349,0.9126,0.4334,1.019
0.895541538,0.1390,0.9050,0.4402,1.016
0.899096692,0.1483,0.8928,0.4436,1.008
0.900244923,0.1573,0.8803,0.4460,0.999
0.903149846,0.1630,0.8703,0.4395,0.989
0.911609308,0.1671,0.8617,0.4331,0.979
0.911892308,0.1654,0.8532,0.4373,0.973
0.912088923,0.1546,0.8593,0.4336,0.975
0.912268077,0.1414,0.8632,0.4367,0.978
0.916062769,0.1385,0.8586,0.4451,0.977
0.917684308,0.1449,0.8383,0.4572,0.966
0.919675154,0.1444,0.8337,0.4632,0.965
0.923262461,0.1376,0.8393,0.4592,0.967
0.924546154,0.1163,0.8583,0.4460,0.974
0.927186154,0.1021,0.8671,0.4431,0.979
0.930531154,0.1065,0.8671,0.4460,0.981
0.933043461,0.1123,0.8649,0.4476,0.980
0.939226461,0.1253,0.8647,0.4478,0.982
0.939619077,0.1376,0.8654,0.4607,0.990
0.939934538,0.1530,0.8671,0.4725,0.999
0.941682769,0.1600,0.8744,0.4768,1.009
0.943568384,0.1654,0.8894,0.4719,1.020
0.946247384,0.1661,0.9031,0.4665,1.030
0.948571077,0.1651,0.9213,0.4521,1.039
0.950753923,0.1575,0.9397,0.4421,1.050
0.953617308,0.1600,0.9563,0.4324,1.062
0.956026538,0.1624,0.9621,0.4267,1.065
0.957999769,0.1749,0.9567,0.4280,1.063
0.960438846,0.1891,0.9434,0.4318,1.055
0.963114538,0.2113,0.9299,0.4429,1.051
0.965410231,0.2311,0.9043,0.4683,1.044
0.967837846,0.2482,0.8793,0.5000,1.042
0.970823461,0.2590,0.8595,0.5289,1.042
0.972861923,0.2585,0.8498,0.5457,1.042
0.975027461,0.2480,0.8470,0.5450,1.037
0.977700077,0.2331,0.8498,0.5350,1.031
0.980848308,0.2231,0.8488,0.5226,1.021
0.982124923,0.2066,0.8551,0.4993,1.012
0.984599769,0.1901,0.8668,0.4805,1.009
0.987133,0.1600,0.8842,0.4607,1.010
0.989841846,0.1214,0.9133,0.4421,1.022
0.991700308,0.1111,0.9233,0.4358,1.027
0.994484692,0.1197,0.9269,0.4592,1.041
0.997314769,0.1267,0.9257,0.4879,1.054
0.998933308,0.1283,0.9220,0.4939,1.054
1.001522846,0.1300,0.9167,0.4966,1.051
1.003922154,0.1385,0.9096,0.5108,1.052
1.006161846,0.1432,0.9031,0.5238,1.054
1.008816,0.1478,0.8913,0.5286,1.047
1.011316077,0.1512,0.8822,0.5276,1.039
1.014752615,0.1490,0.8808,0.5193,1.033
1.015905923,0.1449,0.8852,0.4988,1.026
1.018534154,0.1456,0.8813,0.4739,1.011
1.021648384,0.1430,0.8824,0.4387,0.996
1.023102461,0.1463,0.8842,0.4064,0.984
1.025496615,0.1437,0.8903,0.3796,0.978
1.028149923,0.1449,0.8974,0.3696,0.981
1.030390231,0.1419,0.9071,0.3733,0.991
1.032878231,0.1344,0.9248,0.3782,1.008
1.035166231,0.1295,0.9357,0.3891,1.022
1.038362846,0.1304,0.9326,0.4057,1.025
1.040045231,0.1365,0.9243,0.4069,1.019
1.042683384,0.1414,0.9140,0.4084,1.011
1.044877846,0.1478,0.8974,0.4133,0.999
1.047917231,0.1579,0.8803,0.4169,0.987
1.049649846,0.1663,0.8649,0.4174,0.975
1.052217538,0.1717,0.8514,0.4213,0.965
1.054574231,0.1747,0.8395,0.4182,0.954
1.056834154,0.1824,0.8319,0.4123,0.946
1.059544308,0.1835,0.8278,0.4015,0.938
1.062889846,0.1859,0.8234,0.3959,0.932
1.064095077,0.1842,0.8256,0.3896,0.931
1.066803692,0.1859,0.8334,0.3852,0.937
1.06912,0.1886,0.8361,0.3877,0.941
1.071809538,0.1886,0.8470,0.3955,0.954
1.074617615,0.1903,0.8579,0.3959,0.964
1.077307692,0.1908,0.8710,0.4003,0.977
1.080904923,0.1971,0.8786,0.4024,0.986
1.081759154,0.2040,0.8930,0.3999,0.999
1.083458231,0.2089,0.9015,0.3959,1.007
1.086302154,0.2196,0.9103,0.3975,1.017
1.088791769,0.2245,0.9201,0.3943,1.026
1.090768077,0.2304,0.9252,0.3931,1.031
1.093276692,0.2397,0.9282,0.3962,1.037
1.097741615,0.2450,0.9316,0.3994,1.043
1.098333308,0.2534,0.9345,0.4038,1.049
1.100432692,0.2599,0.9333,0.4080,1.051
1.104843769,0.2660,0.9306,0.4125,1.052
1.105251461,0.2697,0.9285,0.4125,1.051
1.107721308,0.2723,0.9243,0.4062,1.046
1.110368923,0.2739,0.9216,0.3947,1.039
1.116783769,0.2770,0.9160,0.3859,1.032
1.117555077,0.2816,0.9152,0.3789,1.030
1.118147154,0.2834,0.9108,0.3747,1.025
1.120415692,0.2888,0.9057,0.3735,1.021
1.122839769,0.2966,0.9023,0.3776,1.022
1.124477231,0.3032,0.9010,0.3786,1.023
1.127917923,0.3107,0.9028,0.3842,1.029
1.130165,0.3191,0.9020,0.3908,1.034
1.133514846,0.3205,0.9018,0.3987,1.037
1.134226461,0.3235,0.8954,0.4118,1.037
1.137593308,0.3242,0.8768,0.4177,1.024
1.138939769,0.2819,0.9194,0.4031,1.043
1.14196,0.2663,0.9204,0.4084,1.042
1.143961308,0.2497,0.9167,0.4043,1.033
1.146267154,0.2401,0.9111,0.4045,1.025
1.148634461,0.2273,0.9067,0.4026,1.018
1.151232692,0.2131,0.9003,0.4015,1.009
1.154666769,0.1964,0.8982,0.3979,1.002
1.155880077,0.1828,0.8928,0.3940,0.993
1.158924692,0.1722,0.8866,0.3901,0.984
1.160775769,0.1666,0.8805,0.3898,0.977
1.163710769,0.1712,0.8791,0.3923,0.978
1.165850461,0.1686,0.8791,0.4057,0.983
1.168248615,0.1679,0.8761,0.4211,0.986
1.171624923,0.1693,0.8708,0.4358,0.988
1.172811461,0.1651,0.8693,0.4402,0.988
1.175621231,0.1579,0.8661,0.4167,0.974
1.179402461,0.1651,0.8615,0.4050,0.966
1.180096615,0.1796,0.8607,0.4211,0.975
1.182380384,0.1879,0.8656,0.4399,0.989
1.185098231,0.1898,0.8717,0.4378,0.994
1.187626154,0.1864,0.8781,0.4211,0.992
1.189627769,0.1840,0.8820,0.4036,0.987
1.192676077,0.1823,0.8864,0.3994,0.989
1.195599154,0.1828,0.8913,0.4028,0.995
1.196878231,0.1849,0.8962,0.4076,1.002
1.199515692,0.1793,0.9059,0.4064,1.009
1.202131461,0.1938,0.9008,0.3964,1.003
1.208242231,0.2128,0.8891,0.3847,0.992
1.208539461,0.2345,0.8879,0.3815,0.994
1.209529615,0.2485,0.8873,0.3796,0.997
1.215743769,0.2480,0.8840,0.3903,0.998
1.216224077,0.2485,0.8910,0.3889,1.003
1.216607384,0.2516,0.8910,0.3910,1.005
1.218777538,0.2560,0.8977,0.3989,1.015
1.221221308,0.2587,0.9020,0.3957,1.018
1.223274461,0.2553,0.9077,0.3959,1.023
1.225998846,0.2480,0.9071,0.3887,1.018
1.228660923,0.2490,0.9047,0.3977,1.019
1.230647077,0.2369,0.8950,0.3926,1.006
1.233121538,0.2192,0.8945,0.3801,0.996
1.235655461,0.2089,0.8922,0.3813,0.993
1.237823769,0.1957,0.8898,0.3877,0.990
1.240529923,0.1828,0.8840,0.3935,0.985
1.242842846,0.1815,0.8849,0.3754,0.978
1.245914769,0.1952,0.8857,0.3791,0.983
1.247505615,0.2069,0.8884,0.3891,0.992
1.251064308,0.2082,0.8979,0.4162,1.011
1.254756615,0.2028,0.9010,0.4155,1.013
1.255256692,0.1930,0.9035,0.4164,1.013
1.257630769,0.1898,0.9069,0.4113,1.014
1.259960308,0.1917,0.9050,0.4089,1.011
1.262945308,0.1828,0.9015,0.4003,1.003
1.264552692,0.1681,0.8987,0.3918,0.995
1.267163769,0.1544,0.8940,0.3889,0.987
1.271923692,0.1432,0.8879,0.3862,0.979
1.272252692,0.1356,0.8840,0.3866,0.974
1.274522538,0.1324,0.8766,0.3722,0.962
1.276648923,0.1272,0.8735,0.3588,0.953
1.279052077,0.1202,0.8752,0.3476,0.949
1.281281846,0.1207,0.8781,0.3439,0.951
1.284018231,0.1219,0.8813,0.3456,0.954
1.286820308,0.1229,0.8847,0.3505,0.959
1.288581846,0.1319,0.8905,0.3642,0.971
1.291023384,0.1430,0.8925,0.3769,0.979
1.294730461,0.1561,0.8928,0.3955,0.989
1.295659384,0.1700,0.8935,0.4055,0.996
1.298183077,0.1833,0.8891,0.4136,0.998
1.300564308,0.1961,0.8859,0.4213,1.000
1.303374231,0.2018,0.8805,0.4331,1.002
1.305797231,0.2062,0.8737,0.4441,1.002
1.307971077,0.2069,0.8681,0.4485,0.999
1.314709923,0.2062,0.8659,0.4516,0.998
1.315168384,0.1996,0.8637,0.4568,0.997
1.315548384,0.1917,0.8588,0.4585,0.992
1.318317,0.1800,0.8559,0.4583,0.987
1.319911077,0.1695,0.8576,0.4560,0.986
1.322161538,0.1598,0.8556,0.4463,0.978
1.324740615,0.1468,0.8610,0.4365,0.976
1.327497308,0.1400,0.8676,0.4253,0.976
1.329492615,0.1353,0.8754,0.4194,0.980
1.332030769,0.1337,0.8808,0.4174,0.984
1.334382154,0.1332,0.8876,0.4204,0.991
1.336775692,0.1390,0.8942,0.4211,0.998
1.339189615,0.1478,0.8969,0.4192,1.001
1.342182769,0.1595,0.8991,0.4129,1.002
1.344990846,0.1728,0.8979,0.4087,1.002
1.346839077,0.1864,0.8962,0.4024,1.000
1.349809846,0.1996,0.8908,0.3967,0.995
1.352645538,0.2164,0.8898,0.3903,0.995
1.353595461,0.2316,0.8840,0.3874,0.993
1.356448308,0.2472,0.8793,0.3859,0.992
1.358597615,0.2587,0.8810,0.3808,0.994
1.360913308,0.2716,0.8808,0.3806,0.997
1.363340923,0.2802,0.8796,0.3776,0.997
1.366064,0.2863,0.8796,0.3825,1.001
1.369664077,0.2914,0.8789,0.3854,1.003
1.370533923,0.2993,0.8779,0.3808,1.003
1.373072615,0.3030,0.8798,0.3733,1.003
1.375454231,0.3117,0.8830,0.3512,1.000
1.377792,0.3369,0.8779,0.3288,0.996
1.380092384,0.3462,0.8824,0.3265,1.003
1.382829231,0.3494,0.8971,0.3473,1.024
1.385603769,0.3545,0.9035,0.3522,1.032
1.387373846,0.3559,0.9108,0.3390,1.035
1.390541,0.3405,0.9192,0.3449,1.039
1.392404384,0.3117,0.9355,0.3463,1.045
1.395367769,0.2868,0.9426,0.3419,1.043
1.397048384,0.2739,0.9416,0.3229,1.032
1.402429923,0.2756,0.9323,0.3014,1.018
1.403280308,0.2839,0.9206,0.3048,1.010
1.404517231,0.2629,0.9225,0.3207,1.011
1.406950154,0.2462,0.9171,0.3239,1.003
1.414123769,0.2834,0.8977,0.3051,0.990
1.414603077,0.3261,0.8733,0.2931,0.977
1.415183077,0.2688,0.8966,0.3026,0.984
1.416550154,0.2504,0.8889,0.2980,0.970
1.420147154,0.2273,0.9052,0.2726,0.972
1.421017308,0.2003,0.9313,0.2648,0.989
1.423683154,0.2008,0.9091,0.2918,0.976
1.426432077,0.1922,0.9055,0.2972,0.972
1.428322538,0.1903,0.8808,0.3036,0.951
1.431483077,0.1639,0.8691,0.3163,0.939
1.434072077,0.1603,0.8542,0.3300,0.930
1.436374538,0.1534,0.8454,0.3358,0.922
1.437976615,0.1341,0.8202,0.3588,0.905
1.441349538,0.1370,0.7941,0.4011,0.900
1.443516923,0.1158,0.7958,0.4015,0.899
1.445441615,0.0941,0.8090,0.4434,0.927
1.447828692,0.0850,0.8212,0.4607,0.945
1.450285231,0.0757,0.8353,0.4458,0.950
1.452757,0.0620,0.8481,0.4280,0.952
1.454843692,0.0767,0.8307,0.4133,0.931
1.457529308,0.0901,0.8080,0.3913,0.902
1.460802846,0.0857,0.7980,0.3742,0.885
1.462753231,0.0796,0.7877,0.3647,0.872
1.464592,0.0852,0.7836,0.3713,0.871
1.469071461,0.0885,0.7836,0.3779,0.874
1.469620692,0.0938,0.7931,0.3957,0.891
1.471747154,0.1036,0.8014,0.4229,0.912
1.474354769,0.1085,0.8136,0.4514,0.937
1.477115692,0.1221,0.8293,0.4770,0.964
1.479070154,0.1414,0.8512,0.5012,0.998
1.481763077,0.1698,0.8813,0.5282,1.041
1.485250154,0.2013,0.9145,0.5516,1.087
1.486238769,0.2462,0.9595,0.5785,1.147
1.488848692,0.2919,1.0115,0.6075,1.216
1.491419769,0.3426,1.0745,0.6366,1.295
1.494458461,0.3990,1.1470,0.6564,1.381
1.496058769,0.4537,1.2167,0.6586,1.456
1.498477,0.5080,1.2807,0.6481,1.523
1.500885846,0.5497,1.3418,0.6214,1.578
1.503084,0.5734,1.3976,0.5916,1.622
1.506054769,0.5793,1.4500,0.5625,1.660
1.512854154,0.5716,1.4871,0.5408,1.683
1.513720692,0.5607,1.5094,0.5128,1.690
1.514307769,0.5397,1.5124,0.4873,1.678
1.516597308,0.5224,1.4938,0.4616,1.648
1.518239385,0.5055,1.4576,0.4380,1.604
1.519888385,0.4877,1.4029,0.4141,1.542
1.522521615,0.4771,1.3308,0.3926,1.467
1.525866769,0.4722,1.2483,0.3779,1.387
1.527188692,0.4696,1.1605,0.3620,1.303
1.529604923,0.4754,1.0743,0.3479,1.225
1.532233,0.4771,0.9907,0.3321,1.149
1.534632615,0.4708,0.9182,0.3151,1.079
1.536793615,0.4514,0.8640,0.3041,1.021
1.539713,0.4275,0.8224,0.3063,0.976
1.542560615,0.3853,0.8078,0.3246,0.952
1.544076385,0.3377,0.8083,0.3473,0.942
1.546489615,0.3026,0.8070,0.3740,0.940
1.549441846,0.2521,0.8256,0.3938,0.949
1.552227692,0.2091,0.8519,0.4116,0.969
1.554021231,0.1712,0.8822,0.4262,0.995
1.557252692,0.1314,0.9150,0.4429,1.025
1.559493923,0.0948,0.9448,0.4534,1.052
1.561206154,0.0647,0.9721,0.4646,1.079
1.564305538,0.0476,0.9961,0.4744,1.104
1.566917538,0.0424,1.0215,0.4961,1.136
1.568584,0.0420,1.0425,0.4807,1.149
1.570641308,0.0203,1.0592,0.4602,1.155
1.573550538,-0.0136,1.0692,0.4390,1.156
1.576689923,-0.0405,1.0782,0.4275,1.161
1.578043769,-0.0703,1.0875,0.4185,1.167
1.580504,-0.0979,1.0902,0.4189,1.172
1.583872692,-0.1157,1.0927,0.4255,1.178
1.585039385,-0.1269,1.0880,0.4373,1.179
1.587715154,-0.1369,1.0848,0.4490,1.182
1.591789846,-0.1404,1.0843,0.4619,1.187
1.592519692,-0.1282,1.0762,0.4795,1.185
1.595004385,-0.1054,1.0592,0.5130,1.182
1.597421615,-0.0791,1.0382,0.5633,1.184
1.600224692,-0.0512,1.0142,0.6225,1.191
1.602024308,-0.0368,0.9946,0.6728,1.201
1.604613615,-0.0390,0.9741,0.7011,1.201
1.608463692,-0.0539,0.9448,0.7094,1.183
1.609633923,-0.0815,0.9184,0.6945,1.154
1.612091154,-0.1257,0.8903,0.6559,1.113
1.614425923,-0.1821,0.8556,0.5872,1.054
1.620648923,-0.2464,0.8119,0.4924,0.981
1.621332692,-0.3160,0.7713,0.3789,0.916
1.621930461,-0.3894,0.7203,0.2571,0.858
1.626293538,-0.4575,0.6646,0.1390,0.819
1.626979385,-0.5196,0.6120,0.0283,0.803
1.628395769,-0.5760,0.5761,-0.0887,0.819
1.631084692,-0.6068,0.5576,-0.1920,0.846
1.634382538,-0.6302,0.5556,-0.2553,0.878
1.635860385,-0.6717,0.5683,-0.2741,0.922
1.638312077,-0.7026,0.5952,-0.2756,0.961
1.641586154,-0.7397,0.6326,-0.2616,1.008
1.642986154,-0.7702,0.6707,-0.2336,1.048
1.646198538,-0.7912,0.7054,-0.2238,1.083
1.647974231,-0.7849,0.7308,-0.2448,1.100
1.650595461,-0.7497,0.7379,-0.2861,1.090
1.652634154,-0.7463,0.7413,-0.2868,1.090
1.655817538,-0.7089,0.7452,-0.2760,1.065
1.658141846,-0.6887,0.7652,-0.2672,1.064
1.660008385,-0.6703,0.7904,-0.3176,1.084
1.662425308,-0.6185,0.8109,-0.4051,1.097
1.666737,-0.5584,0.8278,-0.4930,1.114
1.667817538,-0.4783,0.8390,-0.5404,1.107
1.669867769,-0.3107,0.8273,-0.5665,1.050
1.672100385,-0.2535,0.8483,-0.5343,1.034
1.674795769,-0.1788,0.8712,-0.4761,1.009
1.677506461,-0.1289,0.9018,-0.4011,0.995
1.679417231,-0.1382,0.9402,-0.3349,1.008
1.683015769,-0.1206,0.9707,-0.2912,1.021
1.683972385,-0.0837,0.9951,-0.2343,1.026
1.686609231,-0.0248,1.0027,-0.2045,1.024
1.689012,0.0538,0.9998,-0.2098,1.023
1.691341,0.1134,0.9968,-0.2465,1.033
1.693899077,0.1498,0.9895,-0.2961,1.044
1.696468923,0.1635,0.9809,-0.3063,1.041
1.699266154,0.1796,0.9697,-0.2565,1.019
1.700854231,0.1842,0.9702,-0.1920,1.006
1.703522231,0.2003,0.9580,-0.1405,0.989
1.705804923,0.2159,0.9331,-0.1174,0.965
1.708224,0.2240,0.8982,-0.1458,0.937
1.710600385,0.2341,0.8628,-0.1710,0.910
1.713660385,0.2325,0.8358,-0.1798,0.886
1.718911154,0.2228,0.8197,-0.1670,0.866
1.719533308,0.2455,0.7931,-0.1300,0.840
1.721356,0.2455,0.7736,-0.0857,0.816
1.725748923,0.2565,0.7515,-0.0510,0.796
1.726111769,0.2485,0.7364,-0.0298,0.778
1.727382846,0.2285,0.7281,-0.0024,0.763
1.729927154,0.1952,0.7256,0.0219,0.752
1.732290769,0.1393,0.7315,0.0307,0.745
1.734565308,0.1099,0.7305,0.0204,0.739
1.737245846,0.1062,0.7242,-0.0405,0.733
1.740477538,0.1146,0.7249,-0.0557,0.736
1.741932385,0.1074,0.7310,0.0116,0.739
1.744419077,0.1339,0.7232,0.0822,0.740
1.746802538,0.1719,0.7098,0.1015,0.737
1.749517846,0.2135,0.7002,0.0898,0.738
1.752221615,0.2629,0.6902,0.0784,0.743
1.754067077,0.3103,0.6797,0.0525,0.749
1.756627154,0.3550,0.6711,0.0258,0.760
1.758775461,0.3789,0.6639,0.0078,0.764
1.761252077,0.3960,0.6623,-0.0026,0.772
1.763653231,0.4016,0.6704,-0.0225,0.782
1.7662,0.4058,0.6780,-0.0491,0.792
1.768425,0.4067,0.6865,-0.0652,0.801
1.771011154,0.4016,0.6907,-0.0701,0.802
1.773841,0.3941,0.6973,-0.1439,0.814
1.775758461,0.3813,0.7000,-0.0906,0.802
1.778243769,0.3836,0.6949,-0.0603,0.796
1.781856615,0.3838,0.6951,-0.0799,0.798
1.782776385,0.3887,0.6912,-0.0694,0.796
1.785316308,0.3999,0.6795,-0.0679,0.791
1.787924615,0.4092,0.6692,-0.0733,0.788
1.790854846,0.4202,0.6611,-0.0911,0.789
1.792670538,0.4190,0.6548,-0.1038,0.784
1.795133538,0.4092,0.6465,-0.1094,0.773
1.798427077,0.3960,0.6385,-0.1255,0.762
1.799790769,0.3833,0.6301,-0.1434,0.751
1.802141615,0.3692,0.6236,-0.1534,0.741
1.804888615,0.3557,0.6174,-0.1581,0.730
1.808435154,0.3422,0.6115,-0.1617,0.719
1.81014,0.3313,0.6038,-0.1676,0.709
1.813084385,0.3205,0.5986,-0.1619,0.698
1.816454538,0.3147,0.5964,-0.1526,0.691
1.81738,0.3100,0.5868,-0.1407,0.678
1.820004692,0.2986,0.5775,-0.1272,0.662
1.822728077,0.2809,0.5723,-0.1316,0.651
1.824618231,0.2548,0.5674,-0.1427,0.638
1.826252,0.2269,0.5700,-0.1612,0.634
1.828958231,0.1928,0.5756,-0.1864,0.635
1.831106231,0.1673,0.5871,-0.2182,0.648
1.833529231,0.1414,0.6035,-0.2526,0.669
1.835882846,0.1190,0.6240,-0.2861,0.697
1.839073308,0.1043,0.6436,-0.3156,0.724
1.840589923,0.0913,0.6716,-0.3471,0.762
1.843299077,0.0869,0.7037,-0.3692,0.799
1.845746461,0.0880,0.7430,-0.3885,0.843
1.848397,0.0889,0.7833,-0.4041,0.886
1.850528,0.0931,0.8232,-0.4123,0.925
1.853061846,0.0941,0.8637,-0.4170,0.964
1.855909308,0.0945,0.9084,-0.4204,1.005
1.857734769,0.0916,0.9534,-0.4172,1.045
1.860145,0.0862,0.9961,-0.4144,1.082
1.862566461,0.0808,1.0435,-0.4029,1.121
1.865459769,0.0771,1.0836,-0.3877,1.153
1.867489,0.0682,1.1246,-0.3611,1.183
1.871054846,0.0613,1.1654,-0.3330,1.214
1.872798846,0.0603,1.2033,-0.3132,1.245
1.874803154,0.0586,1.2267,-0.2937,1.263
1.877868923,0.0631,1.2478,-0.2753,1.279
1.880870154,0.0724,1.2548,-0.2506,1.282
1.882200077,0.0840,1.2541,-0.2318,1.278
1.884245308,0.0941,1.2424,-0.2215,1.265
1.886684615,0.1065,1.2250,-0.2113,1.248
1.889024923,0.1158,1.1967,-0.2094,1.220
1.892270846,0.1239,1.1637,-0.2187,1.191
1.894140615,0.1332,1.1251,-0.2280,1.156
1.8975,0.1368,1.0774,-0.2443,1.113
1.898845231,0.1316,1.0382,-0.2609,1.079
1.901294154,0.1199,0.9954,-0.2804,1.041
1.906497923,0.1123,0.9592,-0.2881,1.008
1.907107385,0.1011,0.9292,-0.2963,0.981
1.908437308,0.0845,0.9057,-0.3088,0.961
1.911067461,0.0696,0.8952,-0.3242,0.955
1.91748,0.0579,0.8849,-0.3317,0.947
1.918125538,0.0422,0.8857,-0.3393,0.949
1.919030769,0.0286,0.8971,-0.3494,0.963
1.920932615,0.0151,0.9152,-0.3596,0.983
1.924841923,0.0051,0.9399,-0.3689,1.010
1.925384692,-0.0053,0.9724,-0.3780,1.043
1.928331461,-0.0090,1.0091,-0.3855,1.080
1.930006846,-0.0134,1.0445,-0.3867,1.114
1.932397538,-0.0134,1.0809,-0.3869,1.148
1.935204077,-0.0085,1.1178,-0.3833,1.182
1.938607154,-0.0041,1.1528,-0.3825,1.215
1.939662769,-0.0011,1.1794,-0.3794,1.239
1.942065538,0.0078,1.2108,-0.3762,1.268
1.944585923,0.0161,1.2439,-0.3704,1.298
1.947725538,0.0244,1.2693,-0.3694,1.322
1.955486154,0.0324,1.2883,-0.3708,1.341
1.956391461,0.0396,1.3003,-0.3736,1.353
1.957125846,0.0479,1.3054,-0.3773,1.360
1.957891077,0.0522,1.3076,-0.3804,1.363
1.958785615,0.0623,1.3015,-0.3764,1.356
1.961455077,0.0706,1.2866,-0.3684,1.340
1.964582538,0.0769,1.2702,-0.3543,1.321
1.965934231,0.0829,1.2463,-0.3391,1.294
1.971172692,0.0855,1.2187,-0.3137,1.261
1.971628615,0.0816,1.1918,-0.2893,1.229
1.973355692,0.0757,1.1633,-0.2614,1.195
1.975961846,0.0713,1.1317,-0.2362,1.158
1.978107769,0.0640,1.1011,-0.2143,1.124
1.980742846,0.0564,1.0699,-0.1996,1.090
1.983164615,0.0381,1.0398,-0.1928,1.058
1.985759692,0.0244,1.0081,-0.1954,1.027
1.988026154,0.0088,0.9795,-0.2025,1.000
1.990086231,-0.0060,0.9590,-0.2133,0.982
1.993412077,-0.0223,0.9382,-0.2284,0.966
1.995292308,-0.0300,0.9250,-0.2389,0.956
1.997505615,-0.0358,0.9140,-0.2514,0.949
1.999761923,-0.0421,0.9013,-0.2590,0.939
2.002494154,-0.0505,0.8922,-0.2595,0.931
2.009649615,-0.0486,0.8928,-0.2607,0.931
2.010526538,-0.0453,0.8925,-0.2621,0.931
2.011211769,-0.0361,0.8979,-0.2663,0.937
2.011820308,-0.0375,0.8994,-0.2702,0.940
2.016738154,-0.0346,0.9091,-0.2714,0.949
2.017592615,-0.0326,0.9143,-0.2739,0.955
2.019699154,-0.0495,0.9218,-0.2721,0.962
2.021555692,-0.0598,0.9274,-0.2621,0.966
2.023803461,-0.0283,0.9453,-0.2416,0.976
2.027041615,-0.0031,0.9607,-0.2215,0.986
2.028868692,-0.0104,0.9758,-0.2492,1.007
2.031564692,-0.0272,1.0156,-0.4119,1.096
2.033769615,-0.0498,1.0577,-0.6476,1.241
2.037197,-0.0478,1.1051,-0.8612,1.402
2.038284,-0.0468,1.1535,-1.0029,1.529
2.040888923,-0.0292,1.2101,-1.0676,1.614
2.043466538,0.0410,1.2822,-1.1353,1.713
2.046175077,0.1573,1.4246,-1.3271,1.953
2.050848923,0.1358,1.5803,-1.6049,2.256
2.051498769,0.0752,1.7618,-1.7773,2.504
2.053747077,0.0469,2.0014,-1.7712,2.673
2.055253,0.0743,2.3027,-1.6279,2.821
2.057909308,0.1603,2.6374,-1.2978,2.944
2.060955692,0.2958,2.9616,-0.7786,3.077
2.063630538,0.5133,3.2304,-0.3562,3.290
2.065051077,0.6133,3.5301,0.3822,3.603
2.067715692,0.5917,3.7608,0.9943,3.935
2.070352615,0.4132,3.8383,1.4252,4.115
2.072191692,0.1764,3.6760,1.7311,4.067
2.074768385,-0.1397,3.3019,1.8193,3.773
2.077484692,-0.4681,2.8331,1.6982,3.336
2.080259461,-0.7374,2.4011,1.4756,2.913
2.081902846,-0.9535,2.0110,1.1573,2.508
2.085064,-1.1189,1.6509,0.8115,2.153
2.087205538,-1.1569,1.3978,0.3689,1.852
2.089614846,-1.1480,1.1549,0.0854,1.631
2.091933846,-1.1374,0.9830,-0.1737,1.513
2.094132,-1.0472,0.7994,-0.3562,1.365
2.097428615,-0.9002,0.6474,-0.5868,1.255
2.098878846,-0.7619,0.4652,-0.7786,1.185
2.101472308,-0.6571,0.2966,-0.7850,1.066
2.103888,-0.5273,0.1652,-0.7884,0.963
2.105885923,-0.4057,0.0328,-0.6865,0.798
2.108527385,-0.3402,-0.1012,-0.6513,0.742
2.112964615,-0.2643,-0.2384,-0.6130,0.709
2.113483769,-0.1592,-0.3835,-0.5837,0.716
2.116805,-0.0893,-0.4927,-0.4530,0.675
2.118329,-0.0859,-0.5200,-0.3310,0.622
2.120543692,-0.1180,-0.4658,-0.2702,0.551
2.123038538,-0.1734,-0.3421,-0.2409,0.453
2.125426461,-0.2379,-0.2195,-0.2074,0.384
2.127937615,-0.3036,-0.1247,-0.1725,0.371
2.129965538,-0.3728,-0.0473,-0.1255,0.396
2.132367077,-0.4460,0.0201,-0.0645,0.451
2.136553615,-0.5098,0.0797,0.0009,0.516
2.137591154,-0.5718,0.1373,0.0595,0.591
2.139772692,-0.6302,0.1955,0.1013,0.668
2.142695692,-0.6696,0.2551,0.1150,0.726
2.144950461,-0.7050,0.3213,0.1360,0.787
2.147062769,-0.7270,0.3929,0.1429,0.839
2.149331385,-0.7272,0.4762,0.1551,0.883
2.152266461,-0.7141,0.5639,0.1772,0.927
2.154102231,-0.6996,0.6663,0.1790,0.983
2.156838154,-0.6933,0.7877,0.1763,1.064
2.159022154,-0.6920,0.9375,0.1732,1.178
2.162054846,-0.6884,1.1034,0.1563,1.310
2.163828923,-0.6915,1.3076,0.1094,1.483
2.167095461,-0.7104,1.5363,0.0470,1.693
2.169689308,-0.7509,1.8143,-0.0235,1.964
2.171350231,-0.7891,2.1288,-0.0929,2.272
2.173516385,-0.8079,2.4121,-0.1393,2.548
2.178584923,-0.7973,2.5778,-0.0771,2.699
2.179506538,-0.7192,2.6315,0.0083,2.728
2.180852077,-0.5699,2.6059,0.0766,2.669
2.183444385,-0.3407,2.5329,0.1013,2.558
2.186372308,-0.1162,2.2968,0.0830,2.301
2.187927385,0.1316,2.0582,-0.0332,2.063
2.191975385,0.3039,1.7799,-0.1612,1.813
2.194597231,0.4170,1.5033,-0.3247,1.593
2.195379692,0.4468,1.2421,-0.4742,1.403
2.197737846,0.3880,0.9876,-0.5814,1.210
2.200647385,0.2436,0.7303,-0.6843,1.030
2.204027385,0.1458,0.5710,-0.7815,0.979
2.204950846,0.0176,0.4838,-0.8426,0.972
2.207434769,-0.1054,0.4322,-0.8693,0.977
2.214312385,-0.3212,0.3555,-0.8267,0.956
2.215087077,-0.5858,0.2879,-0.7547,0.998
2.216190538,-0.6610,0.3359,-0.6531,0.988
2.217139692,-0.7881,0.3863,-0.5397,1.030
2.221032308,-0.8985,0.4417,-0.3843,1.072
2.221882538,-0.9820,0.5046,-0.2445,1.131
2.224202231,-1.0216,0.5803,-0.1290,1.182
2.226743692,-1.0192,0.6467,-0.0481,1.208
2.228931154,-1.0021,0.7095,-0.0090,1.228
2.231721308,-0.9375,0.7826,0.0053,1.221
2.234089,-0.8536,0.8600,-0.0261,1.212
2.236794461,-0.7717,0.9238,-0.0743,1.206
2.238569846,-0.6759,0.9776,-0.1437,1.197
2.241041615,-0.5885,1.0501,-0.2115,1.222
2.243915692,-0.5166,1.1126,-0.2816,1.259
2.245825923,-0.4411,1.1644,-0.3184,1.285
2.248301,-0.3879,1.1906,-0.3489,1.300
2.252060615,-0.3737,1.2194,-0.3393,1.320
2.253056385,-0.3847,1.2621,-0.3261,1.359
2.255533308,-0.3737,1.2590,-0.3151,1.351
2.258070461,-0.3977,1.2285,-0.2881,1.323
2.261915692,-0.4294,1.2497,-0.2912,1.353
2.263093846,-0.4778,1.2695,-0.2416,1.378
2.265373308,-0.4458,1.1363,-0.1868,1.235
2.268908615,-0.4612,1.0452,-0.1476,1.152
2.269996385,-0.7187,1.0506,-0.1607,1.283
2.27238,-0.8367,0.9548,-0.0806,1.272
2.275163077,-0.7984,0.8107,-0.0412,1.139
2.277775461,-0.7570,0.9402,-0.0687,1.209
2.279826154,-0.6004,0.8994,-0.0251,1.082
2.282808923,-0.5401,0.8971,-0.0342,1.048
2.286102231,-0.5149,0.9785,-0.0195,1.106
2.286843461,-0.4164,0.9397,0.0276,1.028
2.289719077,-0.4209,1.0212,-0.0034,1.105
2.291974154,-0.4211,1.0081,0.0239,1.093
2.294646154,-0.4429,1.0767,0.0014,1.164
2.296679461,-0.4071,1.0829,-0.0183,1.157
2.299288923,-0.3251,0.9770,-0.0110,1.030
2.302664077,-0.2785,0.9331,-0.0554,0.975
2.303723077,-0.3491,1.0569,-0.1129,1.119
2.306652,-0.2386,1.0235,-0.0557,1.052
2.314867077,-0.2117,1.1256,-0.1332,1.153
2.315468615,-0.1849,1.0660,-0.1630,1.094
2.315933538,-0.1949,0.9988,-0.1419,1.027
2.316300385,-0.2447,0.9670,-0.1705,1.012
2.321923692,-0.4087,1.0350,-0.2152,1.133
2.322804,-0.3624,0.9704,-0.1551,1.047
2.323249538,-0.3124,0.8830,-0.1581,0.950
2.326204385,-0.4209,0.9697,-0.2110,1.078
2.327926769,-0.3933,0.9697,-0.1712,1.060
2.330447077,-0.3395,0.9138,-0.1246,0.983
2.333093308,-0.3334,0.9297,-0.1414,0.998
2.336060308,-0.2869,0.9136,-0.1444,0.968
2.337608692,-0.2762,0.9055,-0.1509,0.959
2.340122538,-0.2394,0.8994,-0.1544,0.943
2.342549,-0.1793,0.8740,-0.1644,0.907
2.345102769,-0.1753,0.8691,-0.1563,0.900
2.347442846,-0.1429,0.8458,-0.1600,0.873
2.352042538,-0.1294,0.8715,-0.2040,0.904
2.352551385,-0.1492,0.9079,-0.2118,0.944
2.355285,-0.1341,0.9020,-0.1840,0.930
2.357330769,-0.1131,0.8773,-0.1514,0.897
2.360742538,-0.0989,0.8588,-0.1363,0.875
2.362252308,-0.0800,0.8314,-0.1178,0.844
2.364767077,-0.1387,0.9189,-0.1463,0.941
2.368482769,-0.1536,0.9453,-0.1365,0.967
2.369120615,-0.1184,0.9257,-0.0872,0.937
2.371285846,-0.0407,0.8419,-0.0276,0.843
2.373805538,0.0188,0.7628,0.0048,0.763
2.376305231,-0.1673,0.8840,-0.0525,0.901
2.378746846,-0.4031,1.1845,-0.1744,1.263
2.381138461,-0.4164,1.1715,-0.0610,1.245
2.384294538,-0.3933,1.1263,-0.0065,1.193
2.385966461,-0.3640,1.0985,-0.0019,1.157
2.388541,-0.2059,0.9394,0.0281,0.962
2.390595154,-0.2030,0.9683,-0.0789,0.992
2.393217615,-0.1597,0.9506,-0.1314,0.973
2.395491077,-0.3598,1.0792,-0.1324,1.145
2.398137846,-0.3212,1.0515,-0.1534,1.110
2.400753,-0.2674,1.0084,-0.1622,1.056
2.402624923,-0.3204,1.0789,-0.2213,1.147
2.405084308,-0.2228,1.0161,-0.2343,1.066
2.408811692,-0.1599,1.0003,-0.2685,1.048
2.409903077,-0.2205,1.0474,-0.2846,1.108
2.412321846,-0.2056,1.0513,-0.3032,1.113
2.414928923,-0.1416,1.0044,-0.2932,1.056
2.421445,-0.1236,0.9900,-0.2944,1.040
2.422189615,-0.0926,0.9721,-0.3081,1.024
2.423259154,-0.0421,0.9318,-0.3054,0.982
2.424244077,-0.0058,0.9015,-0.3017,0.951
2.428197308,-0.0265,0.9160,-0.3044,0.966
2.429198461,-0.0586,0.9470,-0.3039,0.996
2.431692077,-0.0583,0.9411,-0.2890,0.986
2.434145615,-0.0437,0.9171,-0.2714,0.957
2.436518846,-0.0258,0.9018,-0.2597,0.939
2.439605846,-0.0099,0.8861,-0.2421,0.919
2.442266461,0.0070,0.8688,-0.2294,0.899
2.443621615,0.0186,0.8579,-0.2162,0.885
2.446535154,0.0249,0.8532,-0.2074,0.878
2.448699385,0.0300,0.8505,-0.1994,0.874
2.451072308,0.0344,0.8517,-0.1986,0.875
2.453333923,0.0323,0.8595,-0.1940,0.882
2.45596,0.0300,0.8740,-0.1924,0.895
2.458720692,0.0279,0.8835,-0.1856,0.903
2.460529923,0.0445,0.8876,-0.1779,0.906
2.463823461,0.0389,0.9035,-0.1219,0.912
2.466930231,0.0263,0.9213,-0.1073,0.928
2.467776692,0.0122,0.9372,-0.1348,0.947
2.470324308,-0.0011,0.9492,-0.1013,0.955
2.472820692,-0.0178,0.9626,-0.0442,0.964
2.475509538,-0.0253,0.9724,-0.0259,0.973
2.477921923,-0.0370,0.9805,-0.0328,0.982
2.480435769,-0.0537,0.9914,-0.0039,0.993
2.483625231,-0.0681,0.9991,0.0163,1.002
2.484717,-0.0761,1.0056,0.0143,1.009
2.486915461,-0.0857,1.0081,0.0223,1.012
2.489442154,-0.0908,1.0098,0.0304,1.014
2.491902846,-0.0871,1.0059,0.0302,1.010
2.494867769,-0.0752,1.0035,0.0263,1.007
2.496948923,-0.0556,1.0032,0.0316,1.005
2.499671692,-0.0405,1.0027,0.0432,1.004
2.501461538,-0.0176,0.9988,0.0412,1.000
2.503947154,0.0073,0.9975,0.0370,0.998
2.506332615,0.0286,0.9910,0.0344,0.992
2.508799385,0.0440,0.9832,0.0270,0.985
2.511208077,0.0564,0.9721,0.0180,0.974
2.513930769,0.0613,0.9656,0.0046,0.968
2.521633615,0.0650,0.9636,-0.0122,0.966
2.522290538,0.0662,0.9636,-0.0420,0.967
2.522837923,0.0691,0.9700,-0.0782,0.976
2.523179154,0.0724,0.9749,-0.1131,0.984
2.526978231,0.0811,0.9790,-0.1434,0.993
2.528232615,0.0901,0.9858,-0.1823,1.007
2.530490538,0.0889,0.9958,-0.2436,1.029
2.533011461,0.0999,0.9905,-0.2670,1.031
2.535493615,0.1241,0.9760,-0.2607,1.018
2.538328692,0.1453,0.9565,-0.2357,0.996
2.540792615,0.1771,0.9299,-0.2257,0.973
2.542559769,0.2033,0.9111,-0.2224,0.960
2.545352385,0.2184,0.9020,-0.1817,0.946
2.547575077,0.2204,0.9052,-0.2436,0.963
2.550124077,0.2250,0.9118,-0.2392,0.969
2.552270846,0.2091,0.9287,-0.2231,0.978
2.554912077,0.1849,0.9551,-0.2143,0.996
2.558539461,0.1441,0.9919,-0.1989,1.022
2.559353,0.1055,1.0303,-0.1744,1.050
2.562880385,0.0664,1.0667,-0.1468,1.079
2.566042231,0.0330,1.0970,-0.1314,1.105
2.566688308,0.0017,1.1136,-0.1185,1.120
2.569233846,-0.0265,1.1163,-0.1199,1.123
2.572078538,-0.0493,1.1170,-0.1353,1.126
2.575572385,-0.0764,1.1078,-0.1162,1.116
2.576956692,-0.1108,1.0999,-0.2106,1.125
2.579450538,-0.1653,1.1021,-0.2030,1.133
2.582813,-0.2291,1.0995,-0.1635,1.135
2.583632308,-0.2923,1.0927,-0.1344,1.139
2.585846538,-0.3476,1.0834,-0.1251,1.145
2.588369231,-0.3975,1.0718,-0.1118,1.149
2.591139461,-0.4546,1.0680,-0.1034,1.165
2.593236385,-0.5086,1.0692,-0.0962,1.188
2.595546154,-0.5382,1.0640,-0.0864,1.195
2.599712923,-0.5469,1.0580,-0.0706,1.193
2.600237538,-0.5757,1.0667,-0.0522,1.213
2.602945923,-0.5809,1.0911,-0.0332,1.237
2.605280077,-0.5685,1.1209,-0.0251,1.257
2.608277231,-0.5408,1.1388,-0.0422,1.261
2.609904308,-0.4959,1.1491,-0.0677,1.253
2.612504923,-0.4551,1.1684,-0.0740,1.256
2.617899154,-0.4104,1.1869,-0.0691,1.258
2.618540385,-0.3586,1.1974,-0.0720,1.252
2.619540308,-0.3111,1.2116,-0.0862,1.254
2.622556,-0.2782,1.2236,-0.1011,1.259
2.624272,-0.2394,1.2326,-0.1136,1.261
2.626667077,-0.2037,1.2338,-0.1234,1.257
2.629362461,-0.1651,1.2287,-0.1363,1.247
2.631907692,-0.1326,1.2297,-0.1539,1.246
2.634087692,-0.1099,1.2326,-0.1742,1.250
2.636653615,-0.1040,1.2470,-0.1877,1.265
2.639906538,-0.1248,1.2768,-0.1884,1.297
2.641312077,-0.1548,1.3135,-0.1796,1.335
2.644078231,-0.1770,1.3384,-0.1521,1.359
2.646242461,-0.1812,1.3376,-0.1329,1.356
2.649010769,-0.1946,1.3399,-0.1307,1.360
2.650839385,-0.2186,1.3423,-0.1232,1.366
2.653919077,-0.2406,1.3467,-0.1143,1.373
2.656934846,-0.2503,1.3494,-0.0877,1.375
2.658873538,-0.2580,1.3567,-0.0510,1.382
2.660637,-0.2699,1.3660,-0.0381,1.393
2.663215154,-0.2904,1.3718,-0.0112,1.402
2.666407769,-0.2934,1.3690,0.0141,1.400
2.668062154,-0.2918,1.3748,0.0265,1.406
2.671383385,-0.2943,1.3932,0.0263,1.424
2.673641615,-0.2862,1.4227,0.0297,1.451
2.675222461,-0.2836,1.4593,0.0368,1.487
2.678032615,-0.2826,1.5173,0.0478,1.544
2.681611385,-0.2711,1.5815,0.0623,1.606
2.682273308,-0.2303,1.6389,0.0628,1.656
2.684737231,-0.1821,1.7121,0.0730,1.723
2.687629231,-0.1345,1.7608,0.1084,1.769
2.690676,-0.0898,1.7945,0.1441,1.803
2.692108923,-0.0458,1.8136,0.1709,1.822
2.694980308,-0.0104,1.8136,0.1881,1.823
2.697821231,0.0259,1.8043,0.1968,1.815
2.699204,0.0545,1.7918,0.1973,1.803
2.702021923,0.0872,1.7801,0.1981,1.793
2.704207769,0.1211,1.7764,0.1976,1.791
2.706702769,0.1603,1.7803,0.2014,1.799
2.708815077,0.2050,1.7906,0.2005,1.813
2.711564077,0.2527,1.7962,0.1968,1.825
2.717919769,0.2998,1.7869,0.1937,1.822
2.718631385,0.3464,1.7694,0.1981,1.814
2.719074231,0.3978,1.7435,0.1954,1.799
2.721266538,0.4517,1.7014,0.1673,1.768
2.724523461,0.5084,1.6469,0.1260,1.728
2.725793308,0.5629,1.5754,0.0705,1.674
2.729111154,0.6225,1.4962,0.0107,1.621
2.730995385,0.6846,1.4102,-0.0366,1.568
2.732917231,0.7422,1.3315,-0.0823,1.527
2.736182769,0.7733,1.2846,-0.1400,1.506
2.739479692,0.7356,1.3282,-0.1649,1.527
2.740098846,0.8048,1.2370,-0.1889,1.488
2.742616923,0.8560,1.1703,-0.2639,1.474
2.745186846,0.9035,1.1107,-0.3296,1.469
2.747627154,0.9569,1.0633,-0.3736,1.478
2.749926154,1.0105,1.0107,-0.3804,1.479
2.752468692,1.0694,0.9765,-0.3650,1.493
2.755700692,1.1065,0.9793,-0.3599,1.521
2.757049923,1.1104,1.0296,-0.3554,1.555
2.759745308,1.0545,1.1928,-0.3694,1.634
2.763891154,1.0449,1.2730,-0.3042,1.675
2.765056692,1.0627,1.2849,-0.2189,1.682
2.767168077,1.0371,1.3079,-0.2284,1.685
2.769335462,0.9804,1.3189,-0.2490,1.662
2.772386769,0.8998,1.3428,-0.3042,1.645
2.773959154,0.7628,1.3914,-0.3808,1.632
2.776347385,0.6217,1.4195,-0.4370,1.610
2.780239154,0.4833,1.4095,-0.4854,1.567
2.781483462,0.2968,1.4279,-0.5714,1.566
2.783817538,0.1083,1.4239,-0.6184,1.556
2.786242769,-0.0639,1.4056,-0.6222,1.539
2.789362154,-0.2330,1.3858,-0.6384,1.543
2.790917308,-0.3962,1.3555,-0.6650,1.561
2.793539385,-0.5413,1.3459,-0.6904,1.607
2.796956077,-0.6219,1.2979,-0.6330,1.572
2.798170231,-0.6901,1.2751,-0.6130,1.574
2.800478154,-0.8303,1.3680,-0.6669,1.734
2.803132,-1.0558,1.5013,-0.6015,1.931
2.806295077,-1.2330,1.6054,-0.4155,2.066
2.808004692,-1.3490,1.8097,-0.3997,2.292
2.810555077,-1.4641,1.8768,-0.3623,2.408
2.816369308,-1.5442,1.9057,-0.3154,2.473
2.817106538,-1.6207,1.9719,-0.2189,2.562
2.817794462,-1.6943,2.0325,-0.1859,2.653
2.820225231,-1.7150,2.0587,-0.1111,2.682
2.824132308,-1.6747,2.0123,0.0018,2.618
2.824425846,-1.6652,1.9951,0.0493,2.599
2.829913538,-1.6219,1.9562,0.0612,2.542
2.830669538,-1.5308,1.9350,0.0612,2.468
2.832327385,-1.4196,1.8996,0.0437,2.372
2.834362538,-1.3073,1.8617,-0.0405,2.275
2.838534769,-1.1783,1.8272,-0.0815,2.176
2.839818538,-1.0444,1.7792,-0.1234,2.067
2.841516,-0.9317,1.7222,-0.1563,1.964
2.844048308,-0.8110,1.6582,-0.2729,1.866
2.846509923,-0.6750,1.5905,-0.4393,1.783
2.848693538,-0.5536,1.5411,-0.6110,1.748
2.851342462,-0.4621,1.4955,-0.5636,1.664
2.854462538,-0.4104,1.4779,-0.4784,1.607
2.855891462,-0.3712,1.4718,-0.4204,1.575
2.858608615,-0.3342,1.4630,-0.4111,1.556
2.860984923,-0.2857,1.4459,-0.4652,1.546
2.864240308,-0.2224,1.4288,-0.5031,1.531
2.865955692,-0.1821,1.4261,-0.5087,1.525
2.868230231,-0.1499,1.4202,-0.5008,1.513
2.870577615,-0.1277,1.4144,-0.4642,1.494
2.872718154,-0.1076,1.4132,-0.4260,1.480
2.875709615,-0.1226,1.4132,-0.3813,1.469
2.877914769,-0.1367,1.4072,-0.3459,1.456
2.880259769,-0.1467,1.4107,-0.3212,1.454
2.882659077,-0.1570,1.4107,-0.2707,1.445
2.886123692,-0.1741,1.4068,-0.2409,1.438
2.888739769,-0.1839,1.4046,-0.2274,1.435
2.889984385,-0.2071,1.3990,-0.2406,1.435
2.892562846,-0.2261,1.3839,-0.2343,1.422
2.896031154,-0.2410,1.3620,-0.2434,1.404
2.897211154,-0.2601,1.3389,-0.2646,1.389
2.899415385,-0.2762,1.3098,-0.2790,1.367
2.901967154,-0.2890,1.2793,-0.2834,1.342
2.904747769,-0.2838,1.2497,-0.2780,1.311
2.906706769,-0.2780,1.2250,-0.2824,1.287
2.909383154,-0.2785,1.2011,-0.2930,1.267
2.913002846,-0.2821,1.1813,-0.2951,1.250
2.914321,-0.2897,1.1656,-0.2863,1.235
2.916353308,-0.2918,1.1483,-0.2655,1.214
2.918815077,-0.2845,1.1268,-0.2465,1.188
2.923840692,-0.2789,1.1165,-0.2287,1.173
2.924429923,-0.2640,1.1055,-0.2091,1.156
2.926041231,-0.2417,1.0862,-0.1793,1.127
2.930712077,-0.2254,1.0713,-0.1566,1.106
2.931093231,-0.2322,1.0580,-0.1060,1.088
2.933277923,-0.2188,1.0431,-0.1344,1.074
2.936283769,-0.2128,1.0379,-0.1248,1.067
2.93822,-0.1700,0.9886,-0.1006,1.008
2.940331077,-0.1294,0.9441,-0.0608,0.955
2.943048,-0.1150,0.9150,-0.0410,0.923
2.945567154,-0.0998,0.8869,-0.0212,0.893
2.947661308,-0.0884,0.8676,0.0050,0.872
2.950032308,-0.0684,0.8334,0.0153,0.836
2.953478769,-0.0488,0.8029,0.0368,0.805
2.954772,-0.0383,0.7725,0.0671,0.776
2.957363077,-0.0446,0.7486,0.1245,0.760
2.959587769,-0.0346,0.7100,0.1069,0.719
2.968728923,-0.0180,0.6634,0.0647,0.667
2.969651385,-0.0129,0.6280,0.0502,0.630
2.970234231,-0.0072,0.5898,0.0412,0.591
2.971073231,-0.0023,0.5534,0.0297,0.554
2.971907692,-0.0023,0.5234,0.0090,0.523
2.974556923,-0.0046,0.4918,-0.0137,0.492
2.976737615,-0.0067,0.4628,-0.0359,0.464
2.979492923,-0.0050,0.4368,-0.0582,0.441
2.982444,0.0034,0.4095,-0.0862,0.418
2.983905231,0.0114,0.3846,-0.0965,0.397
2.986473615,0.0235,0.3618,-0.1029,0.377
2.988413231,0.0393,0.3357,-0.1006,0.353
2.990968,0.0626,0.3164,-0.0989,0.337
2.995096615,0.0867,0.2981,-0.0911,0.324
2.995672923,0.1106,0.2795,-0.0857,0.313
2.998174154,0.1329,0.2644,-0.0650,0.303
3.000719385,0.1476,0.2483,-0.0466,0.293
3.003452308,0.1524,0.2444,-0.0268,0.289
3.005268923,0.1671,0.2339,-0.0170,0.288
3.007739077,0.2140,0.1908,0.0083,0.287
3.010584,0.2226,0.1784,0.0276,0.287
3.012460615,0.2316,0.1598,0.0361,0.284
3.015212615,0.2514,0.1339,0.0434,0.288
3.017646846,0.2597,0.1163,0.0356,0.287
3.021544,0.2763,0.0860,0.0202,0.290
3.022151692,0.2627,0.0814,-0.0137,0.275
3.024703154,0.2648,0.0557,-0.0520,0.276
3.028591385,0.2574,0.0480,-0.0911,0.277
3.029629231,0.2550,0.0308,-0.1332,0.289
3.031928692,0.2429,0.0274,-0.1661,0.296
3.034424385,0.2187,0.0438,-0.1877,0.291
3.036831385,0.1824,0.0660,-0.1930,0.274
3.039140692,0.1470,0.0936,-0.1945,0.261
3.041818154,0.1151,0.1207,-0.1798,0.245
3.044182154,0.0860,0.1537,-0.1583,0.237
3.046442769,0.0647,0.1779,-0.1304,0.230
3.049220923,0.0473,0.2038,-0.1048,0.234
3.051904385,0.0330,0.2227,-0.0804,0.239
3.053791385,0.0173,0.2339,-0.0481,0.239
3.05612,0.0090,0.2451,-0.0281,0.247
3.059018769,0.0042,0.2456,-0.0181,0.246
3.061328077,-0.0178,0.2468,-0.0105,0.248
3.063385615,-0.0356,0.2409,-0.0122,0.244
3.066072615,-0.0549,0.2302,-0.0256,0.238
3.069062154,-0.0735,0.2150,-0.0428,0.231
3.070507692,-0.0940,0.2031,-0.0564,0.231
3.073093846,-0.1062,0.1867,-0.0718,0.227
3.075510154,-0.1194,0.1664,-0.0833,0.221
3.078085923,-0.1297,0.1444,-0.0843,0.212
3.080160308,-0.1425,0.1214,-0.0918,0.209
3.082910769,-0.1572,0.1063,-0.0918,0.211
3.085279769,-0.1716,0.0887,-0.0953,0.215
3.087489538,-0.1821,0.0716,-0.0885,0.215
3.090118538,-0.1939,0.0572,-0.0813,0.218
3.09438,-0.2074,0.0480,-0.0743,0.225
3.094974538,-0.2237,0.0394,-0.0682,0.237
3.097311385,-0.2426,0.0350,-0.0689,0.255
3.099669923,-0.2655,0.0308,-0.0677,0.276
3.102396923,-0.2931,0.0289,-0.0728,0.303
3.104564077,-0.3197,0.0264,-0.0769,0.330
3.106971385,-0.3539,0.0271,-0.0908,0.366
3.110403462,-0.3898,0.0284,-0.1118,0.407
3.111617308,-0.4267,0.0296,-0.1419,0.451
3.114072692,-0.4614,0.0313,-0.1651,0.491
3.116572,-0.4937,0.0284,-0.1749,0.525
3.122843077,-0.5264,0.0171,-0.1497,0.548
3.123635692,-0.5518,0.0042,-0.0918,0.559
3.124704615,-0.5785,-0.0145,-0.0286,0.579
3.129022462,-0.6097,-0.0302,0.0097,0.611
3.129949308,-0.6407,-0.0383,0.0155,0.642
3.130779077,-0.6717,-0.0380,0.0116,0.673
3.133547692,-0.7052,-0.0350,0.0270,0.707
3.136267385,-0.7395,-0.0309,0.0544,0.742
3.138646462,-0.7768,-0.0223,0.0837,0.782
3.140667769,-0.8113,-0.0106,0.1018,0.818
3.143206769,-0.8322,0.0105,0.1015,0.838
3.145317231,-0.8452,0.0254,0.0744,0.849
3.147908,-0.8462,0.0406,0.0334,0.848
3.150350769,-0.8436,0.0580,-0.0088,0.846
3.153421846,-0.8431,0.0780,-0.0435,0.848
3.155047154,-0.8533,0.1032,-0.0750,0.863
3.157612692,-0.8702,0.1383,-0.1082,0.888
3.159852077,-0.8963,0.1757,-0.1390,0.924
3.162561231,-0.9230,0.2182,-0.1833,0.966
3.164790154,-0.9566,0.2625,-0.2320,1.019
3.168438769,-0.9967,0.3089,-0.2716,1.078
3.169466538,-1.0392,0.3543,-0.2956,1.137
3.171902462,-1.0791,0.4029,-0.3105,1.193
3.175282846,-1.1150,0.4540,-0.3023,1.241
3.177873538,-1.1573,0.5055,-0.3215,1.303
3.179923077,-1.2068,0.5619,-0.3271,1.371
3.181581308,-1.2473,0.6075,-0.3225,1.424
3.185495692,-1.2684,0.6369,-0.3398,1.459
3.186707769,-1.2999,0.6655,-0.3515,1.502
3.188893,-1.3332,0.6753,-0.3652,1.538
3.193234769,-1.3493,0.6631,-0.3528,1.544
3.194279692,-1.3546,0.6560,-0.3599,1.548
3.195942231,-1.3737,0.6228,-0.3647,1.552
3.198981615,-1.3661,0.5881,-0.3760,1.534
3.201868692,-1.3624,0.5449,-0.3657,1.512
3.203147769,-1.3495,0.4931,-0.3638,1.482
3.205596385,-1.3483,0.4586,-0.3680,1.471
3.210198538,-1.3349,0.4198,-0.3552,1.444
3.211401846,-1.3190,0.3765,-0.3289,1.411
3.212863385,-1.3004,0.3523,-0.2990,1.380
3.215773923,-1.2867,0.3198,-0.2692,1.353
3.221694462,-1.2718,0.2964,-0.2676,1.333
3.222690154,-1.2689,0.2798,-0.2699,1.327
3.223130538,-1.2508,0.2674,-0.2658,1.306
3.227243462,-1.2296,0.2546,-0.2917,1.289
3.227729923,-1.1976,0.2561,-0.2851,1.257
3.229583077,-1.1800,0.2912,-0.2529,1.241
3.232021923,-1.1621,0.3228,-0.2260,1.227
3.234820077,-1.1516,0.3626,-0.2110,1.226
3.237077615,-1.1352,0.3885,-0.2006,1.216
3.239622538,-1.1033,0.4063,-0.2074,1.194
3.242622538,-1.0849,0.4158,-0.2157,1.182
3.244186769,-1.0654,0.4144,-0.2113,1.163
3.246923077,-1.0646,0.4012,-0.1986,1.155
3.249330154,-1.0759,0.3555,-0.2792,1.167
3.252376692,-1.0712,0.2751,-0.4820,1.206
3.254609923,-1.0747,0.1676,-0.7019,1.295
3.257611692,-1.0991,0.0326,-0.8588,1.395
3.259171692,-1.1546,-0.0665,-1.0794,1.582
3.262,-1.2066,-0.0912,-1.4627,1.898
3.263692077,-1.2149,-0.0126,-1.7745,2.151
3.267071385,-1.2286,0.2250,-1.9056,2.278
3.268342231,-1.2855,0.6660,-1.9159,2.401
3.270783769,-1.2645,1.0308,-1.9503,2.543
3.273208692,-1.4066,1.6306,-1.7111,2.751
3.275729615,-1.5019,2.1197,-1.5243,3.012
3.277921308,-1.6288,2.5727,-1.1370,3.250
3.280556077,-1.7260,2.9387,-0.5264,3.448
3.283739692,-1.7304,3.1255,0.3232,3.587
3.285136077,-1.7637,3.1976,1.0961,3.813
3.287608077,-1.8201,3.2135,1.7209,4.074
3.290228923,-1.7323,3.1437,2.0807,4.149
3.293254462,-1.5107,2.9231,2.3311,4.032
3.295365538,-1.2603,2.6899,2.4917,3.877
3.297935692,-0.9811,2.4971,2.3446,3.563
3.299802462,-0.6831,2.3096,2.0162,3.141
3.302115154,-0.3801,2.1283,1.5980,2.688
3.304840308,-0.0926,1.9590,0.7478,2.099
3.308396923,0.2118,1.7491,0.0065,1.762
3.309369,0.5123,1.4794,-0.5546,1.661
3.312421615,0.7212,1.2084,-0.8937,1.667
3.314552077,0.8744,0.9839,-1.0498,1.684
3.320711385,0.9413,0.7931,-1.2045,1.722
3.321436692,0.9718,0.6429,-1.2203,1.687
3.322075692,0.9711,0.5021,-1.2003,1.624
3.327584308,0.9506,0.4046,-1.0943,1.505
3.328229923,0.9000,0.3338,-0.9799,1.372
3.328732,0.8143,0.2935,-0.8609,1.221
3.331118154,0.7004,0.2744,-0.7363,1.053
3.333933,0.5145,0.2891,-0.5910,0.835
3.335756308,0.2846,0.3377,-0.4642,0.641
3.338567692,0.0829,0.3767,-0.4260,0.575
3.342038846,-0.0866,0.3990,-0.3247,0.522
3.343228923,-0.2821,0.4235,-0.2560,0.570
3.346075692,-0.4814,0.4393,-0.2171,0.687
3.350309615,-0.6759,0.4479,-0.1639,0.827
3.350542846,-0.8711,0.4464,-0.1332,0.988
3.352814154,-1.0570,0.4237,-0.1094,1.144
3.355769308,-1.2650,0.3956,-0.0818,1.328
3.358088077,-1.4367,0.3538,-0.0412,1.480
3.359887077,-1.5711,0.3059,0.0111,1.601
3.362458769,-1.6603,0.2570,0.0635,1.681
3.365888615,-1.7040,0.2157,0.1155,1.721
3.367121846,-1.6913,0.1777,0.1758,1.710
3.369536385,-1.6549,0.1593,0.1919,1.674
3.372270846,-1.5733,0.1747,0.1902,1.594
3.374514538,-1.4604,0.2423,0.1721,1.490
3.377017308,-1.3456,0.3748,0.1739,1.408
3.379426462,-1.2288,0.5307,0.1983,1.353
3.381942846,-1.0998,0.6860,0.1954,1.311
3.384298231,-0.9542,0.8241,0.1814,1.274
3.386472923,-0.8101,0.9546,0.1074,1.257
3.389018769,-0.6757,1.0757,-0.0268,1.271
3.391792,-0.5706,1.2023,-0.1483,1.339
3.393851154,-0.4819,1.3379,-0.2932,1.452
3.396414769,-0.4248,1.4918,-0.4591,1.618
3.400055154,-0.3920,1.6678,-0.5988,1.815
3.40198,-0.3745,1.8574,-0.6718,2.010
3.403395462,-0.3630,2.0242,-0.6464,2.156
3.407890538,-0.3263,2.1337,-0.5402,2.225
3.409460385,-0.2682,2.1915,-0.4018,2.244
3.410889615,-0.1963,2.1424,-0.2614,2.167
3.420041846,-0.0605,2.0330,-0.1686,2.041
3.421246154,0.0198,1.8453,-0.1016,1.848
3.421728692,0.0840,1.6425,-0.0542,1.646
3.422347077,0.1074,1.5197,-0.0315,1.524
3.422768385,0.0852,1.3721,-0.0276,1.375
3.426451462,0.0320,1.2216,-0.0386,1.223
3.427436615,-0.0344,1.0951,-0.0703,1.098
3.431739154,-0.1155,0.9697,-0.1153,0.983
3.432786538,-0.2196,0.8490,-0.1705,0.893
3.435188615,-0.3456,0.7379,-0.2236,0.845
3.437349308,-0.4732,0.6399,-0.2692,0.840
3.440666846,-0.5853,0.5625,-0.3042,0.867
3.442438462,-0.6945,0.4997,-0.3200,0.913
3.444385615,-0.7866,0.4640,-0.3130,0.965
3.446894769,-0.8904,0.4554,-0.2893,1.041
3.449637308,-0.9894,0.4735,-0.2562,1.126
3.451797538,-1.0658,0.5239,-0.2143,1.207
3.454275692,-1.0712,0.5933,-0.1771,1.237
3.457526769,-1.0407,0.6699,-0.1456,1.246
3.458870462,-0.9789,0.7510,-0.1148,1.239
3.461649615,-0.9200,0.8305,-0.0804,1.242
3.465914846,-0.8667,0.9113,-0.0538,1.259
3.467493,-0.8171,0.9863,-0.0328,1.281
3.469014846,-0.7742,1.0452,-0.0217,1.301
3.471251462,-0.7358,1.1002,-0.0222,1.324
3.47368,-0.7050,1.1407,-0.0261,1.341
3.475830462,-0.6722,1.1686,-0.0417,1.349
3.478586769,-0.6419,1.1815,-0.0645,1.346
3.482079385,-0.6090,1.1894,-0.0899,1.339
3.483985,-0.5750,1.1854,-0.1111,1.322
3.485492615,-0.5399,1.1720,-0.1327,1.297
3.488029923,-0.5030,1.1554,-0.1579,1.270
3.491178846,-0.4534,1.1351,-0.1771,1.235
3.494350154,-0.4111,1.1121,-0.1937,1.201
3.49538,-0.3588,1.0892,-0.2064,1.165
3.498964923,-0.3075,1.0669,-0.2236,1.133
3.500581231,-0.2550,1.0296,-0.2323,1.086
3.502564385,-0.2149,1.0032,-0.2409,1.054
3.504934462,-0.1934,0.9819,-0.2438,1.030
3.507874231,-0.1748,0.9648,-0.2497,1.012
3.509643154,-0.1611,0.9460,-0.2526,0.992
3.513050769,-0.1509,0.9176,-0.2607,0.966
3.519209846,-0.1506,0.8962,-0.2685,0.948
3.520241923,-0.1497,0.8810,-0.2648,0.932
3.520546769,-0.1553,0.8764,-0.2695,0.930
3.526114538,-0.1602,0.8735,-0.2697,0.928
3.526594769,-0.1636,0.8740,-0.2599,0.926
3.527079769,-0.1580,0.8768,-0.2494,0.925
3.528658846,-0.1548,0.8828,-0.2411,0.928
3.534117923,-0.1455,0.8908,-0.2362,0.933
3.534664923,-0.1455,0.9067,-0.2323,0.947
3.536691692,-0.1504,0.9233,-0.2233,0.962
3.539391692,-0.1570,0.9465,-0.2145,0.983
3.540894231,-0.1700,0.9609,-0.2059,0.997
3.543294538,-0.1824,0.9719,-0.2052,1.010
3.545905231,-0.1968,0.9805,-0.2042,1.021
3.548043154,-0.2047,0.9832,-0.2057,1.025
3.551125231,-0.2166,0.9874,-0.2074,1.032
3.553411769,-0.2261,1.0010,-0.2182,1.049
3.556247692,-0.2484,1.0024,-0.2087,1.054
3.558036,-0.2701,0.9949,-0.2094,1.052
3.560222154,-0.2902,0.9923,-0.2113,1.055
3.562735385,-0.3029,0.9905,-0.2084,1.057
3.565629538,-0.3168,0.9886,-0.2110,1.059
3.567672,-0.3241,0.9837,-0.2126,1.057
3.569699154,-0.3332,0.9858,-0.2115,1.062
3.572396692,-0.3342,0.9817,-0.2098,1.058
3.574592615,-0.3370,0.9783,-0.2091,1.056
3.577030231,-0.3324,0.9809,-0.2059,1.056
3.581307462,-0.3195,0.9849,-0.2147,1.057
3.582574769,-0.3065,0.9807,-0.2260,1.052
3.584346462,-0.2838,0.9729,-0.2306,1.039
3.587227385,-0.2657,0.9590,-0.2460,1.025
3.589832615,-0.2435,0.9470,-0.2599,1.012
3.591697231,-0.2188,0.9367,-0.2697,0.999
3.594749231,-0.1932,0.9287,-0.2723,0.987
3.597823462,-0.1660,0.9184,-0.2704,0.972
3.598959077,-0.1399,0.9082,-0.2672,0.957
3.601356923,-0.1108,0.9064,-0.2658,0.951
3.603629,-0.0864,0.8969,-0.2621,0.938
3.606428615,-0.0691,0.8957,-0.2526,0.933
3.608656923,-0.0532,0.8974,-0.2455,0.932
3.611100077,-0.0339,0.8979,-0.2382,0.930
3.616972692,-0.0165,0.8969,-0.2167,0.923
3.617886231,-0.0078,0.9003,-0.2010,0.923
3.618650538,0.0030,0.9038,-0.1852,0.923
3.620631385,0.0186,0.9047,-0.1688,0.920
3.622747385,0.0300,0.9043,-0.1512,0.917
3.625343462,0.0442,0.9067,-0.1383,0.918
3.628486231,0.0598,0.9120,-0.1346,0.924
3.630905,0.0736,0.9148,-0.1336,0.927
3.632540615,0.0831,0.9241,-0.1302,0.937
3.634963385,0.0885,0.9338,-0.1302,0.947
3.638561923,0.0926,0.9392,-0.1223,0.952
3.63972,0.0941,0.9504,-0.1129,0.962
3.642143077,0.0933,0.9536,-0.1029,0.964
3.644743077,0.0923,0.9583,-0.0874,0.967
3.647346154,0.0941,0.9602,-0.0782,0.968
3.649392385,0.0860,0.9592,-0.0813,0.966
3.652008923,0.0694,0.9567,-0.0938,0.964
3.655577538,0.0479,0.9518,-0.1018,0.958
3.657068615,-0.0048,0.9418,-0.1062,0.948
3.659157923,-0.0307,0.9362,-0.1031,0.942
3.661588308,-0.0651,0.9480,-0.1134,0.957
3.665085615,-0.0971,0.9599,-0.1221,0.972
3.666568308,-0.1313,0.9668,-0.1185,0.983
3.669361615,-0.1814,0.9744,-0.0941,0.996
3.671786846,-0.1907,0.9668,-0.1202,0.993
3.673464,-0.1954,0.9814,-0.0708,1.003
3.676133,-0.1858,0.9809,-0.0943,1.003
3.678432923,-0.1658,0.9712,-0.0989,0.990
3.681070846,-0.1441,0.9634,-0.1153,0.981
3.683129231,-0.1223,0.9565,-0.1383,0.974
3.685806769,-0.1013,0.9543,-0.1607,0.973
3.688025,-0.0779,0.9548,-0.1744,0.974
3.690904923,-0.0598,0.9609,-0.1884,0.981
3.693016923,-0.0430,0.9734,-0.2038,0.995
3.696897308,-0.0372,0.9876,-0.2118,1.011
3.698509231,-0.0339,0.9958,-0.2128,1.019
3.700303692,-0.0337,1.0047,-0.2284,1.031
3.702553,-0.0383,1.0119,-0.2475,1.042
3.705437,-0.0473,1.0166,-0.2655,1.052
3.707444,-0.0570,1.0196,-0.2753,1.058
3.710194462,-0.0644,1.0217,-0.2734,1.060
3.713669923,-0.0724,1.0245,-0.2692,1.062
3.714909615,-0.0820,1.0269,-0.2714,1.065
3.716975077,-0.0940,1.0350,-0.2683,1.073
3.719451769,-0.1079,1.0479,-0.2562,1.084
3.727061846,-0.1187,1.0618,-0.2555,1.099
3.727859462,-0.1324,1.0729,-0.2567,1.111
3.728164385,-0.1516,1.0846,-0.2480,1.123
3.729789846,-0.1727,1.0980,-0.2369,1.136
3.731173231,-0.1998,1.1178,-0.2191,1.156
3.733856615,-0.2335,1.1356,-0.2064,1.178
3.737310154,-0.2662,1.1584,-0.1979,1.205
3.739320308,-0.2983,1.1806,-0.1891,1.232
3.741280385,-0.3302,1.2033,-0.1691,1.259
3.743560385,-0.3628,1.2189,-0.1427,1.280
3.745822231,-0.3933,1.2343,-0.1143,1.300
3.748386154,-0.4243,1.2465,-0.0869,1.320
3.750727692,-0.4474,1.2497,-0.0601,1.329
3.753949538,-0.4634,1.2439,-0.0319,1.328
3.755534538,-0.4734,1.2375,-0.0170,1.325
3.757956385,-0.4770,1.2248,-0.0093,1.314
3.762513923,-0.4768,1.2129,-0.0058,1.303
3.763651077,-0.4665,1.1977,-0.0114,1.285
3.765216077,-0.4453,1.1830,-0.0173,1.264
3.768383154,-0.4192,1.1713,-0.0212,1.244
3.771466154,-0.3866,1.1628,-0.0191,1.226
3.772345308,-0.3512,1.1617,-0.0124,1.214
3.774803077,-0.3144,1.1652,-0.0042,1.207
3.777521,-0.2738,1.1708,0.0119,1.202
3.779558154,-0.2328,1.1864,0.0300,1.209
3.782936615,-0.1942,1.2015,0.0424,1.218
3.784815769,-0.1599,1.2180,0.0537,1.230
3.787121923,-0.1262,1.2350,0.0586,1.243
3.790060923,-0.1003,1.2519,0.0563,1.257
3.792239385,-0.0756,1.2672,0.0483,1.270
3.795944,-0.0595,1.2812,0.0346,1.283
3.797134154,-0.0456,1.2988,0.0221,1.300
3.799252077,-0.0312,1.3193,0.0214,1.320
3.801998231,-0.0195,1.3376,0.0456,1.339
3.804154154,-0.0114,1.3557,0.0898,1.359
3.806636923,-0.0062,1.3734,0.1462,1.381
3.808489615,-0.0087,1.3934,0.1970,1.407
3.811366154,-0.0167,1.4139,0.2310,1.433
3.813259154,-0.0278,1.4415,0.2413,1.462
3.815660692,-0.0442,1.4742,0.2196,1.491
3.818161923,-0.0591,1.5160,0.1719,1.527
3.822701615,-0.0681,1.5621,0.1045,1.567
3.823542231,-0.0686,1.6152,0.0321,1.617
3.825614462,-0.0574,1.6629,-0.0417,1.664
3.828194462,-0.0351,1.7112,-0.0743,1.713
3.830432615,-0.0099,1.7679,-0.1913,1.778
3.832494538,0.0361,1.8057,-0.2108,1.818
3.837213846,0.0901,1.8280,-0.1756,1.839
3.837871154,0.1498,1.8336,-0.1312,1.844
3.840655462,0.2115,1.8276,-0.0806,1.842
3.842454462,0.2760,1.8038,-0.0242,1.825
3.844741308,0.3417,1.7652,0.0270,1.798
3.848957615,0.3953,1.7074,0.0600,1.754
3.849988,0.4370,1.6485,0.0595,1.706
3.852704923,0.4784,1.5779,0.0517,1.650
3.854405308,0.5120,1.5101,0.0183,1.595
3.857001231,0.5336,1.4428,-0.0538,1.539
3.859345615,0.5487,1.3826,-0.1207,1.492
3.861872615,0.5597,1.3286,-0.1788,1.453
3.864169538,0.5775,1.2825,-0.2499,1.429
3.866452,0.5876,1.2519,-0.2846,1.412
3.870884923,0.6010,1.2245,-0.2990,1.396
3.872875692,0.6154,1.2018,-0.2942,1.382
3.873812077,0.6266,1.1852,-0.2526,1.364
3.876117,0.6320,1.1876,-0.2248,1.364
3.878496923,0.6342,1.2013,-0.2362,1.379
3.881528923,0.6474,1.2229,-0.2621,1.408
3.884101538,0.6601,1.2365,-0.2930,1.432
3.887696308,0.6731,1.2570,-0.3237,1.462
3.889620692,0.6834,1.2756,-0.3677,1.493
3.890422462,0.6970,1.2876,-0.4134,1.521
3.893567385,0.7060,1.2866,-0.4439,1.533
3.895229615,0.7137,1.2837,-0.4779,1.545
3.897623462,0.7109,1.2819,-0.5111,1.552
3.900045923,0.7056,1.2742,-0.5387,1.553
3.902568385,0.6543,1.2839,-0.5604,1.546
3.904859154,0.5475,1.3128,-0.5636,1.530
3.907261308,0.4817,1.3191,-0.5604,1.512
3.912740692,0.4018,1.3415,-0.5292,1.497
3.913517615,0.3159,1.3723,-0.4910,1.491
3.914688385,0.2031,1.4034,-0.4332,1.483
3.917033,0.0943,1.4371,-0.3655,1.486
3.919249538,-0.0155,1.4608,-0.3023,1.492
3.921685538,-0.1277,1.4740,-0.2389,1.499
3.924149308,-0.2522,1.4801,-0.2098,1.516
3.928171769,-0.3623,1.4769,-0.2578,1.542
3.929465231,-0.4644,1.4735,-0.3713,1.589
3.931639077,-0.5814,1.4791,-0.4950,1.665
3.935419077,-0.6999,1.4960,-0.5560,1.743
3.936884077,-0.8262,1.5162,-0.5772,1.821
3.938887385,-0.9323,1.5206,-0.5558,1.868
3.941786231,-0.9845,1.4999,-0.5893,1.888
3.944418769,-1.1235,1.5187,-0.4571,1.944
3.945981538,-1.3214,1.5441,-0.2970,2.054
3.948529231,-1.4849,1.5949,-0.3119,2.201
3.951538538,-1.6901,1.6284,-0.1991,2.355
3.953295077,-2.0991,1.6809,-0.0985,2.691
3.955606846,-2.2662,1.7173,0.0894,2.845
3.958166846,-2.3546,1.7718,0.3537,2.968
3.960680308,-2.3830,1.7869,0.5208,3.024
3.962892077,-2.3441,1.7718,0.5706,2.993
3.965506538,-2.2105,1.7342,0.5633,2.865
3.969029615,-2.0516,1.6951,0.4790,2.704
3.97016,-1.8780,1.6531,0.3412,2.525
3.978818769,-1.6791,1.6096,0.2119,2.336
3.979629538,-1.4793,1.5605,0.1096,2.153
3.980189231,-1.2745,1.5131,0.0134,1.978
3.980886846,-1.0930,1.4810,-0.0579,1.842
3.983094231,-0.9002,1.4517,-0.1519,1.715
3.984584308,-0.6733,1.4234,-0.2548,1.595
3.986704385,-0.5330,1.4046,-0.3718,1.548
3.989789538,-0.4297,1.3980,-0.4700,1.536
3.991928308,-0.3337,1.3809,-0.5842,1.536
3.994339462,-0.2687,1.3797,-0.7351,1.586
3.996600385,-0.2655,1.3892,-0.6760,1.568
3.999525231,-0.2671,1.3839,-0.5245,1.504
4.001465231,-0.2769,1.4041,-0.3569,1.475
4.003655769,-0.2902,1.4388,-0.2516,1.489
4.006699154,-0.2834,1.4415,-0.2360,1.488
4.010343462,-0.2608,1.4178,-0.2301,1.460
4.010829308,-0.2491,1.4139,-0.2585,1.459
4.013281,-0.2203,1.4002,-0.2832,1.445
4.015768385,-0.1800,1.3694,-0.3124,1.416
4.018888615,-0.1311,1.3428,-0.3322,1.389
4.020749846,-0.0917,1.3189,-0.3310,1.363
4.022997846,-0.0637,1.3010,-0.3389,1.346
4.025482154,-0.0505,1.2714,-0.3594,1.322
4.027722769,-0.0365,1.2490,-0.3738,1.304
4.030463154,-0.0324,1.2318,-0.3525,1.282
4.032670769,-0.0241,1.2055,-0.3186,1.247
4.035520615,-0.0192,1.1815,-0.2736,1.213
4.037510154,-0.0165,1.1549,-0.2316,1.178
4.040404385,-0.0446,1.1288,-0.2199,1.151
4.042861615,-0.0647,1.0970,-0.2177,1.120
4.044630462,-0.0825,1.0685,-0.2140,1.093
4.047362769,-0.1143,1.0503,-0.2226,1.080
4.049611077,-0.1392,1.0196,-0.2196,1.052
4.052227692,-0.1609,1.0024,-0.2716,1.051
4.054634231,-0.1763,0.9842,-0.2983,1.043
4.057668615,-0.1841,0.9729,-0.3035,1.036
4.060716385,-0.1898,0.9623,-0.2981,1.025
4.062244692,-0.1917,0.9506,-0.2873,1.011
4.065868923,-0.1721,0.9387,-0.2770,0.994
4.066476308,-0.1716,0.9272,-0.2736,0.982
4.068843154,-0.1634,0.9062,-0.2573,0.956
4.071413,-0.1485,0.8845,-0.2350,0.927
4.074342846,-0.1220,0.8576,-0.1913,0.887
4.077089846,-0.1120,0.8466,-0.1488,0.867
4.078954462,-0.1074,0.8358,-0.1092,0.850
4.080985231,-0.0871,0.8214,-0.0755,0.829
4.083875462,-0.0593,0.7978,-0.0471,0.801
4.086007154,-0.0375,0.7767,-0.0281,0.778
4.088091077,-0.0234,0.7552,-0.0179,0.756
4.091090846,-0.0185,0.7364,-0.0254,0.737
4.093361308,-0.0134,0.7098,-0.0330,0.711
4.095302231,-0.0060,0.6829,-0.0281,0.683
4.098118231,-0.0011,0.6570,-0.0195,0.657
4.100435385,0.0032,0.6240,-0.0122,0.624
4.102519462,0.0083,0.5908,-0.0122,0.591
4.105583692,0.0135,0.5617,-0.0296,0.563
4.109859769,0.0222,0.5334,-0.0557,0.537
4.110598769,0.0261,0.5046,-0.0980,0.515
4.112204385,0.0359,0.4722,-0.1368,0.493
4.121233615,0.0442,0.4447,-0.1600,0.475
4.121677846,0.0503,0.4202,-0.1728,0.457
4.121865846,0.0501,0.3965,-0.1749,0.436
4.122032308,0.0552,0.3773,-0.1715,0.418
4.127537539,0.0655,0.3580,-0.1649,0.400
4.128426154,0.0743,0.3411,-0.1605,0.384
4.130112,0.0743,0.3259,-0.1425,0.363
4.133247385,0.0726,0.3142,-0.1341,0.349
4.134636077,0.0594,0.3052,-0.1167,0.332
4.138186462,0.0440,0.3030,-0.1001,0.322
4.138732308,0.0279,0.2991,-0.0845,0.312
4.141123692,0.0093,0.2930,-0.0713,0.302
4.143669231,-0.0034,0.2879,-0.0596,0.294
4.146018154,-0.0176,0.2898,-0.0503,0.295
4.148435077,-0.0361,0.2908,-0.0491,0.297
4.150829923,-0.0512,0.2952,-0.0471,0.303
4.156074462,-0.0668,0.3012,-0.0323,0.310
4.156541308,-0.0864,0.3040,-0.0291,0.317
4.158786154,-0.1013,0.3110,-0.0324,0.329
4.161092308,-0.1152,0.3191,-0.0415,0.342
4.163229539,-0.1313,0.3284,-0.0522,0.357
4.165829923,-0.1423,0.3331,-0.0554,0.366
4.167613923,-0.1506,0.3392,-0.0533,0.375
4.170201,-0.1521,0.3429,-0.0433,0.378
4.172704308,-0.1516,0.3467,-0.0303,0.380
4.175573308,-0.1514,0.3474,-0.0144,0.379
4.177596,-0.1470,0.3411,0.0078,0.372
4.179838231,-0.1421,0.3355,0.0219,0.365
4.183101615,-0.1416,0.3257,0.0290,0.356
4.184579692,-0.1416,0.3147,0.0314,0.347
4.187028692,-0.1429,0.3001,0.0312,0.334
4.190152077,-0.1465,0.2835,0.0378,0.321
4.192093615,-0.1555,0.2625,0.0378,0.307
4.194374231,-0.1624,0.2436,0.0365,0.295
4.196829846,-0.1690,0.2243,0.0393,0.284
4.199510462,-0.1716,0.2008,0.0375,0.267
4.202313308,-0.1751,0.1766,0.0388,0.252
4.203958462,-0.1800,0.1568,0.0378,0.242
4.208320308,-0.1883,0.1400,0.0349,0.237
4.209247154,-0.1981,0.1174,0.0283,0.232
4.212656,-0.2142,0.0978,0.0209,0.236
4.214060692,-0.2224,0.0827,0.0039,0.237
4.218504615,-0.2308,0.0748,-0.0130,0.243
4.219317923,-0.2354,0.0724,-0.0293,0.248
4.221022462,-0.2410,0.0713,-0.0469,0.256
4.226613615,-0.2513,0.0741,-0.0601,0.269
4.227403769,-0.2623,0.0748,-0.0679,0.281
4.228268,-0.2650,0.0687,-0.0740,0.284
4.230784077,-0.2743,0.0748,-0.0794,0.295
4.234179462,-0.2965,0.0811,-0.0848,0.319
4.235452385,-0.3173,0.0936,-0.0889,0.342
4.237947077,-0.3402,0.1070,-0.0999,0.370
4.241498846,-0.3640,0.1202,-0.1104,0.399
4.242635462,-0.3859,0.1386,-0.1283,0.430
4.245601923,-0.4101,0.1535,-0.1607,0.466
4.247446231,-0.4367,0.1691,-0.1982,0.509
4.249822231,-0.4607,0.1808,-0.2206,0.542
4.252336385,-0.4875,0.1903,-0.2196,0.568
4.254577,-0.5105,0.1931,-0.2025,0.582
4.257367692,-0.5257,0.1920,-0.1681,0.584
4.259459077,-0.5338,0.1864,-0.1223,0.578
4.261923077,-0.5352,0.1708,-0.0703,0.566
4.265409846,-0.5338,0.1573,-0.0340,0.558
4.266624,-0.5269,0.1447,-0.0112,0.547
4.269244077,-0.5269,0.1342,-0.0046,0.544
4.271664923,-0.5205,0.1273,0.0029,0.536
4.274125,-0.5152,0.1242,0.0229,0.530
4.276660077,-0.5166,0.1242,0.0586,0.535
4.278846769,-0.5198,0.1242,0.0791,0.540
4.282331462,-0.5303,0.1230,0.0624,0.548
4.283637308,-0.5418,0.1200,0.0180,0.555
4.285924077,-0.5576,0.1085,-0.0457,0.570
4.288563692,-0.5729,0.1032,-0.1143,0.593
4.290937539,-0.5921,0.0934,-0.1996,0.632
4.293707462,-0.6170,0.0841,-0.2851,0.685
4.295870154,-0.6591,0.0851,-0.3755,0.763
4.298321615,-0.7136,0.1081,-0.4167,0.833
4.300334154,-0.7683,0.1237,-0.5025,0.926
4.302841846,-0.8245,0.1524,-0.5514,1.004
4.307372077,-0.8634,0.1901,-0.5917,1.064
4.308751077,-0.9181,0.2327,-0.6086,1.126
4.310017615,-0.9740,0.2710,-0.6000,1.176
4.315472923,-1.0073,0.3206,-0.5670,1.200
4.316439154,-1.0178,0.4117,-0.5578,1.231
4.317467462,-1.0446,0.4711,-0.5331,1.264
4.319657615,-1.0873,0.5211,-0.5106,1.309
4.326797846,-1.1308,0.5561,-0.5059,1.358
4.328003154,-1.1770,0.5940,-0.4947,1.408
4.328613846,-1.2324,0.6255,-0.4859,1.465
4.329558539,-1.2836,0.6433,-0.4999,1.520
4.336984385,-1.3425,0.6550,-0.5177,1.581
4.337830462,-1.3917,0.6550,-0.5136,1.622
4.338124,-1.4494,0.6562,-0.5113,1.671
4.344105539,-1.4998,0.6478,-0.5069,1.711
4.345019077,-1.5515,0.6362,-0.5071,1.752
4.345621539,-1.5923,0.6113,-0.4942,1.776
4.346653923,-1.6097,0.5837,-0.4756,1.777
4.348904385,-1.6158,0.5512,-0.4671,1.770
4.351309539,-1.6011,0.5150,-0.4537,1.742
4.354443462,-1.5841,0.4920,-0.4523,1.719
4.356592615,-1.5377,0.4586,-0.4439,1.665
4.358217846,-1.4795,0.4286,-0.4421,1.603
4.360981539,-1.4118,0.3978,-0.4321,1.529
4.363533615,-1.3505,0.3685,-0.3862,1.452
4.365959769,-1.3067,0.3343,-0.3603,1.396
4.368030462,-1.2916,0.2944,-0.4192,1.389
4.372959385,-1.2823,0.2388,-0.5758,1.426
4.373973539,-1.2361,0.1117,-0.7976,1.475
4.375242231,-1.1690,-0.0830,-0.8895,1.471
4.377888308,-1.1492,-0.2415,-0.9870,1.534
4.381210462,-1.1949,-0.2568,-1.5236,1.953
4.382294539,-1.2953,-0.0868,-2.2059,2.560
4.385017923,-1.4472,0.2202,-2.6276,3.008
4.387332923,-1.6476,0.7091,-2.6925,3.235
4.389812,-1.9021,1.2365,-2.5907,3.444
4.392059769,-2.1443,1.6213,-2.4507,3.638
4.394706769,-2.4800,1.9837,-1.9032,3.702
4.397868923,-2.7853,2.2716,-1.2638,3.810
4.399300385,-3.0106,2.4528,-0.4009,3.904
4.402256923,-3.0487,2.4554,0.4709,3.943
4.406722462,-2.9309,2.3503,1.2843,3.970
4.407941231,-2.6822,2.1891,1.9193,3.959
4.409091769,-2.3453,2.0256,2.3668,3.899
4.411595154,-1.9820,1.9003,2.6593,3.822
4.414486846,-1.6192,1.8018,2.7979,3.701
4.416196,-1.2640,1.7046,2.7013,3.435
4.419539692,-0.9386,1.6228,2.6439,3.241
4.426407692,-0.6021,1.5169,2.1832,2.726
4.427604615,-0.2408,1.3736,1.4159,1.987
4.427972077,0.1514,1.1994,0.2867,1.242
4.428273615,0.5480,0.9858,-0.2900,1.165
4.432733615,0.8670,0.7811,-0.3110,1.208
4.433187385,1.1211,0.5812,-0.5734,1.387
4.435669231,1.2639,0.4134,-0.7176,1.511
4.438381,1.3005,0.2761,-0.9433,1.630
4.440122154,1.3676,0.1217,-1.2848,1.880
4.443471154,1.4363,-0.1008,-1.6137,2.163
4.445202231,1.3985,-0.1589,-1.6843,2.195
4.447990231,1.2655,-0.0665,-1.7419,2.154
4.450558462,1.0584,0.1234,-1.7475,2.047
4.453381923,0.8145,0.3678,-1.6808,1.904
4.455491462,0.5573,0.5791,-1.5301,1.728
4.457201,0.3200,0.7401,-1.3024,1.532
4.459724923,0.2022,0.8693,-1.0679,1.392
4.462158769,0.0862,0.9675,-0.7261,1.213
4.464443462,-0.0402,1.0394,-0.5172,1.162
4.466888385,-0.0849,1.1121,-0.3284,1.163
4.469695077,-0.1634,1.1563,-0.1251,1.174
4.472236615,-0.2459,1.1879,-0.0127,1.213
4.474384923,-0.3584,1.2036,0.0649,1.257
4.476566154,-0.4753,1.1922,0.1084,1.288
4.480209539,-0.5797,1.1686,0.0874,1.307
4.481493846,-0.6726,1.1349,0.0668,1.321
4.483755154,-0.7746,1.0894,0.0525,1.338
4.487049,-0.8841,1.0425,0.0461,1.368
4.489767692,-0.9904,1.0066,0.0607,1.413
4.490933923,-1.0847,0.9737,0.0749,1.460
4.493506769,-1.1883,0.9580,0.0808,1.528
4.496620923,-1.2566,0.9323,0.0828,1.567
4.498357308,-1.2916,0.9082,0.0886,1.581
4.500673231,-1.2913,0.8781,0.0871,1.564
4.503295462,-1.2667,0.8444,0.0598,1.524
4.506568615,-1.2312,0.8062,0.0176,1.472
4.507960615,-1.1755,0.7728,-0.0281,1.407
4.510392692,-1.1047,0.7459,-0.0654,1.335
4.516298846,-1.0183,0.7413,-0.0899,1.263
4.517484385,-0.9225,0.7603,-0.0911,1.199
4.518047077,-0.8413,0.7955,-0.0825,1.161
4.52004,-0.7758,0.8365,-0.0823,1.144
4.523137231,-0.7238,0.8857,-0.0920,1.148
4.524561231,-0.6815,0.9321,-0.1034,1.159
4.527368077,-0.6415,0.9812,-0.1151,1.178
4.530859769,-0.6053,1.0228,-0.1223,1.195
4.532015154,-0.5706,1.0601,-0.1221,1.210
4.534897846,-0.5384,1.0902,-0.1102,1.221
4.537991077,-0.5044,1.1202,-0.0938,1.232
4.539472077,-0.4721,1.1393,-0.0752,1.236
4.541810154,-0.4387,1.1530,-0.0594,1.235
4.544086154,-0.4059,1.1544,-0.0559,1.225
4.546780385,-0.3737,1.1500,-0.0638,1.211
4.548983077,-0.3393,1.1363,-0.0825,1.189
4.551470539,-0.3048,1.1076,-0.1074,1.154
4.554446539,-0.2736,1.0741,-0.1363,1.117
4.555960615,-0.2513,1.0386,-0.1686,1.082
4.558456385,-0.2364,0.9946,-0.1879,1.039
4.561464077,-0.2371,0.9590,-0.2066,1.009
4.563621923,-0.2518,0.9321,-0.2194,0.990
4.565967462,-0.2701,0.9108,-0.2215,0.976
4.568398846,-0.2997,0.8969,-0.2206,0.971
4.571257615,-0.3368,0.8901,-0.2089,0.974
4.573061923,-0.3784,0.8879,-0.1971,0.985
4.575458462,-0.4238,0.8964,-0.1849,1.009
4.577965923,-0.4634,0.9079,-0.1759,1.034
4.580221308,-0.5005,0.9189,-0.1676,1.060
4.583078154,-0.5357,0.9331,-0.1635,1.088
4.585037923,-0.5674,0.9506,-0.1600,1.119
4.587537846,-0.5902,0.9660,-0.1526,1.142
4.589966231,-0.6078,0.9832,-0.1502,1.166
4.593003154,-0.6185,0.9991,-0.1463,1.184
4.594886154,-0.6088,1.0112,-0.1421,1.189
4.597107769,-0.5936,1.0237,-0.1229,1.190
4.599679385,-0.5797,1.0342,-0.1109,1.191
4.602513923,-0.5536,1.0359,-0.1073,1.179
4.604697308,-0.5210,1.0322,-0.1038,1.161
4.606707462,-0.4851,1.0235,-0.1074,1.138
4.609272308,-0.4516,1.0166,-0.1180,1.119
4.612397615,-0.4160,1.0027,-0.1334,1.094
4.613912,-0.3782,0.9926,-0.1534,1.073
4.616662539,-0.3386,0.9763,-0.1707,1.047
4.618740385,-0.3119,0.9721,-0.1898,1.038
4.622981539,-0.2934,0.9714,-0.1976,1.034
4.623782769,-0.2809,0.9739,-0.1959,1.032
4.627160615,-0.2743,0.9790,-0.1877,1.034
4.629235692,-0.2723,0.9865,-0.1735,1.038
4.630619462,-0.2648,0.9958,-0.1573,1.042
4.633360692,-0.2631,1.0019,-0.1486,1.046
4.636045231,-0.2640,1.0079,-0.1493,1.053
4.638671462,-0.2713,1.0154,-0.1607,1.063
4.640413,-0.2811,1.0205,-0.1747,1.073
4.643022231,-0.2738,1.0237,-0.1768,1.074
4.646118462,-0.2655,1.0233,-0.1810,1.073
4.647932,-0.2655,1.0223,-0.1917,1.073
4.650323769,-0.2753,1.0228,-0.2059,1.079
4.653075692,-0.2755,1.0259,-0.2218,1.085
4.655052,-0.2782,1.0249,-0.2401,1.089
4.657527692,-0.2780,1.0164,-0.2524,1.084
4.659985231,-0.2792,1.0098,-0.2597,1.079
4.662603385,-0.2848,0.9986,-0.2636,1.071
4.664479462,-0.3021,0.9874,-0.2704,1.067
4.667463154,-0.3181,0.9778,-0.2746,1.064
4.670421231,-0.3402,0.9688,-0.2804,1.064
4.671731769,-0.3598,0.9565,-0.2709,1.057
4.674294539,-0.3810,0.9511,-0.2618,1.058
4.676981923,-0.4015,0.9426,-0.2511,1.055
4.679138462,-0.4255,0.9402,-0.2409,1.060
4.681628692,-0.4404,0.9323,-0.2280,1.056
4.684065231,-0.4470,0.9241,-0.2145,1.049
4.686613308,-0.4583,0.9201,-0.2066,1.048
4.688962154,-0.4634,0.9182,-0.2057,1.049
4.691703385,-0.4583,0.9160,-0.2122,1.046
4.695053923,-0.4529,0.9192,-0.2196,1.048
4.696304615,-0.4387,0.9218,-0.2226,1.045
4.698421846,-0.4238,0.9269,-0.2199,1.043
4.701037539,-0.3994,0.9309,-0.2194,1.036
4.703591385,-0.3766,0.9429,-0.2213,1.039
4.705530154,-0.3624,0.9604,-0.2208,1.050
4.708114846,-0.3232,0.9665,-0.2143,1.041
4.711206154,-0.2855,0.9741,-0.2094,1.036
4.712884692,-0.2538,0.9788,-0.2052,1.032
4.715194462,-0.2240,0.9883,-0.2010,1.033
4.717888077,-0.1973,0.9942,-0.2001,1.033
4.725254462,-0.1683,0.9966,-0.1982,1.030
4.725851385,-0.1443,0.9961,-0.1937,1.025
4.726122231,-0.1238,0.9898,-0.1893,1.015
4.731069615,-0.1057,0.9881,-0.1856,1.011
4.731777,-0.0933,0.9783,-0.1810,0.999
4.732363077,-0.0854,0.9707,-0.1779,0.991
4.734569539,-0.0800,0.9626,-0.1717,0.981
4.738636385,-0.0886,0.9539,-0.1679,0.973
4.739428385,-0.0879,0.9470,-0.1570,0.964
4.742799692,-0.0938,0.9399,-0.1434,0.955
4.744556385,-0.0950,0.9350,-0.1363,0.950
4.746568923,-0.0966,0.9336,-0.1321,0.948
4.748901,-0.0947,0.9304,-0.1258,0.944
4.752155385,-0.0896,0.9294,-0.1158,0.941
4.754498462,-0.0905,0.9306,-0.1121,0.942
4.756164077,-0.0849,0.9260,-0.1121,0.937
4.758674769,-0.0771,0.9225,-0.1170,0.933
4.761133231,-0.0707,0.9199,-0.1239,0.931
4.763377308,-0.0700,0.9187,-0.1397,0.932
4.765775692,-0.0642,0.9148,-0.1495,0.929
4.768788615,-0.0693,0.9160,-0.1530,0.931
4.770618154,-0.0686,0.9182,-0.1497,0.933
4.773122769,-0.0724,0.9218,-0.1465,0.936
4.775649846,-0.0815,0.9238,-0.1356,0.937
4.778537308,-0.0866,0.9333,-0.1141,0.944
4.780401846,-0.0964,0.9418,-0.0913,0.951
4.782894154,-0.1054,0.9490,-0.0701,0.957
4.785491154,-0.1155,0.9565,-0.0564,0.965
4.787436615,-0.1272,0.9629,-0.0486,0.972
4.790278769,-0.1355,0.9634,-0.0435,0.974
4.793919154,-0.1446,0.9623,-0.0435,0.974
4.795179769,-0.1509,0.9592,-0.0517,0.972
4.797261846,-0.1551,0.9536,-0.0501,0.967
4.802299692,-0.1521,0.9462,-0.0552,0.960
4.803389615,-0.1521,0.9416,-0.0675,0.956
4.804376923,-0.1455,0.9409,-0.0715,0.955
4.807007769,-0.1355,0.9348,-0.0771,0.948
4.810433539,-0.1304,0.9313,-0.0815,0.944
4.811613539,-0.1264,0.9350,-0.0916,0.948
4.814801539,-0.1267,0.9355,-0.1036,0.950
4.816541923,-0.1231,0.9338,-0.1139,0.949
4.823056308,-0.1201,0.9338,-0.1255,0.950
4.823642154,-0.1177,0.9311,-0.1378,0.949
4.824034231,-0.1131,0.9353,-0.1429,0.953
4.828291385,-0.1182,0.9350,-0.1478,0.954
4.828704077,-0.1084,0.9369,-0.1507,0.955
4.830877923,-0.0845,0.9367,-0.1490,0.952
4.833449231,-0.0530,0.9399,-0.1505,0.953
4.836368385,-0.0321,0.9502,-0.1586,0.964
4.838398231,-0.0199,0.9646,-0.1539,0.977
4.840677615,-0.0197,0.9781,-0.1393,0.988
4.843737,-0.0297,0.9900,-0.1153,0.997
4.845500923,-0.0356,1.0030,-0.0923,1.008
4.848017539,-0.0351,1.0061,-0.0869,1.010
4.851943769,-0.0314,1.0035,-0.0972,1.009
4.852709615,-0.0407,1.0044,-0.1170,1.012
4.855149231,-0.0517,1.0091,-0.1425,1.020
4.858122769,-0.0483,1.0103,-0.1663,1.025
4.860233231,-0.0434,1.0179,-0.1868,1.036
4.862239462,-0.0486,1.0257,-0.1945,1.045
4.865044923,-0.0537,1.0428,-0.1949,1.062
4.867823462,-0.0595,1.0620,-0.1991,1.082
4.869596,-0.0686,1.0897,-0.2184,1.113
4.872041,-0.0754,1.1121,-0.2333,1.139
4.874740077,-0.0828,1.1342,-0.2355,1.161
4.877450769,-0.0920,1.1524,-0.2320,1.179
4.879429846,-0.1135,1.1713,-0.2184,1.197
4.881799385,-0.1285,1.1852,-0.2057,1.210
4.884583462,-0.1448,1.2020,-0.2143,1.230
4.886435154,-0.1688,1.2148,-0.2292,1.248
4.888886846,-0.1979,1.2225,-0.2490,1.263
4.892996385,-0.2291,1.2334,-0.2709,1.283
4.893887462,-0.2628,1.2427,-0.2827,1.301
4.896244,-0.2867,1.2507,-0.2821,1.314
4.899338462,-0.3088,1.2585,-0.2651,1.323
4.901088692,-0.3263,1.2646,-0.2329,1.327
4.903261539,-0.3388,1.2717,-0.1982,1.331
4.906005539,-0.3486,1.2812,-0.1614,1.338
4.908355385,-0.3532,1.2876,-0.1360,1.342
4.911110154,-0.3584,1.2981,-0.1207,1.352
4.913122539,-0.3556,1.3079,-0.1092,1.360
4.916650769,-0.3544,1.3171,-0.1029,1.368
4.922183385,-0.3435,1.3238,-0.0897,1.371
4.923427769,-0.3258,1.3326,-0.0752,1.374
4.923810231,-0.3007,1.3420,-0.0650,1.377
4.930188615,-0.2662,1.3484,-0.0469,1.375
4.931040923,-0.2242,1.3533,-0.0161,1.372
4.931277846,-0.1793,1.3557,0.0151,1.368
4.932513231,-0.1429,1.3582,0.0437,1.366
4.937771385,-0.1101,1.3648,0.0730,1.371
4.938022539,-0.0845,1.3680,0.0923,1.374
4.939945539,-0.0644,1.3721,0.1076,1.378
4.942257615,-0.0424,1.3734,0.1192,1.379
4.94462,-0.0219,1.3758,0.1192,1.381
4.946912615,-0.0038,1.3855,0.1150,1.390
4.949011462,0.0102,1.4153,0.1057,1.419
4.951363462,0.0173,1.4581,0.1123,1.462
4.954057846,0.0114,1.5197,0.1360,1.526
4.956597,0.0088,1.5844,0.1690,1.593
4.959498539,0.0049,1.6523,0.2059,1.665
4.961124077,0.0083,1.7083,0.2289,1.724
4.963924692,0.0247,1.7459,0.2261,1.761
4.967056692,0.0501,1.7775,0.2066,1.790
4.968454539,0.0796,1.7916,0.1590,1.800
4.970755077,0.1111,1.8038,0.1125,1.811
4.974014462,0.1478,1.8111,0.0798,1.819
4.977112385,0.1896,1.8170,0.0624,1.828
4.978430231,0.2323,1.8153,0.0588,1.831
4.981617308,0.2700,1.8124,0.0530,1.833
4.984484077,0.3079,1.8082,0.0605,1.835
4.985548385,0.3447,1.8036,0.0817,1.838
4.992732,0.3741,1.8013,0.1233,1.844
4.993435154,0.3999,1.7904,0.1697,1.842
4.993881615,0.4188,1.7657,0.1979,1.825
4.995916615,0.4422,1.7371,0.2154,1.805
4.997833923,0.4503,1.6976,0.1727,1.765
4.999837923,0.4561,1.6520,0.0996,1.717
5.002205615,0.4679,1.5903,0.0332,1.658
5.004858846,0.4835,1.5285,-0.0212,1.603
5.008523385,0.5047,1.4740,-0.0750,1.560
5.009316923,0.5309,1.4178,-0.1216,1.519
5.011661539,0.5629,1.3601,-0.1654,1.481
5.014205615,0.5905,1.3005,-0.2052,1.443
5.016677308,0.6173,1.2519,-0.2672,1.421
5.018968308,0.6359,1.2040,-0.3252,1.400
5.021524077,0.6697,1.1568,-0.3552,1.383
5.027265231,0.7056,1.1190,-0.3736,1.375
5.027852308,0.7403,1.0978,-0.4132,1.387
5.028472308,0.7722,1.0902,-0.4615,1.413
5.031473539,0.8016,1.0916,-0.4922,1.441
5.034077923,0.8282,1.1004,-0.4898,1.462
5.035712692,0.8488,1.1124,-0.4668,1.475
5.038318231,0.8739,1.1232,-0.4195,1.484
5.042102846,0.8842,1.1314,-0.3743,1.484
5.043199385,0.8868,1.1346,-0.3550,1.483
5.046114154,0.8863,1.1307,-0.3645,1.482
5.047908692,0.8844,1.1195,-0.3843,1.478
5.050553,0.8612,1.1092,-0.3992,1.460
5.052685923,0.8106,1.1119,-0.4074,1.435
5.055678769,0.7305,1.1261,-0.4421,1.413
5.058048385,0.6237,1.1528,-0.5059,1.405
5.059936692,0.4964,1.1828,-0.5683,1.403
5.062359462,0.3474,1.2153,-0.6108,1.404
5.066410231,0.1928,1.2470,-0.6203,1.406
5.067308385,0.0454,1.2751,-0.6168,1.417
5.069658846,-0.0910,1.2966,-0.5890,1.427
5.072546769,-0.2059,1.3117,-0.5795,1.449
5.074746846,-0.3268,1.3345,-0.6173,1.506
5.076917615,-0.4355,1.3406,-0.6660,1.559
5.079628692,-0.5552,1.3477,-0.6997,1.617
5.081844077,-0.7150,1.3706,-0.7229,1.707
5.084021615,-0.8939,1.3973,-0.7481,1.820
5.086538231,-1.1005,1.4366,-0.7319,1.952
5.089108385,-1.3006,1.4622,-0.6628,2.066
5.091681846,-1.5274,1.4974,-0.5639,2.212
5.093999692,-1.7546,1.5419,-0.4442,2.378
5.096425846,-2.0529,1.6047,-0.3733,2.632
5.098693308,-2.2097,1.6105,-0.2155,2.743
5.101085846,-2.2828,1.6015,0.0058,2.789
5.104033615,-2.3204,1.6240,0.3007,2.848
5.107236,-2.2767,1.6392,0.5399,2.857
5.108767077,-2.1504,1.6030,0.7214,2.777
5.111384385,-1.9928,1.5519,0.6975,2.620
5.113215385,-1.7979,1.4876,0.5548,2.399
5.115601231,-1.6048,1.4432,0.4725,2.209
5.117912,-1.3668,1.3604,0.3686,1.963
5.120604385,-1.2112,1.3469,0.1744,1.820
5.127224308,-1.1147,1.4002,-0.0361,1.790
5.128142231,-0.9574,1.3911,-0.1270,1.693
5.128532,-0.8135,1.3841,-0.1961,1.617
5.130957539,-0.6444,1.3738,-0.2800,1.543
5.135112,-0.5205,1.3538,-0.3628,1.495
5.135909231,-0.4588,1.3560,-0.4263,1.494
5.138073308,-0.4059,1.3552,-0.4793,1.494
5.143237923,-0.3486,1.3516,-0.5192,1.489
5.144696692,-0.2916,1.3597,-0.6159,1.521
5.145122846,-0.2559,1.3629,-0.5313,1.485
5.148361308,-0.2466,1.3626,-0.4246,1.448
5.149354769,-0.2369,1.3648,-0.3694,1.434
5.151897615,-0.2293,1.3629,-0.3228,1.419
5.154388077,-0.2413,1.3680,-0.2883,1.419
5.156873308,-0.2389,1.3706,-0.2631,1.416
5.159210154,-0.2317,1.3674,-0.2748,1.414
5.161648923,-0.2171,1.3520,-0.3058,1.403
5.165620692,-0.2035,1.3364,-0.3479,1.396
5.167094846,-0.1875,1.3191,-0.3694,1.383
5.168747154,-0.1900,1.3000,-0.3862,1.369
5.173583769,-0.2010,1.2856,-0.4498,1.377
5.174849231,-0.2083,1.2602,-0.4813,1.365
5.175920308,-0.1462,1.1891,-0.2861,1.232
5.178584,-0.1297,1.1376,-0.1099,1.150
5.181951769,-0.1448,1.1043,-0.0691,1.116
5.183258154,-0.1765,1.0745,-0.1090,1.094
5.185523692,-0.2014,1.0464,-0.1590,1.077
5.188020077,-0.2308,1.0233,-0.1842,1.065
5.191080308,-0.2589,1.0017,-0.2215,1.058
5.192821615,-0.2799,0.9692,-0.2881,1.049
5.195537846,-0.2978,0.9453,-0.3491,1.051
5.198320923,-0.3134,0.9318,-0.3762,1.053
5.200004923,-0.3305,0.9231,-0.3841,1.053
5.202368692,-0.3412,0.9213,-0.3882,1.056
5.207068615,-0.3435,0.9216,-0.3906,1.058
5.208405,-0.3461,0.9208,-0.3767,1.053
5.209893539,-0.3417,0.9152,-0.3601,1.041
5.212333923,-0.3368,0.9160,-0.3342,1.032
5.215244077,-0.3277,0.9194,-0.3171,1.026
5.216768692,-0.3058,0.9211,-0.2909,1.013
5.219364077,-0.3192,0.9220,-0.2707,1.013
5.221858539,-0.3078,0.9238,-0.2529,1.006
5.227922846,-0.2848,0.9216,-0.2311,0.992
5.228675769,-0.2564,0.9133,-0.2035,0.970
5.229339769,-0.2208,0.8964,-0.1722,0.939
5.235337308,-0.1861,0.8793,-0.1451,0.910
5.235820077,-0.1506,0.8542,-0.1314,0.877
5.236242154,-0.1074,0.8281,-0.1336,0.846
5.242232385,-0.0642,0.7982,-0.1365,0.812
5.243067462,-0.0263,0.7711,-0.1368,0.784
5.243679154,0.0026,0.7381,-0.1381,0.751
5.246410154,0.0340,0.7037,-0.1437,0.719
5.248256385,0.0535,0.6748,-0.1566,0.695
5.250796923,0.0684,0.6450,-0.1642,0.669
5.253367077,0.0864,0.6131,-0.1774,0.644
5.255980077,0.0960,0.5847,-0.1810,0.620
5.258239154,0.1021,0.5488,-0.1800,0.586
5.260530769,0.1038,0.5155,-0.1730,0.554
5.264548385,0.1029,0.4864,-0.1670,0.524
5.265433539,0.0950,0.4533,-0.1598,0.490
5.267741231,0.0789,0.4293,-0.1537,0.463
5.270206769,0.0620,0.4039,-0.1370,0.431
5.272457,0.0459,0.3763,-0.1195,0.398
5.274560385,0.0251,0.3550,-0.1053,0.371
5.277226539,-0.0016,0.3306,-0.1094,0.348
5.280960308,-0.0288,0.3120,-0.0999,0.329
5.282599769,-0.0615,0.2989,-0.0920,0.319
5.284363154,-0.0959,0.2886,-0.0877,0.316
5.289426539,-0.1285,0.2835,-0.0985,0.326
5.290636692,-0.1531,0.2810,-0.1116,0.339
5.292127769,-0.1760,0.2810,-0.1248,0.354
5.294294231,-0.2079,0.2937,-0.1280,0.382
5.297795692,-0.2406,0.3064,-0.1300,0.411
5.298978462,-0.2664,0.3238,-0.1309,0.439
5.301903769,-0.2843,0.3480,-0.1339,0.469
5.304251077,-0.3023,0.3660,-0.1339,0.493
5.306566539,-0.3109,0.3897,-0.1275,0.515
5.308691462,-0.3090,0.4112,-0.1232,0.529
5.311300923,-0.3002,0.4340,-0.1207,0.541
5.313693615,-0.2818,0.4486,-0.1106,0.541
5.315652615,-0.2582,0.4657,-0.0874,0.540
5.318186231,-0.2359,0.4740,-0.0594,0.533
5.320672077,-0.2135,0.4803,-0.0384,0.527
5.327716077,-0.1958,0.4823,-0.0235,0.521
5.328447692,-0.1744,0.4752,-0.0100,0.506
5.328836692,-0.1575,0.4618,-0.0070,0.488
5.337839462,-0.1441,0.4388,-0.0179,0.462
5.338566154,-0.1362,0.4098,-0.0340,0.433
5.339125616,-0.1289,0.3751,-0.0594,0.401
5.339553308,-0.1255,0.3382,-0.0880,0.371
5.342263385,-0.1238,0.2949,-0.1090,0.338
5.342538154,-0.1220,0.2583,-0.1260,0.312
5.344688308,-0.1211,0.2209,-0.1358,0.286
5.347,-0.1236,0.1810,-0.1402,0.260
5.350326539,-0.1285,0.1476,-0.1360,0.238
5.351978462,-0.1345,0.1165,-0.1300,0.220
5.355349539,-0.1401,0.0929,-0.1248,0.209
5.356617923,-0.1492,0.0746,-0.1183,0.204
5.359096616,-0.1641,0.0618,-0.1092,0.207
5.361873846,-0.1770,0.0528,-0.0978,0.209
5.364433,-0.1902,0.0496,-0.0916,0.217
5.366687077,-0.2081,0.0508,-0.0967,0.235
5.368834154,-0.2291,0.0564,-0.0980,0.255
5.371209616,-0.2447,0.0636,-0.0994,0.272
5.373587769,-0.2652,0.0748,-0.1016,0.294
5.375925,-0.2848,0.0885,-0.1058,0.316
5.379726846,-0.2997,0.1004,-0.1155,0.337
5.380678462,-0.3158,0.1170,-0.1360,0.363
5.383372692,-0.3268,0.1342,-0.1495,0.384
5.385942769,-0.3424,0.1491,-0.1649,0.408
5.388238462,-0.3591,0.1579,-0.1852,0.434
5.390393308,-0.3752,0.1718,-0.2064,0.461
5.393084923,-0.3915,0.1838,-0.2329,0.491
5.396163462,-0.4150,0.1967,-0.2602,0.528
5.397592923,-0.4380,0.2069,-0.2785,0.559
5.400139385,-0.4651,0.2099,-0.2760,0.580
5.403040616,-0.4854,0.2104,-0.2485,0.584
5.406156923,-0.5040,0.2041,-0.2020,0.580
5.407425616,-0.5201,0.1948,-0.1622,0.579
5.410188385,-0.5352,0.1852,-0.1409,0.584
5.413074846,-0.5452,0.1730,-0.1309,0.587
5.414540385,-0.5524,0.1613,-0.1127,0.586
5.416990231,-0.5506,0.1542,-0.0796,0.577
5.424319385,-0.5543,0.1479,-0.0359,0.575
5.425561,-0.5573,0.1419,0.0109,0.575
5.426090846,-0.5653,0.1381,0.0486,0.584
5.426957308,-0.5821,0.1381,0.0647,0.602
5.431415154,-0.6151,0.1354,0.0556,0.632
5.432069616,-0.6577,0.1279,0.0216,0.670
5.434586462,-0.7085,0.1198,-0.0347,0.719
5.439592616,-0.7678,0.1065,-0.1067,0.782
5.440184616,-0.8294,0.0907,-0.1800,0.854
5.440940308,-0.8923,0.0802,-0.2497,0.930
5.443451077,-0.9484,0.0746,-0.3051,0.999
5.445837308,-0.9913,0.0806,-0.3352,1.050
5.448097,-1.0397,0.1032,-0.3489,1.102
5.451477923,-1.0832,0.1307,-0.3531,1.147
5.454564385,-1.1264,0.1733,-0.3510,1.193
5.455496616,-1.1643,0.2197,-0.3403,1.233
5.458179462,-1.2054,0.2719,-0.3298,1.279
5.460610846,-1.2479,0.3186,-0.3191,1.327
5.463687077,-1.2926,0.3629,-0.3017,1.376
5.465925,-1.3368,0.3939,-0.2990,1.425
5.467736385,-1.3800,0.4186,-0.3030,1.474
5.470469,-1.4231,0.4354,-0.2978,1.518
5.472320923,-1.4599,0.4466,-0.3086,1.558
5.475107077,-1.4956,0.4496,-0.3279,1.596
5.477364923,-1.5193,0.4393,-0.3277,1.615
5.479687769,-1.5337,0.4235,-0.3212,1.623
5.482565,-1.5382,0.4002,-0.3279,1.623
5.485515769,-1.5166,0.3718,-0.3340,1.597
5.488160077,-1.4829,0.3509,-0.3324,1.560
5.489529616,-1.4453,0.3279,-0.3324,1.519
5.492110846,-1.3905,0.3103,-0.3335,1.463
5.494142846,-1.3223,0.2986,-0.3225,1.393
5.496507385,-1.2571,0.2854,-0.3075,1.325
5.499353,-1.1853,0.2739,-0.3098,1.255
5.501551692,-1.1169,0.2642,-0.3035,1.187
5.503958539,-1.0544,0.2568,-0.2953,1.125
5.506245616,-1.0048,0.2492,-0.2795,1.072
5.508881616,-0.9366,0.2448,-0.2423,0.998
5.511713308,-0.9032,0.2224,-0.2025,0.952
5.513320923,-0.8923,0.1564,-0.4060,0.993
5.515941616,-0.8748,0.0217,-0.6513,1.091
5.518458769,-0.8739,-0.1496,-0.8187,1.207
5.524735462,-0.9065,-0.3358,-1.0137,1.401
5.525853308,-0.9838,-0.4369,-1.3039,1.691
5.526224616,-1.0815,-0.4235,-1.6853,2.047
5.530619462,-1.1213,-0.3632,-2.0034,2.324
5.531315385,-1.1748,-0.1643,-2.0221,2.344
5.533724,-1.2093,0.1081,-1.8487,2.212
5.535905,-1.3740,0.6191,-1.4139,2.066
5.539387385,-1.5212,1.1058,-1.0992,2.178
5.541325539,-1.7856,1.6282,-0.7188,2.521
5.544844308,-2.2359,2.2409,-0.3948,3.190
5.546518846,-2.8543,2.9567,0.0099,4.110
5.547224,-3.3984,3.5201,0.7013,4.943
5.550005923,-3.6094,3.6785,1.5035,5.368
5.553605616,-3.5594,3.5695,2.3167,5.548
5.554768385,-3.2586,3.2865,2.9943,5.512
5.557094846,-2.7082,2.8630,3.1965,5.074
5.559566846,-2.0861,2.4838,3.0639,4.462
5.562109616,-1.5268,2.1815,2.9794,3.996
5.564224,-1.0742,1.9548,2.6570,3.469
5.566756308,-0.7283,1.7953,2.3319,3.032
5.569449539,-0.4721,1.6634,1.7532,2.462
5.571190769,-0.2049,1.4789,0.2538,1.514
5.573853539,0.1351,1.2124,-1.1138,1.652
5.576348385,0.3366,0.9709,-1.6955,1.983
5.578676,0.4803,0.7166,-1.9557,2.138
5.580905539,0.5157,0.5050,-2.1429,2.261
5.583469231,0.6335,0.2045,-2.3542,2.446
5.586438846,0.8793,-0.3160,-2.7779,2.931
5.588126539,0.7728,-0.4073,-2.6652,2.805
5.591269846,0.7041,-0.5179,-2.5362,2.683
5.594299077,0.5932,-0.5027,-2.2076,2.341
5.595670462,0.3525,-0.3602,-1.8709,1.938
5.598117539,0.1136,-0.1513,-1.5087,1.520
5.600715462,-0.0884,0.0687,-1.1402,1.146
5.603484616,-0.2215,0.2460,-0.7659,0.834
5.606043462,-0.1697,0.1903,-0.5644,0.619
5.607588308,-0.2184,0.3274,-0.1065,0.408
5.611293616,-0.3097,0.5583,0.2487,0.685
5.612328,-0.3156,0.6946,0.5301,0.929
5.614878462,-0.3346,0.7978,0.7109,1.120
5.617113616,-0.3593,0.8740,0.7973,1.236
5.622949539,-0.2899,0.9152,0.7287,1.205
5.624042769,-0.2620,0.9416,0.6393,1.168
5.625031154,-0.3309,0.9665,0.5506,1.161
5.629863692,-0.4031,0.9802,0.3640,1.121
5.630996308,-0.4800,1.0071,0.1683,1.128
5.63174,-0.5589,1.0491,0.0300,1.189
5.634252923,-0.6603,1.1153,-0.0972,1.300
5.637595385,-0.7553,1.1874,-0.2082,1.423
5.638705231,-0.8506,1.2649,-0.2795,1.550
5.641479077,-0.9384,1.3423,-0.2614,1.659
5.644306154,-1.0165,1.4051,-0.2320,1.750
5.645963077,-1.0737,1.4442,-0.1969,1.810
5.648921539,-1.0973,1.4540,-0.1478,1.828
5.650897231,-1.0900,1.4376,-0.1021,1.807
5.653222846,-1.0570,1.3929,-0.0633,1.750
5.655881308,-1.0113,1.3303,-0.0317,1.671
5.658832077,-0.9617,1.2590,-0.0044,1.584
5.661301539,-0.9168,1.1842,0.0173,1.498
5.663038462,-0.8855,1.1153,0.0256,1.424
5.665921308,-0.8599,1.0503,0.0221,1.358
5.668460308,-0.8423,0.9968,0.0173,1.305
5.670041846,-0.8274,0.9548,0.0141,1.264
5.673004923,-0.8059,0.9192,0.0148,1.223
5.676609616,-0.7826,0.8933,0.0216,1.188
5.677608923,-0.7488,0.8747,0.0111,1.151
5.679793,-0.7011,0.8615,0.0134,1.111
5.684035692,-0.6584,0.8581,0.0715,1.084
5.684869616,-0.6023,0.8615,0.0845,1.055
5.687906154,-0.5469,0.8593,0.0663,1.021
5.690457,-0.4991,0.8561,0.0131,0.991
5.692287154,-0.4416,0.8432,-0.0410,0.953
5.694851462,-0.3938,0.8300,-0.0978,0.924
5.696836308,-0.3796,0.8451,-0.1546,0.939
5.699868385,-0.3547,0.8493,-0.1805,0.938
5.701623385,-0.3449,0.8728,-0.2180,0.963
5.703913231,-0.3319,0.8891,-0.2338,0.977
5.706478231,-0.3309,0.9062,-0.2336,0.993
5.709029846,-0.3356,0.9309,-0.2341,1.017
5.711225,-0.3412,0.9551,-0.2352,1.041
5.713619462,-0.3624,0.9888,-0.2352,1.079
5.716612,-0.3879,1.0205,-0.2196,1.114
5.722011154,-0.4169,1.0562,-0.1961,1.152
5.722758846,-0.4348,1.0850,-0.1788,1.182
5.723219385,-0.4465,1.1021,-0.1563,1.199
5.728736077,-0.4653,1.1227,-0.1412,1.223
5.729623154,-0.4765,1.1405,-0.1368,1.244
5.730455769,-0.5133,1.1661,-0.1549,1.283
5.732963462,-0.5213,1.1803,-0.1681,1.301
5.735967077,-0.5019,1.1515,-0.1747,1.268
5.737723462,-0.4849,1.1261,-0.2087,1.244
5.740240385,-0.4627,1.0990,-0.2492,1.218
5.742644308,-0.4382,1.0682,-0.2939,1.191
5.744826462,-0.4255,1.0396,-0.3366,1.173
5.747686769,-0.4138,1.0142,-0.3652,1.155
5.751005308,-0.4001,0.9895,-0.3818,1.134
5.752448308,-0.3857,0.9702,-0.3816,1.112
5.754730769,-0.3730,0.9570,-0.3724,1.093
5.758196,-0.3588,0.9385,-0.3620,1.068
5.760663769,-0.3466,0.9272,-0.3482,1.049
5.761958154,-0.3388,0.9157,-0.3333,1.032
5.764312077,-0.3314,0.9099,-0.3232,1.021
5.767752,-0.3188,0.9082,-0.3135,1.012
5.768964616,-0.3065,0.9145,-0.3075,1.012
5.771738462,-0.2995,0.9174,-0.2961,1.010
5.774048,-0.2955,0.9252,-0.2827,1.012
5.776441616,-0.2934,0.9326,-0.2729,1.015
5.779213308,-0.2873,0.9390,-0.2648,1.017
5.781281616,-0.2843,0.9448,-0.2690,1.023
5.784252923,-0.2762,0.9446,-0.2790,1.023
5.785899385,-0.2669,0.9467,-0.2900,1.026
5.788660308,-0.2596,0.9506,-0.2934,1.028
5.792247154,-0.2508,0.9548,-0.2951,1.030
5.793339462,-0.2533,0.9614,-0.2932,1.037
5.79578,-0.2531,0.9707,-0.2775,1.041
5.798924385,-0.2477,0.9790,-0.2611,1.043
5.800874231,-0.2487,0.9874,-0.2570,1.050
5.803300616,-0.2457,0.9912,-0.2546,1.052
5.805489308,-0.2417,0.9963,-0.2550,1.056
5.808884616,-0.2394,0.9949,-0.2602,1.056
5.810015462,-0.2377,0.9893,-0.2585,1.050
5.812450462,-0.2347,0.9807,-0.2560,1.040
5.817211385,-0.2271,0.9716,-0.2531,1.029
5.818305308,-0.2261,0.9629,-0.2506,1.020
5.819777923,-0.2222,0.9514,-0.2401,1.006
5.822267769,-0.2156,0.9448,-0.2299,0.996
5.829736385,-0.2010,0.9333,-0.2262,0.981
5.830417231,-0.2056,0.9262,-0.2074,0.971
5.830942154,-0.1917,0.9180,-0.1922,0.957
5.832136308,-0.1734,0.9108,-0.1820,0.945
5.837977308,-0.1511,0.9047,-0.1732,0.933
5.838604616,-0.1345,0.8984,-0.1627,0.923
5.839137616,-0.1115,0.8910,-0.1581,0.912
5.844624077,-0.0961,0.8852,-0.1549,0.904
5.845418462,-0.0810,0.8803,-0.1524,0.897
5.846794231,-0.0661,0.8737,-0.1561,0.890
5.848635462,-0.0574,0.8723,-0.1575,0.888
5.851129231,-0.0461,0.8700,-0.1568,0.885
5.853408692,-0.0400,0.8740,-0.1586,0.889
5.856329,-0.0356,0.8754,-0.1570,0.890
5.858634539,-0.0268,0.8791,-0.1524,0.893
5.861098462,-0.0256,0.8857,-0.1463,0.898
5.863390154,-0.0248,0.8876,-0.1453,0.900
5.866580308,-0.0216,0.8942,-0.1390,0.905
5.867800308,-0.0211,0.9038,-0.1348,0.914
5.870643462,-0.0060,0.9035,-0.1324,0.913
5.872965231,0.0075,0.8979,-0.1346,0.908
5.875428,0.0193,0.8891,-0.1378,0.900
5.878059385,0.0251,0.8766,-0.1400,0.888
5.880260077,0.0247,0.8723,-0.1407,0.884
5.883160385,0.0161,0.8647,-0.1388,0.876
5.884722846,0.0132,0.8676,-0.1334,0.878
5.887437308,-0.0070,0.8733,-0.1102,0.880
5.891658231,-0.0153,0.8820,-0.0938,0.887
5.892998846,-0.0402,0.8969,-0.0666,0.900
5.895105923,-0.0558,0.8989,-0.1136,0.908
5.897260692,-0.0478,0.9176,-0.0631,0.921
5.900167154,-0.0461,0.9397,-0.0598,0.943
5.901976385,-0.0363,0.9543,-0.0545,0.957
5.904449616,-0.0297,0.9607,-0.0525,0.963
5.906795077,-0.0288,0.9651,-0.0517,0.967
5.909026769,-0.0300,0.9663,-0.0428,0.968
5.911399077,-0.0321,0.9651,-0.0300,0.966
5.914169539,-0.0390,0.9626,-0.0324,0.964
5.916244,-0.0442,0.9602,-0.0198,0.961
5.918633846,-0.0546,0.9636,-0.0110,0.965
5.92102,-0.0659,0.9697,-0.0179,0.972
5.928294462,-0.0784,0.9729,-0.0232,0.976
5.929111692,-0.0833,0.9768,-0.0173,0.981
5.929696308,-0.0869,0.9760,-0.0100,0.980
5.935265923,-0.0859,0.9724,-0.0086,0.976
5.936008923,-0.0796,0.9670,-0.0073,0.970
5.936405923,-0.0698,0.9583,-0.0168,0.961
5.938188692,-0.0591,0.9560,-0.0323,0.958
5.943007385,-0.0412,0.9511,-0.0586,0.954
5.943511154,-0.0246,0.9470,-0.0845,0.951
5.945199385,-0.0070,0.9483,-0.1170,0.955
5.947828385,0.0144,0.9506,-0.1465,0.962
5.950359385,0.0373,0.9543,-0.1670,0.970
5.952442154,0.0596,0.9604,-0.1798,0.979
5.954951692,0.0816,0.9644,-0.1833,0.985
5.957271154,0.1026,0.9678,-0.1849,0.991
5.959930846,0.1265,0.9714,-0.1866,0.997
5.962114462,0.1441,0.9788,-0.1937,1.008
5.964486231,0.1561,0.9851,-0.1947,1.016
5.966835077,0.1607,0.9932,-0.2059,1.027
5.970018154,0.1622,1.0049,-0.2296,1.043
5.971681308,0.1537,1.0128,-0.2614,1.057
5.974253308,0.1400,1.0259,-0.2788,1.072
5.976648692,0.1219,1.0401,-0.2844,1.085
5.979105616,0.0975,1.0477,-0.2834,1.090
5.982576385,0.0615,1.0611,-0.2829,1.100
5.983825231,0.0256,1.0755,-0.2800,1.112
5.986158231,-0.0134,1.0934,-0.2634,1.125
5.988560616,-0.0551,1.1063,-0.2372,1.133
5.991016616,-0.0947,1.1188,-0.2162,1.143
5.993303769,-0.1350,1.1346,-0.1966,1.159
5.996224616,-0.1732,1.1459,-0.1877,1.174
5.998593,-0.2074,1.1625,-0.1866,1.195
6.006642462,-0.2401,1.1728,-0.1796,1.210
6.007691769,-0.2657,1.1842,-0.1693,1.225
6.008149846,-0.2873,1.1913,-0.1614,1.236
6.008582231,-0.3075,1.2023,-0.1666,1.252
6.011272308,-0.3232,1.2057,-0.1812,1.261
6.012762231,-0.3375,1.2087,-0.2077,1.272
6.014858462,-0.3498,1.2084,-0.2243,1.278
6.017248692,-0.3617,1.2071,-0.2323,1.281
6.020250154,-0.3722,1.2082,-0.2255,1.284
6.024563077,-0.3884,1.2126,-0.2187,1.292
6.025219077,-0.3971,1.2160,-0.2108,1.296
6.027172077,-0.4084,1.2157,-0.1976,1.298
6.029673308,-0.4157,1.2143,-0.1817,1.296
6.031863077,-0.4204,1.2071,-0.1602,1.288
6.034396923,-0.4096,1.1974,-0.1202,1.271
6.036714154,-0.4185,1.2023,-0.0911,1.276
6.039149231,-0.4236,1.2064,-0.1160,1.284
6.041480692,-0.4218,1.2124,-0.1465,1.292
6.043802846,-0.4094,1.2164,-0.1309,1.290
6.046462154,-0.3877,1.2189,-0.1255,1.285
6.048865308,-0.3666,1.2129,-0.1537,1.276
6.051195077,-0.3383,1.2071,-0.1833,1.267
6.054124077,-0.3075,1.2003,-0.1982,1.255
6.062502846,-0.2887,1.1962,-0.2189,1.250
6.063439077,-0.2780,1.2075,-0.2448,1.263
6.063670539,-0.2720,1.2411,-0.2541,1.296
6.064037616,-0.2662,1.2942,-0.2480,1.344
6.065544923,-0.2594,1.3555,-0.2294,1.399
6.068155154,-0.2482,1.4200,-0.1517,1.449
6.070657539,-0.2328,1.4799,-0.0459,1.499
6.072898462,-0.2168,1.5199,0.0647,1.537
6.075178231,-0.1930,1.5346,0.1546,1.554
6.077736,-0.1697,1.5316,0.2259,1.557
6.080935154,-0.1431,1.5094,0.2648,1.539
6.082600692,-0.1182,1.4855,0.2716,1.515
6.085016616,-0.1006,1.4579,0.2345,1.480
6.087383462,-0.0871,1.4468,0.1668,1.459
6.091417,-0.0737,1.4437,0.0861,1.448
6.092936308,-0.0630,1.4515,0.0070,1.453
6.094627692,-0.0381,1.4742,-0.0552,1.476
6.098605539,-0.0136,1.5104,-0.0938,1.513
6.099956308,0.0137,1.5619,-0.1180,1.566
6.101826846,0.0401,1.6186,-0.1102,1.623
6.104368616,0.0638,1.6774,-0.0899,1.681
6.107533,0.0787,1.7322,-0.0574,1.735
6.109342769,0.0972,1.7818,-0.0061,1.784
6.111760692,0.1160,1.8158,0.0527,1.820
6.113972308,0.1446,1.8353,0.1125,1.844
6.116143077,0.1730,1.8402,0.1534,1.855
6.118546846,0.2038,1.8319,0.1737,1.851
6.124088692,0.2548,1.8078,0.1976,1.836
6.124502846,0.3166,1.7750,0.2093,1.815
6.125833539,0.3774,1.7364,0.2025,1.788
6.128573539,0.4422,1.6846,0.1886,1.752
6.132685846,0.4994,1.6252,0.1670,1.708
6.133318539,0.5543,1.5634,0.1441,1.665
6.135623154,0.6081,1.4925,0.0940,1.614
6.139348616,0.6626,1.4386,0.0642,1.585
6.140248923,0.7019,1.3823,-0.0227,1.551
6.143131154,0.7330,1.3245,-0.1155,1.518
6.145373846,0.7659,1.2626,-0.1969,1.490
6.147751154,0.8094,1.2062,-0.2653,1.477
6.150320308,0.8653,1.1664,-0.3240,1.488
6.152531769,0.9166,1.1234,-0.3633,1.495
6.155211385,0.9508,1.0809,-0.3562,1.483
6.157302154,0.9956,1.0518,-0.3430,1.488
6.159674539,1.0419,1.0313,-0.3377,1.504
6.162335385,1.0771,1.0279,-0.3559,1.531
6.164787077,1.1072,1.0379,-0.4006,1.570
6.166772616,1.1416,1.0489,-0.4591,1.617
6.169676308,1.2005,1.0640,-0.5022,1.681
6.171755462,1.2394,1.0894,-0.5334,1.734
6.174080385,1.2431,1.1312,-0.5629,1.772
6.176645616,1.2199,1.1796,-0.5858,1.795
6.180081231,1.1817,1.2336,-0.5935,1.808
6.181539692,1.1265,1.2942,-0.5623,1.806
6.183684077,1.0510,1.3384,-0.5001,1.774
6.186271462,0.9450,1.3785,-0.4412,1.729
6.188721923,0.8036,1.4132,-0.4004,1.674
6.190900616,0.6657,1.4393,-0.3929,1.634
6.194311462,0.5150,1.4552,-0.4073,1.596
6.196974846,0.3489,1.4654,-0.4295,1.566
6.198278769,0.1774,1.4647,-0.4644,1.547
6.200749231,0.0181,1.4645,-0.5313,1.558
6.203421923,-0.1306,1.4505,-0.6317,1.587
6.206224923,-0.2711,1.4332,-0.7454,1.638
6.208660923,-0.3943,1.4175,-0.8096,1.679
6.210600385,-0.4774,1.4170,-0.8246,1.708
6.213260308,-0.6065,1.4633,-0.8553,1.800
6.215033308,-0.7746,1.5082,-0.8756,1.908
6.217859462,-0.9710,1.5590,-0.8879,2.040
6.224616923,-1.2240,1.6138,-0.8688,2.204
6.225862846,-1.4714,1.6658,-0.7931,2.360
6.226363462,-1.6920,1.7076,-0.6487,2.490
6.228568,-1.9109,1.7615,-0.4691,2.641
6.233210231,-2.2305,1.7965,-0.3872,2.890
6.233798154,-2.4736,1.8270,-0.1991,3.082
6.234477,-2.5934,1.8644,0.0962,3.195
6.241249308,-2.6368,1.8784,0.3620,3.258
6.241902846,-2.6038,1.8619,0.5266,3.244
6.242307769,-2.4707,1.8153,0.6039,3.125
6.244358462,-2.2449,1.7471,0.6242,2.912
6.246791077,-2.0050,1.6834,0.5729,2.680
6.249022231,-1.7602,1.6033,0.4600,2.425
6.252355462,-1.5406,1.5561,0.3214,2.213
6.254548616,-1.3558,1.5272,0.1939,2.051
6.256082462,-1.1504,1.4759,-0.0340,1.872
6.258436,-0.9782,1.4237,-0.2406,1.744
6.261220616,-0.7907,1.4056,-0.3799,1.657
6.263877616,-0.6300,1.3985,-0.4982,1.613
6.265922231,-0.5213,1.4060,-0.6081,1.618
6.268536308,-0.3830,1.4016,-0.7176,1.621
6.270989846,-0.2723,1.4021,-0.7437,1.610
6.272935077,-0.2268,1.4298,-0.6562,1.589
6.275719769,-0.1861,1.4535,-0.5656,1.571
6.278083154,-0.1431,1.4677,-0.4826,1.552
6.280697616,-0.0938,1.4828,-0.4281,1.546
6.282827769,-0.0644,1.4882,-0.4034,1.543
6.285277923,-0.0768,1.4787,-0.3776,1.528
6.287607692,-0.0998,1.4745,-0.3899,1.528
6.289966154,-0.1213,1.4706,-0.4344,1.538
6.292443385,-0.1688,1.4475,-0.4666,1.530
6.296071462,-0.1765,1.4219,-0.3274,1.470
6.297062846,-0.1973,1.4190,-0.2257,1.450
6.299493308,-0.2112,1.4126,-0.1793,1.440
6.302102769,-0.2128,1.3939,-0.1463,1.418
6.304545308,-0.2264,1.3685,-0.1416,1.394
6.307038539,-0.2289,1.3374,-0.1393,1.364
6.309974462,-0.2119,1.2988,-0.1698,1.327
6.312656077,-0.1956,1.2624,-0.2138,1.295
6.314112385,-0.1921,1.2236,-0.2485,1.263
6.316677923,-0.1795,1.1913,-0.2550,1.231
6.320597,-0.1521,1.1426,-0.2573,1.181
6.321435385,-0.1345,1.1002,-0.2658,1.140
6.323849,-0.1236,1.0674,-0.2690,1.108
6.326826846,-0.1159,1.0322,-0.2623,1.071
6.332649846,-0.1094,1.0012,-0.2639,1.041
6.333683769,-0.1152,0.9739,-0.2685,1.017
6.334451385,-0.1362,0.9543,-0.2692,1.001
6.335807385,-0.1511,0.9353,-0.2573,0.982
6.340941,-0.1632,0.9126,-0.3171,0.980
6.341573539,-0.1611,0.8928,-0.3168,0.961
6.343232,-0.1734,0.8791,-0.3070,0.947
6.348639462,-0.1930,0.8733,-0.2956,0.942
6.349318539,-0.1937,0.8642,-0.2707,0.926
6.350437231,-0.1849,0.8535,-0.2333,0.904
6.353951077,-0.1670,0.8402,-0.1908,0.878
6.354907385,-0.1446,0.8253,-0.1521,0.852
6.357388,-0.1169,0.8046,-0.1167,0.821
6.360130231,-0.0861,0.7713,-0.0836,0.781
6.363418769,-0.0561,0.7361,-0.0633,0.741
6.364649846,-0.0192,0.7014,-0.0371,0.703
6.368024385,0.0156,0.6678,-0.0222,0.668
6.370211692,0.0517,0.6213,-0.0034,0.623
6.371930846,0.0762,0.5824,0.0104,0.588
6.374473616,0.1011,0.5409,0.0207,0.551
6.378492,0.1221,0.4976,0.0272,0.513
6.379216616,0.1385,0.4557,0.0272,0.477
6.381664923,0.1493,0.4163,0.0131,0.442
6.384337539,0.1591,0.3790,0.0011,0.411
6.386549923,0.1603,0.3443,-0.0117,0.380
6.388751385,0.1583,0.3164,-0.0203,0.354
6.391406231,0.1632,0.2868,-0.0293,0.331
6.394454462,0.1498,0.2678,-0.0384,0.309
6.395947385,0.1530,0.2390,-0.0484,0.288
6.398490154,0.1470,0.2148,-0.0615,0.267
6.402219692,0.1376,0.1887,-0.0620,0.242
6.404505539,0.1195,0.1669,-0.0530,0.212
6.405659769,0.1090,0.1471,-0.0412,0.188
6.408080692,0.1013,0.1312,-0.0317,0.169
6.411448692,0.0969,0.1190,-0.0244,0.155
6.412813923,0.0955,0.1085,-0.0142,0.145
6.415360308,0.0913,0.1029,-0.0032,0.138
6.417860692,0.0962,0.1019,0.0048,0.140
6.420238462,0.1036,0.0955,-0.0046,0.141
6.422589,0.1050,0.0919,-0.0276,0.142
6.425535462,0.1155,0.0932,-0.0324,0.152
6.430997231,0.1344,0.0970,-0.0191,0.167
6.431746769,0.1566,0.1088,0.0090,0.191
6.432215692,0.1703,0.1279,0.0244,0.214
6.439777616,0.1707,0.1493,0.0297,0.229
6.440182154,0.1926,0.1657,0.0083,0.254
6.440370846,0.2031,0.1823,-0.0063,0.273
6.442696692,0.2052,0.2029,-0.0217,0.289
6.447232616,0.2135,0.2172,-0.0473,0.308
6.447593,0.2194,0.2274,-0.0679,0.323
6.449279077,0.2243,0.2348,-0.0806,0.335
6.45192,0.2238,0.2421,-0.0806,0.339
6.453853616,0.2152,0.2512,-0.0857,0.342
6.456643077,0.1982,0.2570,-0.0836,0.335
6.459413539,0.1810,0.2639,-0.0820,0.330
6.461974846,0.1570,0.2637,-0.0755,0.316
6.464133846,0.1270,0.2597,-0.0603,0.295
6.466221,0.0877,0.2541,-0.0459,0.273
6.469691154,0.0347,0.2539,-0.0638,0.264
6.470833616,-0.0190,0.2527,-0.0684,0.262
6.473476,-0.0544,0.2439,-0.0666,0.259
6.476592,-0.0986,0.2343,-0.1016,0.274
6.478265923,-0.1490,0.2302,-0.1090,0.295
6.480553616,-0.1954,0.2214,-0.1009,0.312
6.483412923,-0.2320,0.2138,-0.0923,0.329
6.485578231,-0.2601,0.2064,-0.0801,0.342
6.487718154,-0.2841,0.1976,-0.0642,0.352
6.490294462,-0.3029,0.1936,-0.0589,0.364
6.492703385,-0.3302,0.1920,-0.0547,0.386
6.496071385,-0.3544,0.1896,-0.0486,0.405
6.497369,-0.3759,0.1826,-0.0435,0.420
6.499893846,-0.3906,0.1718,-0.0268,0.428
6.502255385,-0.4003,0.1566,-0.0049,0.430
6.504828923,-0.4092,0.1347,0.0200,0.431
6.507113923,-0.4099,0.1102,0.0402,0.426
6.510381846,-0.4125,0.0860,0.0539,0.425
6.511831462,-0.4182,0.0599,0.0558,0.426
6.515250231,-0.4177,0.0289,0.0490,0.422
6.516718462,-0.4229,0.0040,0.0390,0.425
6.519441231,-0.4341,-0.0145,0.0400,0.436
6.521633308,-0.4507,-0.0272,0.0668,0.456
6.523910231,-0.4781,-0.0341,0.0866,0.487
6.530555154,-0.5120,-0.0338,0.1001,0.523
6.531745923,-0.5475,-0.0297,0.1089,0.559
6.532206231,-0.5821,-0.0160,0.1115,0.593
6.533620923,-0.6190,0.0071,0.1076,0.628
6.538715769,-0.6556,0.0269,0.0869,0.662
6.539469,-0.6938,0.0492,0.0522,0.697
6.541942846,-0.7331,0.0767,0.0099,0.737
6.546517616,-0.7661,0.1058,-0.0388,0.774
6.547496923,-0.7966,0.1317,-0.0948,0.813
6.548002769,-0.8245,0.1596,-0.1421,0.852
6.551201616,-0.8494,0.1828,-0.1940,0.890
6.552637846,-0.8665,0.2008,-0.2492,0.924
6.555263692,-0.8797,0.2180,-0.3000,0.955
6.557631462,-0.9139,0.2278,-0.3506,1.005
6.560456385,-0.9533,0.2318,-0.4097,1.063
6.562589539,-1.0021,0.2395,-0.4581,1.128
6.565001846,-1.0651,0.2488,-0.4954,1.201
6.567999692,-1.1462,0.2534,-0.5460,1.295
6.569763769,-1.2286,0.2485,-0.5721,1.378
6.572005,-1.3229,0.2507,-0.5819,1.467
6.574935385,-1.4192,0.2553,-0.5627,1.548
6.577730462,-1.5093,0.2654,-0.5269,1.621
6.580008616,-1.5965,0.2763,-0.4793,1.690
6.582108077,-1.6715,0.2930,-0.4263,1.750
6.584165923,-1.7306,0.3122,-0.3466,1.792
6.586388077,-1.7753,0.3350,-0.2651,1.826
6.588893,-1.8005,0.3609,-0.2054,1.848
6.591396616,-1.8096,0.4032,-0.1661,1.861
6.593801308,-1.7672,0.4481,-0.1321,1.828
6.596312308,-1.7131,0.4862,-0.0659,1.782
6.598974539,-1.6224,0.5106,-0.0825,1.703
6.601630231,-1.4853,0.5041,-0.1444,1.575
6.603500692,-1.4118,0.4999,-0.1595,1.506
6.606573,-1.3568,0.4906,-0.1654,1.452
6.608420923,-1.2825,0.4582,-0.1600,1.371
6.610644077,-1.2037,0.3932,-0.1768,1.279
6.613279385,-1.1350,0.2977,-0.3035,1.212
6.615850539,-1.0541,0.1293,-0.5253,1.185
6.618332308,-0.9698,-0.0822,-0.7041,1.201
6.620407077,-0.9244,-0.2754,-0.8551,1.289
6.623304308,-0.9620,-0.4289,-1.0410,1.481
6.629049846,-1.1066,-0.4939,-1.3474,1.812
6.630044693,-1.2808,-0.5547,-1.8357,2.306
6.630993616,-1.4374,-0.5864,-2.4446,2.896
6.632881308,-1.6237,-0.4196,-2.8695,3.324
6.636661616,-1.8247,-0.0734,-2.9156,3.440
6.637294539,-1.9505,0.2912,-2.6850,3.331
6.639749308,-2.0876,0.7484,-2.1463,3.086
6.644476077,-2.3065,1.3436,-1.6312,3.128
6.645404308,-2.4958,1.8912,-1.1307,3.329
6.646706462,-2.7458,2.4373,-0.6682,3.732
6.650268308,-3.0788,3.0359,-0.1378,4.326
6.652010539,-3.3069,3.4854,0.7495,4.863
6.654217,-3.3138,3.6391,1.5240,5.152
6.656532616,-3.0732,3.5470,2.4788,5.308
6.659797308,-2.6432,3.2888,3.3204,5.369
6.661360077,-2.1047,2.9892,3.8706,5.324
6.663914539,-1.5816,2.7300,3.8745,4.997
6.667358231,-1.1271,2.5262,3.9756,4.843
6.668514462,-0.7656,2.3496,3.4084,4.210
6.671020616,-0.4455,2.1779,2.2926,3.193
6.673364,0.0574,1.8693,0.5007,1.936
6.676286231,0.4754,1.5519,-0.3454,1.659
6.678182769,0.8165,1.1928,-0.7818,1.643
6.680642769,1.0368,0.8544,-1.1283,1.754
6.683416,1.1416,0.5602,-1.4901,1.959
6.685400693,1.2038,0.1962,-2.0584,2.393
6.687908693,1.4134,-0.3793,-2.3928,2.805
6.691975693,1.4316,-0.7616,-2.5602,3.031
6.692974769,1.3005,-0.9463,-2.5394,3.006
6.695353846,1.0642,-0.9600,-2.5674,2.940
6.697759769,0.7097,-0.8325,-2.3740,2.614
6.700071154,0.3667,-0.6495,-2.0510,2.182
6.703164,0.0933,-0.4443,-1.6943,1.754
6.704899077,-0.1676,-0.2083,-1.3764,1.402
6.708627769,-0.3698,0.0257,-1.0924,1.154
6.709646231,-0.2972,0.1635,-0.8646,0.929
6.712033539,-0.3598,0.2446,-0.5426,0.696
6.714859693,-0.3519,0.2651,-0.3184,0.544
6.716924616,-0.4924,0.5449,-0.0825,0.739
6.719202539,-0.5806,0.7575,0.0346,0.955
6.721982539,-0.6286,0.9062,0.1382,1.112
6.729296923,-0.6540,1.0303,0.2648,1.249
6.730325539,-0.6701,1.1559,0.3519,1.382
6.730619769,-0.6747,1.2678,0.4155,1.495
6.731112693,-0.6977,1.3765,0.4595,1.610
6.735928,-0.7502,1.4920,0.4707,1.735
6.736592308,-0.8194,1.6105,0.4798,1.870
6.738787693,-0.9188,1.7374,0.4446,2.015
6.744271693,-1.0329,1.8365,0.3588,2.137
6.744925846,-1.1211,1.8886,0.2543,2.211
6.745621231,-1.1860,1.8874,0.1326,2.233
6.748174154,-1.2281,1.8241,-0.0219,2.199
6.750409231,-1.2464,1.7034,-0.1854,2.119
6.753102846,-1.2522,1.5476,-0.3193,2.016
6.756490462,-1.2601,1.3843,-0.4212,1.919
6.758136616,-1.2587,1.2236,-0.4940,1.824
6.760336385,-1.2647,1.0978,-0.5331,1.757
6.762679769,-1.2633,0.9956,-0.5360,1.695
6.766118462,-1.2645,0.9187,-0.5145,1.645
6.767640077,-1.2520,0.8644,-0.4549,1.588
6.769872616,-1.2266,0.8281,-0.3618,1.524
6.772372,-1.1755,0.8148,-0.2534,1.453
6.775179077,-1.1128,0.8092,-0.1405,1.383
6.777037923,-1.0472,0.8092,-0.0371,1.324
6.779895154,-0.9601,0.8085,0.0468,1.256
6.782837231,-0.8587,0.8050,0.0933,1.181
6.784423693,-0.7534,0.8041,0.1055,1.107
6.787104693,-0.6684,0.8253,0.0882,1.066
6.789357,-0.5548,0.8219,0.0663,0.994
6.791558231,-0.4402,0.8172,0.0312,0.929
6.793985539,-0.3337,0.8165,-0.0098,0.882
6.796937846,-0.2528,0.8214,-0.0461,0.861
6.799421539,-0.1624,0.8216,-0.0957,0.843
6.801190462,-0.1033,0.8329,-0.1365,0.850
6.804516308,-0.0637,0.8449,-0.1913,0.869
6.806869846,-0.0417,0.8568,-0.2548,0.895
6.809624923,-0.0527,0.8801,-0.2963,0.930
6.810895385,-0.0771,0.9084,-0.3291,0.969
6.813795462,-0.1115,0.9378,-0.3550,1.009
6.816007693,-0.1511,0.9639,-0.3671,1.042
6.817942846,-0.2037,0.9932,-0.3611,1.076
6.820717539,-0.2567,1.0257,-0.3413,1.111
6.827060923,-0.3083,1.0531,-0.3091,1.140
6.828080693,-0.3544,1.0813,-0.2732,1.170
6.828643077,-0.3889,1.1002,-0.2355,1.190
6.830228385,-0.4111,1.1104,-0.2110,1.203
6.834408616,-0.4189,1.1116,-0.1996,1.205
6.834981308,-0.4143,1.1076,-0.1935,1.198
6.837292077,-0.4031,1.0990,-0.1942,1.187
6.844275769,-0.3903,1.0821,-0.2052,1.169
6.845241923,-0.3779,1.0662,-0.2240,1.153
6.845498231,-0.3574,1.0469,-0.2423,1.132
6.847676693,-0.3361,1.0261,-0.2516,1.109
6.849277308,-0.3178,1.0117,-0.2621,1.092
6.852052923,-0.3065,0.9958,-0.2746,1.078
6.854720308,-0.2999,0.9809,-0.2797,1.063
6.857755385,-0.2960,0.9788,-0.2772,1.059
6.859044,-0.2950,0.9697,-0.2665,1.048
6.861995385,-0.2999,0.9629,-0.2518,1.039
6.865083769,-0.3119,0.9560,-0.2338,1.032
6.866240923,-0.3290,0.9536,-0.2228,1.033
6.868903385,-0.3488,0.9465,-0.2133,1.031
6.871282769,-0.3728,0.9418,-0.2110,1.035
6.874092,-0.3908,0.9331,-0.2162,1.034
6.875886462,-0.4031,0.9277,-0.2220,1.036
6.878541539,-0.4157,0.9180,-0.2240,1.032
6.881901539,-0.4245,0.9082,-0.2194,1.026
6.883118846,-0.4336,0.9033,-0.2133,1.024
6.885785616,-0.4336,0.8935,-0.2145,1.016
6.888369231,-0.4287,0.8903,-0.2218,1.013
6.891037846,-0.4229,0.8873,-0.2220,1.008
6.893867385,-0.4104,0.8898,-0.2264,1.006
6.895531769,-0.3910,0.8954,-0.2338,1.005
6.898848308,-0.3724,0.9023,-0.2341,1.004
6.899929539,-0.3488,0.9089,-0.2421,1.003
6.902875769,-0.3293,0.9113,-0.2478,1.000
6.906607385,-0.3097,0.9211,-0.2526,1.004
6.907766539,-0.2943,0.9223,-0.2565,1.002
6.909876,-0.2831,0.9301,-0.2580,1.006
6.914993308,-0.2738,0.9369,-0.2583,1.010
6.916121846,-0.2711,0.9385,-0.2555,1.010
6.916881923,-0.2718,0.9348,-0.2585,1.007
6.919380693,-0.2684,0.9274,-0.2648,1.001
6.925474231,-0.2625,0.9201,-0.2651,0.993
6.926465539,-0.2599,0.9084,-0.2678,0.982
6.927482846,-0.2555,0.9001,-0.2697,0.974
6.930586539,-0.2538,0.8898,-0.2732,0.965
6.934641616,-0.2596,0.8830,-0.2704,0.959
6.935798769,-0.2599,0.8781,-0.2768,0.957
6.936488693,-0.2543,0.8724,-0.2783,0.950
6.941882769,-0.2445,0.8691,-0.2758,0.944
6.942966539,-0.2330,0.8659,-0.2729,0.937
6.943480077,-0.2268,0.8681,-0.2699,0.937
6.948268308,-0.2110,0.8649,-0.2744,0.932
6.951836616,-0.1944,0.8712,-0.2809,0.936
6.952059693,-0.1805,0.8779,-0.2900,0.942
6.953585616,-0.1665,0.8824,-0.2981,0.946
6.955633846,-0.1580,0.8852,-0.3049,0.949
6.957878462,-0.1467,0.8891,-0.3117,0.954
6.960368616,-0.1397,0.8935,-0.3228,0.960
6.962785846,-0.1341,0.8933,-0.3296,0.962
6.965261616,-0.1277,0.8920,-0.3333,0.961
6.967509308,-0.1226,0.8864,-0.3389,0.957
6.970702462,-0.1162,0.8786,-0.3379,0.948
6.973417,-0.1145,0.8686,-0.3352,0.938
6.974699154,-0.1111,0.8576,-0.3312,0.926
6.977713308,-0.1125,0.8454,-0.3277,0.914
6.980642539,-0.1131,0.8368,-0.3237,0.904
6.982073,-0.1206,0.8276,-0.3163,0.894
6.984472693,-0.1211,0.8200,-0.3086,0.884
6.986933539,-0.1167,0.8126,-0.2970,0.873
6.989425308,-0.1113,0.8060,-0.2858,0.862
6.991717308,-0.0991,0.7978,-0.2873,0.854
6.994362846,-0.0986,0.7960,-0.2692,0.846
6.997295462,-0.0896,0.7974,-0.2441,0.839
6.998965231,-0.0805,0.8043,-0.2284,0.840
7.001321923,-0.1091,0.8232,-0.2071,0.856
7.003802231,-0.1446,0.8532,-0.1908,0.886
7.006607077,-0.1382,0.8512,-0.2098,0.888
7.015198231,-0.1106,0.8434,-0.2631,0.890
7.015854231,-0.0893,0.8400,-0.2020,0.869
7.016835769,-0.0698,0.8432,-0.1470,0.859
7.017791462,-0.0661,0.8493,-0.1812,0.871
7.018592,-0.0124,0.8388,-0.2499,0.875
7.020697616,0.0049,0.8581,-0.2087,0.883
7.022892616,0.0349,0.8654,-0.2257,0.895
7.025329923,0.0608,0.8742,-0.2707,0.917
7.027890231,0.0829,0.8822,-0.2930,0.933
7.031537308,0.0926,0.8947,-0.2934,0.946
7.032465846,0.0957,0.9057,-0.3070,0.961
7.034951385,0.0885,0.9124,-0.3232,0.972
7.037876077,0.0752,0.9182,-0.3159,0.974
7.039607077,0.0508,0.9248,-0.3017,0.974
7.042141923,0.0183,0.9285,-0.2956,0.975
7.044703154,-0.0216,0.9282,-0.2895,0.973
7.047260693,-0.0605,0.9264,-0.2802,0.970
7.049390154,-0.0957,0.9216,-0.2744,0.966
7.051912693,-0.1297,0.9124,-0.2802,0.963
7.054381923,-0.1587,0.9038,-0.2834,0.960
7.056562769,-0.1834,0.8950,-0.2729,0.953
7.059143385,-0.2010,0.8879,-0.2585,0.946
7.061808693,-0.2166,0.8854,-0.2392,0.942
7.063944923,-0.2228,0.8835,-0.2189,0.937
7.066458539,-0.2163,0.8849,-0.2077,0.934
7.068771693,-0.1995,0.8808,-0.2006,0.925
7.071211385,-0.1772,0.8798,-0.1840,0.916
7.073356385,-0.1732,0.8891,-0.1439,0.917
7.075988923,-0.1821,0.9026,-0.1329,0.930
7.078834539,-0.2044,0.9241,-0.1127,0.953
7.080779154,-0.2235,0.9404,-0.1302,0.975
7.083052,-0.2313,0.9590,-0.1321,0.995
7.087175077,-0.2423,0.9783,-0.1537,1.019
7.088094769,-0.2503,1.0017,-0.1324,1.041
7.090351769,-0.2528,1.0237,-0.1116,1.060
7.092982462,-0.2652,1.0443,-0.0820,1.081
7.095888693,-0.2601,1.0594,-0.0782,1.094
7.097469616,-0.2440,1.0697,-0.0724,1.100
7.100144,-0.2110,1.0736,-0.0999,1.099
7.102451462,-0.1725,1.0725,-0.1316,1.094
7.104896693,-0.1355,1.0720,-0.1573,1.092
7.107334769,-0.1096,1.0836,-0.1637,1.101
7.109948693,-0.0786,1.0931,-0.1859,1.112
7.112172077,-0.0439,1.1036,-0.1905,1.121
7.114449616,-0.0121,1.1088,-0.2025,1.127
7.116863385,0.0168,1.1104,-0.2196,1.132
7.119412308,0.0271,1.1190,-0.2224,1.141
7.121747154,-0.0109,1.1390,-0.2592,1.168
7.124093308,-0.0700,1.1622,-0.2438,1.190
7.126523769,-0.0468,1.1633,-0.2089,1.183
7.130789846,-0.0830,1.1882,-0.2343,1.214
7.131439462,-0.1035,1.2026,-0.2509,1.233
7.134001846,-0.1089,1.1964,-0.2536,1.228
7.139016,-0.0715,1.1761,-0.2345,1.201
7.139359154,-0.0272,1.1579,-0.2189,1.179
7.141109,0.0034,1.1449,-0.2240,1.167
7.143624616,0.0005,1.1414,-0.2676,1.172
7.145943693,-0.0290,1.1491,-0.3039,1.189
7.148535769,-0.0537,1.1588,-0.2768,1.193
7.150690846,-0.0768,1.1654,-0.2623,1.197
7.153428923,-0.1101,1.1671,-0.2665,1.202
7.155436,-0.1499,1.1728,-0.2819,1.215
7.157956923,-0.2007,1.1822,-0.2658,1.228
7.160395385,-0.2447,1.1876,-0.2732,1.243
7.162992077,-0.2775,1.1735,-0.2658,1.235
7.165653,-0.2948,1.1708,-0.2531,1.234
7.168868385,-0.3551,1.2008,-0.2101,1.270
7.170887154,-0.3628,1.1945,-0.1595,1.259
7.172552,-0.3515,1.1806,-0.1106,1.237
7.175219693,-0.3486,1.1906,-0.0804,1.243
7.179112077,-0.3537,1.2136,-0.0642,1.266
7.180328077,-0.3615,1.2523,-0.0666,1.305
7.182296077,-0.3754,1.3117,-0.0545,1.365
7.184683693,-0.3435,1.3079,-0.0070,1.352
7.187249616,-0.2995,1.2998,0.0223,1.334
7.189305308,-0.2528,1.2973,0.0334,1.322
7.192013308,-0.2249,1.2939,0.0148,1.313
7.194457616,-0.2166,1.2868,-0.0068,1.305
7.196661231,-0.2161,1.2830,-0.0324,1.301
7.199203154,-0.2173,1.2879,-0.0550,1.307
7.201589616,-0.2159,1.3017,-0.0752,1.322
7.203974539,-0.2328,1.3198,-0.0840,1.343
7.206397539,-0.2420,1.3494,-0.0774,1.373
7.208874769,-0.2587,1.3826,-0.0615,1.408
7.211891077,-0.2906,1.4051,-0.0384,1.435
7.213437616,-0.3324,1.4283,-0.0093,1.466
7.215886769,-0.3671,1.4481,0.0309,1.494
7.220233846,-0.4001,1.4710,0.0493,1.525
7.221620923,-0.4136,1.4810,0.0607,1.539
7.223226846,-0.4145,1.4864,0.0570,1.544
7.226180693,-0.4067,1.5013,0.0370,1.556
7.232865616,-0.3835,1.5182,0.0160,1.566
7.233841,-0.3444,1.5432,-0.0037,1.581
7.234648077,-0.2938,1.5812,-0.0200,1.608
7.235248,-0.2389,1.6215,-0.0239,1.639
7.241790539,-0.1914,1.6641,-0.0203,1.675
7.242644,-0.1587,1.7046,-0.0075,1.712
7.243026154,-0.1343,1.7540,-0.0046,1.759
7.249112,-0.1123,1.8038,0.0000,1.807
7.249646154,-0.0879,1.8556,0.0067,1.858
7.250033231,-0.0595,1.9098,0.0141,1.911
7.252854539,-0.0163,1.9469,0.0414,1.947
7.254439385,0.0239,1.9692,0.0891,1.971
7.256851077,0.0647,1.9785,0.1213,1.983
7.259328385,0.0975,1.9751,0.1423,1.983
7.261872077,0.1314,1.9492,0.1844,1.962
7.264392923,0.1532,1.8994,0.2247,1.919
7.266913616,0.1681,1.8375,0.2305,1.860
7.268961231,0.1901,1.7591,0.1912,1.780
7.271307769,0.2189,1.6814,0.1231,1.700
7.274569539,0.2394,1.6133,0.0239,1.631
7.276282154,0.2518,1.5497,-0.0747,1.572
7.279242154,0.2619,1.4940,-0.1686,1.526
7.281118462,0.2781,1.4417,-0.2587,1.491
7.284245616,0.2914,1.3958,-0.3466,1.467
7.286780077,0.3176,1.3536,-0.4172,1.452
7.288854231,0.3447,1.3049,-0.4549,1.424
7.290746154,0.3776,1.2568,-0.4903,1.401
7.294277308,0.4192,1.2111,-0.5414,1.391
7.295394231,0.4640,1.1605,-0.5602,1.370
7.298104923,0.5038,1.1124,-0.5609,1.344
7.300624693,0.5341,1.0767,-0.5580,1.325
7.302990846,0.5634,1.0494,-0.5621,1.317
7.305324385,0.5995,1.0330,-0.5707,1.324
7.307695462,0.6274,1.0242,-0.5895,1.338
7.310678539,0.6508,1.0254,-0.6340,1.370
7.312449308,0.6655,1.0335,-0.6831,1.406
7.314782846,0.6718,1.0489,-0.7158,1.437
7.317363154,0.6604,1.0547,-0.7324,1.444
7.319746231,0.6431,1.0618,-0.7393,1.445
7.322012077,0.6235,1.0669,-0.7363,1.438
7.324735769,0.5842,1.0799,-0.6892,1.408
7.331879154,0.5399,1.0911,-0.5763,1.347
7.332486462,0.4805,1.1112,-0.4922,1.307
7.332800923,0.3946,1.1363,-0.3880,1.264
7.334143077,0.2795,1.1581,-0.2695,1.221
7.340053539,0.1451,1.1808,-0.1546,1.200
7.340437616,-0.0046,1.2077,-0.0505,1.209
7.342161,-0.1619,1.2323,0.0283,1.243
7.349733,-0.2745,1.2421,0.0857,1.275
7.350565539,-0.3938,1.2387,0.1236,1.306
7.350882539,-0.4981,1.2392,0.1483,1.344
7.351155385,-0.6239,1.2424,0.1590,1.399
7.353490462,-0.7884,1.2553,0.1585,1.491
7.355812693,-0.9247,1.3240,0.1223,1.620
7.358872,-1.0575,1.4058,-0.0046,1.759
7.361065308,-1.2589,1.4214,-0.0997,1.901
7.363036385,-1.4990,1.4330,-0.1465,2.079
7.365612923,-1.7595,1.4449,-0.1439,2.281
7.368460385,-2.2027,1.4901,-0.0305,2.660
7.370154231,-2.5501,1.5077,0.1091,2.964
7.372545923,-2.7614,1.4943,0.1632,3.144
7.375143462,-2.8438,1.4764,0.2220,3.212
7.377634231,-2.9065,1.4779,0.3011,3.275
7.380113,-2.8601,1.4674,0.2801,3.227
7.382771154,-2.7003,1.4307,0.2457,3.066
7.385577308,-2.4401,1.4076,0.2012,2.824
7.387213923,-2.1262,1.3809,0.1171,2.538
7.389974231,-1.8823,1.3818,0.0852,2.337
7.393353539,-1.6547,1.3858,-0.0056,2.158
7.394655154,-1.4651,1.3955,-0.0679,2.024
7.397022231,-1.2750,1.3892,-0.1437,1.891
7.401918769,-1.1191,1.3992,-0.2760,1.813
7.402797539,-1.0148,1.4273,-0.3249,1.781
7.404518154,-0.9424,1.4649,-0.3584,1.778
7.406635769,-0.8643,1.4843,-0.4759,1.782
7.410121,-0.7779,1.5077,-0.6669,1.823
7.411290231,-0.6517,1.5006,-0.7391,1.795
7.41384,-0.5133,1.4906,-0.7600,1.750
7.416222462,-0.4180,1.4845,-0.7761,1.726
7.418725923,-0.3190,1.4936,-0.7237,1.690
7.421008308,-0.2528,1.4799,-0.6821,1.649
7.424069539,-0.1883,1.4645,-0.6440,1.611
7.430784616,-0.1087,1.4447,-0.6196,1.576
7.431670462,-0.0211,1.4161,-0.6203,1.546
7.432110154,0.0838,1.3841,-0.6135,1.516
7.433243462,0.1649,1.3594,-0.6028,1.496
7.437777231,0.2164,1.3350,-0.5966,1.478
7.438439462,0.2746,1.2968,-0.5927,1.452
7.440887154,0.3291,1.2621,-0.5744,1.425
7.446257616,0.3736,1.2269,-0.5250,1.386
7.446605616,0.4209,1.1884,-0.4561,1.341
7.447799385,0.4722,1.1407,-0.3833,1.293
7.451090539,0.5167,1.0939,-0.3139,1.250
7.452168923,0.5465,1.0435,-0.2585,1.206
7.454845846,0.5756,0.9883,-0.2040,1.162
7.457113539,0.5905,0.9274,-0.2017,1.118
7.459611154,0.6003,0.8747,-0.2074,1.081
7.462111693,0.5968,0.8302,-0.2096,1.044
7.464442539,0.5881,0.7931,-0.1952,1.006
7.467530231,0.5839,0.7640,-0.1514,0.973
7.469328077,0.5656,0.7389,-0.1162,0.938
7.471552385,0.5362,0.7228,-0.1018,0.906
7.474263154,0.5185,0.6990,-0.0948,0.875
7.477122462,0.5169,0.6692,-0.1001,0.851
7.478816,0.5262,0.6287,-0.0997,0.826
7.481309616,0.5362,0.5912,-0.0820,0.802
7.483918231,0.5289,0.5644,-0.0657,0.776
7.493057,0.5133,0.5321,-0.0547,0.741
7.494601308,0.4996,0.5029,-0.0596,0.711
7.495445846,0.4974,0.4750,-0.0352,0.689
7.496255077,0.4826,0.4515,-0.0183,0.661
7.496737539,0.4842,0.4219,0.0043,0.642
7.498783462,0.4728,0.4000,0.0111,0.619
7.500738539,0.4549,0.3872,0.0062,0.597
7.502829923,0.4263,0.3836,0.0043,0.573
7.506057846,0.3906,0.3839,0.0050,0.548
7.507985308,0.3555,0.3802,-0.0112,0.521
7.510539462,0.3095,0.3783,0.0148,0.489
7.512511462,0.2639,0.3797,0.0223,0.463
7.515939077,0.2238,0.3811,0.0288,0.443
7.518740077,0.1942,0.3811,0.0490,0.431
7.519744077,0.1598,0.3821,0.0591,0.418
7.522585539,0.1344,0.3816,0.0805,0.413
7.524538539,0.0975,0.3839,0.0920,0.407
7.530952,0.0843,0.3821,0.1001,0.404
7.531496923,0.0831,0.3746,0.1020,0.397
7.538588385,0.0804,0.3702,0.0835,0.388
7.539054539,0.0752,0.3678,0.0871,0.385
7.539250462,0.0682,0.3648,0.0901,0.382
7.539445539,0.0552,0.3611,0.0817,0.374
7.547673923,0.0408,0.3572,0.0722,0.367
7.548258539,0.0447,0.3431,0.0663,0.352
7.548512923,0.0517,0.3294,0.0583,0.338
7.549011693,0.0655,0.3154,0.0451,0.325
7.551553308,0.0771,0.2984,0.0314,0.310
7.553542539,0.0850,0.2856,0.0207,0.299
7.558317616,0.0921,0.2732,0.0041,0.288
7.559625,0.0965,0.2621,-0.0078,0.279
7.561241,0.1036,0.2504,-0.0239,0.272
7.564849231,0.1018,0.2446,-0.0379,0.268
7.565414154,0.1046,0.2385,-0.0457,0.264
7.568506539,0.1004,0.2385,-0.0513,0.264
7.570745,0.0916,0.2407,-0.0550,0.263
7.572945616,0.0806,0.2441,-0.0552,0.263
7.575578231,0.0677,0.2512,-0.0515,0.265
7.577761616,0.0435,0.2581,-0.0530,0.267
7.580568308,0.0230,0.2663,-0.0517,0.272
7.583134462,-0.0065,0.2791,-0.0505,0.284
7.584901308,-0.0300,0.2893,-0.0493,0.295
7.587428308,-0.0546,0.2991,-0.0417,0.307
7.589911385,-0.0749,0.3086,-0.0361,0.320
7.592313,-0.0961,0.3157,-0.0347,0.332
7.594489539,-0.1192,0.3299,-0.0335,0.352
7.599926462,-0.1378,0.3416,-0.0274,0.369
7.600723462,-0.1543,0.3599,-0.0205,0.392
7.601688693,-0.1695,0.3739,-0.0168,0.411
7.604590154,-0.1812,0.3841,-0.0156,0.425
7.607764923,-0.1907,0.3990,-0.0114,0.442
7.609090769,-0.1976,0.4110,-0.0083,0.456
7.611406462,-0.2000,0.4219,-0.0046,0.467
7.614727385,-0.2059,0.4373,-0.0032,0.483
7.617381,-0.2100,0.4456,-0.0044,0.493
7.618557308,-0.2112,0.4579,-0.0037,0.504
7.621497616,-0.2112,0.4687,-0.0058,0.514
7.625051769,-0.2122,0.4815,-0.0042,0.526
7.626242769,-0.2175,0.4920,-0.0030,0.538
7.628218231,-0.2235,0.5048,-0.0009,0.552
7.630773846,-0.2313,0.5158,-0.0002,0.565
7.637416308,-0.2391,0.5295,-0.0017,0.581
7.638199462,-0.2430,0.5437,0.0016,0.595
7.638435154,-0.2533,0.5576,0.0053,0.612
7.644996,-0.2608,0.5649,0.0148,0.622
7.645720308,-0.2726,0.5784,0.0207,0.640
7.646007769,-0.2882,0.5864,0.0173,0.654
7.647805616,-0.3078,0.5940,0.0075,0.669
7.652625,-0.3281,0.6023,0.0036,0.686
7.653614231,-0.3479,0.6098,-0.0039,0.702
7.655246154,-0.3681,0.6118,-0.0110,0.714
7.657237616,-0.3884,0.6133,-0.0219,0.726
7.659576,-0.4076,0.6140,-0.0420,0.738
7.662105923,-0.4272,0.6120,-0.0782,0.750
7.664659462,-0.4226,0.6194,-0.0256,0.750
7.667219693,-0.4199,0.6280,-0.0251,0.756
7.669361231,-0.4241,0.6311,-0.0679,0.763
7.671803154,-0.4414,0.6336,-0.1074,0.780
7.674328,-0.4523,0.6308,-0.1353,0.788
7.676524693,-0.4555,0.6323,-0.1526,0.794
7.679107769,-0.4632,0.6340,-0.1705,0.803
7.682444616,-0.4705,0.6413,-0.1847,0.817
7.683817539,-0.4721,0.6499,-0.1971,0.827
7.686378539,-0.4729,0.6583,-0.2066,0.836
7.689368693,-0.4739,0.6709,-0.2182,0.850
7.691400693,-0.4700,0.6839,-0.2267,0.860
7.694407769,-0.4656,0.7010,-0.2338,0.873
7.696123077,-0.4534,0.7224,-0.2374,0.885
7.698711462,-0.4439,0.7430,-0.2394,0.898
7.700540077,-0.4441,0.7740,-0.2392,0.924
7.703299769,-0.4365,0.8048,-0.2343,0.945
7.705841,-0.4282,0.8421,-0.2267,0.972
7.708213539,-0.4218,0.8835,-0.2155,1.002
7.710450154,-0.4174,0.9313,-0.2196,1.044
7.713554539,-0.4050,0.9853,-0.2318,1.090
7.715937231,-0.3943,1.0474,-0.2648,1.150
7.717636308,-0.3747,1.1019,-0.2800,1.197
7.720076308,-0.3698,1.1654,-0.2768,1.254
7.722600693,-0.3862,1.2176,-0.2646,1.305
7.725073308,-0.4106,1.2742,-0.2560,1.363
7.727635462,-0.4106,1.3313,-0.2348,1.413
7.729689,-0.4220,1.3770,-0.2211,1.457
7.735858769,-0.4546,1.4090,-0.2106,1.495
7.736896077,-0.4585,1.4175,-0.2634,1.513
7.737502231,-0.4761,1.4510,-0.1722,1.537
7.744076693,-0.4753,1.4671,-0.2143,1.557
7.744569539,-0.4912,1.4940,-0.2392,1.591
7.744746154,-0.5117,1.5214,-0.2196,1.620
7.746747385,-0.5406,1.5507,-0.2228,1.657
7.751993,-0.5731,1.5761,-0.2748,1.699
7.752553308,-0.6092,1.6086,-0.3005,1.746
7.753570231,-0.6525,1.6477,-0.2919,1.796
7.756177923,-0.7060,1.6834,-0.3159,1.853
7.758448616,-0.7605,1.7126,-0.3305,1.903
7.761384385,-0.8196,1.7371,-0.3256,1.948
7.763476077,-0.8802,1.7557,-0.3112,1.989
7.766356923,-0.9549,1.7752,-0.2909,2.037
7.768470154,-1.0363,1.7857,-0.2648,2.082
7.770727769,-1.1196,1.7880,-0.2301,2.122
7.773317231,-1.2061,1.7794,-0.2047,2.159
7.775394769,-1.2953,1.7510,-0.1873,2.186
7.777892385,-1.3950,1.6983,-0.1676,2.204
7.781238462,-1.4746,1.6269,-0.1388,2.200
7.782539077,-1.5567,1.5392,-0.1118,2.192
7.785236385,-1.6002,1.4344,-0.0877,2.151
7.787487462,-1.6031,1.3169,-0.0205,2.075
7.790049539,-1.5540,1.1735,-0.0452,1.948
7.792555154,-1.4680,1.0330,-0.0484,1.796
7.794998462,-1.3642,0.9150,-0.0271,1.643
7.798056616,-1.2391,0.8307,-0.0337,1.492
7.799503693,-1.0828,0.7720,-0.0855,1.333
7.802076077,-0.9613,0.7682,-0.0168,1.231
7.806001539,-0.8665,0.7713,0.0671,1.162
7.806797539,-0.7898,0.7820,-0.0065,1.111
7.809097308,-0.7223,0.7962,-0.0188,1.075
7.812197308,-0.6635,0.8043,-0.0433,1.044
7.815054462,-0.6127,0.8123,-0.0664,1.020
7.816453846,-0.5709,0.8165,-0.0780,0.999
7.818968693,-0.5313,0.8146,-0.0715,0.975
7.822364385,-0.4966,0.8158,-0.0687,0.958
7.823639693,-0.4634,0.8114,-0.0620,0.936
7.825979077,-0.4409,0.8053,-0.0503,0.919
7.828969923,-0.4136,0.7994,-0.0428,0.901
7.835832693,-0.3813,0.8078,-0.0296,0.894
7.836681308,-0.3566,0.8183,-0.0405,0.894
7.836960308,-0.3498,0.8216,-0.0784,0.896
7.846421923,-0.3659,0.8188,-0.1307,0.906
7.847513846,-0.3923,0.8050,-0.1824,0.914
7.847812923,-0.4162,0.7882,-0.2131,0.916
7.848044,-0.4311,0.7738,-0.2028,0.909
7.848582846,-0.4362,0.7638,-0.1619,0.894
7.850114539,-0.4313,0.7535,-0.1141,0.876
7.852575154,-0.4278,0.7498,-0.0662,0.866
7.855265846,-0.4241,0.7557,-0.0379,0.867
7.858470462,-0.4262,0.7801,-0.0205,0.889
7.860045539,-0.4394,0.8253,-0.0088,0.935
7.862344923,-0.4516,0.8910,0.0000,0.999
7.864496923,-0.4621,0.9758,0.0002,1.080
7.867110846,-0.4665,1.0697,0.0525,1.168
7.869665616,-0.4463,1.1554,0.1169,1.244
7.871981539,-0.4013,1.2318,0.1514,1.304
7.874195462,-0.3386,1.2991,0.1511,1.351
7.876751462,-0.2687,1.3692,0.1399,1.402
7.880684385,-0.1976,1.4444,0.1448,1.465
7.882053539,-0.1118,1.5227,0.1830,1.538
7.884017231,0.0044,1.6166,0.2831,1.641
7.886973846,0.1412,1.7251,0.4236,1.782
7.889037231,0.2858,1.8561,0.6368,1.983
7.892379462,0.4307,2.0076,0.8909,2.238
7.893921616,0.5670,2.1481,1.0295,2.449
7.896880077,0.6841,2.2504,1.0121,2.561
7.898503385,0.6953,2.3166,0.7646,2.537
7.900775693,0.8534,2.2781,0.4380,2.472
7.903572,0.8961,2.2478,0.1201,2.423
7.906059077,1.0298,2.1439,-0.0872,2.380
7.908692308,1.2328,2.0228,-0.2714,2.384
7.910700077,1.4568,1.8973,-0.4866,2.441
7.913493,1.6191,1.7477,-0.3643,2.410
7.915365616,1.6880,1.6059,-0.1659,2.336
7.917769616,1.6671,1.4799,-0.0962,2.231
7.920330462,1.4630,1.4041,-0.1104,2.031
7.922755077,1.2438,1.3301,-0.1378,1.826
7.925036923,1.0396,1.2499,-0.2213,1.641
7.927585,0.8576,1.1361,-0.2902,1.453
7.933299077,0.7080,0.9949,-0.3393,1.267
7.934438846,0.5350,0.8723,-0.3479,1.081
7.935134154,0.3484,0.7769,-0.3281,0.912
7.941565616,0.1673,0.6872,-0.2942,0.766
7.941919077,-0.0095,0.6280,-0.2536,0.677
7.942382462,-0.1895,0.5808,-0.2089,0.646
7.945014231,-0.3637,0.5505,-0.2367,0.701
7.952384923,-0.5000,0.5372,-0.2827,0.786
7.953682231,-0.6422,0.5155,-0.3811,0.907
7.954453923,-0.8262,0.5153,-0.4837,1.087
7.955129308,-0.9332,0.5150,-0.5167,1.185
7.956165616,-0.9771,0.4969,-0.5778,1.239
7.959028,-0.9896,0.4845,-0.6186,1.264
7.963408385,-0.9904,0.4757,-0.6631,1.283
7.964364077,-0.9825,0.4733,-0.7080,1.300
7.966220923,-0.9852,0.4828,-0.7507,1.329
7.968318231,-0.9948,0.5170,-0.7943,1.374
7.970905846,-1.0321,0.5842,-0.8074,1.435
7.973377923,-1.1115,0.6800,-0.7481,1.502
7.97565477,-1.2181,0.8083,-0.6855,1.615
7.978925846,-1.3321,0.9576,-0.5035,1.716
7.980230231,-1.4619,1.1354,-0.3545,1.885
7.982944923,-1.6207,1.3112,-0.2462,2.099
7.985399077,-1.7770,1.4512,-0.1439,2.299
7.987896077,-1.9137,1.5421,-0.0396,2.458
7.990100693,-2.0104,1.5874,0.0635,2.562
7.992662154,-2.0544,1.5884,0.1714,2.602
7.996186462,-2.0483,1.5451,0.2418,2.577
7.997545231,-1.9376,1.4689,0.2496,2.444
7.999646231,-1.7299,1.3911,0.2524,2.234
8.004368385,-1.5347,1.3415,0.2426,2.053
8.005292616,-1.3558,1.2874,0.2305,1.884
8.007400385,-1.1714,1.2162,0.2249,1.704
8.009341231,-0.9877,1.1342,0.1886,1.516
8.012204077,-0.8052,1.0499,0.1264,1.329
8.014225231,-0.6286,0.9688,0.0437,1.156
8.016646231,-0.4774,0.8933,-0.0528,1.014
8.019798231,-0.3491,0.8309,-0.1563,0.915
8.028833846,-0.2415,0.7829,-0.2585,0.859
8.029893923,-0.1487,0.7442,-0.3442,0.833
8.030920385,-0.0632,0.7256,-0.4043,0.833
8.031865846,0.0044,0.7222,-0.4654,0.859
8.032593231,0.0647,0.7249,-0.5140,0.891
8.033727077,0.1283,0.7312,-0.5453,0.921
8.036359462,0.1884,0.7510,-0.5876,0.972
8.038274539,0.2357,0.7752,-0.6191,1.020
8.040464,0.2607,0.8083,-0.6237,1.054
8.043564077,0.2753,0.8579,-0.6093,1.088
8.04550777,0.2917,0.9126,-0.5765,1.118
8.047676693,0.3073,0.9690,-0.5274,1.145
8.050447154,0.3244,1.0203,-0.4771,1.172
8.053248,0.3384,1.0720,-0.4278,1.203
8.05487477,0.3469,1.1219,-0.4219,1.248
8.057511385,0.3562,1.1637,-0.3829,1.276
8.059920923,0.3503,1.1957,-0.3342,1.290
8.062066539,0.3489,1.2257,-0.2907,1.307
8.064873616,0.3487,1.2402,-0.2695,1.316
8.067224,0.3454,1.2411,-0.2695,1.316
8.069717,0.3394,1.2255,-0.2893,1.304
8.071861616,0.3210,1.2048,-0.3173,1.287
8.074685539,0.2883,1.1806,-0.3450,1.263
8.078098231,0.2353,1.1554,-0.3692,1.236
8.079786539,0.1747,1.1346,-0.3838,1.210
8.082017231,0.1116,1.1070,-0.3874,1.178
8.084144923,0.0449,1.0785,-0.3785,1.144
8.086535462,-0.0232,1.0528,-0.3657,1.115
8.088782846,-0.0917,1.0254,-0.3476,1.087
8.091397923,-0.1636,1.0039,-0.3371,1.072
8.095413308,-0.2347,0.9851,-0.3230,1.063
8.096131385,-0.2999,0.9702,-0.3105,1.062
8.098975462,-0.3640,0.9502,-0.2917,1.059
8.101035154,-0.4209,0.9392,-0.2709,1.064
8.103465,-0.4741,0.9262,-0.2514,1.070
8.105663462,-0.5168,0.9187,-0.2320,1.079
8.108357846,-0.5518,0.9089,-0.2145,1.085
8.111028077,-0.5746,0.9006,-0.1998,1.087
8.112934154,-0.5853,0.8922,-0.1824,1.083
8.115270231,-0.5872,0.8840,-0.1695,1.075
8.117989616,-0.5687,0.8801,-0.1532,1.059
8.120542462,-0.5408,0.8747,-0.1437,1.038
8.122730462,-0.5066,0.8789,-0.1353,1.023
8.125821539,-0.4665,0.8869,-0.1295,1.010
8.130592616,-0.4218,0.8945,-0.1278,0.997
8.131117923,-0.3608,0.8996,-0.1329,0.978
8.132765308,-0.2997,0.9031,-0.1505,0.963
8.135423462,-0.2345,0.9077,-0.1703,0.953
8.138305,-0.1697,0.9094,-0.1877,0.944
8.139761231,-0.1059,0.9131,-0.2087,0.943
8.141928923,-0.0507,0.9128,-0.2220,0.941
8.147542231,-0.0018,0.9182,-0.2331,0.947
8.148205846,0.0445,0.9206,-0.2394,0.952
8.149255154,0.0850,0.9252,-0.2480,0.962
8.152423077,0.1248,0.9264,-0.2558,0.969
8.153843154,0.1624,0.9309,-0.2546,0.979
8.156319693,0.1910,0.9353,-0.2565,0.988
8.15917577,0.2245,0.9387,-0.2900,1.008
8.161504385,0.2509,0.9399,-0.3156,1.023
8.163758539,0.2763,0.9421,-0.3154,1.031
8.167973,0.2961,0.9470,-0.3259,1.044
8.168892385,0.3163,0.9497,-0.3440,1.058
8.170688308,0.3333,0.9516,-0.3503,1.067
8.173707385,0.3403,0.9560,-0.3520,1.074
8.177371154,0.3501,0.9614,-0.3645,1.086
8.178205923,0.3574,0.9609,-0.3769,1.092
8.180485,0.3601,0.9639,-0.3806,1.097
8.183209923,0.3574,0.9621,-0.3823,1.095
8.18599477,0.3471,0.9607,-0.3843,1.091
8.188171385,0.3286,0.9651,-0.3816,1.089
8.191280693,0.3073,0.9668,-0.3755,1.082
8.194091154,0.2800,0.9668,-0.3764,1.075
8.195068385,0.2453,0.9683,-0.3764,1.067
8.197581539,0.2052,0.9712,-0.3706,1.060
8.20049477,0.1603,0.9732,-0.3620,1.051
8.202966231,0.1099,0.9732,-0.3491,1.040
8.20474677,0.0598,0.9765,-0.3328,1.033
8.207075077,0.0086,0.9751,-0.3107,1.023
8.210692077,-0.0390,0.9721,-0.2881,1.015
8.212004693,-0.0837,0.9629,-0.2683,1.003
8.214413,-0.1297,0.9518,-0.2421,0.991
8.216880385,-0.1665,0.9418,-0.2243,0.982
8.219683693,-0.2017,0.9297,-0.2128,0.975
8.221592308,-0.2347,0.9187,-0.2050,0.970
8.224772385,-0.2682,0.9136,-0.2045,0.974
8.228553,-0.2943,0.9101,-0.2074,0.979
8.229622154,-0.3160,0.9015,-0.2118,0.979
8.231173923,-0.3373,0.9023,-0.2184,0.988
8.237425,-0.3488,0.8969,-0.2267,0.989
8.238075385,-0.3547,0.8974,-0.2289,0.992
8.238419462,-0.3537,0.8962,-0.2301,0.991
8.241082846,-0.3435,0.8935,-0.2296,0.984
8.246011385,-0.3285,0.8886,-0.2292,0.975
8.246492,-0.3031,0.8879,-0.2304,0.966
8.248257308,-0.2720,0.8905,-0.2276,0.959
8.250578231,-0.2345,0.8864,-0.2218,0.943
8.252722846,-0.1968,0.8849,-0.2108,0.931
8.255368385,-0.1497,0.8847,-0.1947,0.918
8.259661846,-0.1089,0.8894,-0.1793,0.914
8.260394231,-0.0588,0.8928,-0.1630,0.909
8.262728616,-0.0114,0.8964,-0.1468,0.908
8.264977308,0.0344,0.9035,-0.1363,0.914
8.268315462,0.0745,0.9084,-0.1336,0.921
8.269671154,0.1153,0.9184,-0.1409,0.936
8.272327077,0.1542,0.9267,-0.1509,0.952
8.275355154,0.1866,0.9341,-0.1686,0.967
8.277283077,0.2167,0.9438,-0.1947,0.988
8.279621846,0.2413,0.9558,-0.2248,1.011
8.281943693,0.2614,0.9653,-0.2590,1.033
8.284642539,0.2695,0.9763,-0.2883,1.053
8.286540385,0.2732,0.9883,-0.3173,1.073
8.289271077,0.2680,1.0027,-0.3403,1.092
8.292969,0.2599,1.0179,-0.3631,1.111
8.294067385,0.2462,1.0326,-0.3762,1.126
8.29629977,0.2299,1.0464,-0.3892,1.140
8.29886277,0.2087,1.0564,-0.3943,1.147
8.301627385,0.1815,1.0596,-0.4002,1.147
8.303407693,0.1521,1.0608,-0.3985,1.143
8.306039385,0.1160,1.0567,-0.3929,1.133
8.30941177,0.0792,1.0503,-0.3806,1.120
8.310762462,0.0415,1.0433,-0.3645,1.106
8.313319077,0.0051,1.0352,-0.3420,1.090
8.315684693,-0.0290,1.0252,-0.3207,1.075
8.318240308,-0.0615,1.0105,-0.3019,1.056
8.321006154,-0.0896,0.9983,-0.2856,1.042
8.322994154,-0.1147,0.9853,-0.2751,1.029
8.326259693,-0.1308,0.9734,-0.2744,1.020
8.327528308,-0.1406,0.9607,-0.2753,1.009
8.330832,-0.1429,0.9511,-0.2748,1.000
8.333303385,-0.1365,0.9495,-0.2819,1.000
8.337065846,-0.1220,0.9418,-0.2824,0.991
8.338112923,-0.1033,0.9414,-0.2897,0.990
8.341096308,-0.0779,0.9397,-0.3010,0.990
8.345465231,-0.0458,0.9438,-0.3130,0.995
8.34597477,-0.0170,0.9502,-0.3196,1.003
8.347107693,0.0154,0.9636,-0.3149,1.014
8.354133923,0.0437,0.9753,-0.3137,1.025
8.354735077,0.0728,0.9910,-0.3100,1.041
8.354997231,0.0999,1.0044,-0.3124,1.057
8.356744308,0.1275,1.0105,-0.3171,1.067
8.359031077,0.1519,1.0179,-0.3279,1.080
8.361797539,0.1703,1.0242,-0.3417,1.093
8.364030846,0.1815,1.0326,-0.3566,1.107
8.367936308,0.1859,1.0420,-0.3704,1.121
8.368865846,0.1837,1.0518,-0.3752,1.132
8.371022462,0.1747,1.0650,-0.3794,1.144
8.373669846,0.1542,1.0787,-0.3764,1.153
8.375978462,0.1290,1.0983,-0.3680,1.165
8.378477846,0.1036,1.1193,-0.3554,1.179
8.380791154,0.0671,1.1463,-0.3361,1.196
8.383548923,0.0315,1.1708,-0.3132,1.212
8.385486231,-0.0014,1.1957,-0.2958,1.232
8.387987385,-0.0358,1.2187,-0.2839,1.252
8.390351154,-0.0693,1.2483,-0.2770,1.281
8.392736385,-0.0957,1.2886,-0.2721,1.320
8.395177539,-0.1272,1.3387,-0.2546,1.369
8.398172077,-0.1536,1.3995,-0.2252,1.426
8.400117539,-0.1814,1.4620,-0.1959,1.486
8.402785923,-0.1986,1.5150,-0.1717,1.538
8.40501177,-0.2154,1.5570,-0.1554,1.580
8.408360077,-0.2224,1.6001,-0.1542,1.623
8.409745539,-0.2242,1.6367,-0.1666,1.660
8.412204616,-0.2240,1.6714,-0.1844,1.696
8.416617616,-0.2168,1.7078,-0.1917,1.732
8.417714539,-0.2112,1.7379,-0.1891,1.761
8.419688923,-0.2071,1.7696,-0.1691,1.790
8.422805539,-0.2049,1.7992,-0.1260,1.815
8.425507462,-0.2017,1.8170,-0.0642,1.829
8.426794231,-0.2152,1.8348,0.0075,1.847
8.428936616,-0.2235,1.8509,0.0722,1.866
8.431609308,-0.2487,1.8566,0.1378,1.878
8.438237846,-0.2713,1.8574,0.2051,1.888
8.43909977,-0.2902,1.8593,0.2587,1.899
8.439774846,-0.3139,1.8549,0.2995,1.905
8.446421616,-0.3419,1.8527,0.3337,1.913
8.447132308,-0.3659,1.8532,0.3661,1.924
8.447632385,-0.3822,1.8534,0.3889,1.932
8.448162231,-0.3886,1.8505,0.4069,1.934
8.456181231,-0.3871,1.8363,0.4177,1.923
8.457131077,-0.3745,1.8173,0.4106,1.900
8.457492,-0.3568,1.7864,0.3782,1.861
8.458112693,-0.3402,1.7496,0.3129,1.810
8.460489923,-0.3092,1.7074,0.2293,1.750
8.462743385,-0.2775,1.6606,0.1257,1.688
8.466325231,-0.2462,1.6096,0.0021,1.628
8.46738677,-0.2107,1.5561,-0.1118,1.574
8.469993616,-0.1736,1.4960,-0.2040,1.520
8.472335154,-0.1357,1.4342,-0.2729,1.466
8.475756385,-0.1184,1.3731,-0.3354,1.418
8.477716308,-0.0877,1.3166,-0.3652,1.369
8.479784308,-0.0525,1.2663,-0.3994,1.329
8.481823385,-0.0368,1.2192,-0.4300,1.293
8.484317846,-0.0337,1.1689,-0.4466,1.252
8.486943077,-0.0400,1.1276,-0.4793,1.226
8.489494539,-0.0754,1.0934,-0.5311,1.218
8.491567385,-0.1446,1.0692,-0.5707,1.221
8.494193846,-0.1639,1.0479,-0.6191,1.228
8.496578231,-0.1353,1.0328,-0.6574,1.232
8.499137846,-0.1734,1.0110,-0.6616,1.221
8.501624693,-0.2022,1.0019,-0.6366,1.204
8.504541923,-0.2352,0.9924,-0.6112,1.189
8.506464693,-0.2753,0.9817,-0.5930,1.179
8.509447385,-0.3109,0.9707,-0.5511,1.159
8.511034231,-0.3458,0.9543,-0.4805,1.123
8.514931385,-0.3926,0.9434,-0.4031,1.098
8.515818539,-0.4565,0.9311,-0.3447,1.093
8.519253231,-0.5333,0.9318,-0.3232,1.121
8.520721,-0.6114,0.9411,-0.3289,1.170
8.526349616,-0.7080,0.9470,-0.3662,1.238
8.527402231,-0.7819,0.9470,-0.3813,1.286
8.527701308,-0.8550,0.9474,-0.3724,1.329
8.530603154,-0.9095,0.9465,-0.3506,1.359
8.53363077,-0.9471,0.9375,-0.3110,1.368
8.535019154,-0.9813,0.9329,-0.2511,1.377
8.538342539,-0.9952,0.9229,-0.1732,1.368
8.544028616,-1.0026,0.9160,-0.0759,1.360
8.544709539,-1.0009,0.9152,0.0256,1.356
8.54519977,-0.9931,0.9108,0.1458,1.355
8.547049923,-0.9628,0.9015,0.2748,1.347
8.54946,-0.9114,0.8859,0.3703,1.324
8.553087385,-0.8482,0.8598,0.4187,1.278
8.554816923,-0.7839,0.8365,0.4511,1.232
8.557988308,-0.7234,0.8031,0.4641,1.176
8.559013539,-0.6637,0.7760,0.4488,1.115
8.562276,-0.5970,0.7330,0.4236,1.036
8.564286539,-0.5196,0.6802,0.4052,0.947
8.566518846,-0.4567,0.6362,0.3773,0.869
8.568702462,-0.4062,0.6050,0.3300,0.800
8.571202539,-0.3556,0.5710,0.2848,0.731
8.573653539,-0.2943,0.5199,0.2540,0.649
8.575936385,-0.2821,0.5121,0.2317,0.629
8.578654154,-0.2716,0.5034,0.2032,0.607
8.581983462,-0.2364,0.4747,0.1714,0.557
8.583101539,-0.2188,0.4591,0.1460,0.529
8.585724077,-0.1988,0.4461,0.1150,0.502
8.588165923,-0.1890,0.4368,0.0896,0.484
8.590385308,-0.1778,0.4288,0.0673,0.469
8.592943385,-0.1585,0.4183,0.0512,0.450
8.595396308,-0.1431,0.4083,0.0221,0.433
8.59823877,-0.1240,0.4049,-0.0073,0.424
8.600096616,-0.0957,0.3941,-0.0328,0.407
8.602904693,-0.0675,0.3867,-0.0533,0.396
8.605555385,-0.0375,0.3814,-0.0694,0.390
8.608039154,-0.0078,0.3773,-0.0918,0.388
8.609823385,0.0181,0.3832,-0.0978,0.396
8.612785231,0.0447,0.3897,-0.0948,0.404
8.615361846,0.0655,0.3963,-0.0831,0.410
8.61699577,0.0916,0.4032,-0.0752,0.420
8.619490462,0.1165,0.4112,-0.0633,0.432
8.621949539,0.1292,0.4330,-0.0445,0.454
8.624138539,0.1441,0.4435,-0.0410,0.468
8.626629,0.1579,0.4523,-0.0366,0.480
8.629123462,0.1749,0.4640,-0.0288,0.497
8.635781308,0.1881,0.4796,-0.0251,0.516
8.636418231,0.1940,0.4882,-0.0179,0.526
8.636693923,0.1879,0.5057,-0.0086,0.540
8.642163077,0.1837,0.5211,-0.0021,0.553
8.642971462,0.1796,0.5311,-0.0030,0.561
8.643624,0.1800,0.5407,-0.0034,0.570
8.645957231,0.1808,0.5449,-0.0046,0.574
8.651606539,0.1833,0.5505,-0.0017,0.580
8.652267077,0.1808,0.5614,0.0048,0.590
8.653307077,0.1791,0.5681,0.0099,0.596
8.655793539,0.1759,0.5854,0.0107,0.611
8.658139462,0.1705,0.5954,0.0104,0.619
8.660416077,0.1679,0.6059,0.0036,0.629
8.66453077,0.1642,0.6171,-0.0026,0.639
8.665931385,0.1561,0.6308,-0.0056,0.650
8.667802539,0.1417,0.6455,-0.0124,0.661
8.670221616,0.1290,0.6611,-0.0183,0.674
8.67263077,0.1134,0.6783,-0.0205,0.688
8.676364,0.0813,0.7107,-0.0205,0.716
8.677481616,0.0640,0.7296,-0.0232,0.733
8.680852693,0.0442,0.7486,-0.0279,0.750
8.682298154,0.0310,0.7618,-0.0337,0.763
8.684589616,0.0239,0.7733,-0.0366,0.775
8.687846231,0.0163,0.7853,-0.0386,0.786
8.690910846,0.0107,0.8031,-0.0332,0.804
8.692049,-0.0006,0.8236,-0.0259,0.824
8.694255462,-0.0124,0.8430,-0.0242,0.843
8.697455077,-0.0229,0.8605,-0.0324,0.861
8.698930231,-0.0659,0.8840,-0.0381,0.887
8.701781,-0.0759,0.9006,-0.0251,0.904
8.704054154,-0.0845,0.9231,-0.0198,0.927
8.706921616,-0.0964,0.9424,-0.0117,0.947
8.708761616,-0.1094,0.9648,-0.0024,0.971
8.712209539,-0.1231,0.9856,-0.0024,0.993
8.714711077,-0.1362,1.0024,-0.0063,1.012
8.715977846,-0.1455,1.0228,-0.0058,1.033
8.718679693,-0.1521,1.0396,-0.0086,1.051
8.722276923,-0.1683,1.0633,-0.0219,1.077
8.723291077,-0.1746,1.0757,-0.0303,1.090
8.725616308,-0.1834,1.0882,-0.0212,1.104
8.727916385,-0.1946,1.1032,-0.0144,1.120
8.733835693,-0.2298,1.1205,-0.0203,1.144
8.735172693,-0.2466,1.1376,-0.0017,1.164
8.735611693,-0.2538,1.1608,0.0014,1.188
8.740804077,-0.3153,1.1733,0.0058,1.215
8.741197,-0.2408,1.1913,-0.0056,1.215
8.742800693,-0.2704,1.2050,-0.0300,1.235
8.745828693,-0.3036,1.2211,-0.0284,1.259
8.751500077,-0.3530,1.2392,-0.0139,1.289
8.752396923,-0.3481,1.2511,-0.0024,1.299
8.753210154,-0.2317,1.3032,-0.0214,1.324
8.755628308,-0.2212,1.3254,-0.0515,1.345
8.756864077,-0.2366,1.3262,-0.0259,1.347
8.759591462,-0.2684,1.3482,0.0239,1.375
8.763624616,-0.3083,1.3706,0.0449,1.406
8.764851385,-0.3427,1.3914,0.0466,1.434
8.766652693,-0.3857,1.4141,0.0659,1.467
8.771679077,-0.4265,1.4415,0.0728,1.505
8.772592923,-0.4697,1.4723,0.0570,1.546
8.775400693,-0.5156,1.5101,0.0644,1.597
8.776121,-0.5574,1.5574,0.0859,1.656
8.779977231,-0.5988,1.6101,0.0803,1.720
8.781604077,-0.6468,1.6520,0.0666,1.775
8.783397923,-0.6887,1.6797,0.0691,1.817
8.785968,-0.7387,1.6993,0.0488,1.854
8.788135154,-0.7758,1.6978,0.0116,1.867
8.790867077,-0.8179,1.6839,-0.0122,1.872
8.79302677,-0.8576,1.6616,-0.0232,1.870
8.796689539,-0.8951,1.6275,-0.0561,1.858
8.798444385,-0.9214,1.5783,-0.0706,1.829
8.800363462,-0.9424,1.5321,-0.0769,1.800
8.802869539,-0.9317,1.4610,-0.1319,1.738
8.805313539,-0.9328,1.4109,-0.1416,1.697
8.807727462,-0.9424,1.3797,-0.1121,1.675
8.810105616,-0.9405,1.3506,-0.0701,1.647
8.812753616,-0.9305,1.3213,-0.0102,1.616
8.814999154,-0.9044,1.2966,0.0579,1.582
8.817608,-0.8694,1.2712,0.0833,1.542
8.819641846,-0.8238,1.2355,0.0510,1.486
8.822059077,-0.7819,1.2006,0.0070,1.433
8.824330462,-0.7409,1.1652,-0.0501,1.382
8.82725077,-0.6967,1.1239,-0.1082,1.327
8.833480385,-0.6473,1.0841,-0.1824,1.276
8.834216308,-0.5843,1.0415,-0.2364,1.217
8.834770154,-0.5440,1.0081,-0.1989,1.163
8.843165539,-0.5296,0.9865,-0.1304,1.127
8.843852923,-0.5252,0.9668,-0.0762,1.103
8.844031462,-0.5325,0.9462,-0.0214,1.086
8.844281923,-0.5487,0.9201,0.0451,1.072
8.854109,-0.5746,0.8925,0.1392,1.071
8.854728385,-0.6104,0.8539,0.2377,1.076
8.854928,-0.6493,0.8180,0.3124,1.090
8.855291693,-0.6926,0.7772,0.3652,1.103
8.855795077,-0.7429,0.7317,0.3845,1.111
8.858440616,-0.7856,0.6885,0.3717,1.109
8.860510231,-0.8247,0.6445,0.3386,1.100
8.863395693,-0.8692,0.6089,0.2953,1.102
8.865314462,-0.9068,0.5803,0.2571,1.107
8.868188385,-0.9349,0.5617,0.2166,1.112
8.870774846,-0.9508,0.5637,0.1861,1.121
8.872516616,-0.9503,0.5763,0.1746,1.125
8.875204693,-0.9417,0.5971,0.1772,1.129
8.878888,-0.9254,0.6350,0.1875,1.138
8.880427462,-0.8780,0.6538,0.1236,1.102
8.88220377,-0.8164,0.6744,0.0810,1.062
8.884759154,-0.7575,0.6968,0.0651,1.031
8.887271693,-0.7006,0.7210,0.0600,1.007
8.889799462,-0.6354,0.7305,0.0307,0.969
8.89205877,-0.5589,0.7379,0.0207,0.926
8.895267077,-0.5074,0.7728,-0.0032,0.924
8.89665977,-0.4316,0.7780,-0.0300,0.890
8.899236077,-0.3957,0.7978,-0.0789,0.894
8.901609846,-0.3994,0.8341,-0.1087,0.931
8.904140923,-0.3720,0.8454,-0.2177,0.949
8.906661231,-0.3095,0.8549,-0.2457,0.942
8.908952616,-0.2899,0.8820,-0.1928,0.948
8.911765539,-0.3297,0.9267,-0.1500,0.995
8.913719154,-0.3689,0.9321,-0.2003,1.022
8.916122539,-0.4076,0.9033,-0.2304,1.017
8.919040385,-0.4560,0.8773,-0.1930,1.007
8.921733539,-0.5210,0.8568,-0.1593,1.015
8.923213616,-0.6000,0.8300,-0.2128,1.046
8.925940923,-0.6884,0.8083,-0.3317,1.112
8.928865308,-0.7658,0.8018,-0.4481,1.196
8.931019077,-0.8177,0.8246,-0.5334,1.278
8.934039462,-0.8308,0.8710,-0.5961,1.343
8.940360385,-0.7971,0.9318,-0.6266,1.377
8.941428616,-0.7202,0.9946,-0.6487,1.389
8.942218154,-0.6072,1.0575,-0.6571,1.385
8.943495077,-0.4746,1.1129,-0.6636,1.380
8.949605308,-0.3225,1.1664,-0.6640,1.380
8.950301231,-0.1704,1.2383,-0.6140,1.393
8.950622154,-0.0260,1.3340,-0.5382,1.439
8.960469923,0.0894,1.4708,-0.3816,1.522
8.961576693,0.1639,1.6518,-0.1647,1.668
8.961861616,0.2057,1.8365,0.0591,1.849
8.962212616,0.2382,1.9846,0.1910,2.008
8.962550846,0.4132,2.0566,0.2369,2.111
8.964335077,0.5580,2.1236,0.1504,2.201
8.967152,0.7967,2.1339,-0.0026,2.278
8.97001877,1.0955,2.0936,-0.2184,2.373
8.971831385,1.4570,2.0100,-0.5236,2.537
8.974895385,1.7820,1.9255,-0.5770,2.686
8.976552,2.0610,1.8595,-0.5128,2.823
8.979046462,2.1651,1.7860,-0.3994,2.835
8.981357923,2.1768,1.7310,-0.3941,2.809
8.984100077,2.1187,1.6702,-0.3303,2.718
8.986753923,1.9335,1.6235,-0.2306,2.535
8.988691693,1.7097,1.5737,-0.0720,2.325
8.991310846,1.4679,1.5077,0.0139,2.104
8.994161,1.2133,1.4283,0.0610,1.875
8.995641231,0.9536,1.3452,0.0603,1.650
8.997956385,0.6865,1.2656,0.0141,1.440
9.000585308,0.4172,1.1828,-0.0508,1.255
9.002992,0.1363,1.1067,-0.1534,1.126
9.005317231,-0.1580,1.0342,-0.2868,1.085
9.007800923,-0.4118,0.9623,-0.3848,1.115
9.010719693,-0.6442,0.9057,-0.4146,1.186
9.013833539,-0.9012,0.8632,-0.4155,1.315
9.014955154,-1.1501,0.8116,-0.4337,1.473
9.017872308,-1.2985,0.7657,-0.3645,1.551
9.020328077,-1.4020,0.6963,-0.3324,1.600
9.022339077,-1.4050,0.6223,-0.3333,1.572
9.025001923,-1.3691,0.5273,-0.3816,1.516
9.026993616,-1.2953,0.4445,-0.4663,1.447
9.030904923,-1.2154,0.3804,-0.5309,1.380
9.031832,-1.1518,0.3653,-0.5483,1.327
9.039002462,-1.1094,0.4235,-0.5096,1.292
9.039811693,-1.0722,0.5453,-0.4160,1.273
9.040253846,-1.0353,0.6655,-0.3058,1.268
9.044835693,-1.0085,0.7948,-0.1917,1.298
9.045329,-0.9706,0.8979,-0.1275,1.328
9.049544693,-0.8589,0.9765,0.0085,1.301
9.050123693,-0.7399,1.0680,0.1128,1.304
9.058039154,-0.6430,1.1278,0.0442,1.299
9.059335462,-0.5494,1.1426,-0.0542,1.269
9.059808,-0.4648,1.1334,-0.1668,1.236
9.060108308,-0.3923,1.1088,-0.2690,1.206
9.060585,-0.3525,1.1002,-0.3352,1.203
9.06294377,-0.3483,1.0990,-0.3664,1.210
9.065508077,-0.3624,1.0990,-0.3836,1.219
9.068148616,-0.3938,1.1016,-0.3929,1.234
9.070076923,-0.4378,1.1092,-0.3980,1.257
9.072985616,-0.4851,1.1165,-0.3997,1.281
9.075242154,-0.5310,1.1273,-0.3880,1.305
9.07740677,-0.5757,1.1395,-0.3787,1.332
9.080490154,-0.6065,1.1486,-0.3650,1.349
9.083019462,-0.6244,1.1507,-0.3274,1.350
9.085106539,-0.6347,1.1598,-0.3056,1.357
9.087501846,-0.6332,1.1596,-0.2732,1.349
9.089758846,-0.6095,1.1540,-0.2453,1.328
9.093532616,-0.5701,1.1498,-0.2296,1.304
9.094377539,-0.5196,1.1395,-0.2284,1.273
9.097177,-0.4624,1.1227,-0.2497,1.240
9.099382846,-0.3935,1.1043,-0.2958,1.209
9.102749,-0.3183,1.0887,-0.3501,1.187
9.10426277,-0.2371,1.0731,-0.4087,1.172
9.106825923,-0.1667,1.0592,-0.4573,1.166
9.110517231,-0.1062,1.0452,-0.4869,1.158
9.111364616,-0.0500,1.0335,-0.5013,1.150
9.113753308,-0.0055,1.0210,-0.5050,1.139
9.116636616,0.0263,1.0122,-0.4971,1.128
9.119857616,0.0405,1.0019,-0.4789,1.111
9.121006539,0.0430,0.9926,-0.4474,1.090
9.123793308,0.0389,0.9849,-0.4083,1.067
9.126558539,0.0158,0.9793,-0.3645,1.045
9.128068616,-0.0146,0.9768,-0.3219,1.029
9.130660693,-0.0522,0.9776,-0.2785,1.018
9.132948923,-0.0954,0.9832,-0.2406,1.017
9.136422231,-0.1416,0.9890,-0.2155,1.022
9.13825877,-0.1846,0.9961,-0.2015,1.033
9.141293,-0.2268,1.0015,-0.1959,1.045
9.147514154,-0.2608,1.0035,-0.2025,1.056
9.148258846,-0.2789,1.0032,-0.2167,1.064
9.148412385,-0.2867,0.9956,-0.2394,1.063
9.158614154,-0.2794,0.9839,-0.2702,1.058
9.159162462,-0.2562,0.9700,-0.2968,1.046
9.159810154,-0.2212,0.9543,-0.3207,1.031
9.160151154,-0.1802,0.9390,-0.3506,1.018
9.160414154,-0.1299,0.9225,-0.3704,1.003
9.161811077,-0.0793,0.9091,-0.3850,0.990
9.16463077,-0.0258,0.9018,-0.4116,0.992
9.167321231,0.0195,0.8950,-0.4085,0.984
9.169126539,0.0586,0.8908,-0.3901,0.974
9.171560693,0.0926,0.8866,-0.3829,0.970
9.174249231,0.1207,0.8864,-0.3921,0.977
9.176533539,0.1439,0.8837,-0.4092,0.984
9.179430231,0.1595,0.8824,-0.4244,0.992
9.181650846,0.1698,0.8805,-0.4378,0.998
9.184122462,0.1788,0.8810,-0.4442,1.003
9.185968308,0.1820,0.8822,-0.4532,1.008
9.188689308,0.1828,0.8820,-0.4607,1.012
9.191001616,0.1861,0.8840,-0.4630,1.015
9.193331693,0.1886,0.8889,-0.4622,1.019
9.196003154,0.1984,0.8871,-0.4617,1.020
9.198420385,0.2087,0.8869,-0.4523,1.017
9.200931462,0.2204,0.8886,-0.4373,1.015
9.202963385,0.2333,0.8873,-0.4202,1.009
9.205515154,0.2480,0.8894,-0.4027,1.007
9.208357,0.2587,0.8913,-0.3946,1.008
9.210028308,0.2665,0.8925,-0.3862,1.008
9.212764,0.2785,0.8933,-0.3787,1.009
9.215122462,0.2881,0.8966,-0.3750,1.014
9.217706539,0.2986,0.8957,-0.3767,1.017
9.219677539,0.3070,0.8984,-0.3857,1.025
9.22267177,0.3130,0.9028,-0.3890,1.032
9.228615385,0.3144,0.9059,-0.3911,1.036
9.229365,0.3140,0.9082,-0.3923,1.038
9.229804385,0.3168,0.9131,-0.3872,1.041
9.237745308,0.3098,0.9101,-0.3808,1.034
9.238166231,0.3044,0.9126,-0.3748,1.032
9.238352308,0.2995,0.9162,-0.3711,1.033
9.239233231,0.2925,0.9162,-0.3669,1.029
9.247120923,0.2819,0.9208,-0.3587,1.028
9.248196923,0.2695,0.9236,-0.3531,1.025
9.248772,0.2531,0.9272,-0.3433,1.021
9.249454154,0.2369,0.9304,-0.3333,1.016
9.25134377,0.2201,0.9338,-0.3196,1.011
9.253730231,0.1991,0.9392,-0.3002,1.006
9.256725923,0.1791,0.9421,-0.2819,1.000
9.259173539,0.1610,0.9421,-0.2611,0.991
9.26094677,0.1390,0.9450,-0.2392,0.985
9.26355977,0.1202,0.9485,-0.2238,0.982
9.266558462,0.1004,0.9499,-0.2115,0.978
9.268074231,0.0862,0.9580,-0.1964,0.982
9.271007154,0.0711,0.9609,-0.1877,0.982
9.272984077,0.0591,0.9607,-0.1823,0.980
9.275336693,0.0476,0.9644,-0.1793,0.982
9.278055693,0.0398,0.9604,-0.1815,0.978
9.280407154,0.0356,0.9541,-0.1856,0.973
9.28356,0.0359,0.9480,-0.1979,0.969
9.285082154,0.0384,0.9426,-0.2220,0.969
9.287926847,0.0482,0.9392,-0.2526,0.974
9.29031177,0.0538,0.9353,-0.2756,0.977
9.292613616,0.0603,0.9365,-0.3005,0.985
9.294721,0.0691,0.9367,-0.3225,0.993
9.297595077,0.0738,0.9387,-0.3310,0.998
9.299578539,0.0699,0.9453,-0.3330,1.005
9.302713923,0.0650,0.9527,-0.3369,1.013
9.30511477,0.0623,0.9572,-0.3428,1.019
9.307968385,0.0645,0.9695,-0.3452,1.031
9.30903077,0.0652,0.9746,-0.3389,1.034
9.311536077,0.0694,0.9814,-0.3482,1.044
9.31406277,0.0684,0.9863,-0.3603,1.052
9.316703077,0.0466,0.9888,-0.3726,1.058
9.318746154,0.0183,0.9858,-0.3677,1.052
9.321329,-0.0080,0.9853,-0.3525,1.047
9.324356308,-0.0339,0.9805,-0.3433,1.039
9.326012077,-0.0561,0.9727,-0.3386,1.031
9.328681923,-0.0700,0.9639,-0.3371,1.024
9.331392385,-0.0815,0.9527,-0.3366,1.014
9.337477847,-0.0830,0.9402,-0.3379,1.003
9.338376616,-0.0893,0.9297,-0.3261,0.989
9.338773923,-0.0954,0.9252,-0.2970,0.976
9.347807693,-0.1008,0.9241,-0.2768,0.970
9.348476,-0.1020,0.9216,-0.2688,0.965
9.348723077,-0.1033,0.9245,-0.2648,0.967
9.348942847,-0.1015,0.9233,-0.2631,0.965
9.350040923,-0.1022,0.9287,-0.2648,0.971
9.352425923,-0.1008,0.9323,-0.2790,0.978
9.354921539,-0.0994,0.9338,-0.2883,0.982
9.357483077,-0.1059,0.9387,-0.2902,0.988
9.359843693,-0.1189,0.9458,-0.2944,0.998
9.362268077,-0.1277,0.9521,-0.3122,1.010
9.365328616,-0.1316,0.9660,-0.3259,1.028
9.366888308,-0.1297,0.9749,-0.3352,1.039
9.369294231,-0.1206,0.9919,-0.3361,1.054
9.371907462,-0.1108,1.0076,-0.3371,1.068
9.37446777,-0.1052,1.0245,-0.3191,1.078
9.377101308,-0.1108,1.0450,-0.3070,1.095
9.379586462,-0.1213,1.0673,-0.3070,1.117
9.382307077,-0.1320,1.0806,-0.3014,1.130
9.383787385,-0.1434,1.0974,-0.3117,1.150
9.386871154,-0.1526,1.1092,-0.3315,1.168
9.388867154,-0.1562,1.1207,-0.3408,1.182
9.391183693,-0.1670,1.1309,-0.3389,1.192
9.393621308,-0.1809,1.1419,-0.3284,1.202
9.396057539,-0.1983,1.1528,-0.3188,1.212
9.398641539,-0.2188,1.1593,-0.3154,1.221
9.400637231,-0.2359,1.1603,-0.3115,1.224
9.403328923,-0.2515,1.1612,-0.3079,1.227
9.406942462,-0.2692,1.1608,-0.3137,1.232
9.408153616,-0.2843,1.1642,-0.3219,1.241
9.410436308,-0.3007,1.1640,-0.3207,1.244
9.412870847,-0.3136,1.1713,-0.3026,1.250
9.415443693,-0.3227,1.1728,-0.2795,1.248
9.417689923,-0.3227,1.1728,-0.2423,1.240
9.420230539,-0.3251,1.1752,-0.1976,1.235
9.427040693,-0.3241,1.1754,-0.1632,1.230
9.427777539,-0.3202,1.1757,-0.1307,1.226
9.428146231,-0.3158,1.1822,-0.0938,1.227
9.430353847,-0.3176,1.1884,-0.0679,1.232
9.433746231,-0.3237,1.2015,-0.0545,1.246
9.434551385,-0.3297,1.2057,-0.0586,1.251
9.437842231,-0.3344,1.2048,-0.0726,1.252
9.443730462,-0.3493,1.2011,-0.0994,1.255
9.44479877,-0.3530,1.1928,-0.1288,1.251
9.445383462,-0.3666,1.1882,-0.1449,1.252
9.446688077,-0.3879,1.1896,-0.1517,1.260
9.449107462,-0.4094,1.2015,-0.1444,1.278
9.452365923,-0.4236,1.2164,-0.1267,1.294
9.4546,-0.4490,1.2358,-0.1094,1.319
9.457361847,-0.4673,1.2519,-0.0724,1.338
9.459087077,-0.4688,1.2641,-0.0263,1.348
9.460975154,-0.4619,1.2663,0.0014,1.348
9.464377923,-0.4558,1.2600,0.0090,1.340
9.465796385,-0.4321,1.2519,-0.0002,1.324
9.468209923,-0.3940,1.2467,-0.0114,1.308
9.470844616,-0.3537,1.2399,-0.0214,1.290
9.473283462,-0.3111,1.2416,-0.0359,1.281
9.475889847,-0.2596,1.2485,-0.0675,1.277
9.478068,-0.1961,1.2604,-0.1024,1.280
9.481380616,-0.1341,1.2800,-0.1243,1.293
9.482831693,-0.0707,1.3054,-0.1405,1.315
9.485415154,-0.0092,1.3291,-0.1554,1.338
9.488058231,0.0484,1.3577,-0.1588,1.368
9.490351462,0.1013,1.3841,-0.1544,1.396
9.49246277,0.1514,1.4105,-0.1419,1.426
9.495141539,0.1986,1.4359,-0.1478,1.457
9.497567154,0.2385,1.4593,-0.1614,1.487
9.499544308,0.2648,1.4822,-0.1959,1.518
9.502211077,0.2978,1.4980,-0.2177,1.543
9.506392308,0.3256,1.5097,-0.2162,1.559
9.507143693,0.3557,1.5190,-0.1917,1.572
9.509227385,0.3843,1.5280,-0.1766,1.585
9.512700923,0.4251,1.5231,-0.1642,1.590
9.515665847,0.4684,1.5162,-0.1468,1.594
9.516517539,0.5104,1.5153,-0.1302,1.604
9.519357308,0.5436,1.5138,-0.1165,1.613
9.521908616,0.5721,1.5187,-0.1090,1.627
9.524812077,0.5937,1.5234,-0.1004,1.638
9.526445847,0.6086,1.5304,-0.0989,1.650
9.529029616,0.6235,1.5624,-0.0887,1.685
9.535105,0.6369,1.5984,-0.0708,1.722
9.535893,0.6440,1.6352,-0.0569,1.758
9.536566231,0.6582,1.6704,-0.0417,1.796
9.543060077,0.6816,1.7014,-0.0173,1.833
9.543904923,0.7024,1.7202,0.0129,1.858
9.544175462,0.7242,1.7295,0.0619,1.876
9.54623577,0.7486,1.7281,0.1062,1.886
9.553049539,0.7703,1.7114,0.1438,1.882
9.553719462,0.7818,1.6777,0.1390,1.856
9.553994847,0.7896,1.6303,0.0859,1.813
9.556667154,0.7847,1.5739,0.0134,1.759
9.557646231,0.7649,1.5182,-0.0626,1.701
9.559975154,0.7293,1.4706,-0.1463,1.648
9.562445308,0.6782,1.4354,-0.2323,1.604
9.564844077,0.6056,1.4137,-0.2939,1.566
9.567991154,0.5155,1.4081,-0.3420,1.538
9.570897,0.4121,1.4081,-0.3962,1.520
9.572750462,0.2990,1.4034,-0.4622,1.507
9.574541616,0.1864,1.4048,-0.4991,1.502
9.576957923,0.0855,1.4060,-0.4996,1.495
9.580265231,0.0021,1.3944,-0.4873,1.477
9.58164677,-0.0833,1.3855,-0.4852,1.470
9.58457877,-0.1739,1.3718,-0.4761,1.462
9.586680616,-0.2738,1.3587,-0.4801,1.467
9.588909616,-0.3691,1.3526,-0.4427,1.470
9.591639154,-0.4553,1.3376,-0.4514,1.483
9.594042231,-0.5325,1.3142,-0.4451,1.486
9.596886847,-0.6023,1.2949,-0.4288,1.491
9.5989,-0.6671,1.2770,-0.4170,1.500
9.600875154,-0.7162,1.2544,-0.4027,1.500
9.604828693,-0.7374,1.2225,-0.4275,1.490
9.605830231,-0.7581,1.1933,-0.4673,1.489
9.608180923,-0.7714,1.1486,-0.4906,1.468
9.611615462,-0.7886,1.1088,-0.5057,1.452
9.614058462,-0.8101,1.0741,-0.5206,1.443
9.615452923,-0.8916,1.0782,-0.5345,1.498
9.618051462,-1.0106,1.1014,-0.5753,1.602
9.62032777,-1.1445,1.1461,-0.6366,1.740
9.622752077,-1.2804,1.2043,-0.6985,1.891
9.625060077,-1.4367,1.2761,-0.6970,2.044
9.628295462,-1.5841,1.3660,-0.6147,2.180
9.630417231,-1.7211,1.4598,-0.4666,2.305
9.633109616,-1.8455,1.5490,-0.3232,2.431
9.635081847,-1.8523,1.6005,-0.2038,2.456
9.641685616,-1.8641,1.6431,-0.0195,2.485
9.642937308,-1.9652,1.7078,0.0879,2.605
9.643391462,-2.0148,1.7473,0.0882,2.668
9.645460077,-2.0221,1.7564,0.1514,2.683
9.651106539,-2.0043,1.7674,0.2723,2.686
9.652524693,-1.9195,1.7589,0.2382,2.614
9.652791385,-1.7653,1.7232,0.1304,2.470
9.660052,-1.6500,1.6655,0.0556,2.345
9.660977231,-1.5371,1.6357,-0.0186,2.245
9.661565,-1.4079,1.6054,-0.1497,2.141
9.661946231,-1.2943,1.5507,-0.2930,2.041
9.664065231,-1.1795,1.5111,-0.4224,1.963
9.666109847,-1.0739,1.4703,-0.5187,1.893
9.668754231,-0.9764,1.4500,-0.5890,1.845
9.671334462,-0.8929,1.4449,-0.6369,1.814
9.673455154,-0.8154,1.4376,-0.6491,1.776
9.676041,-0.7581,1.4288,-0.6753,1.753
9.678379154,-0.6769,1.4325,-0.6601,1.716
9.680941308,-0.6156,1.4371,-0.6628,1.698
9.683108923,-0.5623,1.4430,-0.6906,1.696
9.685548385,-0.5177,1.4500,-0.7935,1.732
9.687894231,-0.4693,1.4545,-0.7544,1.704
9.690965539,-0.4370,1.4581,-0.5788,1.628
9.692904923,-0.4536,1.4740,-0.4971,1.620
9.695703385,-0.4627,1.4867,-0.3381,1.593
9.697343385,-0.4619,1.4818,-0.2455,1.571
9.699786154,-0.4683,1.4686,-0.1893,1.553
9.702367693,-0.4763,1.4493,-0.1945,1.538
9.704512693,-0.4676,1.4146,-0.2045,1.504
9.707168616,-0.4507,1.3650,-0.2082,1.452
9.709742231,-0.4492,1.3130,-0.2177,1.405
9.712025616,-0.4507,1.2553,-0.2299,1.353
9.714405,-0.4514,1.1898,-0.2362,1.294
9.717116,-0.4600,1.1286,-0.2511,1.244
9.720994539,-0.4660,1.0669,-0.2797,1.197
9.722579077,-0.4676,1.0042,-0.3066,1.149
9.724162462,-0.4758,0.9511,-0.3207,1.111
9.728779154,-0.4879,0.8962,-0.3188,1.069
9.73012277,-0.5064,0.8505,-0.3070,1.036
9.731415077,-0.5289,0.8083,-0.2865,1.008
9.734133,-0.5369,0.7687,-0.2780,0.978
9.741472385,-0.5469,0.7296,-0.2583,0.948
9.742471385,-0.5550,0.6951,-0.2631,0.928
9.742964385,-0.5520,0.6639,-0.2729,0.906
9.745136923,-0.5447,0.6380,-0.2902,0.888
9.75050677,-0.5340,0.6184,-0.2919,0.868
9.751579693,-0.5294,0.5984,-0.2890,0.850
9.752069923,-0.5230,0.5879,-0.2792,0.835
9.759397616,-0.5052,0.5771,-0.2719,0.814
9.760354539,-0.4924,0.5742,-0.2634,0.801
9.760722539,-0.4763,0.5784,-0.2482,0.789
9.761394847,-0.4490,0.5796,-0.2126,0.763
9.762733231,-0.4253,0.5768,-0.1924,0.742
9.765025923,-0.3954,0.5791,-0.1768,0.723
9.768265539,-0.3615,0.5737,-0.1683,0.699
9.770397231,-0.3176,0.5759,-0.1383,0.672
9.772504308,-0.2762,0.5724,-0.1074,0.645
9.775440616,-0.2417,0.5573,-0.0836,0.613
9.778028693,-0.2130,0.5502,-0.0508,0.592
9.77939977,-0.1853,0.5490,-0.0361,0.581
9.781983077,-0.1760,0.5695,-0.0359,0.597
9.784699693,-0.1285,0.5270,0.0026,0.542
9.787156077,-0.1022,0.5153,0.0141,0.526
9.789379693,-0.0715,0.4887,0.0314,0.495
9.791733923,-0.0493,0.4743,0.0461,0.479
9.794215462,-0.0251,0.4557,0.0437,0.458
9.79674277,-0.0114,0.4403,0.0312,0.442
9.799151077,-0.0016,0.4273,0.0083,0.427
9.803201231,0.0042,0.4137,-0.0083,0.414
9.804026231,0.0075,0.4024,-0.0151,0.403
9.805977308,0.0056,0.3846,-0.0139,0.385
9.808236077,0.0042,0.3667,-0.0117,0.367
9.81131877,-0.0099,0.3525,-0.0105,0.353
9.813118154,-0.0300,0.3389,-0.0100,0.340
9.815657847,-0.0570,0.3326,-0.0151,0.338
9.818075693,-0.0908,0.3303,-0.0239,0.343
9.820456693,-0.1257,0.3340,-0.0368,0.359
9.823065616,-0.1511,0.3377,-0.0415,0.372
9.826071693,-0.1783,0.3431,-0.0447,0.389
9.832774847,-0.1919,0.3429,-0.0449,0.395
9.833742231,-0.1995,0.3443,-0.0489,0.401
9.834205847,-0.1988,0.3531,-0.0510,0.408
9.834760616,-0.2032,0.3590,-0.0381,0.414
9.840293616,-0.1995,0.3658,-0.0200,0.417
9.840768308,-0.1930,0.3706,0.0004,0.418
9.842180616,-0.1851,0.3751,0.0092,0.418
9.851575462,-0.1707,0.3767,0.0046,0.414
9.852213616,-0.1616,0.3804,-0.0009,0.413
9.852421,-0.1482,0.3799,-0.0188,0.408
9.852603693,-0.1294,0.3773,-0.0428,0.401
9.854164616,-0.1033,0.3702,-0.0579,0.389
9.856558154,-0.0786,0.3557,-0.0647,0.370
9.859400693,-0.0537,0.3384,-0.0654,0.349
9.862157847,-0.0290,0.3228,-0.0759,0.333
9.863777539,-0.0087,0.3010,-0.0708,0.309
9.866337,0.0130,0.2810,-0.0631,0.288
9.868609539,0.0263,0.2612,-0.0584,0.269
9.871555462,0.0340,0.2392,-0.0505,0.247
9.874088693,0.0401,0.2167,-0.0535,0.227
9.876061847,0.0479,0.1960,-0.0615,0.211
9.878696693,0.0471,0.1791,-0.0662,0.197
9.881759077,0.0433,0.1620,-0.0569,0.177
9.883606231,0.0393,0.1476,-0.0535,0.162
9.886473231,0.0308,0.1383,-0.0542,0.152
9.887944,0.0254,0.1239,-0.0569,0.139
9.890962154,0.0119,0.1132,-0.0615,0.129
9.893665231,0.0032,0.1090,-0.0694,0.129
9.895198539,-0.0070,0.1032,-0.0635,0.121
9.897747385,-0.0219,0.0967,-0.0615,0.117
9.899947077,-0.0349,0.0887,-0.0645,0.115
9.902506154,-0.0473,0.0823,-0.0657,0.115
9.904715462,-0.0632,0.0773,-0.0664,0.120
9.907484693,-0.0825,0.0758,-0.0635,0.129
9.910620077,-0.0979,0.0726,-0.0561,0.134
9.912391154,-0.1064,0.0648,-0.0569,0.137
9.914595693,-0.1113,0.0582,-0.0615,0.140
9.917133308,-0.1260,0.0520,-0.0635,0.150
9.919555693,-0.1494,0.0492,-0.0654,0.170
9.921777,-0.1736,0.0474,-0.0780,0.196
9.924179154,-0.2047,0.0492,-0.0987,0.232
9.926716385,-0.2440,0.0548,-0.1226,0.279
9.928757231,-0.2857,0.0536,-0.1412,0.323
9.931678462,-0.3188,0.0523,-0.1488,0.356
9.934276616,-0.3446,0.0462,-0.1509,0.379
9.940670154,-0.3671,0.0411,-0.1497,0.399
9.941280308,-0.3874,0.0347,-0.1526,0.418
9.941556385,-0.4040,0.0335,-0.1607,0.436
9.949872,-0.4143,0.0426,-0.1712,0.450
9.950316385,-0.4138,0.0587,-0.1791,0.455
9.950498847,-0.4189,0.0765,-0.1810,0.463
9.950667154,-0.4182,0.1012,-0.1740,0.464
9.952877308,-0.4167,0.1232,-0.1458,0.458
9.955145616,-0.4123,0.1447,-0.1073,0.450
9.957728616,-0.4031,0.1566,-0.0757,0.439
9.960220693,-0.4118,0.1691,-0.0652,0.450
9.962634154,-0.4233,0.1818,-0.0687,0.466
9.965132923,-0.4499,0.1903,-0.0743,0.494
9.967771693,-0.4761,0.1992,-0.0926,0.524
9.969898154,-0.5215,0.1989,-0.1307,0.573
9.972713923,-0.5704,0.2001,-0.1598,0.625
9.976555154,-0.6234,0.1960,-0.2196,0.689
9.977585231,-0.6847,0.1976,-0.2844,0.767
9.979613616,-0.7441,0.2004,-0.3333,0.840
9.981952693,-0.8022,0.2048,-0.3950,0.917
9.985348693,-0.8513,0.2118,-0.4388,0.981
9.98707177,-0.8983,0.2246,-0.4754,1.041
9.989474231,-0.9517,0.2453,-0.5035,1.104
9.992937539,-1.0009,0.2717,-0.5218,1.161
9.993949847,-1.0573,0.2991,-0.5301,1.220
9.996705539,-1.1079,0.3247,-0.5172,1.265
9.998983154,-1.1582,0.3399,-0.4913,1.303
10.001268693,-1.2070,0.3543,-0.4566,1.338
10.003756385,-1.2550,0.3618,-0.4334,1.376
10.006177,-1.2957,0.3648,-0.4036,1.405
10.010013308,-1.3388,0.3601,-0.3929,1.441
10.011263154,-1.3764,0.3520,-0.3921,1.474
10.018994539,-1.4040,0.3387,-0.3913,1.496
10.019474231,-1.4264,0.3213,-0.3885,1.513
10.019911154,-1.4362,0.3057,-0.3962,1.521
10.021680693,-1.4360,0.2944,-0.3818,1.515
10.023085616,-1.4367,0.2781,-0.3916,1.515
10.025490539,-1.4180,0.2546,-0.3992,1.495
10.027632,-1.4264,0.2619,-0.4153,1.509
10.030433847,-1.4147,0.2597,-0.4114,1.496
10.032568693,-1.4074,0.2724,-0.4188,1.493
10.037268616,-1.3840,0.2795,-0.4260,1.475
10.037968693,-1.3570,0.2896,-0.4183,1.449
10.041333923,-1.3199,0.2898,-0.4136,1.413
10.044285539,-1.2841,0.2896,-0.4155,1.380
10.044847693,-1.2471,0.2898,-0.4226,1.348
10.04921477,-1.2012,0.2854,-0.4265,1.306
10.049560693,-1.1631,0.2803,-0.4272,1.270
10.054750462,-1.1231,0.2819,-0.4351,1.237
10.055189616,-1.0830,0.2800,-0.4376,1.201
10.056734231,-1.0500,0.2766,-0.4451,1.174
10.05897077,-1.0209,0.2779,-0.4466,1.148
10.061558231,-0.9882,0.2822,-0.4344,1.116
10.063878231,-0.9569,0.2798,-0.4361,1.088
10.066880616,-0.9235,0.2891,-0.4272,1.058
10.068727693,-0.8892,0.3047,-0.3359,0.998
10.071057231,-0.8587,0.2800,-0.3261,0.960
10.073709,-0.8331,0.2016,-0.4903,0.987
10.075985923,-0.8068,0.0770,-0.6538,1.041
10.078481847,-0.7910,-0.0390,-0.8339,1.150
10.080833231,-0.7839,-0.0856,-1.1763,1.416
10.083840385,-0.7774,-0.0155,-1.5562,1.740
10.085561539,-0.7395,0.1283,-1.9293,2.070
10.087900616,-0.7819,0.4615,-2.3537,2.523
10.091809539,-0.9283,0.9716,-2.6696,2.989
10.092683154,-1.1646,1.5719,-2.8074,3.422
10.095120693,-1.3973,2.0589,-2.6200,3.613
10.097772077,-1.7218,2.5069,-2.1863,3.746
10.100084308,-2.1799,2.9606,-1.2695,3.890
10.10227177,-2.5200,3.1485,-0.4642,4.059
10.104745,-2.5767,3.0100,0.5254,3.997
10.107492923,-2.6102,2.8358,1.5088,4.139
10.109534154,-2.5266,2.6177,2.2481,4.277
10.112306847,-2.3078,2.4046,2.7521,4.322
10.115432,-2.0099,2.2006,3.1394,4.329
10.116959462,-1.6654,2.0163,3.2371,4.162
10.119338154,-1.3121,1.8449,3.1709,3.896
10.121831693,-1.0036,1.7117,2.8767,3.495
10.124258231,-0.7698,1.5876,2.3473,2.936
10.126392385,-0.5098,1.4002,1.2994,1.977
10.128804308,-0.2428,1.1705,-0.4507,1.278
10.131337923,0.0386,0.8679,-1.3496,1.605
10.134289539,0.2592,0.5549,-1.5814,1.696
10.136158231,0.3738,0.2851,-1.8558,1.914
10.138555693,0.5089,-0.0588,-2.2765,2.333
10.142079462,0.6435,-0.4061,-2.4334,2.550
10.143581539,0.7879,-0.7236,-2.5033,2.722
10.14584277,0.7705,-0.8068,-2.2345,2.498
10.154710847,0.5749,-0.7143,-1.9709,2.174
10.155744,0.2394,-0.4587,-1.6743,1.752
10.156165923,-0.0712,-0.1624,-1.3307,1.342
10.156323693,-0.2359,0.0972,-0.9704,1.003
10.158124308,-0.3566,0.2952,-0.6506,0.799
10.160146154,-0.3771,0.2912,-0.4500,0.655
10.162790154,-0.4136,0.3338,-0.0586,0.535
10.165225923,-0.5580,0.5607,0.2650,0.834
10.167420923,-0.6288,0.7042,0.4045,1.027
10.169793923,-0.6596,0.7946,0.4781,1.138
10.172477539,-0.6779,0.8779,0.4551,1.199
10.175075385,-0.6798,0.9553,0.3584,1.226
10.177182154,-0.6717,1.0220,0.2237,1.243
10.179565616,-0.6717,1.1011,0.0686,1.292
10.182281,-0.6757,1.1847,-0.0843,1.366
10.184268308,-0.6838,1.2800,-0.2038,1.465
10.187280308,-0.7018,1.3883,-0.2616,1.577
10.190516,-0.7343,1.5064,-0.2602,1.696
10.191552923,-0.7676,1.6210,-0.2296,1.808
10.194208616,-0.7854,1.7086,-0.1820,1.889
10.197005847,-0.7884,1.7493,-0.1018,1.921
10.199307154,-0.8015,1.7650,0.0136,1.939
10.201930231,-0.7956,1.7322,0.0889,1.908
10.203693923,-0.7712,1.6387,0.1152,1.815
10.208395462,-0.7316,1.5097,0.1015,1.681
10.20956377,-0.6857,1.3657,0.0478,1.529
10.211263462,-0.6803,1.2194,-0.0225,1.397
10.214257308,-0.6738,1.0772,-0.0992,1.274
10.216893923,-0.5755,0.9599,-0.1908,1.135
10.218467077,-0.5496,0.8561,-0.2688,1.052
10.220844077,-0.5506,0.7785,-0.3181,1.005
10.224387462,-0.5531,0.7122,-0.2921,0.948
10.225891077,-0.5762,0.6961,-0.2746,0.944
10.227820385,-0.5970,0.7058,-0.2377,0.955
10.230423462,-0.5955,0.7161,-0.1800,0.949
10.237671462,-0.5929,0.7557,-0.1183,0.968
10.238685847,-0.5953,0.8018,-0.0589,1.000
10.239461,-0.5755,0.8421,-0.0225,1.020
10.239942539,-0.5538,0.8889,0.0107,1.047
10.248143462,-0.5338,0.9157,0.0236,1.060
10.249104385,-0.5081,0.9345,0.0160,1.064
10.249825616,-0.4930,0.9490,-0.0014,1.069
10.250061847,-0.4688,0.9478,-0.0239,1.058
10.251982231,-0.4465,0.9521,-0.0584,1.053
10.255368923,-0.4431,0.9639,-0.0843,1.064
10.257652693,-0.4385,0.9576,-0.0982,1.058
10.259129231,-0.4348,0.9572,-0.1136,1.057
10.261777231,-0.4358,0.9709,-0.1272,1.072
10.265052693,-0.4529,0.9874,-0.1376,1.095
10.266500385,-0.4768,1.0010,-0.1486,1.119
10.268941847,-0.4634,1.0044,-0.1451,1.116
10.271710539,-0.4580,1.0322,-0.1297,1.137
10.274903462,-0.4734,1.0599,-0.1241,1.167
10.276801847,-0.4839,1.0789,-0.1316,1.190
10.278675154,-0.4856,1.0843,-0.1419,1.197
10.281382539,-0.4947,1.0914,-0.1537,1.208
10.283281308,-0.5059,1.0946,-0.1654,1.217
10.285894539,-0.5133,1.0924,-0.1737,1.219
10.290056616,-0.5100,1.0799,-0.1735,1.207
10.290942539,-0.5117,1.0645,-0.1688,1.193
10.293021308,-0.5123,1.0552,-0.1670,1.185
10.295679693,-0.5049,1.0350,-0.1705,1.164
10.29830277,-0.4863,1.0030,-0.1715,1.128
10.300239462,-0.4634,0.9712,-0.1784,1.091
10.302937231,-0.4614,0.9597,-0.1877,1.081
10.306457308,-0.4451,0.9392,-0.1933,1.057
10.307524077,-0.4218,0.9131,-0.1933,1.024
10.310029231,-0.4123,0.8959,-0.1905,1.004
10.312402231,-0.3920,0.8861,-0.1868,0.987
10.315003693,-0.3745,0.8803,-0.1854,0.974
10.317673616,-0.3561,0.8744,-0.1776,0.961
10.319601923,-0.3332,0.8663,-0.1705,0.944
10.323146539,-0.3141,0.8547,-0.1683,0.926
10.324477616,-0.3004,0.8551,-0.1681,0.922
10.326941923,-0.2874,0.8615,-0.1756,0.925
10.329537308,-0.2780,0.8691,-0.1837,0.931
10.332293616,-0.2718,0.8784,-0.1933,0.940
10.33407077,-0.2708,0.8971,-0.1982,0.958
10.336566539,-0.2674,0.9176,-0.2025,0.977
10.344674154,-0.2689,0.9357,-0.2045,0.995
10.345727462,-0.2713,0.9509,-0.2062,1.010
10.346214231,-0.2772,0.9680,-0.2069,1.028
10.346510462,-0.2899,0.9898,-0.2045,1.051
10.35457877,-0.2972,1.0100,-0.1994,1.072
10.35523877,-0.3114,1.0310,-0.2017,1.096
10.355512,-0.3216,1.0447,-0.2062,1.112
10.356056616,-0.3334,1.0577,-0.2118,1.129
10.358869308,-0.3378,1.0613,-0.2203,1.135
10.361280308,-0.3378,1.0682,-0.2243,1.143
10.364704308,-0.3368,1.0689,-0.2284,1.144
10.36537877,-0.3246,1.0638,-0.2262,1.135
10.36803177,-0.3092,1.0577,-0.2233,1.124
10.370674847,-0.2941,1.0503,-0.2187,1.112
10.372903462,-0.2708,1.0350,-0.2128,1.091
10.375156,-0.2506,1.0223,-0.2159,1.074
10.378026231,-0.2464,1.0159,-0.2180,1.068
10.380445231,-0.2438,1.0110,-0.2201,1.063
10.382075462,-0.2347,0.9973,-0.2194,1.048
10.384530154,-0.2212,0.9851,-0.2233,1.034
10.387729923,-0.2112,0.9765,-0.2269,1.025
10.390020077,-0.1981,0.9707,-0.2157,1.014
10.392161847,-0.1853,0.9665,-0.1996,1.004
10.394787693,-0.1768,0.9675,-0.1842,1.001
10.39709077,-0.1729,0.9732,-0.1759,1.004
10.399172693,-0.1646,0.9793,-0.1679,1.007
10.401655077,-0.1595,0.9817,-0.1605,1.007
10.404014539,-0.1499,0.9783,-0.1468,1.001
10.406291385,-0.1380,0.9721,-0.1344,0.991
10.408731077,-0.1238,0.9656,-0.1229,0.981
10.412203077,-0.1152,0.9527,-0.1185,0.967
10.414209923,-0.1071,0.9385,-0.1180,0.952
10.416015154,-0.0984,0.9243,-0.1185,0.937
10.418860616,-0.0896,0.9091,-0.1146,0.921
10.4222,-0.0840,0.8942,-0.1099,0.905
10.423128923,-0.0842,0.8801,-0.1055,0.890
10.425681539,-0.0874,0.8720,-0.0962,0.882
10.430498539,-0.0959,0.8679,-0.0874,0.878
10.431810231,-0.0973,0.8644,-0.0789,0.873
10.43327877,-0.1013,0.8632,-0.0776,0.873
10.435405,-0.1010,0.8686,-0.0792,0.878
10.443457923,-0.0989,0.8768,-0.0818,0.886
10.44426777,-0.0833,0.8820,-0.0860,0.890
10.444755462,-0.0666,0.8889,-0.0929,0.896
10.445101308,-0.0473,0.9013,-0.1018,0.908
10.453390154,-0.0211,0.9099,-0.1180,0.918
10.454081616,0.0078,0.9223,-0.1432,0.933
10.454378539,0.0312,0.9301,-0.1752,0.947
10.454647077,0.0522,0.9333,-0.2096,0.958
10.456864923,0.0740,0.9365,-0.2472,0.971
10.459134539,0.0909,0.9385,-0.2807,0.984
10.462369231,0.0972,0.9434,-0.3117,0.998
10.464492077,0.0941,0.9434,-0.3359,1.006
10.466547462,0.0862,0.9441,-0.3482,1.010
10.469324693,0.0675,0.9465,-0.3462,1.010
10.471611693,0.0459,0.9490,-0.3342,1.007
10.473733,0.0188,0.9487,-0.3127,0.999
10.476906154,-0.0090,0.9453,-0.2853,0.987
10.480122154,-0.0424,0.9392,-0.2553,0.974
10.481992077,-0.0730,0.9304,-0.2238,0.960
10.483553231,-0.0984,0.9187,-0.1935,0.944
10.486162231,-0.1220,0.9013,-0.1730,0.926
10.489746462,-0.1470,0.8857,-0.1519,0.911
10.490657231,-0.1653,0.8649,-0.1393,0.892
10.493439077,-0.1816,0.8454,-0.1290,0.874
10.49644,-0.1944,0.8276,-0.1297,0.860
10.497918847,-0.2035,0.8160,-0.1243,0.850
10.500360308,-0.2086,0.8092,-0.1232,0.845
10.502893847,-0.2059,0.8060,-0.1285,0.842
10.505312693,-0.2005,0.8078,-0.1243,0.841
10.508267077,-0.1949,0.8141,-0.1204,0.846
10.510159154,-0.1883,0.8295,-0.1160,0.858
10.512887693,-0.1770,0.8470,-0.1069,0.872
10.515137231,-0.1634,0.8696,-0.0992,0.890
10.517644616,-0.1531,0.8910,-0.0857,0.908
10.521320693,-0.1373,0.9160,-0.0731,0.929
10.522316308,-0.1245,0.9399,-0.0706,0.951
10.525621924,-0.1052,0.9639,-0.0591,0.971
10.526993616,-0.0842,0.9853,-0.0554,0.990
10.529683154,-0.0656,1.0084,-0.0652,1.013
10.531675385,-0.0473,1.0252,-0.0838,1.030
10.534359693,-0.0280,1.0431,-0.1087,1.049
10.54175477,-0.0109,1.0580,-0.1280,1.066
10.542393231,0.0017,1.0662,-0.1434,1.076
10.542670154,0.0191,1.0718,-0.1749,1.086
10.54384277,0.0347,1.0753,-0.2069,1.096
10.553970539,0.0498,1.0755,-0.2336,1.102
10.55451977,0.0640,1.0760,-0.2426,1.105
10.554762462,0.0677,1.0745,-0.2709,1.110
10.555008693,0.0696,1.0745,-0.2868,1.114
10.555881308,0.0635,1.0704,-0.2963,1.112
10.559301847,0.0520,1.0697,-0.3056,1.114
10.560596924,0.0330,1.0692,-0.3235,1.118
10.563308077,0.0170,1.0687,-0.3312,1.119
10.565462154,-0.0004,1.0708,-0.3181,1.117
10.568533231,-0.0173,1.0757,-0.3100,1.120
10.570453924,-0.0358,1.0778,-0.3070,1.121
10.576201231,-0.0583,1.0941,-0.2949,1.135
10.57728777,-0.0871,1.1067,-0.2832,1.146
10.578025616,-0.1169,1.1239,-0.2658,1.161
10.579902231,-0.1526,1.1379,-0.2431,1.173
10.582819462,-0.1868,1.1510,-0.2203,1.187
10.585015385,-0.2244,1.1654,-0.2047,1.204
10.587752077,-0.2506,1.1826,-0.1905,1.224
10.589877231,-0.2711,1.1969,-0.1630,1.238
10.592092308,-0.2911,1.2113,-0.1419,1.254
10.595095385,-0.3092,1.2255,-0.1283,1.270
10.59685077,-0.3185,1.2367,-0.1204,1.283
10.599304693,-0.3300,1.2418,-0.1199,1.291
10.602523077,-0.3344,1.2483,-0.1236,1.298
10.605469308,-0.3381,1.2485,-0.1297,1.300
10.606603077,-0.3419,1.2565,-0.1302,1.309
10.60909177,-0.3458,1.2688,-0.1185,1.320
10.611422847,-0.3432,1.2825,-0.0913,1.331
10.614042847,-0.3195,1.2942,-0.0517,1.334
10.616533308,-0.3036,1.3215,-0.0009,1.356
10.620359385,-0.2978,1.3643,0.0605,1.398
10.621680077,-0.3424,1.4484,0.1248,1.494
10.623449539,-0.3507,1.5016,0.1746,1.552
10.625903693,-0.3393,1.5238,0.2100,1.575
10.628505308,-0.3339,1.5262,0.2112,1.577
10.630704077,-0.2902,1.5075,0.1966,1.548
10.633056077,-0.2636,1.4818,0.1516,1.513
10.640570847,-0.2657,1.4701,0.0874,1.496
10.641325231,-0.2513,1.4381,0.0488,1.461
10.641601924,-0.2289,1.4076,0.0574,1.427
10.643314847,-0.2147,1.3753,0.0773,1.394
10.651066154,-0.2130,1.3608,0.0933,1.381
10.65182777,-0.2266,1.3618,0.0994,1.384
10.652078231,-0.2479,1.3750,0.0886,1.400
10.65258677,-0.2780,1.4068,0.0547,1.435
10.654752924,-0.3134,1.4484,0.0165,1.482
10.656992077,-0.3470,1.5064,-0.0291,1.546
10.659970231,-0.3910,1.5735,-0.0733,1.623
10.662015462,-0.4321,1.6492,-0.1121,1.709
10.664480077,-0.4609,1.7168,-0.1419,1.783
10.66697977,-0.4790,1.7762,-0.1659,1.847
10.669918847,-0.4763,1.8211,-0.1837,1.891
10.671599462,-0.4532,1.8495,-0.1991,1.915
10.674632385,-0.4096,1.8617,-0.1984,1.917
10.676611462,-0.3530,1.8626,-0.1889,1.905
10.678948308,-0.2980,1.8581,-0.1747,1.890
10.68143577,-0.2466,1.8424,-0.1451,1.865
10.684205924,-0.1846,1.8075,-0.0969,1.819
10.686376077,-0.1169,1.7635,-0.0377,1.768
10.688373,-0.0468,1.7076,0.0099,1.708
10.69085877,0.0193,1.6445,0.0349,1.645
10.694149231,0.0789,1.5773,0.0507,1.580
10.695656924,0.1407,1.5089,0.0728,1.517
10.698224616,0.2118,1.4363,0.0926,1.455
10.700502847,0.2841,1.3580,0.0940,1.391
10.703188616,0.3525,1.2807,0.0668,1.330
10.705526231,0.4111,1.2118,0.0281,1.280
10.707845231,0.4632,1.1481,-0.0305,1.238
10.710824616,0.5172,1.0936,-0.0975,1.214
10.71251077,0.5775,1.0491,-0.1632,1.209
10.715083077,0.6237,1.0022,-0.2143,1.200
10.717741616,0.6711,0.9580,-0.2531,1.197
10.720247385,0.7165,0.9245,-0.2919,1.206
10.722434539,0.7579,0.9079,-0.3357,1.229
10.724964616,0.7947,0.9023,-0.3801,1.261
10.727217231,0.8243,0.9101,-0.4256,1.300
10.729510154,0.8732,0.9267,-0.4519,1.351
10.732094539,0.9215,0.9644,-0.4710,1.415
10.73436677,0.9413,1.0308,-0.5064,1.485
10.740633308,0.9391,1.1188,-0.5406,1.557
10.741321231,0.9440,1.2126,-0.5426,1.630
10.742121308,0.9951,1.3037,-0.4566,1.702
10.751643462,1.0281,1.3916,-0.3352,1.762
10.75289177,1.0315,1.4610,-0.2240,1.802
10.753132616,0.9978,1.5053,-0.1881,1.816
10.753389231,0.9238,1.5355,-0.1835,1.801
10.753921308,0.8113,1.5665,-0.1908,1.774
10.755833308,0.6872,1.5746,-0.2113,1.731
10.759291693,0.5480,1.5690,-0.2401,1.679
10.761974231,0.3997,1.5512,-0.2616,1.623
10.763080693,0.2458,1.5253,-0.2790,1.570
10.765988924,0.0776,1.4887,-0.3017,1.521
10.76852377,-0.0700,1.4351,-0.3545,1.480
10.770408308,-0.1858,1.3713,-0.4297,1.449
10.772935154,-0.2571,1.3022,-0.5031,1.420
10.775456385,-0.3544,1.2858,-0.5416,1.440
10.777931154,-0.4875,1.2790,-0.5732,1.484
10.780603077,-0.6283,1.2893,-0.5895,1.551
10.782649308,-0.8052,1.3159,-0.5914,1.652
10.785408077,-1.0134,1.3508,-0.5507,1.776
10.787216693,-1.2618,1.4078,-0.4808,1.951
10.789941616,-1.4636,1.4633,-0.3498,2.099
10.793556077,-1.6386,1.5280,-0.1840,2.248
10.795051077,-1.7788,1.5686,-0.0191,2.372
10.797023693,-2.0311,1.6369,0.0570,2.609
10.799514847,-2.1926,1.6624,0.0952,2.753
10.802156308,-2.2349,1.6611,0.1734,2.790
10.804406462,-2.2344,1.6836,0.2284,2.807
10.806645,-2.1729,1.6860,0.2317,2.760
10.809588924,-2.0390,1.6580,0.1851,2.634
10.811441539,-1.8396,1.6152,0.0525,2.449
10.814285231,-1.6446,1.5690,-0.0813,2.274
10.816711154,-1.4729,1.5495,-0.1610,2.144
10.81894,-1.3002,1.5392,-0.2719,2.033
10.821321,-1.1690,1.5297,-0.2587,1.943
10.824226539,-1.0434,1.5229,-0.2829,1.868
10.826866539,-0.9214,1.5206,-0.2949,1.802
10.828733847,-0.8064,1.5216,-0.3115,1.750
10.830973,-0.7026,1.5258,-0.3359,1.713
10.833253924,-0.6254,1.5314,-0.3591,1.693
10.83596777,-0.5604,1.5326,-0.4031,1.681
10.83849877,-0.5049,1.5283,-0.4314,1.666
10.840520385,-0.4580,1.5187,-0.4200,1.641
10.846962847,-0.4082,1.4933,-0.4053,1.600
10.848738847,-0.3679,1.4738,-0.3874,1.568
10.84936277,-0.3221,1.4573,-0.3941,1.544
10.857413616,-0.2731,1.4330,-0.3904,1.510
10.85822377,-0.2345,1.4119,-0.3926,1.484
10.858609231,-0.2098,1.3939,-0.4029,1.466
10.858933308,-0.1741,1.3748,-0.4114,1.446
10.860898154,-0.1404,1.3597,-0.4099,1.427
10.863097231,-0.1101,1.3513,-0.4099,1.416
10.864377616,-0.0833,1.3450,-0.4344,1.416
10.867772616,-0.0451,1.3252,-0.4547,1.402
10.869214231,-0.0165,1.3084,-0.4619,1.388
10.872001616,0.0098,1.2861,-0.4619,1.367
10.875584924,0.0298,1.2632,-0.4586,1.344
10.876542462,0.0412,1.2385,-0.4361,1.314
10.879305847,0.0396,1.2180,-0.3978,1.282
10.881585308,0.0320,1.2003,-0.3479,1.250
10.884337924,-0.0046,1.1828,-0.3366,1.230
10.886224385,-0.0372,1.1671,-0.3205,1.211
10.888709,-0.0561,1.1405,-0.2885,1.178
10.892399154,-0.0752,1.1104,-0.2445,1.139
10.8939,-0.0861,1.0811,-0.2008,1.103
10.895959693,-0.0840,1.0499,-0.1812,1.069
10.898584308,-0.0886,1.0140,-0.2028,1.038
10.901517,-0.0979,0.9868,-0.2333,1.019
10.905291462,-0.1152,0.9683,-0.2548,1.008
10.906198462,-0.1006,0.9255,-0.2409,0.962
10.909541308,-0.1125,0.9047,-0.2115,0.936
10.910480616,-0.1316,0.8925,-0.2184,0.928
10.912773,-0.1373,0.8724,-0.2462,0.917
10.915376693,-0.1497,0.8568,-0.2478,0.904
10.918420616,-0.1567,0.8458,-0.2431,0.894
10.919925616,-0.1651,0.8386,-0.2418,0.888
10.922716077,-0.1646,0.8334,-0.2296,0.880
10.925412385,-0.1739,0.8327,-0.2245,0.880
10.927210539,-0.2049,0.8268,-0.2436,0.886
10.92976277,-0.2212,0.8224,-0.2482,0.887
10.932052308,-0.2345,0.8104,-0.2441,0.878
10.934540308,-0.2308,0.7894,-0.2238,0.852
10.937072924,-0.2235,0.7674,-0.1942,0.823
10.940432385,-0.2068,0.7391,-0.1666,0.785
10.946200693,-0.1832,0.7098,-0.1432,0.747
10.947067077,-0.1553,0.6736,-0.1358,0.704
10.947375077,-0.1367,0.6411,-0.1416,0.671
10.958262847,-0.1264,0.6115,-0.1542,0.643
10.959060385,-0.1196,0.5854,-0.1530,0.617
10.959280308,-0.1157,0.5598,-0.1416,0.589
10.959635462,-0.1050,0.5351,-0.1223,0.559
10.959839693,-0.1001,0.5185,-0.0999,0.537
10.96084377,-0.0947,0.5011,-0.0808,0.516
10.963457539,-0.0784,0.4882,-0.0615,0.498
10.966807462,-0.0642,0.4713,-0.0430,0.478
10.968179077,-0.0442,0.4545,-0.0232,0.457
10.970497231,-0.0290,0.4384,-0.0044,0.439
10.974499462,-0.0078,0.4244,0.0337,0.426
10.975333847,0.0139,0.4073,0.0737,0.414
10.977853231,0.0323,0.3902,0.1038,0.405
10.980134154,0.0401,0.3718,0.1182,0.392
10.982832308,0.0476,0.3543,0.1250,0.379
10.985048693,0.0464,0.3382,0.1164,0.361
10.987702462,0.0430,0.3164,0.0959,0.333
10.990562231,0.0310,0.3017,0.0756,0.313
10.992388,0.0061,0.2859,0.0554,0.291
10.99540777,-0.0176,0.2674,0.0341,0.270
10.99747977,-0.0470,0.2460,0.0141,0.251
11.00001477,-0.0798,0.2280,-0.0093,0.242
11.002417847,-0.1074,0.2053,-0.0335,0.234
11.004572,-0.1326,0.1871,-0.0662,0.239
11.008527154,-0.1534,0.1679,-0.0989,0.248
11.009564,-0.1695,0.1533,-0.1344,0.265
11.011641539,-0.1807,0.1468,-0.1651,0.285
11.014013924,-0.1797,0.1447,-0.1866,0.297
11.016532385,-0.1776,0.1488,-0.2054,0.310
11.018790539,-0.1680,0.1571,-0.2138,0.314
11.021395154,-0.1529,0.1750,-0.2003,0.307
11.024185924,-0.1353,0.1955,-0.1774,0.297
11.026025308,-0.1194,0.2227,-0.1509,0.294
11.028711077,-0.1010,0.2460,-0.1185,0.291
11.031288,-0.0884,0.2714,-0.0945,0.301
11.033974539,-0.0776,0.2979,-0.0776,0.317
11.035758539,-0.0703,0.3201,-0.0724,0.336
11.038335385,-0.0684,0.3401,-0.0618,0.352
11.043809539,-0.0619,0.3525,-0.0601,0.363
11.044753,-0.0624,0.3626,-0.0550,0.372
11.04551177,-0.0637,0.3665,-0.0545,0.376
11.052017616,-0.0744,0.3650,-0.0501,0.376
11.052884616,-0.0908,0.3606,-0.0473,0.375
11.05319577,-0.1033,0.3504,-0.0388,0.367
11.056712616,-0.1223,0.3396,-0.0364,0.363
11.057233847,-0.1406,0.3228,-0.0381,0.354
11.064218539,-0.1592,0.3066,-0.0471,0.349
11.064601616,-0.1732,0.2812,-0.0557,0.335
11.064986462,-0.1875,0.2565,-0.0620,0.324
11.066837616,-0.1995,0.2285,-0.0711,0.312
11.069301231,-0.2115,0.1996,-0.0757,0.301
11.071889924,-0.2240,0.1745,-0.0769,0.294
11.074476924,-0.2433,0.1496,-0.0771,0.296
11.07687877,-0.2657,0.1270,-0.0794,0.305
11.079689616,-0.2824,0.1095,-0.0906,0.316
11.082137231,-0.3029,0.0941,-0.1097,0.336
11.084566231,-0.3212,0.0846,-0.1246,0.355
11.086570231,-0.3319,0.0713,-0.1239,0.361
11.090154847,-0.3468,0.0569,-0.1048,0.367
11.09133077,-0.3593,0.0406,-0.0767,0.370
11.093638231,-0.3664,0.0242,-0.0517,0.371
11.096280385,-0.3740,0.0073,-0.0371,0.376
11.09886,-0.3740,-0.0096,-0.0281,0.375
11.101224385,-0.3632,-0.0246,-0.0119,0.364
11.103801,-0.3549,-0.0350,0.0046,0.357
11.106856,-0.3522,-0.0392,0.0214,0.355
11.108201924,-0.3568,-0.0348,0.0361,0.360
11.110996,-0.3737,-0.0243,0.0542,0.378
11.112908693,-0.3979,-0.0080,0.0737,0.405
11.115324,-0.4248,0.0110,0.0871,0.434
11.117608385,-0.4607,0.0318,0.1157,0.476
11.120094462,-0.5005,0.0494,0.1157,0.516
11.123372616,-0.5406,0.0613,0.0889,0.551
11.124716616,-0.5838,0.0706,0.0570,0.591
11.127242539,-0.6283,0.0814,0.0114,0.634
11.12989577,-0.6701,0.0853,-0.0433,0.677
11.132416924,-0.7125,0.0909,-0.1053,0.726
11.134772924,-0.7476,0.0997,-0.1632,0.772
11.137250462,-0.7851,0.1137,-0.2233,0.824
11.141964077,-0.8184,0.1335,-0.2741,0.873
11.142445,-0.8557,0.1591,-0.3159,0.926
11.144773847,-0.8885,0.1915,-0.3430,0.971
11.14722777,-0.9258,0.2295,-0.3608,1.020
11.150121308,-0.9594,0.2700,-0.3620,1.060
11.151530847,-1.0011,0.3064,-0.3579,1.106
11.153950847,-1.0465,0.3438,-0.3371,1.152
11.161712385,-1.0856,0.3844,-0.3075,1.192
11.16264677,-1.1315,0.4112,-0.2772,1.235
11.162984693,-1.1844,0.4324,-0.2560,1.287
11.163491693,-1.2442,0.4440,-0.2453,1.344
11.165787154,-1.3090,0.4456,-0.2416,1.404
11.168247385,-1.3556,0.4481,-0.2352,1.447
11.171616693,-1.4062,0.4433,-0.2289,1.492
11.173844308,-1.4587,0.4242,-0.2252,1.536
11.17602777,-1.5024,0.3921,-0.2250,1.569
11.177993,-1.5242,0.3770,-0.2271,1.586
11.18077477,-1.5230,0.3807,-0.2296,1.587
11.182647693,-1.5256,0.3565,-0.2194,1.582
11.185630539,-1.5119,0.3303,-0.2082,1.562
11.187722847,-1.5010,0.3150,-0.1989,1.547
11.189974847,-1.4724,0.3084,-0.1866,1.516
11.192304,-1.4313,0.3040,-0.1747,1.474
11.194941924,-1.3824,0.3008,-0.1673,1.425
11.197513308,-1.3341,0.2881,-0.1659,1.375
11.199726847,-1.2801,0.2742,-0.1761,1.321
11.202657539,-1.2242,0.2607,-0.1924,1.266
11.204771154,-1.1651,0.2521,-0.2098,1.210
11.206999462,-1.1126,0.2565,-0.2006,1.159
11.209352385,-1.0388,0.2856,-0.1232,1.084
11.211862154,-0.9831,0.2861,-0.0640,1.026
11.214313,-0.9476,0.2238,-0.1588,0.987
11.217304616,-0.9139,0.0711,-0.3289,0.974
11.219477,-0.9198,-0.1357,-0.4754,1.044
11.221451154,-0.9489,-0.3297,-0.9755,1.400
11.223710539,-1.0036,-0.3749,-1.7563,2.057
11.226204077,-1.0239,-0.3363,-2.4847,2.708
11.228828924,-1.2017,0.0990,-2.9953,3.229
11.231922847,-1.3984,0.7017,-3.4003,3.743
11.233590154,-1.6673,1.5006,-3.3121,4.000
11.236372,-1.9085,2.1591,-3.0574,4.201
11.242076616,-2.3253,2.8050,-2.5494,4.447
11.242840385,-2.9361,3.4476,-1.5292,4.780
11.243317539,-3.4271,3.6785,-0.4207,5.045
11.245901,-3.5617,3.5273,1.1271,5.138
11.253380693,-3.6227,3.3103,2.4968,5.506
11.254293231,-3.5224,3.0755,3.5293,5.859
11.254657,-3.1821,2.7964,4.2239,5.982
11.255269539,-2.6449,2.4857,4.3954,5.700
11.257570539,-2.0248,2.2076,4.4340,5.351
11.260736693,-1.5054,2.0438,4.1310,4.849
11.263239462,-1.1301,1.9509,3.5183,4.179
11.264662154,-0.8320,1.8478,2.6114,3.305
11.267090462,-0.5907,1.7352,1.5364,2.392
11.270042462,-0.2325,1.4718,-1.4737,2.096
11.272113924,0.3277,0.9868,-2.9831,3.159
11.274303385,0.6440,0.6301,-2.7889,2.931
11.278040693,0.8399,0.3066,-2.6471,2.794
11.280152308,1.1737,-0.2996,-3.2198,3.440
11.282618231,1.4381,-0.8606,-2.9315,3.377
11.284204924,1.5143,-1.1215,-2.7324,3.319
11.286599693,1.4180,-1.1413,-2.4866,3.082
11.288902154,1.2271,-0.9805,-2.1653,2.675
11.291327154,0.9743,-0.7157,-1.8404,2.202
11.293639462,0.6193,-0.3751,-1.5194,1.683
11.296097924,0.2775,-0.0751,-1.2274,1.261
11.298639077,0.0093,0.1537,-0.8023,0.817
11.300999077,-0.1824,0.3203,-0.3955,0.541
11.303553308,-0.3495,0.4740,-0.0654,0.593
11.306797847,-0.4292,0.5842,0.2628,0.771
11.308535154,-0.3987,0.5458,0.4287,0.800
11.311257,-0.5394,0.7780,0.7111,1.184
11.312966462,-0.6144,0.9280,0.8245,1.385
11.315334462,-0.6642,1.0281,0.8394,1.484
11.317764,-0.6762,1.0778,0.7661,1.485
11.322148308,-0.6661,1.0990,0.5963,1.417
11.323019462,-0.6435,1.1205,0.3591,1.341
11.325425539,-0.6149,1.1483,0.1057,1.307
11.327466231,-0.5955,1.1901,-0.1344,1.338
11.330002462,-0.5970,1.2585,-0.3191,1.429
11.332152,-0.6312,1.3403,-0.4717,1.555
11.334712308,-0.6879,1.4286,-0.5289,1.671
11.340561,-0.7637,1.5041,-0.5414,1.772
11.341073616,-0.8423,1.5563,-0.5094,1.842
11.341865616,-0.8988,1.5739,-0.4656,1.871
11.350858154,-0.9344,1.5411,-0.4248,1.852
11.351439462,-0.9403,1.4620,-0.3965,1.783
11.351723154,-0.9328,1.3518,-0.3738,1.684
11.351919462,-0.9249,1.2311,-0.3631,1.582
11.362028077,-0.9161,1.1151,-0.3587,1.487
11.363050462,-0.9026,1.0117,-0.3417,1.398
11.363382462,-0.8929,0.9336,-0.3032,1.327
11.36410777,-0.8804,0.8784,-0.2421,1.267
11.364614539,-0.8672,0.8407,-0.1747,1.220
11.366368924,-0.8467,0.8229,-0.1090,1.186
11.369199462,-0.8159,0.8183,-0.0489,1.157
11.37105077,-0.7786,0.8246,-0.0042,1.134
11.373472077,-0.7411,0.8402,0.0163,1.120
11.376357231,-0.6938,0.8581,0.0234,1.104
11.37944777,-0.6459,0.8833,0.0151,1.094
11.380448616,-0.5885,0.9023,0.0058,1.077
11.383004924,-0.5291,0.9176,-0.0090,1.059
11.385520924,-0.4788,0.9316,-0.0310,1.048
11.387857924,-0.4292,0.9375,-0.0603,1.033
11.390476693,-0.3825,0.9414,-0.0918,1.020
11.392751385,-0.3412,0.9367,-0.1285,1.005
11.395344616,-0.3139,0.9292,-0.1666,0.995
11.397596924,-0.2962,0.9199,-0.1959,0.986
11.399764077,-0.2880,0.9138,-0.2135,0.982
11.402261847,-0.2958,0.9075,-0.2257,0.981
11.40484777,-0.3065,0.9043,-0.2280,0.982
11.407172,-0.3302,0.9069,-0.2220,0.990
11.409848924,-0.3596,0.9162,-0.2084,1.006
11.412109308,-0.3923,0.9338,-0.1859,1.030
11.414651154,-0.4299,0.9567,-0.1598,1.061
11.416921308,-0.4681,0.9785,-0.1421,1.094
11.419046462,-0.5003,1.0012,-0.1307,1.127
11.421450154,-0.5279,1.0223,-0.1232,1.157
11.4239,-0.5550,1.0445,-0.1204,1.189
11.426468077,-0.5736,1.0592,-0.1221,1.211
11.431765,-0.5824,1.0687,-0.1341,1.224
11.432474462,-0.5794,1.0731,-0.1481,1.228
11.433665539,-0.5699,1.0713,-0.1688,1.225
11.439009847,-0.5596,1.0669,-0.1979,1.221
11.439481616,-0.5435,1.0562,-0.2248,1.209
11.441561847,-0.5220,1.0396,-0.2469,1.189
11.443875077,-0.5022,1.0269,-0.2580,1.172
11.451415385,-0.4832,1.0093,-0.2643,1.150
11.45233477,-0.4629,0.9914,-0.2741,1.128
11.452821308,-0.4441,0.9732,-0.2732,1.104
11.453348616,-0.4245,0.9590,-0.2634,1.081
11.455303154,-0.4104,0.9458,-0.2555,1.062
11.457809231,-0.3920,0.9360,-0.2409,1.043
11.460245616,-0.3801,0.9301,-0.2208,1.029
11.462361308,-0.3722,0.9231,-0.2028,1.016
11.464977,-0.3495,0.9196,-0.1776,1.000
11.467654539,-0.3281,0.9143,-0.1561,0.984
11.469908,-0.3063,0.9171,-0.1407,0.977
11.472433847,-0.2860,0.9189,-0.1341,0.972
11.475457,-0.2636,0.9167,-0.1309,0.963
11.478083462,-0.2423,0.9174,-0.1300,0.958
11.479484693,-0.2240,0.9184,-0.1356,0.955
11.483061616,-0.2103,0.9223,-0.1488,0.958
11.484285539,-0.1981,0.9223,-0.1610,0.957
11.486739077,-0.1893,0.9245,-0.1784,0.960
11.489605539,-0.1800,0.9196,-0.1947,0.957
11.492017539,-0.1772,0.9133,-0.2150,0.955
11.494658154,-0.1756,0.9059,-0.2313,0.951
11.497049616,-0.1826,0.9047,-0.2487,0.956
11.498688077,-0.1868,0.9040,-0.2653,0.960
11.502633924,-0.1937,0.9028,-0.2807,0.965
11.503870539,-0.2128,0.9164,-0.3002,0.988
11.505903154,-0.2268,0.9243,-0.3054,1.000
11.508541308,-0.2406,0.9140,-0.3103,0.995
11.511110847,-0.2528,0.9087,-0.3256,0.998
11.51359177,-0.2650,0.9082,-0.3324,1.003
11.515531385,-0.2638,0.9020,-0.3361,0.998
11.518038847,-0.2694,0.9008,-0.3349,0.998
11.520370231,-0.2667,0.8942,-0.3312,0.990
11.523053924,-0.2667,0.8896,-0.3256,0.984
11.525637539,-0.2608,0.8842,-0.3237,0.977
11.527884385,-0.2574,0.8798,-0.3198,0.971
11.530005924,-0.2513,0.8720,-0.3203,0.962
11.532601231,-0.2447,0.8688,-0.3161,0.956
11.53587977,-0.2438,0.8693,-0.3081,0.954
11.53749077,-0.2447,0.8740,-0.2968,0.955
11.539713308,-0.2420,0.8813,-0.2827,0.957
11.542328385,-0.2428,0.8891,-0.2665,0.959
11.54776677,-0.2391,0.8954,-0.2511,0.960
11.548401231,-0.2298,0.9013,-0.2352,0.959
11.550102462,-0.2208,0.9040,-0.2128,0.955
11.557413,-0.2066,0.9067,-0.2003,0.951
11.558688924,-0.1883,0.9106,-0.1898,0.949
11.558920385,-0.1629,0.9077,-0.1828,0.940
11.559120693,-0.1394,0.9047,-0.1859,0.934
11.568856693,-0.1164,0.8984,-0.1996,0.928
11.570004693,-0.1003,0.8896,-0.2110,0.920
11.570309924,-0.0866,0.8857,-0.2316,0.920
11.571047693,-0.0686,0.8793,-0.2472,0.916
11.571541231,-0.0626,0.8756,-0.2565,0.915
11.573521924,-0.0539,0.8740,-0.2621,0.914
11.57748,-0.0510,0.8768,-0.2573,0.915
11.578238847,-0.0551,0.8822,-0.2516,0.919
11.580585308,-0.0598,0.8894,-0.2469,0.925
11.583891154,-0.0673,0.8989,-0.2441,0.934
11.585625616,-0.0740,0.9064,-0.2350,0.939
11.588017847,-0.0812,0.9115,-0.2316,0.944
11.590426539,-0.0847,0.9160,-0.2238,0.947
11.593100308,-0.0908,0.9218,-0.2220,0.953
11.595614231,-0.0954,0.9287,-0.2171,0.958
11.597487077,-0.0961,0.9353,-0.2115,0.964
11.600084308,-0.0977,0.9390,-0.2079,0.967
11.603041924,-0.0938,0.9465,-0.1969,0.971
11.604893,-0.0852,0.9509,-0.1842,0.972
11.607320308,-0.0781,0.9546,-0.1647,0.972
11.610342154,-0.0840,0.9518,-0.1563,0.968
11.612675077,-0.1487,0.9531,-0.1486,0.976
11.61465077,-0.1685,0.9678,-0.1407,0.992
11.61697577,-0.1863,0.9770,-0.1314,1.003
11.619896385,-0.1697,0.9611,-0.1647,0.990
11.622054462,-0.0966,0.9478,-0.0972,0.958
11.624627462,-0.0451,0.9429,-0.0828,0.948
11.626863077,0.0112,0.9297,-0.0860,0.934
11.629786462,0.0403,0.9292,-0.0845,0.934
11.63155477,0.0679,0.9282,-0.0671,0.933
11.634714539,0.0931,0.9345,-0.0682,0.942
11.636688308,0.1160,0.9453,-0.0743,0.955
11.638742462,0.1265,0.9565,-0.0762,0.968
11.640980924,0.1260,0.9695,-0.0855,0.981
11.64679177,0.1176,0.9834,-0.0933,0.995
11.647665847,0.1048,0.9979,-0.0931,1.008
11.648340693,0.0916,1.0063,-0.0926,1.015
11.654676924,0.0808,1.0164,-0.0904,1.024
11.655260616,0.0701,1.0177,-0.0923,1.024
11.655558154,0.0620,1.0181,-0.0967,1.025
11.657697,0.0606,1.0149,-0.1094,1.023
11.668911077,0.0566,1.0137,-0.1221,1.023
11.669488308,0.0577,1.0132,-0.1412,1.025
11.669681231,0.0610,1.0132,-0.1595,1.027
11.669867693,0.0608,1.0130,-0.1735,1.030
11.67003077,0.0635,1.0132,-0.1879,1.032
11.672426231,0.0687,1.0112,-0.1957,1.032
11.674796,0.0699,1.0032,-0.1933,1.024
11.677213308,0.0750,1.0035,-0.1833,1.023
11.679458539,0.0806,0.9986,-0.1761,1.017
11.682332693,0.0813,0.9968,-0.1635,1.013
11.684373,0.0840,0.9958,-0.1495,1.010
11.68678,0.0831,0.9995,-0.1378,1.012
11.689632308,0.0796,0.9975,-0.1397,1.010
11.692653847,0.0684,0.9956,-0.1519,1.009
11.693953616,0.0571,0.9981,-0.1627,1.013
11.696568077,0.0452,1.0061,-0.1798,1.023
11.699039462,0.0249,1.0152,-0.2001,1.035
11.701439154,0.0037,1.0224,-0.2110,1.044
11.70358,-0.0136,1.0264,-0.2071,1.047
11.706658539,-0.0276,1.0352,-0.1976,1.054
11.709217,-0.0397,1.0406,-0.1949,1.059
11.710892693,-0.0537,1.0445,-0.1891,1.063
11.713620077,-0.0654,1.0523,-0.1873,1.071
11.715892616,-0.0698,1.0531,-0.1930,1.073
11.718349231,-0.0803,1.0489,-0.2115,1.073
11.720665308,-0.0905,1.0431,-0.2264,1.071
11.723344,-0.1010,1.0376,-0.2529,1.073
11.725468077,-0.1091,1.0335,-0.2707,1.074
11.727904616,-0.1233,1.0249,-0.2726,1.068
11.730605616,-0.1399,1.0235,-0.2688,1.067
11.732787077,-0.1565,1.0235,-0.2607,1.068
11.735190231,-0.1763,1.0254,-0.2565,1.072
11.737607154,-0.1919,1.0271,-0.2546,1.075
11.740006154,-0.2115,1.0286,-0.2543,1.080
11.746799462,-0.2335,1.0342,-0.2578,1.091
11.747608616,-0.2574,1.0386,-0.2567,1.100
11.747857231,-0.2821,1.0435,-0.2526,1.110
11.756869,-0.2950,1.0564,-0.2597,1.127
11.758060077,-0.3060,1.0736,-0.2697,1.148
11.758459462,-0.3119,1.0999,-0.2627,1.173
11.758680385,-0.3197,1.1330,-0.2509,1.204
11.760329,-0.3317,1.1681,-0.2475,1.239
11.762171077,-0.3444,1.2106,-0.2401,1.281
11.764620385,-0.3563,1.2453,-0.2299,1.316
11.767860077,-0.3668,1.2765,-0.2240,1.347
11.768875385,-0.3871,1.3003,-0.2215,1.375
11.77137177,-0.4096,1.3259,-0.2167,1.405
11.774810154,-0.4418,1.3477,-0.2035,1.433
11.77687177,-0.4629,1.3638,-0.1896,1.453
11.778709616,-0.4824,1.3804,-0.1627,1.471
11.780765847,-0.5017,1.3911,-0.1214,1.484
11.783489539,-0.5124,1.4060,-0.0796,1.499
11.785633539,-0.5140,1.4144,-0.0349,1.505
11.788395154,-0.5193,1.4141,0.0062,1.506
11.790629924,-0.5191,1.4137,0.0473,1.507
11.793207154,-0.5123,1.4060,0.0771,1.498
11.795822847,-0.5003,1.4078,0.0908,1.497
11.798388616,-0.4844,1.4117,0.0966,1.496
11.80030377,-0.4624,1.4175,0.1248,1.496
11.80267877,-0.4341,1.4256,0.1749,1.500
11.805591462,-0.4067,1.4319,0.2179,1.504
11.808730154,-0.3857,1.4368,0.2524,1.509
11.810268385,-0.3705,1.4428,0.2782,1.515
11.812350847,-0.3637,1.4498,0.2787,1.520
11.814792077,-0.3647,1.4613,0.2574,1.528
11.817216385,-0.3705,1.4818,0.2112,1.542
11.819693001,-0.3740,1.5169,0.1516,1.570
11.822089539,-0.3803,1.5617,0.0913,1.610
11.82473077,-0.3789,1.6130,0.0421,1.657
11.827136001,-0.3749,1.6832,0.0087,1.724
11.829690539,-0.3693,1.7638,-0.0132,1.802
11.832111693,-0.3544,1.8434,-0.0225,1.877
11.834669847,-0.3251,1.9159,-0.0219,1.943
11.837331385,-0.2902,1.9702,-0.0212,1.992
11.839025308,-0.2499,2.0056,-0.0176,2.021
11.844173616,-0.1942,2.0193,-0.0154,2.029
11.844834539,-0.1318,2.0070,-0.0249,2.012
11.846470154,-0.0617,1.9711,-0.0469,1.973
11.852108077,0.0230,1.9171,-0.0675,1.918
11.852496693,0.1048,1.8453,-0.0733,1.850
11.853560616,0.1866,1.7652,-0.0493,1.776
11.855665924,0.2655,1.6743,-0.0086,1.695
11.865798231,0.3438,1.5847,0.0332,1.622
11.866417539,0.4202,1.5041,0.0644,1.563
11.866636308,0.4886,1.4263,0.0712,1.509
11.866865231,0.5558,1.3538,0.0595,1.465
11.867861616,0.6245,1.2812,0.0346,1.426
11.870109924,0.6951,1.2189,-0.0005,1.403
11.873364308,0.7584,1.1686,-0.0545,1.394
11.875389924,0.8229,1.1244,-0.1368,1.400
11.877481924,0.8795,1.1023,-0.2262,1.428
11.87992277,0.9240,1.0983,-0.3135,1.469
11.88196377,0.9580,1.1063,-0.3978,1.517
11.88437977,0.9978,1.1309,-0.4857,1.584
11.886987693,1.0291,1.1747,-0.5429,1.653
11.889664616,1.0528,1.2329,-0.5514,1.712
11.891723154,1.0617,1.3068,-0.5294,1.765
11.894389539,1.0498,1.3809,-0.5152,1.810
11.896904924,1.0391,1.4530,-0.5001,1.855
11.899727154,1.0342,1.5087,-0.4720,1.889
11.901459154,1.0351,1.5367,-0.4393,1.904
11.903917847,1.0232,1.5456,-0.4172,1.900
11.907635462,0.9841,1.5416,-0.4004,1.872
11.908648924,0.8935,1.5492,-0.3894,1.830
11.911104308,0.7535,1.5700,-0.4104,1.789
11.913599693,0.5986,1.5886,-0.4368,1.753
11.91614677,0.4573,1.5879,-0.4561,1.714
11.918793924,0.3017,1.5590,-0.4637,1.654
11.920838154,0.1705,1.5250,-0.4547,1.600
11.923611077,0.0466,1.4828,-0.4632,1.554
11.925580616,-0.0623,1.4407,-0.5250,1.535
11.928046539,-0.1616,1.4076,-0.6418,1.555
11.930524001,-0.2335,1.3750,-0.7842,1.600
11.933248001,-0.2538,1.3245,-0.8966,1.619
11.935426539,-0.3412,1.3269,-0.9848,1.687
11.938337308,-0.4544,1.3338,-1.0417,1.752
11.944177847,-0.6244,1.3411,-1.0425,1.810
11.944926462,-0.8426,1.3687,-0.9887,1.887
11.945771385,-1.0852,1.3841,-0.8668,1.961
11.947353539,-1.3698,1.4234,-0.7283,2.105
11.955055462,-1.6036,1.4493,-0.5450,2.229
11.955981539,-1.8213,1.4620,-0.2912,2.354
11.956194231,-2.1266,1.4999,-0.1123,2.605
11.956976616,-2.3537,1.5211,0.0882,2.804
11.959418462,-2.4578,1.5255,0.2726,2.906
11.962320077,-2.4364,1.5004,0.4024,2.890
11.967649616,-2.3190,1.4657,0.4243,2.776
11.968485616,-2.0888,1.3948,0.3354,2.534
11.96920377,-1.8284,1.3096,0.2680,2.265
11.971432001,-1.5918,1.2519,0.2569,2.041
11.973977539,-1.3859,1.2067,0.2005,1.849
11.97615177,-1.2073,1.1889,0.0737,1.696
11.978624001,-1.0470,1.1898,-0.0877,1.587
11.981426231,-0.9029,1.1931,-0.1297,1.502
11.983818462,-0.7991,1.1920,-0.1474,1.443
11.985917001,-0.7069,1.2033,-0.1698,1.406
11.98844377,-0.6373,1.2248,-0.1730,1.391
11.991191077,-0.5827,1.2570,-0.1840,1.398
11.992988308,-0.5643,1.2993,-0.2429,1.437
11.995929539,-0.5526,1.3259,-0.3518,1.479
11.998042231,-0.5396,1.3564,-0.3547,1.502
12.000457308,-0.5403,1.4036,-0.3398,1.542
12.002825847,-0.5235,1.4158,-0.3410,1.548
12.006389308,-0.5145,1.4317,-0.3149,1.554
12.00743077,-0.5066,1.4368,-0.3010,1.553
12.010084693,-0.4856,1.4376,-0.2934,1.545
12.013098847,-0.4597,1.4314,-0.2785,1.529
12.014985924,-0.4199,1.4195,-0.2653,1.504
12.018470462,-0.3759,1.3970,-0.2502,1.468
12.019680693,-0.3358,1.3778,-0.2541,1.441
12.022776385,-0.2943,1.3452,-0.2585,1.401
12.024444308,-0.2522,1.3217,-0.2807,1.375
12.026817924,-0.2115,1.2954,-0.3063,1.348
12.029673924,-0.1772,1.2707,-0.3203,1.322
12.031763462,-0.1614,1.2529,-0.3058,1.300
12.034052385,-0.1387,1.2182,-0.3369,1.271
12.036678847,-0.1145,1.1761,-0.3533,1.233
12.043386847,-0.0961,1.1405,-0.3482,1.196
12.044018539,-0.0820,1.1104,-0.3333,1.162
12.044358847,-0.0752,1.0813,-0.3205,1.130
12.046976693,-0.0808,1.0689,-0.3019,1.114
12.053962462,-0.0854,1.0531,-0.2934,1.096
12.054982231,-0.0913,1.0359,-0.2829,1.078
12.055222231,-0.0938,1.0264,-0.2685,1.065
12.056041231,-0.0940,1.0147,-0.2573,1.051
12.058122539,-0.1006,1.0056,-0.2511,1.041
12.060720924,-0.1071,0.9939,-0.2441,1.029
12.064505001,-0.1171,0.9865,-0.2406,1.022
12.06678677,-0.1174,0.9719,-0.2257,1.005
12.071992001,-0.1243,0.9734,-0.1949,1.000
12.072279693,-0.1243,0.9546,-0.2040,0.984
12.072736693,-0.1164,0.9294,-0.2115,0.960
12.075080616,-0.1101,0.9075,-0.2087,0.938
12.077652308,-0.1045,0.8820,-0.2010,0.911
12.08002377,-0.1003,0.8595,-0.1984,0.888
12.083010847,-0.0989,0.8337,-0.1984,0.863
12.084700001,-0.1006,0.8104,-0.1982,0.840
12.087298462,-0.0938,0.7777,-0.1810,0.804
12.089507462,-0.0825,0.7479,-0.1725,0.772
12.091818231,-0.0673,0.7174,-0.1712,0.741
12.094529924,-0.0546,0.6870,-0.1679,0.709
12.096848385,-0.0419,0.6578,-0.1539,0.677
12.09902777,-0.0321,0.6264,-0.1478,0.644
12.101544308,-0.0246,0.6035,-0.1419,0.620
12.103953231,-0.0106,0.5828,-0.1344,0.598
12.10622777,-0.0104,0.5654,-0.1197,0.578
12.108694462,-0.0124,0.5441,-0.1067,0.555
12.111768385,-0.0170,0.5258,-0.0867,0.533
12.114039154,-0.0129,0.5080,-0.0740,0.513
12.117257924,-0.0109,0.4913,-0.0631,0.495
12.118449308,-0.0002,0.4699,-0.0440,0.472
12.122311462,0.0034,0.4523,-0.0303,0.453
12.12987477,0.0147,0.4361,-0.0347,0.438
12.130199154,0.0263,0.4176,-0.0554,0.422
12.130508616,0.0263,0.4058,-0.0750,0.414
12.130722462,0.0259,0.3929,-0.0747,0.401
12.132766539,0.0312,0.3819,-0.0696,0.389
12.136037847,0.0323,0.3724,-0.0547,0.378
12.137996001,0.0359,0.3658,-0.0469,0.371
12.140380001,0.0384,0.3548,-0.0449,0.360
12.142572924,0.0359,0.3457,-0.0428,0.350
12.145235154,0.0344,0.3394,-0.0344,0.343
12.148513001,0.0305,0.3352,-0.0415,0.339
12.150653001,0.0228,0.3333,-0.0547,0.338
12.152225231,0.0168,0.3250,-0.0726,0.333
12.156178539,0.0188,0.3208,-0.0975,0.336
12.15709577,0.0181,0.3186,-0.1172,0.340
12.159490539,0.0166,0.3126,-0.1346,0.341
12.162512077,0.0168,0.3138,-0.1383,0.343
12.167911154,0.0195,0.3089,-0.1395,0.339
12.168289539,0.0168,0.3098,-0.1449,0.342
12.170748385,0.0130,0.3126,-0.1402,0.343
12.171348308,0.0105,0.3130,-0.1373,0.342
12.173752924,0.0068,0.3159,-0.1263,0.340
12.17635877,0.0051,0.3215,-0.1038,0.338
12.180175385,-0.0065,0.3259,-0.0926,0.339
12.181501231,-0.0178,0.3336,-0.0860,0.345
12.183627462,-0.0223,0.3392,-0.0818,0.350
12.185978462,-0.0430,0.3431,-0.0771,0.354
12.188529924,-0.0691,0.3550,-0.0715,0.369
12.191031077,-0.0791,0.3520,-0.0635,0.366
12.193426847,-0.0756,0.3357,-0.0577,0.349
12.195668308,-0.0847,0.3315,-0.0638,0.348
12.198025924,-0.0926,0.3182,-0.0689,0.338
12.200535077,-0.0905,0.3066,-0.0733,0.328
12.203113924,-0.0942,0.2942,-0.0789,0.319
12.205428693,-0.1020,0.2832,-0.0815,0.312
12.207885539,-0.1089,0.2737,-0.0845,0.306
12.210467154,-0.1118,0.2642,-0.0864,0.300
12.212688308,-0.1211,0.2527,-0.0872,0.293
12.214962462,-0.1297,0.2451,-0.0845,0.290
12.217535154,-0.1385,0.2385,-0.0820,0.288
12.219939154,-0.1458,0.2351,-0.0794,0.288
12.222279385,-0.1546,0.2290,-0.0796,0.288
12.224867385,-0.1673,0.2297,-0.0738,0.294
12.227533231,-0.1776,0.2299,-0.0699,0.299
12.229814231,-0.1921,0.2299,-0.0615,0.306
12.231839385,-0.2081,0.2304,-0.0510,0.315
12.234156693,-0.2208,0.2262,-0.0442,0.319
12.240992924,-0.2406,0.2206,-0.0424,0.329
12.241665847,-0.2569,0.2155,-0.0550,0.340
12.242035154,-0.2772,0.2126,-0.0762,0.358
12.243913847,-0.3002,0.2101,-0.1092,0.382
12.247520924,-0.3244,0.2016,-0.1370,0.406
12.248957231,-0.3517,0.1969,-0.1586,0.433
12.251801308,-0.3801,0.1884,-0.1681,0.456
12.260908077,-0.4038,0.1771,-0.1735,0.474
12.262076385,-0.4278,0.1661,-0.1798,0.493
12.262400077,-0.4474,0.1554,-0.1889,0.510
12.262708077,-0.4660,0.1437,-0.1871,0.522
12.263188077,-0.4781,0.1335,-0.1830,0.529
12.265559077,-0.4898,0.1293,-0.1786,0.537
12.269366462,-0.4954,0.1270,-0.1763,0.541
12.271623385,-0.5030,0.1307,-0.1670,0.546
12.272709616,-0.5059,0.1395,-0.1465,0.545
12.276420693,-0.5110,0.1510,-0.1211,0.546
12.27809477,-0.5189,0.1703,-0.0936,0.554
12.279897847,-0.5318,0.1887,-0.0687,0.568
12.282504001,-0.5455,0.2097,-0.0442,0.586
12.284920693,-0.5664,0.2321,-0.0284,0.613
12.287564616,-0.5927,0.2521,-0.0328,0.645
12.28984777,-0.6212,0.2676,-0.0613,0.679
12.292145308,-0.6505,0.2810,-0.1097,0.717
12.295109308,-0.6857,0.2851,-0.1712,0.762
12.296871462,-0.7265,0.2896,-0.2343,0.816
12.299546847,-0.7649,0.2935,-0.3063,0.875
12.302092077,-0.7814,0.2917,-0.3773,0.915
12.304587154,-0.8030,0.2966,-0.4398,0.962
12.306607693,-0.8294,0.3059,-0.4930,1.012
12.309573924,-0.8580,0.3196,-0.5345,1.060
12.31174377,-0.8883,0.3326,-0.5648,1.104
12.313811693,-0.9137,0.3536,-0.5837,1.140
12.316466847,-0.9403,0.3807,-0.5886,1.173
12.319585001,-0.9669,0.4037,-0.5849,1.200
12.321068308,-0.9913,0.4315,-0.5653,1.220
12.323402462,-1.0158,0.4596,-0.5416,1.240
12.326299385,-1.0468,0.4767,-0.5082,1.258
12.328643385,-1.0812,0.4908,-0.4774,1.280
12.330777231,-1.1164,0.4945,-0.4481,1.301
12.333493847,-1.1534,0.4918,-0.4265,1.324
12.336464001,-1.1921,0.4901,-0.4155,1.354
12.338044001,-1.2259,0.4771,-0.4053,1.377
12.340563693,-1.2591,0.4584,-0.3931,1.396
12.343268693,-1.2904,0.4310,-0.3845,1.414
12.345309231,-1.3114,0.3990,-0.3787,1.422
12.34773577,-1.3337,0.3655,-0.3797,1.434
12.350753847,-1.3468,0.3336,-0.3855,1.440
12.356063154,-1.3505,0.3052,-0.3845,1.437
12.356958231,-1.3444,0.2730,-0.3755,1.422
12.357473231,-1.3332,0.2470,-0.3684,1.405
12.363825001,-1.3190,0.2270,-0.3631,1.387
12.364388693,-1.2969,0.2118,-0.3566,1.362
12.364637308,-1.2657,0.1999,-0.3547,1.330
12.366773231,-1.2328,0.2013,-0.3489,1.297
12.376107385,-1.2021,0.1996,-0.3381,1.265
12.376636385,-1.1775,0.2031,-0.3252,1.238
12.376810847,-1.1550,0.2123,-0.3144,1.216
12.37704777,-1.1313,0.2104,-0.3068,1.191
12.378690462,-1.1128,0.2129,-0.3026,1.173
12.381619154,-1.0905,0.2123,-0.2976,1.150
12.383772693,-1.0749,0.2104,-0.2919,1.134
12.386693847,-1.0505,0.2150,-0.2599,1.103
12.388776616,-1.0123,0.2311,-0.1668,1.052
12.39182777,-0.9901,0.2192,-0.1759,1.029
12.394176001,-0.9771,0.1540,-0.3398,1.046
12.395686231,-0.9324,0.0457,-0.5108,1.064
12.39834677,-0.8714,-0.0514,-0.5467,1.030
12.400744924,-0.8231,-0.0996,-0.6471,1.052
12.403398462,-0.7895,-0.0480,-0.9902,1.267
12.405464385,-0.7875,0.1393,-1.4085,1.620
12.408104001,-0.8816,0.4718,-1.7207,1.990
12.410326847,-1.0170,0.9171,-1.9806,2.408
12.413284616,-1.1636,1.3694,-2.1910,2.834
12.415496924,-1.3735,1.8183,-2.1773,3.152
12.417980616,-1.7336,2.3286,-1.9335,3.488
12.420274539,-2.3029,2.9120,-1.3275,3.943
12.42239877,-2.7621,3.2091,-0.7584,4.301
12.42500677,-3.0013,3.1732,0.0933,4.369
12.427385231,-3.1142,3.0083,1.1113,4.470
12.429605616,-3.1012,2.8006,2.0316,4.646
12.432152308,-2.9383,2.5737,2.7013,4.749
12.434600385,-2.6312,2.3147,3.0661,4.656
12.436641924,-2.2642,2.1050,3.2009,4.450
12.439111693,-1.8582,1.9324,2.9964,4.021
12.441730231,-1.4902,1.7771,2.7729,3.615
12.447108616,-1.1993,1.6667,2.3864,3.148
12.447811462,-0.9440,1.5730,1.9270,2.661
12.449008616,-0.7324,1.4706,1.1047,1.980
12.454752616,-0.3866,1.2502,-0.8023,1.535
12.45528277,0.0982,0.9301,-1.7488,1.983
12.456237001,0.4903,0.6255,-1.9352,2.092
12.459095077,0.7170,0.3729,-2.0095,2.166
12.468435077,0.8754,0.0797,-2.2022,2.371
12.469079462,1.0298,-0.2750,-2.2406,2.481
12.469391077,1.1090,-0.5112,-2.1790,2.498
12.469601308,1.1251,-0.5925,-1.9589,2.335
12.470341231,1.0359,-0.5266,-1.7989,2.142
12.472924693,0.8661,-0.3739,-1.6000,1.857
12.476507462,0.6538,-0.1513,-1.3696,1.525
12.47782377,0.3845,0.1039,-1.1138,1.183
12.480785308,0.1679,0.3375,-0.8443,0.925
12.483372077,-0.0129,0.5118,-0.5602,0.759
12.486573001,-0.1147,0.6504,-0.3024,0.726
12.487516616,-0.0969,0.6331,-0.2017,0.671
12.490184077,-0.0766,0.6304,0.0430,0.637
12.492877231,-0.1890,0.8039,0.2650,0.867
12.494813616,-0.2960,0.9485,0.3933,1.069
12.497292385,-0.3940,1.0466,0.4834,1.218
12.499748693,-0.4898,1.1046,0.5110,1.312
12.502258231,-0.5909,1.1393,0.4746,1.368
12.504392001,-0.6952,1.1661,0.3852,1.411
12.507292924,-0.7866,1.1794,0.2655,1.442
12.510351462,-0.8448,1.1771,0.1238,1.454
12.511907154,-0.8775,1.1740,-0.0154,1.466
12.514114231,-0.8765,1.1671,-0.1586,1.468
12.51811177,-0.8582,1.1610,-0.2785,1.470
12.519127462,-0.8252,1.1540,-0.3608,1.464
12.521069001,-0.7849,1.1456,-0.3987,1.445
12.523775462,-0.7588,1.1356,-0.3950,1.422
12.526776001,-0.7446,1.1195,-0.3603,1.392
12.528484308,-0.7113,1.1043,-0.3135,1.350
12.53140377,-0.6982,1.0818,-0.2721,1.316
12.535160616,-0.7006,1.0543,-0.2387,1.288
12.535930462,-0.7118,1.0242,-0.2096,1.265
12.538094847,-0.7260,1.0076,-0.1884,1.256
12.540943154,-0.7351,0.9963,-0.1644,1.249
12.543020616,-0.7419,0.9907,-0.1373,1.245
12.546552077,-0.7385,0.9924,-0.1082,1.242
12.548007154,-0.7363,0.9993,-0.0831,1.244
12.553697539,-0.7373,1.0210,-0.0638,1.261
12.554474231,-0.7292,1.0376,-0.0445,1.269
12.555145616,-0.7076,1.0496,-0.0256,1.266
12.558323462,-0.6852,1.0569,-0.0053,1.260
12.56244377,-0.6544,1.0640,0.0087,1.249
12.562995154,-0.6261,1.0664,0.0165,1.237
12.564567462,-0.5848,1.0601,0.0143,1.211
12.575225616,-0.5455,1.0538,0.0018,1.187
12.576188693,-0.5000,1.0403,-0.0158,1.154
12.576696308,-0.4646,1.0210,-0.0396,1.122
12.57732777,-0.4304,0.9966,-0.0713,1.088
12.577770847,-0.4006,0.9741,-0.1074,1.059
12.579176001,-0.3915,0.9534,-0.1429,1.040
12.581368077,-0.3833,0.9321,-0.1824,1.024
12.584148308,-0.3879,0.9120,-0.2211,1.015
12.586342154,-0.3969,0.8989,-0.2518,1.014
12.589455154,-0.4099,0.8891,-0.2790,1.018
12.592366231,-0.4248,0.8833,-0.2981,1.024
12.59344377,-0.4411,0.8849,-0.3037,1.034
12.595949001,-0.4600,0.8925,-0.2914,1.046
12.599051462,-0.4741,0.9071,-0.2760,1.060
12.601924924,-0.4898,0.9269,-0.2516,1.078
12.603436616,-0.4973,0.9478,-0.2284,1.094
12.606139693,-0.4968,0.9646,-0.2110,1.105
12.608688077,-0.4927,0.9861,-0.2015,1.121
12.610682539,-0.4854,1.0024,-0.1908,1.130
12.612835077,-0.4721,1.0112,-0.1815,1.131
12.615305001,-0.4507,1.0230,-0.1781,1.132
12.617882231,-0.4272,1.0303,-0.1901,1.131
12.620432001,-0.4011,1.0342,-0.2022,1.128
12.622864001,-0.3710,1.0330,-0.2138,1.118
12.624953924,-0.3479,1.0357,-0.2238,1.115
12.627612385,-0.3200,1.0373,-0.2250,1.109
12.629901616,-0.3011,1.0450,-0.2271,1.111
12.632164616,-0.2921,1.0615,-0.2255,1.124
12.634432308,-0.2845,1.0685,-0.2250,1.128
12.637080924,-0.2892,1.0753,-0.2169,1.134
12.639516308,-0.3097,1.0838,-0.2106,1.147
12.644603385,-0.3176,1.0804,-0.2003,1.144
12.645447154,-0.3241,1.0760,-0.1947,1.141
12.647017924,-0.3281,1.0676,-0.2008,1.135
12.653902462,-0.3272,1.0552,-0.2094,1.124
12.654770847,-0.3270,1.0347,-0.2201,1.107
12.655069308,-0.3253,1.0171,-0.2304,1.092
12.657021616,-0.3309,0.9956,-0.2338,1.075
12.664575385,-0.3388,0.9714,-0.2250,1.053
12.665312616,-0.3417,0.9506,-0.2128,1.032
12.66556277,-0.3427,0.9269,-0.1954,1.007
12.665981924,-0.3405,0.9138,-0.1877,0.993
12.668188616,-0.3334,0.9013,-0.1810,0.978
12.670628308,-0.3232,0.8954,-0.1781,0.968
12.673293001,-0.3225,0.9013,-0.1740,0.973
12.675433231,-0.3190,0.9257,-0.1805,0.996
12.677955462,-0.3036,0.9218,-0.1759,0.986
12.680568924,-0.3007,0.9152,-0.1747,0.979
12.682604693,-0.2997,0.9126,-0.1893,0.979
12.685095385,-0.2997,0.9111,-0.2098,0.982
12.687757847,-0.2999,0.9082,-0.2276,0.983
12.690978462,-0.2997,0.9052,-0.2467,0.985
12.69227177,-0.2970,0.9071,-0.2699,0.992
12.694753847,-0.2960,0.9096,-0.2870,0.999
12.697314539,-0.3011,0.9169,-0.2951,1.009
12.699736385,-0.3088,0.9260,-0.2970,1.020
12.701999154,-0.3121,0.9362,-0.2925,1.029
12.704742154,-0.3134,0.9399,-0.2851,1.031
12.707703462,-0.3141,0.9458,-0.2699,1.032
12.709544077,-0.3134,0.9478,-0.2614,1.032
12.711883462,-0.3163,0.9473,-0.2529,1.030
12.714357539,-0.3144,0.9446,-0.2487,1.026
12.716786231,-0.3021,0.9331,-0.2504,1.012
12.719575385,-0.2902,0.9211,-0.2567,0.999
12.721619462,-0.2834,0.9115,-0.2639,0.990
12.724294462,-0.2718,0.9008,-0.2748,0.980
12.726768077,-0.2648,0.8889,-0.2832,0.970
12.729140001,-0.2540,0.8766,-0.2858,0.956
12.731086462,-0.2420,0.8688,-0.2849,0.946
12.733482462,-0.2366,0.8591,-0.2780,0.933
12.736296693,-0.2301,0.8579,-0.2778,0.931
12.738509847,-0.2196,0.8524,-0.2707,0.921
12.742571462,-0.2110,0.8493,-0.2621,0.914
12.743403693,-0.2047,0.8451,-0.2514,0.905
12.745485924,-0.1914,0.8424,-0.2438,0.898
12.754610847,-0.1821,0.8405,-0.2362,0.892
12.755525847,-0.1781,0.8412,-0.2294,0.890
12.755958847,-0.1707,0.8424,-0.2257,0.889
12.756224616,-0.1607,0.8486,-0.2196,0.891
12.765896616,-0.1504,0.8579,-0.2128,0.897
12.766693616,-0.1421,0.8666,-0.2038,0.902
12.767459462,-0.1326,0.8805,-0.1917,0.911
12.767733616,-0.1184,0.8977,-0.1766,0.922
12.767981308,-0.1052,0.9160,-0.1686,0.937
12.769488308,-0.0861,0.9331,-0.1663,0.952
12.772011077,-0.0696,0.9509,-0.1691,0.968
12.774609616,-0.0500,0.9697,-0.1771,0.987
12.777266462,-0.0363,0.9846,-0.1810,1.002
12.779528001,-0.0232,1.0003,-0.1884,1.018
12.782154231,-0.0173,1.0084,-0.1949,1.027
12.783925616,-0.0158,1.0135,-0.1991,1.033
12.786841847,-0.0522,1.0152,-0.2054,1.037
12.789340616,-0.0679,1.0235,-0.2025,1.046
12.791615462,-0.0703,1.0259,-0.2008,1.048
12.793724308,-0.0752,1.0240,-0.1868,1.044
12.796438154,-0.0784,1.0198,-0.1730,1.037
12.798969616,-0.1152,1.0147,-0.1486,1.032
12.800938231,-0.0923,0.9912,-0.1796,1.012
12.803755154,-0.0703,0.9883,-0.1069,0.997
12.807430154,-0.0353,0.9756,-0.1180,0.983
12.808574462,-0.0131,0.9614,-0.1069,0.967
12.810533539,0.0163,0.9399,-0.1069,0.946
12.812999385,0.0308,0.9204,-0.1129,0.928
12.815434847,0.0428,0.8971,-0.1336,0.908
12.818047693,0.0508,0.8733,-0.1400,0.886
12.820331385,0.0489,0.8502,-0.1514,0.865
12.822955385,0.0371,0.8358,-0.1610,0.852
12.824997001,0.0212,0.8300,-0.1661,0.847
12.827422539,-0.0021,0.8288,-0.1707,0.846
12.830426462,-0.0211,0.8305,-0.1656,0.847
12.83219577,-0.0461,0.8414,-0.1612,0.858
12.835269924,-0.0668,0.8559,-0.1530,0.872
12.837385616,-0.0805,0.8723,-0.1385,0.887
12.840202847,-0.0869,0.8847,-0.1165,0.897
12.842038231,-0.0891,0.9035,-0.0955,0.913
12.84457177,-0.0869,0.9211,-0.0855,0.929
12.846851385,-0.0737,0.9380,-0.0764,0.944
12.852638539,-0.0635,0.9604,-0.0640,0.965
12.853705231,-0.0500,0.9865,-0.0582,0.990
12.854379154,-0.0381,1.0117,-0.0596,1.014
12.861892001,-0.0216,1.0345,-0.0620,1.037
12.862665001,-0.0048,1.0555,-0.0664,1.058
12.863101616,0.0142,1.0745,-0.0740,1.077
12.863577308,0.0242,1.0892,-0.0794,1.092
12.874229539,0.0340,1.1014,-0.0867,1.105
12.875181001,0.0391,1.1100,-0.0848,1.114
12.87556777,0.0445,1.1114,-0.0767,1.115
12.875799154,0.0464,1.1132,-0.0857,1.117
12.876228308,0.0445,1.1100,-0.1043,1.116
12.878238462,0.0386,1.1070,-0.1275,1.115
12.881644077,0.0254,1.1011,-0.1568,1.113
12.882814231,0.0090,1.0967,-0.1800,1.111
12.885658462,-0.0065,1.0904,-0.1957,1.108
12.890216385,-0.0244,1.0894,-0.2022,1.108
12.890544001,-0.0353,1.0870,-0.2033,1.106
12.89282377,-0.0473,1.0838,-0.2042,1.104
12.895284385,-0.0568,1.0769,-0.2157,1.100
12.897711693,-0.0605,1.0706,-0.2252,1.096
12.899671385,-0.0617,1.0633,-0.2360,1.091
12.902341001,-0.0656,1.0606,-0.2467,1.091
12.904733231,-0.0688,1.0582,-0.2475,1.089
12.907031385,-0.0717,1.0538,-0.2548,1.087
12.909351385,-0.0793,1.0545,-0.2555,1.088
12.911896001,-0.0874,1.0627,-0.2434,1.094
12.914189539,-0.1020,1.0748,-0.2345,1.105
12.916643154,-0.1164,1.0862,-0.2397,1.118
12.919283154,-0.1320,1.0936,-0.2485,1.129
12.922491077,-0.1516,1.0990,-0.2457,1.136
12.923921539,-0.1748,1.0990,-0.2490,1.140
12.926896616,-0.2083,1.0960,-0.2553,1.144
12.929017847,-0.2398,1.0962,-0.2531,1.150
12.93173977,-0.2785,1.0936,-0.2401,1.154
12.933498154,-0.3158,1.0909,-0.2284,1.158
12.936382154,-0.3544,1.0904,-0.2098,1.166
12.942527154,-0.3906,1.0960,-0.1893,1.179
12.943282462,-0.4216,1.0997,-0.1676,1.190
12.943993616,-0.4490,1.0987,-0.1478,1.196
12.947162462,-0.4768,1.0958,-0.1427,1.204
12.950698462,-0.4981,1.0894,-0.1414,1.206
12.951158231,-0.5093,1.0826,-0.1370,1.204
12.952909539,-0.5091,1.0697,-0.1248,1.191
12.963553847,-0.5030,1.0615,-0.1148,1.180
12.964179154,-0.4954,1.0523,-0.1021,1.168
12.96436377,-0.4954,1.0513,-0.1038,1.167
12.964581616,-0.5010,1.0589,-0.1026,1.176
12.964761308,-0.5056,1.0701,-0.0904,1.187
12.967286231,-0.5022,1.0821,-0.0654,1.195
12.969845847,-0.4922,1.0906,-0.0279,1.197
12.972296077,-0.4817,1.1007,0.0155,1.202
12.974779385,-0.4725,1.1209,0.0623,1.218
12.977049924,-0.4656,1.1491,0.0915,1.243
12.980516385,-0.4632,1.1806,0.1052,1.273
12.982662847,-0.4609,1.2080,0.1071,1.297
12.984348693,-0.4629,1.2245,0.1035,1.313
12.986755693,-0.4588,1.2372,0.0986,1.323
12.989027693,-0.4526,1.2467,0.0859,1.329
12.99131877,-0.4480,1.2612,0.0600,1.340
12.99397477,-0.4423,1.2863,0.0232,1.360
12.996791154,-0.4409,1.3174,-0.0112,1.389
12.998608616,-0.4409,1.3540,-0.0424,1.425
13.001068924,-0.4367,1.3934,-0.0691,1.462
13.004590154,-0.4299,1.4359,-0.0957,1.502
13.005771154,-0.4236,1.4813,-0.1236,1.546
13.008235462,-0.4089,1.5262,-0.1546,1.588
13.010903693,-0.3989,1.5707,-0.1824,1.631
13.01435177,-0.3810,1.6162,-0.1982,1.672
13.015573001,-0.3584,1.6618,-0.1971,1.711
13.018252693,-0.3324,1.6990,-0.1800,1.741
13.021363385,-0.2936,1.7361,-0.1363,1.766
13.022775385,-0.2582,1.7601,-0.0823,1.781
13.025221847,-0.2156,1.7701,-0.0291,1.783
13.027643462,-0.1778,1.7708,0.0209,1.780
13.03005577,-0.1446,1.7622,0.0563,1.769
13.032743154,-0.1069,1.7384,0.0808,1.744
13.034960693,-0.0786,1.7041,0.0845,1.708
13.037333001,-0.0517,1.6692,0.0730,1.672
13.039529924,-0.0256,1.6255,0.0519,1.627
13.042710539,0.0039,1.5819,0.0312,1.582
13.044568077,0.0239,1.5380,0.0155,1.538
13.046945308,0.0542,1.4933,0.0155,1.494
13.049987693,0.0877,1.4559,0.0339,1.459
13.051913539,0.1229,1.4134,0.0693,1.420
13.058114847,0.1627,1.3729,0.0984,1.386
13.058735077,0.2008,1.3345,0.1091,1.354
13.059097924,0.2365,1.3037,0.0930,1.328
13.066065539,0.2709,1.2737,0.0624,1.304
13.06675077,0.3035,1.2370,0.0078,1.274
13.067073001,0.3337,1.2055,-0.0642,1.252
13.069448001,0.3555,1.1803,-0.1339,1.240
13.080118847,0.3804,1.1556,-0.2054,1.234
13.081204078,0.4011,1.1339,-0.2604,1.231
13.081672924,0.4309,1.1209,-0.3100,1.240
13.081941616,0.4598,1.1139,-0.3398,1.252
13.082339385,0.4938,1.1181,-0.3333,1.267
13.088549924,0.5269,1.1281,-0.3127,1.284
13.088896308,0.5707,1.1368,-0.2953,1.306
13.08946677,0.6110,1.1593,-0.2851,1.341
13.090645847,0.6420,1.1891,-0.2792,1.380
13.092929001,0.6699,1.2164,-0.2897,1.419
13.095552078,0.6899,1.2411,-0.3252,1.457
13.097720078,0.6943,1.2612,-0.3718,1.487
13.099927385,0.6853,1.2753,-0.4139,1.506
13.102353539,0.6675,1.2858,-0.4470,1.516
13.104628924,0.6471,1.2886,-0.4624,1.514
13.107000924,0.6235,1.2812,-0.4388,1.491
13.10943477,0.5917,1.2727,-0.3836,1.455
13.112193308,0.5580,1.2646,-0.3252,1.420
13.114262539,0.5069,1.2556,-0.2814,1.383
13.116962231,0.4256,1.2634,-0.2521,1.357
13.119336308,0.3247,1.2858,-0.2296,1.346
13.121658154,0.2084,1.3071,-0.2113,1.340
13.12405177,0.0838,1.3271,-0.2010,1.345
13.12670377,-0.0456,1.3445,-0.1901,1.359
13.12893977,-0.1865,1.3582,-0.1824,1.383
13.131418154,-0.3361,1.3704,-0.2077,1.426
13.134211462,-0.4814,1.3829,-0.2629,1.488
13.136129001,-0.6173,1.3841,-0.3371,1.553
13.138588924,-0.7038,1.3729,-0.4024,1.594
13.141011154,-0.7480,1.3729,-0.4370,1.623
13.143335078,-0.8017,1.3690,-0.4395,1.646
13.145849231,-0.8921,1.3616,-0.4006,1.676
13.14799877,-1.0038,1.3725,-0.3112,1.729
13.150858231,-1.1226,1.3858,-0.1903,1.794
13.154512308,-1.2259,1.3958,-0.0552,1.859
13.155863693,-1.3080,1.4095,0.0134,1.923
13.157861924,-1.3595,1.4109,0.0444,1.960
13.160168001,-1.3820,1.3973,0.0373,1.966
13.162450462,-1.4010,1.3826,0.0075,1.968
13.164918462,-1.4145,1.3687,-0.0577,1.969
13.167661308,-1.4140,1.3538,-0.1309,1.962
13.172379693,-1.4159,1.3528,-0.0960,1.961
13.173097231,-1.3891,1.3467,-0.0731,1.936
13.174929001,-1.3185,1.3322,-0.1021,1.877
13.177577616,-1.2317,1.3215,-0.0913,1.809
13.179534462,-1.1709,1.3289,-0.0566,1.772
13.181929847,-1.0942,1.3171,-0.0764,1.714
13.184368385,-1.0187,1.3179,-0.0880,1.668
13.187567154,-0.9605,1.3228,-0.0743,1.636
13.189238847,-0.8965,1.3320,-0.0764,1.607
13.191929847,-0.8259,1.3252,-0.0926,1.564
13.194261231,-0.7402,1.3125,-0.1180,1.511
13.196290154,-0.6923,1.3208,-0.1728,1.501
13.199641924,-0.6798,1.3804,-0.2506,1.559
13.201404001,-0.6740,1.4276,-0.2865,1.604
13.203714847,-0.6424,1.4515,-0.3179,1.619
13.206002231,-0.5890,1.4556,-0.3706,1.613
13.208984924,-0.5340,1.4432,-0.3918,1.588
13.210978231,-0.4939,1.4193,-0.4207,1.561
13.213765308,-0.4588,1.3967,-0.4619,1.541
13.216640385,-0.4282,1.3741,-0.4910,1.521
13.220889616,-0.3845,1.3457,-0.4798,1.480
13.222484001,-0.3463,1.3154,-0.4586,1.435
13.223288001,-0.3188,1.2963,-0.4317,1.403
13.226632616,-0.2897,1.2783,-0.4256,1.378
13.227812078,-0.2571,1.2616,-0.4172,1.353
13.230844385,-0.2384,1.2470,-0.4039,1.332
13.233318847,-0.2337,1.2309,-0.3820,1.310
13.236292616,-0.2310,1.2141,-0.3720,1.291
13.237277308,-0.2386,1.1959,-0.3547,1.270
13.239925847,-0.2471,1.1828,-0.3291,1.252
13.242849001,-0.2643,1.1730,-0.2921,1.237
13.244832308,-0.2946,1.1579,-0.2524,1.221
13.247032385,-0.3195,1.1376,-0.2201,1.202
13.249704078,-0.3386,1.1270,-0.2010,1.194
13.255424924,-0.3596,1.1181,-0.1856,1.189
13.256224924,-0.3784,1.1043,-0.1644,1.179
13.257213847,-0.3977,1.0941,-0.1635,1.176
13.259003078,-0.4155,1.0787,-0.1735,1.169
13.265468924,-0.4370,1.0673,-0.1852,1.168
13.266006462,-0.4523,1.0562,-0.1937,1.165
13.266207385,-0.4624,1.0443,-0.1982,1.159
13.277183078,-0.4812,1.0293,-0.2120,1.156
13.277652001,-0.4912,1.0188,-0.2331,1.155
13.277913308,-0.4944,1.0024,-0.2434,1.144
13.278166847,-0.4961,0.9905,-0.2482,1.135
13.278820616,-0.4937,0.9763,-0.2423,1.121
13.280692924,-0.5037,0.9739,-0.2213,1.119
13.283277924,-0.4873,0.9641,-0.2101,1.101
13.285935693,-0.4700,0.9565,-0.1940,1.083
13.288013924,-0.4521,0.9523,-0.1752,1.069
13.290567078,-0.4301,0.9438,-0.1928,1.055
13.293489924,-0.4001,0.9264,-0.2015,1.029
13.295170462,-0.3664,0.9101,-0.2201,1.005
13.298044693,-0.3342,0.8947,-0.2301,0.982
13.300437539,-0.3014,0.8845,-0.2284,0.962
13.30252277,-0.2738,0.8822,-0.2175,0.949
13.305081924,-0.2428,0.8777,-0.1957,0.931
13.307818154,-0.2059,0.8684,-0.1784,0.910
13.310336001,-0.1599,0.8676,-0.1495,0.895
13.312155154,-0.1394,0.8651,-0.1297,0.886
13.314837924,-0.1118,0.8591,-0.1324,0.876
13.317089847,-0.0903,0.8542,-0.1185,0.867
13.31938777,-0.0712,0.8466,-0.0965,0.855
13.322116924,-0.0514,0.8346,-0.0874,0.841
13.324548308,-0.0375,0.8151,-0.0784,0.820
13.326815078,-0.0285,0.7941,-0.0699,0.798
13.328998847,-0.0121,0.7736,-0.0659,0.776
13.331612308,-0.0038,0.7452,-0.0703,0.749
13.335372385,0.0012,0.7195,-0.0757,0.723
13.336150847,0.0021,0.6870,-0.0794,0.692
13.339060616,-0.0006,0.6562,-0.0877,0.662
13.341231154,-0.0111,0.6243,-0.0987,0.632
13.343692616,-0.0276,0.5922,-0.1074,0.603
13.346252693,-0.0483,0.5627,-0.1236,0.578
13.348653001,-0.0724,0.5332,-0.1427,0.557
13.354261616,-0.1008,0.5041,-0.1586,0.538
13.354869924,-0.1329,0.4759,-0.1649,0.521
13.356353308,-0.1611,0.4533,-0.1710,0.511
13.35796677,-0.1912,0.4359,-0.1717,0.506
13.364526154,-0.2168,0.4230,-0.1717,0.505
13.365400308,-0.2386,0.4112,-0.1617,0.502
13.365857231,-0.2628,0.4024,-0.1532,0.504
13.376559693,-0.2813,0.3944,-0.1292,0.501
13.377031462,-0.2934,0.3885,-0.1151,0.500
13.377585924,-0.3070,0.3811,-0.1046,0.500
13.377757231,-0.3170,0.3736,-0.0955,0.499
13.378012693,-0.3239,0.3665,-0.0850,0.496
13.380017308,-0.3270,0.3594,-0.0666,0.490
13.382450154,-0.3302,0.3541,-0.0528,0.487
13.38475477,-0.3330,0.3480,-0.0447,0.484
13.388245001,-0.3365,0.3387,-0.0445,0.480
13.389500308,-0.3349,0.3301,-0.0589,0.474
13.392553924,-0.3277,0.3215,-0.0747,0.465
13.394051462,-0.3160,0.3101,-0.0869,0.451
13.396430539,-0.3021,0.3064,-0.0989,0.442
13.399089924,-0.2862,0.3024,-0.1116,0.431
13.401821308,-0.2701,0.2968,-0.1116,0.417
13.403714154,-0.2496,0.2959,-0.1048,0.401
13.406243462,-0.2252,0.2935,-0.0943,0.382
13.408672693,-0.1995,0.2903,-0.0897,0.363
13.411528308,-0.1702,0.2863,-0.0836,0.343
13.413591078,-0.1401,0.2779,-0.0784,0.321
13.416013231,-0.1147,0.2678,-0.0762,0.301
13.418517924,-0.0920,0.2561,-0.0782,0.283
13.420604308,-0.0693,0.2429,-0.0774,0.264
13.423793847,-0.0478,0.2260,-0.0759,0.243
13.426109539,-0.0304,0.2138,-0.0845,0.232
13.428760385,-0.0139,0.1957,-0.0938,0.217
13.430942462,-0.0026,0.1818,-0.1026,0.209
13.433913924,0.0058,0.1640,-0.1090,0.197
13.435117539,0.0102,0.1496,-0.1136,0.188
13.438434539,0.0081,0.1356,-0.1155,0.178
13.440092924,0.0017,0.1237,-0.1216,0.173
13.442620308,-0.0104,0.1146,-0.1314,0.175
13.445247462,-0.0283,0.1093,-0.1405,0.180
13.447329001,-0.0488,0.1097,-0.1486,0.191
13.454274847,-0.0735,0.1129,-0.1573,0.207
13.455064308,-0.0942,0.1214,-0.1654,0.226
13.455740308,-0.1177,0.1291,-0.1752,0.247
13.466045539,-0.1367,0.1435,-0.1730,0.263
13.466426847,-0.1514,0.1535,-0.1586,0.268
13.466601539,-0.1688,0.1622,-0.1532,0.280
13.466754462,-0.1834,0.1730,-0.1486,0.293
13.466907462,-0.1963,0.1784,-0.1526,0.306
13.468721847,-0.2124,0.1857,-0.1688,0.329
13.471203462,-0.2352,0.1962,-0.1984,0.365
13.473943385,-0.2599,0.2057,-0.2345,0.406
13.477510847,-0.2853,0.2155,-0.2574,0.441
13.478671154,-0.3095,0.2180,-0.2541,0.456
13.481140001,-0.3346,0.2153,-0.2296,0.459
13.483415462,-0.3574,0.2087,-0.1933,0.457
13.485607385,-0.3710,0.1996,-0.1654,0.453
13.488608693,-0.3825,0.1806,-0.1486,0.448
13.490777616,-0.3920,0.1686,-0.1381,0.449
13.492922231,-0.3966,0.1547,-0.1211,0.443
13.495350539,-0.3996,0.1430,-0.1102,0.438
13.49789077,-0.4015,0.1410,-0.0953,0.436
13.500386462,-0.4020,0.1410,-0.0825,0.434
13.50261077,-0.4116,0.1481,-0.0750,0.444
13.505267385,-0.4272,0.1564,-0.0696,0.460
13.507882154,-0.4483,0.1637,-0.0517,0.480
13.510233231,-0.4768,0.1757,-0.0354,0.509
13.512531078,-0.5086,0.1877,-0.0340,0.543
13.514869308,-0.5455,0.1994,-0.0496,0.583
13.517756924,-0.5829,0.2101,-0.0882,0.626
13.519688308,-0.6214,0.2234,-0.1353,0.674
13.522170462,-0.6615,0.2334,-0.1884,0.726
13.524487078,-0.7048,0.2465,-0.2455,0.786
13.526745924,-0.7463,0.2527,-0.3037,0.844
13.529421616,-0.7912,0.2627,-0.3633,0.909
13.532656693,-0.8340,0.2698,-0.4185,0.971
13.534009308,-0.8816,0.2779,-0.4705,1.037
13.536468001,-0.9256,0.2812,-0.5175,1.097
13.539208924,-0.9659,0.2932,-0.5509,1.150
13.542028616,-1.0109,0.3086,-0.5763,1.204
13.543648078,-1.0534,0.3277,-0.5905,1.251
13.546051462,-1.0964,0.3416,-0.5976,1.295
13.553098462,-1.1382,0.3594,-0.5942,1.333
13.554282539,-1.1885,0.3814,-0.5751,1.374
13.554548693,-1.2203,0.4007,-0.5483,1.397
13.556132308,-1.2582,0.4139,-0.5047,1.417
13.563720385,-1.3087,0.4288,-0.4624,1.453
13.56451877,-1.3610,0.4410,-0.4200,1.491
13.564914539,-1.4138,0.4417,-0.3797,1.529
13.565681539,-1.4619,0.4388,-0.3466,1.565
13.573201616,-1.5081,0.4324,-0.3217,1.601
13.574180308,-1.5410,0.4217,-0.3054,1.627
13.574738462,-1.5596,0.4032,-0.2953,1.638
13.575298154,-1.5611,0.3821,-0.3005,1.635
13.577472001,-1.5403,0.3658,-0.3037,1.612
13.580353924,-1.4974,0.3485,-0.2993,1.566
13.582800078,-1.4382,0.3338,-0.2958,1.506
13.584448308,-1.3754,0.3162,-0.2927,1.441
13.587134154,-1.3018,0.2947,-0.2897,1.366
13.58975977,-1.2291,0.2702,-0.2934,1.292
13.591992385,-1.1494,0.2397,-0.2937,1.210
13.594295462,-1.0732,0.2106,-0.3014,1.134
13.596812001,-1.0043,0.1867,-0.3005,1.065
13.599913847,-0.9542,0.1684,-0.2878,1.011
13.602073001,-0.9086,0.1579,-0.2709,0.961
13.603929539,-0.8687,0.1537,-0.2184,0.909
13.607088924,-0.8186,0.1738,-0.1495,0.850
13.608637847,-0.7387,0.2234,-0.0110,0.772
13.611242231,-0.6831,0.2280,-0.0440,0.721
13.613957924,-0.6428,0.1982,-0.1715,0.694
13.616115462,-0.6097,0.1302,-0.2631,0.677
13.61855477,-0.5850,0.0452,-0.3994,0.710
13.621268924,-0.5496,-0.0392,-0.5749,0.796
13.62336777,-0.5401,-0.0822,-0.8544,1.014
13.625612616,-0.5718,-0.0143,-1.3142,1.433
13.627968924,-0.6217,0.1676,-1.6706,1.790
13.630629308,-0.7182,0.5229,-1.8695,2.070
13.632909231,-0.8524,1.0482,-2.0388,2.446
13.635255154,-1.0204,1.6022,-2.2667,2.957
13.637861001,-1.2530,2.1490,-2.3337,3.411
13.640078462,-1.6272,2.7337,-2.1189,3.822
13.642838154,-2.1448,3.3156,-1.4446,4.205
13.645463385,-2.5393,3.5304,-0.7351,4.410
13.652281924,-2.7678,3.4160,0.2384,4.403
13.653184924,-2.9041,3.1656,1.3661,4.508
13.653534847,-2.9107,2.8954,2.2747,4.694
13.655025847,-2.7446,2.5888,2.8308,4.717
13.664205231,-2.4262,2.3074,3.1983,4.630
13.66506777,-2.0404,2.0745,3.2070,4.330
13.665965001,-1.6495,1.8917,3.1220,4.006
13.666316616,-1.3339,1.7517,2.8252,3.582
13.666575385,-1.1084,1.6420,2.1885,2.952
13.668987693,-0.9412,1.5274,1.1646,2.139
13.671520308,-0.7153,1.3091,-0.8169,1.701
13.674008385,-0.3923,1.0149,-2.1639,2.422
13.676082154,-0.1565,0.7198,-2.4155,2.525
13.678854462,0.0093,0.4428,-2.5113,2.550
13.681265308,0.2333,0.0179,-2.7756,2.785
13.683470847,0.4458,-0.3977,-2.7854,2.849
13.686099154,0.5821,-0.6558,-2.4712,2.622
13.688450539,0.6328,-0.7143,-2.2226,2.419
13.690789924,0.6389,-0.6521,-1.9007,2.109
13.693294154,0.6168,-0.5391,-1.5157,1.723
13.696281847,0.5028,-0.3209,-1.1292,1.277
13.698069001,0.3405,0.0028,-0.7617,0.834
13.700225847,0.1908,0.2739,-0.3547,0.487
13.703230847,0.0533,0.4647,0.0964,0.478
13.706071078,-0.0421,0.6082,0.4434,0.754
13.707572385,-0.0576,0.6103,0.5818,0.845
13.710049539,-0.0659,0.5974,0.7197,0.938
13.712560693,-0.1858,0.7671,0.7451,1.085
13.715135078,-0.2713,0.8852,0.6239,1.116
13.717596924,-0.3334,0.9506,0.5084,1.128
13.719825924,-0.3864,0.9900,0.3635,1.123
13.723103693,-0.4331,1.0130,0.1729,1.115
13.724745924,-0.4751,1.0435,-0.0400,1.147
13.727083154,-0.5240,1.0816,-0.2289,1.223
13.729676078,-0.5799,1.1281,-0.3748,1.323
13.731964385,-0.6468,1.1869,-0.4673,1.430
13.734183693,-0.7213,1.2519,-0.4908,1.526
13.736835154,-0.7944,1.3149,-0.4505,1.601
13.739268078,-0.8653,1.3711,-0.3731,1.664
13.741929231,-0.9186,1.4014,-0.2768,1.698
13.74393477,-0.9489,1.4048,-0.1849,1.705
13.74623077,-0.9577,1.3746,-0.1118,1.679
13.748565308,-0.9535,1.3186,-0.0699,1.629
13.751359693,-0.9347,1.2427,-0.0601,1.556
13.753673539,-0.9114,1.1603,-0.0720,1.477
13.758773847,-0.8855,1.0780,-0.0885,1.398
13.759766462,-0.8618,1.0037,-0.1058,1.327
13.762033847,-0.8294,0.9429,-0.1106,1.261
13.768860924,-0.8012,0.8971,-0.0989,1.207
13.769737539,-0.7688,0.8698,-0.0666,1.163
13.769998539,-0.7355,0.8554,-0.0319,1.129
13.77069877,-0.7013,0.8591,0.0009,1.109
13.781242847,-0.6620,0.8715,0.0309,1.095
13.781752078,-0.6234,0.8891,0.0490,1.087
13.782015078,-0.5878,0.9111,0.0551,1.086
13.782603154,-0.5494,0.9282,0.0478,1.080
13.783028308,-0.5064,0.9431,0.0314,1.071
13.784929616,-0.4673,0.9506,0.0097,1.059
13.787212616,-0.4262,0.9546,-0.0230,1.046
13.789780001,-0.3889,0.9509,-0.0601,1.029
13.791884308,-0.3605,0.9411,-0.0985,1.013
13.794620078,-0.3378,0.9289,-0.1300,0.997
13.79690377,-0.3244,0.9145,-0.1588,0.983
13.799307462,-0.3190,0.9038,-0.1771,0.975
13.802017308,-0.3229,0.8922,-0.1808,0.966
13.805861616,-0.3402,0.8891,-0.1742,0.968
13.806879693,-0.3635,0.8959,-0.1651,0.981
13.809445231,-0.3923,0.9047,-0.1493,0.997
13.811472001,-0.4272,0.9184,-0.1275,1.021
13.814004924,-0.4590,0.9355,-0.1078,1.048
13.816569001,-0.4902,0.9506,-0.0899,1.073
13.818792924,-0.5205,0.9712,-0.0720,1.104
13.821862462,-0.5484,0.9898,-0.0613,1.133
13.823386231,-0.5660,1.0086,-0.0584,1.158
13.825789231,-0.5769,1.0291,-0.0481,1.181
13.828430847,-0.5853,1.0440,-0.0354,1.197
13.830738539,-0.5858,1.0627,-0.0286,1.214
13.832961616,-0.5841,1.0794,-0.0307,1.228
13.835679462,-0.5748,1.0878,-0.0393,1.231
13.837970539,-0.5618,1.0921,-0.0557,1.229
13.841107462,-0.5471,1.0897,-0.0806,1.222
13.843223154,-0.5298,1.0867,-0.1155,1.215
13.845221539,-0.5056,1.0794,-0.1524,1.202
13.847365539,-0.4837,1.0697,-0.1793,1.188
13.849805847,-0.4565,1.0618,-0.2064,1.174
13.852906154,-0.4367,1.0491,-0.2236,1.158
13.858484693,-0.4180,1.0376,-0.2316,1.142
13.859229924,-0.3898,1.0247,-0.2350,1.121
13.859857231,-0.3710,1.0181,-0.2380,1.109
13.868181308,-0.3503,1.0049,-0.2418,1.091
13.868976693,-0.3405,0.9954,-0.2516,1.082
13.869254231,-0.3277,0.9842,-0.2678,1.071
13.869930462,-0.3183,0.9697,-0.2788,1.058
13.880691078,-0.3048,0.9570,-0.2837,1.044
13.881813231,-0.2938,0.9453,-0.2834,1.030
13.882273231,-0.2797,0.9348,-0.2772,1.014
13.882728078,-0.2713,0.9313,-0.2648,1.006
13.882995462,-0.2638,0.9229,-0.2609,0.995
13.883553847,-0.2550,0.9187,-0.2592,0.988
13.886238539,-0.2469,0.9169,-0.2595,0.984
13.888521847,-0.2396,0.9140,-0.2580,0.979
13.89105877,-0.2305,0.9106,-0.2553,0.973
13.893890462,-0.2240,0.9096,-0.2546,0.971
13.895858154,-0.2230,0.9071,-0.2570,0.969
13.899169616,-0.2188,0.9050,-0.2631,0.968
13.900711462,-0.2142,0.9043,-0.2676,0.967
13.90421077,-0.2117,0.9013,-0.2714,0.965
13.905445539,-0.2135,0.9008,-0.2739,0.965
13.908109616,-0.2179,0.9018,-0.2723,0.967
13.910779154,-0.2179,0.9018,-0.2688,0.966
13.912903385,-0.2210,0.9006,-0.2655,0.965
13.915060001,-0.2237,0.9026,-0.2611,0.966
13.918206231,-0.2264,0.9047,-0.2599,0.968
13.919999462,-0.2293,0.9045,-0.2636,0.970
13.922324385,-0.2279,0.9089,-0.2648,0.974
13.924740078,-0.2252,0.9126,-0.2580,0.975
13.92719577,-0.2200,0.9167,-0.2504,0.975
13.92984377,-0.2140,0.9218,-0.2404,0.976
13.931855462,-0.2086,0.9257,-0.2399,0.979
13.935223078,-0.2025,0.9306,-0.2397,0.982
13.937887693,-0.1990,0.9353,-0.2338,0.984
13.939247078,-0.1983,0.9372,-0.2296,0.985
13.941739078,-0.1993,0.9414,-0.2220,0.988
13.945297924,-0.2054,0.9426,-0.2120,0.988
13.946441001,-0.2093,0.9480,-0.1952,0.990
13.949285001,-0.2149,0.9511,-0.1768,0.991
13.951483154,-0.2208,0.9514,-0.1619,0.990
13.957021616,-0.2271,0.9541,-0.1446,0.991
13.957605001,-0.2305,0.9527,-0.1321,0.989
13.959059154,-0.2317,0.9462,-0.1232,0.982
13.965667078,-0.2305,0.9360,-0.1190,0.971
13.965987078,-0.2320,0.9241,-0.1267,0.961
13.966160693,-0.2374,0.9157,-0.1419,0.957
13.968817847,-0.2408,0.9026,-0.1554,0.947
13.978940001,-0.2466,0.8910,-0.1722,0.940
13.979690231,-0.2445,0.8820,-0.1798,0.933
13.979953924,-0.2587,0.8764,-0.1661,0.929
13.980689308,-0.2657,0.8724,-0.1796,0.930
13.981232001,-0.2704,0.8759,-0.1871,0.936
13.982577616,-0.2764,0.8768,-0.1728,0.935
13.984989616,-0.2757,0.8815,-0.1476,0.935
13.987261924,-0.2680,0.8837,-0.1304,0.933
13.989725308,-0.2652,0.8873,-0.1158,0.933
13.992598847,-0.2576,0.8928,-0.1058,0.935
13.995095078,-0.2447,0.8982,-0.1001,0.936
13.997074462,-0.2293,0.9047,-0.0960,0.938
13.99974377,-0.2149,0.9059,-0.0962,0.936
14.002001001,-0.1983,0.9213,-0.1029,0.948
14.00429977,-0.1800,0.9292,-0.1141,0.953
14.007149308,-0.1781,0.9372,-0.1216,0.962
14.009722539,-0.1685,0.9490,-0.1292,0.972
14.011992001,-0.1492,0.9583,-0.1363,0.979
14.013753308,-0.1367,0.9656,-0.1407,0.985
14.016656078,-0.1236,0.9727,-0.1416,0.991
14.019099154,-0.1135,0.9800,-0.1395,0.996
14.021108385,-0.1171,0.9819,-0.1397,0.999
14.02355477,-0.1169,0.9881,-0.1292,1.003
14.026737539,-0.1079,0.9881,-0.1246,1.002
14.029692308,-0.0923,0.9842,-0.1236,0.996
14.030910231,-0.0688,0.9763,-0.1263,0.987
14.033453924,-0.0630,0.9734,-0.1346,0.985
14.03635077,-0.0808,0.9680,-0.1397,0.981
14.038034539,-0.0693,0.9490,-0.2089,0.974
14.041078539,-0.0456,0.9478,-0.1617,0.963
14.044406847,-0.0104,0.9455,-0.1656,0.960
14.045035385,0.0056,0.9418,-0.1852,0.960
14.047452924,0.0147,0.9436,-0.1873,0.962
14.050733847,0.0156,0.9462,-0.1774,0.963
14.054195462,0.0102,0.9543,-0.1933,0.974
14.054956924,0.0005,0.9619,-0.2091,0.984
14.057215078,-0.0129,0.9663,-0.2145,0.990
14.064714462,-0.0232,0.9683,-0.2189,0.993
14.06521077,-0.0375,0.9695,-0.2250,0.996
14.06562377,-0.0525,0.9707,-0.2257,0.998
14.067148616,-0.0712,0.9690,-0.2145,0.995
14.076596924,-0.0920,0.9729,-0.1979,0.997
14.077920308,-0.1108,0.9741,-0.1852,0.998
14.078303693,-0.1297,0.9770,-0.1754,1.001
14.078479154,-0.1436,0.9802,-0.1635,1.004
14.078932001,-0.1548,0.9853,-0.1519,1.009
14.081237001,-0.1660,0.9932,-0.1416,1.017
14.083634462,-0.1739,0.9937,-0.1302,1.017
14.086380924,-0.1795,0.9970,-0.1204,1.020
14.088491693,-0.1841,1.0012,-0.1111,1.024
14.090916693,-0.1865,1.0027,-0.1031,1.025
14.093390462,-0.1834,1.0059,-0.0985,1.027
14.096820078,-0.1819,1.0042,-0.1004,1.025
14.09810777,-0.1751,1.0076,-0.1085,1.028
14.100620078,-0.1685,1.0076,-0.1187,1.028
14.103161001,-0.1553,1.0073,-0.1197,1.026
14.105576078,-0.1418,1.0027,-0.1207,1.020
14.107777616,-0.1282,0.9949,-0.1170,1.010
14.110244308,-0.1155,0.9930,-0.1172,1.007
14.112533539,-0.1064,0.9868,-0.1167,0.999
14.114992308,-0.0996,0.9785,-0.1226,0.991
14.118368924,-0.0908,0.9712,-0.1292,0.984
14.119887462,-0.0884,0.9675,-0.1407,0.982
14.122180001,-0.0930,0.9609,-0.1493,0.977
14.124949231,-0.0920,0.9555,-0.1526,0.972
14.127106462,-0.0903,0.9511,-0.1514,0.967
14.129820078,-0.0861,0.9483,-0.1474,0.963
14.131869847,-0.0847,0.9416,-0.1483,0.957
14.134754462,-0.0842,0.9390,-0.1490,0.954
14.136949231,-0.0833,0.9331,-0.1486,0.948
14.139147078,-0.0866,0.9329,-0.1461,0.948
14.141654847,-0.0917,0.9333,-0.1439,0.949
14.144146847,-0.1013,0.9390,-0.1421,0.955
14.146497847,-0.1094,0.9506,-0.1483,0.968
14.148815462,-0.1216,0.9607,-0.1566,0.981
14.152980616,-0.1285,0.9727,-0.1647,0.995
14.153542847,-0.1362,0.9865,-0.1679,1.010
14.156413924,-0.1404,0.9963,-0.1679,1.020
14.158870154,-0.1443,1.0047,-0.1627,1.028
14.161373231,-0.1438,1.0096,-0.1610,1.032
14.163419078,-0.1443,1.0161,-0.1673,1.040
14.166229847,-0.1409,1.0184,-0.1742,1.043
14.173184924,-0.1406,1.0215,-0.1754,1.046
14.173553539,-0.1421,1.0242,-0.1705,1.048
14.17377477,-0.1425,1.0279,-0.1642,1.051
14.176186847,-0.1446,1.0345,-0.1681,1.058
14.177698231,-0.1436,1.0413,-0.1710,1.065
14.180138847,-0.1446,1.0482,-0.1683,1.071
14.182640308,-0.1516,1.0555,-0.1624,1.079
14.185059078,-0.1590,1.0592,-0.1546,1.082
14.187432385,-0.1688,1.0652,-0.1449,1.088
14.189901308,-0.1758,1.0723,-0.1358,1.095
14.192560001,-0.1760,1.0794,-0.1339,1.102
14.194629308,-0.1790,1.0836,-0.1348,1.106
14.197049001,-0.1800,1.0906,-0.1346,1.114
14.199602231,-0.1758,1.0894,-0.1272,1.111
14.201971462,-0.1667,1.0862,-0.1183,1.105
14.204253231,-0.1516,1.0821,-0.1155,1.099
14.206943693,-0.1373,1.0736,-0.1160,1.089
14.209471462,-0.1287,1.0685,-0.1263,1.084
14.211521924,-0.1206,1.0608,-0.1378,1.077
14.214337001,-0.1143,1.0577,-0.1451,1.074
14.216553616,-0.1076,1.0557,-0.1453,1.071
14.219070847,-0.1031,1.0575,-0.1416,1.072
14.221428308,-0.1064,1.0608,-0.1353,1.075
14.226076385,-0.1064,1.0660,-0.1229,1.078
14.22668777,-0.1138,1.0792,-0.1041,1.090
14.228491078,-0.1192,1.0878,-0.0833,1.097
14.23089977,-0.1243,1.1046,-0.0687,1.114
14.234159078,-0.1373,1.1237,-0.0652,1.134
14.235592385,-0.1494,1.1495,-0.0726,1.161
14.23807977,-0.1619,1.1761,-0.0955,1.191
14.240594154,-0.1802,1.2087,-0.1321,1.229
14.243116616,-0.1981,1.2463,-0.1707,1.273
14.24542377,-0.2128,1.2886,-0.2101,1.323
14.247844078,-0.2276,1.3338,-0.2511,1.376
14.254966847,-0.2413,1.3875,-0.2965,1.439
14.255603154,-0.2547,1.4479,-0.3300,1.507
14.256464924,-0.2650,1.5092,-0.3393,1.569
14.258180308,-0.2716,1.5681,-0.3200,1.623
14.265723462,-0.2750,1.6243,-0.2772,1.671
14.266667154,-0.2748,1.6748,-0.2128,1.710
14.266928385,-0.2723,1.7121,-0.1402,1.739
14.267349308,-0.2711,1.7364,-0.0691,1.759
14.270068924,-0.2699,1.7477,-0.0146,1.768
14.272785616,-0.2729,1.7530,0.0258,1.774
14.276353308,-0.2785,1.7566,0.0456,1.779
14.276929308,-0.2838,1.7505,0.0547,1.774
14.279163385,-0.3018,1.7340,0.0637,1.761
14.282075462,-0.3170,1.7173,0.0722,1.748
14.283960616,-0.3288,1.6995,0.0776,1.733
14.286249308,-0.3356,1.6804,0.0859,1.716
14.288871154,-0.3339,1.6613,0.1074,1.698
14.291579078,-0.3249,1.6455,0.1423,1.683
14.293485847,-0.3109,1.6255,0.1895,1.666
14.29595877,-0.2929,1.6093,0.2420,1.654
14.298743385,-0.2694,1.5876,0.2923,1.637
14.300799385,-0.2423,1.5630,0.3274,1.615
14.303127462,-0.2147,1.5351,0.3390,1.587
14.306241539,-0.1819,1.4964,0.3214,1.541
14.31452777,-0.1409,1.4537,0.2801,1.487
14.314995078,-0.0871,1.4068,0.2237,1.427
14.315762539,-0.0295,1.3592,0.1639,1.369
14.316201231,0.0332,1.3238,0.1022,1.328
14.318728616,0.1062,1.2944,0.0483,1.300
14.32044377,0.1725,1.2753,0.0075,1.287
14.322608385,0.2316,1.2695,-0.0235,1.291
14.325010847,0.2839,1.2639,-0.0361,1.296
14.327173231,0.3401,1.2544,-0.0408,1.300
14.330061924,0.3906,1.2472,-0.0352,1.307
14.332568616,0.4295,1.2355,-0.0422,1.309
14.334473539,0.4624,1.2294,-0.0635,1.315
14.336859693,0.4906,1.2199,-0.0965,1.318
14.33939177,0.5133,1.2064,-0.1453,1.319
14.34181877,0.5267,1.2050,-0.1908,1.329
14.344136385,0.5414,1.1955,-0.2318,1.333
14.346559154,0.5546,1.1901,-0.2609,1.339
14.353361924,0.5714,1.1822,-0.2780,1.342
14.353999385,0.5856,1.1777,-0.2868,1.346
14.354259154,0.5981,1.1696,-0.3017,1.348
14.356246539,0.6030,1.1600,-0.3075,1.343
14.361929308,0.6066,1.1491,-0.3144,1.337
14.362305616,0.6115,1.1437,-0.3039,1.332
14.36370777,0.6110,1.1432,-0.2946,1.329
14.374993308,0.6103,1.1547,-0.2819,1.336
14.375592385,0.5988,1.1779,-0.2704,1.349
14.375780693,0.5778,1.1980,-0.2436,1.352
14.376007693,0.5226,1.2294,-0.2262,1.355
14.376226155,0.4302,1.2624,-0.2462,1.356
14.377967693,0.3107,1.2822,-0.3147,1.356
14.380269308,0.1868,1.2971,-0.4139,1.374
14.383020078,0.0577,1.2951,-0.5348,1.402
14.385224693,-0.0732,1.2798,-0.6056,1.418
14.387609308,-0.1851,1.2532,-0.6398,1.419
14.390875693,-0.2775,1.2126,-0.6438,1.401
14.392526155,-0.3576,1.1782,-0.6289,1.383
14.395668308,-0.4507,1.1493,-0.5956,1.371
14.397700385,-0.5228,1.1121,-0.5304,1.338
14.399743693,-0.5848,1.0936,-0.4705,1.326
14.402276385,-0.6696,1.1092,-0.4151,1.361
14.404327155,-0.7524,1.1537,-0.3417,1.419
14.40751177,-0.8501,1.2045,-0.2485,1.495
14.409323078,-0.9479,1.2644,-0.1344,1.586
14.411832308,-1.0392,1.3310,-0.0098,1.689
14.414107385,-1.1304,1.4070,0.1285,1.809
14.416776078,-1.2054,1.4852,0.2557,1.930
14.419032001,-1.2384,1.5190,0.2672,1.978
14.42150277,-1.2424,1.5241,0.2259,1.979
14.424003078,-1.2684,1.5675,0.2144,2.028
14.426644693,-1.3319,1.6093,0.1778,2.097
14.429322462,-1.2990,1.6279,0.1531,2.088
14.432892616,-1.1159,1.5654,0.0666,1.924
14.433507462,-0.9962,1.5077,0.0373,1.807
14.435961308,-0.9496,1.4840,0.0321,1.762
14.438321308,-1.0761,1.5614,-0.0677,1.898
14.440831385,-0.9889,1.5227,0.0319,1.816
14.444569308,-0.8274,1.4381,-0.0176,1.659
14.445729001,-0.6962,1.3809,-0.1004,1.550
14.452674155,-0.6686,1.3834,-0.1747,1.546
14.453734462,-0.5325,1.2951,-0.1756,1.411
14.45410377,-0.4507,1.2418,-0.1837,1.334
14.455588078,-0.5438,1.3049,-0.1964,1.427
14.46191077,-0.5567,1.3282,-0.2260,1.458
14.462437847,-0.5371,1.3220,-0.2071,1.442
14.462805847,-0.5156,1.3091,-0.1986,1.421
14.473741616,-0.5035,1.3108,-0.2087,1.420
14.474641308,-0.5028,1.3137,-0.2147,1.423
14.474970462,-0.5019,1.3186,-0.2120,1.427
14.475344924,-0.4898,1.3242,-0.2472,1.433
14.475686462,-0.4739,1.3338,-0.2660,1.440
14.476791462,-0.4544,1.3474,-0.2844,1.450
14.479741539,-0.4309,1.3575,-0.3012,1.456
14.482213924,-0.4028,1.3601,-0.2983,1.450
14.484984616,-0.3864,1.3631,-0.2961,1.447
14.486901308,-0.3735,1.3633,-0.2919,1.443
14.489948308,-0.3659,1.3660,-0.2861,1.443
14.491514462,-0.3588,1.3526,-0.2739,1.426
14.494475693,-0.3522,1.3289,-0.2460,1.397
14.496321539,-0.3537,1.3059,-0.2296,1.372
14.499440616,-0.3507,1.2814,-0.2320,1.349
14.501664385,-0.3561,1.2600,-0.2299,1.329
14.503937308,-0.3593,1.2439,-0.2394,1.317
14.506628693,-0.3649,1.2290,-0.2401,1.304
14.508211693,-0.3782,1.2185,-0.2313,1.297
14.510689308,-0.3889,1.2096,-0.2182,1.289
14.513849308,-0.4001,1.1984,-0.1898,1.278
14.516078155,-0.4185,1.1947,-0.1676,1.277
14.517871462,-0.4390,1.1889,-0.1474,1.276
14.520769231,-0.4575,1.1847,-0.1458,1.278
14.523108385,-0.4751,1.1730,-0.1458,1.274
14.525437616,-0.5007,1.1625,-0.1676,1.277
14.527915693,-0.5137,1.1481,-0.1688,1.269
14.531378155,-0.5181,1.1332,-0.1700,1.258
14.532425847,-0.5203,1.1172,-0.1502,1.242
14.534691693,-0.5166,1.0990,-0.1470,1.223
14.53794277,-0.5142,1.0792,-0.1290,1.202
14.539791693,-0.5056,1.0613,-0.1141,1.181
14.542185539,-0.4951,1.0415,-0.0972,1.157
14.544605001,-0.4824,1.0293,-0.0938,1.141
14.551333924,-0.4719,1.0179,-0.0864,1.125
14.55185977,-0.4609,1.0063,-0.0869,1.110
14.552119078,-0.4495,0.9946,-0.0920,1.095
14.554068616,-0.4397,0.9776,-0.0916,1.076
14.567096308,-0.4321,0.9639,-0.0920,1.060
14.568084078,-0.4211,0.9485,-0.1011,1.043
14.568296924,-0.4111,0.9336,-0.1151,1.027
14.568482231,-0.4020,0.9184,-0.1239,1.010
14.568675078,-0.3947,0.9045,-0.1251,0.995
14.568985539,-0.3842,0.8977,-0.1232,0.984
14.577096616,-0.3850,0.9040,-0.1082,0.988
14.577963462,-0.3666,0.8869,-0.1302,0.969
14.578203462,-0.3334,0.8661,-0.1395,0.938
14.578602155,-0.3048,0.8456,-0.1187,0.907
14.580738155,-0.2708,0.8283,-0.0904,0.876
14.583077616,-0.2303,0.8134,-0.0633,0.848
14.585423693,-0.2095,0.8011,-0.0400,0.829
14.587895462,-0.1909,0.7806,-0.0217,0.804
14.590589231,-0.1719,0.7655,-0.0009,0.785
14.592961924,-0.1529,0.7484,0.0090,0.764
14.597506462,-0.1458,0.7347,0.0065,0.749
14.598332924,-0.1360,0.7163,-0.0019,0.729
14.599949616,-0.1218,0.6988,-0.0110,0.709
14.60321577,-0.1091,0.6770,-0.0212,0.686
14.605912001,-0.0952,0.6562,-0.0330,0.664
14.607070847,-0.0805,0.6340,-0.0430,0.641
14.609656308,-0.0651,0.6115,-0.0464,0.617
14.612301001,-0.0551,0.5922,-0.0513,0.597
14.614569924,-0.0444,0.5788,-0.0650,0.584
14.616796001,-0.0283,0.5598,-0.0728,0.565
14.619419462,-0.0095,0.5395,-0.0801,0.545
14.622276078,0.0073,0.5158,-0.0757,0.521
14.623993847,0.0256,0.4943,-0.0696,0.500
14.626641539,0.0417,0.4740,-0.0618,0.480
14.630711385,0.0513,0.4554,-0.0591,0.462
14.631522847,0.0513,0.4415,-0.0652,0.449
14.633783155,0.0420,0.4303,-0.0647,0.437
14.636638155,0.0276,0.4163,-0.0642,0.422
14.638855078,0.0093,0.4081,-0.0596,0.412
14.640783155,-0.0036,0.3929,-0.0491,0.396
14.644116078,-0.0221,0.3785,-0.0408,0.381
14.647089001,-0.0432,0.3739,-0.0498,0.380
14.648157308,-0.0707,0.3724,-0.0659,0.385
14.650548693,-0.1001,0.3690,-0.0804,0.391
14.653053616,-0.1272,0.3606,-0.0877,0.392
14.659996693,-0.1585,0.3545,-0.0911,0.399
14.660443462,-0.1832,0.3492,-0.0929,0.405
14.660848078,-0.2032,0.3455,-0.0999,0.413
14.674037231,-0.2188,0.3460,-0.1092,0.424
14.674714231,-0.2291,0.3455,-0.1155,0.430
14.674907462,-0.2413,0.3433,-0.1309,0.440
14.675081539,-0.2499,0.3476,-0.1376,0.450
14.67555477,-0.2513,0.3543,-0.1373,0.456
14.675703155,-0.2501,0.3597,-0.1344,0.458
14.677964924,-0.2462,0.3601,-0.1251,0.454
14.684906462,-0.2391,0.3618,-0.1221,0.451
14.685575078,-0.2325,0.3662,-0.1187,0.450
14.685751693,-0.2237,0.3699,-0.1102,0.446
14.687649001,-0.2152,0.3716,-0.0945,0.440
14.688921231,-0.2124,0.3760,-0.0789,0.439
14.691343385,-0.2152,0.3807,-0.0662,0.442
14.694880308,-0.2205,0.3811,-0.0574,0.444
14.696538231,-0.2352,0.3867,-0.0577,0.456
14.698793308,-0.2520,0.3853,-0.0645,0.465
14.70159177,-0.2694,0.3860,-0.0728,0.476
14.704452385,-0.2873,0.3814,-0.0799,0.484
14.705892616,-0.3014,0.3748,-0.0901,0.489
14.708488078,-0.3158,0.3650,-0.0955,0.492
14.710974155,-0.3293,0.3550,-0.0962,0.494
14.713498847,-0.3424,0.3443,-0.1011,0.496
14.715624385,-0.3571,0.3380,-0.1087,0.504
14.718164078,-0.3730,0.3277,-0.1116,0.509
14.721424078,-0.3793,0.3169,-0.1106,0.507
14.722824693,-0.3835,0.3042,-0.1001,0.500
14.725487385,-0.3801,0.2959,-0.0913,0.490
14.727986462,-0.3779,0.2812,-0.0813,0.478
14.730181847,-0.3664,0.2739,-0.0691,0.463
14.732833616,-0.3608,0.2651,-0.0603,0.452
14.735146231,-0.3530,0.2617,-0.0540,0.443
14.737852308,-0.3463,0.2612,-0.0491,0.437
14.739823155,-0.3466,0.2632,-0.0447,0.438
14.742682155,-0.3532,0.2639,-0.0356,0.442
14.746006847,-0.3584,0.2698,-0.0230,0.449
14.746926155,-0.3652,0.2732,-0.0037,0.456
14.749505308,-0.3708,0.2702,0.0107,0.459
14.751933847,-0.3730,0.2670,0.0165,0.459
14.758923385,-0.3754,0.2595,0.0139,0.457
14.759808385,-0.3815,0.2527,-0.0019,0.458
14.760523078,-0.3859,0.2456,-0.0210,0.458
14.761739693,-0.3945,0.2348,-0.0340,0.460
14.77258377,-0.4092,0.2231,-0.0481,0.468
14.773464001,-0.4321,0.2136,-0.0647,0.486
14.773670155,-0.4560,0.1982,-0.0864,0.505
14.773903693,-0.4824,0.1891,-0.1106,0.530
14.77404277,-0.5096,0.1845,-0.1360,0.559
14.776624308,-0.5340,0.1742,-0.1683,0.586
14.78324377,-0.5567,0.1647,-0.1852,0.609
14.784092616,-0.5713,0.1547,-0.1820,0.619
14.784317539,-0.5824,0.1398,-0.1561,0.619
14.786498155,-0.5872,0.1212,-0.1202,0.612
14.787992616,-0.5816,0.1027,-0.0926,0.598
14.790312308,-0.5726,0.0883,-0.0762,0.584
14.792902462,-0.5587,0.0748,-0.0628,0.567
14.795518539,-0.5464,0.0672,-0.0473,0.553
14.797564924,-0.5330,0.0662,-0.0349,0.538
14.800233231,-0.5237,0.0701,-0.0188,0.529
14.803667078,-0.5191,0.0823,-0.0019,0.526
14.804783693,-0.5152,0.1007,0.0090,0.525
14.807195155,-0.5124,0.1244,0.0155,0.528
14.809789308,-0.5173,0.1498,0.0165,0.539
14.81229077,-0.5289,0.1757,0.0102,0.557
14.814492924,-0.5410,0.1994,-0.0058,0.577
14.817500001,-0.5611,0.2258,-0.0361,0.606
14.820244385,-0.5797,0.2478,-0.0691,0.634
14.822417001,-0.6060,0.2668,-0.1065,0.671
14.824441847,-0.6312,0.2886,-0.1461,0.709
14.826751078,-0.6623,0.3101,-0.1833,0.754
14.829663078,-0.6889,0.3323,-0.2169,0.795
14.83131577,-0.7136,0.3516,-0.2423,0.832
14.833903462,-0.7427,0.3706,-0.2614,0.870
14.836329616,-0.7665,0.3926,-0.2772,0.905
14.838984385,-0.7907,0.4119,-0.2851,0.936
14.841621231,-0.8159,0.4288,-0.2878,0.966
14.844320924,-0.8347,0.4459,-0.2827,0.988
14.846192616,-0.8504,0.4564,-0.2683,1.002
14.848677616,-0.8650,0.4679,-0.2570,1.016
14.850566539,-0.8770,0.4764,-0.2462,1.028
14.853453001,-0.8824,0.4857,-0.2348,1.034
14.855840308,-0.8888,0.4860,-0.2240,1.037
14.858011078,-0.8921,0.4836,-0.2150,1.037
14.863214231,-0.8978,0.4799,-0.2066,1.039
14.864252078,-0.9051,0.4713,-0.2087,1.042
14.865038155,-0.9051,0.4571,-0.2050,1.035
14.867768693,-0.9009,0.4391,-0.2038,1.023
14.880909231,-0.8972,0.4239,-0.1991,1.012
14.881379693,-0.8912,0.4117,-0.1942,1.001
14.881612693,-0.8824,0.4021,-0.1879,0.988
14.881908001,-0.8748,0.4029,-0.1768,0.979
14.882048308,-0.8625,0.4044,-0.1681,0.967
14.882244078,-0.8506,0.4170,-0.1610,0.961
14.884294231,-0.8411,0.4268,-0.1542,0.956
14.890839078,-0.8303,0.4388,-0.1530,0.951
14.891496693,-0.8191,0.4515,-0.1514,0.947
14.891631078,-0.8123,0.4582,-0.1593,0.946
14.894302539,-0.8059,0.4618,-0.1683,0.944
14.896268308,-0.7956,0.4613,-0.1695,0.935
14.898733001,-0.7881,0.4594,-0.1707,0.928
14.902076001,-0.7935,0.4577,-0.1786,0.933
14.90625077,-0.7964,0.4493,-0.1793,0.932
14.906511155,-0.8003,0.4405,-0.1828,0.932
14.909737308,-0.8166,0.4273,-0.1922,0.942
14.911823693,-0.8226,0.4127,-0.1964,0.941
14.913257231,-0.8177,0.3934,-0.1891,0.927
14.915569616,-0.8061,0.3827,-0.1776,0.910
14.918364308,-0.7802,0.3902,-0.1344,0.883
14.920413847,-0.7067,0.4261,0.0004,0.825
14.922858847,-0.6261,0.4361,0.0825,0.767
14.925488616,-0.5729,0.4591,0.3813,0.827
14.927870231,-0.5829,0.6066,0.6822,1.083
14.930042462,-0.5616,0.8871,0.4082,1.127
14.932711693,-0.6019,1.2516,-0.3943,1.444
14.934886539,-0.8169,1.8090,-2.1157,2.901
14.937495385,-1.1534,2.4368,-3.9557,4.787
14.939664308,-1.5496,2.8805,-4.7942,5.804
14.943072924,-1.9212,2.9814,-4.4231,5.670
14.944517308,-2.3192,2.8646,-3.3097,4.954
14.946954231,-2.6835,2.5795,-2.2457,4.347
14.949472924,-2.9153,2.2567,-1.3412,3.923
14.951797001,-2.9256,1.9098,-0.3328,3.510
14.954312385,-2.8142,1.6655,0.6412,3.332
14.956643155,-2.6172,1.4906,1.4998,3.365
14.959176308,-2.3695,1.3611,2.1946,3.505
14.961460308,-2.0956,1.2668,2.6805,3.631
14.96402777,-1.7870,1.1955,3.0365,3.721
14.966365616,-1.4487,1.1337,3.1680,3.663
14.968673231,-1.1299,1.0741,3.2391,3.595
14.971107385,-0.8880,1.0447,3.0395,3.334
14.973396924,-0.7094,1.0452,2.6312,2.919
14.979321924,-0.5919,1.0531,2.1511,2.467
14.979727385,-0.5156,1.0718,1.1690,1.668
14.980729231,-0.1646,0.9560,-1.0168,1.405
14.983185924,0.3731,0.6690,-2.0908,2.227
14.987573847,0.7600,0.4044,-1.9748,2.154
14.988098231,0.9895,0.2126,-1.8390,2.099
14.990334847,1.1106,0.0545,-1.7715,2.092
14.992849001,1.2030,-0.1081,-1.6184,2.019
14.995318539,1.2411,-0.1203,-1.3638,1.848
14.997732385,1.1143,0.0357,-1.1236,1.583
15.000101308,0.9729,0.2656,-0.9616,1.393
15.002841616,0.8627,0.4806,-0.8411,1.297
15.005010231,0.7491,0.6653,-0.6850,1.214
15.007326155,0.6201,0.8297,-0.4859,1.144
15.009825616,0.4745,0.9688,-0.2851,1.116
15.012210155,0.3220,1.0664,-0.1062,1.119
15.014550539,0.1556,1.1439,0.0341,1.155
15.018285308,-0.0055,1.1959,0.1441,1.205
15.019436616,-0.1578,1.2162,0.1930,1.242
15.021808616,-0.3053,1.2176,0.1812,1.268
15.024401001,-0.4602,1.1974,0.1238,1.289
15.026617616,-0.6202,1.1566,0.0644,1.314
15.029079462,-0.7847,1.1021,0.0158,1.353
15.031479078,-0.9515,1.0369,-0.0364,1.408
15.034277847,-1.0993,0.9668,-0.1004,1.467
15.036646155,-1.2498,0.9067,-0.1756,1.554
15.038645616,-1.3586,0.8663,-0.2399,1.629
15.041197308,-1.4436,0.8363,-0.2812,1.692
15.045316616,-1.4927,0.8034,-0.3044,1.722
15.046029847,-1.5002,0.7696,-0.3210,1.716
15.048381539,-1.4785,0.7513,-0.3398,1.693
15.052851693,-1.4260,0.7442,-0.3638,1.649
15.054531078,-1.3402,0.7452,-0.3894,1.582
15.055546539,-1.2251,0.7657,-0.3994,1.499
15.059072078,-1.1054,0.8107,-0.3836,1.423
15.061345616,-1.0197,0.8781,-0.3515,1.391
15.062834231,-0.9566,0.9424,-0.3115,1.378
15.065236078,-0.9061,0.9937,-0.2599,1.370
15.072381231,-0.8658,1.0398,-0.2087,1.369
15.073262462,-0.8279,1.0955,-0.1617,1.383
15.073605924,-0.7861,1.1330,-0.1246,1.385
15.075741924,-0.7404,1.1532,-0.1085,1.375
15.077275385,-0.6975,1.1661,-0.1158,1.364
15.079884616,-0.6447,1.1654,-0.1439,1.340
15.082960078,-0.5892,1.1552,-0.1933,1.311
15.085307693,-0.5289,1.1363,-0.2389,1.276
15.087028078,-0.4648,1.1229,-0.2634,1.243
15.090315078,-0.4055,1.1036,-0.2853,1.210
15.092800001,-0.3488,1.0846,-0.2961,1.177
15.094231693,-0.2934,1.0652,-0.2927,1.143
15.096643385,-0.2408,1.0418,-0.2888,1.108
15.098916616,-0.1998,1.0217,-0.2858,1.080
15.103645308,-0.1651,0.9963,-0.2846,1.049
15.104560616,-0.1345,0.9700,-0.2856,1.020
15.107224924,-0.1169,0.9367,-0.2897,0.987
15.108939155,-0.1091,0.9043,-0.2963,0.958
15.111065616,-0.1113,0.8723,-0.3019,0.930
15.113393231,-0.1285,0.8426,-0.3154,0.909
15.116699693,-0.1580,0.8192,-0.3264,0.896
15.118132924,-0.2049,0.7997,-0.3410,0.893
15.120698462,-0.2543,0.7872,-0.3501,0.898
15.123770231,-0.3183,0.7862,-0.3501,0.918
15.12559477,-0.3866,0.7936,-0.3396,0.946
15.127913308,-0.4612,0.8165,-0.3237,0.992
15.130647155,-0.5279,0.8376,-0.3005,1.035
15.133240078,-0.5985,0.8696,-0.2795,1.092
15.135422155,-0.6593,0.9006,-0.2562,1.145
15.13748377,-0.7099,0.9345,-0.2284,1.196
15.140049231,-0.7534,0.9626,-0.2103,1.240
15.142864001,-0.7800,0.9893,-0.1961,1.275
15.144841847,-0.7998,1.0091,-0.1805,1.300
15.147205924,-0.8052,1.0293,-0.1686,1.318
15.151621001,-0.8012,1.0413,-0.1647,1.324
15.151996308,-0.7895,1.0543,-0.1590,1.327
15.155025308,-0.7678,1.0564,-0.1551,1.315
15.156961231,-0.7423,1.0608,-0.1539,1.304
15.160317308,-0.7082,1.0567,-0.1579,1.282
15.161782231,-0.6705,1.0484,-0.1610,1.255
15.164045001,-0.6307,1.0371,-0.1617,1.225
15.172133001,-0.5858,1.0230,-0.1681,1.191
15.172967078,-0.5415,1.0100,-0.1800,1.160
15.173249847,-0.4988,0.9942,-0.1864,1.128
15.174279155,-0.4607,0.9768,-0.1982,1.098
15.176700308,-0.4169,0.9597,-0.2066,1.067
15.179055385,-0.3745,0.9436,-0.2169,1.038
15.180879155,-0.3370,0.9264,-0.2316,1.013
15.183347078,-0.3055,0.9099,-0.2445,0.990
15.185980924,-0.2801,0.8984,-0.2560,0.975
15.188243693,-0.2547,0.8917,-0.2553,0.962
15.191014155,-0.2401,0.8854,-0.2521,0.951
15.192977001,-0.2279,0.8813,-0.2457,0.943
15.195421616,-0.2244,0.8773,-0.2399,0.937
15.197881924,-0.2237,0.8749,-0.2397,0.934
15.200330847,-0.2322,0.8759,-0.2343,0.936
15.203245308,-0.2445,0.8793,-0.2274,0.941
15.205025001,-0.2540,0.8828,-0.2274,0.946
15.207625539,-0.2684,0.8866,-0.2267,0.954
15.209879462,-0.2862,0.8913,-0.2284,0.964
15.212251385,-0.3002,0.8974,-0.2255,0.973
15.214575693,-0.3200,0.9064,-0.2164,0.985
15.217125847,-0.3309,0.9199,-0.2062,0.999
15.219483462,-0.3398,0.9345,-0.1905,1.012
15.22211577,-0.3483,0.9490,-0.1728,1.026
15.224992078,-0.3542,0.9590,-0.1630,1.035
15.228547385,-0.3561,0.9719,-0.1554,1.047
15.229161539,-0.3566,0.9837,-0.1554,1.058
15.232418847,-0.3551,0.9932,-0.1549,1.066
15.234135078,-0.3515,1.0027,-0.1612,1.075
15.236429616,-0.3500,1.0084,-0.1670,1.080
15.238728078,-0.3435,1.0117,-0.1728,1.082
15.241216616,-0.3370,1.0088,-0.1784,1.078
15.243670462,-0.3276,1.0059,-0.1833,1.074
15.247818539,-0.3183,1.0005,-0.1901,1.067
15.250412078,-0.3058,0.9917,-0.1920,1.055
15.250926847,-0.2962,0.9876,-0.1935,1.049
15.25322777,-0.2878,0.9744,-0.2006,1.036
15.255904924,-0.2769,0.9595,-0.2082,1.020
15.261127693,-0.2706,0.9478,-0.2135,1.008
15.26147177,-0.2677,0.9297,-0.2213,0.992
15.263192001,-0.2699,0.9167,-0.2250,0.982
15.271759462,-0.2711,0.9038,-0.2280,0.971
15.272296078,-0.2755,0.8917,-0.2299,0.961
15.272818155,-0.2799,0.8813,-0.2341,0.954
15.273203155,-0.2878,0.8747,-0.2364,0.951
15.275773847,-0.2941,0.8703,-0.2345,0.948
15.277394847,-0.2987,0.8676,-0.2336,0.947
15.281384385,-0.3036,0.8659,-0.2311,0.946
15.28275577,-0.3109,0.8656,-0.2308,0.948
15.284798231,-0.3148,0.8679,-0.2276,0.951
15.287325001,-0.3158,0.8712,-0.2243,0.953
15.290763385,-0.3141,0.8756,-0.2224,0.956
15.291906462,-0.3165,0.8815,-0.2248,0.963
15.294451078,-0.3099,0.8845,-0.2271,0.964
15.296890155,-0.3067,0.8884,-0.2276,0.967
15.299741847,-0.3055,0.8903,-0.2276,0.968
15.301718155,-0.3004,0.8945,-0.2301,0.971
15.304258847,-0.2921,0.8954,-0.2331,0.970
15.307185847,-0.2931,0.8977,-0.2374,0.974
15.308951693,-0.2934,0.8987,-0.2423,0.976
15.311342462,-0.2962,0.9010,-0.2467,0.980
15.316072078,-0.2970,0.9013,-0.2511,0.982
15.317085001,-0.3007,0.9035,-0.2502,0.985
15.319432924,-0.3039,0.9062,-0.2455,0.987
15.321767462,-0.3043,0.9055,-0.2453,0.986
15.324153308,-0.3055,0.9089,-0.2502,0.991
15.326806462,-0.3041,0.9101,-0.2494,0.991
15.329019155,-0.2980,0.9101,-0.2536,0.991
15.332032001,-0.2941,0.9067,-0.2538,0.986
15.333103078,-0.2882,0.9064,-0.2509,0.984
15.335331693,-0.2831,0.9045,-0.2494,0.980
15.338444616,-0.2801,0.9018,-0.2541,0.978
15.340711155,-0.2775,0.8979,-0.2590,0.975
15.343358231,-0.2711,0.8930,-0.2672,0.971
15.345335693,-0.2680,0.8938,-0.2711,0.972
15.348174231,-0.2662,0.8864,-0.2716,0.965
15.349812078,-0.2580,0.8810,-0.2678,0.956
15.352314155,-0.2587,0.8810,-0.2621,0.955
15.354776693,-0.2608,0.8786,-0.2583,0.952
15.361060308,-0.2611,0.8717,-0.2565,0.945
15.361834155,-0.2620,0.8742,-0.2562,0.948
15.362509001,-0.2580,0.8756,-0.2457,0.945
15.372991078,-0.2535,0.8793,-0.2331,0.944
15.374144385,-0.2496,0.8798,-0.2231,0.941
15.374633308,-0.2479,0.8820,-0.2184,0.942
15.375062155,-0.2934,0.8747,-0.2203,0.949
15.375473616,-0.3088,0.8873,-0.2096,0.963
15.376474539,-0.3014,0.8977,-0.2003,0.968
15.379904616,-0.2958,0.9079,-0.1884,0.973
15.383784078,-0.3261,0.9162,-0.1661,0.987
15.384561539,-0.2953,0.9111,-0.1852,0.976
15.386668616,-0.2310,0.9180,-0.1373,0.956
15.389750462,-0.1868,0.9294,-0.1172,0.955
15.390812385,-0.1482,0.9321,-0.1067,0.950
15.393447385,-0.1338,0.9450,-0.1021,0.960
15.395596078,-0.1155,0.9487,-0.0920,0.960
15.398136385,-0.1057,0.9555,-0.0892,0.965
15.400741539,-0.0991,0.9602,-0.0943,0.970
15.402945308,-0.1022,0.9702,-0.1050,0.981
15.406144001,-0.1099,0.9724,-0.1141,0.985
15.407634539,-0.1145,0.9805,-0.1204,0.994
15.410303693,-0.1220,0.9876,-0.1295,1.003
15.412572693,-0.1267,0.9858,-0.1429,1.004
15.415397231,-0.1360,0.9876,-0.1561,1.009
15.417611693,-0.1465,0.9842,-0.1693,1.009
15.420062231,-0.1543,0.9800,-0.1815,1.009
15.422568693,-0.1629,0.9765,-0.1893,1.008
15.424553924,-0.1670,0.9749,-0.1915,1.007
15.427052308,-0.1653,0.9727,-0.1952,1.006
15.431205001,-0.1616,0.9688,-0.2025,1.003
15.432290462,-0.1558,0.9672,-0.2033,1.001
15.434511462,-0.1482,0.9576,-0.2025,0.990
15.436997924,-0.1382,0.9516,-0.2066,0.984
15.439914539,-0.1285,0.9406,-0.2126,0.973
15.441743385,-0.1167,0.9343,-0.2224,0.967
15.444584385,-0.1057,0.9252,-0.2267,0.958
15.447296616,-0.0905,0.9164,-0.2360,0.951
15.448786462,-0.0810,0.9128,-0.2392,0.947
15.451179693,-0.0732,0.9103,-0.2374,0.944
15.453723462,-0.0691,0.9143,-0.2338,0.946
15.456216078,-0.0666,0.9176,-0.2287,0.948
15.459136924,-0.0717,0.9252,-0.2220,0.954
15.460937539,-0.0712,0.9323,-0.2113,0.959
15.467435155,-0.0833,0.9436,-0.1957,0.967
15.468458231,-0.0938,0.9576,-0.1840,0.980
15.469055462,-0.1120,0.9727,-0.1691,0.994
15.471223155,-0.1292,0.9851,-0.1568,1.006
15.478544078,-0.1480,0.9934,-0.1453,1.015
15.479433539,-0.1614,0.9991,-0.1373,1.021
15.479655155,-0.1760,1.0051,-0.1327,1.029
15.480177231,-0.1902,1.0068,-0.1260,1.032
15.483375078,-0.2044,1.0061,-0.1216,1.034
15.484981539,-0.2208,1.0037,-0.1170,1.034
15.487388385,-0.2286,0.9975,-0.1172,1.030
15.489762462,-0.2403,0.9910,-0.1180,1.027
15.491989847,-0.2528,0.9858,-0.1170,1.024
15.494807078,-0.2704,0.9814,-0.1153,1.025
15.497568924,-0.2860,0.9807,-0.1160,1.028
15.49946677,-0.3048,0.9790,-0.1167,1.032
15.501937539,-0.3214,0.9807,-0.1139,1.038
15.504948924,-0.3405,0.9861,-0.1092,1.049
15.506849847,-0.3605,0.9914,-0.1058,1.060
15.509253847,-0.3773,0.9949,-0.0943,1.068
15.511478847,-0.3903,1.0003,-0.0804,1.077
15.51471877,-0.4045,1.0042,-0.0711,1.085
15.516573231,-0.4155,1.0084,-0.0679,1.093
15.518724308,-0.4118,1.0112,-0.0666,1.094
15.521500078,-0.4045,1.0105,-0.0706,1.091
15.523447155,-0.3898,1.0100,-0.0740,1.085
15.525897308,-0.3742,1.0037,-0.0806,1.074
15.528352385,-0.3547,0.9949,-0.0906,1.060
15.530847155,-0.3319,0.9890,-0.0985,1.048
15.53305577,-0.3111,0.9832,-0.1062,1.037
15.535543078,-0.2867,0.9773,-0.1097,1.024
15.53803177,-0.2584,0.9732,-0.1146,1.013
15.540301924,-0.2325,0.9651,-0.1151,0.999
15.542955155,-0.2095,0.9609,-0.1185,0.991
15.546569001,-0.1898,0.9518,-0.1204,0.978
15.54757977,-0.1658,0.9478,-0.1251,0.970
15.550617616,-0.1409,0.9397,-0.1329,0.959
15.552564924,-0.1208,0.9378,-0.1405,0.956
15.555058847,-0.1006,0.9357,-0.1453,0.952
15.557286155,-0.0808,0.9355,-0.1517,0.951
15.559884385,-0.0607,0.9380,-0.1558,0.953
15.566586155,-0.0393,0.9409,-0.1549,0.954
15.56757077,-0.0199,0.9436,-0.1563,0.957
15.568170847,0.0014,0.9446,-0.1595,0.958
15.57021477,0.0205,0.9487,-0.1642,0.963
15.578572078,0.0317,0.9567,-0.1670,0.972
15.579433539,0.0440,0.9629,-0.1654,0.978
15.579725924,0.0601,0.9697,-0.1583,0.984
15.579983385,0.0706,0.9751,-0.1563,0.990
15.581296385,0.0831,0.9800,-0.1490,0.995
15.583688001,0.1021,0.9844,-0.1453,1.000
15.588902155,0.1121,0.9883,-0.1465,1.005
15.590194231,0.1253,0.9910,-0.1497,1.010
15.591017001,0.1321,0.9917,-0.1630,1.014
15.596468078,0.1407,0.9924,-0.1766,1.018
15.59704677,0.1451,0.9939,-0.1871,1.022
15.598103155,0.1493,0.9944,-0.1952,1.024
15.600938539,0.1544,0.9924,-0.2082,1.026
15.604393847,0.1575,0.9870,-0.2167,1.023
15.605441231,0.1614,0.9814,-0.2276,1.020
15.607989001,0.1642,0.9790,-0.2409,1.021
15.61109477,0.1561,0.9719,-0.2478,1.015
15.613493847,0.1534,0.9734,-0.2531,1.017
15.616426539,0.1456,0.9756,-0.2574,1.019
15.618153924,0.1358,0.9785,-0.2531,1.020
15.620441847,0.1280,0.9805,-0.2450,1.019
15.622354847,0.1172,0.9844,-0.2320,1.018
15.624746847,0.1078,0.9853,-0.2175,1.015
15.627318539,0.1018,0.9876,-0.2033,1.013
15.629718539,0.0945,0.9905,-0.1896,1.013
15.632009847,0.0838,0.9890,-0.1779,1.008
15.634708078,0.0711,0.9895,-0.1661,1.006
15.637024078,0.0530,0.9888,-0.1517,1.002
15.639215155,0.0347,0.9883,-0.1405,0.999
15.642352924,0.0183,0.9900,-0.1341,0.999
15.644252924,-0.0021,0.9998,-0.1405,1.010
15.646731462,-0.0236,1.0054,-0.1495,1.017
15.648950462,-0.0427,1.0098,-0.1607,1.023
15.651530847,-0.0570,1.0107,-0.1763,1.028
15.654053616,-0.0712,1.0154,-0.1915,1.036
15.656689001,-0.0808,1.0154,-0.2022,1.039
15.658845308,-0.0861,1.0132,-0.2110,1.038
15.66638377,-0.0903,1.0137,-0.2126,1.040
15.667281539,-0.0945,1.0149,-0.2138,1.041
15.667733539,-0.0966,1.0159,-0.2159,1.043
15.669603078,-0.0966,1.0184,-0.2120,1.045
15.679593616,-0.0947,1.0217,-0.2071,1.047
15.680514847,-0.0886,1.0322,-0.2077,1.057
15.681012308,-0.0812,1.0401,-0.2084,1.064
15.681336385,-0.0759,1.0543,-0.2213,1.080
15.681494232,-0.0679,1.0708,-0.2367,1.099
15.683233001,-0.0610,1.0875,-0.2555,1.119
15.689280308,-0.0598,1.1060,-0.2778,1.142
15.689861847,-0.0556,1.1249,-0.3023,1.166
15.690430462,-0.0561,1.1515,-0.3264,1.198
15.692240693,-0.0623,1.1759,-0.3494,1.228
15.694508924,-0.0710,1.2067,-0.3701,1.264
15.696985001,-0.0837,1.2372,-0.3773,1.296
15.699395078,-0.0889,1.2665,-0.3820,1.326
15.702946155,-0.1033,1.2959,-0.3769,1.354
15.704231693,-0.1089,1.3266,-0.3628,1.380
15.706702155,-0.1169,1.3564,-0.3433,1.404
15.70925477,-0.1226,1.3829,-0.3186,1.424
15.711832693,-0.1272,1.4105,-0.2897,1.446
15.714252693,-0.1272,1.4325,-0.2592,1.461
15.716536385,-0.1228,1.4481,-0.2282,1.471
15.719988693,-0.1140,1.4596,-0.1966,1.477
15.721554462,-0.0986,1.4657,-0.1617,1.478
15.723790847,-0.0786,1.4735,-0.1216,1.481
15.728228693,-0.0554,1.4799,-0.0666,1.482
15.729888924,-0.0268,1.4859,-0.0088,1.486
15.731056385,0.0034,1.4962,0.0337,1.497
15.733800001,0.0417,1.5041,0.0768,1.507
15.736691385,0.0726,1.5069,0.1082,1.513
15.738178462,0.1024,1.5045,0.1378,1.514
15.740851693,0.1304,1.5057,0.1753,1.521
15.743045001,0.1544,1.5029,0.2042,1.525
15.745343155,0.1728,1.5006,0.2100,1.525
15.748037308,0.1871,1.5011,0.1937,1.525
15.750518232,0.2042,1.5057,0.1700,1.529
15.756344001,0.2140,1.5057,0.1595,1.529
15.757063385,0.2343,1.5109,0.1453,1.536
15.75788677,0.2524,1.5165,0.1199,1.542
15.764855078,0.2741,1.5216,0.0869,1.549
15.765288001,0.2946,1.5221,0.0446,1.551
15.765479385,0.3086,1.5260,-0.0263,1.557
15.778532616,0.3232,1.5218,-0.0664,1.557
15.77945477,0.3366,1.5190,-0.1151,1.560
15.779662462,0.3494,1.5136,-0.1659,1.562
15.779857308,0.3555,1.5106,-0.2271,1.568
15.780023462,0.3591,1.5072,-0.2841,1.575
15.780307462,0.3640,1.5077,-0.3228,1.584
15.78170777,0.3680,1.5109,-0.3603,1.596
15.783921924,0.3577,1.5153,-0.3926,1.606
15.78625177,0.3506,1.5126,-0.3855,1.600
15.788691385,0.3474,1.5134,-0.3818,1.599
15.791511693,0.3342,1.5118,-0.3818,1.595
15.794071385,0.3210,1.5082,-0.3818,1.589
15.79662277,0.2995,1.4950,-0.3967,1.575
15.798634539,0.2795,1.4703,-0.4268,1.556
15.800957232,0.2609,1.4379,-0.4656,1.534
15.803248308,0.2367,1.4019,-0.5194,1.514
15.806721308,0.2135,1.3604,-0.5712,1.491
15.808330155,0.1984,1.3154,-0.6024,1.460
15.810784308,0.1952,1.2714,-0.6081,1.423
15.813207078,0.1928,1.2370,-0.5927,1.385
15.815955155,0.1926,1.2106,-0.5604,1.348
15.819304693,0.1896,1.1894,-0.5091,1.308
15.820316001,0.1808,1.1745,-0.4253,1.262
15.822567385,0.1563,1.1625,-0.3203,1.216
15.825002232,0.1065,1.1537,-0.2228,1.180
15.827372924,0.0364,1.1515,-0.1639,1.164
15.829792078,-0.0397,1.1419,-0.1314,1.150
15.832509847,-0.0889,1.1185,-0.1143,1.128
15.835196924,-0.1624,1.0931,-0.1243,1.112
15.837032385,-0.2401,1.0687,-0.1414,1.104
15.84031177,-0.3195,1.0391,-0.1570,1.098
15.841957308,-0.4045,1.0130,-0.1661,1.103
15.844159693,-0.4849,0.9805,-0.1686,1.107
15.846816616,-0.5599,0.9502,-0.1752,1.117
15.849269308,-0.6391,0.9211,-0.1991,1.139
15.855567693,-0.7185,0.8969,-0.2348,1.173
15.856388693,-0.7891,0.8737,-0.2714,1.208
15.856830847,-0.8609,0.8537,-0.3156,1.253
15.867303078,-0.9375,0.8253,-0.3428,1.295
15.868296001,-1.0131,0.8087,-0.3420,1.341
15.868569232,-1.0796,0.7918,-0.3296,1.379
15.869282539,-1.1169,0.7733,-0.2807,1.387
15.869509847,-1.1311,0.7603,-0.2218,1.381
15.871276078,-1.1350,0.7587,-0.1656,1.375
15.874305924,-1.1325,0.7601,-0.1174,1.369
15.876724693,-1.1271,0.7674,-0.0811,1.366
15.878790232,-1.1142,0.7796,-0.0430,1.361
15.880330462,-1.0891,0.7862,-0.0058,1.343
15.883257232,-1.0521,0.7913,0.0239,1.317
15.885213308,-0.9960,0.7913,0.0468,1.273
15.888079155,-0.9134,0.7887,0.0651,1.209
15.89053177,-0.8213,0.7931,0.0866,1.145
15.892719078,-0.7327,0.7934,0.1106,1.086
15.895179462,-0.6442,0.7833,0.1374,1.023
15.898620693,-0.5582,0.7684,0.1690,0.965
15.899757308,-0.4805,0.7520,0.1993,0.914
15.902571155,-0.4064,0.7305,0.2233,0.865
15.904584308,-0.3363,0.7093,0.2435,0.822
15.907214232,-0.2731,0.6849,0.2547,0.780
15.909364693,-0.2171,0.6599,0.2604,0.742
15.911821539,-0.1734,0.6306,0.2557,0.702
15.915110155,-0.1350,0.6040,0.2469,0.666
15.917710232,-0.1062,0.5710,0.2345,0.626
15.919120616,-0.0871,0.5475,0.2193,0.596
15.92147477,-0.0784,0.5187,0.1988,0.561
15.923891462,-0.0779,0.4969,0.1812,0.535
15.926329539,-0.0849,0.4743,0.1624,0.508
15.92900277,-0.1020,0.4557,0.1421,0.488
15.931286155,-0.1199,0.4388,0.1159,0.469
15.935127385,-0.1458,0.4263,0.0866,0.459
15.936473308,-0.1709,0.4151,0.0583,0.453
15.939521616,-0.1993,0.4132,0.0302,0.460
15.941103078,-0.2301,0.4110,0.0097,0.471
15.944117308,-0.2503,0.4168,-0.0053,0.486
15.945656078,-0.2687,0.4237,-0.0149,0.502
15.947953616,-0.2813,0.4332,-0.0186,0.517
15.950553308,-0.2874,0.4420,-0.0168,0.528
15.953757308,-0.2890,0.4579,-0.0170,0.542
15.955272078,-0.2865,0.4713,-0.0119,0.552
15.962180001,-0.2845,0.4896,-0.0014,0.566
15.963103155,-0.2757,0.5060,0.0163,0.576
15.963428385,-0.2699,0.5258,0.0329,0.592
15.966194155,-0.2608,0.5432,0.0554,0.605
15.971041847,-0.2535,0.5595,0.0759,0.619
15.971800001,-0.2499,0.5784,0.0945,0.637
15.972184693,-0.2454,0.5947,0.1052,0.652
15.983249539,-0.2442,0.6106,0.1180,0.668
15.983943078,-0.2430,0.6228,0.1250,0.680
15.98424377,-0.2457,0.6375,0.1301,0.695
15.984530847,-0.2499,0.6457,0.1311,0.705
15.985007693,-0.2518,0.6578,0.1269,0.716
15.986541616,-0.2535,0.6687,0.1260,0.726
15.989020078,-0.2555,0.6744,0.1208,0.731
15.992153539,-0.2582,0.6783,0.1223,0.736
15.993662232,-0.2596,0.6851,0.1218,0.743
15.996425924,-0.2620,0.6912,0.1252,0.750
15.999619155,-0.2648,0.6990,0.1280,0.758
16.00177477,-0.2677,0.7027,0.1318,0.763
16.004158847,-0.2680,0.7083,0.1367,0.770
16.006288078,-0.2620,0.7166,0.1453,0.777
16.008692308,-0.2608,0.7235,0.1555,0.785
16.010483462,-0.2582,0.7357,0.1651,0.797
16.013338155,-0.2567,0.7457,0.1704,0.807
16.01546277,-0.2510,0.7562,0.1785,0.817
16.017918155,-0.2501,0.7659,0.1851,0.827
16.020228385,-0.2475,0.7774,0.1881,0.837
16.023785539,-0.2471,0.7899,0.1895,0.849
16.025818847,-0.2447,0.8011,0.1900,0.859
16.02777877,-0.2457,0.8134,0.1830,0.869
16.030180001,-0.2482,0.8276,0.1721,0.881
16.033684385,-0.2526,0.8402,0.1614,0.892
16.034685847,-0.2576,0.8517,0.1490,0.902
16.037293232,-0.2677,0.8654,0.1355,0.916
16.039657539,-0.2755,0.8771,0.1218,0.927
16.043005232,-0.2894,0.8896,0.1074,0.942
16.044563078,-0.3063,0.9089,0.0989,0.964
16.047053232,-0.3168,0.9233,0.0910,0.980
16.053666155,-0.3272,0.9392,0.0884,0.998
16.054373616,-0.3332,0.9541,0.0884,1.014
16.054998155,-0.3405,0.9678,0.0898,1.030
16.062829232,-0.3437,0.9827,0.0954,1.045
16.063750847,-0.3461,0.9944,0.1062,1.058
16.064061308,-0.3525,1.0110,0.1159,1.077
16.064240616,-0.3554,1.0228,0.1260,1.090
16.075043385,-0.3586,1.0373,0.1348,1.106
16.075780616,-0.3571,1.0489,0.1441,1.117
16.076105847,-0.3596,1.0624,0.1480,1.131
16.076592693,-0.3584,1.0713,0.1531,1.140
16.07704677,-0.3673,1.0829,0.1641,1.155
16.078181847,-0.3815,1.1039,0.1714,1.180
16.080609924,-0.3877,1.1170,0.1560,1.193
16.082997308,-0.3920,1.1249,0.1301,1.198
16.085433616,-0.4157,1.1463,0.1362,1.227
16.087847385,-0.4427,1.1659,0.1343,1.254
16.091139155,-0.4600,1.1859,0.1177,1.277
16.092612078,-0.4812,1.2018,0.0996,1.298
16.095217001,-0.5010,1.2067,0.0742,1.309
16.098100078,-0.5264,1.2096,0.0481,1.320
16.100061924,-0.5391,1.2126,0.0500,1.328
16.102373539,-0.5526,1.2162,0.0510,1.337
16.105001001,-0.5682,1.2197,0.0549,1.347
16.107725308,-0.5865,1.2225,0.0747,1.358
16.11570277,-0.6021,1.2248,0.0877,1.368
16.116544001,-0.6183,1.2321,0.0957,1.382
16.116974539,-0.6342,1.2346,0.1035,1.392
16.117694232,-0.6498,1.2411,0.1123,1.405
16.120326462,-0.6610,1.2453,0.1208,1.415
16.121731462,-0.6684,1.2570,0.1297,1.430
16.123963385,-0.6747,1.2595,0.1365,1.435
16.12627977,-0.6779,1.2595,0.1434,1.437
16.128669001,-0.6740,1.2507,0.1409,1.428
16.131902847,-0.6684,1.2353,0.1304,1.411
16.133586155,-0.6535,1.2129,0.1204,1.383
16.135985847,-0.6393,1.1859,0.1252,1.353
16.13855177,-0.6197,1.1610,0.1292,1.322
16.141024693,-0.6283,1.1540,0.1318,1.321
16.14359077,-0.6158,1.1288,0.1392,1.293
16.145738462,-0.6302,1.1270,0.1472,1.300
16.148460308,-0.6185,1.0927,0.0991,1.259
16.150557847,-0.5990,1.0571,0.0686,1.217
16.15281077,-0.5829,1.0322,0.0547,1.187
16.155267385,-0.5785,1.0191,0.0498,1.173
16.157862539,-0.5699,1.0081,0.0402,1.159
16.160534155,-0.5631,0.9988,0.0202,1.147
16.162769232,-0.5567,0.9946,0.0119,1.140
16.167168001,-0.5511,0.9963,0.0067,1.139
16.167512385,-0.5440,1.0032,0.0014,1.141
16.170200078,-0.5322,1.0086,-0.0009,1.140
16.172041308,-0.5210,1.0186,-0.0030,1.144
16.175852924,-0.5105,1.0289,-0.0139,1.149
16.176777232,-0.4947,1.0389,-0.0200,1.151
16.179577924,-0.4741,1.0482,-0.0219,1.151
16.187580308,-0.4588,1.0538,-0.0254,1.150
16.188093616,-0.4380,1.0599,-0.0271,1.147
16.188309308,-0.4160,1.0608,-0.0244,1.140
16.190313001,-0.3879,1.0687,-0.0214,1.137
16.191315385,-0.3559,1.0799,-0.0166,1.137
16.193761924,-0.3393,1.0757,-0.0361,1.129
16.196437616,-0.3185,1.0669,-0.0291,1.114
16.202253847,-0.2811,1.0552,-0.0286,1.092
16.202610232,-0.2571,1.0471,-0.0281,1.079
16.203381308,-0.2415,1.0403,-0.0200,1.068
16.205747155,-0.2410,1.0303,0.0023,1.058
16.208104385,-0.2430,1.0235,0.0281,1.052
16.210892924,-0.2531,1.0144,0.0395,1.046
16.213133616,-0.2618,1.0047,0.0378,1.039
16.21535477,-0.2692,0.9946,0.0386,1.031
16.218008385,-0.2780,0.9819,0.0502,1.022
16.22035477,-0.2892,0.9700,0.0640,1.014
16.222861924,-0.3007,0.9626,0.0773,1.011
16.225190155,-0.3083,0.9506,0.0825,1.003
16.227814539,-0.3173,0.9350,0.0786,0.990
16.230157308,-0.3256,0.9243,0.0698,0.982
16.232264385,-0.3324,0.9118,0.0586,0.972
16.234904385,-0.3393,0.9008,0.0473,0.964
16.237889308,-0.3446,0.8928,0.0444,0.958
16.239821616,-0.3498,0.8859,0.0547,0.954
16.243619462,-0.3530,0.8891,0.0519,0.958
16.24467577,-0.3579,0.8950,0.0344,0.965
16.247668308,-0.3635,0.9020,0.0221,0.973
16.249292693,-0.3733,0.9120,0.0075,0.986
16.251664924,-0.3791,0.9204,-0.0142,0.996
16.254297001,-0.3859,0.9236,-0.0268,1.001
16.25701477,-0.3954,0.9241,-0.0225,1.005
16.259023385,-0.4043,0.9262,-0.0081,1.011
16.261770462,-0.4123,0.9238,0.0039,1.012
16.268188001,-0.4108,0.9182,0.0173,1.006
16.268968616,-0.4043,0.9091,0.0307,0.995
16.269695385,-0.3947,0.8974,0.0427,0.981
16.271833539,-0.3813,0.8828,0.0519,0.963
16.281418847,-0.3698,0.8666,0.0517,0.944
16.282211462,-0.3586,0.8466,0.0432,0.920
16.282712078,-0.3539,0.8305,0.0190,0.903
16.283027155,-0.3547,0.8129,-0.0032,0.887
16.283433232,-0.3640,0.8002,-0.0088,0.879
16.285640385,-0.3808,0.7911,-0.0012,0.878
16.292750539,-0.4028,0.7885,-0.0046,0.885
16.293933001,-0.4338,0.7855,-0.0119,0.897
16.294212001,-0.4717,0.7894,-0.0024,0.920
16.295248078,-0.5044,0.7899,0.0060,0.937
16.29800777,-0.5440,0.7997,0.0087,0.967
16.299879385,-0.5814,0.8048,0.0099,0.993
16.302477924,-0.6129,0.8129,0.0099,1.018
16.305023078,-0.6456,0.8209,0.0067,1.044
16.307150847,-0.6722,0.8332,-0.0075,1.071
16.309812078,-0.6945,0.8490,-0.0381,1.098
16.312343078,-0.7080,0.8835,-0.0860,1.135
16.315023155,-0.7143,0.9145,-0.1381,1.169
16.316786847,-0.7050,0.9336,-0.1614,1.181
16.319657847,-0.6847,0.9416,-0.1930,1.180
16.322615155,-0.6620,0.9480,-0.2394,1.181
16.324164616,-0.6339,0.9663,-0.2785,1.189
16.326731155,-0.5911,0.9890,-0.3095,1.193
16.330477308,-0.5340,1.0152,-0.3232,1.192
16.331529847,-0.4607,1.0464,-0.3386,1.192
16.333944078,-0.3754,1.0887,-0.3494,1.203
16.336499385,-0.2757,1.1454,-0.3738,1.236
16.33939477,-0.1832,1.2092,-0.3774,1.280
16.341052308,-0.0754,1.2863,-0.3489,1.335
16.343785232,0.0310,1.3785,-0.3147,1.414
16.345963078,0.1324,1.4766,-0.2846,1.510
16.348589616,0.2167,1.5758,-0.2445,1.609
16.350772385,0.2986,1.6867,-0.1761,1.722
16.35328277,0.3689,1.7977,-0.1013,1.838
16.358640924,0.4383,1.8852,-0.0618,1.936
16.359560924,0.5169,1.9336,-0.0752,2.003
16.360482539,0.6567,1.9397,-0.1866,2.056
16.366872308,0.7624,1.9555,-0.3450,2.127
16.367629539,0.8952,1.9425,-0.5001,2.197
16.367967078,0.9807,1.9478,-0.6081,2.264
16.370916693,1.0617,1.9629,-0.6203,2.316
16.380206539,1.1502,1.9572,-0.5663,2.340
16.381501001,1.2096,1.9125,-0.4144,2.301
16.381780616,1.2122,1.8446,-0.1881,2.215
16.382111078,1.1679,1.7398,0.0290,2.096
16.382359078,1.0356,1.6130,0.1341,1.921
16.384631385,0.9115,1.4762,0.1526,1.742
16.388487462,0.7899,1.3313,0.1064,1.552
16.389290847,0.6657,1.1935,0.0223,1.367
16.391524693,0.5323,1.0652,-0.0493,1.192
16.394105616,0.3892,0.9467,-0.1087,1.029
16.397202232,0.2453,0.8270,-0.1425,0.874
16.398895155,0.1011,0.7083,-0.1610,0.733
16.401511693,-0.0525,0.5930,-0.1737,0.620
16.405070847,-0.2205,0.4976,-0.1913,0.577
16.405939462,-0.4199,0.4307,-0.2629,0.656
16.408725308,-0.6395,0.3807,-0.3469,0.821
16.411050232,-0.8008,0.3375,-0.3628,0.942
16.413536616,-0.8932,0.3179,-0.3268,1.003
16.415818462,-0.9542,0.3037,-0.3203,1.051
16.418721616,-0.9989,0.3326,-0.3066,1.097
16.421134232,-1.0425,0.3795,-0.2917,1.147
16.423533232,-1.0847,0.4437,-0.2917,1.208
16.42553877,-1.0828,0.5118,-0.2707,1.228
16.427970462,-1.0581,0.5868,-0.2555,1.237
16.430559385,-1.0368,0.6816,-0.2306,1.262
16.432712385,-1.0099,0.7833,-0.2020,1.294
16.43516377,-0.9740,0.8830,-0.1639,1.325
16.438028308,-0.9366,0.9849,-0.0882,1.362
16.439849539,-0.9130,1.0741,-0.0381,1.410
16.442597001,-0.8919,1.1598,0.0381,1.464
16.445761308,-0.8499,1.2311,0.1362,1.502
16.447257616,-0.7930,1.2868,0.1863,1.523
16.449576616,-0.7265,1.3125,0.1727,1.510
16.452067693,-0.6642,1.3117,0.1343,1.476
16.454653232,-0.6127,1.2917,0.0840,1.432
16.457992001,-0.5790,1.2730,0.0446,1.399
16.459613539,-0.5792,1.2626,0.0163,1.389
16.466757001,-0.5923,1.2536,-0.0019,1.386
16.467900078,-0.5939,1.2338,-0.0520,1.370
16.468537924,-0.5899,1.2031,-0.0850,1.343
16.469767078,-0.5892,1.1733,-0.1118,1.318
16.478471462,-0.5792,1.1424,-0.1512,1.290
16.47926777,-0.5716,1.1076,-0.1908,1.261
16.479540693,-0.5452,1.0748,-0.2399,1.229
16.480468616,-0.5064,1.0369,-0.2921,1.190
16.480866462,-0.4414,0.9926,-0.3415,1.139
16.483980693,-0.3684,0.9555,-0.3726,1.090
16.489621001,-0.3036,0.9218,-0.3967,1.048
16.490585616,-0.2406,0.8966,-0.4158,1.017
16.490862539,-0.1776,0.8742,-0.4253,0.988
16.493261924,-0.1171,0.8598,-0.4346,0.970
16.495508385,-0.0568,0.8495,-0.4481,0.962
16.497785001,-0.0058,0.8473,-0.4535,0.961
16.500461539,0.0344,0.8551,-0.4456,0.965
16.502634539,0.0694,0.8712,-0.4351,0.976
16.50497477,0.0962,0.8857,-0.4263,0.988
16.507324001,0.1123,0.9050,-0.4167,1.003
16.509924693,0.1272,0.9241,-0.4083,1.018
16.512356924,0.1405,0.9431,-0.3960,1.032
16.514650539,0.1505,0.9634,-0.3872,1.049
16.517212693,0.1563,0.9776,-0.3750,1.059
16.520413308,0.1591,0.9910,-0.3594,1.066
16.521825232,0.1614,0.9993,-0.3391,1.068
16.524349001,0.1583,1.0079,-0.3217,1.070
16.526936308,0.1505,1.0122,-0.3070,1.068
16.529274462,0.1393,1.0140,-0.2937,1.065
16.531752616,0.1211,1.0171,-0.2832,1.063
16.534304308,0.0992,1.0171,-0.2726,1.058
16.536532616,0.0708,1.0208,-0.2639,1.057
16.538716001,0.0347,1.0215,-0.2587,1.054
16.541457924,-0.0009,1.0188,-0.2567,1.051
16.544950232,-0.0400,1.0205,-0.2531,1.052
16.546755078,-0.0808,1.0179,-0.2506,1.051
16.548476308,-0.1192,1.0193,-0.2494,1.056
16.550946539,-0.1560,1.0224,-0.2531,1.065
16.553475462,-0.1902,1.0217,-0.2531,1.070
16.555722232,-0.2254,1.0196,-0.2521,1.074
16.558693001,-0.2531,1.0203,-0.2538,1.081
16.561376308,-0.2741,1.0205,-0.2623,1.089
16.565752924,-0.2941,1.0164,-0.2726,1.093
16.566457924,-0.3058,1.0125,-0.2824,1.095
16.568020924,-0.3144,1.0079,-0.2932,1.096
16.577621616,-0.3088,1.0044,-0.3042,1.094
16.578722539,-0.3058,0.9983,-0.3149,1.091
16.579073308,-0.2941,0.9961,-0.3168,1.086
16.579306539,-0.2757,0.9914,-0.3198,1.078
16.579673539,-0.2540,0.9878,-0.3244,1.070
16.581991078,-0.2320,0.9827,-0.3296,1.062
16.584513616,-0.2059,0.9812,-0.3354,1.057
16.587430232,-0.1760,0.9751,-0.3410,1.048
16.58919477,-0.1434,0.9734,-0.3459,1.043
16.591863693,-0.1196,0.9727,-0.3508,1.041
16.594216078,-0.0957,0.9692,-0.3513,1.035
16.596514847,-0.0759,0.9678,-0.3531,1.033
16.599449001,-0.0595,0.9660,-0.3564,1.031
16.603063462,-0.0417,0.9658,-0.3582,1.031
16.604079385,-0.0324,0.9629,-0.3571,1.027
16.606207693,-0.0241,0.9578,-0.3591,1.023
16.608620308,-0.0173,0.9474,-0.3638,1.015
16.61112777,-0.0141,0.9394,-0.3699,1.010
16.614657616,-0.0121,0.9333,-0.3743,1.006
16.615937924,-0.0143,0.9213,-0.3829,0.998
16.618864001,-0.0143,0.9164,-0.3862,0.995
16.620616385,-0.0178,0.9124,-0.3880,0.992
16.623138847,-0.0207,0.9082,-0.3857,0.987
16.625907462,-0.0241,0.9096,-0.3838,0.988
16.629077308,-0.0280,0.9113,-0.3750,0.986
16.630537616,-0.0334,0.9143,-0.3680,0.986
16.632785847,-0.0370,0.9162,-0.3601,0.985
16.635771078,-0.0402,0.9245,-0.3522,0.990
16.637783078,-0.0439,0.9282,-0.3454,0.991
16.640327155,-0.0465,0.9353,-0.3349,0.995
16.642738847,-0.0510,0.9382,-0.3284,0.995
16.645679385,-0.0561,0.9409,-0.3235,0.997
16.647110232,-0.0610,0.9436,-0.3171,0.997
16.65811477,-0.0649,0.9416,-0.3117,0.994
16.659154539,-0.0717,0.9411,-0.3091,0.993
16.659694232,-0.0756,0.9390,-0.3095,0.992
16.660145308,-0.0830,0.9350,-0.3103,0.989
16.660621232,-0.0877,0.9362,-0.3100,0.990
16.667347078,-0.0961,0.9338,-0.3063,0.987
16.66807577,-0.1022,0.9375,-0.3039,0.991
16.668363462,-0.1079,0.9362,-0.3039,0.990
16.66894377,-0.1145,0.9360,-0.3049,0.991
16.67228777,-0.1182,0.9338,-0.3068,0.990
16.67455877,-0.1204,0.9321,-0.3105,0.990
16.680291155,-0.1211,0.9304,-0.3122,0.989
16.680941308,-0.1199,0.9267,-0.3149,0.986
16.681372693,-0.1196,0.9229,-0.3184,0.984
16.683624001,-0.1180,0.9238,-0.3186,0.984
16.685927462,-0.1180,0.9250,-0.3186,0.985
16.688817924,-0.1133,0.9282,-0.3191,0.988
16.690804385,-0.1062,0.9316,-0.3168,0.990
16.693200616,-0.1003,0.9355,-0.3181,0.993
16.695441616,-0.0959,0.9397,-0.3225,0.998
16.698000616,-0.0879,0.9414,-0.3293,1.001
16.700458462,-0.0791,0.9411,-0.3315,1.001
16.703246155,-0.0703,0.9424,-0.3345,1.002
16.705679693,-0.0598,0.9431,-0.3345,1.002
16.708749539,-0.0495,0.9434,-0.3359,1.003
16.711460308,-0.0421,0.9441,-0.3345,1.002
16.713290539,-0.0363,0.9416,-0.3322,0.999
16.715099693,-0.0314,0.9446,-0.3242,0.999
16.718173616,-0.0278,0.9411,-0.3196,0.994
16.719545308,-0.0234,0.9397,-0.3107,0.990
16.722166232,-0.0211,0.9380,-0.3100,0.988
16.724597308,-0.0183,0.9367,-0.3127,0.988
16.727022155,-0.0160,0.9365,-0.3203,0.990
16.729757924,-0.0139,0.9360,-0.3230,0.990
16.732141616,-0.0097,0.9331,-0.3215,0.987
16.734753924,-0.0067,0.9313,-0.3207,0.985
16.736544616,-0.0034,0.9336,-0.3193,0.987
16.738994539,-0.0036,0.9341,-0.3184,0.987
16.741561001,-0.0016,0.9357,-0.3159,0.988
16.744363155,0.0009,0.9367,-0.3130,0.988
16.748658847,-0.0023,0.9455,-0.3119,0.996
16.74965077,-0.0143,0.9597,-0.3049,1.007
16.752117001,-0.0258,0.9656,-0.3079,1.014
16.753597308,-0.0232,0.9478,-0.2998,0.994
16.755896078,-0.0263,0.9465,-0.3005,0.993
16.758247155,-0.0378,0.9478,-0.2963,0.994
16.764195155,-0.0542,0.9521,-0.2930,0.998
16.765357847,-0.0749,0.9553,-0.2965,1.003
16.765660308,-0.0928,0.9580,-0.3019,1.009
16.778053924,-0.1096,0.9560,-0.3107,1.011
16.778687693,-0.1277,0.9565,-0.3161,1.015
16.778940693,-0.1431,0.9529,-0.3230,1.016
16.779160693,-0.1614,0.9565,-0.3266,1.024
16.779373847,-0.1746,0.9592,-0.3242,1.027
16.781041232,-0.1875,0.9626,-0.3188,1.031
16.782321924,-0.1981,0.9707,-0.3093,1.038
16.788254232,-0.2054,0.9749,-0.2963,1.039
16.788953924,-0.2032,0.9768,-0.2883,1.039
16.789596078,-0.1983,0.9830,-0.2816,1.042
16.791779155,-0.1927,0.9895,-0.2804,1.046
16.794331078,-0.1807,0.9966,-0.2834,1.052
16.796760385,-0.1660,0.9991,-0.2851,1.052
16.800278462,-0.1465,0.9986,-0.2885,1.050
16.801620001,-0.1252,0.9956,-0.2861,1.043
16.803940924,-0.1018,0.9898,-0.2851,1.035
16.807061616,-0.0768,0.9870,-0.2895,1.031
16.809687462,-0.0512,0.9851,-0.2976,1.030
16.811246462,-0.0321,0.9809,-0.3091,1.029
16.81385577,-0.0253,0.9863,-0.3200,1.037
16.816206232,-0.0118,0.9797,-0.3345,1.035
16.818589232,0.0017,0.9714,-0.3464,1.031
16.821079462,0.0086,0.9695,-0.3554,1.033
16.823469539,0.0124,0.9680,-0.3635,1.034
16.825962232,0.0158,0.9714,-0.3718,1.040
16.828402539,0.0173,0.9737,-0.3750,1.044
16.830773924,0.0200,0.9773,-0.3804,1.049
16.833831078,0.0186,0.9802,-0.3845,1.053
16.835264001,0.0228,0.9802,-0.3877,1.054
16.837729847,0.0242,0.9788,-0.3906,1.054
16.840413232,0.0288,0.9729,-0.3990,1.052
16.842819078,0.0279,0.9646,-0.4104,1.049
16.845093847,0.0323,0.9602,-0.4165,1.047
16.847909001,0.0266,0.9553,-0.4229,1.045
16.850271078,0.0205,0.9497,-0.4288,1.042
16.852218462,0.0124,0.9480,-0.4332,1.042
16.854637232,0.0012,0.9462,-0.4341,1.041
16.858792078,-0.0114,0.9394,-0.4321,1.034
16.859561924,-0.0241,0.9367,-0.4285,1.030
16.862084616,-0.0427,0.9331,-0.4244,1.026
16.86517877,-0.0626,0.9292,-0.4153,1.020
16.869297232,-0.0835,0.9255,-0.4065,1.014
16.870442847,-0.1071,0.9252,-0.3987,1.013
16.871689539,-0.1287,0.9277,-0.3962,1.017
16.874153847,-0.1485,0.9285,-0.3890,1.018
16.879657232,-0.1673,0.9248,-0.3831,1.015
16.880215462,-0.1824,0.9233,-0.3838,1.016
16.881269847,-0.1944,0.9213,-0.3836,1.017
16.892576693,-0.2012,0.9174,-0.3813,1.014
16.893279078,-0.2079,0.9148,-0.3811,1.013
16.893799385,-0.2071,0.9128,-0.3799,1.010
16.894229847,-0.2054,0.9136,-0.3818,1.011
16.89474777,-0.1956,0.9189,-0.3808,1.014
16.89567177,-0.1839,0.9245,-0.3776,1.015
16.898060616,-0.1692,0.9323,-0.3792,1.021
16.900570847,-0.1534,0.9424,-0.3782,1.027
16.903001232,-0.1355,0.9514,-0.3776,1.033
16.906108924,-0.1206,0.9572,-0.3789,1.037
16.908484616,-0.1069,0.9632,-0.3801,1.041
16.910045539,-0.0979,0.9741,-0.3816,1.051
16.912455385,-0.0877,0.9812,-0.3865,1.058
16.914977308,-0.0791,0.9827,-0.3885,1.060
16.917307462,-0.0771,0.9883,-0.3921,1.066
16.919795385,-0.0756,0.9942,-0.3970,1.073
16.922409616,-0.0779,0.9995,-0.3950,1.078
16.924673616,-0.0820,1.0066,-0.3918,1.083
16.927034462,-0.0879,1.0200,-0.3843,1.094
16.929893232,-0.0926,1.0303,-0.3680,1.098
16.932772616,-0.0966,1.0398,-0.3508,1.102
16.934278847,-0.0973,1.0452,-0.3377,1.103
16.936714462,-0.0952,1.0422,-0.3242,1.096
16.939219385,-0.0986,1.0425,-0.3058,1.091
16.941596309,-0.1013,1.0474,-0.2895,1.091
16.943986539,-0.1087,1.0580,-0.2783,1.099
16.946792616,-0.1101,1.0753,-0.2636,1.113
16.949483385,-0.1162,1.0878,-0.2506,1.122
16.951224001,-0.1169,1.1021,-0.2348,1.133
16.953831385,-0.1074,1.1126,-0.2316,1.142
16.956140385,-0.0938,1.1158,-0.2409,1.145
16.958694232,-0.0776,1.1119,-0.2639,1.145
16.960838232,-0.0617,1.1148,-0.2865,1.153
16.963527693,-0.0442,1.1237,-0.3100,1.166
16.968529924,-0.0280,1.1358,-0.3284,1.183
16.96934277,-0.0102,1.1515,-0.3410,1.201
16.970569539,0.0132,1.1677,-0.3557,1.221
16.977456078,0.0330,1.1894,-0.3545,1.242
16.978023078,0.0528,1.2120,-0.3450,1.261
16.978283078,0.0726,1.2267,-0.3335,1.273
16.980785539,0.0936,1.2348,-0.3147,1.278
16.991221001,0.1073,1.2483,-0.2902,1.286
16.992118539,0.1176,1.2583,-0.2574,1.290
16.992467385,0.1251,1.2719,-0.2260,1.298
16.992804924,0.1270,1.2822,-0.1908,1.303
16.993117847,0.1211,1.2942,-0.1509,1.309
16.994742232,0.1160,1.2966,-0.1187,1.307
16.997062847,0.1058,1.2917,-0.0982,1.300
16.999615385,0.0923,1.2856,-0.0923,1.292
17.00166377,0.0762,1.2798,-0.0962,1.286
17.00457977,0.0554,1.2739,-0.1013,1.279
17.007085232,0.0412,1.2675,-0.1172,1.274
17.008902155,0.0584,1.2172,-0.1365,1.226
17.011413616,0.0070,1.2683,-0.0926,1.272
17.013958462,-0.0465,1.3093,-0.0774,1.312
17.016235462,-0.0835,1.3318,-0.0557,1.336
17.018827155,-0.1108,1.3308,-0.0373,1.336
17.021607155,-0.1329,1.3122,-0.0305,1.319
17.023469309,-0.1441,1.2888,-0.0232,1.297
17.026001232,-0.1551,1.2678,-0.0132,1.277
17.028593616,-0.1646,1.2523,-0.0110,1.263
17.031789309,-0.1712,1.2429,-0.0210,1.255
17.033209309,-0.1778,1.2367,-0.0296,1.250
17.036009232,-0.1907,1.2470,-0.0251,1.262
17.038073924,-0.2007,1.2646,-0.0151,1.281
17.04108277,-0.2103,1.2822,0.0058,1.299
17.043929924,-0.2220,1.3005,0.0324,1.320
17.045304616,-0.2317,1.3152,0.0561,1.337
17.048203385,-0.2415,1.3279,0.0681,1.351
17.050150539,-0.2520,1.3438,0.0786,1.369
17.052349616,-0.2631,1.3513,0.0720,1.379
17.055067693,-0.2674,1.3533,0.0595,1.381
17.058107693,-0.2694,1.3452,0.0502,1.373
17.060384385,-0.2780,1.3408,0.0314,1.370
17.062052078,-0.2897,1.3343,-0.0005,1.365
17.068534462,-0.2985,1.3213,-0.0344,1.355
17.069908001,-0.2938,1.3042,-0.0654,1.338
17.070418462,-0.2948,1.2923,-0.1018,1.329
17.072010232,-0.3085,1.2842,-0.1449,1.329
17.079039462,-0.3053,1.2681,-0.1776,1.316
17.079565924,-0.2941,1.2551,-0.2098,1.306
17.07975877,-0.2904,1.2358,-0.2460,1.293
17.092101539,-0.2794,1.2172,-0.2726,1.278
17.092985616,-0.2699,1.1984,-0.2853,1.261
17.093586462,-0.2648,1.1728,-0.2888,1.236
17.094003078,-0.2645,1.1435,-0.2897,1.209
17.094385847,-0.2569,1.1163,-0.2876,1.181
17.094767155,-0.2469,1.0878,-0.2768,1.149
17.095825001,-0.2445,1.0655,-0.2580,1.123
17.098317616,-0.2533,1.0443,-0.2524,1.104
17.100484385,-0.2704,1.0281,-0.2658,1.096
17.103100078,-0.2972,1.0174,-0.2958,1.100
17.10544377,-0.3290,1.0096,-0.3349,1.113
17.107775693,-0.3689,1.0047,-0.3669,1.131
17.110318462,-0.4092,0.9970,-0.3820,1.143
17.113333847,-0.4465,0.9851,-0.3880,1.149
17.115546539,-0.4883,0.9805,-0.3946,1.164
17.122274462,-0.5189,0.9734,-0.4073,1.176
17.122654539,-0.5379,0.9609,-0.4180,1.178
17.123166155,-0.5515,0.9492,-0.4207,1.176
17.124758155,-0.5631,0.9323,-0.4087,1.163
17.127754155,-0.5741,0.9201,-0.3936,1.154
17.129766462,-0.5907,0.9099,-0.3696,1.146
17.131802847,-0.6197,0.9055,-0.3433,1.150
17.134280001,-0.6508,0.9003,-0.3215,1.157
17.137385539,-0.6810,0.8982,-0.3000,1.166
17.13951477,-0.7082,0.9013,-0.2814,1.180
17.141534462,-0.7385,0.9057,-0.2567,1.196
17.143989539,-0.7700,0.9064,-0.2445,1.214
17.147097847,-0.8047,0.9026,-0.2320,1.231
17.148684001,-0.8377,0.9035,-0.2145,1.251
17.151177001,-0.8599,0.8930,-0.1945,1.255
17.153702539,-0.8829,0.8828,-0.1429,1.257
17.15597977,-0.9051,0.8896,-0.0706,1.271
17.158592001,-0.9276,0.8905,-0.0044,1.286
17.161051462,-0.9452,0.9020,0.1113,1.311
17.166967155,-0.9283,0.9050,0.2259,1.316
17.167575385,-0.8953,0.8994,0.3225,1.309
17.168228309,-0.8616,0.8917,0.4026,1.304
17.170941309,-0.8387,0.8793,0.4392,1.292
17.176414539,-0.8105,0.8635,0.4488,1.266
17.176910462,-0.7819,0.8449,0.4383,1.232
17.177967155,-0.7478,0.8170,0.4206,1.185
17.188441616,-0.7141,0.7904,0.3862,1.133
17.188780078,-0.6808,0.7694,0.3633,1.090
17.188967693,-0.6471,0.7408,0.3268,1.037
17.189305924,-0.6032,0.7037,0.2953,0.973
17.189856001,-0.5723,0.6825,0.2869,0.936
17.192121847,-0.5352,0.6499,0.2352,0.874
17.194942539,-0.4886,0.6057,0.1930,0.802
17.197217847,-0.4509,0.5759,0.1802,0.753
17.199404001,-0.4209,0.5546,0.1834,0.720
17.202049001,-0.3982,0.5383,0.1873,0.695
17.205276001,-0.3757,0.5187,0.1900,0.668
17.206762232,-0.3554,0.5057,0.1995,0.650
17.209552693,-0.3381,0.4924,0.2054,0.632
17.21170777,-0.3229,0.4823,0.2071,0.616
17.214115385,-0.3039,0.4722,0.2047,0.598
17.21706377,-0.2809,0.4569,0.1942,0.570
17.21926377,-0.2550,0.4408,0.1802,0.540
17.221617309,-0.2325,0.4266,0.1665,0.514
17.22350677,-0.2061,0.4125,0.1434,0.483
17.225965309,-0.1832,0.4012,0.1182,0.457
17.228629309,-0.1634,0.3912,0.0908,0.434
17.230849847,-0.1438,0.3821,0.0654,0.414
17.233286462,-0.1236,0.3748,0.0329,0.396
17.235751155,-0.1043,0.3760,0.0062,0.390
17.238162232,-0.0847,0.3765,-0.0156,0.386
17.240444616,-0.0607,0.3767,-0.0384,0.384
17.24310277,-0.0393,0.3802,-0.0513,0.386
17.246403155,-0.0204,0.3907,-0.0610,0.396
17.247810539,0.0002,0.3988,-0.0682,0.405
17.250290232,0.0230,0.4125,-0.0769,0.420
17.252636385,0.0435,0.4293,-0.0813,0.439
17.255250155,0.0615,0.4477,-0.0860,0.460
17.258181616,0.0767,0.4694,-0.0885,0.484
17.259917232,0.0913,0.4884,-0.0880,0.505
17.266060078,0.1011,0.5123,-0.0894,0.530
17.26690277,0.1097,0.5400,-0.0901,0.558
17.267437616,0.1195,0.5644,-0.0926,0.584
17.275332693,0.1246,0.5915,-0.0936,0.612
17.275921924,0.1283,0.6225,-0.0901,0.642
17.276171155,0.1290,0.6538,-0.0843,0.672
17.276973539,0.1226,0.6807,-0.0869,0.697
17.287619155,0.1187,0.7132,-0.0877,0.728
17.288729616,0.1104,0.7457,-0.0880,0.759
17.289196385,0.0950,0.7757,-0.0904,0.787
17.289608309,0.0776,0.8067,-0.0962,0.816
17.290046232,0.0491,0.8370,-0.1021,0.845
17.291769616,0.0158,0.8679,-0.1082,0.875
17.293797616,-0.0050,0.8908,-0.1099,0.898
17.296010539,-0.0211,0.9164,-0.1129,0.924
17.298701847,-0.0430,0.9418,-0.1143,0.950
17.300971462,-0.0617,0.9588,-0.1141,0.968
17.303894155,-0.0812,0.9737,-0.1097,0.983
17.305664309,-0.1008,0.9814,-0.1041,0.992
17.307982232,-0.1324,0.9861,-0.0953,1.000
17.310648309,-0.1434,0.9888,-0.0850,1.003
17.312878539,-0.1329,0.9932,-0.0804,1.005
17.315768078,-0.1313,0.9961,-0.0666,1.007
17.317801616,-0.1497,1.0051,-0.0442,1.017
17.320677616,-0.1462,1.0103,-0.0144,1.021
17.323229539,-0.1458,1.0220,0.0090,1.032
17.325081232,-0.1313,1.0364,0.0344,1.045
17.327289847,-0.1326,1.0545,0.0510,1.064
17.32997177,-0.1578,1.0662,0.0698,1.080
17.332056616,-0.1942,1.0813,0.0825,1.102
17.334764001,-0.2154,1.0951,0.0791,1.119
17.337061847,-0.2594,1.0997,0.0700,1.132
17.339607385,-0.3070,1.1043,0.0566,1.148
17.341924693,-0.3419,1.1148,0.0434,1.167
17.345388309,-0.3733,1.1185,0.0309,1.180
17.346463385,-0.3598,1.1246,0.0062,1.181
17.349047693,-0.2845,1.1561,-0.0461,1.191
17.351529616,-0.3029,1.1649,-0.0440,1.204
17.354601309,-0.3588,1.1689,-0.0137,1.223
17.356365309,-0.4177,1.1791,0.0253,1.251
17.359177924,-0.4695,1.1862,0.0419,1.276
17.366120616,-0.5164,1.1887,0.0481,1.297
17.366839693,-0.5574,1.1891,0.0554,1.314
17.36718377,-0.6072,1.1857,0.0728,1.334
17.370329847,-0.6566,1.1806,0.0840,1.354
17.370700309,-0.6984,1.1749,0.0849,1.369
17.377307462,-0.7374,1.1622,0.0917,1.380
17.378061001,-0.7632,1.1686,0.0947,1.399
17.378373232,-0.7861,1.1588,0.0969,1.404
17.380156078,-0.8022,1.1549,0.1003,1.410
17.383680616,-0.8179,1.1515,0.1177,1.417
17.385982232,-0.8194,1.1444,0.1374,1.414
17.38853977,-0.8096,1.1258,0.1406,1.394
17.389884078,-0.7912,1.1048,0.1350,1.366
17.393040693,-0.7681,1.0853,0.1369,1.337
17.394941924,-0.7558,1.0736,0.1438,1.321
17.398004078,-0.7444,1.0643,0.1460,1.307
17.399742232,-0.7280,1.0484,0.0938,1.280
17.402639155,-0.7001,1.0135,0.0386,1.232
17.405469232,-0.6759,0.9919,0.0111,1.200
17.406825001,-0.6496,0.9749,-0.0124,1.172
17.409706462,-0.6276,0.9595,-0.0274,1.147
17.412283693,-0.6097,0.9521,-0.0396,1.131
17.414099078,-0.5885,0.9483,-0.0473,1.117
17.416706462,-0.5692,0.9480,-0.0552,1.107
17.419492924,-0.5543,0.9527,-0.0618,1.104
17.421284385,-0.5354,0.9588,-0.0635,1.100
17.423717001,-0.5191,0.9614,-0.0694,1.095
17.426451693,-0.5052,0.9704,-0.0815,1.097
17.428834462,-0.4963,0.9795,-0.0933,1.102
17.431024924,-0.4879,0.9865,-0.1026,1.105
17.433716078,-0.4763,0.9954,-0.1074,1.109
17.436186232,-0.4609,1.0027,-0.1185,1.110
17.43875877,-0.4483,1.0098,-0.1219,1.112
17.441351462,-0.4348,1.0177,-0.1285,1.114
17.443979693,-0.4199,1.0240,-0.1207,1.113
17.445824385,-0.4001,1.0315,-0.1131,1.112
17.448099155,-0.3791,1.0347,-0.1013,1.107
17.450896693,-0.3581,1.0420,-0.0840,1.105
17.453350232,-0.3463,1.0555,-0.0735,1.113
17.455579693,-0.3383,1.0660,-0.0669,1.120
17.458508924,-0.3365,1.0829,-0.0645,1.136
17.461053001,-0.3439,1.1034,-0.0720,1.158
17.462331693,-0.3539,1.1207,-0.0733,1.178
17.464881924,-0.3700,1.1342,-0.0743,1.195
17.467303155,-0.3859,1.1449,-0.0564,1.210
17.471942462,-0.4047,1.1522,-0.0266,1.222
17.472662847,-0.4311,1.1598,0.0036,1.237
17.475245001,-0.4663,1.1769,0.0409,1.267
17.48199177,-0.4956,1.1852,0.0180,1.285
17.482768616,-0.5193,1.1889,-0.0261,1.298
17.483083078,-0.5306,1.1766,-0.0508,1.292
17.484511693,-0.5418,1.1528,-0.0603,1.275
17.494277847,-0.5496,1.1263,-0.0379,1.254
17.495131462,-0.5564,1.1023,-0.0046,1.235
17.495644078,-0.5677,1.0841,0.0344,1.224
17.496016693,-0.5660,1.0547,0.0773,1.199
17.496672001,-0.5641,1.0215,0.1159,1.173
17.498618155,-0.5623,0.9874,0.1380,1.145
17.502105616,-0.5648,0.9453,0.1390,1.110
17.503269847,-0.5878,0.9023,0.1378,1.086
17.505611385,-0.6127,0.8619,0.1292,1.065
17.508587385,-0.6335,0.8200,0.1145,1.042
17.510765924,-0.6508,0.7713,0.0923,1.013
17.512981616,-0.6620,0.7271,0.0661,0.986
17.515552078,-0.6556,0.6819,0.0351,0.947
17.520409001,-0.6442,0.6352,0.0265,0.905
17.52137477,-0.6407,0.6033,0.0251,0.880
17.522660924,-0.6463,0.5910,0.0300,0.876
17.525198847,-0.6471,0.5957,0.0461,0.881
17.527662155,-0.6510,0.6143,0.0476,0.896
17.529993924,-0.6603,0.6380,0.0349,0.919
17.532524924,-0.6647,0.6732,0.0358,0.947
17.535160001,-0.6564,0.7174,0.0365,0.973
17.537048924,-0.6381,0.7706,0.0332,1.001
17.53965477,-0.6161,0.8412,-0.0119,1.043
17.54231177,-0.5909,0.9255,-0.0618,1.100
17.544598539,-0.5574,1.0242,-0.0945,1.170
17.547791078,-0.5149,1.1263,-0.1167,1.244
17.549425616,-0.4509,1.2185,-0.1593,1.309
17.551780078,-0.3610,1.3019,-0.2236,1.369
17.554436078,-0.2535,1.3699,-0.2785,1.421
17.556546539,-0.1494,1.4214,-0.3322,1.467
17.558987693,-0.0458,1.4686,-0.4155,1.527
17.565770155,0.0606,1.5089,-0.5031,1.592
17.566841001,0.1752,1.5519,-0.5737,1.664
17.567147078,0.2881,1.5964,-0.5939,1.727
17.575839693,0.3902,1.6420,-0.5932,1.789
17.576481232,0.4593,1.6880,-0.5602,1.837
17.576728616,0.5138,1.7200,-0.4463,1.850
17.576955078,0.5429,1.7596,-0.2467,1.858
17.578547462,0.4994,1.8046,-0.0065,1.872
17.581276078,0.4334,1.8227,0.2019,1.884
17.582991078,0.3926,1.8057,0.3906,1.889
17.588713232,0.4034,1.7295,0.5135,1.849
17.589534462,0.4229,1.6157,0.4998,1.743
17.590855462,0.4784,1.4537,0.4164,1.586
17.592894847,0.5353,1.2634,0.3596,1.418
17.594952385,0.5185,1.0862,0.3414,1.251
17.597614155,0.5001,0.9131,0.2916,1.081
17.599839385,0.4671,0.7571,0.2484,0.924
17.602072078,0.3894,0.6348,0.1548,0.761
17.604514155,0.2325,0.5881,0.0029,0.632
17.607388693,0.0852,0.5583,-0.1910,0.596
17.609690847,-0.0278,0.5280,-0.3916,0.658
17.612245847,-0.1250,0.4882,-0.5795,0.768
17.61493977,-0.2203,0.4510,-0.7312,0.887
17.618353309,-0.3270,0.4217,-0.8495,1.003
17.619517847,-0.4313,0.4251,-0.8979,1.083
17.622081539,-0.5289,0.4735,-0.9511,1.187
17.624107385,-0.6221,0.5493,-0.9734,1.279
17.626465924,-0.7080,0.6469,-0.9303,1.336
17.629385001,-0.7783,0.7622,-0.8583,1.387
17.631379385,-0.8452,0.8866,-0.7510,1.437
17.634405001,-0.9117,1.0161,-0.6086,1.495
17.635938462,-0.9894,1.1530,-0.4337,1.580
17.638464924,-1.0957,1.2926,-0.2213,1.709
17.640822847,-1.2261,1.4060,-0.0415,1.866
17.643049924,-1.3099,1.5218,0.2289,2.021
17.645539693,-1.3632,1.5940,0.2941,2.118
17.648705616,-1.4285,1.6133,0.2186,2.166
17.650911078,-1.4639,1.5861,0.1709,2.165
17.652761924,-1.4707,1.5214,0.0982,2.118
17.655234155,-1.4280,1.4205,0.0290,2.014
17.658452078,-1.3202,1.2856,-0.0457,1.843
17.662717616,-1.1670,1.1468,-0.1207,1.641
17.66365177,-0.9916,1.0135,-0.1805,1.429
17.66593177,-0.8294,0.9128,-0.2106,1.251
17.672467155,-0.6857,0.8395,-0.2215,1.106
17.673360385,-0.5636,0.8004,-0.2313,1.006
17.673660078,-0.4588,0.7829,-0.2506,0.941
17.684852385,-0.3700,0.7738,-0.2704,0.899
17.685409309,-0.2862,0.7740,-0.2902,0.875
17.685970539,-0.2203,0.7826,-0.3046,0.868
17.686332924,-0.1678,0.7999,-0.3049,0.872
17.686695385,-0.1262,0.8283,-0.2902,0.887
17.687073847,-0.0789,0.8537,-0.2963,0.907
17.689579385,-0.0283,0.8756,-0.3103,0.929
17.692600385,0.0249,0.8945,-0.3188,0.950
17.693703693,0.0718,0.9143,-0.3342,0.976
17.696423385,0.1239,0.9297,-0.3476,1.000
17.698778232,0.1793,0.9411,-0.3655,1.025
17.701121001,0.2331,0.9553,-0.3794,1.054
17.703441616,0.2744,0.9688,-0.3946,1.081
17.708567693,0.3188,0.9793,-0.4172,1.111
17.709443078,0.3476,0.9907,-0.4190,1.130
17.710729616,0.3701,1.0086,-0.4062,1.149
17.713377924,0.3726,1.0305,-0.3818,1.160
17.715715693,0.3640,1.0652,-0.3562,1.181
17.718313539,0.3469,1.1055,-0.3203,1.202
17.720467385,0.3200,1.1456,-0.2905,1.224
17.72287877,0.2824,1.1728,-0.2734,1.237
17.72525477,0.2389,1.1847,-0.2758,1.240
17.727765232,0.1833,1.1889,-0.2974,1.239
17.730327155,0.1314,1.1813,-0.3200,1.231
17.733408385,0.0728,1.1644,-0.3391,1.215
17.73503177,0.0112,1.1417,-0.3599,1.197
17.737502462,-0.0430,1.1129,-0.3816,1.177
17.739924693,-0.0959,1.0811,-0.3938,1.155
17.742256309,-0.1470,1.0515,-0.4041,1.136
17.744949232,-0.1988,1.0245,-0.4065,1.120
17.747073539,-0.2442,0.9991,-0.4053,1.105
17.750369847,-0.2882,0.9805,-0.3948,1.096
17.751754232,-0.3237,0.9695,-0.3804,1.091
17.754433616,-0.3605,0.9583,-0.3645,1.087
17.756816924,-0.3933,0.9487,-0.3459,1.084
17.759416616,-0.4253,0.9416,-0.3308,1.085
17.761328078,-0.4526,0.9329,-0.3149,1.084
17.764434155,-0.4814,0.9304,-0.2983,1.089
17.770373232,-0.5005,0.9269,-0.2824,1.091
17.771198539,-0.5152,0.9236,-0.2665,1.091
17.771626462,-0.5279,0.9236,-0.2518,1.093
17.783067155,-0.5357,0.9277,-0.2406,1.098
17.784027693,-0.5399,0.9299,-0.2255,1.099
17.784390847,-0.5374,0.9350,-0.2159,1.100
17.784581001,-0.5347,0.9465,-0.2103,1.107
17.784912385,-0.5201,0.9504,-0.2066,1.103
17.785806232,-0.4983,0.9578,-0.2074,1.099
17.787904078,-0.4651,0.9592,-0.2126,1.087
17.793621309,-0.4262,0.9592,-0.2280,1.074
17.794383155,-0.3771,0.9546,-0.2362,1.053
17.795439155,-0.3272,0.9531,-0.2445,1.037
17.797843078,-0.2729,0.9473,-0.2541,1.018
17.80025177,-0.2171,0.9426,-0.2604,1.002
17.802765001,-0.1575,0.9375,-0.2719,0.989
17.804922539,-0.1026,0.9343,-0.2788,0.980
17.807577232,-0.0527,0.9289,-0.2888,0.974
17.809872385,-0.0023,0.9282,-0.2925,0.973
17.811916693,0.0417,0.9304,-0.2965,0.977
17.814654155,0.0813,0.9299,-0.2995,0.980
17.817030847,0.1114,0.9336,-0.2963,0.986
17.819155078,0.1393,0.9397,-0.2917,0.994
17.82226277,0.1526,0.9441,-0.2878,0.999
17.824305847,0.1632,0.9518,-0.2792,1.005
17.826512924,0.1659,0.9629,-0.2683,1.013
17.829012385,0.1619,0.9734,-0.2578,1.020
17.831684924,0.1561,0.9825,-0.2587,1.028
17.833994462,0.1476,0.9898,-0.2629,1.035
17.836169232,0.1385,0.9988,-0.2641,1.042
17.838619155,0.1251,1.0024,-0.2688,1.045
17.840975078,0.1097,1.0032,-0.2778,1.047
17.843464693,0.0926,1.0027,-0.2873,1.047
17.845945616,0.0792,0.9988,-0.2942,1.044
17.848741847,0.0652,0.9902,-0.3014,1.037
17.850525232,0.0503,0.9793,-0.3054,1.027
17.853051462,0.0389,0.9727,-0.3098,1.022
17.855840309,0.0228,0.9648,-0.3100,1.014
17.858160001,0.0122,0.9567,-0.3086,1.005
17.861036924,-0.0014,0.9531,-0.3054,1.001
17.862830155,-0.0141,0.9497,-0.2974,0.995
17.868978847,-0.0270,0.9448,-0.2834,0.987
17.869962847,-0.0381,0.9467,-0.2692,0.985
17.870628385,-0.0478,0.9485,-0.2524,0.983
17.872391385,-0.0544,0.9490,-0.2362,0.979
17.881321924,-0.0647,0.9473,-0.2245,0.976
17.882349847,-0.0740,0.9465,-0.2147,0.973
17.882584385,-0.0835,0.9448,-0.2096,0.971
17.882952001,-0.0884,0.9394,-0.2122,0.967
17.885060001,-0.0930,0.9353,-0.2164,0.965
17.887396309,-0.0942,0.9289,-0.2250,0.960
17.892640001,-0.0969,0.9245,-0.2306,0.958
17.893465539,-0.0945,0.9225,-0.2404,0.958
17.894569539,-0.0879,0.9199,-0.2455,0.956
17.896521539,-0.0825,0.9252,-0.2506,0.962
17.899155078,-0.0764,0.9262,-0.2499,0.962
17.901128078,-0.0696,0.9280,-0.2494,0.963
17.903850539,-0.0623,0.9304,-0.2482,0.965
17.906471462,-0.0549,0.9321,-0.2460,0.966
17.908460001,-0.0481,0.9326,-0.2521,0.967
17.910863155,-0.0427,0.9353,-0.2558,0.971
17.915102232,-0.0329,0.9369,-0.2634,0.974
17.916144309,-0.0270,0.9372,-0.2688,0.975
17.918189001,-0.0244,0.9397,-0.2744,0.979
17.920453539,-0.0202,0.9411,-0.2763,0.981
17.923476309,-0.0202,0.9467,-0.2739,0.986
17.925332616,-0.0173,0.9492,-0.2723,0.988
17.928148309,-0.0158,0.9551,-0.2729,0.993
17.930966539,-0.0139,0.9570,-0.2709,0.995
17.932954155,-0.0104,0.9632,-0.2683,1.000
17.935776616,-0.0075,0.9658,-0.2623,1.001
17.937796078,-0.0102,0.9663,-0.2541,0.999
17.94034277,-0.0183,0.9714,-0.2490,1.003
17.942437232,-0.0209,0.9778,-0.2438,1.008
17.944753309,-0.0329,0.9790,-0.2397,1.008
17.948108309,-0.0421,0.9837,-0.2382,1.013
17.949785847,-0.0525,0.9912,-0.2360,1.020
17.952000385,-0.0656,0.9949,-0.2331,1.024
17.954777309,-0.0773,0.9998,-0.2318,1.029
17.958008924,-0.0881,1.0017,-0.2271,1.031
17.959799155,-0.0982,1.0049,-0.2233,1.034
17.962189847,-0.1094,1.0081,-0.2218,1.038
17.968055078,-0.1194,1.0112,-0.2206,1.042
17.968685539,-0.1311,1.0159,-0.2135,1.046
17.968994539,-0.1425,1.0181,-0.2038,1.048
17.977264001,-0.1518,1.0142,-0.1866,1.042
17.977936309,-0.1587,1.0042,-0.2050,1.037
17.978469232,-0.1611,0.9958,-0.2206,1.033
17.978725616,-0.1585,0.9849,-0.2257,1.023
17.989841232,-0.1602,0.9785,-0.2252,1.017
17.990493309,-0.1648,0.9719,-0.2128,1.009
17.990781539,-0.1673,0.9707,-0.2164,1.009
17.991073616,-0.1646,0.9672,-0.2196,1.005
17.991387155,-0.1562,0.9641,-0.2228,1.002
17.992893924,-0.1436,0.9639,-0.2269,1.001
17.995482155,-0.1326,0.9623,-0.2194,0.996
17.997732616,-0.1216,0.9599,-0.1964,0.987
18.000176693,-0.1184,0.9614,-0.1877,0.987
18.002589847,-0.1074,0.9641,-0.1749,0.986
18.005754539,-0.0977,0.9626,-0.1744,0.983
18.007171155,-0.0891,0.9641,-0.1969,0.988
18.00976677,-0.0696,0.9592,-0.2260,0.988
18.012134462,-0.0570,0.9583,-0.2374,0.989
18.015023078,-0.0493,0.9588,-0.2343,0.988
18.01752677,-0.0393,0.9614,-0.2521,0.995
18.019645924,-0.0319,0.9648,-0.2521,0.998
18.022448924,-0.0292,0.9695,-0.2518,1.002
18.024296924,-0.0244,0.9760,-0.2585,1.010
18.027012924,-0.0209,0.9839,-0.2497,1.015
18.029230847,-0.0195,0.9898,-0.2274,1.016
18.031416385,-0.0221,0.9956,-0.2150,1.019
18.033968385,-0.0334,1.0005,-0.2025,1.021
18.037194462,-0.0493,1.0081,-0.1798,1.025
18.039248385,-0.0681,1.0132,-0.1573,1.028
18.041044385,-0.0822,1.0152,-0.1439,1.029
18.044812693,-0.0979,1.0132,-0.1385,1.027
18.047327078,-0.1180,1.0147,-0.1321,1.030
18.048363078,-0.1329,1.0137,-0.1134,1.029
18.050765924,-0.1641,1.0161,-0.1180,1.036
18.053334462,-0.2186,1.0284,-0.1605,1.064
18.05576777,-0.2273,1.0259,-0.1416,1.060
18.058008616,-0.2112,1.0125,-0.1300,1.042
18.060649924,-0.2025,1.0024,-0.1397,1.032
18.067416616,-0.1744,0.9863,-0.1300,1.010
18.068154155,-0.1404,0.9663,-0.1453,0.987
18.068382155,-0.1150,0.9531,-0.1670,0.974
18.071045001,-0.0940,0.9414,-0.1737,0.962
18.075510155,-0.0847,0.9390,-0.1786,0.960
18.076301616,-0.0722,0.9404,-0.1901,0.962
18.078738462,-0.0624,0.9385,-0.2213,0.966
18.090494232,-0.0615,0.9465,-0.2341,0.977
18.091341616,-0.0574,0.9536,-0.2289,0.982
18.091543078,-0.0654,0.9646,-0.2271,0.993
18.091863078,-0.0820,0.9770,-0.2194,1.005
18.092132924,-0.0923,0.9865,-0.2228,1.016
18.092382462,-0.1020,0.9923,-0.2238,1.022
18.094631078,-0.1057,1.0042,-0.2228,1.034
18.096703693,-0.1084,1.0044,-0.2343,1.037
18.098872924,-0.1094,1.0049,-0.2429,1.040
18.10160677,-0.1079,1.0061,-0.2441,1.041
18.104542232,-0.1066,1.0049,-0.2441,1.040
18.107694847,-0.1074,1.0051,-0.2445,1.040
18.108706155,-0.1111,1.0076,-0.2421,1.042
18.113308924,-0.1171,1.0098,-0.2413,1.045
18.114054539,-0.1326,1.0137,-0.2372,1.049
18.115891385,-0.1511,1.0208,-0.2284,1.057
18.118940078,-0.1716,1.0252,-0.2271,1.064
18.121494462,-0.1949,1.0247,-0.2267,1.067
18.129222539,-0.2147,1.0298,-0.2380,1.079
18.130206232,-0.2384,1.0330,-0.2487,1.089
18.13085577,-0.2628,1.0369,-0.2658,1.102
18.131246462,-0.2921,1.0386,-0.2846,1.116
18.133292309,-0.3178,1.0435,-0.3049,1.133
18.135559078,-0.3430,1.0474,-0.3107,1.145
18.137621309,-0.3664,1.0501,-0.3037,1.153
18.139886847,-0.3825,1.0577,-0.2881,1.161
18.142311155,-0.4003,1.0674,-0.2692,1.171
18.145805616,-0.4113,1.0799,-0.2531,1.183
18.147029924,-0.4155,1.0911,-0.2423,1.192
18.149544309,-0.4180,1.1023,-0.2360,1.202
18.151939693,-0.4167,1.1132,-0.2338,1.211
18.154485309,-0.4148,1.1219,-0.2336,1.219
18.156864693,-0.4106,1.1270,-0.2350,1.222
18.159323385,-0.4026,1.1317,-0.2369,1.224
18.165626462,-0.3989,1.1327,-0.2360,1.224
18.166573616,-0.3923,1.1381,-0.2387,1.227
18.166968001,-0.3896,1.1495,-0.2462,1.238
18.168999462,-0.3869,1.1617,-0.2509,1.250
18.174944385,-0.3903,1.1749,-0.2490,1.263
18.175482462,-0.3940,1.1918,-0.2462,1.279
18.175896924,-0.3947,1.2031,-0.2462,1.290
18.188637232,-0.3964,1.2131,-0.2397,1.299
18.189137924,-0.3928,1.2253,-0.2213,1.306
18.189394539,-0.3920,1.2321,-0.2069,1.309
18.189530462,-0.3928,1.2463,-0.1903,1.321
18.189740001,-0.3926,1.2568,-0.1740,1.328
18.190863078,-0.3977,1.2749,-0.1673,1.346
18.192969847,-0.4087,1.2968,-0.1581,1.369
18.195475385,-0.4209,1.3252,-0.1532,1.399
18.199276309,-0.4350,1.3613,-0.1346,1.435
18.200237847,-0.4490,1.3965,-0.1009,1.470
18.202926232,-0.4621,1.4356,-0.0557,1.509
18.204839693,-0.4663,1.4689,-0.0061,1.541
18.207497847,-0.4688,1.4925,0.0326,1.565
18.209890847,-0.4721,1.5092,0.0586,1.582
18.212271078,-0.4721,1.5265,0.0632,1.599
18.214855385,-0.4800,1.5468,0.0493,1.620
18.217961309,-0.4879,1.5786,0.0341,1.653
18.220026232,-0.4947,1.6184,0.0312,1.693
18.221853232,-0.5088,1.6613,0.0456,1.738
18.224233924,-0.5193,1.7175,0.0779,1.796
18.227045924,-0.5322,1.7743,0.1174,1.856
18.229344386,-0.5364,1.8285,0.1695,1.913
18.231665924,-0.5315,1.8710,0.1949,1.955
18.234092924,-0.5098,1.8977,0.2196,1.977
18.236916386,-0.4714,1.8898,0.2303,1.961
18.238800616,-0.4253,1.8642,0.2084,1.923
18.241443386,-0.3742,1.8183,0.2000,1.867
18.244932924,-0.3181,1.7628,0.1917,1.801
18.246118232,-0.2469,1.7019,0.1834,1.730
18.248375386,-0.1793,1.6340,0.1770,1.653
18.251016309,-0.1052,1.5639,0.1378,1.573
18.253345539,-0.0268,1.4876,0.0828,1.490
18.255805539,0.0569,1.4090,0.0353,1.411
18.258247462,0.1425,1.3335,0.0046,1.341
18.260609847,0.2250,1.2632,-0.0352,1.284
18.265733616,0.3019,1.2052,-0.0682,1.244
18.266478539,0.3675,1.1630,-0.0904,1.223
18.268516386,0.4146,1.1451,-0.1097,1.223
18.279311462,0.4395,1.1500,-0.1425,1.239
18.28088777,0.4791,1.1439,-0.1712,1.252
18.281017309,0.5167,1.1400,-0.2087,1.269
18.281417616,0.5399,1.1449,-0.2355,1.288
18.281537232,0.5604,1.1522,-0.2676,1.309
18.282230232,0.5697,1.1593,-0.2829,1.322
18.291715693,0.5797,1.1742,-0.2961,1.343
18.292455462,0.5827,1.1889,-0.3284,1.364
18.292634539,0.5851,1.2099,-0.3699,1.394
18.292791693,0.5858,1.2255,-0.4180,1.421
18.294410847,0.5668,1.2372,-0.4510,1.434
18.296513847,0.5343,1.2553,-0.4717,1.444
18.299201847,0.5187,1.2868,-0.4691,1.465
18.30259877,0.5194,1.3157,-0.4405,1.482
18.303957616,0.5238,1.3403,-0.3948,1.492
18.306259462,0.5509,1.3572,-0.3545,1.507
18.30885477,0.5834,1.3572,-0.3482,1.518
18.311445847,0.6249,1.3469,-0.3760,1.532
18.313672001,0.6447,1.3298,-0.4209,1.537
18.316859693,0.6699,1.3068,-0.4502,1.536
18.31913977,0.6816,1.2886,-0.5131,1.545
18.320916386,0.6843,1.2668,-0.5719,1.549
18.324154462,0.6443,1.2565,-0.5979,1.533
18.326154232,0.5478,1.2416,-0.6277,1.495
18.328401539,0.4224,1.2311,-0.6373,1.449
18.331110232,0.3291,1.2213,-0.6200,1.409
18.333584616,0.2355,1.2092,-0.5863,1.364
18.33635177,0.1546,1.2008,-0.5353,1.324
18.338045847,0.0985,1.1977,-0.4673,1.289
18.34051877,0.0398,1.1920,-0.3975,1.257
18.344241616,-0.0446,1.1884,-0.3291,1.234
18.345407462,0.2064,1.2504,-0.3058,1.304
18.347547078,0.1740,1.2641,-0.2795,1.306
18.350195693,-0.0102,1.2362,-0.2157,1.255
18.35246677,-0.1986,1.2243,-0.2113,1.258
18.354756386,-0.3817,1.2118,-0.2397,1.293
18.35739877,-0.5755,1.2008,-0.3042,1.366
18.360676693,-0.7583,1.1798,-0.3428,1.444
18.361990462,-0.9188,1.1507,-0.3538,1.514
18.364347078,-1.0698,1.1221,-0.3522,1.590
18.367278232,-1.1946,1.0897,-0.3166,1.648
18.373482232,-1.3356,1.0836,-0.2506,1.738
18.374317616,-1.4695,1.0894,-0.1209,1.833
18.374686462,-1.5843,1.1007,0.0083,1.929
18.386005847,-1.6722,1.1172,0.1409,2.016
18.386478155,-1.7331,1.1330,0.2780,2.089
18.386752924,-1.7511,1.1265,0.4123,2.123
18.386958232,-1.7480,1.0865,0.4854,2.115
18.38712777,-1.7071,1.0657,0.5433,2.085
18.388542847,-1.6251,1.0767,0.5318,2.021
18.391745309,-1.4702,1.1237,0.4402,1.902
18.396415386,-1.3280,1.1100,0.3735,1.771
18.396849309,-1.2232,1.1021,0.3326,1.680
18.39791577,-1.1164,1.1092,0.2962,1.601
18.40191477,-1.0001,1.1188,0.2657,1.524
18.402825001,-0.8819,1.1239,0.2333,1.448
18.405067155,-0.7690,1.1876,0.1739,1.426
18.407969309,-0.7572,1.2153,0.1113,1.436
18.410614462,-0.7632,1.2257,0.0623,1.445
18.41234677,-0.7776,1.2431,0.0070,1.466
18.414935078,-0.7893,1.2651,-0.0447,1.492
18.417509001,-0.8110,1.2881,-0.1204,1.527
18.419747078,-0.8338,1.3238,-0.1756,1.574
18.422168386,-0.8333,1.3362,-0.2450,1.594
18.424804924,-0.8140,1.3452,-0.3235,1.605
18.427182462,-0.7949,1.3599,-0.3650,1.617
18.429797616,-0.7444,1.3616,-0.4060,1.604
18.432133001,-0.6959,1.3790,-0.4817,1.618
18.435788616,-0.6430,1.3958,-0.5175,1.622
18.436949924,-0.5836,1.4124,-0.5080,1.610
18.439378539,-0.5286,1.4258,-0.4884,1.597
18.442455155,-0.4727,1.4435,-0.4668,1.589
18.444932386,-0.4113,1.4542,-0.4351,1.573
18.446096693,-0.3813,1.4698,-0.4370,1.580
18.451662539,-0.3390,1.4738,-0.4324,1.573
18.452751462,-0.2816,1.4659,-0.3853,1.542
18.453625847,-0.2347,1.4481,-0.3482,1.508
18.45605977,-0.1956,1.4319,-0.2990,1.476
18.459740616,-0.1619,1.4081,-0.2844,1.446
18.460745001,-0.1282,1.3755,-0.2795,1.409
18.463263693,-0.0964,1.3403,-0.2514,1.367
18.465670462,-0.0735,1.2991,-0.2336,1.322
18.472753001,-0.0666,1.2600,-0.2441,1.285
18.473480616,-0.0761,1.2262,-0.2506,1.254
18.473738847,-0.0950,1.1838,-0.2490,1.213
18.48699177,-0.1150,1.1505,-0.2406,1.181
18.487706462,-0.1373,1.1178,-0.2267,1.149
18.487978232,-0.1744,1.0955,-0.2033,1.128
18.488423386,-0.2191,1.0801,-0.1607,1.114
18.48860777,-0.2608,1.0615,-0.1376,1.102
18.488779155,-0.3190,1.0425,-0.1444,1.100
18.491001001,-0.3677,1.0303,-0.1432,1.103
18.496783693,-0.4074,1.0249,-0.1229,1.110
18.497857924,-0.4353,1.0193,-0.0953,1.112
18.498536078,-0.4563,1.0181,-0.0552,1.117
18.49953477,-0.4768,1.0091,-0.0405,1.117
18.501698232,-0.4956,1.0019,-0.0268,1.118
18.504420309,-0.5189,0.9919,-0.0137,1.120
18.507176693,-0.5308,0.9819,-0.0056,1.116
18.509135078,-0.5359,0.9770,0.0134,1.114
18.511474539,-0.5366,0.9688,0.0341,1.108
18.514049539,-0.5340,0.9685,0.0510,1.107
18.517332616,-0.5289,0.9536,0.0679,1.093
18.518433847,-0.5208,0.9446,0.0776,1.081
18.52108677,-0.5056,0.9272,0.0847,1.060
18.523408078,-0.4851,0.9133,0.0877,1.038
18.526482539,-0.4725,0.8994,0.0822,1.019
18.528516924,-0.4467,0.8700,0.0693,0.980
18.531615693,-0.4373,0.8421,0.0579,0.951
18.533803078,-0.4299,0.8207,0.0488,0.928
18.535486232,-0.4231,0.7985,0.0444,0.905
18.537960001,-0.4233,0.7772,0.0383,0.886
18.540450847,-0.4278,0.7608,0.0290,0.873
18.542768078,-0.4365,0.7433,0.0155,0.862
18.545061309,-0.4301,0.7381,-0.0117,0.854
18.54779077,-0.4360,0.7132,-0.0225,0.836
18.550731386,-0.4241,0.6863,-0.0433,0.808
18.552357847,-0.4067,0.6707,-0.0356,0.785
18.555160693,-0.3926,0.6509,-0.0324,0.761
18.557566462,-0.3908,0.6277,-0.0377,0.740
18.559873309,-0.3820,0.6071,-0.0344,0.718
18.562370462,-0.3722,0.5917,-0.0276,0.700
18.565622232,-0.3624,0.5837,-0.0132,0.687
18.569246847,-0.3547,0.5766,0.0070,0.677
18.570268924,-0.3522,0.5681,0.0204,0.669
18.571797539,-0.3444,0.5700,0.0216,0.666
18.581545001,-0.3449,0.5715,0.0131,0.668
18.582286539,-0.3488,0.5771,0.0104,0.674
18.582557616,-0.3525,0.5815,0.0127,0.680
18.582708309,-0.3635,0.6010,0.0116,0.702
18.583728693,-0.3344,0.5830,0.0116,0.672
18.586273847,-0.3234,0.5893,0.0036,0.672
18.588572924,-0.2999,0.5937,0.0180,0.665
18.593642155,-0.2985,0.6010,0.0087,0.671
18.594281924,-0.2718,0.5824,0.0204,0.643
18.59590777,-0.2589,0.5820,0.0293,0.638
18.598357924,-0.2508,0.5871,0.0383,0.640
18.600419155,-0.2494,0.5940,0.0456,0.646
18.603049539,-0.2538,0.6020,0.0514,0.655
18.605796616,-0.2606,0.6096,0.0490,0.665
18.608215078,-0.2692,0.6115,0.0500,0.670
18.61032777,-0.2801,0.6126,0.0444,0.675
18.61284677,-0.2927,0.6096,0.0307,0.677
18.616393001,-0.3036,0.6015,0.0119,0.674
18.617597232,-0.3153,0.5954,-0.0095,0.674
18.620043078,-0.3277,0.5889,-0.0305,0.675
18.623269616,-0.3349,0.5763,-0.0508,0.668
18.625392001,-0.3375,0.5644,-0.0750,0.662
18.627923462,-0.3405,0.5578,-0.0913,0.660
18.62959177,-0.3358,0.5517,-0.1036,0.654
18.632622539,-0.3288,0.5419,-0.1090,0.643
18.634337001,-0.3244,0.5311,-0.1074,0.632
18.63679477,-0.3197,0.5241,-0.1018,0.622
18.639427078,-0.3144,0.5195,-0.1021,0.616
18.641730847,-0.3083,0.5092,-0.1026,0.604
18.643969309,-0.3072,0.5057,-0.1029,0.601
18.646629924,-0.3043,0.4950,-0.1026,0.590
18.648948309,-0.2990,0.4867,-0.0965,0.579
18.651278462,-0.2985,0.4740,-0.1018,0.569
18.653678847,-0.2965,0.4596,-0.1111,0.558
18.656264924,-0.2953,0.4442,-0.1185,0.546
18.659003386,-0.2897,0.4244,-0.1253,0.529
18.660996924,-0.2860,0.4070,-0.1248,0.513
18.663823386,-0.2813,0.3902,-0.1263,0.497
18.666241847,-0.2738,0.3706,-0.1290,0.478
18.668263386,-0.2689,0.3533,-0.1314,0.463
18.670834539,-0.2620,0.3326,-0.1332,0.444
18.677106462,-0.2538,0.3133,-0.1336,0.425
18.678186462,-0.2415,0.2984,-0.1316,0.406
18.678585001,-0.2286,0.2832,-0.1332,0.388
18.680945924,-0.2149,0.2698,-0.1360,0.371
18.691648386,-0.2091,0.2534,-0.1360,0.356
18.692624078,-0.1970,0.2397,-0.1339,0.338
18.69286377,-0.1951,0.2297,-0.1300,0.328
18.693069309,-0.1976,0.2192,-0.1302,0.323
18.69338777,-0.2039,0.2092,-0.1304,0.320
18.696057847,-0.2124,0.1994,-0.1344,0.321
18.696730462,-0.2284,0.1908,-0.1441,0.331
18.700616693,-0.2410,0.1813,-0.1551,0.339
18.701683386,-0.2547,0.1742,-0.1647,0.350
18.704476693,-0.2689,0.1694,-0.1705,0.361
18.706762462,-0.2799,0.1626,-0.1712,0.366
18.708987462,-0.2943,0.1533,-0.1725,0.374
18.711297232,-0.3072,0.1542,-0.1732,0.385
18.714085924,-0.3127,0.1498,-0.1712,0.387
18.716176309,-0.3153,0.1474,-0.1705,0.388
18.718749001,-0.3181,0.1415,-0.1661,0.386
18.721900924,-0.3170,0.1388,-0.1614,0.382
18.724145539,-0.3195,0.1356,-0.1583,0.381
18.726385924,-0.3234,0.1342,-0.1595,0.385
18.729198539,-0.3241,0.1317,-0.1661,0.387
18.731633847,-0.3265,0.1275,-0.1666,0.388
18.733765616,-0.3370,0.1254,-0.1656,0.396
18.735688693,-0.3439,0.1270,-0.1700,0.404
18.738288001,-0.3479,0.1226,-0.1754,0.408
18.740727386,-0.3568,0.1221,-0.1754,0.416
18.744343078,-0.3693,0.1249,-0.1793,0.429
18.745832078,-0.3862,0.1221,-0.1877,0.446
18.748163462,-0.4047,0.1273,-0.1998,0.469
18.750099155,-0.4278,0.1381,-0.2164,0.499
18.752637847,-0.4541,0.1456,-0.2355,0.532
18.755064078,-0.4753,0.1508,-0.2387,0.553
18.758414847,-0.4956,0.1579,-0.2255,0.567
18.760197001,-0.5124,0.1571,-0.2033,0.573
18.762487462,-0.5286,0.1542,-0.1830,0.580
18.771009847,-0.5379,0.1496,-0.1725,0.584
18.771741924,-0.5431,0.1403,-0.1644,0.584
18.772158155,-0.5408,0.1305,-0.1549,0.577
18.772396001,-0.5379,0.1239,-0.1509,0.572
18.774097001,-0.5403,0.1205,-0.1400,0.571
18.776490539,-0.5406,0.1146,-0.1267,0.567
18.779027462,-0.5433,0.1193,-0.1116,0.567
18.781913616,-0.5387,0.1190,-0.0969,0.560
18.783753847,-0.5447,0.1273,-0.0860,0.566
18.787193232,-0.5503,0.1314,-0.0745,0.571
18.791436616,-0.5645,0.1417,-0.0569,0.585
18.792231078,-0.5806,0.1552,-0.0479,0.603
18.794265539,-0.6034,0.1669,-0.0491,0.628
18.796030462,-0.6339,0.1843,-0.0569,0.663
18.798359386,-0.6624,0.2031,-0.0757,0.697
18.800653847,-0.7006,0.2209,-0.1024,0.742
18.803187693,-0.7392,0.2463,-0.1327,0.790
18.806015462,-0.7770,0.2690,-0.1619,0.838
18.807921001,-0.8147,0.2959,-0.1884,0.887
18.810456001,-0.8569,0.3250,-0.2167,0.942
18.812718539,-0.8927,0.3520,-0.2434,0.990
18.815141539,-0.9258,0.3821,-0.2629,1.036
18.817612386,-0.9615,0.4134,-0.2748,1.082
18.820039078,-0.9845,0.4354,-0.2900,1.115
18.822603078,-1.0082,0.4508,-0.2993,1.144
18.82549977,-1.0341,0.4654,-0.3044,1.174
18.827431155,-1.0546,0.4850,-0.3039,1.200
18.829815693,-1.0679,0.5041,-0.3014,1.219
18.832169539,-1.0735,0.5069,-0.2988,1.224
18.83453077,-1.0856,0.5053,-0.3007,1.235
18.836833847,-1.0954,0.4992,-0.2983,1.240
18.83953077,-1.1005,0.4880,-0.2939,1.239
18.84183577,-1.1069,0.4771,-0.2942,1.241
18.844323462,-1.0930,0.4598,-0.2853,1.220
18.847510847,-1.0519,0.4266,-0.2672,1.166
18.848920616,-1.0370,0.4156,-0.2480,1.144
18.851582232,-1.0488,0.4415,-0.2372,1.162
18.854031078,-1.0092,0.4303,-0.2159,1.118
18.856512924,-0.9682,0.4156,-0.1945,1.071
18.859189001,-0.9330,0.4027,-0.1861,1.033
18.861241924,-0.8968,0.3960,-0.1800,0.997
18.867398462,-0.8569,0.3856,-0.1744,0.956
18.868153539,-0.8228,0.3743,-0.1788,0.921
18.868571693,-0.7935,0.3655,-0.1812,0.892
18.870766539,-0.7651,0.3525,-0.1833,0.862
18.875860924,-0.7441,0.3440,-0.1866,0.841
18.876370232,-0.7260,0.3462,-0.1877,0.826
18.878953232,-0.7074,0.3443,-0.1844,0.808
18.889588616,-0.6906,0.3436,-0.1871,0.794
18.890535078,-0.6786,0.3429,-0.1833,0.782
18.891107462,-0.6713,0.3426,-0.1756,0.774
18.891449001,-0.6640,0.3429,-0.1617,0.765
18.892184309,-0.6556,0.3416,-0.1521,0.755
18.892687386,-0.6617,0.3450,-0.1409,0.759
18.894936078,-0.6620,0.3420,-0.1365,0.758
18.897305616,-0.6612,0.3436,-0.1307,0.757
18.899513001,-0.6624,0.3473,-0.1270,0.759
18.902221847,-0.6703,0.3520,-0.1297,0.768
18.905370847,-0.6682,0.3525,-0.1295,0.766
18.906877847,-0.6649,0.3531,-0.1260,0.763
18.909367693,-0.6522,0.3604,-0.1255,0.756
18.911952386,-0.6354,0.3621,-0.1199,0.741
18.914443078,-0.6207,0.3670,-0.1155,0.730
18.916469539,-0.6070,0.3816,-0.1102,0.725
18.919160309,-0.5765,0.3802,-0.1011,0.698
18.921673539,-0.5606,0.3972,-0.0892,0.693
18.923645924,-0.5350,0.3876,-0.0398,0.662
18.926376309,-0.5184,0.3727,0.0740,0.643
18.928588386,-0.5064,0.3266,-0.0459,0.604
18.931096693,-0.5536,0.3352,-0.6132,0.892
18.933365001,-0.5152,0.3154,-1.1146,1.268
18.936300924,-0.4665,0.2886,-1.1905,1.311
18.938278847,-0.4211,0.3662,-1.0740,1.210
18.940657539,-0.4348,0.6846,-1.0254,1.307
18.94338277,-0.5846,1.4070,-1.7507,2.321
18.946419693,-0.9286,2.7696,-3.2173,4.346
18.947806539,-1.3742,4.5646,-3.7754,6.081
18.950459155,-1.0468,5.4050,-3.3114,6.425
18.952704001,-0.1367,5.2951,-3.1136,6.144
18.955710155,0.5192,5.0119,-2.2826,5.532
18.957896309,0.4067,4.7253,-0.8802,4.824
18.960000001,-0.3449,4.3545,1.0700,4.497
18.966728001,-1.2877,3.9017,2.9766,5.074
18.967596924,-1.9976,3.4029,4.1860,5.753
18.968245539,-2.4382,3.0012,4.3507,5.821
18.970030155,-2.7118,2.7207,3.9722,5.526
18.977482539,-2.7362,2.3669,3.9712,5.372
18.978273924,-2.6668,2.0808,3.6463,4.974
18.978568001,-2.3964,1.8160,3.0893,4.311
18.979306847,-2.0798,1.5898,2.2911,3.479
18.982001539,-1.8247,1.4330,1.4187,2.719
18.98387177,-1.6708,1.3028,0.3300,2.144
18.989196078,-1.5631,1.1891,-1.2243,2.314
18.989718462,-1.1465,0.8349,-2.5909,2.954
18.991505616,-0.7935,0.4466,-2.5516,2.709
18.994114539,-0.5616,0.0916,-2.3327,2.401
18.996196693,-0.3097,-0.3884,-2.4763,2.526
18.998417001,0.0070,-0.9833,-2.5201,2.705
19.001085616,0.1260,-1.2468,-1.9870,2.349
19.004864924,0.1896,-1.3572,-1.6501,2.145
19.005589001,0.2611,-1.3632,-1.3214,1.916
19.008409001,0.2863,-1.1951,-0.9626,1.561
19.01103077,0.2091,-0.8559,-0.6589,1.100
19.013323155,0.1172,-0.5356,-0.4165,0.689
19.016077001,0.0508,-0.2859,-0.1877,0.346
19.018044078,0.0132,-0.0742,0.0402,0.085
19.020623693,0.0044,0.0841,0.2257,0.241
19.022700078,-0.0016,0.2162,0.3679,0.427
19.025016693,-0.0116,0.3238,0.4509,0.555
19.027590539,-0.0276,0.4061,0.4634,0.617
19.030073001,-0.0522,0.4884,0.4199,0.646
19.032189001,-0.0837,0.5583,0.3293,0.654
19.035679386,-0.1243,0.6323,0.2076,0.677
19.037440001,-0.1736,0.7151,0.0752,0.740
19.03959077,-0.1932,0.7486,-0.1165,0.782
19.042823386,-0.1951,0.7591,-0.2333,0.818
19.045298847,-0.3011,0.9578,-0.2541,1.036
19.047169232,-0.3703,1.1158,-0.3980,1.241
19.049198232,-0.4213,1.2746,-0.4791,1.425
19.051674232,-0.4648,1.4417,-0.5668,1.617
19.054147155,-0.4922,1.6042,-0.6536,1.801
19.056546539,-0.5115,1.7510,-0.6862,1.949
19.058917924,-0.5189,1.8786,-0.6664,2.060
19.063366155,-0.5068,1.9511,-0.5707,2.095
19.063958462,-0.5105,1.9956,-0.4109,2.100
19.066041847,-0.4947,1.9723,-0.2846,2.053
19.068441924,-0.4790,1.8903,-0.1976,1.960
19.073898155,-0.4753,1.7561,-0.1632,1.827
19.074527078,-0.4900,1.5919,-0.1864,1.676
19.076772309,-0.4778,1.4354,-0.2191,1.529
19.08241477,-0.4886,1.2973,-0.2331,1.406
19.083437232,-0.5333,1.1828,-0.2294,1.318
19.083888078,-0.5042,1.0801,-0.2211,1.212
19.097336693,-0.4922,1.0137,-0.2497,1.154
19.098367693,-0.5193,0.9534,-0.2599,1.116
19.098949924,-0.5374,0.8845,-0.2296,1.060
19.099503693,-0.5657,0.8332,-0.1903,1.025
19.100021232,-0.5904,0.8021,-0.1617,1.009
19.100521001,-0.6161,0.7869,-0.1190,1.006
19.100868693,-0.6554,0.7774,-0.0650,1.019
19.103255078,-0.7116,0.7743,-0.0086,1.052
19.104492693,-0.7324,0.7943,0.0263,1.081
19.107263462,-0.7649,0.8023,0.0370,1.109
19.109489539,-0.7832,0.8072,0.0407,1.125
19.111845309,-0.7835,0.8126,0.0283,1.129
19.114220309,-0.7630,0.8036,-0.0014,1.108
19.116653309,-0.7548,0.8119,-0.0440,1.109
19.119703693,-0.7118,0.8050,-0.0852,1.078
19.121319462,-0.6645,0.8016,-0.1439,1.051
19.123903078,-0.6156,0.8111,-0.1961,1.037
19.126437924,-0.5606,0.8253,-0.2292,1.024
19.135189539,-0.5159,0.8470,-0.2511,1.023
19.136037539,-0.4851,0.8768,-0.2623,1.036
19.136745924,-0.4609,0.9096,-0.2634,1.053
19.137206462,-0.4385,0.9460,-0.2524,1.073
19.138315078,-0.4272,0.9817,-0.2360,1.096
19.140719693,-0.4220,1.0205,-0.2155,1.125
19.144108309,-0.4318,1.0575,-0.1986,1.159
19.14557177,-0.4681,1.1197,-0.1856,1.228
19.148030155,-0.4683,1.1468,-0.1722,1.251
19.150304001,-0.4697,1.1515,-0.1725,1.256
19.153088616,-0.4541,1.1414,-0.1820,1.242
19.155296693,-0.4490,1.1419,-0.1901,1.242
19.157741616,-0.4331,1.1307,-0.1996,1.227
19.163802462,-0.4084,1.1039,-0.2089,1.195
19.164680616,-0.3886,1.0811,-0.2113,1.168
19.165111693,-0.3815,1.0655,-0.2094,1.151
19.168252386,-0.3698,1.0438,-0.2079,1.127
19.171860693,-0.3628,1.0210,-0.2108,1.104
19.172326539,-0.3446,0.9930,-0.2213,1.074
19.174896001,-0.3256,0.9563,-0.2401,1.038
19.177251078,-0.2885,0.9257,-0.2418,0.999
19.179313001,-0.2677,0.9026,-0.2352,0.970
19.181626155,-0.2594,0.8798,-0.2445,0.949
19.184207078,-0.2396,0.8681,-0.2411,0.932
19.186375078,-0.2271,0.8563,-0.2357,0.917
19.188932309,-0.2112,0.8378,-0.2292,0.894
19.191373232,-0.2076,0.8381,-0.2238,0.892
19.193869539,-0.2019,0.8490,-0.2184,0.900
19.196041232,-0.1988,0.8532,-0.2175,0.903
19.198760309,-0.1807,0.8502,-0.2167,0.896
19.201235693,-0.1721,0.8583,-0.2206,0.903
19.203416616,-0.1685,0.8766,-0.2260,0.921
19.205677616,-0.1890,0.9236,-0.2323,0.971
19.208001539,-0.1921,0.9495,-0.2280,0.995
19.210910539,-0.1832,0.9658,-0.2245,1.008
19.212944078,-0.1727,0.9741,-0.2299,1.016
19.216198847,-0.1663,0.9788,-0.2362,1.021
19.218178462,-0.1653,0.9924,-0.2450,1.036
19.220100616,-0.1725,1.0051,-0.2509,1.050
19.222710539,-0.1751,1.0122,-0.2604,1.060
19.226270847,-0.1812,1.0164,-0.2697,1.067
19.22799177,-0.1837,1.0174,-0.2814,1.071
19.230003693,-0.1793,1.0066,-0.2937,1.064
19.232592616,-0.1732,0.9979,-0.3051,1.058
19.234968386,-0.2115,1.0208,-0.3281,1.093
19.236972001,-0.2168,1.0119,-0.3361,1.088
19.239782232,-0.2230,0.9981,-0.3435,1.079
19.242421616,-0.2347,0.9917,-0.3450,1.076
19.244226539,-0.2369,0.9888,-0.3528,1.076
19.246600386,-0.2382,0.9768,-0.3520,1.065
19.249836078,-0.2374,0.9704,-0.3491,1.058
19.251941001,-0.2364,0.9675,-0.3415,1.053
19.25403877,-0.2313,0.9675,-0.3303,1.048
19.25695877,-0.2266,0.9668,-0.3161,1.042
19.259876386,-0.2230,0.9616,-0.3056,1.033
19.261176309,-0.2149,0.9583,-0.3046,1.028
19.263578462,-0.2012,0.9506,-0.3110,1.020
19.266093309,-0.1902,0.9380,-0.3139,1.007
19.270593001,-0.1802,0.9250,-0.3207,0.995
19.271164693,-0.1756,0.9169,-0.3244,0.988
19.273599693,-0.1719,0.9157,-0.3237,0.986
19.27569577,-0.1700,0.9106,-0.3191,0.980
19.280808924,-0.1721,0.9103,-0.3083,0.976
19.281439462,-0.1760,0.9111,-0.2927,0.973
19.284030462,-0.1819,0.9115,-0.2692,0.968
19.293466847,-0.1865,0.9138,-0.2550,0.967
19.294749847,-0.1886,0.9131,-0.2367,0.962
19.295069232,-0.1858,0.9136,-0.2152,0.957
19.295370847,-0.1846,0.9133,-0.2062,0.954
19.295886539,-0.1802,0.9148,-0.2003,0.954
19.298161539,-0.1727,0.9111,-0.1937,0.947
19.299858539,-0.1660,0.9084,-0.1957,0.944
19.302245616,-0.1553,0.9047,-0.1984,0.939
19.304590155,-0.1416,0.9059,-0.1971,0.938
19.307956078,-0.1313,0.9038,-0.1947,0.934
19.310780309,-0.1187,0.9067,-0.1949,0.935
19.311945924,-0.1071,0.9106,-0.1952,0.937
19.314824309,-0.0913,0.9103,-0.1954,0.936
19.318101616,-0.0808,0.9052,-0.1949,0.929
19.319101847,-0.0671,0.9045,-0.1986,0.928
19.321633232,-0.0583,0.9026,-0.2006,0.926
19.324089847,-0.0490,0.9006,-0.2025,0.924
19.326685847,-0.0465,0.9001,-0.1940,0.922
19.329675462,-0.0507,0.8979,-0.1810,0.917
19.332154232,-0.0537,0.9010,-0.1635,0.917
19.334609616,-0.0610,0.9043,-0.1478,0.918
19.335990847,-0.0719,0.9077,-0.1316,0.920
19.338510847,-0.0789,0.9138,-0.1211,0.925
19.340967155,-0.0828,0.9157,-0.1102,0.926
19.343529847,-0.0857,0.9245,-0.1041,0.934
19.346430462,-0.0857,0.9233,-0.1085,0.934
19.348385001,-0.0828,0.9231,-0.1092,0.933
19.350672001,-0.0773,0.9194,-0.1106,0.929
19.353009001,-0.0749,0.9192,-0.1165,0.930
19.355809924,-0.0786,0.9152,-0.1214,0.927
19.358051155,-0.0808,0.9155,-0.1209,0.927
19.360493616,-0.0759,0.9101,-0.1223,0.921
19.363176001,-0.0764,0.9084,-0.1232,0.920
19.365888924,-0.0754,0.9064,-0.1243,0.918
19.371766539,-0.0779,0.9045,-0.1209,0.916
19.372447078,-0.0793,0.9055,-0.1143,0.916
19.372846847,-0.0849,0.9069,-0.1134,0.918
19.382044616,-0.0913,0.9082,-0.1053,0.919
19.382584924,-0.0917,0.9133,-0.1074,0.924
19.383100309,-0.0881,0.9126,-0.1195,0.925
19.383388001,-0.0847,0.9148,-0.1253,0.927
19.384960924,-0.0820,0.9162,-0.1290,0.929
19.387289539,-0.0752,0.9216,-0.1324,0.934
19.389261309,-0.0691,0.9306,-0.1383,0.943
19.39547877,-0.0581,0.9353,-0.1461,0.948
19.39620677,-0.0478,0.9397,-0.1514,0.953
19.396568386,-0.0302,0.9448,-0.1583,0.958
19.398752693,-0.0121,0.9478,-0.1644,0.962
19.401010462,0.0081,0.9504,-0.1661,0.965
19.403592693,0.0219,0.9534,-0.1670,0.968
19.406130847,0.0354,0.9570,-0.1656,0.972
19.408718155,0.0422,0.9595,-0.1647,0.974
19.410767155,0.0494,0.9658,-0.1651,0.981
19.413327155,0.0449,0.9668,-0.1659,0.982
19.415725539,0.0424,0.9727,-0.1735,0.989
19.41815977,0.0381,0.9781,-0.1786,0.995
19.420488078,0.0279,0.9797,-0.1803,0.997
19.422999155,0.0242,0.9773,-0.1776,0.994
19.425732693,0.0163,0.9763,-0.1728,0.992
19.427739078,0.0105,0.9709,-0.1676,0.985
19.430318155,0.0044,0.9639,-0.1651,0.978
19.433874539,0.0026,0.9567,-0.1588,0.970
19.434960386,-0.0011,0.9470,-0.1461,0.958
19.437553847,-0.0048,0.9369,-0.1265,0.945
19.439993847,-0.0034,0.9294,-0.1080,0.936
19.442280924,-0.0034,0.9216,-0.0965,0.927
19.445477001,0.0054,0.9126,-0.0882,0.917
19.447436078,0.0139,0.9079,-0.0852,0.912
19.449840309,0.0183,0.9028,-0.0889,0.907
19.451723078,0.0235,0.9013,-0.1074,0.908
19.454296616,0.0281,0.9059,-0.1307,0.916
19.456836309,0.0328,0.9062,-0.1568,0.920
19.459094232,0.0340,0.9128,-0.1737,0.930
19.461478847,0.0368,0.9233,-0.1893,0.943
19.464006462,0.0405,0.9345,-0.1982,0.956
19.469913309,0.0452,0.9490,-0.2052,0.972
19.470749001,0.0510,0.9641,-0.2103,0.988
19.471205001,0.0613,0.9800,-0.2069,1.003
19.474067155,0.0687,0.9954,-0.2010,1.018
19.480206847,0.0748,1.0059,-0.1991,1.028
19.481049924,0.0792,1.0230,-0.2013,1.046
19.481601539,0.0804,1.0322,-0.2045,1.055
19.492386232,0.0762,1.0425,-0.2069,1.066
19.492945924,0.0743,1.0499,-0.2087,1.073
19.493512001,0.0655,1.0540,-0.2077,1.076
19.493893616,0.0517,1.0571,-0.2020,1.078
19.494116001,0.0335,1.0584,-0.2052,1.079
19.495400616,0.0166,1.0518,-0.2035,1.071
19.499147693,-0.0038,1.0433,-0.2028,1.063
19.500078155,-0.0256,1.0333,-0.1973,1.052
19.502349539,-0.0483,1.0224,-0.1930,1.042
19.505392693,-0.0700,1.0091,-0.1910,1.029
19.507713924,-0.0945,0.9966,-0.1868,1.018
19.509690462,-0.1171,0.9898,-0.1788,1.013
19.51234277,-0.1416,0.9832,-0.1693,1.008
19.515555386,-0.1646,0.9800,-0.1607,1.007
19.516832078,-0.1883,0.9795,-0.1526,1.009
19.519412078,-0.2186,0.9800,-0.1429,1.014
19.522057309,-0.2417,0.9809,-0.1314,1.019
19.524447078,-0.2611,0.9832,-0.1102,1.023
19.526743463,-0.2813,0.9856,-0.0840,1.028
19.529124616,-0.2965,0.9890,-0.0579,1.034
19.532434847,-0.3095,0.9919,-0.0359,1.040
19.534318539,-0.3153,0.9956,-0.0132,1.044
19.536219386,-0.3200,0.9966,0.0009,1.047
19.538704693,-0.3124,0.9961,0.0067,1.044
19.541084309,-0.3041,0.9930,0.0095,1.039
19.543554155,-0.2865,0.9942,0.0021,1.035
19.546022539,-0.2708,0.9963,-0.0049,1.032
19.548536309,-0.2501,1.0012,-0.0130,1.032
19.550607155,-0.2330,1.0093,-0.0261,1.036
19.553686847,-0.2122,1.0164,-0.0445,1.039
19.555656924,-0.1914,1.0303,-0.0633,1.050
19.558779078,-0.1690,1.0425,-0.0808,1.059
19.56107077,-0.1436,1.0575,-0.0916,1.071
19.562939386,-0.1194,1.0708,-0.1046,1.083
19.56896377,-0.0923,1.0818,-0.1234,1.093
19.570018847,-0.0666,1.0897,-0.1463,1.101
19.570426232,-0.0451,1.0987,-0.1632,1.112
19.572896309,-0.0283,1.1014,-0.1756,1.116
19.581866847,-0.0095,1.1097,-0.1910,1.126
19.583115155,-0.0031,1.1244,-0.2113,1.144
19.583515463,0.0024,1.1314,-0.2264,1.154
19.58373977,0.0005,1.1439,-0.2374,1.168
19.584692078,-0.0095,1.1535,-0.2499,1.180
19.586916386,-0.0202,1.1615,-0.2570,1.190
19.593316386,-0.0304,1.1671,-0.2702,1.198
19.594462847,-0.0481,1.1742,-0.2986,1.212
19.594993001,-0.0730,1.1862,-0.3324,1.234
19.596820386,-0.1018,1.1938,-0.3503,1.248
19.598907463,-0.1289,1.2089,-0.3503,1.265
19.601948001,-0.1663,1.2213,-0.3345,1.277
19.60375877,-0.2154,1.2404,-0.3117,1.297
19.606295155,-0.2638,1.2602,-0.2953,1.321
19.608442539,-0.3144,1.2839,-0.2878,1.353
19.61102377,-0.3710,1.3073,-0.2792,1.387
19.613851078,-0.4331,1.3340,-0.2768,1.430
19.616085309,-0.4917,1.3618,-0.2841,1.475
19.618675463,-0.5418,1.3897,-0.2912,1.520
19.620845924,-0.5899,1.4190,-0.2858,1.563
19.623108924,-0.6358,1.4530,-0.2770,1.610
19.625366539,-0.6806,1.4813,-0.2597,1.651
19.627995155,-0.7180,1.5187,-0.2320,1.696
19.631864693,-0.7500,1.5424,-0.1905,1.726
19.632802232,-0.7742,1.5578,-0.1439,1.745
19.635150155,-0.7924,1.5593,-0.0982,1.752
19.637978232,-0.7971,1.5532,-0.0530,1.747
19.640360309,-0.7879,1.5427,-0.0119,1.732
19.642304078,-0.7656,1.5363,0.0341,1.717
19.644846463,-0.7304,1.5229,0.0879,1.691
19.648192693,-0.6822,1.5221,0.1497,1.675
19.64957077,-0.6212,1.5180,0.2212,1.655
19.652038463,-0.5631,1.5178,0.2838,1.644
19.654672924,-0.5093,1.5174,0.3205,1.632
19.657272309,-0.4604,1.5153,0.3216,1.616
19.659202847,-0.4236,1.5138,0.3051,1.601
19.661902232,-0.4076,1.5241,0.2978,1.606
19.66449877,-0.3982,1.5339,0.2799,1.609
19.666393001,-0.3940,1.5541,0.2582,1.624
19.669310847,-0.3882,1.5744,0.2310,1.638
19.671325309,-0.3782,1.5964,0.2061,1.654
19.676984693,-0.3584,1.6189,0.1802,1.668
19.678021616,-0.3277,1.6313,0.1541,1.671
19.679909616,-0.2892,1.6389,0.1413,1.670
19.685247155,-0.2471,1.6431,0.1306,1.667
19.685928001,-0.1954,1.6376,0.1304,1.654
19.686167155,-0.1387,1.6208,0.1267,1.632
19.701671078,-0.0791,1.5947,0.1289,1.602
19.702455386,-0.0134,1.5565,0.1297,1.562
19.702806539,0.0503,1.5092,0.1229,1.515
19.703090463,0.1172,1.4603,0.0950,1.468
19.703387078,0.1771,1.3990,0.0549,1.411
19.703681001,0.2336,1.3403,0.0155,1.361
19.704377232,0.2856,1.2812,-0.0161,1.313
19.704929616,0.3352,1.2331,-0.0347,1.278
19.707517309,0.3841,1.1906,-0.0533,1.252
19.710539693,0.4390,1.1586,-0.0784,1.241
19.713887386,0.4950,1.1293,-0.0936,1.237
19.714937539,0.5360,1.1067,-0.1153,1.235
19.717067155,0.5683,1.0974,-0.1651,1.247
19.719766155,0.5927,1.0916,-0.2372,1.265
19.722689309,0.6159,1.0841,-0.3184,1.287
19.724444309,0.6375,1.0799,-0.3736,1.308
19.727301924,0.6616,1.0780,-0.4195,1.333
19.730355463,0.6790,1.0858,-0.4661,1.363
19.731618847,0.7046,1.1023,-0.5035,1.402
19.734028924,0.7302,1.1317,-0.5255,1.446
19.736879078,0.7566,1.1679,-0.5367,1.491
19.73905877,0.7717,1.2096,-0.5380,1.532
19.742346463,0.7831,1.2511,-0.5318,1.569
19.743985309,0.8045,1.2830,-0.5064,1.597
19.747297232,0.8248,1.3133,-0.4535,1.616
19.748497616,0.8329,1.3403,-0.3850,1.624
19.751105539,0.8541,1.3633,-0.3203,1.640
19.753719463,0.8502,1.3770,-0.2667,1.640
19.755947693,0.8067,1.3762,-0.2467,1.614
19.758132924,0.7232,1.3653,-0.2516,1.565
19.760856693,0.6303,1.3396,-0.2651,1.504
19.767075463,0.5282,1.3140,-0.2873,1.445
19.767840693,0.4180,1.2861,-0.3215,1.390
19.768449309,0.2961,1.2604,-0.3486,1.341
19.776381616,0.1668,1.2416,-0.3733,1.307
19.776877309,0.0274,1.2257,-0.3880,1.286
19.777388001,-0.1147,1.2069,-0.4244,1.285
19.777556386,-0.2591,1.1854,-0.4605,1.298
19.790405001,-0.3994,1.1503,-0.4789,1.308
19.791108616,-0.5154,1.1097,-0.5306,1.334
19.791357232,-0.6212,1.0769,-0.5704,1.368
19.79158377,-0.7169,1.0636,-0.5690,1.403
19.792074232,-0.8252,1.0638,-0.5382,1.450
19.792537847,-0.9577,1.0941,-0.4828,1.532
19.794774463,-1.0991,1.1334,-0.4024,1.629
19.796930232,-1.2466,1.1803,-0.3198,1.746
19.799034232,-1.3671,1.2360,-0.2167,1.856
19.80173477,-1.4658,1.2879,-0.0987,1.954
19.804555078,-1.5296,1.3347,-0.0019,2.030
19.806278155,-1.5750,1.3802,0.0705,2.095
19.808665539,-1.5934,1.3995,0.1089,2.123
19.811275693,-1.5613,1.3939,0.1462,2.098
19.813720693,-1.5313,1.4048,0.1800,2.086
19.815973232,-1.4832,1.4032,0.2103,2.053
19.818541616,-1.4101,1.4046,0.2093,2.001
19.820976078,-1.3111,1.3904,0.1744,1.919
19.823291693,-1.2068,1.3718,0.1045,1.830
19.825840693,-1.1091,1.3528,0.0209,1.749
19.828174847,-1.0138,1.3384,-0.0137,1.679
19.830637232,-0.9375,1.3331,-0.0019,1.630
19.834352924,-0.8674,1.3245,-0.0936,1.586
19.835009539,-0.7915,1.3161,-0.1236,1.541
19.837549309,-0.7409,1.3201,-0.0980,1.517
19.839867078,-0.7029,1.3318,-0.1202,1.511
19.842646463,-0.6645,1.3425,-0.1679,1.507
19.845537616,-0.6251,1.3569,-0.2411,1.513
19.847247386,-0.5904,1.3697,-0.2961,1.521
19.849665616,-0.5750,1.3836,-0.2914,1.526
19.852324001,-0.5543,1.4009,-0.2736,1.531
19.855034463,-0.5168,1.4221,-0.2670,1.537
19.856989001,-0.4651,1.4335,-0.2765,1.532
19.859693309,-0.4294,1.4374,-0.2956,1.529
19.862586463,-0.3877,1.4466,-0.3054,1.528
19.864130539,-0.3442,1.4633,-0.3075,1.534
19.866669001,-0.3029,1.4742,-0.3139,1.537
19.869244386,-0.2608,1.4715,-0.3228,1.529
19.874910539,-0.2168,1.4628,-0.3256,1.514
19.875583155,-0.1727,1.4498,-0.3081,1.492
19.876655078,-0.1329,1.4281,-0.2958,1.464
19.883528001,-0.1003,1.4012,-0.2907,1.435
19.884162155,-0.0698,1.3709,-0.2944,1.404
19.884673309,-0.0446,1.3467,-0.3075,1.382
19.897250539,-0.0295,1.3171,-0.3347,1.359
19.898061309,-0.0176,1.2956,-0.3391,1.339
19.898369309,-0.0158,1.2737,-0.3230,1.314
19.898559155,-0.0153,1.2541,-0.3070,1.291
19.898734232,-0.0176,1.2323,-0.2983,1.268
19.898991693,-0.0276,1.2116,-0.2778,1.243
19.900400924,-0.0414,1.1874,-0.2472,1.214
19.903069616,-0.0661,1.1701,-0.2338,1.195
19.905026847,-0.0886,1.1507,-0.2299,1.177
19.907573924,-0.1089,1.1383,-0.2159,1.164
19.910050155,-0.1245,1.1212,-0.2069,1.147
19.912520386,-0.1511,1.1076,-0.2074,1.137
19.91468677,-0.1785,1.0974,-0.1991,1.130
19.917162539,-0.2184,1.0855,-0.1979,1.125
19.919670155,-0.2615,1.0792,-0.2035,1.129
19.922064078,-0.3092,1.0711,-0.2159,1.136
19.924573924,-0.3519,1.0580,-0.2118,1.135
19.926673616,-0.3668,1.0435,-0.1837,1.121
19.929162232,-0.3838,1.0273,-0.1593,1.108
19.931602155,-0.4011,1.0135,-0.1373,1.099
19.934218155,-0.4099,1.0039,-0.1141,1.090
19.936468616,-0.4008,0.9878,-0.1009,1.071
19.93882677,-0.3803,0.9663,-0.0867,1.042
19.94137977,-0.3549,0.9416,-0.0804,1.010
19.944696693,-0.3356,0.9231,-0.0755,0.985
19.946046155,-0.3261,0.9067,-0.0799,0.967
19.948481539,-0.3168,0.8873,-0.0864,0.946
19.951055693,-0.3121,0.8777,-0.1011,0.937
19.953396924,-0.2948,0.8615,-0.1209,0.919
19.955739078,-0.2799,0.8549,-0.1170,0.907
19.958090463,-0.2479,0.8270,-0.1069,0.870
19.96055977,-0.2135,0.7962,-0.0999,0.830
19.963011693,-0.1734,0.7518,-0.0933,0.777
19.965517309,-0.1326,0.7032,-0.0857,0.721
19.96770777,-0.0982,0.6636,-0.0740,0.675
19.972117539,-0.0747,0.6299,-0.0635,0.637
19.972993539,-0.0632,0.6133,-0.0606,0.619
19.975371078,-0.0566,0.5942,-0.0596,0.600
19.981692309,-0.0693,0.5679,-0.0642,0.576
19.982285001,-0.0891,0.5519,-0.0813,0.565
19.982508001,-0.1047,0.5407,-0.1029,0.560
19.995185001,-0.1162,0.5270,-0.1260,0.554
19.995947386,-0.1272,0.5209,-0.1425,0.555
19.99619477,-0.1336,0.5170,-0.1463,0.554
19.996433309,-0.1338,0.5074,-0.1390,0.543
19.996671078,-0.1357,0.5025,-0.1376,0.538
19.996909847,-0.1320,0.4936,-0.1300,0.527
19.999089309,-0.1264,0.4843,-0.1151,0.514
20.002974155,-0.1220,0.4777,-0.1087,0.505
20.003929539,-0.1243,0.4771,-0.1016,0.503
20.006520001,-0.1187,0.4679,-0.0913,0.491
20.008912078,-0.1223,0.4664,-0.0789,0.489
20.011370155,-0.1260,0.4630,-0.0694,0.485
20.013686463,-0.1304,0.4638,-0.0633,0.486
20.016322847,-0.1350,0.4606,-0.0642,0.484
20.018664078,-0.1406,0.4569,-0.0699,0.483
20.020955155,-0.1514,0.4530,-0.0752,0.483
20.023324309,-0.1627,0.4510,-0.0813,0.486
20.026180924,-0.1697,0.4501,-0.0867,0.489
20.028568001,-0.1751,0.4484,-0.0955,0.491
20.030799155,-0.1849,0.4464,-0.1048,0.494
20.032990539,-0.1924,0.4454,-0.1118,0.498
20.035972616,-0.2035,0.4417,-0.1172,0.500
20.037869924,-0.2119,0.4368,-0.1202,0.500
20.040253616,-0.2205,0.4310,-0.1209,0.499
20.043769309,-0.2247,0.4293,-0.1221,0.500
20.045097539,-0.2296,0.4223,-0.1216,0.496
20.047438463,-0.2325,0.4146,-0.1267,0.492
20.050008078,-0.2403,0.4107,-0.1309,0.494
20.05239077,-0.2435,0.4051,-0.1376,0.492
20.054858155,-0.2496,0.3963,-0.1373,0.488
20.057384001,-0.2540,0.3876,-0.1321,0.482
20.060400309,-0.2606,0.3760,-0.1251,0.474
20.061961232,-0.2664,0.3704,-0.1219,0.472
20.064507386,-0.2701,0.3618,-0.1229,0.468
20.066840924,-0.2772,0.3585,-0.1307,0.472
20.069128924,-0.2834,0.3518,-0.1397,0.473
20.071526155,-0.2862,0.3499,-0.1441,0.474
20.074120386,-0.2892,0.3440,-0.1419,0.471
20.080735693,-0.2887,0.3438,-0.1295,0.467
20.081660078,-0.2845,0.3420,-0.1187,0.460
20.082204309,-0.2831,0.3452,-0.1092,0.460
20.096420924,-0.2853,0.3455,-0.1018,0.460
20.09742377,-0.2838,0.3474,-0.0926,0.458
20.097871078,-0.2804,0.3438,-0.0774,0.450
20.098192001,-0.2767,0.3411,-0.0689,0.445
20.098508001,-0.2755,0.3394,-0.0628,0.442
20.098813847,-0.2731,0.3296,-0.0601,0.432
20.099118539,-0.2743,0.3189,-0.0561,0.424
20.105337232,-0.2745,0.3059,-0.0552,0.415
20.105960078,-0.2684,0.2928,-0.0631,0.402
20.106352924,-0.2657,0.2770,-0.0640,0.389
20.107959693,-0.2648,0.2639,-0.0647,0.379
20.110184924,-0.2643,0.2483,-0.0606,0.368
20.112498155,-0.2660,0.2355,-0.0545,0.359
20.115149309,-0.2689,0.2248,-0.0574,0.355
20.118521924,-0.2731,0.2126,-0.0586,0.351
20.119622847,-0.2804,0.2057,-0.0608,0.353
20.122209616,-0.2887,0.1992,-0.0682,0.357
20.124754155,-0.3018,0.1967,-0.0726,0.368
20.127125539,-0.3148,0.1989,-0.0699,0.379
20.129532693,-0.3285,0.1957,-0.0610,0.387
20.132243693,-0.3412,0.1938,-0.0503,0.396
20.135022463,-0.3579,0.1943,-0.0466,0.410
20.143869847,-0.3747,0.1969,-0.0496,0.426
20.144807386,-0.3950,0.1999,-0.0642,0.447
20.145876616,-0.4187,0.2011,-0.0774,0.471
20.146338463,-0.4397,0.1996,-0.0864,0.491
20.147200616,-0.4670,0.2016,-0.0965,0.518
20.148777616,-0.4937,0.2067,-0.1136,0.547
20.151198232,-0.5173,0.2094,-0.1290,0.573
20.153484309,-0.5403,0.2143,-0.1429,0.599
20.155951463,-0.5625,0.2199,-0.1617,0.625
20.15927477,-0.5843,0.2283,-0.1871,0.655
20.160621309,-0.6002,0.2376,-0.2074,0.678
20.163202463,-0.6139,0.2488,-0.2206,0.698
20.166009232,-0.6244,0.2585,-0.2296,0.714
20.168152386,-0.6335,0.2756,-0.2467,0.734
20.170360309,-0.6403,0.2912,-0.2676,0.753
20.17287177,-0.6442,0.3066,-0.2736,0.764
20.178912078,-0.6449,0.3176,-0.2648,0.766
20.179759386,-0.6498,0.3262,-0.2438,0.767
20.180303078,-0.6624,0.3343,-0.2318,0.777
20.182896386,-0.6742,0.3411,-0.2316,0.790
20.188875463,-0.6901,0.3445,-0.2362,0.807
20.189463693,-0.6957,0.3480,-0.2389,0.814
20.189822847,-0.7001,0.3487,-0.2431,0.819
20.201284078,-0.7089,0.3492,-0.2478,0.828
20.201924309,-0.7099,0.3460,-0.2524,0.829
20.202121539,-0.7138,0.3452,-0.2536,0.832
20.202409539,-0.7174,0.3509,-0.2583,0.839
20.202686847,-0.7287,0.3548,-0.2665,0.853
20.204677309,-0.7402,0.3597,-0.2729,0.867
20.206925616,-0.7585,0.3687,-0.2841,0.890
20.209165232,-0.7823,0.3755,-0.2968,0.917
20.21142777,-0.8154,0.3912,-0.3130,0.957
20.214089847,-0.8533,0.4083,-0.3215,0.999
20.217210539,-0.8892,0.4266,-0.3381,1.043
20.218888924,-0.9281,0.4471,-0.3482,1.087
20.221044078,-0.9657,0.4687,-0.3566,1.131
20.223568309,-0.9994,0.4892,-0.3574,1.169
20.226112386,-1.0348,0.5118,-0.3515,1.207
20.228639386,-1.0634,0.5265,-0.3445,1.236
20.230938232,-1.1010,0.5390,-0.3428,1.273
20.233347078,-1.1367,0.5468,-0.3391,1.306
20.236297232,-1.1646,0.5490,-0.3296,1.329
20.237991386,-1.1758,0.5521,-0.3119,1.336
20.24031877,-1.1868,0.5449,-0.3056,1.341
20.242874232,-1.1974,0.5365,-0.3014,1.346
20.245240924,-1.2021,0.5258,-0.3000,1.346
20.247820386,-1.2012,0.5102,-0.2965,1.338
20.250010155,-1.2024,0.5009,-0.2912,1.335
20.252416001,-1.1953,0.4899,-0.2893,1.324
20.254807155,-1.1870,0.4867,-0.2893,1.315
20.257212616,-1.1697,0.4840,-0.2853,1.298
20.259608616,-1.1497,0.4813,-0.2821,1.278
20.262065232,-1.1203,0.4796,-0.2768,1.250
20.264544693,-1.0896,0.4796,-0.2758,1.222
20.269969847,-1.0556,0.4762,-0.2711,1.189
20.270582463,-1.0134,0.4755,-0.2723,1.152
20.271823463,-0.9747,0.4752,-0.2716,1.118
20.278756616,-0.9344,0.4718,-0.2697,1.081
20.279218539,-0.9014,0.4733,-0.2709,1.054
20.27938277,-0.8694,0.4722,-0.2721,1.026
20.282420001,-0.8413,0.4687,-0.2704,1.000
20.292797924,-0.8186,0.4708,-0.2685,0.982
20.293661001,-0.8015,0.4684,-0.2574,0.963
20.294045847,-0.7835,0.4598,-0.2226,0.935
20.294297001,-0.7758,0.4493,-0.1966,0.918
20.294523078,-0.7749,0.4263,-0.2548,0.920
20.295913539,-0.7732,0.3829,-0.3904,0.947
20.298633539,-0.7605,0.3033,-0.5824,1.005
20.300634232,-0.7556,0.1915,-0.7528,1.084
20.303303155,-0.7668,0.0972,-0.9331,1.212
20.30553077,-0.7802,0.0618,-1.1085,1.357
20.30801477,-0.7832,0.1021,-1.2259,1.458
20.310265539,-0.7814,0.2470,-1.2885,1.527
20.312860616,-0.7849,0.4777,-1.2929,1.586
20.315260309,-0.8186,0.7628,-1.2680,1.691
20.317545847,-0.8489,1.0303,-1.1993,1.795
20.320743386,-0.8997,1.2758,-1.0261,1.868
20.322725616,-0.9901,1.5514,-0.7782,1.998
20.325749847,-1.1888,1.9098,-0.4617,2.296
20.327455693,-1.4365,2.2660,-0.1223,2.686
20.330294847,-1.6635,2.5676,0.2357,3.068
20.332165847,-1.8298,2.7652,0.6095,3.371
20.334656616,-1.9230,2.8710,0.9972,3.597
20.336993232,-1.9188,2.8828,1.4082,3.738
20.339439155,-1.8059,2.7850,1.7406,3.748
20.341821616,-1.5801,2.5778,1.9452,3.595
20.344072693,-1.3373,2.3682,1.9867,3.368
20.347148924,-1.1177,2.1957,1.8504,3.081
20.349416693,-0.9200,2.0518,1.6058,2.763
20.351335693,-0.7275,1.9166,1.1441,2.348
20.354225616,-0.5347,1.7679,0.5836,1.937
20.356183386,-0.3209,1.5856,-0.2020,1.630
20.358518232,-0.0842,1.3501,-0.8153,1.579
20.36105877,0.1202,1.1070,-1.0498,1.530
20.363965539,0.2602,0.9101,-1.1556,1.494
20.369087155,0.3916,0.7110,-1.2406,1.483
20.369782232,0.5025,0.5202,-1.2751,1.466
20.372156078,0.5639,0.3629,-1.2846,1.449
20.378445539,0.5981,0.1987,-1.3498,1.490
20.379121001,0.6487,-0.0353,-1.4216,1.563
20.38021177,0.5886,-0.1533,-1.2429,1.384
20.380429001,0.4368,-0.1711,-1.1390,1.232
20.392553539,0.2355,-0.1089,-0.9580,0.992
20.393417847,0.0606,0.0081,-0.7754,0.778
20.393712001,-0.0933,0.1279,-0.5895,0.610
20.394451463,-0.2366,0.2318,-0.3975,0.517
20.394738463,-0.3559,0.3245,-0.2047,0.523
20.39523477,-0.4707,0.4068,-0.0127,0.622
20.397309616,-0.5951,0.4838,0.1621,0.784
20.399583693,-0.7165,0.5558,0.3009,0.955
20.401792386,-0.8296,0.6143,0.3879,1.103
20.404611386,-0.9276,0.6562,0.4164,1.210
20.406867693,-1.0094,0.6832,0.3838,1.278
20.409049924,-1.0646,0.6988,0.3014,1.309
20.411860386,-1.0959,0.7039,0.1756,1.314
20.414023693,-1.0910,0.7070,0.0316,1.300
20.416485847,-1.0468,0.7156,-0.0899,1.271
20.418839078,-0.9852,0.7401,-0.1766,1.245
20.422073847,-0.9158,0.7799,-0.2140,1.222
20.424154232,-0.8460,0.8349,-0.2164,1.208
20.426388309,-0.7779,0.9035,-0.1964,1.208
20.428689924,-0.7178,0.9721,-0.1717,1.221
20.432283463,-0.6640,1.0443,-0.1444,1.246
20.433455078,-0.6119,1.1083,-0.1395,1.274
20.435761616,-0.5685,1.1668,-0.1605,1.308
20.438165309,-0.5269,1.2185,-0.1933,1.342
20.440956924,-0.4854,1.2597,-0.2199,1.368
20.442985001,-0.4514,1.2968,-0.2399,1.394
20.445977616,-0.4194,1.3296,-0.2492,1.416
20.448786463,-0.3869,1.3440,-0.2580,1.422
20.450216693,-0.3554,1.3506,-0.2536,1.419
20.452649232,-0.3249,1.3477,-0.2421,1.407
20.455035078,-0.2909,1.3259,-0.2276,1.376
20.457464616,-0.2618,1.2932,-0.2054,1.335
20.459746539,-0.2401,1.2458,-0.1732,1.281
20.462471463,-0.2354,1.1903,-0.1370,1.221
20.468912616,-0.2382,1.1376,-0.0936,1.166
20.469597924,-0.2552,1.0826,-0.0447,1.113
20.469916309,-0.2806,1.0338,0.0016,1.071
20.481036001,-0.3168,0.9902,0.0405,1.040
20.481881924,-0.3547,0.9499,0.0651,1.016
20.482604693,-0.4008,0.9131,0.0784,1.000
20.482833309,-0.4446,0.8798,0.0700,0.988
20.483189539,-0.4812,0.8426,0.0463,0.971
20.484060309,-0.5140,0.8065,0.0204,0.957
20.487053616,-0.5455,0.7755,-0.0144,0.948
20.491301539,-0.5750,0.7523,-0.0447,0.948
20.492416924,-0.6039,0.7352,-0.0689,0.954
20.493723463,-0.6305,0.7317,-0.0931,0.970
20.49593077,-0.6488,0.7391,-0.1153,0.990
20.498629309,-0.6691,0.7557,-0.1351,1.018
20.500939693,-0.6803,0.7826,-0.1451,1.047
20.503314463,-0.6877,0.8163,-0.1427,1.077
20.506240001,-0.6887,0.8532,-0.1385,1.105
20.508096386,-0.6920,0.8938,-0.1344,1.138
20.510573616,-0.6952,0.9333,-0.1246,1.170
20.514715693,-0.6969,0.9700,-0.1139,1.200
20.515988309,-0.6992,1.0049,-0.1006,1.228
20.517906463,-0.6903,1.0310,-0.0955,1.244
20.520572616,-0.6784,1.0555,-0.0852,1.258
20.522760924,-0.6633,1.0755,-0.0787,1.266
20.524951463,-0.6449,1.0894,-0.0831,1.269
20.527630463,-0.6173,1.0970,-0.0899,1.262
20.530883155,-0.5897,1.0951,-0.1034,1.248
20.532353232,-0.5645,1.0927,-0.1170,1.235
20.534777309,-0.5247,1.0887,-0.1346,1.216
20.537264924,-0.4932,1.0821,-0.1546,1.199
20.539658847,-0.4553,1.0682,-0.1781,1.175
20.541864924,-0.4164,1.0547,-0.2013,1.152
20.544285847,-0.3943,1.0413,-0.2184,1.135
20.547060309,-0.3710,1.0330,-0.2357,1.123
20.548946232,-0.3608,1.0198,-0.2514,1.111
20.552072386,-0.3373,1.0024,-0.2641,1.090
20.554328693,-0.3225,0.9861,-0.2676,1.071
20.556886539,-0.3197,0.9739,-0.2599,1.057
20.559779463,-0.3239,0.9683,-0.2499,1.051
20.561703155,-0.3334,0.9590,-0.2341,1.042
20.564355078,-0.3417,0.9585,-0.2208,1.041
20.566046232,-0.3512,0.9567,-0.2135,1.041
20.568561539,-0.3603,0.9560,-0.1991,1.041
20.570975155,-0.3689,0.9632,-0.1861,1.048
20.57605577,-0.3728,0.9700,-0.1763,1.054
20.576585232,-0.3798,0.9825,-0.1730,1.067
20.579022463,-0.3850,0.9934,-0.1632,1.078
20.588561616,-0.3871,1.0119,-0.1542,1.094
20.589520001,-0.3782,1.0277,-0.1427,1.104
20.589914847,-0.3681,1.0435,-0.1397,1.115
20.590238463,-0.3586,1.0520,-0.1449,1.121
20.590477001,-0.3466,1.0587,-0.1568,1.125
20.592573309,-0.3398,1.0618,-0.1728,1.128
20.595017924,-0.3321,1.0599,-0.1868,1.126
20.599134847,-0.3268,1.0608,-0.1979,1.128
20.599701847,-0.3253,1.0643,-0.2071,1.132
20.602439463,-0.3234,1.0662,-0.2159,1.135
20.605375463,-0.3307,1.0682,-0.2271,1.141
20.607229001,-0.3321,1.0692,-0.2369,1.144
20.60948377,-0.3378,1.0626,-0.2413,1.141
20.611686847,-0.3468,1.0608,-0.2343,1.140
20.614128386,-0.3766,1.0753,-0.2289,1.162
20.616668309,-0.4069,1.1185,-0.2203,1.210
20.619189924,-0.4069,1.0918,-0.1954,1.181
20.621737847,-0.4087,1.0692,-0.1700,1.157
20.623843693,-0.4148,1.0466,-0.1586,1.137
20.626479463,-0.4192,1.0284,-0.1509,1.121
20.630236693,-0.4071,1.0032,-0.1600,1.094
20.631098463,-0.3989,0.9727,-0.1774,1.066
20.633470847,-0.3835,0.9450,-0.1971,1.039
20.636072309,-0.3649,0.9211,-0.2128,1.013
20.638383463,-0.3563,0.9126,-0.2318,1.007
20.640812616,-0.3500,0.9150,-0.2429,1.009
20.643452078,-0.3354,0.9096,-0.2514,1.002
20.645709616,-0.3151,0.9026,-0.2531,0.989
20.648013232,-0.2906,0.8982,-0.2583,0.979
20.650272616,-0.2723,0.8903,-0.2627,0.967
20.65303077,-0.2569,0.8859,-0.2660,0.960
20.655225539,-0.2394,0.8791,-0.2683,0.950
20.65783577,-0.2237,0.8771,-0.2670,0.944
20.660154232,-0.2112,0.8710,-0.2699,0.936
20.666714847,-0.1998,0.8712,-0.2699,0.934
20.667551386,-0.1924,0.8679,-0.2667,0.928
20.66813577,-0.1844,0.8637,-0.2641,0.922
20.669717924,-0.1816,0.8600,-0.2602,0.917
20.675573309,-0.1807,0.8535,-0.2558,0.909
20.676136924,-0.1865,0.8488,-0.2558,0.906
20.678132693,-0.1900,0.8424,-0.2448,0.898
20.689435078,-0.1917,0.8349,-0.2367,0.889
20.690233001,-0.1973,0.8327,-0.2348,0.887
20.690503078,-0.2051,0.8321,-0.2320,0.888
20.691030463,-0.2112,0.8332,-0.2248,0.888
20.691299693,-0.2159,0.8344,-0.2180,0.889
20.691560616,-0.2203,0.8381,-0.2074,0.891
20.693862847,-0.2259,0.8426,-0.1969,0.894
20.696423386,-0.2273,0.8488,-0.1823,0.897
20.698475463,-0.2237,0.8566,-0.1715,0.902
20.701113924,-0.2205,0.8644,-0.1673,0.908
20.704325001,-0.2171,0.8710,-0.1632,0.912
20.705771078,-0.2112,0.8766,-0.1619,0.916
20.708373001,-0.2042,0.8842,-0.1717,0.924
20.710782463,-0.1970,0.8866,-0.1833,0.927
20.713057001,-0.1865,0.8913,-0.1913,0.931
20.71623177,-0.1736,0.8925,-0.1966,0.930
20.717946463,-0.1646,0.8974,-0.2042,0.935
20.720435693,-0.1565,0.9020,-0.2069,0.939
20.722581924,-0.1509,0.9082,-0.2025,0.943
20.725464693,-0.1438,0.9120,-0.1949,0.944
20.727682232,-0.1406,0.9180,-0.1859,0.947
20.730254232,-0.1355,0.9233,-0.1749,0.949
20.73220777,-0.1318,0.9336,-0.1532,0.955
20.735229001,-0.1282,0.9443,-0.1383,0.963
20.737357309,-0.1243,0.9521,-0.1241,0.968
20.739780924,-0.1220,0.9588,-0.1136,0.973
20.742101232,-0.1133,0.9623,-0.1016,0.974
20.744493309,-0.1096,0.9639,-0.0845,0.974
20.747047463,-0.1031,0.9604,-0.0764,0.969
20.749325539,-0.0928,0.9585,-0.0687,0.965
20.75284277,-0.0857,0.9534,-0.0671,0.960
20.754739078,-0.0754,0.9485,-0.0638,0.954
20.756763693,-0.0635,0.9443,-0.0626,0.948
20.759103078,-0.0473,0.9406,-0.0618,0.944
20.761688001,-0.0341,0.9355,-0.0584,0.938
20.763762539,-0.0236,0.9333,-0.0574,0.935
20.766227386,-0.0141,0.9297,-0.0510,0.931
20.768944386,-0.0029,0.9241,-0.0433,0.925
20.773053309,0.0000,0.9233,-0.0459,0.924
20.773983693,0.0044,0.9201,-0.0437,0.921
20.776710539,0.0046,0.9196,-0.0561,0.921
20.783516616,0.0054,0.9189,-0.0724,0.922
20.784210463,0.0039,0.9171,-0.0818,0.921
20.78451977,0.0034,0.9169,-0.0982,0.922
20.785267463,0.0070,0.9218,-0.1090,0.928
20.79635577,0.0105,0.9211,-0.1114,0.928
20.797053924,0.0173,0.9201,-0.1158,0.928
20.797421309,0.0274,0.9272,-0.1180,0.935
20.797681309,0.0368,0.9292,-0.1195,0.938
20.797925924,0.0510,0.9289,-0.1123,0.937
20.800052693,0.0618,0.9323,-0.1055,0.940
20.803602155,0.0708,0.9313,-0.0999,0.939
20.804906232,0.0764,0.9369,-0.0955,0.945
20.80759354,0.0855,0.9390,-0.0838,0.947
20.80974554,0.0845,0.9453,-0.0726,0.952
20.811912078,0.0887,0.9516,-0.0613,0.958
20.81439077,0.0899,0.9607,-0.0525,0.966
20.81682377,0.0913,0.9704,-0.0430,0.976
20.819625001,0.0909,0.9790,-0.0384,0.984
20.821691155,0.0818,0.9893,-0.0368,0.993
20.823969924,0.0711,0.9993,-0.0445,1.003
20.82664777,0.0591,1.0063,-0.0547,1.010
20.828937309,0.0515,1.0128,-0.0682,1.016
20.831920001,0.0410,1.0122,-0.0936,1.017
20.833684924,0.0286,1.0149,-0.1146,1.022
20.836180616,0.0179,1.0125,-0.1309,1.021
20.838376001,0.0117,1.0115,-0.1348,1.021
20.840952001,0.0122,1.0119,-0.1434,1.022
20.843641616,0.0193,1.0130,-0.1400,1.023
20.846166847,0.0215,1.0110,-0.1327,1.020
20.84817577,0.0305,1.0140,-0.1258,1.022
20.850665847,0.0366,1.0107,-0.1211,1.019
20.853749847,0.0405,1.0073,-0.1204,1.015
20.855599078,0.0445,1.0044,-0.1263,1.013
20.857993847,0.0396,0.9998,-0.1397,1.010
20.861298463,0.0317,0.9942,-0.1526,1.006
20.862464001,0.0235,0.9902,-0.1698,1.005
20.864942232,0.0124,0.9834,-0.1812,1.000
20.867646847,0.0021,0.9807,-0.1881,0.999
20.869880309,-0.0153,0.9797,-0.1928,0.999
20.872711155,-0.0349,0.9800,-0.1937,1.000
20.874998847,-0.0539,0.9821,-0.1966,1.003
20.881269924,-0.0703,0.9893,-0.1971,1.011
20.882194463,-0.0861,0.9954,-0.1937,1.018
20.882867693,-0.1057,1.0032,-0.1973,1.028
20.890015386,-0.1299,1.0130,-0.1998,1.041
20.890637924,-0.1548,1.0142,-0.1935,1.044
20.890852616,-0.1846,1.0233,-0.1752,1.054
20.891799463,-0.2186,1.0303,-0.1514,1.064
20.90440654,-0.2533,1.0464,-0.1304,1.085
20.905498463,-0.2906,1.0550,-0.1097,1.100
20.905784078,-0.3312,1.0689,-0.0953,1.123
20.906298847,-0.3656,1.0787,-0.0840,1.142
20.906904616,-0.4047,1.0911,-0.0711,1.166
20.907337847,-0.4353,1.1036,-0.0647,1.188
20.909106847,-0.4597,1.1097,-0.0677,1.203
20.911505232,-0.4681,1.1168,-0.0755,1.213
20.913222847,-0.4734,1.1246,-0.0771,1.223
20.916241924,-0.4695,1.1344,-0.0715,1.230
20.918601847,-0.4624,1.1475,-0.0659,1.239
20.92033577,-0.4544,1.1610,-0.0640,1.248
20.92301354,-0.4406,1.1674,-0.0699,1.250
20.925633001,-0.4231,1.1730,-0.0784,1.249
20.927853232,-0.4052,1.1726,-0.0920,1.244
20.930783155,-0.3879,1.1693,-0.1211,1.238
20.933112616,-0.3710,1.1647,-0.1607,1.233
20.934980001,-0.3576,1.1622,-0.1976,1.232
20.937483078,-0.3422,1.1625,-0.2228,1.232
20.940075078,-0.3365,1.1713,-0.2320,1.241
20.94241854,-0.3214,1.1903,-0.2392,1.256
20.944588386,-0.3116,1.2143,-0.2369,1.276
20.947189924,-0.2980,1.2416,-0.2362,1.299
20.949791693,-0.2794,1.2685,-0.2257,1.318
20.95196154,-0.2567,1.2822,-0.1901,1.321
20.954583078,-0.2320,1.2954,-0.1451,1.324
20.956828078,-0.2083,1.3068,-0.1034,1.327
20.959787463,-0.1909,1.3181,-0.0694,1.334
20.961611155,-0.1748,1.3403,-0.0447,1.352
20.964056001,-0.1616,1.3660,-0.0286,1.376
20.966446232,-0.1551,1.3934,-0.0214,1.402
20.968697616,-0.1494,1.4227,-0.0212,1.431
20.971527463,-0.1506,1.4496,-0.0259,1.458
20.974051463,-0.1478,1.4752,-0.0342,1.483
20.98024277,-0.1409,1.5006,-0.0449,1.508
20.981260693,-0.1329,1.5214,-0.0498,1.528
20.981961924,-0.1262,1.5436,-0.0457,1.549
20.983550463,-0.1199,1.5693,-0.0417,1.574
20.989378155,-0.1113,1.5984,-0.0428,1.603
20.989986847,-0.1045,1.6333,-0.0517,1.637
20.99090154,-0.1108,1.6767,-0.0405,1.681
21.005200001,-0.1196,1.7305,-0.0090,1.735
21.005866463,-0.1192,1.7925,0.0414,1.797
21.006060386,-0.1201,1.8554,0.1040,1.862
21.006332693,-0.1155,1.9003,0.1765,1.912
21.006756924,-0.1084,1.9394,0.2447,1.958
21.00709854,-0.1018,1.9570,0.2885,1.981
21.009237616,-0.0996,1.9673,0.3173,1.995
21.01059177,-0.1076,1.9685,0.3332,1.999
21.012044616,-0.1115,1.9648,0.3234,1.994
21.014618463,-0.1079,1.9553,0.2946,1.980
21.017587155,-0.0964,1.9374,0.2628,1.958
21.019194463,-0.0820,1.9122,0.2508,1.930
21.02188377,-0.0656,1.8825,0.2569,1.901
21.024244386,-0.0407,1.8437,0.2706,1.864
21.026584001,-0.0146,1.7962,0.2794,1.818
21.029201309,-0.0004,1.7384,0.2797,1.761
21.031536078,0.0161,1.6746,0.2664,1.696
21.034592616,0.0300,1.6052,0.2289,1.622
21.036113001,0.0368,1.5334,0.1719,1.543
21.038772309,0.0459,1.4628,0.1082,1.467
21.041108001,0.0538,1.3860,0.0451,1.388
21.043457309,0.0759,1.3125,-0.0139,1.315
21.046042847,0.1109,1.2385,-0.0684,1.245
21.048782847,0.1581,1.1713,-0.1178,1.188
21.050790155,0.2169,1.1146,-0.1644,1.147
21.054359155,0.2841,1.0611,-0.2008,1.117
21.055613309,0.3648,1.0188,-0.2308,1.106
21.059332693,0.4321,0.9846,-0.2529,1.105
21.060396386,0.4847,0.9536,-0.2629,1.102
21.06277354,0.5229,0.9323,-0.2607,1.100
21.065233847,0.5551,0.9243,-0.2648,1.110
21.068069309,0.5802,0.9311,-0.2921,1.135
21.070165232,0.5930,0.9518,-0.3347,1.170
21.072509847,0.6030,0.9805,-0.3720,1.210
21.080105616,0.6103,1.0154,-0.4165,1.256
21.080528924,0.6063,1.0596,-0.4901,1.316
21.081009309,0.5883,1.1034,-0.5878,1.382
21.082108386,0.5641,1.1393,-0.6638,1.434
21.09122277,0.5238,1.1701,-0.7193,1.470
21.091674232,0.4815,1.1940,-0.7410,1.485
21.091883463,0.4346,1.2136,-0.7265,1.480
21.09206277,0.3862,1.2262,-0.6939,1.461
21.094990232,0.3371,1.2421,-0.6474,1.441
21.097332924,0.2783,1.2544,-0.5768,1.408
21.099715155,0.2140,1.2717,-0.4826,1.377
21.10513077,0.1425,1.2891,-0.3662,1.348
21.10584154,0.0552,1.3240,-0.2469,1.348
21.107219155,-0.0361,1.3608,-0.1595,1.371
21.108616386,-0.1499,1.3936,-0.1381,1.408
21.110944309,-0.2775,1.4281,-0.1933,1.468
21.11370654,-0.4116,1.4545,-0.2849,1.538
21.116734232,-0.5413,1.4686,-0.3718,1.609
21.118208309,-0.6682,1.4617,-0.4305,1.664
21.120579386,-0.7907,1.4366,-0.4409,1.698
21.123114847,-0.9161,1.4032,-0.4275,1.729
21.125786463,-1.0434,1.3648,-0.3938,1.762
21.128004386,-1.1606,1.3362,-0.3584,1.806
21.130564924,-1.2776,1.3103,-0.3115,1.856
21.133339693,-1.3619,1.2937,-0.2255,1.892
21.135045847,-1.4120,1.2756,-0.1013,1.906
21.137490463,-1.4551,1.2690,0.0312,1.931
21.140132386,-1.4853,1.2690,0.1558,1.960
21.142363386,-1.4907,1.2702,0.2533,1.975
21.144812616,-1.4783,1.2732,0.3253,1.978
21.147300693,-1.4311,1.2721,0.3703,1.950
21.149917616,-1.3568,1.2661,0.3898,1.896
21.157893847,-1.2618,1.2637,0.3975,1.830
21.158379693,-1.1289,1.2402,0.3615,1.716
21.158768924,-1.0437,1.2634,0.2921,1.665
21.159550847,-0.9295,1.2521,0.1946,1.572
21.161667155,-0.8271,1.2414,0.1079,1.496
21.164417616,-0.7727,1.2658,0.0671,1.485
21.166458232,-0.6969,1.2724,0.0216,1.451
21.168701616,-0.6496,1.2915,-0.0589,1.447
21.171275693,-0.6085,1.3030,-0.1421,1.445
21.176669232,-0.5667,1.3233,-0.2047,1.454
21.177296924,-0.5247,1.3366,-0.2521,1.458
21.178521232,-0.4922,1.3499,-0.3391,1.476
21.181101847,-0.4781,1.3599,-0.4158,1.500
21.18348954,-0.4883,1.3794,-0.4514,1.531
21.185729847,-0.4786,1.3909,-0.4710,1.545
21.18865854,-0.4709,1.3939,-0.4756,1.546
21.199877232,-0.4830,1.4078,-0.4622,1.558
21.200766232,-0.4981,1.4134,-0.4637,1.569
21.201256616,-0.5032,1.4107,-0.4703,1.570
21.20167354,-0.5022,1.3976,-0.4661,1.556
21.202157309,-0.4910,1.3858,-0.4632,1.541
21.202903463,-0.4739,1.3690,-0.4612,1.520
21.205001847,-0.4609,1.3489,-0.4591,1.498
21.207687386,-0.4431,1.3320,-0.4321,1.469
21.210101001,-0.4174,1.3052,-0.3965,1.427
21.212606847,-0.3950,1.2814,-0.3726,1.392
21.215923386,-0.3673,1.2527,-0.3469,1.351
21.217551078,-0.3419,1.2197,-0.3215,1.307
21.219420078,-0.3200,1.1782,-0.3058,1.259
21.221820001,-0.3088,1.1368,-0.2939,1.214
21.224219386,-0.2983,1.1016,-0.2963,1.179
21.226505309,-0.3078,1.0650,-0.3135,1.152
21.228984924,-0.3197,1.0301,-0.3235,1.126
21.231905847,-0.3297,0.9924,-0.3266,1.096
21.233650463,-0.3603,0.9558,-0.3337,1.075
21.236471078,-0.3923,0.9216,-0.3354,1.056
21.23961577,-0.4278,0.8938,-0.3284,1.044
21.241475155,-0.4644,0.8674,-0.3228,1.035
21.24358677,-0.4981,0.8456,-0.3359,1.037
21.246164693,-0.5168,0.8244,-0.3320,1.028
21.248398232,-0.5342,0.8095,-0.3428,1.029
21.250785309,-0.5435,0.7941,-0.3538,1.025
21.253195386,-0.5511,0.7853,-0.3457,1.020
21.256416693,-0.5604,0.7767,-0.3435,1.018
21.258552693,-0.5582,0.7669,-0.3300,1.004
21.261033616,-0.5389,0.7535,-0.3124,0.978
21.26400154,-0.5177,0.7252,-0.3007,0.940
21.26596677,-0.4905,0.7051,-0.2963,0.909
21.267943155,-0.4700,0.6905,-0.2995,0.887
21.270181616,-0.4495,0.6773,-0.2965,0.865
21.275951386,-0.4197,0.6699,-0.3002,0.846
21.276616309,-0.3817,0.6663,-0.2986,0.824
21.277853924,-0.3407,0.6614,-0.2858,0.797
21.279612386,-0.2916,0.6606,-0.2631,0.769
21.286408001,-0.2379,0.6572,-0.2367,0.738
21.287152693,-0.1993,0.6555,-0.1933,0.712
21.28734654,-0.1704,0.6570,-0.1705,0.700
21.300581847,-0.1455,0.6611,-0.1474,0.693
21.301018232,-0.1262,0.6643,-0.1275,0.688
21.301225001,-0.1094,0.6690,-0.1121,0.687
21.301401847,-0.0845,0.6741,-0.0982,0.686
21.301837001,-0.0639,0.6727,-0.0820,0.681
21.30215077,-0.0481,0.6687,-0.0720,0.674
21.304607386,-0.0388,0.6690,-0.0728,0.674
21.306997232,-0.0329,0.6618,-0.0596,0.665
21.308684616,-0.0307,0.6562,-0.0300,0.658
21.311185232,-0.0307,0.6485,-0.0117,0.649
21.315553309,-0.0251,0.6377,-0.0144,0.638
21.31605354,-0.0270,0.6169,-0.0230,0.618
21.318849847,-0.0312,0.5940,-0.0398,0.596
21.320764616,-0.0351,0.5698,-0.0557,0.574
21.323442232,-0.0453,0.5463,-0.0769,0.554
21.325743386,-0.0507,0.5197,-0.0969,0.531
21.328124001,-0.0615,0.4916,-0.1190,0.510
21.331224693,-0.0747,0.4618,-0.1421,0.489
21.33271054,-0.0905,0.4279,-0.1644,0.467
21.335337309,-0.1043,0.3963,-0.1824,0.449
21.337687386,-0.1171,0.3662,-0.1961,0.432
21.340446155,-0.1374,0.3448,-0.2106,0.427
21.343134232,-0.1611,0.3240,-0.2180,0.422
21.345035693,-0.1844,0.3091,-0.2215,0.423
21.348119078,-0.2047,0.2986,-0.2274,0.428
21.350354463,-0.2208,0.2891,-0.2380,0.435
21.352232309,-0.2374,0.2876,-0.2416,0.444
21.354531386,-0.2513,0.2917,-0.2426,0.455
21.357092001,-0.2606,0.3020,-0.2374,0.464
21.359452386,-0.2729,0.3135,-0.2313,0.476
21.362040616,-0.2804,0.3266,-0.2240,0.485
21.364626155,-0.2801,0.3457,-0.2079,0.491
21.366623155,-0.2780,0.3618,-0.1910,0.495
21.369082847,-0.2764,0.3829,-0.1688,0.501
21.372238232,-0.2738,0.3978,-0.1421,0.503
21.373739155,-0.2713,0.4134,-0.1192,0.509
21.378024616,-0.2706,0.4293,-0.1038,0.518
21.378627693,-0.2631,0.4428,-0.0943,0.524
21.384933232,-0.2589,0.4517,-0.0931,0.529
21.38627577,-0.2528,0.4626,-0.0965,0.536
21.386926847,-0.2428,0.4606,-0.0992,0.530
21.388400078,-0.2325,0.4628,-0.1074,0.529
21.39864377,-0.2240,0.4586,-0.1192,0.524
21.399420309,-0.2166,0.4542,-0.1211,0.518
21.399633232,-0.2110,0.4489,-0.1258,0.512
21.399825847,-0.2076,0.4371,-0.1263,0.500
21.400636309,-0.2037,0.4261,-0.1314,0.490
21.403735693,-0.1993,0.4125,-0.1348,0.477
21.408082463,-0.1968,0.4012,-0.1376,0.468
21.408418847,-0.1979,0.3897,-0.1446,0.460
21.410820386,-0.1981,0.3780,-0.1539,0.454
21.413686232,-0.1956,0.3634,-0.1654,0.445
21.414852001,-0.1963,0.3492,-0.1717,0.436
21.417025001,-0.1912,0.3308,-0.1815,0.423
21.420085232,-0.1863,0.3203,-0.1844,0.414
21.422142847,-0.1873,0.3130,-0.1774,0.406
21.42440277,-0.1756,0.2954,-0.1744,0.385
21.427501309,-0.1748,0.2898,-0.1735,0.380
21.430444078,-0.1765,0.2847,-0.1715,0.376
21.43156154,-0.1839,0.2849,-0.1719,0.380
21.434044386,-0.1949,0.2859,-0.1676,0.384
21.43699854,-0.2032,0.2879,-0.1642,0.389
21.439529309,-0.2152,0.2944,-0.1575,0.397
21.441911155,-0.2298,0.2961,-0.1519,0.404
21.444113232,-0.2423,0.3015,-0.1486,0.414
21.447269309,-0.2582,0.3047,-0.1468,0.426
21.448610232,-0.2755,0.3012,-0.1409,0.432
21.450953232,-0.2904,0.3023,-0.1351,0.440
21.454512924,-0.3078,0.3033,-0.1373,0.453
21.456849924,-0.3258,0.3030,-0.1427,0.467
21.458755693,-0.3463,0.2996,-0.1478,0.481
21.461109616,-0.3630,0.2989,-0.1556,0.495
21.463649616,-0.3833,0.2986,-0.1607,0.512
21.465740309,-0.3991,0.2998,-0.1624,0.525
21.467856924,-0.4148,0.2993,-0.1583,0.535
21.470473616,-0.4311,0.3017,-0.1493,0.547
21.475432001,-0.4467,0.3033,-0.1419,0.558
21.476032309,-0.4616,0.3084,-0.1358,0.572
21.478040693,-0.4805,0.3162,-0.1283,0.589
21.484193847,-0.4951,0.3210,-0.1219,0.603
21.48491577,-0.5142,0.3274,-0.1195,0.621
21.485114155,-0.5371,0.3306,-0.1239,0.643
21.487614847,-0.5616,0.3394,-0.1360,0.670
21.498705924,-0.5914,0.3457,-0.1717,0.706
21.499484001,-0.6173,0.3565,-0.2180,0.745
21.499848001,-0.6375,0.3618,-0.2392,0.771
21.50055577,-0.6508,0.3646,-0.2164,0.777
21.500867155,-0.6610,0.3606,-0.1679,0.771
21.502328078,-0.6652,0.3525,-0.1243,0.763
21.504569616,-0.6647,0.3375,-0.0992,0.752
21.506550463,-0.6591,0.3215,-0.0860,0.738
21.508781309,-0.6498,0.3047,-0.0843,0.723
21.511341847,-0.6419,0.2876,-0.0815,0.708
21.513771463,-0.6379,0.2807,-0.0787,0.701
21.516384078,-0.6405,0.2746,-0.0664,0.700
21.518733309,-0.6466,0.2722,-0.0501,0.703
21.521689847,-0.6586,0.2735,-0.0281,0.714
21.523413309,-0.6686,0.2812,-0.0119,0.725
21.525829924,-0.6835,0.2917,-0.0070,0.743
21.529029616,-0.7074,0.3093,-0.0195,0.772
21.530478232,-0.7439,0.3238,-0.0503,0.813
21.53337477,-0.7770,0.3420,-0.0848,0.853
21.538427463,-0.8133,0.3580,-0.1221,0.897
21.539253847,-0.8462,0.3787,-0.1583,0.941
21.540811693,-0.8760,0.4041,-0.1989,0.985
21.543633924,-0.8981,0.4307,-0.2282,1.022
21.545583155,-0.9173,0.4608,-0.2492,1.056
21.548697616,-0.9349,0.4906,-0.2685,1.089
21.549874463,-0.9479,0.5234,-0.2790,1.118
21.55271177,-0.9579,0.5586,-0.2890,1.146
21.556085847,-0.9671,0.5898,-0.2970,1.171
21.558020924,-0.9722,0.6201,-0.3061,1.193
21.559720001,-0.9735,0.6460,-0.3124,1.209
21.56229877,-0.9794,0.6665,-0.3176,1.227
21.56448254,-0.9779,0.6780,-0.3219,1.233
21.566855463,-0.9791,0.6897,-0.3261,1.241
21.570296386,-0.9769,0.6930,-0.3215,1.240
21.571711693,-0.9718,0.6816,-0.3149,1.228
21.573987078,-0.9626,0.6692,-0.3093,1.212
21.57651077,-0.9513,0.6462,-0.2986,1.188
21.582575155,-0.9347,0.6128,-0.2895,1.155
21.583527078,-0.9247,0.5791,-0.2775,1.126
21.583972386,-0.9075,0.5409,-0.2709,1.091
21.587105616,-0.8985,0.5036,-0.2653,1.064
21.595545309,-0.8900,0.4684,-0.2578,1.038
21.596604309,-0.8907,0.4332,-0.2546,1.023
21.596958463,-0.8997,0.4017,-0.2521,1.017
21.597341001,-0.9146,0.3797,-0.2450,1.020
21.598198463,-0.9323,0.3601,-0.2369,1.027
21.600457232,-0.9484,0.3474,-0.2228,1.034
21.606157232,-0.9635,0.3313,-0.2082,1.040
21.60732654,-0.9771,0.3245,-0.1917,1.047
21.607912309,-0.9831,0.3191,-0.1698,1.047
21.610374232,-0.9880,0.3108,-0.1490,1.046
21.612697847,-0.9967,0.3023,-0.1321,1.050
21.614835463,-0.9989,0.2905,-0.1178,1.047
21.617857001,-1.0024,0.2793,-0.0965,1.045
21.61979477,-1.0050,0.2656,-0.0510,1.041
21.622101309,-0.9982,0.2627,0.0239,1.032
21.62489854,-0.9682,0.2558,0.0796,1.005
21.627233309,-0.9323,0.2441,0.0216,0.964
21.629382232,-0.9081,0.1843,-0.1253,0.935
21.631992616,-0.8729,0.0694,-0.2746,0.918
21.63656777,-0.8240,-0.0411,-0.3643,0.902
21.637611386,-0.7935,-0.0835,-0.5462,0.967
21.639114463,-0.7998,-0.0003,-0.8472,1.165
21.64240654,-0.8396,0.2202,-1.1539,1.444
21.644089001,-0.9268,0.5590,-1.3288,1.714
21.646344309,-1.0351,0.9560,-1.3628,1.960
21.648728924,-1.1392,1.3597,-1.3528,2.231
21.651740078,-1.2885,1.7669,-1.3364,2.563
21.653694847,-1.5960,2.3068,-1.1966,3.050
21.656382847,-2.0101,2.8419,-0.8907,3.593
21.659192616,-2.4164,3.2411,-0.3970,4.062
21.661276078,-2.7292,3.4654,0.2084,4.416
21.663734847,-2.8757,3.4700,0.9659,4.609
21.666243386,-2.8435,3.2970,1.6190,4.645
21.669879463,-2.6018,2.9772,2.0118,4.436
21.670813232,-2.2053,2.6154,2.2137,4.075
21.672993616,-1.7900,2.3173,2.3321,3.743
21.676087693,-1.4374,2.1046,2.3260,3.450
21.682786463,-1.1175,1.9450,2.0258,3.023
21.683477616,-0.8184,1.8016,1.7152,2.619
21.683816386,-0.5081,1.6450,0.9920,1.987
21.685502463,-0.1756,1.4302,-0.0393,1.441
21.695228924,0.1666,1.1197,-0.8802,1.434
21.696275463,0.4087,0.8011,-1.2089,1.507
21.696471386,0.5346,0.5627,-1.3540,1.561
21.696791386,0.6073,0.3420,-1.4481,1.607
21.697137309,0.7024,0.0516,-1.7493,1.886
21.700137309,0.8309,-0.3270,-1.8746,2.076
21.705433924,0.8763,-0.5505,-1.6533,1.950
21.70591477,0.8287,-0.6290,-1.5143,1.837
21.706482155,0.6660,-0.6043,-1.3354,1.610
21.709765924,0.4202,-0.4783,-1.1956,1.355
21.712067693,0.1581,-0.2726,-1.0347,1.082
21.71374677,-0.0405,-0.0776,-0.8697,0.874
21.716381309,-0.1873,0.0944,-0.7032,0.734
21.718926155,-0.2980,0.2404,-0.5514,0.671
21.720951693,-0.3945,0.3743,-0.3872,0.668
21.723629616,-0.4597,0.4955,-0.2274,0.713
21.727312386,-0.5025,0.5947,-0.1016,0.785
21.728148309,-0.4402,0.5388,-0.1395,0.710
21.73087177,-0.4842,0.6565,0.0463,0.817
21.733188001,-0.5384,0.7889,0.0710,0.958
21.73591177,-0.5778,0.8876,0.0975,1.064
21.737969924,-0.6124,0.9621,0.1180,1.147
21.740432309,-0.6498,1.0364,0.0840,1.226
21.744143386,-0.6913,1.1072,0.0050,1.305
21.745296693,-0.7297,1.1717,-0.0965,1.384
21.747677616,-0.7516,1.2341,-0.2096,1.460
21.750052386,-0.7614,1.2907,-0.3115,1.531
21.752692386,-0.7725,1.3433,-0.3880,1.597
21.75480777,-0.7842,1.3802,-0.4344,1.646
21.758229847,-0.7910,1.4093,-0.4339,1.673
21.760514463,-0.8057,1.4256,-0.4127,1.689
21.76266654,-0.8182,1.4239,-0.3823,1.686
21.764574232,-0.8271,1.3951,-0.3459,1.658
21.767050463,-0.8340,1.3508,-0.3103,1.618
21.769484693,-0.8369,1.2939,-0.2827,1.567
21.77185877,-0.8338,1.2272,-0.2573,1.506
21.77426677,-0.8206,1.1652,-0.2320,1.444
21.780557847,-0.8012,1.1011,-0.2115,1.378
21.78126254,-0.7812,1.0447,-0.1908,1.318
21.781676309,-0.7637,0.9968,-0.1763,1.268
21.793749232,-0.7297,0.9483,-0.1630,1.208
21.795030847,-0.6957,0.9113,-0.1474,1.156
21.795249001,-0.6564,0.8824,-0.1334,1.108
21.795629001,-0.6132,0.8654,-0.1153,1.067
21.795825847,-0.5748,0.8544,-0.0957,1.034
21.796132616,-0.5286,0.8561,-0.0724,1.009
21.798929309,-0.4888,0.8612,-0.0430,0.991
21.803973924,-0.4502,0.8735,-0.0244,0.983
21.805245232,-0.4131,0.8845,-0.0168,0.976
21.805517232,-0.3822,0.8994,-0.0183,0.977
21.807957232,-0.3500,0.9108,-0.0359,0.976
21.810348078,-0.3312,0.9223,-0.0666,0.982
21.81261877,-0.3202,0.9345,-0.1053,0.993
21.815289616,-0.3136,0.9357,-0.1461,0.998
21.81771054,-0.3156,0.9402,-0.1861,1.009
21.820664078,-0.3258,0.9448,-0.2131,1.022
21.822397616,-0.3439,0.9499,-0.2238,1.035
21.825259693,-0.3733,0.9599,-0.2171,1.053
21.827129232,-0.3817,0.9651,-0.2059,1.058
21.829578232,-0.3918,0.9675,-0.1891,1.061
21.832069924,-0.4064,0.9658,-0.1700,1.062
21.834944616,-0.4131,0.9670,-0.1532,1.063
21.836752616,-0.4167,0.9658,-0.1376,1.061
21.840020693,-0.4226,0.9670,-0.1253,1.063
21.843193001,-0.4243,0.9648,-0.1148,1.060
21.844608924,-0.4189,0.9658,-0.1143,1.059
21.846417616,-0.4177,0.9688,-0.1050,1.060
21.849062155,-0.4143,0.9709,-0.1004,1.060
21.851684386,-0.4062,0.9744,-0.0978,1.060
21.854154232,-0.3957,0.9842,-0.0918,1.065
21.856074847,-0.3898,0.9910,-0.0897,1.069
21.859533616,-0.3815,0.9958,-0.0953,1.071
21.861122155,-0.3689,0.9968,-0.1082,1.068
21.863454232,-0.3535,1.0007,-0.1141,1.067
21.865889616,-0.3512,1.0071,-0.1187,1.073
21.868244078,-0.3439,1.0039,-0.1341,1.070
21.870549847,-0.3402,1.0054,-0.1493,1.072
21.873087386,-0.3326,1.0049,-0.1581,1.070
21.879976001,-0.3307,1.0054,-0.1663,1.071
21.880702155,-0.3344,1.0068,-0.1644,1.074
21.88139577,-0.3356,1.0073,-0.1563,1.073
21.889365616,-0.3373,1.0112,-0.1517,1.077
21.88999754,-0.3400,1.0137,-0.1495,1.080
21.890336386,-0.3468,1.0149,-0.1458,1.082
21.890489309,-0.3542,1.0159,-0.1495,1.086
21.903033232,-0.3642,1.0125,-0.1602,1.088
21.903879693,-0.3717,1.0107,-0.1642,1.089
21.904127078,-0.3801,1.0088,-0.1679,1.091
21.904384693,-0.3838,1.0037,-0.1735,1.088
21.904613001,-0.3874,0.9983,-0.1842,1.087
21.904765924,-0.3933,0.9956,-0.1905,1.087
21.907228924,-0.4064,0.9932,-0.1969,1.091
21.909520693,-0.4064,0.9951,-0.2013,1.094
21.911477232,-0.4094,0.9979,-0.2013,1.097
21.914208078,-0.4084,0.9986,-0.1973,1.097
21.917379155,-0.4047,0.9970,-0.1949,1.094
21.918671693,-0.4008,1.0000,-0.1942,1.095
21.921321616,-0.3966,1.0030,-0.2022,1.097
21.92392554,-0.3918,1.0032,-0.2122,1.098
21.926146463,-0.3835,0.9995,-0.2228,1.093
21.928555693,-0.3764,0.9926,-0.2369,1.088
21.931143155,-0.3630,0.9858,-0.2538,1.081
21.933800078,-0.3549,0.9807,-0.2702,1.077
21.936521309,-0.3507,0.9737,-0.2858,1.074
21.938276924,-0.3390,0.9639,-0.3035,1.066
21.940699693,-0.3268,0.9527,-0.3049,1.052
21.943007078,-0.3132,0.9448,-0.3063,1.041
21.945429309,-0.2965,0.9369,-0.3166,1.032
21.947900924,-0.2792,0.9272,-0.3235,1.021
21.950359463,-0.2704,0.9184,-0.3364,1.015
21.952588309,-0.2499,0.9040,-0.3533,1.002
21.955013001,-0.2235,0.8898,-0.3740,0.991
21.958235078,-0.2068,0.8747,-0.3965,0.982
21.959749924,-0.1902,0.8644,-0.4176,0.979
21.962312001,-0.1725,0.8573,-0.4317,0.975
21.964728616,-0.1580,0.8566,-0.4361,0.974
21.967311463,-0.1518,0.8549,-0.4281,0.968
21.970048386,-0.1436,0.8615,-0.4104,0.965
21.972394463,-0.1404,0.8649,-0.3921,0.960
21.980111463,-0.1425,0.8777,-0.3733,0.964
21.980926847,-0.1421,0.8847,-0.3545,0.964
21.981778155,-0.1429,0.8935,-0.3371,0.966
21.982008386,-0.1462,0.8979,-0.3247,0.966
21.991249924,-0.1472,0.8998,-0.3176,0.965
21.991808924,-0.1504,0.9010,-0.3130,0.966
21.992033616,-0.1516,0.9031,-0.3056,0.965
21.992497847,-0.1539,0.9023,-0.2986,0.963
21.993508924,-0.1509,0.9023,-0.2881,0.959
21.99672777,-0.1541,0.9033,-0.2770,0.957
21.999396001,-0.1551,0.9062,-0.2653,0.957
22.002591155,-0.1587,0.9082,-0.2543,0.956
22.00334677,-0.1572,0.9113,-0.2429,0.956
22.006256309,-0.1553,0.9106,-0.2318,0.952
22.00820654,-0.1504,0.9133,-0.2264,0.953
22.010436309,-0.1441,0.9138,-0.2296,0.953
22.01290777,-0.1385,0.9128,-0.2360,0.953
22.015573847,-0.1369,0.9103,-0.2401,0.951
22.017617309,-0.1308,0.9111,-0.2409,0.951
22.020084924,-0.1277,0.9062,-0.2478,0.948
22.023970155,-0.1233,0.9033,-0.2573,0.947
22.025601232,-0.1211,0.9055,-0.2607,0.950
22.02895054,-0.1223,0.9103,-0.2560,0.954
22.030209847,-0.1218,0.9150,-0.2429,0.954
22.032847463,-0.1162,0.9182,-0.2304,0.954
22.034380616,-0.1147,0.9241,-0.2155,0.956
22.036890155,-0.1101,0.9304,-0.1998,0.958
22.039759078,-0.1069,0.9355,-0.1879,0.960
22.04215854,-0.1026,0.9365,-0.1779,0.959
22.044239078,-0.0966,0.9378,-0.1737,0.959
22.04690554,-0.0966,0.9345,-0.1681,0.954
22.049017847,-0.0957,0.9299,-0.1598,0.948
22.051531078,-0.0952,0.9280,-0.1590,0.946
22.054117309,-0.0998,0.9257,-0.1624,0.945
22.057424924,-0.0973,0.9206,-0.1617,0.940
22.058588386,-0.0991,0.9196,-0.1637,0.939
22.061828693,-0.1031,0.9164,-0.1614,0.936
22.064239693,-0.1028,0.9164,-0.1595,0.936
22.066953924,-0.1045,0.9204,-0.1502,0.938
22.068498232,-0.1043,0.9201,-0.1470,0.938
22.07121077,-0.1018,0.9231,-0.1419,0.939
22.073437001,-0.0966,0.9252,-0.1393,0.941
22.075616078,-0.0896,0.9260,-0.1434,0.941
22.077825847,-0.0825,0.9243,-0.1493,0.940
22.080969616,-0.0742,0.9233,-0.1521,0.939
22.08576254,-0.0591,0.9236,-0.1526,0.938
22.086624309,-0.0505,0.9225,-0.1566,0.937
22.088317847,-0.0397,0.9176,-0.1600,0.932
22.09047977,-0.0295,0.9140,-0.1607,0.928
22.097895463,-0.0207,0.9089,-0.1637,0.924
22.098658463,-0.0111,0.9055,-0.1630,0.920
22.098864617,-0.0065,0.9031,-0.1688,0.919
22.099894463,-0.0043,0.9106,-0.1722,0.927
22.102567078,-0.0065,0.9138,-0.1730,0.930
22.104645924,-0.0087,0.9236,-0.1698,0.939
22.109452693,-0.0102,0.9336,-0.1679,0.949
22.110064617,-0.0083,0.9404,-0.1663,0.955
22.111673924,-0.0131,0.9492,-0.1630,0.963
22.11525454,-0.0127,0.9585,-0.1607,0.972
22.116459386,-0.0109,0.9651,-0.1542,0.977
22.119062155,-0.0072,0.9668,-0.1486,0.978
22.122012309,-0.0016,0.9685,-0.1458,0.979
22.12468777,0.0007,0.9697,-0.1507,0.981
22.126330847,-0.0004,0.9680,-0.1642,0.982
22.128765924,0.0019,0.9714,-0.1786,0.988
22.132147386,0.0051,0.9672,-0.1979,0.987
22.133493001,0.0068,0.9685,-0.2103,0.991
22.13581877,0.0051,0.9697,-0.2159,0.993
22.138471386,0.0019,0.9741,-0.2313,1.001
22.141219463,-0.0021,0.9795,-0.2369,1.008
22.143073924,-0.0038,0.9807,-0.2367,1.009
22.14601754,-0.0036,0.9827,-0.2394,1.011
22.150416693,-0.0053,0.9834,-0.2448,1.013
22.151248693,-0.0046,0.9837,-0.2460,1.014
22.15272154,-0.0104,0.9807,-0.2438,1.011
22.155306463,-0.0095,0.9797,-0.2462,1.010
22.164338155,-0.0080,0.9727,-0.2490,1.004
22.165364309,-0.0109,0.9729,-0.2434,1.003
22.165722232,-0.0246,0.9800,-0.2355,1.008
22.166074232,-0.0414,0.9870,-0.2289,1.014
22.16734154,-0.0532,0.9961,-0.2184,1.021
22.169992693,-0.0647,1.0039,-0.1991,1.025
22.172643155,-0.0724,1.0137,-0.1833,1.033
22.174995693,-0.0830,1.0301,-0.1791,1.049
22.176937847,-0.0874,1.0450,-0.1663,1.062
22.179226155,-0.0884,1.0571,-0.1532,1.072
22.183097847,-0.0884,1.0613,-0.1370,1.074
22.184027463,-0.0849,1.0667,-0.1265,1.078
22.18655854,-0.0789,1.0692,-0.1272,1.080
22.191135463,-0.0747,1.0694,-0.1272,1.080
22.191609847,-0.0656,1.0601,-0.1321,1.070
22.193839155,-0.0558,1.0582,-0.1470,1.070
22.196140309,-0.0514,1.0503,-0.1642,1.064
22.204884617,-0.0522,1.0413,-0.1798,1.058
22.205400078,-0.0568,1.0345,-0.1922,1.054
22.205554847,-0.0642,1.0291,-0.2035,1.051
22.205843078,-0.0756,1.0313,-0.2167,1.057
22.208284001,-0.0866,1.0289,-0.2220,1.056
22.210737232,-0.1013,1.0261,-0.2187,1.054
22.214304309,-0.1123,1.0237,-0.2106,1.051
22.215195463,-0.1184,1.0193,-0.1982,1.045
22.217988001,-0.1257,1.0168,-0.1840,1.041
22.220199155,-0.1329,1.0098,-0.1707,1.033
22.22257754,-0.1357,1.0039,-0.1649,1.026
22.224904309,-0.1326,0.9951,-0.1691,1.018
22.227460386,-0.1311,0.9874,-0.1828,1.013
22.229970232,-0.1208,0.9781,-0.2035,1.006
22.23206254,-0.1150,0.9753,-0.2245,1.007
22.234526232,-0.1082,0.9734,-0.2406,1.008
22.236993001,-0.1047,0.9721,-0.2536,1.010
22.243034463,-0.1028,0.9756,-0.2558,1.014
22.24358777,-0.1079,0.9812,-0.2467,1.018
22.244325309,-0.1180,0.9919,-0.2280,1.025
22.246720617,-0.1308,1.0076,-0.2103,1.038
22.249004001,-0.1431,1.0298,-0.1973,1.058
22.251593309,-0.1567,1.0618,-0.1893,1.090
22.25496954,-0.1697,1.1007,-0.1879,1.129
22.256158155,-0.1832,1.1439,-0.1913,1.174
22.25887577,-0.1973,1.1866,-0.2008,1.220
22.261521309,-0.2175,1.2269,-0.2108,1.264
22.263744309,-0.2347,1.2578,-0.2226,1.299
22.26590154,-0.2591,1.2835,-0.2191,1.328
22.268718463,-0.2869,1.3017,-0.1994,1.348
22.277573001,-0.3214,1.3191,-0.1781,1.369
22.277917001,-0.3586,1.3399,-0.1622,1.397
22.278362232,-0.4052,1.3641,-0.1619,1.432
22.27888154,-0.4580,1.3919,-0.1722,1.475
22.285880924,-0.5086,1.4137,-0.1666,1.512
22.286493847,-0.5645,1.4325,-0.1579,1.548
22.286718155,-0.6212,1.4496,-0.1537,1.585
22.300850155,-0.6720,1.4573,-0.1241,1.610
22.301365617,-0.7129,1.4613,-0.0799,1.628
22.301725847,-0.7451,1.4581,-0.0417,1.638
22.301963463,-0.7663,1.4530,-0.0161,1.643
22.302095463,-0.7893,1.4533,0.0011,1.654
22.302223155,-0.7952,1.4589,0.0060,1.662
22.302360617,-0.7895,1.4677,0.0055,1.667
22.305086847,-0.7634,1.4764,0.0092,1.662
22.30688677,-0.7211,1.4876,0.0281,1.653
22.309561001,-0.6559,1.5011,0.0563,1.639
22.311933309,-0.5660,1.5157,0.0857,1.620
22.31419477,-0.4741,1.5331,0.1152,1.609
22.316678847,-0.3782,1.5551,0.1425,1.607
22.319653617,-0.2887,1.5830,0.1707,1.618
22.322041847,-0.2059,1.6140,0.2063,1.640
22.323923155,-0.1169,1.6438,0.2531,1.667
22.326860078,-0.0356,1.6685,0.3058,1.697
22.329545001,0.0384,1.6797,0.3456,1.715
22.331689847,0.1046,1.6777,0.3574,1.719
22.333563463,0.1610,1.6646,0.3214,1.703
22.336878847,0.2106,1.6477,0.2496,1.680
22.33880777,0.2555,1.6269,0.1604,1.655
22.34103577,0.2988,1.6073,0.0781,1.637
22.343531386,0.3417,1.5910,0.0207,1.627
22.34611977,0.3892,1.5851,-0.0019,1.632
22.347999693,0.4432,1.5837,0.0034,1.645
22.350587386,0.4974,1.5842,0.0021,1.660
22.353193847,0.5455,1.5842,0.0002,1.675
22.35558677,0.5873,1.5879,-0.0179,1.693
22.35811754,0.6340,1.5886,-0.0237,1.711
22.360490232,0.6816,1.5881,-0.0591,1.729
22.363046847,0.7268,1.5837,-0.0682,1.744
22.364968693,0.7705,1.5722,-0.0591,1.752
22.367406155,0.8185,1.5632,-0.0459,1.765
22.36998677,0.8688,1.5436,-0.0476,1.772
22.372485309,0.9201,1.5104,-0.0552,1.769
22.375293847,0.9599,1.4764,-0.0638,1.762
22.377792693,0.9792,1.4312,-0.0784,1.736
22.383521617,1.0014,1.3772,-0.0992,1.706
22.384440924,1.0088,1.3233,-0.1446,1.670
22.384668693,0.9985,1.2675,-0.2071,1.627
22.387069309,0.9855,1.2096,-0.2719,1.584
22.40037877,0.9923,1.1610,-0.3166,1.560
22.401371155,1.0014,1.1227,-0.3808,1.552
22.40160154,0.9911,1.0794,-0.4129,1.522
22.401805309,1.0076,1.0342,-0.4451,1.511
22.40227577,1.0300,1.0135,-0.4549,1.515
22.40258954,1.0310,1.0249,-0.4673,1.527
22.410518463,1.0178,1.0626,-0.4663,1.543
22.411128001,0.9953,1.1097,-0.4688,1.563
22.41130154,0.9867,1.1628,-0.4622,1.594
22.41148377,0.9765,1.2148,-0.4725,1.629
22.41324954,0.9653,1.2637,-0.4979,1.666
22.415774155,0.9548,1.3052,-0.5276,1.701
22.41809877,0.9291,1.3347,-0.5514,1.717
22.420563155,0.8751,1.3575,-0.5688,1.712
22.42272254,0.7999,1.3772,-0.5863,1.697
22.425502463,0.7056,1.4025,-0.5998,1.681
22.428908693,0.5927,1.4270,-0.6028,1.659
22.430253617,0.4617,1.4517,-0.5914,1.634
22.432397001,0.3249,1.4754,-0.5570,1.610
22.437261001,0.1710,1.4891,-0.5052,1.582
22.438378232,0.0139,1.5050,-0.4549,1.572
22.439648309,-0.1462,1.4999,-0.4312,1.567
22.44241854,-0.2967,1.4764,-0.4226,1.564
22.445815078,-0.4192,1.4381,-0.4405,1.561
22.446896693,-0.5313,1.3914,-0.4966,1.570
22.449399155,-0.6373,1.3569,-0.5925,1.612
22.451825924,-0.7563,1.3298,-0.6995,1.682
22.45417454,-0.9041,1.3093,-0.7664,1.766
22.458013617,-1.0360,1.2959,-0.7649,1.827
22.459280386,-1.1597,1.2837,-0.7080,1.869
22.462067693,-1.2904,1.2951,-0.5697,1.915
22.463779078,-1.4250,1.3254,-0.3293,1.974
22.466677924,-1.5452,1.3415,-0.0752,2.048
22.469065232,-1.6712,1.3725,0.1157,2.166
22.471680078,-1.7756,1.3914,0.2729,2.272
22.47368654,-1.7932,1.3860,0.4033,2.302
22.477451078,-1.7732,1.3934,0.4661,2.303
22.483094847,-1.7226,1.4214,0.4570,2.280
22.483913232,-1.6229,1.4144,0.4201,2.193
22.484324309,-1.5054,1.3772,0.3342,2.068
22.485950463,-1.3823,1.3076,0.2479,1.919
22.49406154,-1.2699,1.2262,0.1255,1.770
22.494748924,-1.1953,1.1913,-0.0149,1.688
22.494985001,-1.1169,1.1668,-0.1170,1.619
22.495186232,-1.0470,1.1332,-0.1581,1.551
22.49826377,-1.0026,1.1109,-0.2103,1.511
22.50001977,-1.0817,1.2018,-0.3442,1.653
22.506966463,-1.0416,1.1901,-0.1617,1.590
22.507649847,-1.0270,1.1828,-0.2177,1.581
22.508144386,-1.0053,1.1915,-0.3413,1.596
22.511407693,-0.9696,1.1996,-0.3829,1.589
22.512246232,-0.9384,1.2113,-0.4236,1.590
22.514588617,-0.9102,1.2311,-0.4649,1.600
22.516913232,-0.8680,1.2502,-0.4652,1.591
22.520723693,-0.8301,1.2604,-0.4647,1.579
22.521689617,-0.7861,1.2602,-0.4591,1.555
22.524317617,-0.7502,1.2570,-0.4535,1.533
22.526540617,-0.7169,1.2532,-0.4554,1.514
22.528940617,-0.6828,1.2453,-0.4681,1.495
22.531307463,-0.6466,1.2380,-0.4495,1.467
22.534138847,-0.6132,1.2262,-0.4219,1.434
22.536273847,-0.5858,1.2169,-0.3958,1.407
22.538692386,-0.5569,1.2036,-0.3748,1.378
22.541316386,-0.5354,1.1852,-0.3733,1.353
22.543747463,-0.5064,1.1679,-0.3774,1.328
22.546225309,-0.4875,1.1554,-0.4095,1.319
22.549057617,-0.4644,1.1390,-0.4346,1.305
22.550785847,-0.4275,1.1202,-0.4439,1.279
22.553042463,-0.3950,1.0992,-0.3848,1.230
22.555586232,-0.3649,1.0778,-0.3371,1.187
22.558335078,-0.3527,1.0613,-0.3615,1.175
22.560746847,-0.3388,1.0322,-0.3300,1.135
22.562703693,-0.3241,0.9966,-0.3401,1.102
22.565289847,-0.2987,0.9539,-0.3611,1.063
22.567627155,-0.2741,0.9118,-0.3259,1.006
22.569953617,-0.2652,0.8810,-0.2942,0.966
22.572373924,-0.2650,0.8547,-0.2832,0.939
22.575063463,-0.2713,0.8295,-0.2809,0.917
22.581473001,-0.2806,0.8087,-0.2832,0.902
22.582393309,-0.2873,0.7880,-0.2839,0.885
22.582806847,-0.2990,0.7757,-0.2597,0.871
22.584876001,-0.3070,0.7599,-0.2595,0.860
22.59399577,-0.3134,0.7398,-0.2534,0.842
22.595124078,-0.3237,0.7308,-0.2565,0.839
22.595330155,-0.3185,0.7032,-0.2807,0.821
22.595525232,-0.3173,0.6827,-0.2829,0.804
22.596752924,-0.3160,0.6670,-0.2795,0.789
22.598682463,-0.3170,0.6599,-0.2658,0.779
22.605022155,-0.3134,0.6513,-0.2448,0.763
22.605364001,-0.3065,0.6467,-0.2311,0.752
22.606352386,-0.2999,0.6433,-0.2122,0.741
22.60901577,-0.3202,0.6443,-0.2203,0.752
22.61101977,-0.3302,0.6385,-0.2262,0.754
22.613615386,-0.3410,0.6350,-0.2316,0.757
22.615898155,-0.3468,0.6296,-0.2380,0.757
22.618839155,-0.3512,0.6259,-0.2487,0.760
22.620467693,-0.3556,0.6236,-0.2494,0.760
22.622872386,-0.3586,0.6225,-0.2538,0.762
22.62700154,-0.3615,0.6213,-0.2538,0.762
22.627975155,-0.3600,0.6169,-0.2541,0.758
22.63021177,-0.3537,0.6052,-0.2457,0.743
22.633327155,-0.3439,0.5979,-0.2367,0.729
22.635725847,-0.3339,0.5940,-0.2331,0.720
22.637400309,-0.3241,0.5903,-0.2318,0.712
22.640162155,-0.3104,0.5847,-0.2372,0.703
22.643448693,-0.2987,0.5768,-0.2194,0.686
22.644703155,-0.2911,0.5681,-0.1842,0.664
22.647119386,-0.2762,0.5614,-0.1583,0.645
22.64967354,-0.2584,0.5505,-0.1412,0.624
22.652069924,-0.2415,0.5383,-0.1336,0.605
22.654580924,-0.2264,0.5248,-0.1339,0.587
22.656967463,-0.2047,0.5067,-0.1309,0.562
22.660213847,-0.1849,0.4875,-0.1265,0.536
22.661489001,-0.1648,0.4671,-0.1216,0.510
22.663915463,-0.1499,0.4422,-0.1174,0.481
22.666632386,-0.1392,0.4198,-0.1236,0.459
22.669446847,-0.1318,0.3968,-0.1327,0.439
22.67115054,-0.1255,0.3731,-0.1451,0.419
22.674781309,-0.1255,0.3497,-0.1624,0.405
22.680650155,-0.1285,0.3277,-0.1786,0.395
22.681529232,-0.1374,0.3035,-0.1986,0.388
22.681980924,-0.1416,0.2803,-0.2206,0.384
22.683737001,-0.1514,0.2570,-0.2411,0.384
22.69121454,-0.1595,0.2351,-0.2531,0.380
22.69199454,-0.1683,0.2118,-0.2595,0.375
22.69230677,-0.1709,0.1867,-0.2658,0.367
22.692842155,-0.1788,0.1703,-0.2723,0.368
22.695413847,-0.1797,0.1535,-0.2778,0.365
22.697773617,-0.1776,0.1415,-0.2795,0.360
22.70415354,-0.1812,0.1376,-0.2732,0.356
22.705236309,-0.1800,0.1379,-0.2665,0.350
22.705552386,-0.1781,0.1437,-0.2494,0.338
22.707953001,-0.1753,0.1542,-0.2367,0.332
22.709924693,-0.1700,0.1713,-0.2271,0.331
22.712444693,-0.1648,0.1887,-0.2128,0.329
22.714648693,-0.1562,0.2082,-0.1881,0.321
22.717706155,-0.1458,0.2260,-0.1679,0.317
22.719484386,-0.1333,0.2423,-0.1427,0.311
22.721784924,-0.1177,0.2534,-0.1223,0.305
22.724445309,-0.1045,0.2632,-0.1048,0.302
22.726832924,-0.0917,0.2710,-0.0962,0.302
22.729045924,-0.0820,0.2681,-0.0955,0.296
22.73169877,-0.0705,0.2661,-0.1116,0.297
22.733933001,-0.0647,0.2607,-0.1304,0.299
22.736233617,-0.0647,0.2502,-0.1505,0.299
22.738995463,-0.0675,0.2392,-0.1719,0.302
22.74127577,-0.0752,0.2224,-0.1903,0.302
22.743734463,-0.0901,0.2082,-0.2091,0.308
22.746139693,-0.1089,0.1943,-0.2250,0.317
22.748777309,-0.1324,0.1828,-0.2348,0.326
22.751017001,-0.1541,0.1708,-0.2465,0.337
22.75387054,-0.1741,0.1591,-0.2526,0.346
22.755700924,-0.1917,0.1510,-0.2580,0.355
22.758091693,-0.2088,0.1442,-0.2509,0.357
22.760482463,-0.2279,0.1371,-0.2348,0.355
22.762803386,-0.2454,0.1312,-0.2122,0.350
22.765412078,-0.2650,0.1310,-0.1915,0.352
22.76785577,-0.2894,0.1317,-0.1766,0.364
22.770653232,-0.3109,0.1310,-0.1693,0.377
22.772519693,-0.3309,0.1279,-0.1698,0.393
22.777804386,-0.3522,0.1219,-0.1742,0.411
22.778385001,-0.3742,0.1190,-0.1871,0.435
22.780878847,-0.3891,0.1107,-0.2022,0.452
22.782883078,-0.4067,0.1014,-0.2248,0.476
22.792238847,-0.4238,0.1021,-0.2416,0.498
22.793230155,-0.4374,0.0990,-0.2578,0.517
22.793831155,-0.4502,0.0963,-0.2697,0.534
22.794161309,-0.4629,0.1009,-0.2800,0.550
22.794542847,-0.4751,0.1109,-0.2878,0.566
22.796735693,-0.4881,0.1174,-0.2942,0.582
22.803754232,-0.5007,0.1283,-0.2976,0.596
22.805211463,-0.5110,0.1452,-0.2990,0.610
22.805621001,-0.5273,0.1617,-0.3054,0.630
22.80692554,-0.5384,0.1810,-0.3200,0.652
22.808865232,-0.5462,0.2045,-0.3359,0.673
22.811493309,-0.5536,0.2221,-0.3396,0.686
22.814565847,-0.5555,0.2378,-0.3186,0.683
22.816464924,-0.5548,0.2483,-0.2881,0.673
22.818279155,-0.5499,0.2556,-0.2574,0.659
22.820819463,-0.5455,0.2609,-0.2311,0.647
22.823295155,-0.5338,0.2605,-0.2101,0.630
22.825635463,-0.5296,0.2546,-0.1854,0.616
22.827897847,-0.5233,0.2392,-0.1409,0.592
22.830844309,-0.5233,0.2246,-0.0852,0.576
22.833403155,-0.5320,0.2111,-0.0726,0.577
22.835182463,-0.5415,0.2018,-0.1129,0.589
22.838077617,-0.5526,0.1967,-0.1859,0.615
22.841656078,-0.5641,0.1980,-0.2711,0.656
22.842741001,-0.5806,0.2043,-0.3328,0.700
22.845020693,-0.5978,0.2214,-0.3601,0.732
22.84774954,-0.6219,0.2456,-0.3699,0.764
22.850176924,-0.6461,0.2756,-0.3718,0.795
22.852143155,-0.6720,0.3049,-0.3623,0.822
22.854989309,-0.7074,0.3352,-0.3361,0.852
22.858340309,-0.7409,0.3594,-0.3086,0.879
22.859414847,-0.7774,0.3736,-0.2937,0.911
22.861988386,-0.8182,0.3876,-0.3044,0.955
22.864223386,-0.8573,0.3960,-0.3305,1.000
22.86734377,-0.8936,0.4046,-0.3589,1.044
22.869089617,-0.9183,0.4130,-0.3838,1.078
22.871680924,-0.9454,0.4239,-0.3970,1.110
22.873887386,-0.9628,0.4361,-0.3990,1.130
22.880175463,-0.9815,0.4503,-0.3877,1.147
22.880885309,-0.9994,0.4652,-0.3718,1.163
22.88112777,-1.0121,0.4777,-0.3498,1.173
22.89260654,-1.0327,0.4941,-0.3222,1.189
22.893284001,-1.0544,0.5106,-0.2998,1.209
22.893735463,-1.0766,0.5180,-0.2863,1.229
22.894123693,-1.0976,0.5197,-0.2861,1.248
22.894379155,-1.1233,0.5183,-0.2921,1.271
22.896196309,-1.1485,0.5106,-0.2974,1.292
22.898777309,-1.1695,0.5023,-0.2990,1.307
22.903853924,-1.1885,0.4880,-0.3035,1.320
22.904867078,-1.2014,0.4762,-0.3088,1.329
22.905363386,-1.2100,0.4669,-0.3073,1.333
22.907541232,-1.2166,0.4650,-0.2998,1.337
22.909908386,-1.2105,0.4626,-0.2876,1.327
22.912330847,-1.2044,0.4640,-0.2721,1.319
22.914789001,-1.1865,0.4666,-0.2509,1.299
22.917099155,-1.1636,0.4708,-0.2316,1.276
22.922336617,-1.1436,0.4803,-0.2138,1.259
22.924588617,-1.1147,0.4808,-0.2030,1.231
22.92560654,-1.0761,0.4780,-0.1952,1.194
22.926986463,-1.0392,0.4740,-0.1935,1.158
22.930393617,-1.0170,0.4757,-0.1989,1.140
22.932141847,-1.0041,0.4784,-0.2045,1.131
22.933972309,-0.9808,0.4738,-0.2115,1.110
22.937511155,-0.9528,0.4659,-0.2180,1.083
22.93909577,-0.9163,0.4501,-0.2248,1.045
22.941752617,-0.9065,0.4606,-0.2308,1.043
22.943885001,-0.9024,0.4728,-0.2289,1.044
22.946472001,-0.8880,0.4860,-0.2252,1.037
22.948629232,-0.8748,0.4938,-0.2175,1.028
22.95082154,-0.8650,0.4974,-0.2143,1.021
22.953692309,-0.8531,0.5018,-0.1998,1.010
22.955885617,-0.8475,0.5034,-0.1272,0.994
22.958264617,-0.8408,0.5034,-0.0669,0.982
22.960568693,-0.8408,0.4916,-0.1854,0.991
22.963756693,-0.8198,0.4615,-0.3501,1.004
22.966099693,-0.7891,0.4002,-0.4051,0.973
22.96826777,-0.7399,0.3196,-0.4427,0.920
22.970690155,-0.7138,0.3045,-0.5243,0.937
22.973643463,-0.7637,0.4408,-0.7483,1.156
22.975241001,-0.8746,0.7405,-1.0393,1.547
22.977626463,-1.0057,1.1351,-1.2585,1.971
22.980066232,-1.1863,1.5637,-1.4162,2.420
22.98630154,-1.4264,2.0105,-1.5367,2.905
22.987150232,-1.7837,2.5001,-1.4336,3.389
22.98791054,-2.2181,2.9233,-1.0263,3.810
22.996403463,-2.5780,3.1437,-0.4141,4.087
22.99741054,-2.7683,3.1270,0.2628,4.185
22.997732309,-2.7758,2.9553,0.9608,4.167
22.99800277,-2.5867,2.6836,1.5264,4.028
22.999948924,-2.2417,2.3855,1.8870,3.778
23.002422463,-1.8513,2.1244,2.0763,3.500
23.003989924,-1.4646,1.9199,2.1371,3.225
23.009061232,-1.1140,1.7764,2.0674,2.945
23.009526463,-0.7959,1.6758,1.7399,2.543
23.011824001,-0.4919,1.5944,1.3395,2.140
23.01450777,-0.1629,1.4769,0.5518,1.585
23.015834155,0.2255,1.2714,-0.2180,1.310
23.018765232,0.5448,1.0567,-0.6848,1.372
23.021634847,0.7762,0.8632,-0.9308,1.488
23.023519463,0.9179,0.6863,-1.2030,1.662
23.025612309,1.0283,0.4918,-1.4327,1.831
23.028260001,1.1925,0.2111,-1.7239,2.107
23.031648309,1.3361,-0.0597,-1.6818,2.149
23.03287054,1.4021,-0.2266,-1.5734,2.120
23.03528277,1.3916,-0.2838,-1.3457,1.957
23.038077924,1.2618,-0.2193,-1.0762,1.673
23.041087463,1.0652,-0.0812,-0.8749,1.381
23.042992693,0.8546,0.0750,-0.6282,1.063
23.045268924,0.6112,0.2202,-0.4353,0.782
23.047731155,0.3471,0.3462,-0.2974,0.573
23.04983077,0.1251,0.4435,-0.2152,0.509
23.052652386,0.0070,0.4095,-0.2611,0.486
23.054735386,-0.1805,0.4803,-0.1451,0.533
23.056970155,-0.4204,0.6059,-0.0715,0.741
23.059543386,-0.6552,0.6797,-0.0200,0.944
23.062336309,-0.9097,0.7296,0.0216,1.166
23.065110155,-1.1292,0.7701,0.1120,1.371
23.06694277,-1.3034,0.8337,0.2222,1.563
23.069701001,-1.4331,0.8989,0.2706,1.713
23.076843386,-1.5012,0.9365,0.3153,1.797
23.077439693,-1.5247,0.9506,0.3422,1.829
23.077792078,-1.5071,0.9604,0.3067,1.813
23.079749232,-1.4721,0.9614,0.2289,1.773
23.087836693,-1.4245,0.9565,0.0954,1.718
23.088724617,-1.3512,0.9483,-0.0759,1.653
23.088989847,-1.2584,0.9453,-0.2426,1.592
23.089252924,-1.1627,0.9487,-0.3671,1.545
23.091990463,-1.0881,0.9683,-0.4563,1.526
23.093034155,-1.0243,0.9968,-0.5152,1.519
23.095522463,-0.9750,1.0394,-0.5478,1.527
23.098210232,-0.9335,1.0990,-0.5480,1.543
23.100351155,-0.9078,1.1656,-0.5182,1.566
23.10295477,-0.8914,1.2218,-0.4656,1.583
23.105510155,-0.8748,1.2649,-0.4006,1.589
23.10753354,-0.8555,1.2951,-0.3381,1.589
23.110220078,-0.8325,1.3164,-0.2881,1.584
23.113625924,-0.8084,1.3174,-0.2394,1.564
23.114829001,-0.7749,1.3073,-0.1979,1.533
23.11717454,-0.7316,1.2835,-0.1610,1.486
23.120610232,-0.6859,1.2536,-0.1234,1.434
23.123232078,-0.6278,1.2111,-0.0960,1.368
23.124460617,-0.5655,1.1689,-0.0774,1.301
23.127763693,-0.4988,1.1163,-0.0757,1.225
23.130516693,-0.4292,1.0601,-0.0950,1.148
23.131915386,-0.3586,1.0022,-0.1232,1.072
23.13436777,-0.2938,0.9541,-0.1507,1.010
23.13679977,-0.2359,0.9171,-0.1761,0.963
23.139076078,-0.1861,0.8810,-0.1954,0.921
23.141977309,-0.1504,0.8535,-0.2155,0.893
23.144007386,-0.1275,0.8244,-0.2343,0.866
23.146658463,-0.1187,0.8027,-0.2585,0.852
23.14859877,-0.1243,0.7853,-0.2956,0.848
23.15119754,-0.1455,0.7736,-0.3328,0.855
23.153801847,-0.1800,0.7687,-0.3675,0.871
23.156412078,-0.2210,0.7655,-0.3953,0.889
23.158254155,-0.2692,0.7713,-0.4073,0.913
23.16137454,-0.3261,0.7880,-0.4067,0.945
23.163857847,-0.3866,0.8090,-0.3941,0.979
23.171672924,-0.4507,0.8327,-0.3704,1.017
23.172164001,-0.5044,0.8612,-0.3340,1.052
23.173209617,-0.5569,0.8896,-0.2912,1.089
23.17363877,-0.6016,0.9236,-0.2457,1.129
23.17619754,-0.6386,0.9534,-0.2028,1.165
23.180551078,-0.6684,0.9785,-0.1663,1.197
23.181088924,-0.6845,1.0003,-0.1400,1.220
23.182337001,-0.6926,1.0171,-0.1180,1.236
23.184904693,-0.6887,1.0284,-0.1104,1.243
23.188234155,-0.6759,1.0313,-0.1158,1.239
23.189761309,-0.6544,1.0310,-0.1234,1.227
23.192053617,-0.6310,1.0289,-0.1239,1.213
23.194583463,-0.5990,1.0228,-0.1195,1.191
23.200496309,-0.5716,1.0174,-0.1139,1.172
23.200845232,-0.5357,1.0100,-0.1158,1.149
23.201769001,-0.5068,1.0032,-0.1155,1.130
23.205008617,-0.4802,1.0003,-0.1104,1.115
23.206405847,-0.4529,0.9930,-0.1102,1.097
23.208890463,-0.4241,0.9919,-0.1080,1.084
23.212305001,-0.4006,0.9907,-0.1043,1.074
23.213622232,-0.3745,0.9849,-0.1043,1.059
23.21647877,-0.3493,0.9776,-0.1062,1.044
23.219224693,-0.3302,0.9737,-0.1034,1.033
23.221468617,-0.3181,0.9697,-0.1062,1.026
23.22347177,-0.3058,0.9670,-0.1082,1.020
23.226032693,-0.2990,0.9646,-0.1118,1.016
23.229255386,-0.2934,0.9592,-0.1197,1.010
23.230709309,-0.2929,0.9529,-0.1292,1.005
23.233191155,-0.2860,0.9424,-0.1381,0.994
23.23549577,-0.2723,0.9326,-0.1495,0.983
23.237956386,-0.2643,0.9199,-0.1627,0.971
23.240192693,-0.2587,0.9040,-0.1774,0.957
23.242939693,-0.2550,0.8947,-0.1871,0.949
23.245760001,-0.2515,0.8784,-0.1976,0.935
23.247408309,-0.2503,0.8649,-0.2138,0.925
23.249815078,-0.2522,0.8535,-0.2252,0.918
23.252533924,-0.2582,0.8488,-0.2345,0.918
23.254707078,-0.2580,0.8478,-0.2421,0.919
23.257120924,-0.2606,0.8498,-0.2441,0.922
23.259780924,-0.2660,0.8583,-0.2380,0.930
23.262174463,-0.2720,0.8642,-0.2284,0.934
23.264472617,-0.2733,0.8781,-0.2208,0.946
23.267097001,-0.2789,0.8940,-0.2180,0.962
23.269292924,-0.2782,0.9099,-0.2150,0.975
23.27160954,-0.2792,0.9304,-0.2152,0.995
23.274409847,-0.2818,0.9470,-0.2184,1.012
23.277662232,-0.2845,0.9653,-0.2248,1.031
23.282756617,-0.2914,0.9814,-0.2316,1.050
23.283407463,-0.2985,0.9912,-0.2255,1.059
23.283981232,-0.3007,1.0015,-0.2196,1.069
23.291948924,-0.3083,1.0096,-0.2171,1.078
23.292583155,-0.3178,1.0164,-0.2194,1.087
23.292763078,-0.3258,1.0242,-0.2238,1.098
23.293346463,-0.3300,1.0224,-0.2276,1.098
23.30621877,-0.3297,1.0119,-0.2341,1.090
23.306786155,-0.3321,1.0000,-0.2453,1.082
23.306928924,-0.3300,0.9853,-0.2497,1.069
23.307229847,-0.3305,0.9672,-0.2511,1.053
23.307403078,-0.3295,0.9521,-0.2494,1.038
23.307616924,-0.3354,0.9343,-0.2524,1.024
23.310211078,-0.3361,0.9136,-0.2595,1.007
23.313022232,-0.3410,0.8974,-0.2672,0.997
23.315419155,-0.3439,0.8805,-0.2751,0.985
23.317568309,-0.3481,0.8661,-0.2812,0.975
23.320112309,-0.3491,0.8576,-0.2839,0.968
23.322814847,-0.3507,0.8493,-0.2802,0.961
23.324827386,-0.3481,0.8439,-0.2756,0.954
23.32825354,-0.3334,0.8434,-0.2763,0.948
23.329443386,-0.3204,0.8488,-0.2758,0.948
23.331927078,-0.3092,0.8551,-0.2734,0.949
23.334469001,-0.2978,0.8681,-0.2729,0.957
23.336610847,-0.2853,0.8822,-0.2716,0.966
23.339173847,-0.2738,0.8925,-0.2778,0.974
23.342723463,-0.2613,0.9096,-0.2821,0.988
23.345452001,-0.2533,0.9245,-0.2893,1.001
23.346428386,-0.2445,0.9402,-0.2995,1.017
23.348853617,-0.2359,0.9604,-0.3005,1.034
23.351364693,-0.2244,0.9763,-0.2949,1.044
23.354229617,-0.2119,0.9914,-0.2905,1.055
23.356297924,-0.2007,1.0047,-0.2824,1.063
23.358798155,-0.1893,1.0122,-0.2746,1.066
23.361440693,-0.1741,1.0181,-0.2648,1.066
23.363283078,-0.1644,1.0152,-0.2580,1.060
23.36572154,-0.1516,1.0117,-0.2521,1.054
23.368309617,-0.1385,1.0037,-0.2480,1.043
23.370464309,-0.1272,0.9923,-0.2411,1.029
23.373007155,-0.1159,0.9749,-0.2380,1.010
23.378292617,-0.1066,0.9614,-0.2329,0.995
23.379189001,-0.1003,0.9448,-0.2280,0.977
23.38089577,-0.0982,0.9294,-0.2224,0.961
23.38264654,-0.0973,0.9103,-0.2155,0.941
23.39011354,-0.0977,0.8954,-0.2101,0.925
23.390998463,-0.1031,0.8803,-0.2077,0.910
23.391396924,-0.1120,0.8688,-0.2006,0.899
23.39253877,-0.1220,0.8561,-0.1957,0.887
23.402792694,-0.1380,0.8502,-0.1913,0.882
23.40348777,-0.1485,0.8417,-0.1930,0.876
23.403708078,-0.1624,0.8395,-0.1940,0.877
23.403915155,-0.1741,0.8402,-0.1986,0.881
23.404122232,-0.1821,0.8461,-0.2017,0.889
23.407837847,-0.1898,0.8527,-0.2047,0.897
23.409897232,-0.1932,0.8603,-0.2079,0.906
23.413242463,-0.1902,0.8681,-0.2087,0.913
23.413929847,-0.1846,0.8744,-0.2159,0.919
23.416969309,-0.1760,0.8793,-0.2201,0.923
23.419862155,-0.1805,0.8803,-0.2264,0.927
23.421447694,-0.2030,0.8908,-0.2320,0.943
23.423963078,-0.2166,0.9040,-0.2426,0.961
23.426578232,-0.2181,0.9128,-0.2413,0.969
23.428513232,-0.2117,0.9257,-0.2380,0.979
23.430812694,-0.2115,0.9367,-0.2325,0.988
23.433409309,-0.2224,0.9414,-0.2369,0.996
23.435985847,-0.1634,0.9394,-0.2457,0.985
23.437922232,-0.1460,0.9551,-0.2118,0.989
23.440733617,-0.1194,0.9570,-0.2257,0.991
23.442963078,-0.1035,0.9588,-0.2243,0.990
23.445256924,-0.0869,0.9626,-0.2238,0.992
23.447896386,-0.0717,0.9629,-0.2280,0.992
23.450344001,-0.0598,0.9555,-0.2233,0.983
23.452838847,-0.0537,0.9527,-0.2180,0.979
23.454905309,-0.0544,0.9485,-0.2175,0.975
23.457593617,-0.0551,0.9467,-0.2231,0.974
23.460733847,-0.0635,0.9485,-0.2231,0.976
23.462128694,-0.0771,0.9487,-0.2245,0.978
23.464544694,-0.0935,0.9470,-0.2236,0.978
23.467020386,-0.1076,0.9506,-0.2187,0.981
23.469283463,-0.1294,0.9518,-0.2194,0.985
23.471863078,-0.1406,0.9523,-0.2180,0.987
23.474534155,-0.1526,0.9543,-0.2101,0.989
23.480456924,-0.1592,0.9543,-0.1998,0.988
23.48158954,-0.1639,0.9543,-0.1881,0.986
23.482081617,-0.1619,0.9534,-0.1768,0.983
23.490690847,-0.1585,0.9590,-0.1644,0.986
23.491303155,-0.1506,0.9634,-0.1568,0.988
23.491497847,-0.1392,0.9695,-0.1556,0.992
23.491675078,-0.1236,0.9744,-0.1537,0.994
23.504093924,-0.1087,0.9802,-0.1509,0.998
23.504712924,-0.0982,0.9865,-0.1458,1.002
23.505464386,-0.0877,0.9988,-0.1363,1.012
23.505917617,-0.0779,1.0079,-0.1219,1.018
23.506167386,-0.0696,1.0140,-0.1127,1.023
23.506577924,-0.0588,1.0186,-0.1097,1.026
23.508048924,-0.0458,1.0240,-0.1165,1.032
23.510360694,-0.0358,1.0291,-0.1251,1.037
23.512695078,-0.0339,1.0322,-0.1334,1.041
23.515231155,-0.0334,1.0354,-0.1468,1.046
23.51805877,-0.0349,1.0391,-0.1656,1.053
23.520038155,-0.0370,1.0401,-0.1871,1.057
23.52267477,-0.0449,1.0376,-0.2001,1.058
23.526165924,-0.0473,1.0320,-0.2182,1.056
23.527143694,-0.0432,1.0259,-0.2255,1.051
23.52973454,-0.0358,1.0179,-0.2311,1.044
23.532721001,-0.0307,1.0135,-0.2411,1.042
23.534743078,-0.0285,1.0076,-0.2553,1.040
23.537085924,-0.0276,0.9963,-0.2655,1.031
23.539427155,-0.0260,0.9939,-0.2895,1.036
23.54317977,-0.0234,0.9844,-0.3137,1.033
23.544113001,-0.0285,0.9793,-0.3171,1.030
23.546727386,-0.0329,0.9758,-0.3124,1.025
23.549031463,-0.0307,0.9670,-0.3137,1.017
23.55204554,-0.0251,0.9604,-0.3007,1.007
23.554394232,-0.0312,0.9563,-0.2927,1.001
23.556443078,-0.0395,0.9607,-0.2893,1.004
23.559876386,-0.0417,0.9583,-0.2927,1.003
23.561052694,-0.0512,0.9609,-0.2942,1.006
23.563541847,-0.0607,0.9727,-0.2865,1.016
23.566465232,-0.0679,0.9802,-0.2734,1.020
23.568428924,-0.0722,0.9898,-0.2538,1.024
23.57143577,-0.0798,0.9946,-0.2392,1.026
23.57391477,-0.0840,1.0032,-0.2377,1.034
23.576285232,-0.0961,1.0130,-0.2231,1.042
23.577873309,-0.1069,1.0208,-0.2035,1.046
23.580627386,-0.1216,1.0298,-0.1979,1.056
23.587505617,-0.1373,1.0359,-0.2010,1.064
23.588091386,-0.1536,1.0396,-0.1954,1.069
23.588393001,-0.1736,1.0450,-0.1842,1.075
23.591857309,-0.1888,1.0523,-0.1784,1.084
23.603531386,-0.2081,1.0627,-0.1889,1.099
23.604608617,-0.2308,1.0706,-0.2064,1.115
23.604956078,-0.2562,1.0792,-0.2167,1.130
23.605351155,-0.2885,1.0875,-0.2250,1.147
23.605650155,-0.3165,1.0914,-0.2240,1.158
23.605842463,-0.3435,1.0960,-0.2155,1.169
23.606959386,-0.3608,1.0943,-0.2077,1.171
23.614566463,-0.3728,1.0929,-0.2035,1.172
23.615055078,-0.3825,1.0980,-0.2038,1.180
23.615432924,-0.3817,1.1009,-0.2010,1.182
23.617490463,-0.3759,1.1104,-0.1879,1.187
23.618724309,-0.3708,1.1205,-0.1602,1.191
23.621649847,-0.3700,1.1376,-0.1263,1.203
23.623728309,-0.3720,1.1498,-0.0913,1.212
23.626072001,-0.3771,1.1608,-0.0584,1.222
23.628699155,-0.3773,1.1647,-0.0398,1.225
23.63176377,-0.3789,1.1656,-0.0435,1.226
23.633658847,-0.3776,1.1610,-0.0718,1.223
23.635739155,-0.3717,1.1593,-0.1104,1.222
23.638571694,-0.3720,1.1588,-0.1514,1.226
23.641672078,-0.3740,1.1615,-0.1828,1.234
23.643343155,-0.3752,1.1661,-0.1986,1.241
23.645416309,-0.3773,1.1733,-0.1945,1.248
23.650278463,-0.3759,1.1871,-0.1715,1.257
23.650891078,-0.3752,1.2001,-0.1376,1.265
23.652655078,-0.3752,1.2169,-0.1036,1.278
23.65525477,-0.3805,1.2378,-0.0794,1.297
23.658544309,-0.3859,1.2551,-0.0631,1.315
23.65983077,-0.3882,1.2639,-0.0545,1.323
23.662581847,-0.3808,1.2697,-0.0594,1.327
23.665302155,-0.3668,1.2768,-0.0715,1.330
23.667489924,-0.3515,1.2814,-0.0857,1.332
23.670056386,-0.3427,1.3005,-0.1131,1.350
23.672031078,-0.3288,1.3228,-0.1376,1.370
23.674952617,-0.3002,1.3403,-0.1478,1.381
23.676757232,-0.2731,1.3641,-0.1539,1.400
23.679287694,-0.2559,1.3902,-0.1563,1.422
23.682123155,-0.2389,1.4242,-0.1521,1.452
23.687577001,-0.2205,1.4622,-0.1414,1.486
23.688144386,-0.1998,1.4980,-0.1329,1.517
23.700989232,-0.1760,1.5309,-0.1241,1.546
23.70175877,-0.1516,1.5478,-0.1114,1.559
23.702006155,-0.1262,1.5549,-0.0967,1.563
23.702232694,-0.1026,1.5583,-0.0776,1.564
23.702429617,-0.0810,1.5556,-0.0498,1.559
23.702867155,-0.0659,1.5553,-0.0170,1.557
23.703485001,-0.0542,1.5539,0.0104,1.555
23.707038232,-0.0517,1.5668,0.0260,1.568
23.712069309,-0.0512,1.5744,0.0386,1.576
23.712395694,-0.0556,1.5900,0.0486,1.592
23.712895078,-0.0534,1.6037,0.0563,1.606
23.716009617,-0.0507,1.6147,0.0696,1.617
23.717553232,-0.0344,1.6235,0.0861,1.626
23.720361001,-0.0087,1.6243,0.1057,1.628
23.722583078,0.0154,1.6250,0.1243,1.630
23.725044309,0.0403,1.6201,0.1404,1.627
23.72771177,0.0652,1.6110,0.1590,1.620
23.730116924,0.0880,1.5947,0.1656,1.606
23.732501309,0.1134,1.5690,0.1567,1.581
23.734683078,0.1402,1.5383,0.1289,1.550
23.737198463,0.1586,1.4984,0.0717,1.508
23.741021847,0.1784,1.4561,-0.0056,1.467
23.742152694,0.1940,1.4137,-0.0867,1.430
23.744420001,0.2052,1.3699,-0.1600,1.394
23.746973232,0.2211,1.3242,-0.2257,1.361
23.749492386,0.2365,1.2793,-0.2983,1.335
23.751601001,0.2573,1.2451,-0.3631,1.322
23.755019386,0.2788,1.2131,-0.4275,1.316
23.757892078,0.3044,1.1910,-0.4717,1.317
23.758837924,0.3205,1.1782,-0.4952,1.318
23.761360924,0.3415,1.1730,-0.5057,1.322
23.765105847,0.3562,1.1747,-0.5087,1.329
23.766409309,0.3620,1.1817,-0.4971,1.332
23.769985847,0.3729,1.1938,-0.4857,1.342
23.771473309,0.3780,1.2089,-0.4933,1.359
23.773660924,0.3829,1.2287,-0.5111,1.385
23.775562463,0.3872,1.2460,-0.5292,1.408
23.778255078,0.3894,1.2644,-0.5411,1.429
23.78061177,0.3867,1.2842,-0.5531,1.451
23.78669754,0.3748,1.3071,-0.5565,1.469
23.787232617,0.3540,1.3269,-0.5490,1.479
23.78782254,0.3271,1.3396,-0.5431,1.482
23.798224617,0.2824,1.3545,-0.5336,1.483
23.79931754,0.2357,1.3704,-0.5206,1.485
23.799533924,0.1725,1.4009,-0.5189,1.504
23.799755694,0.0978,1.4109,-0.4720,1.491
23.79994777,0.0200,1.4175,-0.4136,1.477
23.802877924,-0.0586,1.4273,-0.3476,1.470
23.804562232,-0.1487,1.4322,-0.2953,1.470
23.808860078,-0.2430,1.4349,-0.2573,1.478
23.809393001,-0.3515,1.4339,-0.2658,1.500
23.811904617,-0.4616,1.4246,-0.2597,1.520
23.815755155,-0.5664,1.4070,-0.2692,1.540
23.816812694,-0.6757,1.3782,-0.3039,1.565
23.818933309,-0.7705,1.3335,-0.3662,1.583
23.821772001,-0.8355,1.2470,-0.4368,1.563
23.823856001,-0.9026,1.1876,-0.4830,1.568
23.826205617,-1.0280,1.2160,-0.5539,1.686
23.82862254,-1.0824,1.1576,-0.5751,1.686
23.831576924,-1.1594,1.1205,-0.5888,1.717
23.833581924,-1.2361,1.1095,-0.5726,1.757
23.836014847,-1.2864,1.0704,-0.4999,1.747
23.838471155,-1.3490,1.1043,-0.5035,1.815
23.841278463,-1.4099,1.1290,-0.4324,1.857
23.843382847,-1.4504,1.1475,-0.3398,1.880
23.845930232,-1.4800,1.1708,-0.2282,1.901
23.848254232,-1.5014,1.2023,-0.1251,1.928
23.85063077,-1.5112,1.2463,-0.0484,1.959
23.853266155,-1.4993,1.2932,-0.0007,1.980
23.856457847,-1.4416,1.3196,0.0324,1.955
23.858320694,-1.3612,1.3477,0.0512,1.916
23.860482847,-1.2801,1.3699,0.0444,1.875
23.862604924,-1.2188,1.4078,0.0375,1.862
23.86522377,-1.1524,1.4371,0.0290,1.842
23.867376694,-1.0786,1.4566,0.0023,1.812
23.869893617,-0.9889,1.4661,-0.0132,1.769
23.87283877,-0.9158,1.4654,-0.0547,1.729
23.874460924,-0.8411,1.4664,-0.1097,1.694
23.87691477,-0.7830,1.4589,-0.1486,1.662
23.879607694,-0.7500,1.4703,-0.2194,1.665
23.887166155,-0.6975,1.4496,-0.1747,1.618
23.88776154,-0.6430,1.4170,-0.1668,1.565
23.888242463,-0.5963,1.3899,-0.1966,1.525
23.899187694,-0.5641,1.3770,-0.2429,1.508
23.900186463,-0.5403,1.3577,-0.2651,1.485
23.900592386,-0.5130,1.3391,-0.2599,1.457
23.900984694,-0.5086,1.3230,-0.2937,1.447
23.901477001,-0.5112,1.3137,-0.3144,1.444
23.901702847,-0.5186,1.2939,-0.3364,1.434
23.903605001,-0.5271,1.2795,-0.3471,1.427
23.90977754,-0.5306,1.2658,-0.3420,1.415
23.910370232,-0.5303,1.2499,-0.3222,1.395
23.910723155,-0.5226,1.2321,-0.2946,1.370
23.913657617,-0.5140,1.2111,-0.2721,1.344
23.915447155,-0.5054,1.1991,-0.2573,1.326
23.918608386,-0.4893,1.1891,-0.2499,1.310
23.92043454,-0.4746,1.1789,-0.2343,1.292
23.922942155,-0.4558,1.1664,-0.2245,1.272
23.92529354,-0.4390,1.1573,-0.2218,1.258
23.928841001,-0.4324,1.1449,-0.2157,1.243
23.93094777,-0.4267,1.1361,-0.2213,1.234
23.932405001,-0.4285,1.1234,-0.2325,1.225
23.934809847,-0.4338,1.1090,-0.2367,1.214
23.938123386,-0.4353,1.0934,-0.2380,1.201
23.940071386,-0.4397,1.0774,-0.2394,1.188
23.942186155,-0.4474,1.0611,-0.2336,1.175
23.944520001,-0.4604,1.0443,-0.2248,1.163
23.947273232,-0.4849,1.0298,-0.2131,1.158
23.949237232,-0.4954,1.0205,-0.2054,1.153
23.952136694,-0.5071,1.0107,-0.1877,1.146
23.954153924,-0.5112,1.0032,-0.1898,1.142
23.956471155,-0.5056,0.9949,-0.2064,1.135
23.959105924,-0.4981,0.9919,-0.2194,1.131
23.962892924,-0.4830,0.9802,-0.2226,1.115
23.965047386,-0.4602,0.9697,-0.1937,1.091
23.967132001,-0.4334,0.9539,-0.1622,1.060
23.96889854,-0.4118,0.9362,-0.1302,1.031
23.972062232,-0.3838,0.9238,-0.1127,1.007
23.97341054,-0.3691,0.9096,-0.1099,0.988
23.975792924,-0.3539,0.8994,-0.1158,0.973
23.978338155,-0.3424,0.8857,-0.1097,0.956
23.984760309,-0.3309,0.8744,-0.1060,0.941
23.985450847,-0.3192,0.8600,-0.1031,0.923
23.985680694,-0.3192,0.8535,-0.0769,0.914
23.997965617,-0.3124,0.8386,-0.0936,0.900
23.999243694,-0.3099,0.8297,-0.0808,0.889
23.999452309,-0.2911,0.7990,-0.1090,0.857
23.999639694,-0.2552,0.7596,-0.1197,0.810
23.999970232,-0.2205,0.7193,-0.1162,0.761
24.000129232,-0.1912,0.6865,-0.1106,0.721
24.003299463,-0.1653,0.6531,-0.1090,0.682
24.007173847,-0.1521,0.6240,-0.1087,0.651
24.007631386,-0.1392,0.5991,-0.1009,0.623
24.009686847,-0.1223,0.5712,-0.0945,0.592
24.012006155,-0.1076,0.5465,-0.0864,0.564
24.014258847,-0.0926,0.5197,-0.0838,0.534
24.016752078,-0.0842,0.5004,-0.0864,0.515
24.019312694,-0.0707,0.4789,-0.0906,0.492
24.02178377,-0.0663,0.4584,-0.1001,0.474
24.024079694,-0.0615,0.4371,-0.1118,0.455
24.026479155,-0.0642,0.4205,-0.1258,0.444
24.02979477,-0.0696,0.4081,-0.1376,0.436
24.031189924,-0.0789,0.3921,-0.1441,0.425
24.033834155,-0.0905,0.3832,-0.1493,0.421
24.036198155,-0.0994,0.3724,-0.1530,0.415
24.038945309,-0.1118,0.3665,-0.1534,0.413
24.04096777,-0.1189,0.3560,-0.1509,0.405
24.043824617,-0.1297,0.3518,-0.1439,0.402
24.046462847,-0.1434,0.3464,-0.1356,0.399
24.048479463,-0.1555,0.3369,-0.1339,0.395
24.051134463,-0.1744,0.3352,-0.1339,0.401
24.053964617,-0.1912,0.3340,-0.1329,0.407
24.05591854,-0.2071,0.3287,-0.1300,0.410
24.058593847,-0.2240,0.3318,-0.1285,0.420
24.061136078,-0.2349,0.3257,-0.1214,0.420
24.062967155,-0.2487,0.3238,-0.1136,0.424
24.064944309,-0.2608,0.3255,-0.1034,0.430
24.067756617,-0.2813,0.3257,-0.0962,0.441
24.071462463,-0.2990,0.3291,-0.0913,0.454
24.072505001,-0.3158,0.3338,-0.0897,0.468
24.074725617,-0.3365,0.3380,-0.0857,0.485
24.07785454,-0.3522,0.3445,-0.0815,0.499
24.079862847,-0.3596,0.3480,-0.0752,0.506
24.082074847,-0.3679,0.3482,-0.0731,0.512
24.08450154,-0.3747,0.3516,-0.0718,0.519
24.091179386,-0.3759,0.3476,-0.0715,0.517
24.091832078,-0.3749,0.3474,-0.0689,0.516
24.092568924,-0.3752,0.3462,-0.0652,0.515
24.094252617,-0.3717,0.3426,-0.0584,0.509
24.103757847,-0.3724,0.3418,-0.0471,0.508
24.104559078,-0.3679,0.3394,-0.0368,0.502
24.105112617,-0.3703,0.3364,-0.0247,0.501
24.105468001,-0.3603,0.3279,-0.0170,0.487
24.10626777,-0.3512,0.3191,-0.0030,0.475
24.109089232,-0.3414,0.3089,0.0092,0.461
24.11113177,-0.3261,0.2974,0.0136,0.442
24.115000694,-0.3153,0.2886,0.0192,0.428
24.115761309,-0.3043,0.2786,0.0148,0.413
24.118323155,-0.2980,0.2705,0.0062,0.402
24.121244617,-0.2831,0.2627,-0.0007,0.386
24.122899155,-0.2704,0.2519,-0.0078,0.370
24.126046847,-0.2611,0.2423,-0.0151,0.357
24.128400001,-0.2515,0.2307,-0.0259,0.342
24.130053617,-0.2410,0.2229,-0.0361,0.330
24.13247054,-0.2317,0.2121,-0.0510,0.318
24.13626277,-0.2256,0.2025,-0.0610,0.309
24.138442463,-0.2137,0.1940,-0.0608,0.295
24.140233001,-0.2112,0.1845,-0.0591,0.287
24.143034463,-0.2066,0.1766,-0.0631,0.279
24.145226232,-0.2025,0.1701,-0.0699,0.274
24.147212386,-0.1979,0.1584,-0.0771,0.265
24.149874232,-0.1966,0.1540,-0.0825,0.263
24.152216001,-0.1944,0.1468,-0.0904,0.260
24.154261617,-0.1890,0.1425,-0.0945,0.255
24.156994463,-0.1861,0.1383,-0.0918,0.249
24.159420386,-0.1832,0.1363,-0.0848,0.244
24.161576386,-0.1878,0.1379,-0.0757,0.245
24.163999463,-0.1905,0.1432,-0.0687,0.248
24.166572001,-0.1934,0.1435,-0.0635,0.249
24.170163078,-0.2054,0.1508,-0.0610,0.262
24.171535463,-0.2112,0.1566,-0.0687,0.272
24.173540694,-0.2186,0.1642,-0.0757,0.284
24.176028617,-0.2322,0.1701,-0.0804,0.299
24.185544001,-0.2452,0.1769,-0.0908,0.316
24.18644954,-0.2664,0.1880,-0.1024,0.342
24.186937001,-0.2824,0.1913,-0.1162,0.360
24.187386232,-0.2980,0.1989,-0.1304,0.381
24.188158463,-0.3144,0.2057,-0.1451,0.403
24.190495386,-0.3256,0.2113,-0.1575,0.419
24.193189001,-0.3358,0.2169,-0.1661,0.433
24.196424078,-0.3493,0.2206,-0.1771,0.449
24.198227386,-0.3554,0.2270,-0.1945,0.464
24.201090463,-0.3596,0.2346,-0.2128,0.479
24.205407463,-0.3677,0.2448,-0.2208,0.494
24.205884386,-0.3700,0.2446,-0.2091,0.490
24.207901309,-0.3700,0.2423,-0.1756,0.476
24.209831386,-0.3710,0.2395,-0.1356,0.462
24.220267155,-0.3705,0.2321,-0.0997,0.448
24.220990155,-0.3661,0.2211,-0.0735,0.434
24.221537924,-0.3668,0.2092,-0.0642,0.427
24.22185177,-0.3642,0.1943,-0.0691,0.419
24.222217924,-0.3686,0.1801,-0.0815,0.418
24.22421054,-0.3740,0.1659,-0.0929,0.420
24.227152309,-0.3842,0.1530,-0.1055,0.427
24.22879054,-0.4026,0.1468,-0.1214,0.445
24.231250232,-0.4211,0.1466,-0.1353,0.466
24.233953847,-0.4451,0.1471,-0.1385,0.489
24.242410847,-0.4746,0.1537,-0.1397,0.518
24.24327977,-0.5059,0.1647,-0.1336,0.549
24.243628694,-0.5415,0.1835,-0.1321,0.587
24.243792617,-0.5799,0.2023,-0.1334,0.629
24.245651694,-0.6158,0.2241,-0.1316,0.668
24.248156386,-0.6505,0.2475,-0.1316,0.708
24.251047155,-0.6855,0.2714,-0.1280,0.748
24.253104078,-0.7169,0.2942,-0.1290,0.786
24.255738847,-0.7480,0.3210,-0.1348,0.825
24.25790254,-0.7734,0.3464,-0.1429,0.859
24.260483155,-0.7964,0.3763,-0.1544,0.894
24.263065309,-0.8228,0.4051,-0.1642,0.932
24.265804078,-0.8464,0.4288,-0.1712,0.964
24.26882954,-0.8694,0.4517,-0.1756,0.995
24.270387463,-0.8900,0.4706,-0.1791,1.023
24.27273977,-0.9195,0.4924,-0.1784,1.058
24.275331694,-0.9461,0.5172,-0.1815,1.093
24.277823078,-0.9735,0.5341,-0.1920,1.127
24.279844386,-1.0031,0.5495,-0.2013,1.161
24.282141847,-1.0290,0.5607,-0.2103,1.191
24.28924777,-1.0573,0.5710,-0.2243,1.222
24.289661847,-1.0866,0.5781,-0.2289,1.252
24.289849617,-1.1126,0.5808,-0.2409,1.278
24.292070847,-1.1480,0.5903,-0.2553,1.316
24.300325232,-1.1692,0.5896,-0.2697,1.337
24.30073077,-1.1878,0.5871,-0.2788,1.354
24.300915386,-1.1995,0.5817,-0.2881,1.364
24.301474155,-1.2046,0.5715,-0.2981,1.366
24.303891386,-1.2037,0.5598,-0.3026,1.362
24.306212386,-1.2024,0.5517,-0.3046,1.358
24.308633847,-1.1858,0.5412,-0.3188,1.342
24.311315078,-1.1629,0.5334,-0.3337,1.322
24.313252309,-1.1348,0.5263,-0.3447,1.298
24.315923155,-1.1089,0.5273,-0.3579,1.279
24.318324309,-1.0812,0.5285,-0.3628,1.257
24.320464924,-1.0598,0.5381,-0.3733,1.246
24.323439463,-1.0395,0.5493,-0.3911,1.239
24.325506463,-1.0209,0.5602,-0.4109,1.235
24.327809309,-1.0104,0.5784,-0.4368,1.243
24.330496078,-1.0092,0.5933,-0.4673,1.260
24.333290232,-1.0050,0.6038,-0.5001,1.275
24.335423463,-0.9994,0.6225,-0.5345,1.293
24.337724001,-1.0065,0.6377,-0.5695,1.321
24.340300078,-1.0146,0.6450,-0.5937,1.341
24.343671155,-1.0069,0.6736,-0.5746,1.341
24.344760924,-0.9669,0.7061,-0.5775,1.329
24.347261309,-0.8853,0.7417,-0.6494,1.325
24.350186155,-0.7937,0.7728,-0.4957,1.214
24.352089232,-0.7605,0.8180,-0.2651,1.148
24.354605232,-0.7766,0.9309,-0.1725,1.225
24.356962463,-0.8518,1.1852,-0.5264,1.552
24.359231386,-1.0502,1.6086,-1.5213,2.450
24.361519386,-1.3752,2.1628,-2.8191,3.810
24.364038463,-1.7668,2.6890,-3.8250,4.998
24.36660777,-2.0600,2.9513,-4.0074,5.386
24.368892617,-2.2117,2.7992,-3.5306,5.019
24.371815078,-2.3370,2.4782,-2.6906,4.341
24.37382277,-2.5083,2.1630,-1.8075,3.773
24.379053309,-2.6280,1.9106,-1.0379,3.411
24.380368078,-2.6598,1.7156,-0.3855,3.188
24.38102154,-2.5479,1.5067,0.4238,2.990
24.390195078,-2.3933,1.3841,1.3153,3.062
24.390669001,-2.1934,1.3152,1.9566,3.220
24.390866232,-1.9532,1.2641,2.3586,3.313
24.391102232,-1.6515,1.2082,2.6200,3.324
24.402804617,-1.3190,1.1473,2.8032,3.304
24.403716386,-0.9774,1.0939,2.7390,3.107
24.40418677,-0.6705,1.0627,2.6824,2.962
24.40451177,-0.4460,1.0701,2.3078,2.583
24.405341001,-0.2860,1.0970,1.5323,1.906
24.405827694,-0.0227,1.0418,0.5613,1.184
24.407650847,0.3946,0.8849,-0.7454,1.222
24.410003078,0.8099,0.6663,-1.1632,1.566
24.412216924,1.1020,0.5023,-1.0931,1.631
24.415090232,1.2387,0.4254,-1.0645,1.688
24.416922155,1.3034,0.3941,-1.0535,1.722
24.419336386,1.3987,0.3426,-1.0725,1.796
24.422001232,1.4109,0.3091,-1.1863,1.869
24.42465354,1.4437,0.3113,-1.1497,1.872
24.426725309,1.3736,0.4000,-1.1323,1.825
24.429378847,1.2280,0.5339,-1.0762,1.718
24.431739694,1.0904,0.6658,-0.9941,1.619
24.434703463,0.9606,0.7934,-0.8304,1.497
24.436396924,0.7976,0.8647,-0.5939,1.318
24.440042155,0.5778,0.8977,-0.3608,1.127
24.44249177,0.3484,0.9201,-0.1771,1.000
24.443819386,0.1451,0.9387,-0.0787,0.953
24.446692386,-0.0346,0.9506,-0.0740,0.954
24.449404386,-0.1990,0.9536,-0.1160,0.981
24.451236694,-0.3761,0.9567,-0.1793,1.044
24.45352777,-0.5867,0.9602,-0.2516,1.153
24.45578677,-0.8020,0.9675,-0.3037,1.293
24.458952078,-0.9601,1.0071,-0.1817,1.403
24.46058254,-1.0952,1.0454,-0.1304,1.520
24.465352309,-1.2183,1.0853,-0.0735,1.633
24.467326155,-1.2691,1.1046,-0.0088,1.682
24.468544924,-1.2874,1.1172,0.0139,1.705
24.470396924,-1.2726,1.1256,0.0043,1.699
24.472764309,-1.2217,1.1321,-0.0296,1.666
24.475012078,-1.1441,1.1363,-0.0564,1.613
24.477824001,-1.0646,1.1346,-0.1018,1.559
24.479774155,-1.0055,1.1232,-0.1532,1.515
24.486309924,-0.9533,1.1002,-0.2110,1.471
24.486882155,-0.8802,1.0543,-0.2460,1.395
24.487428694,-0.8250,1.0039,-0.2595,1.325
24.48976277,-0.8071,0.9531,-0.2667,1.277
24.49766777,-0.8005,0.9062,-0.2506,1.235
24.498000924,-0.8157,0.8920,-0.2071,1.226
24.498168078,-0.8396,0.8910,-0.1644,1.235
24.510308386,-0.8464,0.8966,-0.1139,1.238
24.511304617,-0.8609,0.9111,-0.0733,1.256
24.51159754,-0.8883,0.9429,-0.0437,1.296
24.512253232,-0.8829,0.9685,-0.0163,1.311
24.512749924,-0.8604,0.9858,-0.0049,1.308
24.513374232,-0.8250,1.0084,-0.0095,1.303
24.51392154,-0.7712,1.0223,-0.0161,1.281
24.516532694,-0.6992,1.0286,-0.0261,1.244
24.518347155,-0.6129,1.0215,-0.0310,1.192
24.520670463,-0.5294,1.0168,-0.0379,1.147
24.523312309,-0.4429,1.0076,-0.0486,1.102
24.525989617,-0.3566,0.9923,-0.0813,1.058
24.528096617,-0.2841,0.9727,-0.0820,1.017
24.530750155,-0.2198,0.9572,-0.0950,0.987
24.53297177,-0.1592,0.9443,-0.1016,0.963
24.535379078,-0.1162,0.9353,-0.1146,0.949
24.537814232,-0.0971,0.9280,-0.1532,0.946
24.540964617,-0.0730,0.9225,-0.1859,0.944
24.543144309,-0.0615,0.9321,-0.2182,0.959
24.54492554,-0.0764,0.9350,-0.2367,0.968
24.547182155,-0.1108,0.9394,-0.2441,0.977
24.550384386,-0.1543,0.9441,-0.2431,0.987
24.552733617,-0.2093,0.9511,-0.2362,1.002
24.554809617,-0.2469,0.9583,-0.2287,1.016
24.557960924,-0.3085,0.9616,-0.2248,1.035
24.55943354,-0.3761,0.9651,-0.2245,1.060
24.561723386,-0.4402,0.9716,-0.2236,1.090
24.564447078,-0.4963,0.9727,-0.2164,1.113
24.56678654,-0.5396,0.9590,-0.1982,1.118
24.569283155,-0.5729,0.9499,-0.1915,1.126
24.57150254,-0.5955,0.9763,-0.2066,1.162
24.574427078,-0.6109,0.9749,-0.1991,1.168
24.57626254,-0.6173,0.9678,-0.1940,1.164
24.578834155,-0.6312,0.9588,-0.1945,1.164
24.581254155,-0.6102,0.9529,-0.2038,1.150
24.583578232,-0.5713,0.9492,-0.2052,1.127
24.586266463,-0.5526,0.9499,-0.2206,1.121
24.588752386,-0.5237,0.9448,-0.2318,1.105
24.594987386,-0.4849,0.9438,-0.2350,1.087
24.595779463,-0.4504,0.9455,-0.2478,1.076
24.596399155,-0.4111,0.9453,-0.2553,1.062
24.606267386,-0.3698,0.9458,-0.2536,1.047
24.607429232,-0.3302,0.9499,-0.2487,1.036
24.60785977,-0.2923,0.9511,-0.2475,1.025
24.608090847,-0.2623,0.9523,-0.2478,1.018
24.608425617,-0.2464,0.9473,-0.2538,1.011
24.609871694,-0.2179,0.9470,-0.2469,1.003
24.612525232,-0.1944,0.9458,-0.2394,0.995
24.618257847,-0.1765,0.9467,-0.2362,0.992
24.61919077,-0.1602,0.9502,-0.2382,0.993
24.61971577,-0.1553,0.9541,-0.2465,0.998
24.62218954,-0.1450,0.9578,-0.2521,1.001
24.624876001,-0.1455,0.9651,-0.2518,1.008
24.626917232,-0.1472,0.9690,-0.2529,1.012
24.629576078,-0.1521,0.9790,-0.2558,1.023
24.631960078,-0.1609,0.9865,-0.2648,1.034
24.634091386,-0.1709,0.9956,-0.2746,1.047
24.636753847,-0.1795,1.0003,-0.2856,1.056
24.639025232,-0.1900,1.0015,-0.2986,1.062
24.641295078,-0.1998,1.0032,-0.3070,1.068
24.643737617,-0.2063,1.0012,-0.3137,1.069
24.646904617,-0.2124,0.9939,-0.3181,1.065
24.64909177,-0.2184,0.9839,-0.3179,1.057
24.651099386,-0.2203,0.9672,-0.3132,1.040
24.653430232,-0.2173,0.9536,-0.3091,1.026
24.65660254,-0.2132,0.9382,-0.3091,1.010
24.658195078,-0.2091,0.9213,-0.3124,0.995
24.660654155,-0.2059,0.9047,-0.3151,0.980
24.663118232,-0.2066,0.8917,-0.3191,0.969
24.665672001,-0.2079,0.8805,-0.3252,0.961
24.668144924,-0.2083,0.8710,-0.3281,0.954
24.670685617,-0.2110,0.8644,-0.3298,0.949
24.67431754,-0.2122,0.8586,-0.3284,0.943
24.67510154,-0.2147,0.8554,-0.3244,0.940
24.677584001,-0.2212,0.8559,-0.3159,0.939
24.680104001,-0.2249,0.8549,-0.3075,0.936
24.682362232,-0.2256,0.8607,-0.3023,0.940
24.684804078,-0.2296,0.8659,-0.2965,0.944
24.687435771,-0.2328,0.8703,-0.2888,0.946
24.692665309,-0.2333,0.8764,-0.2888,0.952
24.693512078,-0.2382,0.8822,-0.2917,0.959
24.694637232,-0.2438,0.8915,-0.2951,0.970
24.703494771,-0.2491,0.9055,-0.2974,0.985
24.704156617,-0.2526,0.9194,-0.2958,0.998
24.704522771,-0.2540,0.9321,-0.2900,1.009
24.70480954,-0.2559,0.9446,-0.2834,1.019
24.717238232,-0.2582,0.9555,-0.2756,1.027
24.717856386,-0.2580,0.9646,-0.2707,1.035
24.718147155,-0.2555,0.9721,-0.2667,1.040
24.718399078,-0.2503,0.9753,-0.2658,1.041
24.718651463,-0.2420,0.9788,-0.2643,1.042
24.718831694,-0.2333,0.9749,-0.2651,1.037
24.721042463,-0.2224,0.9714,-0.2672,1.032
24.723527771,-0.2117,0.9690,-0.2699,1.028
24.725754232,-0.2002,0.9658,-0.2685,1.022
24.728782155,-0.1956,0.9614,-0.2648,1.016
24.731151771,-0.1858,0.9551,-0.2609,1.007
24.733987463,-0.1772,0.9499,-0.2583,1.000
24.736296001,-0.1700,0.9490,-0.2494,0.996
24.737916309,-0.1665,0.9462,-0.2418,0.991
24.740200924,-0.1648,0.9404,-0.2399,0.984
24.742899078,-0.1667,0.9362,-0.2362,0.980
24.745123386,-0.1653,0.9316,-0.2355,0.975
24.747839771,-0.1688,0.9223,-0.2304,0.966
24.749957232,-0.1714,0.9192,-0.2260,0.962
24.75244554,-0.1732,0.9155,-0.2236,0.958
24.755664617,-0.1704,0.9033,-0.2236,0.946
24.757129232,-0.1702,0.8987,-0.2215,0.941
24.759534155,-0.1655,0.8952,-0.2226,0.937
24.762050155,-0.1653,0.8922,-0.2252,0.935
24.764392924,-0.1611,0.8903,-0.2245,0.932
24.766989232,-0.1583,0.8894,-0.2199,0.930
24.769340617,-0.1511,0.8886,-0.2150,0.927
24.772647694,-0.1425,0.8905,-0.2164,0.927
24.773989617,-0.1355,0.8908,-0.2187,0.927
24.776491771,-0.1275,0.8898,-0.2182,0.925
24.779088386,-0.1157,0.8917,-0.2248,0.927
24.781410155,-0.1082,0.8901,-0.2313,0.926
24.783981924,-0.0952,0.8884,-0.2421,0.926
24.786484617,-0.0828,0.8845,-0.2506,0.923
24.792762847,-0.0673,0.8835,-0.2609,0.924
24.793524694,-0.0554,0.8828,-0.2653,0.923
24.79423054,-0.0481,0.8796,-0.2746,0.923
24.796260078,-0.0421,0.8810,-0.2868,0.927
24.806629847,-0.0368,0.8859,-0.2981,0.935
24.80794654,-0.0339,0.8833,-0.3061,0.935
24.808490232,-0.0326,0.8871,-0.3151,0.942
24.808858771,-0.0388,0.8894,-0.3098,0.943
24.809193232,-0.0495,0.8991,-0.2944,0.947
24.810591771,-0.0598,0.9077,-0.2844,0.953
24.815893924,-0.0756,0.9120,-0.2770,0.956
24.817045924,-0.0917,0.9169,-0.2732,0.961
24.817899694,-0.1138,0.9255,-0.2765,0.973
24.819919694,-0.1350,0.9294,-0.2853,0.982
24.822516309,-0.1565,0.9309,-0.2890,0.987
24.824523694,-0.1816,0.9378,-0.2841,0.997
24.827012001,-0.2093,0.9450,-0.2760,1.006
24.829869617,-0.2361,0.9572,-0.2607,1.020
24.831720309,-0.2660,0.9672,-0.2385,1.031
24.834747463,-0.2850,0.9753,-0.2211,1.040
24.836823463,-0.3014,0.9768,-0.2025,1.042
24.839233309,-0.3116,0.9814,-0.1940,1.048
24.841628694,-0.3156,0.9763,-0.1835,1.042
24.844159386,-0.3225,0.9688,-0.1820,1.037
24.846540386,-0.3229,0.9646,-0.1823,1.033
24.848694771,-0.3234,0.9565,-0.1868,1.027
24.851353617,-0.3281,0.9539,-0.1940,1.027
24.855300694,-0.3229,0.9460,-0.2030,1.020
24.856406847,-0.3158,0.9483,-0.2164,1.023
24.858507386,-0.3092,0.9467,-0.2274,1.022
24.862902771,-0.2953,0.9473,-0.2341,1.019
24.863731078,-0.2809,0.9470,-0.2397,1.016
24.866122771,-0.2667,0.9497,-0.2448,1.016
24.868786232,-0.2510,0.9478,-0.2465,1.011
24.871493924,-0.2391,0.9504,-0.2448,1.010
24.872840386,-0.2235,0.9465,-0.2469,1.003
24.875339771,-0.2037,0.9448,-0.2506,0.998
24.878119386,-0.1912,0.9409,-0.2578,0.994
24.881005617,-0.1797,0.9418,-0.2667,0.995
24.883023463,-0.1746,0.9436,-0.2770,0.999
24.885032924,-0.1707,0.9504,-0.2861,1.007
24.891411463,-0.1670,0.9590,-0.2878,1.015
24.892553309,-0.1634,0.9670,-0.2927,1.023
24.893205232,-0.1604,0.9746,-0.2890,1.029
24.894722847,-0.1616,0.9849,-0.2778,1.036
24.907179386,-0.1587,0.9923,-0.2665,1.040
24.908000001,-0.1567,1.0007,-0.2558,1.045
24.908649001,-0.1551,1.0071,-0.2455,1.048
24.908859155,-0.1536,1.0073,-0.2392,1.047
24.909073309,-0.1534,1.0112,-0.2316,1.049
24.909540617,-0.1562,1.0066,-0.2252,1.043
24.911556924,-0.1590,1.0073,-0.2233,1.044
24.916651155,-0.1658,1.0051,-0.2228,1.043
24.917368078,-0.1812,1.0076,-0.2240,1.048
24.91909454,-0.1886,1.0039,-0.2304,1.047
24.921304617,-0.1900,1.0017,-0.2348,1.046
24.923483078,-0.1958,1.0015,-0.2397,1.048
24.925819694,-0.1946,0.9956,-0.2482,1.044
24.929094771,-0.1958,0.9963,-0.2587,1.048
24.930715386,-0.1951,0.9979,-0.2629,1.050
24.933026771,-0.1970,0.9975,-0.2663,1.051
24.935648309,-0.1973,0.9998,-0.2665,1.053
24.937977001,-0.2035,1.0015,-0.2692,1.057
24.940534847,-0.2105,1.0054,-0.2683,1.062
24.942836309,-0.2163,1.0049,-0.2707,1.063
24.945961924,-0.2271,1.0044,-0.2736,1.065
24.947681847,-0.2423,1.0051,-0.2788,1.071
24.950195694,-0.2489,1.0066,-0.2785,1.074
24.952683694,-0.2611,1.0051,-0.2785,1.075
24.955013617,-0.2652,0.9998,-0.2748,1.070
24.957246232,-0.2648,0.9912,-0.2660,1.060
24.96085454,-0.2606,0.9839,-0.2585,1.050
24.962943463,-0.2508,0.9753,-0.2480,1.037
24.964501847,-0.2337,0.9636,-0.2385,1.020
24.966974463,-0.2188,0.9514,-0.2333,1.004
24.970491155,-0.2007,0.9397,-0.2294,0.988
24.971848924,-0.1841,0.9272,-0.2274,0.972
24.974757924,-0.1636,0.9194,-0.2271,0.961
24.976666847,-0.1502,0.9182,-0.2264,0.958
24.97980254,-0.1389,0.9167,-0.2238,0.954
24.982266771,-0.1282,0.9164,-0.2208,0.951
24.984024001,-0.1192,0.9174,-0.2157,0.950
24.986834463,-0.1096,0.9206,-0.2147,0.952
24.993067386,-0.1031,0.9292,-0.2201,0.960
24.993689001,-0.0926,0.9323,-0.2248,0.964
24.994315155,-0.0830,0.9372,-0.2357,0.970
24.996896001,-0.0705,0.9465,-0.2453,0.980
24.998726463,-0.0647,0.9527,-0.2516,0.987
25.000650232,-0.0626,0.9609,-0.2597,0.997
25.006706847,-0.0579,0.9656,-0.2616,1.002
25.007096309,-0.0488,0.9744,-0.2667,1.011
25.007943463,-0.0490,0.9819,-0.2704,1.020
25.011281232,-0.0476,0.9907,-0.2709,1.028
25.018398771,-0.0463,0.9991,-0.2800,1.039
25.019630463,-0.0456,1.0115,-0.2953,1.055
25.020359771,-0.0421,1.0193,-0.3012,1.064
25.020663155,-0.0385,1.0273,-0.3066,1.073
25.022576924,-0.0361,1.0298,-0.3139,1.077
25.025075155,-0.0314,1.0340,-0.3124,1.081
25.028227771,-0.0260,1.0326,-0.3073,1.078
25.029647078,-0.0236,1.0382,-0.2976,1.080
25.032228694,-0.0246,1.0408,-0.2834,1.079
25.034646771,-0.0236,1.0445,-0.2592,1.076
25.037073001,-0.0272,1.0484,-0.2453,1.077
25.039536078,-0.0295,1.0499,-0.2262,1.074
25.042222155,-0.0383,1.0531,-0.2131,1.075
25.044354463,-0.0430,1.0535,-0.2047,1.074
25.046641924,-0.0495,1.0471,-0.2033,1.068
25.049259694,-0.0556,1.0382,-0.2128,1.061
25.052011078,-0.0600,1.0233,-0.2299,1.050
25.054749617,-0.0605,1.0098,-0.2516,1.042
25.056088924,-0.0681,0.9970,-0.2721,1.036
25.058697847,-0.0764,0.9895,-0.2909,1.034
25.061388309,-0.0808,0.9888,-0.3083,1.039
25.064035694,-0.0905,0.9861,-0.3181,1.040
25.066048617,-0.0989,0.9863,-0.3244,1.043
25.069513617,-0.1040,0.9849,-0.3293,1.044
25.070623694,-0.1106,0.9890,-0.3289,1.048
25.073072001,-0.1162,0.9874,-0.3300,1.048
25.07600654,-0.1199,0.9839,-0.3249,1.043
25.078168078,-0.1252,0.9837,-0.3191,1.042
25.080998847,-0.1301,0.9870,-0.3188,1.045
25.082710232,-0.1320,0.9902,-0.3247,1.050
25.090300001,-0.1348,0.9973,-0.3320,1.060
25.090941001,-0.1343,1.0122,-0.3364,1.075
25.091617924,-0.1316,1.0308,-0.3435,1.094
25.101618771,-0.1289,1.0515,-0.3587,1.118
25.102280924,-0.1226,1.0774,-0.3797,1.149
25.102528386,-0.1145,1.1076,-0.3955,1.182
25.102676924,-0.1028,1.1349,-0.4139,1.212
25.102834463,-0.0940,1.1633,-0.4305,1.244
25.104963155,-0.0800,1.1925,-0.4456,1.276
25.106880617,-0.0710,1.2218,-0.4549,1.306
25.110310463,-0.0574,1.2507,-0.4605,1.334
25.113778463,-0.0458,1.2837,-0.4568,1.363
25.114450847,-0.0397,1.3196,-0.4421,1.392
25.116500617,-0.0292,1.3587,-0.4202,1.422
25.118985847,-0.0251,1.3958,-0.3958,1.451
25.121303694,-0.0173,1.4327,-0.3606,1.477
25.123764386,-0.0109,1.4645,-0.3203,1.499
25.126160386,0.0002,1.4859,-0.2783,1.512
25.128418155,0.0098,1.5045,-0.2389,1.523
25.131001617,0.0193,1.5265,-0.2001,1.540
25.133481847,0.0261,1.5485,-0.1568,1.557
25.135916924,0.0286,1.5724,-0.1085,1.576
25.138897617,0.0276,1.5949,-0.0542,1.596
25.140679386,0.0235,1.6125,0.0006,1.613
25.14408554,0.0198,1.6291,0.0481,1.630
25.145445924,0.0147,1.6345,0.0903,1.637
25.147767694,0.0090,1.6371,0.1329,1.643
25.150437309,0.0024,1.6318,0.1809,1.642
25.153283155,-0.0021,1.6235,0.2264,1.639
25.155869847,0.0012,1.6064,0.2580,1.627
25.157904924,0.0093,1.5839,0.2741,1.607
25.160412617,0.0205,1.5565,0.2778,1.581
25.162336078,0.0330,1.5255,0.2745,1.550
25.16487854,0.0437,1.4989,0.2628,1.522
25.16716254,0.0498,1.4726,0.2459,1.494
25.169620617,0.0528,1.4517,0.2245,1.470
25.172030463,0.0569,1.4363,0.2056,1.452
25.174335771,0.0538,1.4244,0.1768,1.436
25.177435694,0.0457,1.4173,0.1413,1.425
25.17936954,0.0371,1.4102,0.1006,1.414
25.182112078,0.0235,1.4025,0.0456,1.403
25.189121617,0.0124,1.3927,-0.0163,1.393
25.189683694,-0.0026,1.3780,-0.0720,1.380
25.190214155,-0.0183,1.3657,-0.1143,1.371
25.194553617,-0.0356,1.3480,-0.1639,1.358
25.194962155,-0.0551,1.3282,-0.2143,1.346
25.197440309,-0.0764,1.3117,-0.2707,1.342
25.198476078,-0.0966,1.2956,-0.3264,1.340
25.211628694,-0.1206,1.2783,-0.3720,1.337
25.212210232,-0.1453,1.2604,-0.4114,1.334
25.212449617,-0.1716,1.2463,-0.4523,1.337
25.212672617,-0.1970,1.2314,-0.4798,1.336
25.213259155,-0.2208,1.2169,-0.4950,1.332
25.213524386,-0.2401,1.1991,-0.5001,1.321
25.215519463,-0.2625,1.1826,-0.4879,1.306
25.217798232,-0.2772,1.1686,-0.4759,1.292
25.220293924,-0.2906,1.1481,-0.4612,1.271
25.22277754,-0.3075,1.1321,-0.4684,1.263
25.226295694,-0.3202,1.1158,-0.4830,1.257
25.227404078,-0.3309,1.0974,-0.5133,1.256
25.229935386,-0.3422,1.0794,-0.5399,1.254
25.232316386,-0.3605,1.0608,-0.5478,1.247
25.235511386,-0.3766,1.0401,-0.5387,1.230
25.237195386,-0.3920,1.0159,-0.5148,1.204
25.239629309,-0.4169,0.9937,-0.4896,1.184
25.242797001,-0.4406,0.9729,-0.4661,1.165
25.244118771,-0.4719,0.9555,-0.4402,1.153
25.246689924,-0.5068,0.9380,-0.4146,1.144
25.249544309,-0.5382,0.9248,-0.3901,1.139
25.251946771,-0.5689,0.9069,-0.3667,1.132
25.253831078,-0.6151,0.8925,-0.3433,1.137
25.256245001,-0.6740,0.8781,-0.3232,1.153
25.258825617,-0.7370,0.8691,-0.3023,1.179
25.260922232,-0.8005,0.8663,-0.2819,1.213
25.263628924,-0.8704,0.8647,-0.2585,1.254
25.266772078,-0.9515,0.8625,-0.2364,1.306
25.268417924,-1.0180,0.8583,-0.2133,1.348
25.270570847,-1.0761,0.8493,-0.1908,1.384
25.273487155,-1.1245,0.8374,-0.1595,1.411
25.275879694,-1.1702,0.8273,-0.1062,1.437
25.277859463,-1.2156,0.8148,-0.0361,1.464
25.280292924,-1.2525,0.8006,0.0221,1.487
25.285429847,-1.2813,0.7823,0.0710,1.503
25.285829309,-1.2982,0.7708,0.1184,1.514
25.287743386,-1.3053,0.7613,0.1604,1.520
25.290080694,-1.2679,0.7513,0.1988,1.487
25.292472617,-1.1865,0.7396,0.2322,1.417
25.294869232,-1.0879,0.7240,0.2524,1.331
25.297435155,-0.9948,0.7061,0.2531,1.246
25.308065847,-0.9095,0.6858,0.2475,1.166
25.308625847,-0.8182,0.6538,0.2203,1.070
25.308784924,-0.7241,0.6133,0.1949,0.969
25.308948694,-0.6302,0.5822,0.1692,0.875
25.309906463,-0.5428,0.5488,0.1495,0.786
25.311721001,-0.4629,0.5187,0.1336,0.708
25.314420386,-0.3859,0.4916,0.1238,0.637
25.316605309,-0.3111,0.4622,0.1182,0.570
25.318800694,-0.2454,0.4376,0.1220,0.516
25.321843078,-0.1895,0.4125,0.1264,0.471
25.323717924,-0.1389,0.3914,0.1409,0.439
25.326772386,-0.0998,0.3711,0.1526,0.414
25.328529309,-0.0673,0.3574,0.1651,0.399
25.331774155,-0.0498,0.3429,0.1716,0.387
25.334024924,-0.0361,0.3311,0.1788,0.378
25.335745847,-0.0341,0.3228,0.1763,0.369
25.338871463,-0.0372,0.3182,0.1846,0.370
25.340802232,-0.0490,0.3169,0.1729,0.364
25.342972694,-0.0693,0.3184,0.1506,0.359
25.345795771,-0.0957,0.3222,0.1252,0.359
25.347971694,-0.1294,0.3320,0.1064,0.372
25.350421924,-0.1619,0.3433,0.0930,0.391
25.352724386,-0.1937,0.3531,0.0837,0.411
25.35538654,-0.2173,0.3662,0.0805,0.433
25.358546463,-0.2403,0.3739,0.0756,0.451
25.360079155,-0.2601,0.3890,0.0749,0.474
25.362300924,-0.2687,0.4061,0.0766,0.493
25.365050232,-0.2792,0.4181,0.0874,0.510
25.367508694,-0.2894,0.4344,0.1013,0.532
25.370064001,-0.2916,0.4464,0.1199,0.547
25.372254155,-0.2985,0.4606,0.1373,0.566
25.375021232,-0.3029,0.4706,0.1502,0.579
25.377069617,-0.3026,0.4803,0.1614,0.590
25.379554155,-0.3041,0.4889,0.1695,0.600
25.38169054,-0.3083,0.4992,0.1751,0.612
25.385108924,-0.3095,0.5080,0.1797,0.621
25.386860386,-0.3134,0.5172,0.1819,0.632
25.389531386,-0.3168,0.5263,0.1785,0.640
25.395713617,-0.3225,0.5372,0.1783,0.651
25.39630254,-0.3293,0.5429,0.1729,0.658
25.396527771,-0.3365,0.5576,0.1639,0.672
25.411863694,-0.3419,0.5688,0.1539,0.681
25.412447078,-0.3444,0.5803,0.1465,0.691
25.412889232,-0.3427,0.5949,0.1397,0.701
25.413323694,-0.3424,0.6077,0.1318,0.710
25.413519386,-0.3395,0.6228,0.1211,0.720
25.413859463,-0.3332,0.6355,0.1169,0.727
25.414148309,-0.3246,0.6494,0.1140,0.735
25.422747078,-0.3190,0.6678,0.1152,0.749
25.423619694,-0.3095,0.6804,0.1231,0.758
25.424198232,-0.2911,0.6912,0.1321,0.762
25.424380078,-0.2777,0.7044,0.1458,0.771
25.425062232,-0.2571,0.7122,0.1602,0.774
25.427784924,-0.2377,0.7222,0.1744,0.780
25.430148309,-0.2173,0.7327,0.1900,0.788
25.432387155,-0.1958,0.7425,0.2032,0.794
25.434517617,-0.1772,0.7538,0.2152,0.804
25.437467463,-0.1634,0.7591,0.2240,0.808
25.440458155,-0.1502,0.7743,0.2271,0.821
25.441983694,-0.1455,0.7867,0.2259,0.831
25.444293232,-0.1494,0.7955,0.2200,0.839
25.447075771,-0.1607,0.8102,0.2049,0.851
25.449759694,-0.1729,0.8246,0.1907,0.864
25.451589847,-0.1846,0.8397,0.1716,0.877
25.454235386,-0.1993,0.8568,0.1563,0.893
25.457468386,-0.2142,0.8737,0.1369,0.910
25.458917309,-0.2286,0.8891,0.1211,0.926
25.461490155,-0.2457,0.9087,0.1069,0.947
25.46380954,-0.2655,0.9255,0.0928,0.967
25.467005232,-0.2818,0.9438,0.0766,0.988
25.468542847,-0.2965,0.9572,0.0483,1.003
25.47161454,-0.3225,0.9732,0.0346,1.026
25.474428386,-0.3402,0.9865,0.0048,1.044
25.47616554,-0.3644,1.0081,0.0190,1.072
25.478595463,-0.4082,1.0462,0.0576,1.124
25.482368617,-0.4507,1.0799,0.0849,1.173
25.483137924,-0.4883,1.1067,0.0926,1.213
25.485332309,-0.5325,1.1395,0.1257,1.264
25.487940617,-0.5787,1.1693,0.1485,1.313
25.493829847,-0.6302,1.1959,0.1621,1.361
25.494739155,-0.6784,1.2138,0.1763,1.402
25.496718463,-0.7304,1.2274,0.1878,1.441
25.497515463,-0.7744,1.2362,0.1888,1.471
25.50339454,-0.8231,1.2431,0.1875,1.503
25.50399754,-0.8648,1.2402,0.1673,1.521
25.50498254,-0.8876,1.2231,0.1385,1.518
25.518220386,-0.9109,1.2136,0.1590,1.526
25.519003463,-0.9393,1.2050,0.1690,1.537
25.519311386,-0.9696,1.2036,0.1704,1.555
25.519580694,-0.9972,1.1971,0.1826,1.569
25.519846771,-1.0243,1.1920,0.2012,1.584
25.520122155,-1.0304,1.1735,0.2168,1.577
25.521685001,-1.0321,1.1459,0.2032,1.556
25.524031155,-1.0197,1.1165,0.1976,1.525
25.526246232,-1.0078,1.0921,0.2264,1.503
25.52927754,-0.9889,1.0569,0.1924,1.460
25.531213617,-0.9498,1.0128,0.1558,1.397
25.533663386,-0.9154,0.9788,0.1365,1.347
25.536105232,-0.8787,0.9511,0.1087,1.299
25.538590463,-0.8780,0.9443,0.1050,1.294
25.540988001,-0.8811,0.9453,0.1125,1.297
25.543228309,-0.8655,0.9348,0.0864,1.277
25.546225847,-0.8384,0.9174,0.0637,1.244
25.548750463,-0.8177,0.9148,0.0535,1.228
25.550422232,-0.8015,0.9206,0.0444,1.221
25.553452309,-0.7891,0.9331,0.0434,1.223
25.55647754,-0.7739,0.9375,0.0139,1.216
25.557801924,-0.7521,0.9448,-0.0188,1.208
25.560131155,-0.7074,0.9321,-0.0764,1.173
25.562739155,-0.6630,0.9262,-0.1358,1.147
25.565132309,-0.6293,0.9289,-0.1908,1.138
25.567900694,-0.5970,0.9399,-0.2306,1.137
25.570062232,-0.5638,0.9543,-0.2573,1.138
25.573004001,-0.5354,0.9712,-0.2580,1.139
25.574535386,-0.5164,0.9878,-0.2355,1.139
25.577319694,-0.5000,1.0042,-0.2284,1.145
25.57958154,-0.4821,1.0177,-0.2352,1.150
25.582485309,-0.4656,1.0333,-0.2609,1.163
25.584449617,-0.4560,1.0535,-0.2746,1.180
25.586916694,-0.4418,1.0660,-0.2861,1.189
25.593278771,-0.4233,1.0816,-0.2785,1.194
25.59403754,-0.4094,1.0921,-0.2555,1.194
25.594952617,-0.3935,1.1046,-0.2380,1.196
25.607019771,-0.3779,1.1188,-0.2087,1.199
25.607959694,-0.3608,1.1302,-0.1612,1.197
25.608218463,-0.3458,1.1366,-0.1344,1.196
25.608552694,-0.3261,1.1374,-0.1073,1.188
25.608742232,-0.3237,1.1437,-0.0845,1.192
25.609030847,-0.3319,1.1473,-0.0596,1.196
25.611775155,-0.3483,1.1528,-0.0379,1.205
25.616439694,-0.3733,1.1517,-0.0142,1.211
25.617297847,-0.3999,1.1437,0.0134,1.212
25.617988309,-0.4346,1.1337,0.0351,1.215
25.620536078,-0.4621,1.1227,0.0605,1.216
25.622830463,-0.4868,1.1076,0.0815,1.213
25.625784386,-0.5081,1.0921,0.0877,1.208
25.627714847,-0.5313,1.0716,0.0926,1.200
25.630683386,-0.5459,1.0469,0.1003,1.185
25.632527155,-0.5574,1.0208,0.0984,1.167
25.635615694,-0.5713,0.9993,0.0952,1.155
25.639113232,-0.5872,0.9768,0.0908,1.143
25.640177001,-0.6044,0.9539,0.0998,1.134
25.642540078,-0.6168,0.9304,0.0984,1.121
25.645314847,-0.6307,0.9067,0.0917,1.108
25.648125617,-0.6395,0.8810,0.0784,1.091
25.650062463,-0.6405,0.8598,0.0588,1.074
25.652569617,-0.6293,0.8424,0.0458,1.053
25.656015771,-0.6026,0.8192,0.0204,1.017
25.657587694,-0.5674,0.7909,-0.0102,0.973
25.659837309,-0.5303,0.7708,-0.0354,0.936
25.66207454,-0.4914,0.7589,-0.0479,0.905
25.665054847,-0.4507,0.7540,-0.0696,0.881
25.666996924,-0.4125,0.7535,-0.0132,0.859
25.669002463,-0.3879,0.7638,0.0488,0.858
25.671928694,-0.3677,0.7689,0.0558,0.854
25.673821309,-0.3442,0.7725,0.0393,0.847
25.675931386,-0.3319,0.7799,0.0246,0.848
25.678677924,-0.3351,0.7931,0.0062,0.861
25.68164254,-0.3446,0.8114,-0.0212,0.882
25.683130155,-0.3600,0.8332,-0.0542,0.909
25.685729924,-0.3884,0.8524,-0.0804,0.940
25.694129309,-0.4287,0.8728,-0.1118,0.979
25.694572694,-0.4621,0.8940,-0.1663,1.020
25.694792001,-0.4824,0.9192,-0.2526,1.068
25.695190463,-0.4981,0.9616,-0.3682,1.144
25.704095078,-0.4966,1.0281,-0.4835,1.240
25.705035694,-0.4746,1.1158,-0.5793,1.344
25.705329001,-0.4243,1.2099,-0.6672,1.445
25.705508386,-0.3463,1.3000,-0.7581,1.544
25.707089617,-0.2475,1.3755,-0.8507,1.636
25.709556078,-0.1248,1.4351,-0.9382,1.719
25.716994155,0.0230,1.4840,-1.0371,1.811
25.718078847,0.1766,1.5267,-1.1011,1.891
25.718353309,0.3403,1.5737,-1.1053,1.953
25.719662847,0.5055,1.6169,-1.0545,1.995
25.72214554,0.6384,1.6841,-0.9340,2.029
25.724245924,0.7456,1.7654,-0.7510,2.058
25.726661001,0.7915,1.8800,-0.5103,2.103
25.729763771,0.8204,1.9841,-0.2191,2.158
25.731435386,0.8470,2.0603,0.1448,2.232
25.733717617,0.8467,2.1132,0.4534,2.321
25.736497309,0.9028,2.1148,0.6584,2.392
25.738766771,0.9135,2.0965,0.8047,2.424
25.741014232,0.9734,1.9939,0.9075,2.397
25.743656694,0.9543,1.8527,0.8420,2.248
25.746469924,0.9773,1.6257,0.6918,2.019
25.748115386,1.0447,1.3545,0.5694,1.803
25.750706463,1.0332,1.0821,0.4221,1.555
25.754383078,0.9501,0.8253,0.2574,1.285
25.755666232,0.8123,0.6143,0.0813,1.022
25.758315694,0.6056,0.4838,-0.0239,0.775
25.760455078,0.4234,0.3832,-0.1090,0.581
25.762816309,0.2604,0.2940,-0.2434,0.462
25.765464001,0.0962,0.2109,-0.4127,0.473
25.767702232,-0.0481,0.1571,-0.5382,0.563
25.770965847,-0.2208,0.0972,-0.6755,0.717
25.772373924,-0.3691,0.0919,-0.7100,0.805
25.774812386,-0.5091,0.1226,-0.7190,0.889
25.777322847,-0.6361,0.2089,-0.7344,0.994
25.779861847,-0.7334,0.3138,-0.7579,1.100
25.782664078,-0.8154,0.4151,-0.7586,1.189
25.784801232,-0.8760,0.5441,-0.6848,1.238
25.791844924,-0.9510,0.6736,-0.6377,1.328
25.792687694,-0.9977,0.7877,-0.5778,1.396
25.792949847,-1.0295,0.8938,-0.5274,1.462
25.803636078,-1.0539,0.9756,-0.4575,1.507
25.805038232,-1.1311,1.0491,-0.3479,1.581
25.805635771,-1.1956,1.1610,-0.0972,1.669
25.805875771,-1.2655,1.2644,-0.0767,1.791
25.806095386,-1.3583,1.3298,-0.1216,1.905
25.806464694,-1.4651,1.3736,-0.0669,2.009
25.808917847,-1.5442,1.3758,-0.0718,2.069
25.811500694,-1.6043,1.3452,-0.0452,2.094
25.814053617,-1.6349,1.2979,-0.0081,2.087
25.815588924,-1.5923,1.2336,0.0000,2.014
25.819671694,-1.4472,1.1859,0.0021,1.871
25.820518847,-1.3034,1.1791,-0.0154,1.758
25.822840924,-1.1680,1.1625,-0.0447,1.648
25.825459155,-1.0170,1.1317,-0.0684,1.523
25.828798232,-0.8677,1.0962,-0.0880,1.401
25.830117924,-0.7221,1.0601,-0.1123,1.288
25.832984309,-0.5860,1.0254,-0.1449,1.190
25.835266463,-0.4619,0.9934,-0.1707,1.109
25.837960617,-0.3419,0.9590,-0.2175,1.041
25.839948694,-0.2337,0.9311,-0.2333,0.988
25.842298232,-0.1438,0.9113,-0.2228,0.949
25.846050155,-0.0693,0.9003,-0.2411,0.935
25.847270463,0.0042,0.8864,-0.2812,0.930
25.850583155,0.0745,0.8744,-0.3335,0.939
25.852129847,0.1465,0.8676,-0.3880,0.962
25.854972001,0.2152,0.8703,-0.4221,0.991
25.856820617,0.2746,0.8808,-0.4421,1.023
25.859621001,0.3284,0.8935,-0.4505,1.053
25.861644386,0.3628,0.9225,-0.4381,1.084
25.86396954,0.3885,0.9592,-0.4178,1.116
25.866916386,0.4043,0.9993,-0.3975,1.149
25.870317001,0.4107,1.0386,-0.3682,1.176
25.871382463,0.4051,1.0748,-0.3410,1.198
25.874391771,0.3887,1.1095,-0.3219,1.219
25.876403155,0.3657,1.1361,-0.3046,1.232
25.879203078,0.3454,1.1466,-0.3019,1.235
25.881069847,0.3147,1.1414,-0.3088,1.224
25.883342232,0.2753,1.1298,-0.3161,1.205
25.886477617,0.2215,1.1183,-0.3256,1.186
25.888063463,0.1619,1.1032,-0.3352,1.164
25.89072154,0.1024,1.0826,-0.3469,1.141
25.893049617,0.0364,1.0626,-0.3577,1.122
25.899907694,-0.0268,1.0418,-0.3655,1.104
25.900780001,-0.0913,1.0230,-0.3671,1.091
25.901012924,-0.1516,1.0044,-0.3635,1.079
25.915119694,-0.2098,0.9914,-0.3577,1.075
25.916181924,-0.2652,0.9797,-0.3506,1.074
25.916410463,-0.3192,0.9721,-0.3369,1.077
25.916588694,-0.3681,0.9665,-0.3244,1.084
25.916944386,-0.4138,0.9611,-0.3159,1.093
25.917189924,-0.4532,0.9602,-0.3017,1.104
25.917565232,-0.4863,0.9560,-0.2883,1.111
25.925274463,-0.5128,0.9514,-0.2783,1.116
25.925728386,-0.5364,0.9553,-0.2690,1.128
25.926028078,-0.5508,0.9541,-0.2629,1.133
25.927384694,-0.5633,0.9543,-0.2553,1.137
25.92892654,-0.5596,0.9551,-0.2492,1.135
25.931574847,-0.5469,0.9567,-0.2443,1.129
25.933967078,-0.5301,0.9660,-0.2416,1.128
25.936606232,-0.5000,0.9760,-0.2426,1.123
25.938713617,-0.4676,0.9807,-0.2389,1.112
25.941656386,-0.4233,0.9895,-0.2364,1.102
25.944382847,-0.3776,0.9946,-0.2336,1.089
25.946063771,-0.3302,0.9968,-0.2385,1.077
25.949634155,-0.2792,0.9995,-0.2467,1.067
25.951147463,-0.2266,0.9968,-0.2560,1.054
25.953637001,-0.1776,0.9979,-0.2688,1.049
25.955845001,-0.1294,0.9981,-0.2809,1.045
25.958322771,-0.0869,0.9942,-0.2914,1.040
25.960693924,-0.0530,0.9963,-0.3049,1.043
25.962975771,-0.0265,0.9949,-0.3168,1.044
25.966187771,-0.0036,0.9963,-0.3284,1.049
25.968927694,0.0112,0.9917,-0.3364,1.047
25.970034463,0.0210,0.9893,-0.3430,1.047
25.972513848,0.0261,0.9895,-0.3445,1.048
25.975081232,0.0268,0.9874,-0.3408,1.045
25.97745854,0.0274,0.9856,-0.3347,1.041
25.980016617,0.0249,0.9825,-0.3244,1.035
25.982364001,0.0235,0.9814,-0.3132,1.030
25.984739078,0.0212,0.9785,-0.3002,1.024
25.991113232,0.0161,0.9719,-0.2895,1.014
25.991813617,0.0114,0.9690,-0.2788,1.008
26.001438771,0.0058,0.9648,-0.2739,1.003
26.001961848,0.0002,0.9602,-0.2695,0.997
26.002142848,-0.0034,0.9551,-0.2709,0.993
26.002489001,-0.0067,0.9502,-0.2751,0.989
26.002685617,-0.0109,0.9487,-0.2729,0.987
26.004345309,-0.0190,0.9443,-0.2734,0.983
26.007994155,-0.0248,0.9390,-0.2714,0.978
26.008740924,-0.0285,0.9343,-0.2695,0.973
26.013375694,-0.0272,0.9301,-0.2678,0.968
26.014262155,-0.0329,0.9292,-0.2643,0.967
26.015920617,-0.0341,0.9255,-0.2636,0.963
26.018236309,-0.0393,0.9250,-0.2683,0.964
26.020660001,-0.0388,0.9264,-0.2697,0.966
26.023474155,-0.0446,0.9231,-0.2723,0.963
26.026753848,-0.0432,0.9208,-0.2821,0.964
26.027890155,-0.0444,0.9216,-0.2925,0.968
26.030415155,-0.0439,0.9225,-0.3005,0.971
26.032811694,-0.0456,0.9238,-0.3063,0.974
26.035432001,-0.0451,0.9213,-0.3139,0.974
26.037726463,-0.0442,0.9238,-0.3203,0.979
26.040193309,-0.0393,0.9277,-0.3210,0.982
26.043159078,-0.0324,0.9301,-0.3212,0.985
26.044929617,-0.0283,0.9306,-0.3184,0.984
26.047392386,-0.0185,0.9316,-0.3163,0.984
26.050337001,-0.0118,0.9343,-0.3115,0.985
26.052151771,-0.0006,0.9343,-0.3000,0.981
26.054738155,0.0030,0.9336,-0.2890,0.977
26.056900309,0.0061,0.9333,-0.2785,0.974
26.059400309,0.0132,0.9341,-0.2736,0.973
26.061855078,0.0122,0.9365,-0.2763,0.977
26.064559463,0.0119,0.9369,-0.2824,0.979
26.06667454,0.0095,0.9350,-0.2939,0.980
26.069073924,0.0051,0.9329,-0.3058,0.982
26.071514232,0.0014,0.9338,-0.3179,0.986
26.074464309,-0.0050,0.9326,-0.3264,0.988
26.077110771,-0.0078,0.9294,-0.3330,0.987
26.078629617,-0.0170,0.9282,-0.3381,0.988
26.081230155,-0.0246,0.9274,-0.3371,0.987
26.084439155,-0.0337,0.9241,-0.3320,0.982
26.085746232,-0.0397,0.9241,-0.3247,0.980
26.088480001,-0.0434,0.9184,-0.3196,0.973
26.090703463,-0.0381,0.9169,-0.3056,0.967
26.096958232,-0.0304,0.9106,-0.2839,0.954
26.098074155,-0.0285,0.9075,-0.2646,0.946
26.098707771,-0.0314,0.9096,-0.2511,0.944
26.111962463,-0.0321,0.9103,-0.2443,0.943
26.112576078,-0.0365,0.9187,-0.2418,0.951
26.112787386,-0.0444,0.9294,-0.2429,0.962
26.113320001,-0.0488,0.9421,-0.2490,0.976
26.113635771,-0.0558,0.9570,-0.2595,0.993
26.114001001,-0.0619,0.9695,-0.2688,1.008
26.115763771,-0.0639,0.9773,-0.2804,1.019
26.122944694,-0.0632,0.9830,-0.2961,1.029
26.123567694,-0.0598,0.9861,-0.3056,1.034
26.123951155,-0.0539,0.9849,-0.3215,1.037
26.125278463,-0.0498,0.9819,-0.3335,1.038
26.126902155,-0.0409,0.9776,-0.3413,1.036
26.129100078,-0.0324,0.9729,-0.3513,1.035
26.132116617,-0.0285,0.9651,-0.3623,1.031
26.134167771,-0.0285,0.9609,-0.3701,1.030
26.136467463,-0.0236,0.9555,-0.3733,1.026
26.138837232,-0.0223,0.9506,-0.3724,1.021
26.142533924,-0.0173,0.9470,-0.3684,1.016
26.14381854,-0.0158,0.9462,-0.3638,1.014
26.146349309,-0.0180,0.9434,-0.3562,1.009
26.148700617,-0.0178,0.9409,-0.3574,1.007
26.151090771,-0.0227,0.9409,-0.3550,1.006
26.153518771,-0.0253,0.9434,-0.3540,1.008
26.156076694,-0.0312,0.9399,-0.3533,1.005
26.159164694,-0.0344,0.9406,-0.3603,1.008
26.160859694,-0.0453,0.9394,-0.3618,1.008
26.163139694,-0.0607,0.9406,-0.3628,1.010
26.168111155,-0.0732,0.9382,-0.3615,1.008
26.16934154,-0.0869,0.9372,-0.3601,1.008
26.170686848,-0.0966,0.9409,-0.3550,1.010
26.173503694,-0.1084,0.9424,-0.3531,1.012
26.176445617,-0.1223,0.9455,-0.3547,1.017
26.178033924,-0.1329,0.9541,-0.3525,1.026
26.179988309,-0.1406,0.9588,-0.3462,1.029
26.183699386,-0.1536,0.9668,-0.3369,1.035
26.184685309,-0.1607,0.9721,-0.3330,1.040
26.187220078,-0.1725,0.9800,-0.3303,1.048
26.189969232,-0.1837,0.9827,-0.3240,1.051
26.195572694,-0.1949,0.9849,-0.3156,1.052
26.196300617,-0.2086,0.9888,-0.3035,1.055
26.197218463,-0.2205,0.9919,-0.2881,1.056
26.201546232,-0.2349,0.9924,-0.2680,1.054
26.201940617,-0.2438,0.9923,-0.2514,1.052
26.203915155,-0.2496,0.9914,-0.2438,1.051
26.206512386,-0.2526,0.9900,-0.2413,1.050
26.218621848,-0.2506,0.9832,-0.2397,1.043
26.219322232,-0.2491,0.9788,-0.2413,1.038
26.219523694,-0.2452,0.9776,-0.2443,1.037
26.219706463,-0.2322,0.9675,-0.2392,1.023
26.219874848,-0.2196,0.9609,-0.2380,1.014
26.221092386,-0.2066,0.9576,-0.2406,1.009
26.223453924,-0.1930,0.9527,-0.2490,1.003
26.225696001,-0.1776,0.9509,-0.2573,1.001
26.228153309,-0.1614,0.9458,-0.2676,0.996
26.230747771,-0.1502,0.9458,-0.2797,0.998
26.233227771,-0.1369,0.9485,-0.2927,1.002
26.235331463,-0.1167,0.9460,-0.3005,0.999
26.237685232,-0.0984,0.9492,-0.3044,1.002
26.241539155,-0.0866,0.9499,-0.3070,1.002
26.242451463,-0.0719,0.9523,-0.3058,1.003
26.245272386,-0.0615,0.9553,-0.3068,1.005
26.247562771,-0.0519,0.9616,-0.3083,1.011
26.250079771,-0.0458,0.9623,-0.3037,1.010
26.252652078,-0.0437,0.9700,-0.3042,1.018
26.254699694,-0.0405,0.9707,-0.3083,1.019
26.257457617,-0.0419,0.9746,-0.3083,1.023
26.259434463,-0.0502,0.9739,-0.3098,1.023
26.261815386,-0.0539,0.9729,-0.3119,1.023
26.264453001,-0.0607,0.9712,-0.3127,1.022
26.266811078,-0.0698,0.9716,-0.3139,1.023
26.269008001,-0.0779,0.9678,-0.3130,1.020
26.271757309,-0.0866,0.9599,-0.3127,1.013
26.274409848,-0.0973,0.9590,-0.3100,1.013
26.276446771,-0.1113,0.9565,-0.3142,1.013
26.278677309,-0.1262,0.9534,-0.3166,1.012
26.281269924,-0.1450,0.9565,-0.3117,1.016
26.283454771,-0.1665,0.9609,-0.3051,1.022
26.286124001,-0.1900,0.9685,-0.3037,1.033
26.288595463,-0.2086,0.9773,-0.2976,1.043
26.295248386,-0.2317,0.9874,-0.2895,1.055
26.296304309,-0.2479,0.9914,-0.2792,1.059
26.296748386,-0.2615,0.9951,-0.2646,1.062
26.30650254,-0.2748,0.9942,-0.2560,1.063
26.307208617,-0.2843,0.9917,-0.2467,1.061
26.307437309,-0.2906,0.9832,-0.2448,1.054
26.307566232,-0.2941,0.9707,-0.2469,1.044
26.310509001,-0.2999,0.9668,-0.2485,1.042
26.310873001,-0.3080,0.9602,-0.2516,1.039
26.312501232,-0.3146,0.9572,-0.2499,1.038
26.318967155,-0.3134,0.9578,-0.2475,1.038
26.319355386,-0.3136,0.9578,-0.2469,1.038
26.319780001,-0.3153,0.9616,-0.2534,1.043
26.322924924,-0.3109,0.9585,-0.2590,1.040
26.324440309,-0.3046,0.9616,-0.2616,1.042
26.326806463,-0.2972,0.9675,-0.2611,1.045
26.32943354,-0.2902,0.9697,-0.2599,1.045
26.331967386,-0.2818,0.9734,-0.2509,1.044
26.334184309,-0.2684,0.9768,-0.2436,1.042
26.336712617,-0.2545,0.9865,-0.2389,1.046
26.340448386,-0.2491,0.9946,-0.2316,1.051
26.341625924,-0.2379,1.0086,-0.2260,1.061
26.34460554,-0.2266,1.0181,-0.2171,1.065
26.347028617,-0.2149,1.0310,-0.2079,1.073
26.349906848,-0.2074,1.0459,-0.1952,1.084
26.353666771,-0.2014,1.0606,-0.1824,1.095
26.354153001,-0.1988,1.0780,-0.1752,1.110
26.356708386,-0.1986,1.0946,-0.1619,1.124
26.358671463,-0.1993,1.1163,-0.1581,1.145
26.360752001,-0.1981,1.1449,-0.1570,1.172
26.363377617,-0.2032,1.1686,-0.1588,1.197
26.365588386,-0.2056,1.1982,-0.1703,1.228
26.368808309,-0.2059,1.2236,-0.1833,1.254
26.370654232,-0.2049,1.2504,-0.1998,1.283
26.372759463,-0.2007,1.2739,-0.2118,1.307
26.375654848,-0.1963,1.2988,-0.2236,1.332
26.377817617,-0.1890,1.3296,-0.2280,1.362
26.380845309,-0.1816,1.3669,-0.2267,1.397
26.386623463,-0.1721,1.4021,-0.2087,1.428
26.387512617,-0.1592,1.4383,-0.1871,1.459
26.387782463,-0.1450,1.4686,-0.1583,1.484
26.397086463,-0.1285,1.4967,-0.1314,1.508
26.397903155,-0.1115,1.5192,-0.1118,1.527
26.398168309,-0.0938,1.5402,-0.0985,1.546
26.398927155,-0.0779,1.5551,-0.0894,1.560
26.399297309,-0.0637,1.5688,-0.0877,1.573
26.402840617,-0.0556,1.5770,-0.0911,1.581
26.404241232,-0.0488,1.5825,-0.0920,1.586
26.409291771,-0.0381,1.5923,-0.0806,1.595
26.409991078,-0.0372,1.6001,-0.0533,1.601
26.411587694,-0.0405,1.6024,-0.0200,1.603
26.414047155,-0.0407,1.6037,0.0192,1.604
26.416097617,-0.0424,1.5996,0.0544,1.601
26.418516001,-0.0458,1.5908,0.0798,1.593
26.421108617,-0.0512,1.5798,0.1177,1.585
26.423424924,-0.0598,1.5668,0.1551,1.576
26.426124309,-0.0647,1.5519,0.1807,1.564
26.428597001,-0.0852,1.5329,0.1973,1.548
26.430972924,-0.1135,1.5085,0.2105,1.527
26.433051386,-0.1157,1.4828,0.1973,1.500
26.435692386,-0.1262,1.4496,0.1632,1.464
26.438259386,-0.1448,1.4093,0.1236,1.422
26.440783771,-0.1602,1.3618,0.0675,1.373
26.442826232,-0.1441,1.3169,0.0021,1.325
26.445523771,-0.1272,1.2641,-0.0615,1.272
26.447753924,-0.1111,1.2187,-0.1304,1.231
26.45011454,-0.0920,1.1715,-0.2001,1.192
26.452656001,-0.0663,1.1307,-0.2736,1.165
26.456114771,-0.0400,1.0997,-0.3315,1.149
26.457262848,-0.0106,1.0755,-0.3825,1.142
26.460282232,0.0114,1.0604,-0.4395,1.148
26.463239078,0.0210,1.0482,-0.4938,1.159
26.465525924,0.0237,1.0408,-0.5334,1.170
26.466987155,0.0235,1.0361,-0.5663,1.181
26.470175078,0.0200,1.0354,-0.5778,1.186
26.472798155,0.0066,1.0376,-0.5518,1.175
26.474192309,-0.0072,1.0406,-0.5167,1.162
26.476547155,-0.0285,1.0482,-0.4886,1.157
26.479134155,-0.0593,1.0547,-0.4710,1.157
26.481510463,-0.1026,1.0615,-0.4632,1.163
26.484174848,-0.1553,1.0708,-0.4642,1.177
26.486475155,-0.2200,1.0826,-0.4840,1.206
26.491746463,-0.2909,1.0916,-0.5189,1.243
26.492394463,-0.3668,1.1041,-0.5616,1.292
26.493808078,-0.4455,1.1160,-0.5865,1.337
26.497568309,-0.5181,1.1195,-0.5907,1.368
26.502415771,-0.5919,1.1214,-0.5781,1.394
26.503101309,-0.6657,1.1265,-0.5560,1.422
26.503956078,-0.7411,1.1302,-0.5336,1.453
26.516168386,-0.8145,1.1349,-0.5069,1.486
26.517077232,-0.8848,1.1386,-0.4745,1.518
26.517762771,-0.9466,1.1439,-0.4346,1.547
26.518107463,-1.0013,1.1505,-0.3867,1.574
26.518445001,-1.0453,1.1584,-0.3296,1.595
26.519023078,-1.0896,1.1615,-0.2690,1.615
26.520185309,-1.1157,1.1637,-0.2167,1.627
26.522517848,-1.1380,1.1612,-0.1632,1.634
26.524732694,-1.1578,1.1493,-0.1136,1.635
26.527637924,-1.1765,1.1363,-0.0631,1.637
26.530233001,-1.2090,1.1146,-0.0144,1.644
26.531960001,-1.2515,1.1002,0.0270,1.667
26.53449754,-1.2934,1.0887,0.0512,1.691
26.536956386,-1.3332,1.0755,0.0556,1.714
26.539180001,-1.3610,1.0697,0.0466,1.732
26.542432924,-1.3698,1.0618,0.0072,1.733
26.544344617,-1.3595,1.0545,-0.0377,1.721
26.546605848,-1.3351,1.0469,-0.0855,1.699
26.548803694,-1.3060,1.0469,-0.1195,1.678
26.551644617,-1.2748,1.0552,-0.1336,1.660
26.553852078,-1.2459,1.0685,-0.1211,1.646
26.55622954,-1.2112,1.0823,-0.0818,1.626
26.558606155,-1.1736,1.0965,-0.0293,1.606
26.561591463,-1.1418,1.1080,0.0229,1.591
26.563896924,-1.1138,1.1178,0.0619,1.579
26.565731463,-1.0868,1.1202,0.0869,1.563
26.568481309,-1.0610,1.1168,0.0930,1.543
26.571354232,-1.0321,1.1085,0.0964,1.518
26.573669309,-0.9999,1.0941,0.0874,1.485
26.57565454,-0.9713,1.0755,0.0754,1.451
26.577936001,-0.9400,1.0526,0.0610,1.413
26.580157617,-0.9032,1.0286,0.0466,1.370
26.583398848,-0.8685,1.0037,0.0285,1.328
26.585593001,-0.8226,0.9646,0.0087,1.268
26.59296654,-0.7819,0.9311,-0.0166,1.216
26.593620617,-0.7397,0.9013,-0.0340,1.166
26.594155155,-0.7048,0.8761,-0.0342,1.125
26.596114155,-0.6726,0.8498,-0.0305,1.084
26.602874463,-0.6412,0.8314,-0.0319,1.050
26.603358155,-0.6176,0.8116,-0.0435,1.021
26.603832078,-0.5972,0.7946,-0.0571,0.996
26.604726771,-0.5741,0.7782,-0.0731,0.970
26.607595463,-0.5562,0.7564,-0.0926,0.943
26.610200001,-0.5384,0.7393,-0.1055,0.921
26.612265309,-0.5135,0.7252,-0.1151,0.896
26.614936309,-0.4907,0.7100,-0.1253,0.872
26.616202232,-0.4539,0.6961,-0.1221,0.840
26.61883354,-0.4504,0.6895,-0.1300,0.834
26.621436001,-0.4355,0.6790,-0.1229,0.816
26.623922771,-0.4331,0.6741,-0.1082,0.808
26.626135078,-0.4378,0.6756,-0.1058,0.812
26.629058771,-0.4504,0.6776,-0.1102,0.821
26.631644617,-0.4619,0.6825,-0.0975,0.830
26.633697001,-0.4702,0.6807,-0.0838,0.832
26.635946463,-0.4778,0.6807,-0.0574,0.834
26.638183771,-0.4826,0.6783,-0.0286,0.833
26.640422232,-0.4959,0.6746,-0.0105,0.837
26.643175078,-0.5105,0.6692,-0.0024,0.842
26.646216924,-0.5279,0.6660,-0.0030,0.850
26.647702463,-0.5501,0.6678,-0.0051,0.865
26.65048254,-0.5672,0.6687,0.0029,0.877
26.653515386,-0.5902,0.6670,0.0143,0.891
26.655014155,-0.6041,0.6690,0.0085,0.901
26.657574155,-0.6165,0.6756,0.0043,0.915
26.659991694,-0.6239,0.6819,-0.0017,0.924
26.662834232,-0.6246,0.6821,-0.0110,0.925
26.665458771,-0.6324,0.6770,-0.0222,0.927
26.668185924,-0.6283,0.6785,-0.0019,0.925
26.670358232,-0.6217,0.6816,0.0265,0.923
26.672056309,-0.6156,0.6814,0.0365,0.919
26.674453232,-0.6081,0.6839,0.0397,0.916
26.67686154,-0.5990,0.6800,0.0591,0.908
26.679493924,-0.5958,0.6767,0.0901,0.906
26.681989309,-0.5927,0.6724,0.1113,0.903
26.684035694,-0.5890,0.6719,0.1152,0.901
26.691435386,-0.5911,0.6578,0.1204,0.893
26.692112617,-0.5936,0.6492,0.1148,0.887
26.692615771,-0.6072,0.6509,0.1052,0.896
26.694261309,-0.6251,0.6555,0.1091,0.912
26.703245001,-0.6335,0.6490,0.1091,0.913
26.704442155,-0.6412,0.6189,0.1013,0.897
26.704693232,-0.6459,0.5969,0.0852,0.884
26.705128924,-0.6589,0.5896,0.0551,0.886
26.705592924,-0.6726,0.5879,0.0214,0.894
26.708039386,-0.6887,0.5898,-0.0088,0.907
26.711280617,-0.7008,0.5881,-0.0315,0.915
26.714411463,-0.7050,0.5949,-0.0403,0.923
26.715373848,-0.7120,0.6038,-0.0408,0.934
26.718276309,-0.7223,0.6133,-0.0354,0.948
26.720286848,-0.7250,0.6259,-0.0203,0.958
26.722543771,-0.7287,0.6404,-0.0007,0.970
26.724962771,-0.7460,0.6614,0.0183,0.997
26.727455155,-0.7414,0.6709,0.0405,1.001
26.729668001,-0.7385,0.6751,0.0574,1.002
26.732114463,-0.7358,0.6780,0.0786,1.004
26.734883155,-0.7327,0.6809,0.1055,1.006
26.737024001,-0.7314,0.6776,0.1241,1.005
26.740384694,-0.7246,0.6707,0.1429,0.998
26.74204654,-0.7133,0.6538,0.1567,0.980
26.744644078,-0.7024,0.6333,0.1680,0.960
26.746537001,-0.6877,0.6118,0.1673,0.936
26.749449617,-0.6713,0.5852,0.1485,0.903
26.751501309,-0.6640,0.5576,0.1316,0.877
26.753992694,-0.6530,0.5248,0.1155,0.846
26.756254155,-0.6375,0.4911,0.1033,0.811
26.759340309,-0.6217,0.4608,0.0871,0.779
26.761628078,-0.6053,0.4335,0.0684,0.748
26.763487694,-0.5907,0.4032,0.0525,0.717
26.76610254,-0.5797,0.3797,0.0314,0.694
26.769964078,-0.5706,0.3638,0.0070,0.677
26.770977001,-0.5669,0.3501,-0.0083,0.666
26.773789848,-0.5623,0.3460,-0.0134,0.660
26.775800386,-0.5499,0.3411,-0.0122,0.647
26.780021232,-0.5391,0.3384,-0.0056,0.637
26.780840617,-0.5247,0.3408,0.0099,0.626
26.783209848,-0.5147,0.3485,0.0216,0.622
26.789569848,-0.5015,0.3506,0.0246,0.612
26.79042254,-0.4888,0.3533,0.0095,0.603
26.791047463,-0.4700,0.3533,-0.0093,0.588
26.79292654,-0.4451,0.3529,-0.0263,0.569
26.799955078,-0.4238,0.3557,-0.0428,0.555
26.800687386,-0.4111,0.3634,-0.0486,0.551
26.801037617,-0.3945,0.3702,-0.0550,0.544
26.813526232,-0.3784,0.3778,-0.0628,0.538
26.814529617,-0.3656,0.3751,-0.0718,0.529
26.814996924,-0.3449,0.3739,-0.0764,0.514
26.815452386,-0.3300,0.3758,-0.0787,0.506
26.815873232,-0.3165,0.3780,-0.0815,0.500
26.816265924,-0.3034,0.3814,-0.0771,0.493
26.816666232,-0.2931,0.3811,-0.0701,0.486
26.819028001,-0.2841,0.3839,-0.0726,0.483
26.821266848,-0.2777,0.3900,-0.0759,0.485
26.824236078,-0.2801,0.3929,-0.0904,0.491
26.826532001,-0.2789,0.3902,-0.0899,0.488
26.828545232,-0.2826,0.3892,-0.0957,0.490
26.831020694,-0.2882,0.3853,-0.1062,0.493
26.833394155,-0.2938,0.3827,-0.1087,0.495
26.835971155,-0.3043,0.3863,-0.1116,0.504
26.838182155,-0.3134,0.3836,-0.1158,0.509
26.840862848,-0.3241,0.3834,-0.1202,0.516
26.843715771,-0.3334,0.3867,-0.1351,0.528
26.845535771,-0.3414,0.3799,-0.1373,0.529
26.847889001,-0.3473,0.3765,-0.1521,0.534
26.850625309,-0.3527,0.3755,-0.1595,0.539
26.853486771,-0.3576,0.3662,-0.1570,0.535
26.855131155,-0.3698,0.3658,-0.1598,0.544
26.857690463,-0.3801,0.3687,-0.1630,0.554
26.860941001,-0.3845,0.3736,-0.1573,0.559
26.863260001,-0.3940,0.3856,-0.1497,0.571
26.865100309,-0.4024,0.3972,-0.1502,0.585
26.868796617,-0.4082,0.4078,-0.1470,0.595
26.869927155,-0.4089,0.4174,-0.1526,0.604
26.872424078,-0.4118,0.4239,-0.1512,0.610
26.875992617,-0.4164,0.4261,-0.1353,0.611
26.878253848,-0.4236,0.4317,-0.1092,0.615
26.879968386,-0.4309,0.4300,-0.0843,0.615
26.881829232,-0.4353,0.4284,-0.0764,0.615
26.884167771,-0.4427,0.4249,-0.0726,0.618
26.886451463,-0.4478,0.4195,-0.0677,0.617
26.888915463,-0.4629,0.4154,-0.0806,0.627
26.89164954,-0.4741,0.4142,-0.0943,0.637
26.898719386,-0.4849,0.4144,-0.1004,0.646
26.899430771,-0.4983,0.4142,-0.0975,0.655
26.899728001,-0.5145,0.4242,-0.0989,0.674
26.910702155,-0.5362,0.4359,-0.0960,0.698
26.911912617,-0.5611,0.4508,-0.0994,0.727
26.912322848,-0.5818,0.4718,-0.0985,0.756
26.912803694,-0.6034,0.4920,-0.1001,0.785
26.913300924,-0.6225,0.5148,-0.1004,0.814
26.913674848,-0.6439,0.5434,-0.1090,0.850
26.916139078,-0.6620,0.5703,-0.1185,0.882
26.923960924,-0.6752,0.5971,-0.1312,0.911
26.92458654,-0.6874,0.6240,-0.1444,0.940
26.924863078,-0.6967,0.6485,-0.1521,0.964
26.92532154,-0.6994,0.6727,-0.1663,0.985
26.927563463,-0.7011,0.6905,-0.1812,1.001
26.930094463,-0.7013,0.7061,-0.1942,1.014
26.934737232,-0.7038,0.7154,-0.2010,1.023
26.935481309,-0.7001,0.7235,-0.2094,1.028
26.938000694,-0.6964,0.7203,-0.2126,1.024
26.939837617,-0.6931,0.7188,-0.2189,1.022
26.943904309,-0.6911,0.7139,-0.2240,1.019
26.944955771,-0.6943,0.7079,-0.2271,1.017
26.946949617,-0.6987,0.7027,-0.2306,1.017
26.949336386,-0.7031,0.6951,-0.2348,1.016
26.951689309,-0.7050,0.6812,-0.2360,1.008
26.954053309,-0.6962,0.6618,-0.2392,0.990
26.956812924,-0.6940,0.6399,-0.2453,0.975
26.959756001,-0.6959,0.6299,-0.2511,0.972
26.961342232,-0.6952,0.6159,-0.2480,0.961
26.963759155,-0.6911,0.6001,-0.2387,0.946
26.966220309,-0.6828,0.5866,-0.2308,0.929
26.969603694,-0.6720,0.5688,-0.2245,0.909
26.971097309,-0.6637,0.5576,-0.2245,0.895
26.974192386,-0.6517,0.5429,-0.2296,0.879
26.975988924,-0.6486,0.5385,-0.2262,0.873
26.978266155,-0.6486,0.5383,-0.2345,0.875
26.980676924,-0.6505,0.5388,-0.2399,0.878
26.984693001,-0.6528,0.5388,-0.2448,0.881
26.986197001,-0.6544,0.5495,-0.2460,0.889
26.987897617,-0.6430,0.5679,-0.2465,0.893
26.99057454,-0.6373,0.5805,-0.2521,0.898
26.997622463,-0.6332,0.5996,-0.2518,0.908
26.998525232,-0.6305,0.6196,-0.2490,0.918
26.998890771,-0.6254,0.6387,-0.2448,0.927
27.010978771,-0.6205,0.6480,-0.2541,0.932
27.01225854,-0.6319,0.6680,-0.2716,0.959
27.012462771,-0.6405,0.6860,-0.2785,0.979
27.012651771,-0.6488,0.6975,-0.2844,0.994
27.013040694,-0.6574,0.7021,-0.2797,1.002
27.013305924,-0.6691,0.7156,-0.2783,1.018
27.014532078,-0.6762,0.7207,-0.2772,1.026
27.021743078,-0.6796,0.7217,-0.2678,1.027
27.022602463,-0.6822,0.7217,-0.2550,1.025
27.023192078,-0.6733,0.7142,-0.2409,1.011
27.025233617,-0.6825,0.7340,-0.2367,1.030
27.026481617,-0.6810,0.7330,-0.2306,1.027
27.029279771,-0.6701,0.7291,-0.2120,1.013
27.03127454,-0.6568,0.7193,-0.1940,0.993
27.033733232,-0.6354,0.7063,-0.1886,0.969
27.036059771,-0.6144,0.6932,-0.1808,0.944
27.039171463,-0.5997,0.6902,-0.1859,0.933
27.041873617,-0.5785,0.6812,-0.1774,0.911
27.04317854,-0.5513,0.6692,-0.1688,0.883
27.045815386,-0.5257,0.6550,-0.1654,0.856
27.04823054,-0.5056,0.6450,-0.1617,0.835
27.050892078,-0.4807,0.6355,-0.1595,0.813
27.053311078,-0.4529,0.6215,-0.1605,0.786
27.056061309,-0.4292,0.6091,-0.1579,0.762
27.058574155,-0.4028,0.5984,-0.1524,0.737
27.060096078,-0.3759,0.5861,-0.1351,0.709
27.063112309,-0.3500,0.5775,-0.1116,0.684
27.065228617,-0.3148,0.5886,-0.1376,0.681
27.068138771,-0.2518,0.6343,-0.2218,0.718
27.070097001,-0.1688,0.7207,-0.2050,0.768
27.073134848,-0.1128,0.8542,-0.1881,0.882
27.074982232,-0.1008,1.0575,-0.3345,1.114
27.077032386,-0.1318,1.3511,-0.6531,1.506
27.079678232,-0.2557,1.8719,-1.3078,2.298
27.084100386,-0.4683,2.6694,-2.1323,3.448
27.085485309,-0.6801,3.5443,-2.4888,4.384
27.086691386,-0.6386,4.0161,-2.3410,4.692
27.08911754,-0.3365,3.9019,-2.1483,4.467
27.09609054,-0.0476,3.4539,-1.7803,3.886
27.096839155,0.0249,2.9475,-1.3154,3.228
27.09726254,-0.1145,2.4901,-0.8302,2.627
27.098562463,-0.3747,2.1129,-0.2939,2.166
27.107446771,-0.6088,1.8302,0.2631,1.947
27.108810155,-0.8103,1.6352,0.7705,1.981
27.109045232,-0.9750,1.5018,1.1534,2.130
27.109476309,-1.0822,1.4046,1.3663,2.239
27.111360078,-1.1211,1.3247,1.4287,2.248
27.113337309,-1.0966,1.2416,1.3676,2.148
27.118406848,-1.0243,1.1468,1.2305,1.969
27.119142155,-0.9081,1.0391,1.0087,1.709
27.120344617,-0.7802,0.9124,0.6931,1.386
27.122894848,-0.6337,0.7965,0.4028,1.095
27.12510654,-0.5091,0.6934,0.1629,0.875
27.127495463,-0.4040,0.6028,-0.0261,0.726
27.130729232,-0.2750,0.4740,-0.2006,0.584
27.132876078,-0.1660,0.3729,-0.2988,0.506
27.134858232,-0.0586,0.2798,-0.3853,0.480
27.137329001,0.0459,0.1899,-0.4691,0.508
27.140965001,0.1349,0.0972,-0.5250,0.551
27.142084386,0.2099,0.0213,-0.5578,0.596
27.144498848,0.2785,-0.0590,-0.5979,0.662
27.146953617,0.3352,-0.1587,-0.6685,0.764
27.15009354,0.3833,-0.2459,-0.6636,0.805
27.151747155,0.3806,-0.2691,-0.6103,0.768
27.155103694,0.3515,-0.2435,-0.5551,0.701
27.156601848,0.2709,-0.1682,-0.5138,0.605
27.159318463,0.1349,-0.0707,-0.4826,0.506
27.161371694,-0.0055,0.0198,-0.4539,0.454
27.164304386,-0.1357,0.1129,-0.4290,0.464
27.16645754,-0.2442,0.1964,-0.3948,0.504
27.168817924,-0.3449,0.2768,-0.3692,0.576
27.171100617,-0.4370,0.3572,-0.3371,0.657
27.174679078,-0.5259,0.4393,-0.3026,0.749
27.176023694,-0.6070,0.5236,-0.2809,0.849
27.17836954,-0.6855,0.6157,-0.2763,0.962
27.182010232,-0.7605,0.7091,-0.2748,1.075
27.183159694,-0.8210,0.8087,-0.2663,1.183
27.185608617,-0.8729,0.9067,-0.2480,1.283
27.188336309,-0.9344,1.0191,-0.2280,1.401
27.194123155,-0.9838,1.1424,-0.2062,1.522
27.195088001,-1.0295,1.2665,-0.2096,1.646
27.19551354,-1.0602,1.3902,-0.2352,1.764
27.209777001,-1.0908,1.5194,-0.2711,1.890
27.210474771,-1.1255,1.6557,-0.2807,2.022
27.210885001,-1.1536,1.7913,-0.2824,2.149
27.211123155,-1.1513,1.8810,-0.2683,2.222
27.211799463,-1.1171,1.9275,-0.2287,2.240
27.212024001,-1.0602,1.9284,-0.2294,2.213
27.212198463,-0.9689,1.8712,-0.2611,2.123
27.215759155,-0.8506,1.7659,-0.3159,1.985
27.218987694,-0.7278,1.6340,-0.3699,1.827
27.219352386,-0.6239,1.5126,-0.4006,1.684
27.221813232,-0.5177,1.3875,-0.4144,1.538
27.224054771,-0.4511,1.2879,-0.4060,1.424
27.226595771,-0.3913,1.1967,-0.3787,1.315
27.22903354,-0.3239,1.0927,-0.3484,1.192
27.231441232,-0.3183,1.0474,-0.3320,1.144
27.233527694,-0.3451,1.0361,-0.3024,1.133
27.236351463,-0.3491,0.9912,-0.2760,1.087
27.239736617,-0.3576,0.9404,-0.2643,1.040
27.241043463,-0.3679,0.8896,-0.2541,0.996
27.243349848,-0.3791,0.8424,-0.2524,0.958
27.245924386,-0.3952,0.7999,-0.2631,0.930
27.248224386,-0.4125,0.7626,-0.2729,0.909
27.250506848,-0.4309,0.7308,-0.2949,0.898
27.253195078,-0.4427,0.7076,-0.3249,0.896
27.256321924,-0.4483,0.6924,-0.3501,0.896
27.257693001,-0.4526,0.6844,-0.3643,0.898
27.260544925,-0.4429,0.6878,-0.3708,0.898
27.262804001,-0.4311,0.6978,-0.3620,0.897
27.266070232,-0.4145,0.7161,-0.3476,0.897
27.267508694,-0.3959,0.7496,-0.3217,0.907
27.27143754,-0.3784,0.7853,-0.3026,0.923
27.272571078,-0.3568,0.8263,-0.2897,0.946
27.274505617,-0.3381,0.8693,-0.2839,0.975
27.276884078,-0.3234,0.9120,-0.2795,1.007
27.279422463,-0.3283,0.9521,-0.2827,1.046
27.28184554,-0.3330,0.9926,-0.2853,1.085
27.284176309,-0.3324,1.0301,-0.2951,1.122
27.287226463,-0.3574,1.0643,-0.3012,1.162
27.290790155,-0.3901,1.0897,-0.3063,1.197
27.291382848,-0.4108,1.1134,-0.3088,1.226
27.294031694,-0.4429,1.1295,-0.2978,1.249
27.299769848,-0.4712,1.1339,-0.2870,1.261
27.300136617,-0.4954,1.1312,-0.2849,1.267
27.301060925,-0.5112,1.1232,-0.2797,1.265
27.303997001,-0.5235,1.1048,-0.2785,1.254
27.315505617,-0.5276,1.0811,-0.2790,1.235
27.316345617,-0.5328,1.0547,-0.2775,1.214
27.316758771,-0.5322,1.0326,-0.2788,1.195
27.316983078,-0.5284,1.0107,-0.2714,1.172
27.317389848,-0.5226,0.9870,-0.2641,1.148
27.318128386,-0.5140,0.9646,-0.2583,1.123
27.320538463,-0.5103,0.9509,-0.2536,1.109
27.323279155,-0.5042,0.9416,-0.2492,1.097
27.325395386,-0.4951,0.9345,-0.2431,1.085
27.328048694,-0.4819,0.9252,-0.2399,1.070
27.330390232,-0.4624,0.9199,-0.2323,1.055
27.332618463,-0.4414,0.9211,-0.2184,1.045
27.334902771,-0.4197,0.9231,-0.2091,1.035
27.339058155,-0.4008,0.9245,-0.2025,1.028
27.340063771,-0.3786,0.9304,-0.1969,1.024
27.342583694,-0.3615,0.9362,-0.1884,1.021
27.345044694,-0.3495,0.9441,-0.1903,1.025
27.347620694,-0.3219,0.9458,-0.1808,1.015
27.349429001,-0.3039,0.9499,-0.1728,1.012
27.352424925,-0.2955,0.9523,-0.1844,1.014
27.355491771,-0.2890,0.9565,-0.1949,1.018
27.356752694,-0.2782,0.9644,-0.1961,1.023
27.359199771,-0.2797,0.9702,-0.2050,1.030
27.364011078,-0.2821,0.9751,-0.2113,1.037
27.36474654,-0.2882,0.9851,-0.2020,1.046
27.366958463,-0.3011,0.9895,-0.2054,1.054
27.368819771,-0.3063,0.9932,-0.2082,1.060
27.372599463,-0.3176,0.9942,-0.2069,1.064
27.373680694,-0.3272,0.9968,-0.2131,1.071
27.37610654,-0.3361,0.9979,-0.2211,1.076
27.378549617,-0.3398,1.0030,-0.2323,1.084
27.380939155,-0.3439,0.9998,-0.2416,1.085
27.383446848,-0.3456,0.9914,-0.2482,1.079
27.386210463,-0.3446,0.9827,-0.2492,1.071
27.392422232,-0.3449,0.9763,-0.2543,1.066
27.393835078,-0.3417,0.9660,-0.2614,1.058
27.394199078,-0.3361,0.9599,-0.2623,1.050
27.395892386,-0.3281,0.9521,-0.2663,1.042
27.408553925,-0.3151,0.9462,-0.2714,1.034
27.409255155,-0.3046,0.9331,-0.2758,1.020
27.409673617,-0.2882,0.9257,-0.2783,1.009
27.409920001,-0.2718,0.9155,-0.2861,0.997
27.410155078,-0.2501,0.9064,-0.2974,0.986
27.410380386,-0.2310,0.8969,-0.3073,0.976
27.418301232,-0.2140,0.8898,-0.3144,0.968
27.418695078,-0.1956,0.8837,-0.3188,0.960
27.418850848,-0.1732,0.8779,-0.3230,0.951
27.419620386,-0.1531,0.8723,-0.3264,0.944
27.421869232,-0.1348,0.8691,-0.3289,0.939
27.424063694,-0.1157,0.8686,-0.3281,0.936
27.426804386,-0.1013,0.8700,-0.3277,0.935
27.431237925,-0.0945,0.8715,-0.3264,0.935
27.432285925,-0.0754,0.8730,-0.3230,0.934
27.434292309,-0.0651,0.8747,-0.3210,0.934
27.437530155,-0.0603,0.8766,-0.3256,0.937
27.439998463,-0.0598,0.8830,-0.3305,0.945
27.441107078,-0.0615,0.8915,-0.3435,0.957
27.445061925,-0.0649,0.8971,-0.3506,0.965
27.447072925,-0.0691,0.9020,-0.3559,0.972
27.448395694,-0.0822,0.9087,-0.3538,0.979
27.450976617,-0.0950,0.9204,-0.3501,0.989
27.454580078,-0.1062,0.9289,-0.3464,0.997
27.455596925,-0.1162,0.9390,-0.3403,1.005
27.458076078,-0.1218,0.9467,-0.3320,1.011
27.462334155,-0.1297,0.9536,-0.3261,1.016
27.462976694,-0.1333,0.9619,-0.3200,1.022
27.465266155,-0.1341,0.9623,-0.3193,1.023
27.468632694,-0.1320,0.9607,-0.3219,1.022
27.471453617,-0.1275,0.9636,-0.3252,1.025
27.472986155,-0.1248,0.9580,-0.3305,1.021
27.475484386,-0.1162,0.9521,-0.3347,1.016
27.477516078,-0.1123,0.9474,-0.3401,1.013
27.480030232,-0.1062,0.9431,-0.3438,1.009
27.483257001,-0.0959,0.9394,-0.3428,1.005
27.484829309,-0.0864,0.9362,-0.3371,0.999
27.488292309,-0.0768,0.9341,-0.3315,0.994
27.489306232,-0.0661,0.9292,-0.3244,0.986
27.491981232,-0.0505,0.9294,-0.3161,0.983
27.495026155,-0.0381,0.9282,-0.3039,0.977
27.50184554,-0.0239,0.9267,-0.2900,0.971
27.502724386,-0.0134,0.9260,-0.2797,0.967
27.503121309,0.0042,0.9285,-0.2683,0.966
27.513567078,0.0222,0.9260,-0.2590,0.962
27.514778232,0.0393,0.9267,-0.2480,0.960
27.515140078,0.0542,0.9272,-0.2389,0.959
27.515336001,0.0655,0.9272,-0.2336,0.958
27.515514848,0.0769,0.9285,-0.2284,0.959
27.516067771,0.0889,0.9287,-0.2182,0.958
27.519407694,0.1009,0.9299,-0.2087,0.958
27.523655078,0.1074,0.9311,-0.1928,0.957
27.524101848,0.1114,0.9285,-0.1747,0.951
27.525968617,0.1116,0.9318,-0.1670,0.953
27.528466232,0.1129,0.9306,-0.1651,0.952
27.530633848,0.1034,0.9272,-0.1632,0.947
27.53279354,0.0921,0.9269,-0.1614,0.945
27.537245848,0.0801,0.9236,-0.1607,0.941
27.537951694,0.0623,0.9287,-0.1546,0.944
27.539958463,0.0452,0.9348,-0.1514,0.948
27.542522463,0.0222,0.9455,-0.1439,0.957
27.545006848,0.0078,0.9492,-0.1409,0.960
27.547508078,-0.0095,0.9576,-0.1444,0.968
27.552353001,-0.0195,0.9636,-0.1449,0.975
27.552797001,-0.0221,0.9663,-0.1512,0.978
27.554802232,-0.0199,0.9641,-0.1551,0.977
27.557220925,-0.0104,0.9567,-0.1632,0.971
27.560105848,-0.0018,0.9529,-0.1784,0.969
27.562189617,0.0061,0.9492,-0.1928,0.969
27.564323771,0.0166,0.9416,-0.1991,0.963
27.566811771,0.0198,0.9424,-0.2013,0.964
27.569972309,0.0219,0.9446,-0.2082,0.968
27.571415463,0.0219,0.9467,-0.2187,0.972
27.574144925,0.0183,0.9558,-0.2280,0.983
27.576698848,0.0154,0.9644,-0.2274,0.991
27.578665001,0.0098,0.9749,-0.2220,1.000
27.580985925,0.0042,0.9858,-0.2199,1.010
27.583602155,-0.0004,0.9961,-0.2162,1.019
27.586369848,-0.0036,1.0024,-0.2094,1.024
27.588127386,-0.0104,1.0081,-0.1949,1.027
27.590945925,-0.0178,1.0051,-0.1803,1.021
27.593189001,-0.0223,1.0017,-0.1693,1.016
27.598960078,-0.0244,0.9949,-0.1679,1.009
27.599689001,-0.0297,0.9858,-0.1722,1.001
27.600632694,-0.0356,0.9753,-0.1805,0.993
27.610517617,-0.0444,0.9668,-0.1840,0.985
27.611547386,-0.0507,0.9521,-0.1866,0.972
27.611810463,-0.0576,0.9438,-0.1908,0.965
27.612267771,-0.0691,0.9385,-0.1868,0.959
27.612667694,-0.0719,0.9333,-0.1776,0.953
27.614804078,-0.0737,0.9292,-0.1683,0.947
27.617201232,-0.0752,0.9257,-0.1617,0.943
27.621868309,-0.0766,0.9260,-0.1532,0.942
27.622350232,-0.0752,0.9211,-0.1451,0.936
27.624560386,-0.0684,0.9211,-0.1456,0.935
27.627450771,-0.0639,0.9252,-0.1486,0.939
27.629030232,-0.0534,0.9277,-0.1532,0.942
27.631486155,-0.0439,0.9304,-0.1627,0.946
27.634416078,-0.0290,0.9331,-0.1742,0.950
27.636694232,-0.0116,0.9353,-0.1803,0.953
27.638931386,0.0044,0.9446,-0.1889,0.963
27.641561232,0.0166,0.9502,-0.2017,0.972
27.644322771,0.0191,0.9565,-0.2050,0.978
27.646680617,0.0244,0.9672,-0.2038,0.989
27.648732386,0.0310,0.9724,-0.2094,0.995
27.652675771,0.0391,0.9765,-0.2240,1.003
27.653588617,0.0457,0.9770,-0.2377,1.007
27.655964386,0.0503,0.9802,-0.2453,1.012
27.658452309,0.0559,0.9844,-0.2580,1.019
27.661321925,0.0594,0.9912,-0.2665,1.028
27.663121848,0.0586,1.0015,-0.2565,1.036
27.665653309,0.0501,1.0061,-0.2377,1.035
27.66931454,0.0449,1.0054,-0.2257,1.031
27.670772925,0.0366,1.0019,-0.2177,1.026
27.672707771,0.0191,0.9954,-0.2201,1.020
27.675958848,0.0135,0.9902,-0.2280,1.016
27.678290848,0.0100,0.9800,-0.2413,1.009
27.680245309,0.0061,0.9704,-0.2609,1.005
27.682507694,0.0024,0.9629,-0.2704,1.000
27.686764617,-0.0009,0.9534,-0.2658,0.990
27.68767754,-0.0050,0.9473,-0.2546,0.981
27.689576386,-0.0080,0.9443,-0.2360,0.973
27.691984001,-0.0163,0.9465,-0.2101,0.970
27.697635694,-0.0185,0.9453,-0.1873,0.964
27.698320925,-0.0232,0.9490,-0.1681,0.964
27.699272694,-0.0170,0.9516,-0.1521,0.964
27.708182463,-0.0183,0.9521,-0.1500,0.964
27.708574232,-0.0151,0.9595,-0.1446,0.970
27.708758155,-0.0176,0.9619,-0.1370,0.972
27.708939694,-0.0111,0.9648,-0.1255,0.973
27.720975771,-0.0106,0.9658,-0.1155,0.973
27.721424617,-0.0050,0.9683,-0.1050,0.974
27.72195454,-0.0009,0.9709,-0.0916,0.975
27.722261232,0.0078,0.9724,-0.0711,0.975
27.722434848,0.0161,0.9739,-0.0481,0.975
27.724012078,0.0247,0.9814,-0.0330,0.982
27.726819694,0.0332,0.9914,-0.0286,0.992
27.728340001,0.0403,0.9988,-0.0352,1.000
27.730392694,0.0437,1.0137,-0.0415,1.015
27.732894155,0.0424,1.0261,-0.0615,1.029
27.735746232,0.0442,1.0396,-0.0720,1.043
27.737759694,0.0420,1.0508,-0.0740,1.054
27.740695078,0.0344,1.0569,-0.0728,1.060
27.744364617,0.0286,1.0648,-0.0759,1.068
27.745126155,0.0247,1.0636,-0.0784,1.067
27.747609848,0.0186,1.0608,-0.0969,1.065
27.750010463,0.0119,1.0540,-0.1236,1.061
27.752208001,0.0026,1.0462,-0.1514,1.057
27.75484154,-0.0070,1.0322,-0.1859,1.049
27.757580925,-0.0165,1.0220,-0.2224,1.046
27.759724001,-0.0370,1.0061,-0.2570,1.039
27.761919155,-0.0544,0.9932,-0.2756,1.032
27.764377848,-0.0728,0.9790,-0.2819,1.021
27.766896001,-0.0898,0.9678,-0.2905,1.014
27.769657232,-0.1064,0.9604,-0.2946,1.010
27.772291386,-0.1201,0.9529,-0.2893,1.003
27.774900001,-0.1308,0.9404,-0.2814,0.990
27.777269232,-0.1411,0.9329,-0.2729,0.982
27.778852617,-0.1453,0.9262,-0.2587,0.973
27.781360925,-0.1434,0.9204,-0.2441,0.963
27.784574155,-0.1429,0.9160,-0.2294,0.955
27.786012078,-0.1389,0.9155,-0.2143,0.950
27.788350848,-0.1360,0.9160,-0.2015,0.948
27.791382155,-0.1282,0.9248,-0.1903,0.953
27.797814463,-0.1260,0.9329,-0.1742,0.957
27.798307771,-0.1243,0.9443,-0.1497,0.964
27.798527463,-0.1313,0.9602,-0.1116,0.976
27.811208925,-0.1416,0.9825,-0.0738,0.995
27.811761925,-0.1472,1.0063,-0.0386,1.018
27.812305001,-0.1548,1.0284,-0.0107,1.040
27.812525309,-0.1583,1.0582,0.0053,1.070
27.812715694,-0.1602,1.0838,0.0014,1.096
27.812896694,-0.1583,1.0997,-0.0203,1.111
27.815707155,-0.1492,1.1160,-0.0522,1.127
27.820497001,-0.1443,1.1244,-0.0906,1.137
27.821213309,-0.1378,1.1256,-0.1383,1.142
27.822496309,-0.1311,1.1270,-0.1877,1.150
27.825402463,-0.1184,1.1270,-0.2304,1.156
27.827081232,-0.1106,1.1239,-0.2697,1.161
27.829448309,-0.1096,1.1237,-0.3066,1.170
27.83194154,-0.1091,1.1239,-0.3384,1.179
27.834278155,-0.1272,1.1263,-0.3552,1.188
27.83669854,-0.1509,1.1376,-0.3631,1.204
27.839210771,-0.1837,1.1475,-0.3638,1.218
27.842327694,-0.2296,1.1603,-0.3594,1.236
27.843869001,-0.2762,1.1730,-0.3525,1.256
27.846354463,-0.3272,1.1928,-0.3471,1.285
27.851086848,-0.3722,1.2067,-0.3476,1.310
27.852174771,-0.4125,1.2241,-0.3518,1.339
27.854260925,-0.4458,1.2362,-0.3571,1.362
27.856281309,-0.4732,1.2443,-0.3594,1.379
27.858952694,-0.4944,1.2516,-0.3533,1.391
27.860786463,-0.5098,1.2529,-0.3266,1.391
27.864100001,-0.5242,1.2551,-0.2919,1.391
27.866044386,-0.5379,1.2588,-0.2604,1.393
27.86948554,-0.5467,1.2672,-0.2369,1.400
27.870709617,-0.5543,1.2751,-0.2196,1.408
27.873280694,-0.5545,1.2812,-0.2028,1.411
27.875798232,-0.5543,1.2910,-0.1796,1.416
27.877824078,-0.5536,1.2979,-0.1614,1.420
27.880189925,-0.5420,1.3084,-0.1488,1.424
27.883825309,-0.5230,1.3142,-0.1383,1.421
27.885051694,-0.5047,1.3179,-0.1393,1.418
27.888025001,-0.4809,1.3223,-0.1493,1.415
27.890131078,-0.4511,1.3266,-0.1579,1.410
27.892329848,-0.4216,1.3318,-0.1600,1.406
27.896691694,-0.3906,1.3366,-0.1544,1.401
27.897271386,-0.3605,1.3420,-0.1463,1.397
27.904675386,-0.3334,1.3508,-0.1312,1.398
27.905666771,-0.3072,1.3629,-0.1129,1.402
27.905913232,-0.2824,1.3780,-0.0918,1.410
27.908299463,-0.2620,1.3958,-0.0743,1.422
27.918280617,-0.2361,1.4251,-0.0471,1.445
27.919174848,-0.2098,1.4568,-0.0130,1.472
27.919405232,-0.1846,1.4864,0.0229,1.498
27.919607078,-0.1529,1.5178,0.0558,1.526
27.919808309,-0.1257,1.5360,0.0808,1.543
27.921301309,-0.0991,1.5537,0.0989,1.560
27.923446232,-0.0715,1.5565,0.0957,1.561
27.929383155,-0.0461,1.5595,0.0822,1.562
27.930020001,-0.0188,1.5495,0.0583,1.551
27.930969848,0.0005,1.5439,0.0312,1.544
27.932981617,0.0259,1.5331,0.0039,1.533
27.935527771,0.0513,1.5231,-0.0176,1.524
27.938077925,0.0745,1.5248,-0.0249,1.527
27.942064001,0.0992,1.5231,-0.0266,1.527
27.942956694,0.1360,1.5238,-0.0161,1.530
27.945269309,0.1732,1.5307,-0.0037,1.540
27.947776617,0.2111,1.5383,-0.0053,1.553
27.950038232,0.2448,1.5434,-0.0146,1.563
27.952480078,0.2746,1.5529,-0.0237,1.577
27.954763155,0.3035,1.5549,-0.0317,1.585
27.958269309,0.3313,1.5576,-0.0481,1.593
27.959608001,0.3608,1.5463,-0.0699,1.589
27.961920309,0.3872,1.5378,-0.0941,1.589
27.964596078,0.4121,1.5180,-0.1192,1.577
27.968129001,0.4419,1.4887,-0.1551,1.561
27.969395463,0.4617,1.4466,-0.2038,1.532
27.971942771,0.4777,1.4036,-0.2611,1.505
27.974413309,0.4913,1.3653,-0.2974,1.481
27.976387155,0.5013,1.3226,-0.3191,1.450
27.979149309,0.5057,1.2770,-0.3324,1.413
27.982871694,0.5199,1.2407,-0.3410,1.388
27.983731771,0.5218,1.1889,-0.3466,1.344
27.98664954,0.5236,1.1312,-0.3631,1.298
27.989485232,0.5213,1.0834,-0.3820,1.262
27.992233232,0.5080,1.0398,-0.4002,1.224
27.994536925,0.4869,1.0132,-0.4302,1.204
27.996373617,0.4659,0.9944,-0.4666,1.193
28.002210771,0.4481,0.9883,-0.5025,1.196
28.003190155,0.4356,0.9886,-0.5345,1.205
28.003846771,0.4339,0.9878,-0.5668,1.219
28.005924694,0.4386,0.9954,-0.5949,1.240
28.01404954,0.4551,1.0125,-0.5970,1.260
28.014888386,0.4796,1.0382,-0.5677,1.277
28.015509232,0.5104,1.0674,-0.5001,1.285
28.015862463,0.5472,1.1100,-0.4219,1.308
28.018156694,0.5788,1.1544,-0.3193,1.330
28.020033848,0.5876,1.1967,-0.2372,1.354
28.022263386,0.5636,1.2302,-0.1891,1.366
28.027937925,0.4928,1.2695,-0.1710,1.372
28.028556001,0.4034,1.3208,-0.1202,1.386
28.029504694,0.2949,1.3575,-0.1180,1.394
28.032071386,0.1786,1.3865,-0.1490,1.406
28.034222848,0.0498,1.3990,-0.2145,1.416
28.036902155,-0.0786,1.3897,-0.2949,1.423
28.039162848,-0.2091,1.3743,-0.3408,1.431
28.041791694,-0.3439,1.3447,-0.3760,1.438
28.044088386,-0.4849,1.3030,-0.4176,1.452
28.047161925,-0.6034,1.2519,-0.4390,1.457
28.049324694,-0.6950,1.2148,-0.4571,1.472
28.051795078,-0.7947,1.1728,-0.4715,1.493
28.053861848,-0.9190,1.1454,-0.4456,1.535
28.056871771,-1.0732,1.1576,-0.3543,1.618
28.058555078,-1.2430,1.1901,-0.2509,1.739
28.061132617,-1.4169,1.2353,-0.1476,1.886
28.063365232,-1.5675,1.2705,-0.0037,2.018
28.066157232,-1.6864,1.3056,0.1262,2.136
28.068346232,-1.7798,1.3575,0.2273,2.250
28.070868386,-1.8261,1.3980,0.3176,2.322
28.073528309,-1.8261,1.4244,0.3519,2.343
28.075461001,-1.7758,1.4398,0.3720,2.316
28.077864001,-1.6698,1.4412,0.3782,2.238
28.082217848,-1.5445,1.4312,0.3470,2.134
28.082999771,-1.3969,1.4100,0.2482,2.000
28.085446463,-1.2401,1.3885,0.1421,1.867
28.087653848,-1.1028,1.3746,0.0720,1.764
28.090614771,-0.9972,1.3636,-0.0412,1.690
28.092807078,-0.9105,1.3587,-0.1094,1.639
28.095216078,-0.8457,1.3597,-0.1121,1.605
28.097531078,-0.7976,1.3816,-0.1705,1.604
28.103347694,-0.7380,1.4048,-0.2772,1.611
28.104114771,-0.6786,1.4291,-0.3762,1.626
28.104585309,-0.6310,1.4524,-0.4544,1.648
28.113666155,-0.5883,1.4801,-0.5052,1.671
28.114628309,-0.5526,1.5150,-0.5204,1.695
28.115105925,-0.5205,1.5411,-0.5074,1.704
28.115325617,-0.4744,1.5637,-0.4920,1.707
28.116284001,-0.4326,1.5928,-0.4686,1.716
28.118679694,-0.3950,1.6179,-0.4321,1.721
28.121050155,-0.3470,1.6228,-0.4095,1.709
28.126672001,-0.2967,1.6233,-0.3538,1.688
28.127780617,-0.2564,1.6220,-0.3115,1.671
28.129224001,-0.2142,1.6042,-0.2853,1.643
28.131043694,-0.1678,1.5856,-0.2665,1.617
28.133426771,-0.1289,1.5583,-0.2629,1.586
28.135868925,-0.1003,1.5341,-0.2670,1.560
28.138067694,-0.0800,1.4999,-0.2529,1.523
28.140744309,-0.0688,1.4726,-0.2274,1.492
28.143162463,-0.0668,1.4393,-0.2199,1.458
28.145688617,-0.0712,1.3967,-0.2271,1.417
28.148043771,-0.0854,1.3516,-0.2304,1.374
28.150375155,-0.1082,1.3049,-0.2257,1.329
28.15278154,-0.1369,1.2578,-0.2157,1.283
28.156072617,-0.1702,1.2155,-0.1986,1.243
28.15729354,-0.2074,1.1784,-0.1893,1.211
28.159697925,-0.2452,1.1370,-0.1966,1.180
28.162804694,-0.2743,1.0927,-0.2159,1.147
28.165400617,-0.3016,1.0499,-0.2215,1.115
28.166984617,-0.3216,1.0128,-0.2269,1.087
28.169616001,-0.3427,0.9800,-0.2345,1.064
28.172192078,-0.3664,0.9539,-0.2406,1.050
28.174623386,-0.3842,0.9331,-0.2416,1.038
28.17677354,-0.3871,0.9131,-0.2206,1.016
28.179256386,-0.3920,0.8996,-0.2003,1.002
28.181475078,-0.3869,0.8876,-0.1837,0.986
28.184012078,-0.3801,0.8789,-0.1703,0.973
28.186578771,-0.3677,0.8640,-0.1693,0.954
28.188929232,-0.3586,0.8524,-0.1654,0.939
28.191574155,-0.3386,0.8400,-0.1478,0.918
28.193825232,-0.3265,0.8263,-0.1263,0.897
28.201689232,-0.3251,0.8190,-0.0918,0.886
28.202420078,-0.3204,0.8080,-0.0850,0.873
28.202782232,-0.3227,0.7982,-0.0740,0.864
28.20326254,-0.3216,0.7853,-0.0666,0.851
28.217958463,-0.3253,0.7748,-0.0650,0.843
28.219018232,-0.3330,0.7613,-0.0554,0.833
28.219476078,-0.3375,0.7484,-0.0379,0.822
28.219895386,-0.3479,0.7417,-0.0471,0.821
28.220200386,-0.3470,0.7254,-0.0679,0.807
28.220500617,-0.3414,0.7046,-0.1080,0.790
28.220689617,-0.3173,0.6872,-0.1197,0.766
28.223946848,-0.3092,0.6675,-0.1062,0.743
28.22716554,-0.2955,0.6450,-0.0882,0.715
28.227536001,-0.2775,0.6106,-0.0889,0.677
28.230016309,-0.2748,0.5989,-0.1129,0.669
28.231907386,-0.2813,0.5928,-0.1260,0.668
28.234555694,-0.2772,0.5681,-0.1243,0.644
28.237427694,-0.2580,0.5297,-0.1295,0.603
28.240941925,-0.2520,0.5016,-0.1304,0.576
28.24179354,-0.2484,0.4867,-0.1263,0.561
28.244566232,-0.2484,0.4752,-0.1226,0.550
28.24688554,-0.2430,0.4594,-0.1031,0.530
28.248895694,-0.2469,0.4498,-0.0897,0.521
28.251265848,-0.2440,0.4405,-0.0880,0.511
28.253918771,-0.2518,0.4328,-0.0938,0.509
28.256015155,-0.2655,0.4332,-0.1082,0.519
28.25850954,-0.2860,0.4433,-0.1226,0.542
28.261058155,-0.3090,0.4586,-0.1346,0.569
28.263555463,-0.2967,0.4317,-0.1307,0.540
28.267964386,-0.2906,0.4202,-0.1407,0.530
28.268342848,-0.2880,0.4193,-0.1563,0.532
28.27070154,-0.2892,0.4239,-0.1705,0.541
28.272940001,-0.2887,0.4303,-0.1781,0.548
28.275820078,-0.2885,0.4344,-0.1771,0.551
28.278133617,-0.2878,0.4477,-0.1784,0.561
28.28038554,-0.2824,0.4498,-0.1663,0.557
28.282777232,-0.2782,0.4554,-0.1490,0.554
28.285008925,-0.2701,0.4582,-0.1267,0.547
28.290232309,-0.2682,0.4647,-0.1102,0.548
28.290801617,-0.2633,0.4679,-0.0941,0.545
28.292269232,-0.2608,0.4715,-0.0799,0.545
28.294975463,-0.2591,0.4722,-0.0696,0.543
28.297409309,-0.2538,0.4728,-0.0618,0.540
28.299389309,-0.2596,0.4701,-0.0596,0.540
28.302263463,-0.2589,0.4682,-0.0647,0.539
28.312928694,-0.2706,0.4638,-0.0726,0.542
28.313377617,-0.2834,0.4589,-0.0701,0.544
28.313813232,-0.2809,0.4479,-0.0769,0.534
28.313979078,-0.2967,0.4393,-0.0784,0.536
28.314141232,-0.2999,0.4273,-0.0965,0.531
28.316562232,-0.3158,0.4186,-0.1109,0.536
28.319001309,-0.3276,0.4046,-0.1312,0.537
28.322997232,-0.3378,0.3948,-0.1432,0.539
28.323800078,-0.3495,0.3846,-0.1526,0.542
28.326236309,-0.3568,0.3736,-0.1568,0.540
28.329394771,-0.3644,0.3641,-0.1595,0.539
28.33118154,-0.3717,0.3529,-0.1551,0.535
28.333733925,-0.3757,0.3436,-0.1497,0.531
28.336330771,-0.3766,0.3380,-0.1434,0.526
28.338503771,-0.3771,0.3259,-0.1278,0.515
28.343217001,-0.3740,0.3184,-0.1174,0.505
28.343567386,-0.3686,0.3084,-0.1102,0.493
28.346228309,-0.3608,0.2998,-0.1065,0.481
28.348112001,-0.3530,0.2884,-0.0997,0.467
28.350482848,-0.3476,0.2779,-0.0913,0.454
28.352629617,-0.3470,0.2654,-0.0843,0.445
28.355167078,-0.3491,0.2568,-0.0825,0.441
28.357828694,-0.3444,0.2497,-0.0892,0.435
28.360114848,-0.3444,0.2414,-0.0967,0.432
28.362313309,-0.3451,0.2334,-0.1069,0.430
28.364742771,-0.3468,0.2273,-0.1136,0.430
28.367176078,-0.3422,0.2211,-0.1197,0.425
28.370211155,-0.3417,0.2099,-0.1265,0.421
28.371881001,-0.3395,0.2045,-0.1309,0.417
28.374408694,-0.3410,0.1973,-0.1339,0.416
28.376740309,-0.3388,0.1962,-0.1324,0.413
28.379537848,-0.3358,0.1952,-0.1295,0.409
28.382874771,-0.3326,0.1967,-0.1258,0.406
28.383952617,-0.3305,0.1967,-0.1236,0.404
28.389470155,-0.3285,0.2018,-0.1258,0.406
28.389977617,-0.3249,0.2033,-0.1232,0.403
28.391258771,-0.3263,0.2067,-0.1243,0.406
28.394197309,-0.3246,0.2080,-0.1214,0.404
28.398104001,-0.3317,0.2036,-0.1216,0.408
28.398496078,-0.3349,0.1994,-0.1265,0.410
28.400875155,-0.3390,0.1931,-0.1365,0.413
28.413173001,-0.3470,0.1818,-0.1586,0.423
28.413586155,-0.3551,0.1752,-0.1937,0.441
28.413937309,-0.3617,0.1706,-0.2343,0.464
28.414103078,-0.3681,0.1613,-0.2651,0.481
28.414334463,-0.3710,0.1520,-0.2775,0.488
28.415158463,-0.3693,0.1395,-0.2719,0.479
28.417917232,-0.3666,0.1291,-0.2543,0.464
28.420406463,-0.3579,0.1132,-0.2226,0.436
28.422525925,-0.3470,0.0965,-0.1879,0.406
28.425450463,-0.3324,0.0780,-0.1595,0.377
28.428744386,-0.3173,0.0618,-0.1505,0.357
28.42966654,-0.3085,0.0459,-0.1583,0.350
28.43235754,-0.3039,0.0389,-0.1705,0.351
28.434662232,-0.3029,0.0389,-0.1756,0.352
28.437083386,-0.3095,0.0518,-0.1779,0.361
28.439994848,-0.3173,0.0685,-0.1868,0.374
28.442101848,-0.3293,0.0932,-0.2001,0.396
28.444745617,-0.3468,0.1239,-0.1922,0.415
28.446727078,-0.3686,0.1549,-0.1719,0.435
28.449284386,-0.3915,0.1799,-0.1444,0.454
28.451691386,-0.4211,0.2006,-0.1285,0.484
28.454123463,-0.4558,0.2221,-0.1267,0.523
28.456573848,-0.4917,0.2323,-0.1412,0.562
28.458743078,-0.5374,0.2446,-0.1649,0.613
28.461548925,-0.5831,0.2532,-0.1954,0.665
28.463564694,-0.6344,0.2634,-0.2289,0.724
28.466220001,-0.6847,0.2737,-0.2538,0.780
28.469529617,-0.7327,0.2886,-0.2739,0.834
28.470836001,-0.7835,0.3103,-0.2893,0.891
28.473203463,-0.8294,0.3377,-0.2881,0.941
28.476018771,-0.8758,0.3618,-0.3024,0.995
28.478376001,-0.9168,0.3907,-0.3058,1.042
28.48077454,-0.9630,0.4193,-0.3056,1.094
28.483213925,-1.0090,0.4471,-0.2990,1.143
28.486248617,-1.0575,0.4720,-0.2988,1.196
28.487619155,-1.1082,0.4976,-0.2995,1.251
28.490218771,-1.1543,0.5195,-0.3054,1.302
28.492699771,-1.1958,0.5339,-0.3083,1.345
28.495415386,-1.2364,0.5441,-0.3063,1.385
28.497335155,-1.2736,0.5497,-0.3042,1.420
28.499727078,-1.3043,0.5551,-0.2942,1.448
28.506863155,-1.3302,0.5600,-0.2841,1.471
28.508008694,-1.3483,0.5568,-0.2785,1.485
28.508252617,-1.3570,0.5568,-0.2567,1.489
28.519177617,-1.3575,0.5505,-0.2492,1.486
28.519861617,-1.3432,0.5381,-0.2380,1.466
28.520509001,-1.3067,0.5255,-0.2208,1.426
28.52071054,-1.2671,0.5129,-0.1996,1.381
28.521047386,-1.2228,0.4955,-0.1881,1.333
28.521277001,-1.1807,0.4820,-0.1752,1.287
28.523892078,-1.1257,0.4650,-0.1740,1.230
28.526935155,-1.0700,0.4466,-0.1742,1.172
28.528931463,-1.0174,0.4295,-0.1771,1.118
28.531115694,-0.9735,0.4149,-0.1886,1.075
28.533515694,-0.9298,0.4021,-0.2045,1.033
28.536068309,-0.8909,0.3965,-0.2131,0.998
28.53820954,-0.8511,0.3902,-0.2224,0.962
28.540808309,-0.8169,0.3872,-0.2282,0.932
28.543533925,-0.7884,0.3916,-0.2276,0.909
28.545558463,-0.7646,0.3956,-0.2255,0.890
28.547925617,-0.7448,0.4021,-0.2191,0.874
28.550457925,-0.7278,0.4117,-0.2147,0.863
28.553003694,-0.7143,0.4226,-0.2082,0.856
28.555355463,-0.7069,0.4291,-0.2071,0.853
28.558272925,-0.7067,0.4340,-0.1935,0.852
28.560608925,-0.7089,0.4342,-0.1534,0.845
28.562460925,-0.7111,0.4161,-0.1630,0.840
28.565266848,-0.7004,0.3888,-0.2541,0.840
28.567661617,-0.6852,0.3513,-0.3462,0.844
28.570365002,-0.6615,0.3103,-0.3124,0.795
28.572104309,-0.6603,0.2947,-0.1823,0.746
28.575018771,-0.7180,0.3972,-0.3124,0.878
28.577082771,-0.8562,0.6790,-0.7882,1.347
28.579715155,-1.0295,1.0631,-1.1925,1.900
28.581981002,-1.2938,1.5346,-1.6198,2.579
28.584954155,-1.6588,2.0426,-2.1523,3.399
28.586513309,-2.1238,2.5299,-2.4351,4.104
28.588998232,-2.6258,2.9308,-2.1011,4.461
28.591941002,-3.0223,3.1314,-1.2582,4.530
28.594156078,-3.1946,3.0747,-0.5160,4.464
28.597096925,-3.1318,2.8272,0.1534,4.222
28.599212694,-2.8373,2.4633,0.7678,3.835
28.605089925,-2.4448,2.1109,1.2948,3.480
28.605771386,-2.0336,1.8329,1.6701,3.207
28.606254232,-1.6368,1.6191,1.9132,2.993
28.60874654,-1.2848,1.4571,2.1028,2.863
28.615875155,-0.9718,1.3501,2.1829,2.744
28.616735078,-0.6936,1.2714,2.0414,2.503
28.617107771,-0.4546,1.2129,1.8809,2.284
28.618142232,-0.2217,1.1791,1.3791,1.828
28.627156694,0.0291,1.0853,0.6227,1.252
28.627607078,0.3540,0.9343,-0.3181,1.049
28.627798463,0.7230,0.7156,-0.7605,1.270
28.627975386,1.1180,0.4957,-0.7474,1.433
28.630058155,1.3207,0.3885,-0.7818,1.583
28.632880694,1.4610,0.3001,-0.8756,1.730
28.635286155,1.5746,0.1882,-1.0915,1.925
28.637212617,1.6664,0.0525,-1.2582,2.089
28.639872617,1.7197,0.0198,-1.2609,2.133
28.643163463,1.6256,0.0978,-1.2946,2.080
28.644436309,1.4651,0.2069,-1.3170,1.981
28.646930771,1.3147,0.3303,-1.2748,1.861
28.649543155,1.1402,0.4782,-1.1915,1.717
28.651991694,0.9250,0.6345,-1.0892,1.563
28.654485617,0.7209,0.7533,-0.9613,1.418
28.656541617,0.5150,0.8517,-0.7483,1.245
28.659616386,0.2839,0.9338,-0.6249,1.159
28.661557925,0.1265,0.9138,-0.5108,1.054
28.663951155,-0.0427,0.9499,-0.3789,1.024
28.666284002,-0.1870,0.9795,-0.2746,1.034
28.668537232,-0.3092,0.9890,-0.2306,1.062
28.672112078,-0.4336,0.9802,-0.2106,1.092
28.673818463,-0.5631,0.9623,-0.1844,1.130
28.676524386,-0.7064,0.9385,-0.1378,1.183
28.678196694,-0.8533,0.9182,-0.0938,1.257
28.680754771,-1.0185,0.9057,-0.0635,1.364
28.684393309,-1.1194,0.9248,0.1826,1.463
28.685580002,-1.2068,0.9292,0.2379,1.542
28.687793617,-1.2713,0.9152,0.1995,1.579
28.690254463,-1.3080,0.8835,0.1592,1.586
28.692875463,-1.3400,0.8409,0.1067,1.586
28.695172925,-1.3728,0.7997,0.0239,1.589
28.697694155,-1.3668,0.7376,-0.1129,1.557
28.704867078,-1.4238,0.6863,-0.1976,1.593
28.705794848,-1.4719,0.6343,-0.3340,1.637
28.706535771,-1.4758,0.5754,-0.4234,1.640
28.708864925,-1.4937,0.5234,-0.4663,1.650
28.709414463,-1.5268,0.4957,-0.4747,1.674
28.719087463,-1.5491,0.5192,-0.4666,1.699
28.71980154,-1.5574,0.5873,-0.4361,1.721
28.720096617,-1.5669,0.7179,-0.4046,1.770
28.720581309,-1.5161,0.8603,-0.3699,1.782
28.721836617,-1.4318,0.9783,-0.3277,1.765
28.723979386,-1.3397,1.0787,-0.2881,1.744
28.728315155,-1.2408,1.1696,-0.2621,1.725
28.728722771,-1.1360,1.2499,-0.2583,1.709
28.731299463,-1.0292,1.3105,-0.2680,1.688
28.733961848,-0.9258,1.3604,-0.2746,1.668
28.736131078,-0.8115,1.3811,-0.2824,1.627
28.738790771,-0.7024,1.3865,-0.2895,1.581
28.741780078,-0.5929,1.3731,-0.2988,1.525
28.743143078,-0.4809,1.3428,-0.3037,1.458
28.745908078,-0.3724,1.2937,-0.2946,1.378
28.748417002,-0.2701,1.2453,-0.2546,1.299
28.750676309,-0.1765,1.1817,-0.2348,1.218
28.75295754,-0.0961,1.1190,-0.2110,1.143
28.755695463,-0.0300,1.0418,-0.1973,1.061
28.758663771,0.0130,0.9685,-0.1761,0.984
28.760323771,0.0298,0.9023,-0.1683,0.918
28.763924925,0.0286,0.8412,-0.1693,0.859
28.765216078,0.0122,0.7838,-0.1824,0.805
28.767564309,-0.0265,0.7386,-0.2017,0.766
28.770040617,-0.0761,0.7042,-0.2220,0.742
28.773117617,-0.1421,0.6837,-0.2411,0.739
28.775027463,-0.2149,0.6760,-0.2580,0.755
28.777510771,-0.2978,0.6870,-0.2678,0.795
28.779778771,-0.3866,0.7100,-0.2599,0.849
28.782997848,-0.4727,0.7430,-0.2341,0.911
28.784703078,-0.5501,0.7818,-0.1996,0.977
28.786672078,-0.6270,0.8325,-0.1635,1.055
28.790159694,-0.6906,0.8833,-0.1229,1.128
28.792341848,-0.7341,0.9311,-0.0833,1.189
28.794032617,-0.7597,0.9749,-0.0510,1.237
28.796457617,-0.7802,1.0144,-0.0310,1.280
28.803908309,-0.7842,1.0506,-0.0195,1.311
28.804545925,-0.7800,1.0797,-0.0078,1.332
28.80522954,-0.7597,1.1002,0.0075,1.337
28.806752617,-0.7341,1.1156,0.0265,1.336
28.813400925,-0.7031,1.1212,0.0388,1.324
28.814175078,-0.6710,1.1193,0.0412,1.306
28.814364386,-0.6324,1.1036,0.0272,1.272
28.826651694,-0.5911,1.0829,0.0039,1.234
28.827059463,-0.5487,1.0584,-0.0227,1.192
28.827532925,-0.5177,1.0330,-0.0473,1.156
28.827694232,-0.4910,1.0079,-0.0679,1.123
28.828013617,-0.4660,0.9890,-0.0838,1.096
28.828473925,-0.4567,0.9790,-0.0904,1.084
28.83050554,-0.4472,0.9683,-0.0906,1.070
28.832948386,-0.4350,0.9548,-0.0848,1.053
28.83483754,-0.4265,0.9492,-0.0823,1.044
28.837993925,-0.4180,0.9411,-0.0782,1.033
28.83988654,-0.4113,0.9409,-0.0813,1.030
28.842209232,-0.3987,0.9424,-0.0874,1.027
28.844507155,-0.3796,0.9382,-0.0926,1.016
28.847155078,-0.3700,0.9409,-0.0955,1.016
28.84960154,-0.3619,0.9483,-0.0920,1.019
28.851889617,-0.3563,0.9555,-0.0857,1.023
28.854724617,-0.3458,0.9690,-0.0752,1.032
28.857537309,-0.3342,0.9842,-0.0659,1.041
28.859773309,-0.3241,0.9946,-0.0652,1.048
28.861773309,-0.3148,1.0091,-0.0691,1.059
28.863959694,-0.3116,1.0200,-0.0755,1.069
28.866223771,-0.3053,1.0242,-0.0823,1.072
28.86901054,-0.2992,1.0286,-0.0887,1.075
28.871380078,-0.3021,1.0369,-0.0931,1.084
28.873674848,-0.3023,1.0382,-0.1004,1.086
28.875952309,-0.2995,1.0447,-0.1141,1.093
28.878532309,-0.2918,1.0433,-0.1319,1.091
28.882946155,-0.2874,1.0376,-0.1470,1.087
28.883688002,-0.2806,1.0352,-0.1561,1.084
28.885885617,-0.2804,1.0347,-0.1673,1.085
28.888373617,-0.2857,1.0347,-0.1796,1.088
28.891013848,-0.2934,1.0354,-0.1922,1.093
28.892969232,-0.2965,1.0330,-0.1937,1.092
28.895277232,-0.2983,1.0266,-0.1952,1.087
28.902071386,-0.2941,1.0159,-0.1964,1.076
28.902776078,-0.2921,1.0037,-0.2064,1.066
28.903509232,-0.2885,0.9853,-0.2115,1.048
28.907004925,-0.2904,0.9721,-0.2201,1.038
28.907872694,-0.2792,0.9534,-0.2276,1.019
28.912119771,-0.2748,0.9399,-0.2343,1.007
28.912640694,-0.2657,0.9255,-0.2343,0.991
28.926000925,-0.2674,0.9269,-0.2387,0.994
28.926677617,-0.2713,0.9331,-0.2404,1.001
28.927295386,-0.2636,0.9321,-0.2423,0.999
28.927556309,-0.2584,0.9329,-0.2516,1.000
28.927971386,-0.2489,0.9262,-0.2550,0.992
28.92835854,-0.2342,0.9187,-0.2558,0.982
28.929731463,-0.2242,0.9101,-0.2531,0.971
28.931853925,-0.2063,0.9033,-0.2499,0.960
28.93373854,-0.1979,0.8945,-0.2494,0.949
28.93685454,-0.1951,0.8933,-0.2497,0.948
28.93859854,-0.1990,0.8940,-0.2450,0.948
28.940953925,-0.2095,0.8979,-0.2352,0.952
28.943392078,-0.2205,0.9057,-0.2274,0.960
28.946156078,-0.2215,0.9091,-0.2180,0.961
28.948514771,-0.2181,0.9160,-0.2122,0.965
28.950719078,-0.2137,0.9157,-0.2138,0.964
28.953321925,-0.2168,0.9148,-0.2145,0.964
28.956388925,-0.2175,0.9133,-0.2211,0.965
28.957863386,-0.2154,0.9115,-0.2226,0.963
28.960604386,-0.2184,0.9096,-0.2262,0.962
28.963061232,-0.2252,0.9071,-0.2271,0.962
28.966340617,-0.2289,0.9057,-0.2294,0.962
28.967608002,-0.2408,0.9043,-0.2397,0.966
28.970216078,-0.2462,0.9008,-0.2467,0.966
28.972946771,-0.2557,0.8991,-0.2487,0.967
28.975736309,-0.2620,0.8942,-0.2490,0.964
28.977569925,-0.2655,0.8922,-0.2482,0.963
28.979795771,-0.2692,0.8896,-0.2457,0.961
28.982649309,-0.2689,0.8889,-0.2450,0.960
28.984405848,-0.2667,0.8901,-0.2487,0.962
28.987054463,-0.2620,0.8886,-0.2534,0.960
28.989470771,-0.2567,0.8884,-0.2597,0.960
28.992004078,-0.2482,0.8879,-0.2631,0.959
28.995156925,-0.2369,0.8896,-0.2676,0.959
29.001454848,-0.2293,0.8879,-0.2753,0.957
29.002081617,-0.2254,0.8920,-0.2851,0.963
29.002716386,-0.2203,0.8952,-0.2809,0.964
29.013967771,-0.2135,0.9001,-0.2751,0.965
29.014366463,-0.2068,0.9015,-0.2609,0.961
29.014486771,-0.2042,0.9055,-0.2453,0.960
29.014819386,-0.2061,0.9087,-0.2296,0.960
29.015044309,-0.2093,0.9148,-0.2184,0.964
29.016400309,-0.2142,0.9180,-0.2079,0.965
29.018199386,-0.2233,0.9184,-0.1922,0.964
29.021728925,-0.2242,0.9164,-0.1788,0.960
29.024591771,-0.2159,0.9136,-0.1703,0.954
29.026040694,-0.2095,0.9152,-0.1722,0.955
29.027949232,-0.2061,0.9094,-0.1691,0.948
29.031124925,-0.2047,0.9075,-0.1698,0.946
29.032521232,-0.2166,0.9089,-0.1649,0.949
29.035563078,-0.1856,0.9001,-0.1982,0.940
29.038629617,-0.1604,0.9010,-0.1566,0.928
29.040293309,-0.1360,0.9031,-0.1439,0.925
29.042309925,-0.1182,0.9071,-0.1290,0.924
29.045029617,-0.0998,0.9096,-0.1167,0.922
29.047119694,-0.0805,0.9150,-0.1099,0.925
29.049634155,-0.0615,0.9171,-0.1148,0.926
29.05206254,-0.0481,0.9204,-0.1263,0.930
29.055481925,-0.0339,0.9248,-0.1290,0.934
29.056676309,-0.0234,0.9280,-0.1283,0.937
29.059324078,-0.0163,0.9343,-0.1288,0.943
29.061776386,-0.0097,0.9394,-0.1192,0.947
29.064699386,-0.0023,0.9465,-0.1048,0.952
29.067153232,-0.0034,0.9506,-0.0975,0.956
29.069319155,-0.0029,0.9578,-0.0933,0.962
29.072321309,-0.0111,0.9648,-0.0945,0.969
29.073709617,-0.0170,0.9724,-0.1026,0.978
29.076783771,-0.0214,0.9790,-0.1204,0.987
29.078760309,-0.0316,0.9834,-0.1336,0.993
29.081289617,-0.0402,0.9910,-0.1449,1.002
29.084220078,-0.0409,0.9942,-0.1524,1.007
29.086247155,-0.0453,0.9991,-0.1514,1.012
29.088605309,-0.0502,1.0005,-0.1602,1.015
29.090545002,-0.0558,1.0049,-0.1715,1.021
29.095396925,-0.0605,1.0056,-0.1744,1.022
29.095939386,-0.0661,1.0059,-0.1663,1.022
29.098017848,-0.0617,1.0017,-0.1598,1.016
29.10123754,-0.0679,0.9970,-0.1575,1.012
29.102839078,-0.0675,0.9934,-0.1534,1.007
29.107914771,-0.0603,0.9926,-0.1659,1.008
29.108687155,-0.0576,0.9895,-0.1793,1.007
29.110011463,-0.0486,0.9895,-0.1935,1.009
29.118995463,-0.0412,0.9849,-0.2077,1.007
29.119631463,-0.0346,0.9874,-0.2169,1.011
29.119858155,-0.0337,0.9865,-0.2138,1.010
29.120083694,-0.0339,0.9842,-0.2020,1.005
29.132084309,-0.0312,0.9781,-0.1830,0.996
29.132588925,-0.0329,0.9724,-0.1673,0.987
29.133048386,-0.0361,0.9626,-0.1554,0.976
29.133488694,-0.0393,0.9558,-0.1502,0.968
29.133859463,-0.0470,0.9523,-0.1465,0.965
29.134097002,-0.0495,0.9529,-0.1437,0.965
29.136727155,-0.0505,0.9548,-0.1434,0.967
29.138944925,-0.0500,0.9599,-0.1429,0.972
29.141418232,-0.0498,0.9665,-0.1488,0.979
29.143754155,-0.0451,0.9734,-0.1556,0.987
29.146196617,-0.0356,0.9778,-0.1627,0.992
29.148311386,-0.0316,0.9853,-0.1730,1.001
29.151047386,-0.0304,0.9870,-0.1728,1.003
29.153736078,-0.0272,0.9939,-0.1752,1.010
29.156131155,-0.0251,1.0068,-0.1824,1.024
29.158449309,-0.0227,1.0179,-0.1935,1.036
29.162341925,-0.0223,1.0277,-0.2106,1.049
29.163014155,-0.0178,1.0394,-0.2215,1.063
29.165964694,-0.0131,1.0496,-0.2341,1.075
29.168016002,-0.0078,1.0564,-0.2333,1.082
29.170604694,-0.0026,1.0613,-0.2250,1.085
29.172508002,-0.0048,1.0687,-0.2180,1.091
29.175195155,-0.0102,1.0706,-0.2211,1.093
29.177892694,-0.0183,1.0667,-0.2159,1.089
29.180063386,-0.0314,1.0618,-0.2155,1.084
29.182735155,-0.0488,1.0569,-0.2177,1.080
29.185284386,-0.0847,1.0513,-0.2231,1.078
29.187537617,-0.1267,1.0503,-0.2269,1.082
29.189452925,-0.1729,1.0559,-0.2341,1.095
29.191900078,-0.2186,1.0631,-0.2364,1.111
29.195734155,-0.2603,1.0660,-0.2387,1.123
29.196999771,-0.2970,1.0713,-0.2397,1.137
29.199081617,-0.3272,1.0725,-0.2367,1.146
29.20192154,-0.3439,1.0789,-0.2374,1.157
29.208587386,-0.3576,1.0794,-0.2316,1.160
29.209456925,-0.3666,1.0838,-0.2147,1.164
29.209748002,-0.3708,1.0929,-0.1964,1.171
29.211600078,-0.3728,1.1023,-0.1817,1.178
29.221607694,-0.3747,1.1114,-0.1659,1.185
29.22241854,-0.3771,1.1244,-0.1486,1.195
29.22262254,-0.3720,1.1288,-0.1295,1.196
29.22281754,-0.3644,1.1327,-0.1062,1.195
29.223264309,-0.3668,1.1383,-0.0943,1.200
29.226911771,-0.3681,1.1454,-0.0980,1.207
29.231256002,-0.3722,1.1468,-0.1134,1.211
29.231963078,-0.3803,1.1486,-0.1319,1.217
29.237221002,-0.3869,1.1481,-0.1490,1.221
29.23761054,-0.3913,1.1432,-0.1534,1.218
29.237884309,-0.3940,1.1417,-0.1407,1.216
29.240091155,-0.3957,1.1393,-0.1134,1.211
29.242850848,-0.3906,1.1388,-0.0872,1.207
29.245241848,-0.3859,1.1383,-0.0677,1.204
29.247969232,-0.3791,1.1381,-0.0557,1.201
29.249731694,-0.3708,1.1388,-0.0489,1.199
29.252220002,-0.3593,1.1395,-0.0430,1.196
29.254334155,-0.3498,1.1466,-0.0377,1.199
29.25701454,-0.3361,1.1586,-0.0440,1.207
29.260540694,-0.3281,1.1749,-0.0613,1.221
29.26264954,-0.3170,1.1962,-0.0743,1.240
29.264067386,-0.3109,1.2176,-0.0682,1.259
29.266855463,-0.2980,1.2402,-0.0538,1.277
29.270052386,-0.2909,1.2632,-0.0319,1.297
29.271325002,-0.2767,1.2898,-0.0014,1.319
29.273757309,-0.2645,1.3179,0.0288,1.344
29.276385848,-0.2522,1.3469,0.0522,1.371
29.278759694,-0.2417,1.3809,0.0759,1.404
29.281351078,-0.2322,1.4214,0.1076,1.444
29.283850848,-0.2254,1.4652,0.1350,1.489
29.287444078,-0.2159,1.5043,0.1509,1.527
29.288477232,-0.2035,1.5427,0.1514,1.563
29.291043694,-0.1927,1.5779,0.1238,1.594
29.293394232,-0.1832,1.6079,0.0705,1.620
29.295566463,-0.1819,1.6384,-0.0039,1.648
29.29798654,-0.1800,1.6690,-0.0726,1.680
29.300261232,-0.1760,1.6995,-0.1197,1.713
29.306699155,-0.1680,1.7359,-0.1363,1.749
29.307365925,-0.1676,1.7684,-0.1199,1.780
29.308056694,-0.1692,1.8043,-0.0728,1.814
29.310036002,-0.1707,1.8332,-0.0088,1.841
29.315319771,-0.1688,1.8595,0.0514,1.868
29.315712617,-0.1719,1.8698,0.0930,1.880
29.317354771,-0.1663,1.8688,0.1159,1.880
29.329595386,-0.1531,1.8485,0.1236,1.859
29.330242771,-0.1255,1.8104,0.1218,1.819
29.330521925,-0.0982,1.7666,0.0989,1.772
29.331222771,-0.0583,1.6995,0.0771,1.702
29.331599694,-0.0078,1.6196,0.0624,1.621
29.331949925,0.0247,1.5502,0.0547,1.551
29.334200002,0.0574,1.4933,0.0556,1.495
29.336453848,0.0808,1.4435,0.0623,1.447
29.338802848,0.1050,1.4036,0.0525,1.408
29.341785232,0.1280,1.3653,0.0293,1.372
29.344320078,0.1603,1.3301,0.0114,1.340
29.346236617,0.1994,1.2991,-0.0110,1.314
29.348860694,0.2514,1.2649,-0.0471,1.291
29.351146232,0.3098,1.2265,-0.0923,1.268
29.353471386,0.3787,1.1876,-0.1395,1.254
29.355930848,0.4524,1.1491,-0.1879,1.249
29.358894848,0.5289,1.1134,-0.2301,1.254
29.361244002,0.6028,1.0823,-0.2819,1.271
29.363298232,0.6729,1.0594,-0.3230,1.296
29.365895463,0.7337,1.0499,-0.3552,1.329
29.368914463,0.7996,1.0469,-0.3640,1.367
29.370296694,0.8544,1.0545,-0.3724,1.407
29.372856386,0.9059,1.0729,-0.3962,1.459
29.375253002,0.9413,1.1100,-0.4244,1.516
29.378049309,0.9589,1.1542,-0.4302,1.561
29.381634232,0.9678,1.2013,-0.4163,1.598
29.382416925,0.9601,1.2470,-0.3916,1.622
29.386120002,0.9301,1.2874,-0.3620,1.629
29.387845002,0.8883,1.3264,-0.3482,1.634
29.389891694,0.8524,1.3394,-0.4107,1.640
29.392436309,0.8080,1.3384,-0.4747,1.634
29.394684078,0.7549,1.3326,-0.5446,1.625
29.396852925,0.6965,1.3181,-0.6028,1.608
29.399608694,0.6242,1.3052,-0.6447,1.584
29.405427155,0.5394,1.2986,-0.6645,1.555
29.406271386,0.4532,1.2863,-0.6562,1.513
29.407155386,0.3596,1.2827,-0.6081,1.464
29.408752925,0.2639,1.2854,-0.5224,1.412
29.414869002,0.1595,1.2996,-0.4121,1.373
29.415779694,0.0484,1.3240,-0.3002,1.358
29.416532309,-0.0803,1.3569,-0.2220,1.377
29.429024078,-0.2181,1.3916,-0.2108,1.424
29.429617848,-0.3693,1.4258,-0.2690,1.497
29.43001054,-0.5061,1.4405,-0.3603,1.569
29.430335386,-0.6170,1.4417,-0.4681,1.637
29.430599771,-0.7318,1.4471,-0.5732,1.720
29.431048925,-0.8357,1.4630,-0.6124,1.793
29.433388078,-0.9456,1.4635,-0.5917,1.840
29.435549848,-1.0472,1.4471,-0.5096,1.858
29.437724309,-1.1778,1.4281,-0.3773,1.889
29.440388002,-1.2950,1.4029,-0.3017,1.933
29.443408309,-1.4204,1.3804,-0.2567,1.997
29.444961925,-1.6111,1.3836,-0.2228,2.135
29.447635463,-1.7790,1.3799,-0.1292,2.255
29.450072925,-1.8992,1.3750,0.0234,2.345
29.452325309,-1.9435,1.3575,0.1526,2.376
29.455062232,-1.9193,1.3284,0.2289,2.345
29.457645848,-1.7935,1.2961,0.2520,2.227
29.459892002,-1.6249,1.2534,0.1939,2.061
29.461980309,-1.4604,1.2167,0.1111,1.904
29.464684925,-1.2874,1.1882,0.0414,1.752
29.467091463,-1.1206,1.1686,-0.0070,1.619
29.46933354,-0.9713,1.1593,-0.0442,1.513
29.471553848,-0.8431,1.1503,-0.0618,1.428
29.474624925,-0.7182,1.1540,-0.0496,1.360
29.476705848,-0.6237,1.1671,-0.0738,1.325
29.478967386,-0.5511,1.1908,-0.1344,1.319
29.481650771,-0.5017,1.2174,-0.1497,1.325
29.484766155,-0.4255,1.2101,-0.2372,1.304
29.486000925,-0.3720,1.2243,-0.2443,1.303
29.488618771,-0.3740,1.2781,-0.2861,1.362
29.491062155,-0.3722,1.3269,-0.3543,1.423
29.493518463,-0.3537,1.3599,-0.4160,1.465
29.495832309,-0.3232,1.3755,-0.3825,1.464
29.498302771,-0.3251,1.3980,-0.2839,1.463
29.504872002,-0.3424,1.4207,-0.2448,1.482
29.505607463,-0.3779,1.4388,-0.2387,1.507
29.506046232,-0.4140,1.4442,-0.2150,1.518
29.508092309,-0.4697,1.4391,-0.2345,1.532
29.519247463,-0.5294,1.4221,-0.2729,1.542
29.519836002,-0.5697,1.3936,-0.2885,1.533
29.520663078,-0.6039,1.3599,-0.3049,1.519
29.521424002,-0.6393,1.3298,-0.3203,1.510
29.521928386,-0.6623,1.2919,-0.3171,1.486
29.522354155,-0.6782,1.2504,-0.3012,1.454
29.524693617,-0.6911,1.2133,-0.2827,1.425
29.52832254,-0.6950,1.1737,-0.2602,1.389
29.529480925,-0.6857,1.1334,-0.2352,1.345
29.531926463,-0.6764,1.0943,-0.2101,1.304
29.534623386,-0.6642,1.0552,-0.1957,1.262
29.536634771,-0.6498,1.0181,-0.1796,1.221
29.539306848,-0.6298,0.9861,-0.1595,1.181
29.542533848,-0.6139,0.9602,-0.1425,1.149
29.543841925,-0.5972,0.9341,-0.1381,1.117
29.546990155,-0.5850,0.9162,-0.1444,1.097
29.549014463,-0.5790,0.9031,-0.1446,1.082
29.551322771,-0.5762,0.8940,-0.1339,1.072
29.553781848,-0.5716,0.8793,-0.1449,1.059
29.556553232,-0.5636,0.8693,-0.1542,1.047
29.559378155,-0.5526,0.8542,-0.1637,1.030
29.560943694,-0.5410,0.8393,-0.1654,1.012
29.563508925,-0.5340,0.8224,-0.1786,0.997
29.567989002,-0.5173,0.8011,-0.1864,0.972
29.568916002,-0.4979,0.7848,-0.1852,0.948
29.570676694,-0.4778,0.7764,-0.1791,0.929
29.572964002,-0.4544,0.7596,-0.1639,0.900
29.57562154,-0.4255,0.7401,-0.1378,0.865
29.578246463,-0.3882,0.7110,-0.1029,0.817
29.580476078,-0.3442,0.6834,-0.0671,0.768
29.582769309,-0.3090,0.6546,-0.0393,0.725
29.585865617,-0.2838,0.6389,-0.0340,0.700
29.587577002,-0.2638,0.6231,-0.0513,0.679
29.590832925,-0.2510,0.6159,-0.0780,0.670
29.593523078,-0.2315,0.6140,-0.0874,0.662
29.595065309,-0.2636,0.6245,-0.1009,0.685
29.597095463,-0.2606,0.6120,-0.1102,0.674
29.604762771,-0.2354,0.5766,-0.1162,0.634
29.605739694,-0.2061,0.5407,-0.1078,0.589
29.606536617,-0.1805,0.5239,-0.0950,0.562
29.607626155,-0.1595,0.5121,-0.0945,0.545
29.615266232,-0.1333,0.4908,-0.0992,0.518
29.616280925,-0.0986,0.4557,-0.1034,0.478
29.616561925,-0.0724,0.4322,-0.0950,0.448
29.616848694,-0.0576,0.4244,-0.0913,0.438
29.618987078,-0.0502,0.4205,-0.0941,0.434
29.621072925,-0.0439,0.4142,-0.0894,0.426
29.624502155,-0.0419,0.4121,-0.0820,0.422
29.629335771,-0.0427,0.4134,-0.0862,0.424
29.630143155,-0.0507,0.4127,-0.0941,0.426
29.631391771,-0.0663,0.4139,-0.1069,0.433
29.633899078,-0.0732,0.4137,-0.1229,0.438
29.635403771,-0.0822,0.4176,-0.1360,0.447
29.638871694,-0.0954,0.4149,-0.1481,0.451
29.641431386,-0.1069,0.4163,-0.1488,0.455
29.642907155,-0.1206,0.4163,-0.1476,0.458
29.645388694,-0.1350,0.4154,-0.1493,0.462
29.648542771,-0.1523,0.4144,-0.1558,0.468
29.650709309,-0.1692,0.4156,-0.1563,0.475
29.652652002,-0.1851,0.4119,-0.1558,0.478
29.65492154,-0.1954,0.4119,-0.1542,0.481
29.657864617,-0.2083,0.4070,-0.1568,0.483
29.659693848,-0.2208,0.4029,-0.1632,0.488
29.66226254,-0.2301,0.3993,-0.1700,0.491
29.664648925,-0.2450,0.3970,-0.1800,0.500
29.667457232,-0.2576,0.3929,-0.1866,0.506
29.670826155,-0.2687,0.3897,-0.1908,0.510
29.672096002,-0.2838,0.3851,-0.1957,0.517
29.674741617,-0.2943,0.3867,-0.1930,0.523
29.676622232,-0.2929,0.3727,-0.1844,0.509
29.679068694,-0.2948,0.3739,-0.1815,0.510
29.681580309,-0.2911,0.3613,-0.1661,0.493
29.683982848,-0.2882,0.3545,-0.1421,0.478
29.686236617,-0.2813,0.3513,-0.1309,0.469
29.688758771,-0.2748,0.3480,-0.1234,0.460
29.695335694,-0.2677,0.3450,-0.1143,0.451
29.696266463,-0.2667,0.3452,-0.1006,0.448
29.69656954,-0.2631,0.3431,-0.0860,0.441
29.698466155,-0.2587,0.3467,-0.0782,0.440
29.705315078,-0.2535,0.3440,-0.0720,0.433
29.706011078,-0.2543,0.3399,-0.0691,0.430
29.706389848,-0.2538,0.3333,-0.0626,0.424
29.717513848,-0.2543,0.3271,-0.0589,0.419
29.718332694,-0.2562,0.3203,-0.0662,0.415
29.718898232,-0.2623,0.3115,-0.0780,0.415
29.719187694,-0.2743,0.3140,-0.0920,0.427
29.719596078,-0.2880,0.3003,-0.1048,0.429
29.720006463,-0.2836,0.2756,-0.1143,0.412
29.724031463,-0.2938,0.2600,-0.1253,0.412
29.725397232,-0.2978,0.2478,-0.1344,0.410
29.727114155,-0.3041,0.2297,-0.1407,0.406
29.730769925,-0.3072,0.2162,-0.1341,0.399
29.732394232,-0.3085,0.2038,-0.1329,0.393
29.734476617,-0.3139,0.1926,-0.1283,0.390
29.737050155,-0.3141,0.1787,-0.1167,0.380
29.740270155,-0.3146,0.1735,-0.1050,0.374
29.741816309,-0.3151,0.1682,-0.0926,0.369
29.744162463,-0.3173,0.1657,-0.0843,0.368
29.746603463,-0.3200,0.1652,-0.0787,0.369
29.749281232,-0.3261,0.1635,-0.0715,0.372
29.751382848,-0.3339,0.1664,-0.0628,0.378
29.754115694,-0.3451,0.1676,-0.0559,0.388
29.757276694,-0.3586,0.1733,-0.0489,0.401
29.758609925,-0.3728,0.1718,-0.0415,0.413
29.761263155,-0.3877,0.1720,-0.0449,0.426
29.763698463,-0.4080,0.1708,-0.0520,0.445
29.766689925,-0.4290,0.1684,-0.0626,0.465
29.768371078,-0.4465,0.1628,-0.0708,0.481
29.770805309,-0.4690,0.1579,-0.0843,0.502
29.773519078,-0.4912,0.1545,-0.1043,0.525
29.775938155,-0.5171,0.1505,-0.1239,0.553
29.777920925,-0.5464,0.1449,-0.1351,0.581
29.780525617,-0.5716,0.1425,-0.1524,0.609
29.782765848,-0.5995,0.1403,-0.1856,0.643
29.785402155,-0.6168,0.1391,-0.2313,0.673
29.788198848,-0.6314,0.1391,-0.2641,0.698
29.790293309,-0.6335,0.1339,-0.2658,0.700
29.792386155,-0.6258,0.1256,-0.2169,0.674
29.794764694,-0.6119,0.1190,-0.1456,0.640
29.797392002,-0.5929,0.1095,-0.0811,0.608
29.799882155,-0.5655,0.1002,-0.0405,0.576
29.802899771,-0.5377,0.0934,-0.0139,0.546
29.809994155,-0.5112,0.0843,0.0000,0.518
29.810634771,-0.4927,0.0750,-0.0002,0.498
29.811350848,-0.4809,0.0726,-0.0142,0.487
29.811782155,-0.4770,0.0746,-0.0371,0.484
29.820807463,-0.4812,0.0755,-0.0589,0.491
29.821805617,-0.4973,0.0782,-0.0728,0.509
29.822015155,-0.5228,0.0851,-0.0771,0.535
29.822171771,-0.5499,0.0892,-0.0820,0.563
29.832965309,-0.5890,0.0939,-0.1009,0.605
29.833746232,-0.6305,0.0988,-0.1400,0.653
29.83396654,-0.6815,0.1065,-0.1940,0.717
29.834313309,-0.7280,0.1178,-0.2567,0.781
29.834503694,-0.7783,0.1319,-0.3119,0.849
29.835648386,-0.8166,0.1549,-0.3577,0.905
29.838813309,-0.8513,0.1820,-0.3829,0.951
29.84053354,-0.8846,0.2175,-0.3948,0.993
29.842819771,-0.9144,0.2625,-0.3897,1.028
29.845734155,-0.9481,0.3077,-0.3776,1.066
29.847842463,-0.9735,0.3536,-0.3594,1.096
29.850716386,-0.9969,0.3951,-0.3457,1.127
29.853021848,-1.0204,0.4342,-0.3369,1.159
29.855168386,-1.0460,0.4652,-0.3320,1.192
29.857615694,-1.0719,0.4926,-0.3369,1.227
29.859905617,-1.1005,0.5099,-0.3401,1.260
29.862557309,-1.1311,0.5278,-0.3462,1.295
29.867567386,-1.1687,0.5434,-0.3469,1.335
29.868372925,-1.2073,0.5478,-0.3518,1.372
29.869608309,-1.2428,0.5426,-0.3518,1.401
29.872784386,-1.2736,0.5311,-0.3494,1.423
29.874252079,-1.3011,0.5227,-0.3430,1.444
29.877058463,-1.3219,0.5114,-0.3264,1.455
29.879325002,-1.3312,0.4955,-0.3315,1.459
29.881613309,-1.3244,0.4782,-0.3289,1.446
29.884219079,-1.2990,0.4622,-0.3184,1.415
29.886722232,-1.2589,0.4477,-0.3095,1.371
29.889585617,-1.2073,0.4324,-0.3032,1.318
29.891171694,-1.1453,0.4219,-0.2965,1.256
29.893873617,-1.0796,0.4073,-0.2914,1.190
29.896121925,-1.0158,0.3983,-0.2753,1.125
29.898592617,-0.9582,0.3883,-0.2595,1.066
29.900925002,-0.9044,0.3765,-0.2621,1.014
29.910469617,-0.8587,0.3646,-0.2760,0.973
29.911336079,-0.8262,0.3460,-0.2837,0.940
29.911840925,-0.8040,0.3289,-0.2937,0.917
29.912308617,-0.7915,0.3162,-0.3105,0.907
29.922440694,-0.7871,0.2996,-0.3264,0.903
29.923318155,-0.7830,0.2903,-0.3308,0.898
29.923554232,-0.7805,0.2786,-0.2921,0.879
29.923758463,-0.7854,0.2532,-0.2621,0.866
29.923964925,-0.7866,0.2097,-0.3181,0.874
29.925018463,-0.7917,0.1302,-0.4421,0.916
29.927882463,-0.8086,0.0093,-0.5685,0.988
29.933520694,-0.8541,-0.1184,-0.6240,1.064
29.934653617,-0.8625,-0.3121,-0.8573,1.256
29.935259155,-0.8526,-0.4069,-1.1803,1.512
29.938310771,-0.8753,-0.2969,-1.4165,1.691
29.939286771,-0.9684,0.0499,-1.4917,1.779
29.941743694,-1.1655,0.5812,-1.4519,1.950
29.944681617,-1.4167,1.0887,-1.4470,2.299
29.946911386,-1.8171,1.7230,-1.3757,2.857
29.948935463,-2.2894,2.2839,-1.4693,3.552
29.951612925,-2.8948,2.9462,-0.9858,4.246
29.955226463,-3.3336,3.4060,-0.2087,4.770
29.956554771,-3.4970,3.5436,0.4727,5.001
29.958976386,-3.4201,3.4603,1.0835,4.984
29.961265232,-3.0819,3.1937,1.8694,4.816
29.963629002,-2.6270,2.8919,2.5046,4.641
29.966047079,-2.1108,2.6152,2.8716,4.421
29.968459155,-1.6483,2.4080,3.0414,4.215
29.971714848,-1.2386,2.2478,2.9144,3.883
29.973466232,-0.8914,2.1180,2.7876,3.613
29.975660617,-0.6476,2.0381,2.1792,3.053
29.978309232,-0.3596,1.8942,0.7446,2.067
29.980768925,0.0655,1.5630,-0.7379,1.730
29.982656694,0.4400,1.1906,-1.1192,1.692
29.985793309,0.6902,0.8786,-1.2145,1.650
29.988324386,0.8360,0.6345,-1.3317,1.696
29.990144925,0.9320,0.3939,-1.5364,1.840
29.992481002,1.0686,0.0064,-1.8629,2.148
29.996728002,1.1131,-0.2579,-1.7723,2.109
29.998010848,1.0884,-0.4392,-1.7628,2.118
29.999935771,0.9301,-0.4939,-1.6911,1.992
30.003371463,0.7249,-0.4758,-1.5631,1.787
30.011180079,0.4913,-0.3861,-1.3823,1.517
30.01209754,0.2688,-0.2317,-1.1380,1.192
30.012449002,0.0606,-0.0341,-0.8646,0.867
30.013124925,-0.1240,0.1591,-0.5986,0.632
30.014168002,-0.2850,0.3455,-0.3638,0.577
30.01688554,-0.4367,0.5356,-0.1437,0.706
30.019004925,-0.5181,0.6494,0.0046,0.831
30.024135155,-0.5261,0.6614,0.0894,0.850
30.024548925,-0.6234,0.8283,0.2526,1.067
30.026305232,-0.6789,0.9385,0.2733,1.190
30.028693848,-0.7223,1.0310,0.3004,1.294
30.035124694,-0.7492,1.0953,0.2843,1.357
30.03574154,-0.7693,1.1481,0.2266,1.400
30.035966232,-0.7873,1.1871,0.1434,1.432
30.038170771,-0.8086,1.2316,0.0488,1.474
30.040569309,-0.8313,1.2683,-0.0354,1.517
30.043370155,-0.8634,1.3003,-0.1034,1.564
30.046083155,-0.8895,1.3220,-0.1549,1.601
30.047965617,-0.9168,1.3357,-0.1847,1.631
30.050761848,-0.9412,1.3501,-0.1908,1.657
30.052860925,-0.9561,1.3492,-0.1889,1.664
30.055198232,-0.9722,1.3328,-0.1893,1.661
30.057879463,-0.9769,1.2991,-0.1901,1.637
30.060492079,-0.9720,1.2502,-0.1691,1.593
30.062654848,-0.9542,1.1920,-0.1803,1.538
30.064915771,-0.9319,1.1388,-0.2064,1.486
30.06738654,-0.9058,1.0860,-0.2243,1.432
30.069812925,-0.8765,1.0354,-0.2350,1.377
30.07205454,-0.8475,0.9919,-0.2059,1.321
30.074506232,-0.8157,0.9588,-0.1612,1.269
30.07768154,-0.7832,0.9378,-0.1246,1.228
30.079766232,-0.7397,0.9152,-0.1031,1.181
30.081747079,-0.6933,0.8998,-0.0869,1.139
30.084632386,-0.6400,0.8882,-0.0838,1.098
30.087445309,-0.5824,0.8752,-0.0880,1.055
30.088999463,-0.5261,0.8632,-0.0933,1.015
30.092009925,-0.4665,0.8493,-0.1062,0.975
30.093888309,-0.4092,0.8381,-0.1190,0.940
30.096402232,-0.3527,0.8251,-0.1341,0.907
30.098843771,-0.3055,0.8172,-0.1505,0.885
30.101262232,-0.2689,0.8134,-0.1688,0.873
30.107342232,-0.2415,0.8155,-0.1864,0.871
30.108066155,-0.2237,0.8221,-0.2008,0.875
30.108522232,-0.2140,0.8351,-0.2091,0.887
30.119264002,-0.2137,0.8535,-0.2162,0.906
30.119816386,-0.2293,0.8710,-0.2289,0.929
30.11998254,-0.2543,0.8950,-0.2443,0.962
30.12034154,-0.2794,0.9238,-0.2614,1.000
30.120493617,-0.3048,0.9506,-0.2739,1.035
30.123337925,-0.3375,0.9763,-0.2812,1.071
30.125075079,-0.3679,1.0015,-0.2792,1.103
30.130303386,-0.4018,1.0188,-0.2719,1.128
30.130733002,-0.4297,1.0350,-0.2536,1.149
30.132376617,-0.4546,1.0474,-0.2352,1.166
30.134893002,-0.4786,1.0582,-0.2145,1.181
30.137044694,-0.4966,1.0657,-0.1959,1.192
30.139642155,-0.5145,1.0682,-0.1791,1.199
30.142032925,-0.5245,1.0643,-0.1683,1.198
30.144571386,-0.5291,1.0613,-0.1561,1.196
30.146936617,-0.5289,1.0550,-0.1542,1.190
30.149585925,-0.5294,1.0487,-0.1605,1.186
30.151973002,-0.5257,1.0435,-0.1705,1.181
30.154097848,-0.5226,1.0394,-0.1810,1.177
30.15659354,-0.5123,1.0330,-0.1879,1.168
30.159761232,-0.5022,1.0273,-0.1982,1.161
30.16258654,-0.4932,1.0230,-0.2054,1.154
30.163629925,-0.4821,1.0210,-0.2106,1.149
30.166388079,-0.4700,1.0168,-0.2131,1.140
30.168704694,-0.4627,1.0084,-0.2131,1.130
30.171125617,-0.4483,1.0049,-0.2057,1.119
30.174193925,-0.4374,0.9979,-0.1957,1.107
30.175809309,-0.4201,0.9930,-0.1942,1.096
30.17834954,-0.4087,0.9809,-0.1928,1.080
30.180812925,-0.4036,0.9734,-0.1868,1.070
30.182991079,-0.3959,0.9604,-0.1844,1.055
30.185716617,-0.3857,0.9474,-0.1800,1.039
30.18781454,-0.3803,0.9372,-0.1776,1.027
30.190288617,-0.3761,0.9267,-0.1820,1.017
30.192809617,-0.3689,0.9189,-0.1852,1.007
30.195188925,-0.3615,0.9126,-0.1942,1.001
30.198487079,-0.3539,0.9038,-0.2008,0.991
30.200326232,-0.3468,0.8982,-0.2157,0.987
30.206796386,-0.3417,0.8882,-0.2320,0.980
30.207636002,-0.3332,0.8849,-0.2499,0.978
30.208703463,-0.3270,0.8786,-0.2726,0.976
30.219930848,-0.3202,0.8773,-0.2912,0.978
30.220969232,-0.3114,0.8724,-0.3039,0.975
30.22188954,-0.2985,0.8742,-0.3117,0.975
30.222248925,-0.2874,0.8810,-0.3144,0.979
30.222454232,-0.2811,0.8898,-0.3132,0.984
30.22266554,-0.2701,0.8984,-0.3098,0.988
30.224901002,-0.2640,0.9033,-0.3063,0.990
30.231244309,-0.2615,0.9091,-0.3075,0.995
30.231886232,-0.2633,0.9176,-0.3163,1.006
30.23214254,-0.2633,0.9184,-0.3210,1.008
30.233805848,-0.2596,0.9192,-0.3317,1.011
30.236109232,-0.2596,0.9150,-0.3396,1.010
30.242875771,-0.2576,0.9150,-0.3447,1.011
30.243605002,-0.2587,0.9091,-0.3457,1.006
30.244202155,-0.2638,0.9050,-0.3391,1.002
30.246008002,-0.2662,0.9023,-0.3345,0.998
30.248250155,-0.2677,0.9015,-0.3328,0.998
30.250468386,-0.2738,0.8974,-0.3163,0.990
30.252879386,-0.2789,0.8987,-0.2925,0.985
30.255826232,-0.2794,0.8982,-0.2746,0.980
30.257935771,-0.2813,0.9003,-0.2618,0.979
30.260155694,-0.2797,0.9001,-0.2558,0.977
30.262651694,-0.2806,0.9001,-0.2511,0.976
30.265016386,-0.2787,0.8945,-0.2462,0.969
30.268790232,-0.2780,0.8925,-0.2492,0.967
30.269868309,-0.2750,0.8861,-0.2499,0.961
30.272306771,-0.2680,0.8842,-0.2499,0.957
30.275751771,-0.2748,0.8801,-0.2509,0.956
30.27857854,-0.2706,0.8828,-0.2529,0.957
30.279893232,-0.2528,0.8796,-0.2485,0.948
30.281834771,-0.2398,0.8845,-0.2418,0.948
30.284850463,-0.2249,0.8861,-0.2350,0.944
30.286612617,-0.2047,0.8859,-0.2292,0.938
30.289258232,-0.1881,0.8905,-0.2224,0.937
30.291578771,-0.1690,0.8966,-0.2152,0.937
30.298903771,-0.1541,0.9057,-0.2126,0.943
30.299461232,-0.1409,0.9164,-0.2126,0.951
30.299623386,-0.1240,0.9216,-0.2182,0.955
30.303062232,-0.1159,0.9267,-0.2206,0.960
30.303419079,-0.1084,0.9304,-0.2211,0.962
30.305973309,-0.1043,0.9329,-0.2260,0.966
30.308359463,-0.1052,0.9362,-0.2260,0.969
30.311678463,-0.1079,0.9369,-0.2196,0.968
30.31318254,-0.1062,0.9380,-0.2071,0.966
30.315532617,-0.1079,0.9392,-0.1937,0.965
30.323390771,-0.1401,0.9409,-0.1808,0.968
30.323774771,-0.1269,0.9241,-0.2113,0.956
30.323910463,-0.1285,0.9262,-0.1622,0.949
30.325924386,-0.1223,0.9216,-0.1470,0.941
30.327680309,-0.1236,0.9167,-0.1321,0.934
30.329976617,-0.1196,0.9099,-0.1209,0.926
30.332505309,-0.1133,0.9055,-0.1192,0.920
30.335001232,-0.1001,0.8984,-0.1123,0.911
30.337230848,-0.0852,0.8952,-0.1118,0.906
30.339869002,-0.0696,0.8889,-0.1136,0.899
30.343039155,-0.0586,0.8866,-0.1082,0.895
30.34438654,-0.0507,0.8857,-0.1036,0.893
30.346900617,-0.0405,0.8898,-0.1078,0.897
30.349351386,-0.0351,0.8928,-0.1139,0.901
30.351954463,-0.0270,0.8989,-0.1174,0.907
30.354116694,-0.0219,0.9045,-0.1253,0.913
30.357993232,-0.0178,0.9143,-0.1363,0.925
30.35993054,-0.0167,0.9260,-0.1486,0.938
30.362118155,-0.0104,0.9378,-0.1581,0.951
30.364226155,-0.0106,0.9478,-0.1654,0.962
30.368668386,-0.0070,0.9590,-0.1725,0.974
30.370300925,-0.0067,0.9685,-0.1781,0.985
30.371260079,-0.0018,0.9756,-0.1891,0.994
30.373992002,0.0030,0.9844,-0.1952,1.004
30.375979771,0.0068,0.9861,-0.1998,1.006
30.378584309,0.0110,0.9868,-0.2006,1.007
30.381005232,0.0217,0.9881,-0.1930,1.007
30.383565309,0.0315,0.9917,-0.1920,1.011
30.385587771,0.0405,0.9914,-0.1879,1.010
30.387920309,0.0533,0.9886,-0.1805,1.006
30.391226463,0.0615,0.9895,-0.1754,1.007
30.393425309,0.0675,0.9874,-0.1722,1.005
30.395350155,0.0736,0.9856,-0.1717,1.003
30.397827463,0.0762,0.9844,-0.1759,1.003
30.400940694,0.0771,0.9853,-0.1803,1.005
30.402471155,0.0808,0.9830,-0.1908,1.005
30.404954463,0.0823,0.9834,-0.1930,1.006
30.407451386,0.0820,0.9917,-0.1854,1.012
30.415488694,0.0757,0.9954,-0.1763,1.014
30.416009232,0.0669,1.0042,-0.1530,1.018
30.41628154,0.0596,1.0068,-0.1288,1.017
30.417711079,0.0464,1.0112,-0.1109,1.018
30.420053925,0.0347,1.0140,-0.1021,1.020
30.42200954,0.0203,1.0147,-0.1016,1.020
30.424269848,0.0034,1.0130,-0.1139,1.019
30.432601925,-0.0141,1.0112,-0.1329,1.020
30.433432694,-0.0276,1.0063,-0.1546,1.019
30.434025848,-0.0461,1.0019,-0.1722,1.018
30.434300079,-0.0637,0.9946,-0.1910,1.015
30.436032925,-0.0810,0.9856,-0.1961,1.008
30.438458155,-0.1010,0.9770,-0.2006,1.003
30.442070155,-0.1184,0.9704,-0.1971,0.997
30.443267694,-0.1269,0.9626,-0.1910,0.990
30.445613617,-0.1338,0.9546,-0.1835,0.981
30.448239463,-0.1394,0.9443,-0.1759,0.971
30.450711771,-0.1462,0.9382,-0.1763,0.966
30.45293454,-0.1487,0.9321,-0.1864,0.962
30.456036386,-0.1534,0.9277,-0.2006,0.961
30.459071771,-0.1570,0.9243,-0.2131,0.961
30.460162463,-0.1529,0.9248,-0.2226,0.963
30.462743386,-0.1518,0.9292,-0.2299,0.969
30.465229925,-0.1465,0.9329,-0.2345,0.973
30.467721002,-0.1446,0.9353,-0.2348,0.975
30.470264386,-0.1421,0.9402,-0.2287,0.978
30.47252254,-0.1438,0.9467,-0.2171,0.982
30.476146771,-0.1531,0.9502,-0.2145,0.986
30.477398771,-0.1644,0.9497,-0.2079,0.986
30.480486848,-0.1765,0.9509,-0.1973,0.987
30.483240002,-0.1863,0.9563,-0.1991,0.994
30.484462771,-0.1993,0.9607,-0.2006,1.001
30.486863694,-0.2095,0.9590,-0.1998,1.002
30.48930254,-0.2175,0.9665,-0.1971,1.010
30.491999694,-0.2208,0.9683,-0.1889,1.011
30.493931463,-0.2247,0.9663,-0.1796,1.008
30.496680617,-0.2261,0.9663,-0.1683,1.007
30.504762155,-0.2247,0.9639,-0.1607,1.003
30.505616925,-0.2293,0.9621,-0.1505,1.000
30.506050155,-0.2330,0.9595,-0.1344,0.996
30.506302232,-0.2377,0.9572,-0.1221,0.994
30.515048386,-0.2464,0.9597,-0.1136,0.997
30.515544694,-0.2540,0.9646,-0.1106,1.004
30.515987079,-0.2589,0.9697,-0.1092,1.010
30.516312694,-0.2618,0.9770,-0.1018,1.017
30.518955079,-0.2618,0.9926,-0.1029,1.032
30.520680694,-0.2655,1.0047,-0.1073,1.045
30.523902232,-0.2615,1.0237,-0.1099,1.062
30.525258155,-0.2606,1.0361,-0.1131,1.074
30.527826463,-0.2582,1.0447,-0.1121,1.082
30.53065854,-0.2520,1.0547,-0.1062,1.090
30.532906463,-0.2482,1.0571,-0.1060,1.091
30.534979155,-0.2415,1.0562,-0.1172,1.090
30.538143155,-0.2322,1.0503,-0.1243,1.083
30.540977617,-0.2196,1.0454,-0.1324,1.076
30.542316386,-0.2079,1.0361,-0.1519,1.068
30.544686463,-0.1990,1.0320,-0.1730,1.065
30.547170232,-0.1902,1.0277,-0.1854,1.061
30.549788079,-0.1849,1.0281,-0.1920,1.062
30.551957925,-0.1870,1.0261,-0.1969,1.061
30.554631771,-0.1937,1.0257,-0.2008,1.063
30.557138771,-0.2019,1.0242,-0.2022,1.063
30.559180617,-0.2168,1.0254,-0.2071,1.068
30.561689232,-0.2259,1.0266,-0.2155,1.073
30.565989617,-0.2403,1.0264,-0.2206,1.077
30.567024002,-0.2623,1.0261,-0.2276,1.083
30.569028617,-0.2794,1.0289,-0.2308,1.091
30.571429617,-0.2965,1.0315,-0.2280,1.097
30.574088386,-0.3063,1.0403,-0.2194,1.106
30.576757309,-0.3151,1.0469,-0.2071,1.113
30.578942848,-0.3219,1.0592,-0.1949,1.124
30.581007155,-0.3239,1.0765,-0.1812,1.139
30.583652386,-0.3251,1.0939,-0.1679,1.153
30.586177002,-0.3290,1.1168,-0.1624,1.176
30.588179694,-0.3209,1.1400,-0.1544,1.194
30.590726848,-0.3144,1.1625,-0.1267,1.211
30.59342954,-0.3065,1.1852,-0.0957,1.228
30.595893002,-0.2938,1.2080,-0.0640,1.245
30.604023771,-0.2797,1.2262,-0.0227,1.258
30.604756079,-0.2648,1.2465,0.0180,1.274
30.604994155,-0.2510,1.2651,0.0383,1.290
30.605334848,-0.2342,1.2932,0.0353,1.315
30.616589002,-0.2083,1.3245,0.0139,1.341
30.617738771,-0.1797,1.3555,-0.0261,1.368
30.618010848,-0.1404,1.3782,-0.0671,1.387
30.618233848,-0.0923,1.4012,-0.1080,1.408
30.618660386,-0.0375,1.4212,-0.1397,1.429
30.619542232,0.0188,1.4335,-0.1661,1.443
30.622245617,0.0696,1.4423,-0.1740,1.454
30.62709354,0.1136,1.4508,-0.1742,1.466
30.627808079,0.1551,1.4633,-0.1647,1.481
30.629915079,0.1845,1.4759,-0.1539,1.495
30.631596925,0.1969,1.4847,-0.1544,1.506
30.633788079,0.2052,1.4938,-0.1579,1.516
30.638530848,0.2020,1.5033,-0.1617,1.525
30.638915386,0.1898,1.5082,-0.1619,1.529
30.641206155,0.1784,1.5141,-0.1517,1.532
30.643999386,0.1612,1.5131,-0.1285,1.527
30.648197232,0.1446,1.5113,-0.1018,1.522
30.648671771,0.1204,1.5118,-0.0806,1.519
30.650715771,0.0901,1.5194,-0.0633,1.523
30.654141848,0.0557,1.5400,-0.0533,1.542
30.656430232,0.0166,1.5675,-0.0424,1.568
30.657960694,-0.0221,1.5964,-0.0230,1.597
30.660778848,-0.0512,1.6238,0.0119,1.625
30.663007694,-0.0779,1.6440,0.0519,1.647
30.665353848,-0.0942,1.6565,0.0847,1.661
30.667881617,-0.1015,1.6629,0.0879,1.668
30.670388925,-0.1128,1.6618,0.0830,1.668
30.673132079,-0.1167,1.6562,0.0668,1.662
30.67485054,-0.1084,1.6518,0.0514,1.656
30.677553232,-0.0913,1.6482,0.0532,1.652
30.682032002,-0.0688,1.6511,0.0720,1.654
30.683417002,-0.0519,1.6594,0.0915,1.663
30.684607386,-0.0346,1.6665,0.1262,1.672
30.687186232,-0.0207,1.6687,0.1680,1.677
30.690017925,-0.0121,1.6653,0.2019,1.678
30.691922463,-0.0072,1.6518,0.2181,1.666
30.694484386,-0.0036,1.6287,0.2091,1.642
30.698585002,0.0026,1.5979,0.1749,1.607
30.699575463,0.0127,1.5597,0.1189,1.564
30.701827694,0.0276,1.5204,0.0514,1.522
30.704722232,0.0352,1.4887,-0.0344,1.489
30.714277232,0.0615,1.4419,-0.1141,1.448
30.714781309,0.1055,1.3816,-0.1725,1.396
30.714978463,0.1507,1.3254,-0.2294,1.354
30.715155694,0.1852,1.2788,-0.2812,1.322
30.716799463,0.2194,1.2427,-0.3389,1.307
30.718397232,0.2580,1.2101,-0.3921,1.298
30.720697617,0.3140,1.1887,-0.4107,1.296
30.725883694,0.3555,1.1693,-0.4530,1.303
30.72667854,0.3816,1.1454,-0.5096,1.310
30.729016694,0.4051,1.1251,-0.5372,1.311
30.736497925,0.4258,1.1051,-0.5348,1.299
30.737608002,0.4425,1.0990,-0.5325,1.299
30.73797454,0.4486,1.1007,-0.5348,1.303
30.738324309,0.4544,1.1100,-0.5409,1.316
30.740410771,0.4628,1.1181,-0.5499,1.329
30.74317754,0.4628,1.1286,-0.5807,1.351
30.745308386,0.4591,1.1381,-0.6340,1.381
30.747658232,0.4556,1.1519,-0.6762,1.411
30.749610848,0.4390,1.1715,-0.6760,1.422
30.752729309,0.4278,1.1889,-0.6466,1.419
30.755465848,0.4195,1.2036,-0.5930,1.406
30.756869232,0.4151,1.2204,-0.5450,1.400
30.759264002,0.4172,1.2331,-0.4942,1.392
30.762276925,0.4216,1.2390,-0.4476,1.383
30.764213232,0.4216,1.2309,-0.4099,1.364
30.767053925,0.3906,1.2221,-0.3618,1.333
30.769054155,0.3354,1.2204,-0.3035,1.302
30.772258232,0.2502,1.2287,-0.2543,1.279
30.774089309,0.1417,1.2387,-0.2257,1.267
30.776332925,0.0181,1.2541,-0.2189,1.273
30.778819386,-0.1204,1.2721,-0.2670,1.305
30.781129309,-0.2652,1.2858,-0.3450,1.357
30.783470771,-0.4140,1.2915,-0.4561,1.431
30.786158771,-0.5657,1.2861,-0.5397,1.505
30.788797002,-0.7123,1.2719,-0.5863,1.571
30.790653617,-0.8296,1.2399,-0.5863,1.603
30.79333354,-0.9161,1.1991,-0.5851,1.618
30.79682154,-0.9896,1.1615,-0.5744,1.630
30.798019155,-1.0747,1.1432,-0.5229,1.654
30.800540386,-1.1909,1.1510,-0.4092,1.706
30.803032309,-1.2833,1.1561,-0.2932,1.752
30.809823463,-1.3696,1.1603,-0.1959,1.806
30.810470848,-1.4416,1.1647,-0.0872,1.855
30.810983694,-1.4878,1.1686,0.0321,1.892
30.812302232,-1.4995,1.1468,0.1136,1.891
30.819277925,-1.4772,1.1637,0.1697,1.888
30.819980694,-1.4294,1.1637,0.1783,1.852
30.820206771,-1.3512,1.1437,0.1580,1.777
30.832340694,-1.2591,1.1200,0.1201,1.689
30.833073232,-1.1690,1.1095,0.1079,1.615
30.833373232,-1.0920,1.1237,0.0808,1.569
30.833604386,-1.0221,1.1295,0.0859,1.526
30.833820079,-0.9579,1.1300,0.0498,1.482
30.834302232,-0.8748,1.1356,0.0141,1.434
30.836700925,-0.8182,1.1544,-0.0019,1.415
30.839009309,-0.7727,1.1854,-0.0324,1.415
30.841499386,-0.7419,1.2148,-0.0689,1.425
30.843781617,-0.7226,1.2541,-0.1018,1.451
30.846153232,-0.7036,1.2926,-0.1397,1.478
30.848545232,-0.6822,1.3291,-0.1998,1.507
30.851143155,-0.6519,1.3680,-0.2618,1.538
30.854242463,-0.6102,1.3897,-0.3268,1.553
30.85566954,-0.5765,1.4109,-0.3207,1.558
30.858255155,-0.5431,1.4254,-0.3156,1.558
30.86070154,-0.5173,1.4391,-0.3207,1.563
30.863119694,-0.4807,1.4349,-0.3210,1.547
30.865993309,-0.4534,1.4234,-0.3381,1.532
30.868110463,-0.4409,1.4327,-0.3342,1.536
30.871223155,-0.4343,1.4219,-0.3127,1.519
30.872694232,-0.4390,1.4095,-0.2905,1.505
30.87523754,-0.4427,1.3907,-0.2853,1.487
30.878263386,-0.4499,1.3648,-0.2636,1.461
30.880463771,-0.4651,1.3347,-0.2426,1.434
30.88226954,-0.4919,1.3019,-0.2401,1.412
30.884957002,-0.5123,1.2644,-0.2357,1.384
30.88756954,-0.5296,1.2229,-0.2243,1.351
30.889632694,-0.5420,1.1910,-0.2013,1.324
30.892090771,-0.5518,1.1598,-0.1698,1.296
30.895016925,-0.5513,1.1307,-0.1441,1.266
30.897372002,-0.5499,1.0967,-0.1197,1.233
30.899209232,-0.5387,1.0652,-0.1067,1.198
30.909024002,-0.5357,1.0340,-0.1013,1.169
30.910114771,-0.5333,1.0098,-0.0997,1.146
30.91057754,-0.5342,0.9868,-0.1062,1.127
30.910959386,-0.5315,0.9632,-0.1031,1.105
30.911250848,-0.5284,0.9453,-0.1001,1.088
30.927877925,-0.5291,0.9316,-0.1026,1.076
30.928620079,-0.5266,0.9167,-0.1011,1.062
30.928855386,-0.5184,0.8964,-0.0950,1.040
30.929456002,-0.5093,0.8835,-0.0857,1.023
30.929900694,-0.5047,0.8749,-0.0796,1.013
30.930274771,-0.5091,0.8747,-0.0623,1.014
30.930630771,-0.5079,0.8710,-0.0594,1.010
30.930988925,-0.4981,0.8637,-0.0550,0.999
30.933024617,-0.4898,0.8598,-0.0400,0.990
30.937188925,-0.4597,0.8456,-0.0210,0.963
30.937792617,-0.4353,0.8325,0.0043,0.939
30.940688002,-0.4013,0.8102,0.0430,0.905
30.943195694,-0.3720,0.7909,0.0647,0.876
30.945138848,-0.3593,0.7764,0.0845,0.860
30.947366463,-0.3488,0.7667,0.0715,0.845
30.950696079,-0.3332,0.7430,0.0251,0.815
30.952529002,-0.3178,0.7256,-0.0139,0.792
30.954912386,-0.3070,0.7073,-0.0342,0.772
30.95711754,-0.3043,0.7000,-0.0489,0.765
30.959677617,-0.3018,0.6885,-0.0635,0.754
30.962218771,-0.2899,0.6702,-0.0743,0.734
30.964965309,-0.2797,0.6516,-0.0825,0.714
30.966909848,-0.2748,0.6424,-0.0943,0.705
30.970091463,-0.2618,0.6336,-0.1031,0.693
30.971648925,-0.2450,0.6233,-0.1136,0.679
30.974128925,-0.2259,0.6069,-0.1243,0.659
30.976476079,-0.2093,0.5979,-0.1358,0.648
30.978981617,-0.1973,0.5828,-0.1312,0.629
30.981106771,-0.1824,0.5703,-0.1246,0.612
30.983714848,-0.1678,0.5586,-0.1143,0.594
30.986636925,-0.1560,0.5429,-0.1087,0.575
30.988488386,-0.1450,0.5258,-0.1006,0.555
30.990819386,-0.1380,0.5141,-0.1041,0.542
30.993585002,-0.1316,0.5034,-0.1143,0.533
30.995854848,-0.1267,0.4953,-0.1248,0.526
30.998142232,-0.1280,0.4818,-0.1316,0.516
31.00069354,-0.1316,0.4691,-0.1432,0.508
31.003764925,-0.1285,0.4659,-0.1579,0.508
31.005817617,-0.1269,0.4633,-0.1681,0.509
31.007938771,-0.1220,0.4545,-0.1644,0.498
31.015939694,-0.1196,0.4442,-0.1561,0.486
31.016783155,-0.1169,0.4342,-0.1505,0.474
31.017134848,-0.1155,0.4281,-0.1500,0.468
31.017441848,-0.1135,0.4176,-0.1486,0.457
31.026683079,-0.1147,0.4114,-0.1470,0.452
31.027340309,-0.1150,0.4034,-0.1483,0.445
31.027625925,-0.1199,0.3983,-0.1505,0.442
31.027843386,-0.1257,0.3916,-0.1539,0.439
31.029272925,-0.1318,0.3904,-0.1558,0.441
31.031846155,-0.1404,0.3853,-0.1568,0.439
31.034328694,-0.1518,0.3841,-0.1573,0.442
31.039375463,-0.1663,0.3823,-0.1551,0.445
31.039895079,-0.1809,0.3790,-0.1512,0.446
31.041645848,-0.2019,0.3811,-0.1497,0.457
31.044048386,-0.2244,0.3829,-0.1532,0.469
31.046354155,-0.2508,0.3907,-0.1573,0.490
31.049121002,-0.2726,0.3972,-0.1526,0.505
31.052684002,-0.2938,0.4029,-0.1458,0.519
31.053440694,-0.3114,0.4105,-0.1441,0.535
31.056089617,-0.3285,0.4198,-0.1307,0.549
31.059238771,-0.3424,0.4352,-0.1234,0.567
31.061209232,-0.3591,0.4496,-0.1148,0.587
31.063450848,-0.3654,0.4554,-0.1021,0.593
31.066271694,-0.3677,0.4638,-0.0880,0.598
31.068008309,-0.3689,0.4689,-0.0669,0.600
31.070895386,-0.3705,0.4703,-0.0449,0.600
31.07287354,-0.3747,0.4750,-0.0298,0.606
31.075461848,-0.3754,0.4767,-0.0179,0.607
31.07784654,-0.3776,0.4769,-0.0051,0.608
31.080197309,-0.3769,0.4725,-0.0026,0.604
31.08271754,-0.3776,0.4650,-0.0019,0.599
31.086205848,-0.3776,0.4517,-0.0065,0.589
31.087391079,-0.3720,0.4422,-0.0149,0.578
31.09028954,-0.3640,0.4244,-0.0227,0.560
31.092389848,-0.3551,0.4095,-0.0303,0.543
31.094923386,-0.3432,0.3888,-0.0305,0.519
31.096836079,-0.3309,0.3694,-0.0271,0.497
31.099778463,-0.3253,0.3485,-0.0237,0.477
31.102467771,-0.3204,0.3264,-0.0254,0.458
31.104204079,-0.3132,0.3042,-0.0324,0.438
31.106970848,-0.3148,0.2879,-0.0461,0.429
31.115435771,-0.3188,0.2658,-0.0626,0.420
31.116397232,-0.3151,0.2446,-0.0840,0.408
31.116863386,-0.3234,0.2253,-0.1021,0.407
31.117387694,-0.3270,0.2041,-0.1219,0.404
31.126700079,-0.3319,0.1920,-0.1327,0.406
31.127497925,-0.3388,0.1779,-0.1444,0.409
31.128068694,-0.3444,0.1649,-0.1647,0.416
31.128421848,-0.3500,0.1540,-0.1830,0.424
31.128740617,-0.3559,0.1493,-0.1881,0.429
31.131257925,-0.3630,0.1428,-0.1842,0.431
31.133889617,-0.3705,0.1388,-0.1742,0.432
31.13832154,-0.3764,0.1342,-0.1668,0.433
31.138882848,-0.3840,0.1291,-0.1695,0.439
31.140746771,-0.3896,0.1256,-0.1824,0.448
31.143536079,-0.3928,0.1200,-0.1954,0.455
31.145841617,-0.3962,0.1174,-0.2077,0.462
31.147610848,-0.3962,0.1170,-0.2175,0.467
31.149836002,-0.4003,0.1146,-0.2224,0.472
31.152295156,-0.4057,0.1170,-0.2245,0.478
31.154714771,-0.4131,0.1212,-0.2308,0.488
31.158347156,-0.4204,0.1317,-0.2306,0.497
31.160224694,-0.4216,0.1381,-0.2215,0.496
31.162072002,-0.4140,0.1383,-0.1989,0.480
31.164806232,-0.4104,0.1351,-0.1698,0.464
31.168110156,-0.4015,0.1288,-0.1441,0.446
31.169279694,-0.3926,0.1188,-0.1255,0.429
31.171747771,-0.3833,0.1056,-0.1031,0.411
31.174372694,-0.3769,0.0904,-0.0806,0.396
31.176997309,-0.3749,0.0765,-0.0601,0.387
31.178939386,-0.3784,0.0660,-0.0381,0.386
31.18163854,-0.3908,0.0572,-0.0249,0.396
31.184857002,-0.4167,0.0555,-0.0181,0.421
31.186147463,-0.4497,0.0540,-0.0191,0.453
31.18866254,-0.4856,0.0506,-0.0293,0.489
31.191506156,-0.5301,0.0557,-0.0461,0.535
31.194112617,-0.5736,0.0608,-0.0711,0.581
31.196994463,-0.6239,0.0701,-0.0938,0.635
31.199010463,-0.6710,0.0880,-0.1195,0.687
31.201340079,-0.7187,0.1032,-0.1416,0.740
31.20296554,-0.7588,0.1261,-0.1600,0.786
31.20570154,-0.7976,0.1528,-0.1732,0.830
31.207944386,-0.8345,0.1871,-0.1842,0.875
31.214586156,-0.8662,0.2236,-0.1868,0.914
31.215285309,-0.8948,0.2646,-0.1833,0.951
31.216481925,-0.9225,0.3059,-0.1796,0.988
31.226691694,-0.9520,0.3460,-0.1791,1.029
31.227367694,-0.9831,0.3829,-0.1877,1.072
31.227609232,-1.0129,0.4139,-0.2003,1.112
31.228105002,-1.0468,0.4388,-0.2184,1.156
31.228305925,-1.0844,0.4620,-0.2343,1.202
31.230530156,-1.1299,0.4880,-0.2497,1.256
31.232799771,-1.1721,0.4953,-0.2590,1.299
31.236644309,-1.2154,0.4980,-0.2623,1.339
31.24092554,-1.2557,0.4948,-0.2595,1.374
31.241927694,-1.3026,0.4931,-0.2562,1.416
31.242483079,-1.3370,0.4906,-0.2511,1.446
31.244016386,-1.3588,0.4750,-0.2524,1.461
31.250524309,-1.3622,0.4545,-0.2543,1.458
31.25101354,-1.3651,0.4388,-0.2583,1.457
31.251488002,-1.3526,0.4202,-0.2543,1.439
31.253618848,-1.3229,0.4046,-0.2585,1.407
31.256051463,-1.2862,0.3919,-0.2502,1.368
31.258643694,-1.2368,0.3821,-0.2341,1.316
31.260749309,-1.1907,0.3753,-0.2308,1.270
31.263644309,-1.1374,0.3662,-0.2380,1.218
31.266927156,-1.0824,0.3560,-0.2475,1.166
31.268035463,-1.0285,0.3489,-0.2555,1.116
31.270609925,-0.9779,0.3469,-0.2573,1.069
31.272910771,-0.9305,0.3424,-0.2558,1.024
31.275284079,-0.8948,0.3318,-0.2580,0.989
31.277711463,-0.8669,0.3240,-0.2541,0.960
31.280212002,-0.8338,0.3101,-0.2514,0.924
31.283632925,-0.8017,0.2947,-0.2311,0.885
31.284868002,-0.7730,0.2665,-0.1490,0.831
31.28735354,-0.7649,0.2089,-0.0330,0.794
31.289921617,-0.7548,0.1217,-0.0340,0.765
31.292384002,-0.7495,-0.0353,-0.0274,0.751
31.294856617,-0.8057,-0.2820,0.0461,0.855
31.297344386,-0.9449,-0.5263,-0.3776,1.146
31.300528925,-0.9859,-0.7683,-1.2482,1.766
31.30191054,-1.0766,-0.7968,-1.9518,2.367
31.304435079,-1.3558,-0.5021,-2.4891,2.879
31.306786156,-1.7480,0.0741,-2.8040,3.305
31.314101309,-2.1306,0.7948,-2.9112,3.694
31.314530156,-2.6099,1.6145,-2.8841,4.211
31.31490154,-3.1680,2.4237,-2.7393,4.839
31.322328079,-3.5698,3.0428,-1.9720,5.088
31.322921309,-3.7194,3.4507,-0.9990,5.171
31.323150232,-3.5892,3.5485,0.1057,5.048
31.336021309,-3.2556,3.4253,1.4514,4.944
31.336845925,-2.8582,3.2614,2.5615,5.037
31.337372617,-2.3568,3.0493,3.3886,5.132
31.337683156,-1.7993,2.8165,3.8938,5.131
31.338050848,-1.2945,2.6137,3.9710,4.927
31.338230232,-0.9024,2.4786,4.0311,4.817
31.338427694,-0.6525,2.4124,3.5330,4.328
31.340413925,-0.5613,2.3689,2.7274,3.656
31.342651386,-0.5435,2.3345,1.5862,2.874
31.345393925,-0.4101,2.2287,-0.5668,2.336
31.347646771,0.0428,1.8830,-2.6550,3.255
31.35024154,0.5334,1.3662,-2.7659,3.131
31.352336002,0.8265,0.9685,-2.4658,2.775
31.355059463,1.0412,0.6277,-2.2939,2.596
31.357663386,1.2436,0.2211,-2.4940,2.796
31.360404079,1.4121,-0.2227,-2.2520,2.667
31.362127694,1.5094,-0.5377,-1.8595,2.455
31.364566771,1.4085,-0.7071,-1.5399,2.203
31.367091771,1.1654,-0.7316,-1.2452,1.856
31.369269925,0.8250,-0.5711,-1.0060,1.421
31.371939386,0.5080,-0.3483,-0.7100,0.940
31.374767156,0.2331,-0.1320,-0.4417,0.517
31.376862232,0.0342,0.0382,-0.2145,0.221
31.379224079,-0.1474,0.1901,-0.0154,0.241
31.382365617,-0.2325,0.3218,0.1245,0.416
31.384104079,-0.3444,0.4415,0.2645,0.619
31.386390771,-0.4951,0.5227,0.3183,0.787
31.388755156,-0.6234,0.5766,0.2559,0.887
31.391807386,-0.6835,0.5568,0.0866,0.886
31.393960002,-0.7341,0.5346,0.0236,0.908
31.396063156,-0.8589,0.6455,-0.0398,1.075
31.39962954,-0.9295,0.7168,-0.1805,1.188
31.400877309,-0.9733,0.7780,-0.2499,1.271
31.403204386,-0.9913,0.8397,-0.2912,1.331
31.405943079,-0.9985,0.9094,-0.2949,1.382
31.412916694,-1.0053,0.9890,-0.2709,1.436
31.413599079,-1.0018,1.0782,-0.2318,1.490
31.413846463,-0.9882,1.1644,-0.1917,1.539
31.429031771,-0.9720,1.2463,-0.1588,1.589
31.429761309,-0.9432,1.3186,-0.1458,1.628
31.429970848,-0.8921,1.3680,-0.1635,1.641
31.430134848,-0.8340,1.4081,-0.1766,1.646
31.430618848,-0.7788,1.4363,-0.1952,1.645
31.430785232,-0.7236,1.4473,-0.2167,1.633
31.43095054,-0.6728,1.4459,-0.2318,1.612
31.432971771,-0.6302,1.4266,-0.2418,1.578
31.434398463,-0.5992,1.3990,-0.2502,1.542
31.436880694,-0.5711,1.3601,-0.2499,1.496
31.440390463,-0.5455,1.3137,-0.2392,1.442
31.441737848,-0.5254,1.2563,-0.2231,1.380
31.444087694,-0.5120,1.2023,-0.1996,1.322
31.446762463,-0.5017,1.1423,-0.1810,1.261
31.449006156,-0.4947,1.0848,-0.1642,1.204
31.451475079,-0.4834,1.0264,-0.1588,1.146
31.454914232,-0.4783,0.9732,-0.1570,1.096
31.457189617,-0.4812,0.9311,-0.1570,1.060
31.458525309,-0.4805,0.8979,-0.1546,1.030
31.461981002,-0.4749,0.8644,-0.1512,0.998
31.464024309,-0.4665,0.8332,-0.1451,0.966
31.46610654,-0.4572,0.8107,-0.1356,0.941
31.468955079,-0.4492,0.7929,-0.1370,0.922
31.471048079,-0.4463,0.7772,-0.1402,0.907
31.47403754,-0.4346,0.7704,-0.1451,0.896
31.475462771,-0.4329,0.7669,-0.1500,0.893
31.478011694,-0.4378,0.7723,-0.1524,0.901
31.481013309,-0.4534,0.7892,-0.1478,0.922
31.483491694,-0.4732,0.8121,-0.1407,0.950
31.486053848,-0.4995,0.8351,-0.1324,0.982
31.488013617,-0.5257,0.8595,-0.1275,1.016
31.490555079,-0.5545,0.8824,-0.1304,1.050
31.492372925,-0.5802,0.9038,-0.1316,1.082
31.495057232,-0.6081,0.9223,-0.1348,1.113
31.498498463,-0.6305,0.9323,-0.1412,1.134
31.49969454,-0.6500,0.9378,-0.1502,1.151
31.502112002,-0.6605,0.9387,-0.1563,1.158
31.504768925,-0.6645,0.9409,-0.1612,1.163
31.511831694,-0.6642,0.9385,-0.1654,1.162
31.512643386,-0.6596,0.9399,-0.1617,1.160
31.513547156,-0.6493,0.9446,-0.1554,1.157
31.514224002,-0.6337,0.9485,-0.1505,1.151
31.522967463,-0.6141,0.9518,-0.1463,1.142
31.523700079,-0.5904,0.9588,-0.1432,1.135
31.524191079,-0.5629,0.9634,-0.1434,1.125
31.524426156,-0.5284,0.9592,-0.1493,1.105
31.526918771,-0.4979,0.9580,-0.1617,1.092
31.529595463,-0.4717,0.9597,-0.1737,1.083
31.533507156,-0.4451,0.9570,-0.1840,1.071
31.534458771,-0.4209,0.9578,-0.1893,1.063
31.535995694,-0.4026,0.9592,-0.1982,1.059
31.53962954,-0.3891,0.9646,-0.1996,1.059
31.541016925,-0.3805,0.9727,-0.1971,1.063
31.543238771,-0.3825,0.9837,-0.1879,1.072
31.546218771,-0.3835,0.9946,-0.1754,1.080
31.548471079,-0.3791,1.0019,-0.1700,1.085
31.550460386,-0.3825,1.0044,-0.1756,1.089
31.552979771,-0.3838,1.0059,-0.1877,1.093
31.555154463,-0.3847,1.0007,-0.2015,1.091
31.557561232,-0.3869,0.9937,-0.2215,1.089
31.560192002,-0.3889,0.9830,-0.2336,1.083
31.562660694,-0.3918,0.9685,-0.2429,1.073
31.565045925,-0.3945,0.9580,-0.2480,1.065
31.56786254,-0.3991,0.9455,-0.2521,1.057
31.570376079,-0.4106,0.9365,-0.2562,1.054
31.573217925,-0.4155,0.9243,-0.2546,1.045
31.574677309,-0.4260,0.9204,-0.2509,1.045
31.577309309,-0.4350,0.9180,-0.2441,1.045
31.579584079,-0.4402,0.9120,-0.2465,1.042
31.581713002,-0.4404,0.9079,-0.2426,1.038
31.584209309,-0.4378,0.9059,-0.2397,1.034
31.58752654,-0.4336,0.9077,-0.2416,1.035
31.588835386,-0.4233,0.9099,-0.2421,1.032
31.591475156,-0.4111,0.9108,-0.2467,1.029
31.593923463,-0.3987,0.9128,-0.2499,1.027
31.597329925,-0.3791,0.9184,-0.2562,1.026
31.598763463,-0.3630,0.9248,-0.2621,1.027
31.60128954,-0.3461,0.9269,-0.2595,1.023
31.603672925,-0.3265,0.9274,-0.2595,1.017
31.607099771,-0.3207,0.9357,-0.2631,1.024
31.609249848,-0.3144,0.9438,-0.2643,1.029
31.61075354,-0.3041,0.9485,-0.2704,1.032
31.618276925,-0.2874,0.9470,-0.2807,1.029
31.619019771,-0.2723,0.9450,-0.2921,1.026
31.619441002,-0.2643,0.9446,-0.3063,1.028
31.620710848,-0.2540,0.9462,-0.3151,1.029
31.629240079,-0.2408,0.9480,-0.3205,1.029
31.629870156,-0.2291,0.9487,-0.3259,1.029
31.630164694,-0.2205,0.9492,-0.3317,1.029
31.630329232,-0.2098,0.9492,-0.3303,1.027
31.632141309,-0.2007,0.9455,-0.3254,1.020
31.634685617,-0.1958,0.9446,-0.3184,1.016
31.63707354,-0.1981,0.9436,-0.3132,1.014
31.642029848,-0.1944,0.9402,-0.3061,1.008
31.642745232,-0.1979,0.9350,-0.3061,1.004
31.644622232,-0.1990,0.9301,-0.3019,0.998
31.646990232,-0.2014,0.9236,-0.2965,0.991
31.649375771,-0.2107,0.9199,-0.2944,0.989
31.651843694,-0.2264,0.9187,-0.2914,0.990
31.654175694,-0.2417,0.9145,-0.2851,0.988
31.656381002,-0.2496,0.9111,-0.2758,0.984
31.65898154,-0.2545,0.9071,-0.2704,0.980
31.661544617,-0.2569,0.8991,-0.2627,0.971
31.663813002,-0.2608,0.8910,-0.2565,0.963
31.666516079,-0.2636,0.8820,-0.2526,0.955
31.668743156,-0.2655,0.8777,-0.2397,0.948
31.671830463,-0.2655,0.8742,-0.2301,0.942
31.673444002,-0.2631,0.8700,-0.2206,0.935
31.675827386,-0.2531,0.8651,-0.2096,0.925
31.679578232,-0.2454,0.8612,-0.2020,0.918
31.682118156,-0.2328,0.8635,-0.1969,0.916
31.683134156,-0.2193,0.8691,-0.1905,0.916
31.68560154,-0.2059,0.8740,-0.1873,0.917
31.688999156,-0.1942,0.8852,-0.1840,0.925
31.690197002,-0.1772,0.8962,-0.1776,0.931
31.692788309,-0.1595,0.9079,-0.1766,0.939
31.695137309,-0.1399,0.9199,-0.1781,0.947
31.697997848,-0.1228,0.9311,-0.1793,0.956
31.699983386,-0.1028,0.9382,-0.1849,0.962
31.702614848,-0.0854,0.9490,-0.1924,0.972
31.705871771,-0.0700,0.9580,-0.1957,0.980
31.707248079,-0.0623,0.9692,-0.1971,0.991
31.710018232,-0.0632,0.9842,-0.1910,1.005
31.717467079,-0.0507,0.9912,-0.1933,1.011
31.718209617,-0.0488,1.0012,-0.1861,1.020
31.718930771,-0.0476,1.0042,-0.1830,1.022
31.719591771,-0.0427,1.0073,-0.1920,1.026
31.731986156,-0.0424,1.0098,-0.2020,1.031
31.732993617,-0.0451,1.0084,-0.2091,1.031
31.733669617,-0.0519,1.0081,-0.2128,1.032
31.734105309,-0.0583,1.0027,-0.2187,1.028
31.734520694,-0.0624,0.9923,-0.2182,1.018
31.734920925,-0.0732,0.9870,-0.2171,1.013
31.737189925,-0.0803,0.9819,-0.2147,1.008
31.741274463,-0.0884,0.9778,-0.2050,1.003
31.742020617,-0.0964,0.9707,-0.1937,0.995
31.743620386,-0.1059,0.9665,-0.1852,0.990
31.746596309,-0.1194,0.9565,-0.1828,0.981
31.748081309,-0.1304,0.9529,-0.1861,0.980
31.751143386,-0.1394,0.9495,-0.1905,0.978
31.754158848,-0.1521,0.9375,-0.1937,0.969
31.755253232,-0.1560,0.9304,-0.1852,0.961
31.757910771,-0.1597,0.9257,-0.1930,0.959
31.760228002,-0.1599,0.9208,-0.1859,0.953
31.762663694,-0.1553,0.9126,-0.1771,0.942
31.765794463,-0.1514,0.9028,-0.1639,0.930
31.76772954,-0.1478,0.8908,-0.1486,0.915
31.771324386,-0.1401,0.8773,-0.1321,0.898
31.772363694,-0.1343,0.8671,-0.1216,0.886
31.774823156,-0.1277,0.8625,-0.1180,0.880
31.777289617,-0.1194,0.8551,-0.1214,0.872
31.779757309,-0.1131,0.8514,-0.1202,0.867
31.782173232,-0.1015,0.8466,-0.1102,0.860
31.784358232,-0.0991,0.8446,-0.1074,0.857
31.787587771,-0.0969,0.8417,-0.1067,0.854
31.789278232,-0.0915,0.8402,-0.1131,0.853
31.791848925,-0.0920,0.8444,-0.1155,0.857
31.794336386,-0.0942,0.8514,-0.1165,0.865
31.797547694,-0.0996,0.8628,-0.1155,0.876
31.798813309,-0.1054,0.8791,-0.1207,0.894
31.801632694,-0.1131,0.8950,-0.1263,0.911
31.803982232,-0.1206,0.9101,-0.1373,0.928
31.805978232,-0.1252,0.9282,-0.1390,0.947
31.809010156,-0.1365,0.9495,-0.1344,0.969
31.818116925,-0.1443,0.9700,-0.1297,0.989
31.819223771,-0.1506,0.9856,-0.1272,1.005
31.819915463,-0.1526,1.0005,-0.1288,1.020
31.820226463,-0.1578,1.0171,-0.1304,1.038
31.820828617,-0.1651,1.0293,-0.1395,1.052
31.831043771,-0.1676,1.0384,-0.1524,1.063
31.832054848,-0.1758,1.0398,-0.1670,1.068
31.832289848,-0.1832,1.0428,-0.1788,1.074
31.832492309,-0.1868,1.0435,-0.1771,1.075
31.832712925,-0.1956,1.0364,-0.1719,1.069
31.835600309,-0.2030,1.0249,-0.1698,1.059
31.84258154,-0.2107,1.0122,-0.1693,1.048
31.843228002,-0.2256,1.0003,-0.1812,1.041
31.843468002,-0.2489,0.9868,-0.2071,1.039
31.844751771,-0.2748,0.9751,-0.2341,1.040
31.846817002,-0.2916,0.9592,-0.2516,1.034
31.849426232,-0.3058,0.9418,-0.2543,1.022
31.851776079,-0.3176,0.9316,-0.2599,1.018
31.854065925,-0.3253,0.9220,-0.2506,1.009
31.856512617,-0.3263,0.9164,-0.2287,0.999
31.859279079,-0.3207,0.9171,-0.2238,0.997
31.862333232,-0.3156,0.9143,-0.2264,0.993
31.863944617,-0.3031,0.9174,-0.2213,0.991
31.866437002,-0.2882,0.9216,-0.2167,0.990
31.86966654,-0.2736,0.9285,-0.2120,0.991
31.871025309,-0.2657,0.9446,-0.2329,1.008
31.874020079,-0.2674,0.9599,-0.2389,1.025
31.876060925,-0.2664,0.9781,-0.2362,1.041
31.878479079,-0.2704,1.0015,-0.2182,1.060
31.880680925,-0.2767,1.0177,-0.1947,1.072
31.883300925,-0.2777,1.0352,-0.1803,1.087
31.886542848,-0.2794,1.0518,-0.1666,1.101
31.887831156,-0.2855,1.0673,-0.1630,1.117
31.890626156,-0.2865,1.0806,-0.1651,1.130
31.893196617,-0.2860,1.0892,-0.1910,1.142
31.89552554,-0.2801,1.0990,-0.2062,1.153
31.897992694,-0.2818,1.1029,-0.2133,1.158
31.900135386,-0.2838,1.1076,-0.2135,1.163
31.90286154,-0.2865,1.1126,-0.2220,1.170
31.904832309,-0.2874,1.1224,-0.2367,1.183
31.907618771,-0.2927,1.1339,-0.2555,1.199
31.910175771,-0.2941,1.1388,-0.2574,1.204
31.917189002,-0.2967,1.1486,-0.2467,1.212
31.917708079,-0.2974,1.1622,-0.2299,1.222
31.918145848,-0.2911,1.1771,-0.2025,1.229
31.919450848,-0.2867,1.1920,-0.1668,1.237
31.921893617,-0.2843,1.2124,-0.1304,1.252
31.924152079,-0.2831,1.2343,-0.1043,1.271
31.927190463,-0.2799,1.2544,-0.0843,1.288
31.928691694,-0.2857,1.2709,-0.0735,1.305
31.931725002,-0.2860,1.2854,-0.0618,1.318
31.935208694,-0.2906,1.2956,-0.0445,1.329
31.935950232,-0.2978,1.3059,-0.0274,1.340
31.940352694,-0.2999,1.3145,-0.0151,1.348
31.941287386,-0.2974,1.3174,-0.0026,1.351
31.943469925,-0.3002,1.3247,0.0151,1.358
31.94576554,-0.3070,1.3259,0.0356,1.361
31.949348002,-0.3216,1.3262,0.0583,1.366
31.950625848,-0.3410,1.3226,0.0840,1.368
31.953013925,-0.3547,1.3213,0.1010,1.372
31.955385617,-0.3671,1.3242,0.1113,1.379
31.958330771,-0.3647,1.3354,0.1106,1.389
31.960629309,-0.3596,1.3499,0.1069,1.401
31.962692079,-0.3498,1.3618,0.0959,1.409
31.965116386,-0.3261,1.3811,0.0835,1.422
31.968633617,-0.2983,1.4109,0.0623,1.443
31.971012925,-0.2723,1.4535,0.0365,1.479
31.972475771,-0.2440,1.4955,0.0131,1.515
31.974763079,-0.2159,1.5419,-0.0124,1.557
31.977363694,-0.1898,1.5891,-0.0352,1.601
31.979569002,-0.1663,1.6343,-0.0579,1.644
31.982045848,-0.1474,1.6765,-0.0711,1.684
31.985388079,-0.1338,1.7124,-0.0703,1.719
31.986732617,-0.1245,1.7579,-0.0613,1.763
31.989374232,-0.1211,1.7953,-0.0476,1.800
31.991977232,-0.1167,1.8214,-0.0286,1.825
31.994990463,-0.1106,1.8375,0.0018,1.841
31.996665309,-0.1057,1.8451,0.0344,1.848
31.999167386,-0.1015,1.8400,0.0619,1.844
32.00273754,-0.0913,1.8178,0.0854,1.822
32.003844694,-0.0715,1.7972,0.0940,1.801
32.006292386,-0.0519,1.7718,0.0857,1.775
32.008665925,-0.0304,1.7391,0.0600,1.740
32.016676002,-0.0102,1.7132,0.0346,1.714
32.017357309,0.0086,1.6927,0.0109,1.693
32.017680309,0.0242,1.6723,0.0006,1.673
32.018359463,0.0496,1.6518,0.0018,1.653
32.020588309,0.0792,1.6250,-0.0026,1.627
32.02312954,0.1070,1.5998,-0.0179,1.603
32.02547854,0.1385,1.5637,-0.0396,1.570
32.028095079,0.1732,1.5216,-0.0877,1.534
32.030263694,0.2171,1.4718,-0.1530,1.496
32.032463386,0.2653,1.4168,-0.2045,1.456
32.039269309,0.3159,1.3620,-0.2343,1.418
32.040055079,0.3631,1.3125,-0.2387,1.383
32.040352617,0.4109,1.2807,-0.2478,1.368
32.042597617,0.4549,1.2453,-0.2457,1.348
32.044588386,0.4991,1.2069,-0.2231,1.325
32.047225617,0.5341,1.1720,-0.1971,1.303
32.049645617,0.5688,1.1374,-0.1849,1.285
32.05202554,0.5927,1.1034,-0.2101,1.270
32.054759079,0.6128,1.0716,-0.2524,1.260
32.056880694,0.6291,1.0474,-0.3035,1.259
32.05950254,0.6342,1.0403,-0.3513,1.268
32.061603694,0.6317,1.0420,-0.3997,1.282
32.063976925,0.6235,1.0589,-0.4446,1.307
32.066937925,0.6098,1.0853,-0.4640,1.329
32.069976002,0.5963,1.1205,-0.4532,1.348
32.071852694,0.5660,1.1656,-0.4221,1.363
32.074077617,0.5429,1.2084,-0.3794,1.378
32.076173232,0.5094,1.2411,-0.3484,1.386
32.078468617,0.4596,1.2612,-0.3459,1.386
32.08105354,0.3787,1.2776,-0.3655,1.382
32.084351386,0.2744,1.2805,-0.3913,1.367
32.085773848,0.2050,1.2825,-0.4111,1.362
32.088208002,0.1151,1.2802,-0.4229,1.353
32.090699386,0.0200,1.2742,-0.4253,1.343
32.093091079,-0.0776,1.2719,-0.4207,1.342
32.095636386,-0.1580,1.2734,-0.4051,1.346
32.09798254,-0.2426,1.2730,-0.3955,1.355
32.101105232,-0.3249,1.2675,-0.4065,1.370
32.102635079,-0.3920,1.2732,-0.4251,1.398
32.105084002,-0.4721,1.2910,-0.4329,1.441
32.115357848,-0.5677,1.3128,-0.4127,1.489
32.116264079,-0.7123,1.3376,-0.3635,1.558
32.116844309,-0.8790,1.3636,-0.2925,1.648
32.117120309,-1.0421,1.3725,-0.1966,1.735
32.117470156,-1.1655,1.3787,-0.1400,1.811
32.119371771,-1.2682,1.3694,-0.1356,1.871
32.121876386,-1.3656,1.3543,-0.1437,1.929
32.126825848,-1.4357,1.3286,-0.1551,1.962
32.127316309,-1.4844,1.3073,-0.1632,1.985
32.129248925,-1.5215,1.2810,-0.1461,1.994
32.132380925,-1.5623,1.2761,-0.1172,2.021
32.138337848,-1.5528,1.2656,-0.0582,2.004
32.139405232,-1.4829,1.2568,0.0078,1.944
32.139700309,-1.3632,1.2372,0.0285,1.841
32.14129054,-1.2320,1.2153,0.0276,1.731
32.143329848,-1.0991,1.1864,0.0253,1.617
32.146899386,-0.9720,1.1644,0.0223,1.517
32.148545309,-0.8746,1.1488,0.0272,1.444
32.15199354,-0.7891,1.1309,0.0227,1.379
32.153731771,-0.7048,1.1251,-0.0324,1.328
32.156001617,-0.6202,1.1251,-0.0864,1.288
32.158399463,-0.5406,1.1273,-0.1509,1.259
32.160479079,-0.4832,1.1461,-0.1820,1.257
32.16313454,-0.4353,1.1600,-0.1884,1.253
32.165279771,-0.4128,1.1791,-0.1859,1.263
32.167727156,-0.4052,1.2026,-0.1917,1.283
32.170132386,-0.4076,1.2314,-0.2022,1.313
32.172723463,-0.3989,1.2612,-0.2280,1.342
32.175206232,-0.3733,1.2788,-0.2772,1.361
32.177395694,-0.3581,1.2919,-0.3484,1.385
32.181644386,-0.3519,1.3017,-0.4016,1.407
32.182481002,-0.3373,1.3089,-0.4251,1.417
32.184568002,-0.3288,1.3079,-0.4314,1.416
32.187906771,-0.3183,1.3049,-0.4293,1.410
32.189828617,-0.3055,1.2870,-0.4195,1.388
32.192400386,-0.3127,1.2717,-0.4085,1.372
32.194099079,-0.3314,1.2693,-0.3831,1.367
32.196772694,-0.3481,1.2649,-0.3692,1.363
32.199715386,-0.3671,1.2609,-0.3535,1.360
32.201323694,-0.3801,1.2465,-0.3345,1.345
32.203882232,-0.3959,1.2285,-0.3261,1.331
32.206419694,-0.4089,1.2064,-0.3240,1.314
32.212785848,-0.4301,1.1847,-0.3293,1.303
32.213643771,-0.4583,1.1563,-0.3305,1.287
32.214371156,-0.4888,1.1298,-0.3310,1.275
32.225456309,-0.5252,1.1107,-0.3147,1.268
32.226209925,-0.5794,1.0936,-0.3359,1.282
32.226727386,-0.6193,1.0725,-0.3286,1.281
32.226963694,-0.6605,1.0482,-0.3252,1.281
32.227159386,-0.6782,1.0259,-0.3054,1.267
32.228674463,-0.6682,0.9944,-0.2672,1.227
32.231544079,-0.6484,0.9704,-0.2313,1.190
32.235975694,-0.6310,0.9499,-0.2101,1.160
32.23651454,-0.6100,0.9285,-0.2062,1.130
32.237485232,-0.5870,0.9108,-0.2091,1.104
32.240627694,-0.5723,0.8977,-0.2087,1.085
32.242357848,-0.5520,0.8873,-0.2042,1.065
32.244955386,-0.5357,0.8808,-0.2022,1.051
32.247352694,-0.5186,0.8717,-0.1954,1.033
32.256693232,-0.5019,0.8656,-0.1784,1.016
32.257908617,-0.4830,0.8573,-0.1581,0.997
32.258678463,-0.4619,0.8549,-0.1314,0.981
32.259116617,-0.4521,0.8522,-0.0899,0.969
32.259765002,-0.4326,0.8246,-0.0938,0.936
32.261671386,-0.4052,0.7997,-0.0845,0.900
32.264199694,-0.3733,0.7782,-0.0833,0.867
32.266336079,-0.3444,0.7638,-0.0882,0.842
32.269264002,-0.3207,0.7484,-0.0784,0.818
32.271496079,-0.2918,0.7315,-0.0806,0.792
32.273831694,-0.2680,0.7161,-0.0738,0.768
32.276405617,-0.2452,0.7012,-0.0811,0.747
32.278575386,-0.2281,0.6926,-0.0899,0.735
32.280989002,-0.2147,0.6834,-0.0857,0.721
32.283522232,-0.1946,0.6680,-0.0808,0.700
32.285948925,-0.1641,0.6469,-0.0784,0.672
32.28900554,-0.1289,0.6143,-0.0601,0.631
32.291720386,-0.0930,0.6005,-0.0435,0.609
32.29491754,-0.0874,0.5840,-0.0368,0.592
32.296596694,-0.0773,0.5614,-0.0335,0.568
32.29889754,-0.0581,0.5295,-0.0317,0.534
32.300146463,-0.0393,0.5006,-0.0259,0.503
32.302570771,-0.0405,0.4867,-0.0268,0.489
32.305216694,-0.0510,0.4782,-0.0337,0.482
32.307751771,-0.0642,0.4752,-0.0489,0.482
32.309836309,-0.0761,0.4691,-0.0647,0.480
32.312342232,-0.0928,0.4645,-0.0787,0.480
32.318561002,-0.1033,0.4579,-0.0908,0.478
32.319259386,-0.1125,0.4526,-0.1073,0.479
32.319624002,-0.1262,0.4452,-0.1180,0.478
32.330053617,-0.1333,0.4364,-0.1195,0.472
32.330551079,-0.1399,0.4268,-0.1207,0.465
32.330752309,-0.1509,0.4188,-0.1270,0.463
32.330921002,-0.1546,0.4093,-0.1319,0.457
32.331748309,-0.1653,0.4009,-0.1381,0.455
32.333853002,-0.1788,0.3988,-0.1461,0.461
32.336570463,-0.1976,0.3978,-0.1583,0.471
32.341699079,-0.2149,0.3924,-0.1688,0.478
32.342082232,-0.2271,0.3944,-0.1828,0.490
32.343620925,-0.2379,0.3926,-0.1905,0.497
32.346144309,-0.2489,0.3926,-0.1969,0.505
32.348724002,-0.2522,0.3924,-0.1952,0.506
32.350844079,-0.2559,0.3880,-0.1917,0.503
32.353593309,-0.2615,0.3856,-0.1868,0.502
32.356206848,-0.2615,0.3841,-0.1866,0.501
32.358096002,-0.2628,0.3848,-0.1861,0.502
32.360836617,-0.2620,0.3819,-0.1859,0.499
32.363143386,-0.2582,0.3785,-0.1835,0.494
32.365949848,-0.2596,0.3844,-0.1798,0.497
32.368017309,-0.2582,0.3829,-0.1695,0.492
32.370521309,-0.2555,0.3807,-0.1537,0.484
32.372876002,-0.2623,0.3885,-0.1416,0.490
32.375098156,-0.2615,0.3867,-0.1360,0.486
32.377827079,-0.2662,0.3860,-0.1346,0.488
32.380030463,-0.2667,0.3834,-0.1353,0.486
32.382613232,-0.2687,0.3814,-0.1319,0.485
32.385014232,-0.2684,0.3767,-0.1341,0.482
32.387853309,-0.2699,0.3741,-0.1409,0.482
32.390103386,-0.2757,0.3692,-0.1481,0.484
32.39254254,-0.2838,0.3658,-0.1534,0.488
32.394499156,-0.2970,0.3623,-0.1651,0.497
32.397869002,-0.3109,0.3613,-0.1735,0.507
32.399119463,-0.3256,0.3606,-0.1768,0.517
32.401694156,-0.3386,0.3578,-0.1749,0.523
32.404142848,-0.3537,0.3529,-0.1691,0.527
32.407473002,-0.3654,0.3467,-0.1614,0.529
32.408939079,-0.3771,0.3416,-0.1583,0.533
32.411381617,-0.3898,0.3289,-0.1509,0.532
32.41867754,-0.4020,0.3218,-0.1497,0.536
32.419321617,-0.4118,0.3122,-0.1530,0.539
32.419584694,-0.4194,0.3040,-0.1544,0.540
32.421703079,-0.4278,0.2954,-0.1551,0.542
32.429243156,-0.4321,0.2866,-0.1512,0.540
32.429834156,-0.4394,0.2805,-0.1429,0.541
32.430105848,-0.4373,0.2763,-0.1329,0.534
32.430536694,-0.4350,0.2707,-0.1209,0.526
32.433648617,-0.4262,0.2656,-0.1048,0.513
32.435366233,-0.4226,0.2593,-0.0901,0.504
32.441646463,-0.4213,0.2524,-0.0769,0.497
32.44215454,-0.4197,0.2472,-0.0724,0.492
32.442513002,-0.4206,0.2421,-0.0769,0.491
32.447286463,-0.4280,0.2380,-0.0931,0.498
32.448221002,-0.4350,0.2307,-0.1074,0.504
32.449689617,-0.4458,0.2204,-0.1288,0.514
32.452206771,-0.4578,0.2101,-0.1590,0.528
32.45656154,-0.4734,0.2023,-0.1949,0.550
32.457338771,-0.4849,0.1940,-0.2255,0.569
32.459604694,-0.4949,0.1896,-0.2529,0.587
32.46206654,-0.4986,0.1855,-0.2726,0.598
32.464785309,-0.5059,0.1875,-0.2780,0.607
32.466989002,-0.5086,0.1880,-0.2756,0.608
32.469265233,-0.5064,0.1915,-0.2670,0.604
32.472153848,-0.5100,0.1940,-0.2641,0.606
32.474091079,-0.5093,0.2045,-0.2631,0.609
32.476375463,-0.5120,0.2143,-0.2775,0.621
32.478990463,-0.5128,0.2299,-0.2974,0.636
32.481473002,-0.5100,0.2402,-0.3054,0.641
32.483558233,-0.5037,0.2488,-0.2990,0.636
32.486188002,-0.4961,0.2539,-0.2732,0.621
32.48861354,-0.4809,0.2532,-0.2418,0.595
32.490756002,-0.4697,0.2490,-0.2120,0.572
32.493389848,-0.4567,0.2343,-0.1786,0.543
32.495741233,-0.4441,0.2136,-0.1363,0.511
32.498737848,-0.4358,0.1950,-0.1050,0.489
32.500492002,-0.4348,0.1801,-0.1183,0.485
32.502954771,-0.4360,0.1637,-0.1546,0.491
32.505498233,-0.4378,0.1540,-0.1879,0.501
32.508055694,-0.4414,0.1500,-0.2033,0.509
32.510654233,-0.4492,0.1524,-0.2126,0.520
32.518976386,-0.4637,0.1642,-0.2257,0.541
32.519718848,-0.4765,0.1796,-0.2318,0.560
32.520023386,-0.4991,0.2013,-0.2184,0.581
32.520300694,-0.5252,0.2206,-0.1922,0.601
32.530522233,-0.5587,0.2434,-0.1614,0.630
32.531572079,-0.5985,0.2612,-0.1512,0.670
32.532032617,-0.6354,0.2781,-0.1705,0.714
32.532384617,-0.6693,0.2928,-0.2159,0.762
32.532732925,-0.7011,0.3059,-0.2746,0.813
32.534259386,-0.7250,0.3198,-0.3296,0.858
32.53663054,-0.7465,0.3384,-0.3704,0.899
32.541091386,-0.7614,0.3557,-0.4275,0.943
32.541501309,-0.7761,0.3827,-0.4663,0.983
32.544896925,-0.7900,0.4149,-0.4901,1.018
32.546738463,-0.7976,0.4484,-0.4979,1.042
32.548623386,-0.8025,0.4867,-0.4962,1.062
32.551167694,-0.8049,0.5260,-0.4879,1.078
32.554176617,-0.8068,0.5622,-0.4771,1.093
32.555735694,-0.8101,0.5949,-0.4628,1.106
32.558457233,-0.8145,0.6233,-0.4535,1.121
32.560832925,-0.8182,0.6465,-0.4479,1.135
32.563244617,-0.8308,0.6658,-0.4434,1.153
32.56568154,-0.8452,0.6804,-0.4363,1.169
32.568489309,-0.8611,0.6876,-0.4251,1.181
32.570872694,-0.8816,0.6941,-0.4085,1.194
32.572847386,-0.9007,0.6926,-0.3877,1.201
32.575270233,-0.9227,0.6860,-0.3713,1.208
32.578162771,-0.9415,0.6724,-0.3515,1.209
32.580108386,-0.9552,0.6555,-0.3289,1.204
32.583064079,-0.9671,0.6397,-0.3154,1.202
32.585292617,-0.9706,0.6199,-0.3079,1.192
32.588406233,-0.9703,0.5982,-0.3007,1.179
32.58973354,-0.9628,0.5784,-0.2974,1.162
32.592836002,-0.9503,0.5583,-0.2837,1.138
32.597288079,-0.9312,0.5358,-0.2758,1.109
32.598467156,-0.9178,0.5214,-0.2616,1.087
32.599992002,-0.9154,0.5048,-0.2529,1.076
32.602061617,-0.8873,0.4855,-0.2338,1.038
32.605045848,-0.8582,0.4774,-0.2206,1.007
32.606842156,-0.8384,0.4738,-0.2071,0.985
32.609116694,-0.8226,0.4652,-0.1947,0.965
32.616886848,-0.8012,0.4515,-0.1913,0.939
32.617794233,-0.7805,0.4415,-0.1877,0.916
32.618312694,-0.7714,0.4310,-0.1817,0.902
32.618779079,-0.7621,0.4232,-0.1735,0.889
32.631621925,-0.7553,0.4130,-0.1691,0.877
32.632471463,-0.7541,0.4029,-0.1676,0.871
32.632716309,-0.7541,0.3909,-0.1493,0.862
32.632919156,-0.7529,0.3834,-0.0948,0.850
32.633507463,-0.7409,0.3778,-0.0361,0.832
32.633840309,-0.7324,0.3448,-0.1016,0.816
32.636275079,-0.7174,0.3020,-0.2618,0.821
32.640119463,-0.6752,0.2329,-0.3618,0.801
32.641007771,-0.6265,0.1425,-0.3277,0.721
32.64272254,-0.5858,0.0753,-0.3284,0.676
32.645075079,-0.5706,0.1181,-0.5343,0.791
32.647512694,-0.5972,0.3150,-0.8585,1.092
32.64993354,-0.7339,0.6609,-1.1656,1.528
32.653432079,-0.9698,1.1363,-1.4524,2.084
32.654676002,-1.2987,1.6758,-1.7486,2.748
32.657531694,-1.7313,2.2018,-1.9914,3.437
32.659758463,-2.3067,2.7060,-1.8267,3.998
32.662425925,-2.8867,3.0449,-1.1844,4.360
32.664328694,-3.3492,3.1348,-0.3755,4.603
32.667138463,-3.6060,3.0315,0.4294,4.731
32.670574233,-3.6414,2.8194,1.2058,4.761
32.671944079,-3.4355,2.5727,1.7441,4.633
32.674124309,-2.9715,2.2483,2.2713,4.364
32.676703771,-2.4572,2.0074,2.5538,4.073
32.679958771,-1.9628,1.8292,2.6034,3.738
32.681512694,-1.5373,1.6836,2.4372,3.337
32.683801309,-1.1606,1.5847,2.3385,3.054
32.686852925,-0.8592,1.5165,2.0218,2.669
32.688511079,-0.6139,1.4720,1.5086,2.195
32.691138771,-0.3798,1.4105,0.6002,1.579
32.693892617,-0.0439,1.2299,-0.6794,1.406
32.696581925,0.3268,0.9634,-1.1949,1.569
32.698433233,0.5883,0.7281,-1.2462,1.559
32.700826156,0.7568,0.5199,-1.4180,1.689
32.703397002,0.9618,0.2581,-1.7588,2.021
32.705972925,1.1517,-0.0937,-1.9320,2.251
32.708012386,1.2648,-0.3432,-1.7011,2.147
32.717261002,1.3095,-0.4450,-1.5856,2.104
32.718036694,1.2643,-0.4226,-1.4106,1.941
32.718402463,1.1314,-0.3006,-1.2433,1.708
32.718661617,0.9557,-0.1266,-1.0735,1.443
32.728704002,0.7491,0.0774,-0.8604,1.143
32.729944002,0.5226,0.2932,-0.6269,0.867
32.730206771,0.2946,0.4845,-0.4148,0.703
32.730456925,0.1083,0.6340,-0.2409,0.687
32.730706156,-0.0334,0.7482,-0.0916,0.754
32.732931079,-0.1673,0.8434,0.0216,0.860
32.73534554,-0.1968,0.7921,0.0742,0.820
32.740187463,-0.2772,0.8288,0.2074,0.898
32.740899079,-0.3910,0.9040,0.1604,0.998
32.741997233,-0.5496,0.9956,0.2103,1.157
32.744107463,-0.6987,1.0415,0.2286,1.275
32.74675054,-0.8504,1.0627,0.2035,1.376
32.749029309,-0.9948,1.0743,0.1374,1.471
32.752641309,-1.1101,1.0760,0.0405,1.547
32.754012694,-1.2012,1.0809,-0.0720,1.618
32.756102233,-1.2484,1.0843,-0.1808,1.663
32.760907079,-1.2620,1.0787,-0.2723,1.682
32.761781925,-1.2371,1.0615,-0.3447,1.666
32.764117002,-1.1834,1.0420,-0.4107,1.629
32.766141925,-1.1164,1.0122,-0.4679,1.578
32.770039694,-1.0388,0.9821,-0.4901,1.511
32.771583386,-0.9610,0.9619,-0.4808,1.442
32.774119694,-0.9068,0.9529,-0.4575,1.393
32.775779386,-0.8729,0.9548,-0.4341,1.365
32.778416617,-0.8545,0.9636,-0.3965,1.348
32.780710463,-0.8573,0.9961,-0.3466,1.359
32.782672386,-0.8714,1.0340,-0.2932,1.384
32.786431079,-0.8804,1.0620,-0.2480,1.402
32.788186771,-0.8848,1.0894,-0.2206,1.421
32.789999386,-0.8767,1.1112,-0.2140,1.432
32.793046771,-0.8585,1.1263,-0.2267,1.434
32.795082156,-0.8303,1.1351,-0.2431,1.427
32.797292386,-0.7910,1.1368,-0.2609,1.409
32.799904079,-0.7419,1.1293,-0.2670,1.377
32.803050233,-0.6906,1.1181,-0.2558,1.339
32.804504002,-0.6363,1.1016,-0.2304,1.293
32.80695354,-0.5816,1.0789,-0.1982,1.242
32.811145002,-0.5222,1.0459,-0.1691,1.181
32.812232002,-0.4629,1.0105,-0.1437,1.121
32.813984079,-0.4064,0.9734,-0.1378,1.064
32.816550463,-0.3500,0.9336,-0.1468,1.008
32.824959386,-0.2974,0.8920,-0.1766,0.957
32.825632079,-0.2552,0.8542,-0.2143,0.917
32.826192925,-0.2222,0.8265,-0.2475,0.891
32.826534463,-0.1966,0.8048,-0.2819,0.875
32.839553848,-0.1881,0.7978,-0.3054,0.875
32.840796694,-0.1893,0.8006,-0.3161,0.881
32.840999156,-0.2000,0.8092,-0.3217,0.893
32.841410848,-0.2237,0.8270,-0.3176,0.914
32.841593002,-0.2562,0.8522,-0.3056,0.941
32.841988002,-0.2943,0.8789,-0.2981,0.974
32.848786848,-0.3354,0.9115,-0.2883,1.013
32.849473233,-0.3803,0.9360,-0.2792,1.048
32.849775079,-0.4241,0.9621,-0.2748,1.087
32.850192002,-0.4634,0.9758,-0.2736,1.114
32.85274554,-0.4968,0.9863,-0.2716,1.137
32.854786463,-0.5271,0.9907,-0.2655,1.153
32.857372617,-0.5503,0.9930,-0.2618,1.165
32.860751694,-0.5692,0.9902,-0.2526,1.170
32.862338156,-0.5818,0.9851,-0.2426,1.170
32.864775694,-0.5838,0.9714,-0.2360,1.158
32.867690156,-0.5850,0.9576,-0.2220,1.144
32.869273309,-0.5818,0.9467,-0.2128,1.131
32.871712694,-0.5760,0.9362,-0.2071,1.119
32.87507354,-0.5664,0.9255,-0.2094,1.105
32.877504002,-0.5562,0.9136,-0.2110,1.090
32.879513617,-0.5391,0.9055,-0.2147,1.075
32.881824617,-0.5166,0.8991,-0.2211,1.060
32.885307463,-0.4961,0.8920,-0.2240,1.045
32.886393848,-0.4774,0.8910,-0.2274,1.036
32.888863694,-0.4604,0.8940,-0.2306,1.032
32.891318771,-0.4431,0.8971,-0.2329,1.027
32.894411694,-0.4275,0.9050,-0.2294,1.027
32.896774233,-0.4136,0.9155,-0.2162,1.028
32.898964386,-0.4036,0.9238,-0.2020,1.028
32.901030463,-0.3943,0.9380,-0.1879,1.035
32.903161617,-0.3822,0.9448,-0.1747,1.034
32.906182156,-0.3728,0.9580,-0.1681,1.042
32.91002554,-0.3608,0.9639,-0.1656,1.042
32.910655463,-0.3507,0.9697,-0.1756,1.046
32.913055694,-0.3365,0.9737,-0.1852,1.047
32.915743463,-0.3251,0.9746,-0.1971,1.046
32.920368925,-0.3176,0.9753,-0.2091,1.047
32.921032309,-0.3092,0.9756,-0.2203,1.047
32.923453002,-0.3021,0.9746,-0.2287,1.046
32.926081309,-0.2999,0.9781,-0.2304,1.049
32.930746848,-0.3048,0.9765,-0.2318,1.049
32.931291156,-0.3034,0.9758,-0.2299,1.047
32.933252079,-0.3041,0.9763,-0.2299,1.048
32.943576002,-0.3009,0.9756,-0.2260,1.046
32.944213233,-0.3036,0.9714,-0.2238,1.042
32.944746463,-0.3007,0.9653,-0.2201,1.035
32.945032617,-0.3043,0.9558,-0.2201,1.027
32.945559694,-0.3099,0.9453,-0.2187,1.019
32.946834848,-0.3124,0.9343,-0.2199,1.009
32.949025848,-0.3132,0.9208,-0.2228,0.998
32.952832694,-0.3144,0.9113,-0.2228,0.989
32.953746233,-0.3163,0.9043,-0.2243,0.984
32.95644254,-0.3183,0.8920,-0.2220,0.973
32.95882254,-0.3151,0.8859,-0.2152,0.965
32.96085054,-0.3158,0.8840,-0.2120,0.962
32.963752079,-0.3158,0.8849,-0.2040,0.961
32.967443694,-0.3170,0.8852,-0.1986,0.961
32.968423079,-0.3134,0.8886,-0.1930,0.962
32.970604694,-0.3075,0.8898,-0.1881,0.960
32.97360654,-0.2960,0.8962,-0.1828,0.961
32.975705233,-0.2874,0.9003,-0.1815,0.962
32.977824617,-0.2787,0.9077,-0.1810,0.967
32.980413848,-0.2674,0.9128,-0.1835,0.969
32.983369848,-0.2557,0.9148,-0.1922,0.969
32.985092694,-0.2464,0.9189,-0.2030,0.973
32.987666463,-0.2371,0.9225,-0.2169,0.977
32.990159156,-0.2303,0.9277,-0.2313,0.983
32.992531079,-0.2244,0.9285,-0.2506,0.988
32.994961002,-0.2235,0.9323,-0.2618,0.994
32.997359771,-0.2254,0.9355,-0.2692,0.999
33.000146848,-0.2284,0.9372,-0.2734,1.003
33.001929002,-0.2340,0.9416,-0.2748,1.008
33.004602848,-0.2374,0.9474,-0.2819,1.017
33.006959463,-0.2403,0.9514,-0.2819,1.021
33.009423386,-0.2415,0.9518,-0.2870,1.023
33.011566771,-0.2433,0.9560,-0.2905,1.028
33.014351386,-0.2445,0.9604,-0.2907,1.033
33.019861309,-0.2361,0.9619,-0.2878,1.031
33.020656617,-0.2256,0.9663,-0.2873,1.033
33.021242771,-0.2212,0.9672,-0.2851,1.032
33.028720925,-0.2152,0.9670,-0.2795,1.029
33.029120079,-0.2059,0.9670,-0.2732,1.026
33.029528925,-0.2019,0.9702,-0.2699,1.027
33.032256694,-0.2005,0.9688,-0.2695,1.025
33.040919079,-0.1993,0.9632,-0.2756,1.021
33.041386771,-0.2220,0.9565,-0.2785,1.021
33.041529233,-0.2186,0.9597,-0.2778,1.023
33.041656309,-0.2059,0.9597,-0.2692,1.018
33.042804386,-0.1919,0.9607,-0.2614,1.014
33.045253309,-0.1821,0.9602,-0.2506,1.009
33.048630156,-0.1772,0.9604,-0.2453,1.007
33.050280079,-0.1690,0.9585,-0.2416,1.003
33.052621617,-0.1624,0.9570,-0.2411,1.000
33.055274771,-0.1539,0.9506,-0.2369,0.992
33.058129925,-0.1455,0.9455,-0.2311,0.984
33.059886771,-0.1294,0.9316,-0.2343,0.969
33.062668079,-0.0898,0.9196,-0.2421,0.955
33.065080002,-0.0779,0.9211,-0.2089,0.948
33.067165233,-0.0517,0.9182,-0.2147,0.944
33.069735386,-0.0407,0.9180,-0.2147,0.944
33.072378848,-0.0304,0.9150,-0.2035,0.938
33.074316079,-0.0143,0.9171,-0.1989,0.939
33.07670554,-0.0067,0.9171,-0.2045,0.940
33.079285309,-0.0006,0.9169,-0.2089,0.940
33.082782463,0.0088,0.9169,-0.2169,0.942
33.084269002,0.0154,0.9199,-0.2323,0.949
33.086951771,0.0179,0.9162,-0.2401,0.947
33.088894848,0.0142,0.9182,-0.2465,0.951
33.09133454,0.0098,0.9162,-0.2453,0.949
33.093743079,0.0009,0.9180,-0.2416,0.949
33.096183156,-0.0095,0.9204,-0.2406,0.951
33.099424309,-0.0199,0.9211,-0.2357,0.951
33.100891079,-0.0375,0.9206,-0.2292,0.949
33.103637309,-0.0558,0.9231,-0.2262,0.952
33.106082848,-0.0803,0.9243,-0.2213,0.954
33.108040386,-0.1028,0.9238,-0.2155,0.954
33.110566848,-0.1228,0.9233,-0.2101,0.955
33.113031386,-0.1418,0.9277,-0.2079,0.961
33.118380386,-0.1548,0.9245,-0.2096,0.961
33.118939079,-0.1690,0.9218,-0.2128,0.961
33.121241233,-0.1821,0.9184,-0.2201,0.962
33.122817309,-0.1927,0.9162,-0.2257,0.963
33.126791156,-0.1970,0.9136,-0.2313,0.963
33.127307771,-0.2012,0.9118,-0.2341,0.963
33.130739079,-0.2012,0.9131,-0.2296,0.963
33.142144309,-0.1979,0.9187,-0.2236,0.966
33.142786156,-0.1886,0.9250,-0.2150,0.968
33.143040617,-0.1824,0.9323,-0.2077,0.972
33.143630463,-0.1721,0.9434,-0.2035,0.980
33.14403454,-0.1583,0.9518,-0.1954,0.984
33.144488617,-0.1425,0.9614,-0.1854,0.989
33.147715156,-0.1238,0.9648,-0.1747,0.988
33.149946848,-0.1033,0.9680,-0.1673,0.988
33.151475694,-0.0874,0.9695,-0.1566,0.986
33.154721002,-0.0710,0.9721,-0.1497,0.986
33.156656617,-0.0591,0.9724,-0.1432,0.985
33.158713233,-0.0446,0.9732,-0.1412,0.984
33.161292694,-0.0344,0.9737,-0.1425,0.985
33.164043079,-0.0272,0.9724,-0.1312,0.982
33.166048079,-0.0256,0.9704,-0.1174,0.978
33.168568617,-0.0221,0.9712,-0.1094,0.978
33.171065233,-0.0173,0.9732,-0.1099,0.980
33.173764309,-0.0197,0.9744,-0.1111,0.981
33.175677617,-0.0190,0.9768,-0.1174,0.984
33.178300694,-0.0234,0.9802,-0.1209,0.988
33.181683156,-0.0241,0.9817,-0.1251,0.990
33.182830463,-0.0248,0.9839,-0.1348,0.993
33.185301002,-0.0278,0.9863,-0.1421,0.997
33.187785848,-0.0326,0.9853,-0.1481,0.997
33.190220925,-0.0337,0.9858,-0.1554,0.999
33.192438156,-0.0356,0.9863,-0.1622,1.000
33.194904925,-0.0390,0.9839,-0.1642,0.998
33.198416925,-0.0442,0.9802,-0.1676,0.995
33.19963454,-0.0512,0.9768,-0.1712,0.993
33.202512617,-0.0581,0.9734,-0.1700,0.990
33.204599386,-0.0654,0.9716,-0.1784,0.990
33.207096386,-0.0732,0.9685,-0.1877,0.989
33.20942254,-0.0786,0.9721,-0.1886,0.993
33.21236954,-0.0861,0.9700,-0.1954,0.993
33.21891754,-0.0973,0.9690,-0.2025,0.995
33.219515463,-0.0973,0.9729,-0.2038,0.999
33.219844925,-0.0952,0.9692,-0.1998,0.994
33.227084617,-0.0815,0.9590,-0.1889,0.981
33.22795354,-0.0712,0.9565,-0.1861,0.977
33.228190848,-0.0595,0.9576,-0.1864,0.977
33.228694848,-0.0461,0.9626,-0.1844,0.981
33.240957233,-0.0321,0.9672,-0.1820,0.985
33.241782156,-0.0278,0.9719,-0.1712,0.987
33.242377233,-0.0180,0.9763,-0.1630,0.990
33.242608002,-0.0167,0.9790,-0.1654,0.993
33.242842233,-0.0148,0.9881,-0.1637,1.002
33.24305754,-0.0202,1.0003,-0.1649,1.014
33.246092925,-0.0232,1.0144,-0.1752,1.030
33.248150848,-0.0185,1.0237,-0.1969,1.043
33.250464694,-0.0188,1.0296,-0.2045,1.050
33.252945925,-0.0163,1.0335,-0.1954,1.052
33.256901848,-0.0070,1.0354,-0.1800,1.051
33.257700925,-0.0104,1.0382,-0.1719,1.052
33.262683079,-0.0207,1.0438,-0.1539,1.055
33.262980309,-0.0326,1.0503,-0.1441,1.061
33.264946848,-0.0417,1.0520,-0.1463,1.063
33.267115079,-0.0576,1.0503,-0.1549,1.063
33.269564925,-0.0798,1.0506,-0.1622,1.066
33.271924617,-0.1010,1.0489,-0.1670,1.067
33.27432254,-0.1308,1.0474,-0.1600,1.068
33.276729309,-0.1597,1.0464,-0.1449,1.068
33.27941354,-0.1875,1.0433,-0.1232,1.067
33.281508002,-0.2103,1.0415,-0.1048,1.068
33.284079079,-0.2296,1.0366,-0.0894,1.066
33.286927694,-0.2484,1.0359,-0.0913,1.069
33.289010463,-0.2655,1.0335,-0.1034,1.072
33.291205925,-0.2816,1.0326,-0.1202,1.077
33.294173617,-0.2953,1.0301,-0.1312,1.080
33.297065848,-0.3088,1.0303,-0.1383,1.084
33.29852654,-0.3234,1.0257,-0.1295,1.083
33.300897617,-0.3354,1.0254,-0.1074,1.084
33.303555079,-0.3451,1.0210,-0.0852,1.081
33.306019463,-0.3454,1.0208,-0.0675,1.080
33.308595079,-0.3368,1.0161,-0.0635,1.072
33.310505617,-0.3200,1.0149,-0.0691,1.066
33.320444002,-0.3034,1.0144,-0.0759,1.061
33.321048925,-0.2897,1.0152,-0.0833,1.059
33.321408386,-0.2660,1.0177,-0.0831,1.055
33.321637617,-0.2477,1.0217,-0.0828,1.055
33.322705617,-0.2256,1.0230,-0.0901,1.051
33.324905002,-0.2035,1.0286,-0.1085,1.054
33.32786254,-0.1807,1.0345,-0.1307,1.058
33.330031079,-0.1604,1.0435,-0.1419,1.065
33.332171694,-0.1413,1.0543,-0.1416,1.073
33.334564079,-0.1238,1.0596,-0.1339,1.075
33.337069925,-0.1057,1.0669,-0.1263,1.080
33.340765233,-0.0947,1.0711,-0.1263,1.083
33.341987079,-0.0810,1.0838,-0.1290,1.094
33.344598463,-0.0639,1.0897,-0.1356,1.100
33.346868309,-0.0421,1.0924,-0.1461,1.103
33.350410233,-0.0207,1.0992,-0.1691,1.112
33.351695463,-0.0021,1.1060,-0.1961,1.123
33.354768694,0.0137,1.1144,-0.2240,1.137
33.356399694,0.0276,1.1234,-0.2392,1.149
33.359433309,0.0342,1.1307,-0.2482,1.158
33.361580002,0.0377,1.1414,-0.2529,1.170
33.364036925,0.0347,1.1542,-0.2529,1.182
33.367168925,0.0228,1.1754,-0.2502,1.202
33.368716079,-0.0002,1.1991,-0.2482,1.224
33.371073233,-0.0283,1.2294,-0.2421,1.253
33.373360002,-0.0605,1.2578,-0.2436,1.283
33.376035463,-0.0947,1.2868,-0.2360,1.312
33.379552386,-0.1240,1.3112,-0.2103,1.334
33.380894156,-0.1490,1.3279,-0.1774,1.348
33.383064002,-0.1748,1.3447,-0.1437,1.364
33.385658771,-0.1949,1.3589,-0.1134,1.377
33.388199079,-0.2128,1.3660,-0.0897,1.385
33.390161925,-0.2217,1.3699,-0.0713,1.390
33.392780309,-0.2293,1.3685,-0.0682,1.389
33.396284309,-0.2310,1.3760,-0.0771,1.397
33.397627156,-0.2366,1.3965,-0.0836,1.419
33.400019771,-0.2454,1.4214,-0.0867,1.445
33.402378156,-0.2589,1.4515,-0.0764,1.476
33.405044694,-0.2680,1.4822,-0.0574,1.507
33.407312694,-0.2674,1.5111,-0.0319,1.535
33.40986554,-0.2503,1.5321,-0.0156,1.553
33.415785309,-0.2361,1.5534,0.0111,1.571
33.416254771,-0.2171,1.5773,0.0381,1.593
33.417954233,-0.2000,1.5989,0.0623,1.613
33.419470233,-0.1781,1.6186,0.0874,1.631
33.427682233,-0.1580,1.6328,0.0962,1.643
33.428112925,-0.1373,1.6420,0.0910,1.650
33.428243386,-0.1150,1.6455,0.0830,1.652
33.42887854,-0.1038,1.6411,0.0737,1.646
33.431043694,-0.0928,1.6367,0.0686,1.641
33.433677309,-0.0771,1.6231,0.0735,1.627
33.435872079,-0.0717,1.6223,0.0728,1.625
33.440383079,-0.0732,1.6284,0.0698,1.632
33.440979079,-0.0805,1.6291,0.0710,1.633
33.443684386,-0.0840,1.6269,0.0817,1.631
33.445816002,-0.0776,1.6228,0.0803,1.627
33.448208079,-0.0668,1.6145,0.0971,1.619
33.450948694,-0.0576,1.6042,0.1189,1.610
33.454230156,-0.0421,1.5903,0.1333,1.596
33.455376617,-0.0285,1.5732,0.1521,1.581
33.457658233,-0.0092,1.5497,0.1360,1.556
33.460318233,0.0070,1.5234,0.1006,1.527
33.46281354,0.0191,1.5018,0.0498,1.503
33.465096079,0.0266,1.4762,-0.0132,1.477
33.46754954,0.0337,1.4568,-0.0767,1.459
33.470231156,0.0368,1.4376,-0.1444,1.445
33.472140386,0.0433,1.4224,-0.2094,1.438
33.474804694,0.0522,1.4039,-0.2548,1.428
33.477228694,0.0628,1.3770,-0.2851,1.408
33.479724617,0.0752,1.3447,-0.2956,1.379
33.481807463,0.0843,1.3042,-0.3032,1.342
33.484558156,0.0882,1.2646,-0.3364,1.312
33.486875386,0.0877,1.2192,-0.3692,1.277
33.489424002,0.0862,1.1713,-0.3738,1.233
33.492082233,0.0813,1.1270,-0.3760,1.191
33.494054771,0.0757,1.0846,-0.4016,1.159
33.496439079,0.0715,1.0445,-0.4421,1.136
33.49881854,0.0601,1.0061,-0.4910,1.121
33.50176154,0.0606,0.9668,-0.5404,1.109
33.504102463,0.0745,0.9465,-0.5949,1.120
33.506758233,0.0718,0.9167,-0.6408,1.121
33.508858156,0.0764,0.8808,-0.6571,1.102
33.515160002,0.0787,0.8573,-0.6413,1.074
33.515869925,0.0850,0.8463,-0.6093,1.046
33.516408079,0.0899,0.8461,-0.5692,1.024
33.524485002,0.0950,0.8628,-0.5196,1.012
33.525237233,0.0982,0.8959,-0.4539,1.009
33.525482848,0.0869,0.9421,-0.3862,1.022
33.525722156,0.0469,0.9946,-0.3279,1.048
33.527864694,-0.0195,1.0511,-0.2795,1.088
33.538582463,-0.0945,1.1139,-0.2469,1.145
33.539957617,-0.1727,1.1764,-0.2133,1.208
33.540228079,-0.2459,1.2297,-0.1820,1.267
33.540554463,-0.3097,1.2651,-0.1749,1.314
33.540744925,-0.3515,1.2778,-0.1812,1.338
33.542342848,-0.3773,1.2868,-0.1810,1.353
33.544881233,-0.4069,1.2951,-0.1824,1.370
33.547219156,-0.4544,1.3040,-0.2143,1.397
33.550022848,-0.5189,1.3096,-0.2878,1.438
33.552683079,-0.6002,1.2984,-0.3804,1.480
33.554087463,-0.7040,1.2751,-0.4505,1.525
33.556491079,-0.8254,1.2629,-0.4884,1.586
33.559201309,-0.9904,1.2556,-0.4793,1.669
33.561577925,-1.1772,1.2316,-0.4011,1.750
33.56386954,-1.3332,1.2048,-0.2611,1.816
33.566344386,-1.4907,1.1784,-0.1187,1.904
33.569804925,-1.6139,1.1363,0.0209,1.974
33.571120002,-1.7805,1.1151,0.1238,2.105
33.573557617,-1.8753,1.0720,0.2305,2.172
33.576046233,-1.8923,1.0233,0.3116,2.174
33.578540386,-1.8075,0.9668,0.3551,2.080
33.580718463,-1.6158,0.9133,0.3314,1.885
33.583473848,-1.4220,0.9003,0.2601,1.703
33.586008925,-1.2366,0.8979,0.1963,1.541
33.588066463,-1.0617,0.8984,0.1583,1.400
33.59054254,-0.8824,0.8920,0.1177,1.260
33.593108002,-0.7255,0.8950,0.0938,1.156
33.595322848,-0.5841,0.8964,0.0373,1.071
33.597624079,-0.4786,0.9064,-0.0481,1.026
33.600660617,-0.3728,0.9096,-0.1046,0.989
33.602745617,-0.2873,0.9287,-0.1327,0.981
33.604728386,-0.2286,0.9609,-0.1011,0.993
33.607457848,-0.1921,1.0071,-0.1954,1.044
33.609836617,-0.1431,1.0271,-0.1304,1.045
33.615207156,-0.1091,1.0518,-0.1302,1.065
33.61581854,-0.0784,1.0743,-0.2010,1.096
33.617138156,-0.0502,1.0921,-0.2534,1.122
33.626374771,-0.0417,1.1076,-0.2934,1.147
33.627213617,-0.0610,1.1212,-0.2792,1.157
33.627399156,-0.0798,1.1312,-0.2480,1.161
33.627803694,-0.0871,1.1325,-0.2299,1.159
33.629062848,-0.0857,1.1214,-0.2213,1.146
33.631535463,-0.0812,1.1070,-0.2255,1.133
33.633912694,-0.0822,1.0939,-0.2313,1.121
33.636478233,-0.0754,1.0706,-0.2421,1.100
33.638648925,-0.0651,1.0469,-0.2494,1.078
33.641565002,-0.0461,1.0235,-0.2578,1.056
33.643808694,-0.0276,0.9979,-0.2658,1.033
33.646008079,-0.0221,0.9719,-0.2858,1.013
33.648151156,-0.0106,0.9448,-0.3000,0.991
33.650803694,-0.0011,0.9225,-0.3124,0.974
33.653019771,0.0068,0.8947,-0.3124,0.948
33.655582848,0.0073,0.8649,-0.3115,0.919
33.658315156,0.0061,0.8421,-0.3124,0.898
33.660580386,-0.0029,0.8202,-0.3217,0.881
33.662748386,-0.0148,0.8016,-0.3300,0.867
33.665440386,-0.0283,0.7831,-0.3222,0.847
33.668104309,-0.0388,0.7682,-0.3079,0.828
33.670019386,-0.0522,0.7564,-0.2990,0.815
33.672343156,-0.0693,0.7435,-0.2809,0.798
33.674952079,-0.0803,0.7359,-0.2583,0.784
33.677441925,-0.0942,0.7288,-0.2367,0.772
33.679798233,-0.1015,0.7181,-0.2103,0.755
33.682081002,-0.1066,0.7088,-0.1859,0.740
33.684700002,-0.1169,0.7027,-0.1668,0.732
33.686913309,-0.1380,0.6981,-0.1566,0.729
33.689328386,-0.1485,0.6934,-0.1468,0.724
33.691860386,-0.1562,0.6900,-0.1334,0.720
33.69411854,-0.1667,0.6827,-0.1241,0.714
33.696532002,-0.1709,0.6702,-0.1134,0.701
33.699159079,-0.1695,0.6665,-0.1050,0.696
33.701951463,-0.1683,0.6648,-0.0887,0.691
33.703712002,-0.1639,0.6599,-0.0806,0.685
33.706946463,-0.1624,0.6555,-0.0687,0.679
33.710030463,-0.1560,0.6529,-0.0545,0.673
33.710946233,-0.1531,0.6473,-0.0391,0.666
33.713492386,-0.1534,0.6424,-0.0298,0.661
33.715950233,-0.1490,0.6387,-0.0146,0.656
33.720742771,-0.1465,0.6343,-0.0088,0.651
33.721617002,-0.1497,0.6289,-0.0032,0.646
33.725777617,-0.1548,0.6277,0.0014,0.646
33.726162848,-0.1587,0.6208,0.0099,0.641
33.730215386,-0.1614,0.6122,0.0102,0.633
33.73052931,-0.1667,0.6064,0.0129,0.629
33.732852694,-0.1751,0.5982,0.0158,0.623
33.743045848,-0.1881,0.5871,0.0124,0.617
33.743626233,-0.1979,0.5812,0.0102,0.614
33.743899694,-0.2103,0.5773,0.0104,0.615
33.744144925,-0.2266,0.5700,0.0078,0.613
33.74486031,-0.2417,0.5630,0.0029,0.613
33.74717754,-0.2589,0.5578,-0.0014,0.615
33.750075771,-0.2831,0.5570,-0.0081,0.625
33.752189848,-0.3014,0.5556,-0.0137,0.632
33.754277233,-0.3204,0.5544,-0.0210,0.641
33.756765617,-0.3395,0.5578,-0.0298,0.654
33.759171463,-0.3642,0.5617,-0.0328,0.670
33.762046848,-0.3786,0.5681,-0.0361,0.684
33.764103771,-0.3913,0.5712,-0.0384,0.693
33.767539156,-0.4018,0.5732,-0.0391,0.701
33.768802771,-0.4089,0.5771,-0.0386,0.708
33.771848079,-0.4108,0.5775,-0.0323,0.709
33.773745233,-0.4143,0.5763,-0.0291,0.710
33.776268079,-0.4148,0.5784,-0.0249,0.712
33.778483771,-0.4131,0.5775,-0.0225,0.710
33.78137854,-0.4123,0.5784,-0.0210,0.711
33.783759386,-0.4062,0.5784,-0.0207,0.707
33.785637925,-0.3982,0.5737,-0.0176,0.699
33.788279156,-0.3926,0.5703,-0.0193,0.693
33.790835694,-0.3879,0.5715,-0.0200,0.691
33.793247694,-0.3752,0.5724,-0.0244,0.685
33.795520617,-0.3615,0.5705,-0.0214,0.676
33.798096079,-0.3535,0.5663,-0.0293,0.668
33.800283771,-0.3410,0.5612,-0.0356,0.658
33.80254431,-0.3309,0.5600,-0.0312,0.651
33.805514156,-0.3148,0.5605,-0.0344,0.644
33.808893617,-0.3083,0.5617,-0.0191,0.641
33.809910156,-0.3121,0.5605,-0.0293,0.642
33.812269617,-0.3063,0.5573,-0.0349,0.637
33.815115694,-0.3004,0.5581,-0.0442,0.635
33.817400694,-0.2904,0.5537,-0.0571,0.628
33.819551694,-0.2892,0.5512,-0.0726,0.627
33.822535694,-0.2843,0.5493,-0.0872,0.625
33.829072002,-0.2748,0.5478,-0.0989,0.621
33.830014848,-0.2650,0.5485,-0.1116,0.619
33.830302848,-0.2594,0.5441,-0.1232,0.615
33.83158954,-0.2528,0.5437,-0.1253,0.613
33.842736386,-0.2508,0.5468,-0.1265,0.615
33.843304925,-0.2430,0.5495,-0.1263,0.614
33.843481617,-0.2408,0.5500,-0.1260,0.613
33.843653617,-0.2396,0.5507,-0.1241,0.613
33.84408254,-0.2379,0.5521,-0.1226,0.614
33.846704925,-0.2352,0.5573,-0.1226,0.617
33.849471156,-0.2349,0.5602,-0.1202,0.619
33.851712617,-0.2369,0.5635,-0.1202,0.623
33.853189233,-0.2374,0.5663,-0.1229,0.626
33.855562463,-0.2371,0.5723,-0.1211,0.631
33.858449617,-0.2413,0.5788,-0.1199,0.638
33.860767079,-0.2438,0.5849,-0.1187,0.645
33.863024617,-0.2477,0.5910,-0.1155,0.651
33.86640931,-0.2528,0.5979,-0.1174,0.660
33.867703694,-0.2591,0.6035,-0.1141,0.667
33.870284925,-0.2682,0.6079,-0.1129,0.674
33.872645617,-0.2789,0.6140,-0.1111,0.683
33.87511331,-0.2899,0.6196,-0.1092,0.693
33.877756617,-0.2967,0.6220,-0.1046,0.697
33.880037233,-0.3046,0.6267,-0.1041,0.705
33.883390156,-0.3127,0.6292,-0.0967,0.709
33.884616925,-0.3212,0.6331,-0.0920,0.716
33.887665233,-0.3253,0.6360,-0.0899,0.720
33.889720079,-0.3326,0.6397,-0.0901,0.727
33.892425848,-0.3373,0.6401,-0.0911,0.729
33.89460531,-0.3400,0.6448,-0.0894,0.734
33.897262463,-0.3422,0.6438,-0.0880,0.734
33.899463386,-0.3461,0.6453,-0.0852,0.737
33.90221054,-0.3468,0.6494,-0.0820,0.741
33.90416531,-0.3500,0.6502,-0.0762,0.742
33.907867694,-0.3519,0.6531,-0.0713,0.745
33.908732002,-0.3530,0.6604,-0.0659,0.752
33.911101925,-0.3527,0.6639,-0.0633,0.754
33.914164617,-0.3535,0.6690,-0.0647,0.759
33.91665731,-0.3542,0.6753,-0.0706,0.766
33.918482771,-0.3596,0.6778,-0.0740,0.771
33.921055079,-0.3619,0.6870,-0.0818,0.781
33.927226848,-0.3644,0.6968,-0.0836,0.791
33.928110463,-0.3642,0.7049,-0.0885,0.798
33.928744002,-0.3681,0.7179,-0.0929,0.812
33.930739694,-0.3673,0.7273,-0.0913,0.820
33.93619054,-0.3671,0.7376,-0.0911,0.829
33.936579079,-0.3673,0.7471,-0.0911,0.838
33.939066463,-0.3661,0.7579,-0.0901,0.846
33.949286156,-0.3600,0.7657,-0.0857,0.850
33.950692925,-0.3512,0.7743,-0.0845,0.854
33.951182848,-0.3454,0.7818,-0.0828,0.859
33.951728002,-0.3358,0.7892,-0.0784,0.861
33.952130233,-0.3283,0.7980,-0.0762,0.866
33.952424694,-0.3151,0.8058,-0.0706,0.868
33.954801617,-0.3051,0.8104,-0.0642,0.868
33.957548617,-0.2921,0.8167,-0.0582,0.869
33.959318233,-0.2794,0.8241,-0.0510,0.872
33.962039079,-0.2713,0.8302,-0.0469,0.875
33.964650771,-0.2677,0.8417,-0.0473,0.885
33.966515079,-0.2618,0.8475,-0.0552,0.889
33.969130156,-0.2571,0.8522,-0.0620,0.892
33.971784002,-0.2584,0.8576,-0.0689,0.898
33.974450463,-0.2552,0.8700,-0.0825,0.910
33.977218771,-0.2599,0.8805,-0.0994,0.923
33.978815386,-0.2671,0.8869,-0.1155,0.933
33.982119694,-0.2767,0.8950,-0.1324,0.946
33.983540694,-0.2909,0.9008,-0.1481,0.958
33.98595631,-0.3039,0.9099,-0.1549,0.972
33.988580694,-0.3170,0.9216,-0.1607,0.988
33.991004617,-0.3407,0.9326,-0.1698,1.007
33.99382031,-0.3628,0.9431,-0.1776,1.026
33.995680694,-0.3771,0.9539,-0.1837,1.042
33.998458463,-0.3931,0.9648,-0.1837,1.058
34.000336386,-0.4071,0.9770,-0.1915,1.076
34.003049233,-0.4169,0.9819,-0.2054,1.086
34.005475079,-0.4255,0.9868,-0.2120,1.095
34.007854463,-0.4380,0.9961,-0.2189,1.110
34.010849848,-0.4451,1.0054,-0.2306,1.123
34.013347771,-0.4480,1.0171,-0.2418,1.137
34.01879454,-0.4478,1.0217,-0.2506,1.143
34.019566848,-0.4390,1.0242,-0.2585,1.144
34.020089002,-0.4280,1.0293,-0.2678,1.146
34.022103079,-0.4082,1.0293,-0.2716,1.140
34.027090771,-0.3940,1.0357,-0.2748,1.142
34.027417925,-0.3796,1.0450,-0.2702,1.144
34.029257617,-0.3591,1.0523,-0.2702,1.144
34.039376002,-0.3337,1.0555,-0.2587,1.137
34.039999694,-0.3102,1.0513,-0.2541,1.125
34.040366848,-0.2921,1.0608,-0.2462,1.128
34.040615156,-0.2711,1.0633,-0.2448,1.124
34.041533848,-0.2540,1.0615,-0.2478,1.119
34.043659156,-0.2382,1.0650,-0.2450,1.118
34.046300386,-0.2284,1.0713,-0.2480,1.123
34.048616925,-0.2188,1.0792,-0.2524,1.130
34.050899463,-0.2128,1.0870,-0.2570,1.137
34.053947156,-0.2110,1.1032,-0.2555,1.152
34.056427386,-0.2093,1.1163,-0.2583,1.165
34.058152925,-0.2105,1.1305,-0.2602,1.179
34.06076431,-0.2137,1.1424,-0.2631,1.192
34.06340131,-0.2224,1.1530,-0.2653,1.204
34.066317233,-0.2322,1.1659,-0.2707,1.219
34.06859731,-0.2430,1.1713,-0.2726,1.227
34.070766848,-0.2506,1.1784,-0.2748,1.236
34.072859079,-0.2677,1.1901,-0.2714,1.250
34.075306463,-0.2789,1.1984,-0.2631,1.258
34.077875386,-0.2902,1.2126,-0.2467,1.271
34.081398771,-0.2990,1.2216,-0.2280,1.278
34.083054848,-0.3046,1.2395,-0.2164,1.295
34.084860079,-0.3065,1.2490,-0.2017,1.302
34.087162156,-0.3090,1.2544,-0.1930,1.306
34.090604617,-0.3095,1.2590,-0.1879,1.310
34.092026156,-0.3075,1.2619,-0.1798,1.311
34.094524925,-0.3021,1.2581,-0.1693,1.305
34.097769617,-0.3041,1.2541,-0.1644,1.301
34.099154848,-0.3097,1.2458,-0.1630,1.294
34.101774156,-0.3168,1.2360,-0.1670,1.287
34.10456254,-0.3181,1.2162,-0.1698,1.269
34.106745002,-0.3227,1.2015,-0.1688,1.255
34.10880654,-0.3337,1.1828,-0.1768,1.242
34.11132831,-0.3566,1.1698,-0.1830,1.237
34.116620079,-0.3833,1.1603,-0.1933,1.237
34.11735454,-0.4113,1.1483,-0.1961,1.235
34.11922531,-0.4362,1.1407,-0.1924,1.236
34.121621002,-0.4612,1.1290,-0.1779,1.232
34.12583854,-0.4800,1.1229,-0.1476,1.230
34.126531463,-0.4995,1.1148,-0.1167,1.227
34.128600925,-0.5156,1.1085,-0.0948,1.226
34.138727694,-0.5298,1.0990,-0.0811,1.223
34.139532002,-0.5435,1.0918,-0.0711,1.222
34.139950771,-0.5496,1.0811,-0.0682,1.215
34.140321002,-0.5484,1.0657,-0.0750,1.201
34.140809617,-0.5467,1.0569,-0.0762,1.192
34.14302031,-0.5379,1.0499,-0.0771,1.182
34.145051463,-0.5289,1.0450,-0.0740,1.174
34.147520617,-0.5237,1.0394,-0.0654,1.166
34.14977331,-0.5137,1.0386,-0.0545,1.160
34.152518233,-0.5064,1.0364,-0.0510,1.155
34.155078848,-0.4966,1.0401,-0.0405,1.153
34.157083079,-0.4893,1.0443,-0.0319,1.154
34.159519079,-0.4832,1.0447,-0.0237,1.151
34.162655771,-0.4781,1.0452,-0.0173,1.149
34.164333617,-0.4765,1.0466,-0.0205,1.150
34.166701233,-0.4746,1.0415,-0.0281,1.145
34.16945754,-0.4746,1.0335,-0.0379,1.138
34.171723386,-0.4732,1.0200,-0.0525,1.126
34.173952694,-0.4695,1.0000,-0.0713,1.107
34.176255463,-0.4595,0.9709,-0.0850,1.078
34.178732002,-0.4490,0.9455,-0.0982,1.051
34.181115156,-0.4336,0.9106,-0.1118,1.015
34.183604386,-0.4194,0.8768,-0.1165,0.979
34.186336617,-0.4020,0.8421,-0.1192,0.941
34.188851771,-0.3859,0.8107,-0.1199,0.906
34.190955386,-0.3715,0.7789,-0.1195,0.871
34.19387754,-0.3608,0.7520,-0.1232,0.843
34.196997617,-0.3544,0.7288,-0.1241,0.820
34.198243694,-0.3495,0.7061,-0.1263,0.798
34.200537617,-0.3473,0.6819,-0.1223,0.775
34.203047079,-0.3454,0.6660,-0.1143,0.759
34.205484694,-0.3468,0.6506,-0.1004,0.744
34.208053848,-0.3346,0.6404,-0.0877,0.728
34.210440617,-0.3368,0.6362,-0.0762,0.724
34.216776925,-0.3542,0.6453,-0.0584,0.738
34.217859156,-0.3757,0.6490,-0.0535,0.752
34.218233848,-0.4113,0.6567,-0.0430,0.776
34.221967771,-0.4448,0.6711,-0.0508,0.807
34.222360694,-0.4624,0.6837,-0.0496,0.827
34.226068386,-0.4814,0.6944,-0.0603,0.847
34.227110463,-0.5003,0.7195,-0.0955,0.882
34.236218848,-0.5042,0.7486,-0.1141,0.910
34.236723694,-0.4939,0.7806,-0.1029,0.929
34.236868925,-0.4870,0.8023,-0.0945,0.943
34.237428617,-0.4727,0.8180,-0.0885,0.949
34.239001848,-0.4439,0.8253,-0.0845,0.941
34.241588002,-0.4031,0.8314,-0.0782,0.927
34.244111463,-0.3693,0.8361,-0.0689,0.917
34.246441002,-0.3461,0.8542,-0.0606,0.924
34.248702156,-0.3312,0.8724,-0.0679,0.936
34.251272079,-0.3229,0.9094,-0.0950,0.970
34.253935386,-0.3227,0.9506,-0.1358,1.013
34.255926233,-0.3246,1.0005,-0.1891,1.069
34.258961002,-0.3102,1.0606,-0.2411,1.131
34.260846463,-0.2745,1.1249,-0.2851,1.192
34.268612694,-0.2030,1.1894,-0.2893,1.241
34.269984617,-0.1003,1.2572,-0.2284,1.282
34.27040031,0.0179,1.3262,-0.1155,1.331
34.270787694,0.1414,1.4132,0.0219,1.420
34.272950233,0.2616,1.5272,0.2117,1.564
34.275226463,0.3310,1.6907,0.4483,1.780
34.278592925,0.3489,1.8607,0.6473,2.001
34.280036079,0.4002,1.9702,0.7339,2.140
34.283030233,0.5431,2.0195,0.6232,2.182
34.284843463,0.6577,2.0466,0.2604,2.165
34.288367156,0.7286,2.0638,-0.2157,2.199
34.291468694,0.7612,2.0780,-0.5939,2.291
34.292514156,0.8069,2.1060,-0.8416,2.407
34.29448431,0.8573,2.1244,-0.8935,2.459
34.296870156,0.9274,2.1283,-0.7454,2.438
34.299287386,1.0918,2.0853,-0.4339,2.394
34.302097848,1.2079,2.0112,-0.1332,2.350
34.30411731,1.2511,1.8881,0.1455,2.270
34.306467694,1.1812,1.7396,0.3717,2.135
34.30880131,1.0447,1.5751,0.4585,1.945
34.313100617,0.8971,1.4119,0.4155,1.724
34.313728694,0.7410,1.2576,0.3146,1.493
34.316552925,0.5866,1.1185,0.2059,1.280
34.318910233,0.4170,1.0035,0.1277,1.094
34.32122931,0.2401,0.8930,0.0728,0.928
34.32352031,0.0745,0.7916,0.0356,0.796
34.326168925,-0.0812,0.6983,0.0141,0.703
34.333208079,-0.2237,0.6233,0.0183,0.662
34.333514848,-0.3649,0.5509,0.0006,0.661
34.333895386,-0.5259,0.4831,-0.1024,0.721
34.336008925,-0.6535,0.4127,-0.2115,0.801
34.337826233,-0.7172,0.3555,-0.2986,0.854
34.340162848,-0.7211,0.3128,-0.3967,0.880
34.342958233,-0.7262,0.2896,-0.4935,0.925
34.345799463,-0.7045,0.2512,-0.6259,0.975
34.34742254,-0.6845,0.2224,-0.7265,1.023
34.350369002,-0.6584,0.2280,-0.7519,1.025
34.352679079,-0.6415,0.2746,-0.7544,1.028
34.354654771,-0.6381,0.3611,-0.7283,1.033
34.357174156,-0.6410,0.4818,-0.6701,1.045
34.359663694,-0.6488,0.6243,-0.5861,1.074
34.362402848,-0.6530,0.7782,-0.4784,1.123
34.364579386,-0.6654,0.9285,-0.3373,1.191
34.367064386,-0.6784,1.0755,-0.1771,1.284
34.370711079,-0.6943,1.2087,-0.0398,1.394
34.372030233,-0.7236,1.3161,0.0248,1.502
34.374372386,-0.7341,1.3863,0.1133,1.573
34.376658156,-0.7048,1.4391,0.1778,1.612
34.379060079,-0.6574,1.4591,0.1580,1.608
34.381351694,-0.6085,1.4552,0.0945,1.580
34.384043156,-0.5780,1.4249,0.0304,1.538
34.388254771,-0.5631,1.3841,-0.0078,1.494
34.389234848,-0.5633,1.3457,-0.0212,1.459
34.390935156,-0.5743,1.3159,-0.0408,1.436
34.393421233,-0.5936,1.2903,-0.0738,1.422
34.395623463,-0.6009,1.2536,-0.1292,1.396
34.398296925,-0.5914,1.2087,-0.1952,1.360
34.40064531,-0.5664,1.1576,-0.2618,1.315
34.403190156,-0.5284,1.1039,-0.3171,1.264
34.405535771,-0.4812,1.0538,-0.3562,1.212
34.408459156,-0.4174,0.9993,-0.3776,1.147
34.41123231,-0.3617,0.9443,-0.3941,1.085
34.412610771,-0.2955,0.9001,-0.3980,1.028
34.414968079,-0.2342,0.8710,-0.4046,0.989
34.419215386,-0.1685,0.8405,-0.4111,0.951
34.420961848,-0.1140,0.8158,-0.4080,0.919
34.423141848,-0.0595,0.7980,-0.3955,0.893
34.424783079,-0.0234,0.8009,-0.3913,0.892
34.430635156,0.0073,0.8148,-0.3792,0.899
34.431190771,0.0352,0.8356,-0.3706,0.915
34.432139156,0.0684,0.8635,-0.3643,0.940
34.435502156,0.0969,0.8966,-0.3522,0.968
34.442527079,0.1190,0.9309,-0.3359,0.997
34.443124079,0.1381,0.9702,-0.3168,1.030
34.443257002,0.1444,1.0093,-0.3039,1.064
34.444877002,0.1453,1.0445,-0.2951,1.095
34.446349233,0.1439,1.0794,-0.2865,1.126
34.449551386,0.1458,1.1095,-0.2753,1.152
34.45240031,0.1363,1.1276,-0.2578,1.165
34.453641925,0.1283,1.1412,-0.2382,1.173
34.456229617,0.1078,1.1419,-0.2094,1.166
34.458671463,0.0831,1.1412,-0.1791,1.158
34.461034233,0.0552,1.1337,-0.1451,1.144
34.463631463,0.0276,1.1214,-0.1187,1.128
34.466014233,-0.0021,1.1063,-0.1024,1.111
34.46885731,-0.0285,1.0916,-0.0960,1.096
34.470527463,-0.0637,1.0789,-0.0967,1.085
34.47293731,-0.0998,1.0638,-0.1036,1.073
34.476329848,-0.1353,1.0533,-0.1170,1.068
34.47834654,-0.1702,1.0491,-0.1319,1.071
34.480183463,-0.2061,1.0425,-0.1524,1.074
34.483019079,-0.2417,1.0415,-0.1752,1.083
34.485431386,-0.2865,1.0382,-0.2006,1.096
34.487676079,-0.3288,1.0384,-0.2191,1.111
34.490320925,-0.3745,1.0413,-0.2362,1.132
34.493885617,-0.4194,1.0418,-0.2475,1.150
34.497436617,-0.4555,1.0418,-0.2536,1.165
34.49823754,-0.4830,1.0379,-0.2623,1.174
34.499698771,-0.4979,1.0347,-0.2756,1.181
34.502181925,-0.5010,1.0269,-0.2897,1.179
34.504989617,-0.4861,1.0142,-0.2998,1.164
34.507055771,-0.4558,1.0022,-0.3086,1.143
34.509436079,-0.4087,0.9881,-0.3095,1.113
34.511703079,-0.3539,0.9739,-0.3054,1.080
34.514396617,-0.2934,0.9660,-0.2995,1.053
34.516565233,-0.2313,0.9611,-0.2890,1.030
34.518941848,-0.1688,0.9521,-0.2797,1.007
34.521786848,-0.1087,0.9470,-0.2744,0.992
34.523819694,-0.0579,0.9470,-0.2697,0.986
34.529413233,-0.0183,0.9460,-0.2707,0.984
34.529956079,0.0061,0.9467,-0.2753,0.986
34.530795463,0.0210,0.9529,-0.2824,0.994
34.53351054,0.0281,0.9599,-0.2900,1.003
34.538973617,0.0228,0.9680,-0.3063,1.016
34.539421002,0.0124,0.9751,-0.3184,1.026
34.540680002,-0.0031,0.9863,-0.3281,1.039
34.553944694,-0.0258,0.9932,-0.3347,1.048
34.554901233,-0.0449,1.0024,-0.3328,1.057
34.555473848,-0.0654,1.0086,-0.3296,1.063
34.556019079,-0.0747,1.0103,-0.3200,1.062
34.556291079,-0.0859,1.0079,-0.3068,1.057
34.556688079,-0.0915,1.0056,-0.2921,1.051
34.557574233,-0.0917,1.0032,-0.2790,1.045
34.559886156,-0.0866,0.9932,-0.2699,1.033
34.562347771,-0.0779,0.9837,-0.2651,1.022
34.564894156,-0.0712,0.9776,-0.2562,1.013
34.567812002,-0.0651,0.9680,-0.2497,1.002
34.569391386,-0.0654,0.9597,-0.2448,0.993
34.571841002,-0.0686,0.9541,-0.2411,0.986
34.574462771,-0.0737,0.9506,-0.2357,0.982
34.576817617,-0.0891,0.9418,-0.2331,0.974
34.579065925,-0.1026,0.9378,-0.2348,0.972
34.581763156,-0.1184,0.9309,-0.2382,0.968
34.584655156,-0.1357,0.9285,-0.2421,0.969
34.586428925,-0.1521,0.9255,-0.2499,0.971
34.588872002,-0.1670,0.9250,-0.2548,0.974
34.591437925,-0.1790,0.9260,-0.2580,0.978
34.593725233,-0.1858,0.9225,-0.2573,0.976
34.596198848,-0.1888,0.9236,-0.2526,0.976
34.59878531,-0.1868,0.9236,-0.2472,0.974
34.60098431,-0.1790,0.9211,-0.2462,0.970
34.603162156,-0.1744,0.9218,-0.2411,0.969
34.605867463,-0.1644,0.9155,-0.2333,0.959
34.608352386,-0.1531,0.9124,-0.2280,0.953
34.610926156,-0.1389,0.9079,-0.2264,0.946
34.613131694,-0.1260,0.8991,-0.2282,0.936
34.615786848,-0.1133,0.8959,-0.2348,0.933
34.621092079,-0.1033,0.8908,-0.2441,0.929
34.62182254,-0.0947,0.8861,-0.2550,0.927
34.622873848,-0.0854,0.8781,-0.2655,0.921
34.631202771,-0.0803,0.8717,-0.2792,0.919
34.631889233,-0.0771,0.8703,-0.2900,0.921
34.632216925,-0.0710,0.8679,-0.3012,0.921
34.632595386,-0.0675,0.8651,-0.3107,0.922
34.64273854,-0.0668,0.8691,-0.3217,0.929
34.643239079,-0.0684,0.8715,-0.3281,0.934
34.643655463,-0.0719,0.8815,-0.3279,0.943
34.64384954,-0.0786,0.8908,-0.3279,0.952
34.644378156,-0.0891,0.9028,-0.3264,0.964
34.646547694,-0.1018,0.9131,-0.3212,0.973
34.649312079,-0.1096,0.9245,-0.3163,0.983
34.651540079,-0.1233,0.9382,-0.3073,0.995
34.654818848,-0.1365,0.9495,-0.3007,1.005
34.656598463,-0.1492,0.9607,-0.2937,1.016
34.658756617,-0.1636,0.9678,-0.2824,1.021
34.661240694,-0.1756,0.9734,-0.2739,1.026
34.663690463,-0.1839,0.9837,-0.2699,1.036
34.667243156,-0.1937,0.9893,-0.2721,1.044
34.668613002,-0.1963,0.9923,-0.2753,1.048
34.670823771,-0.1949,0.9993,-0.2748,1.055
34.673359386,-0.1976,0.9988,-0.2758,1.055
34.675780002,-0.1970,1.0003,-0.2772,1.057
34.678041233,-0.1939,0.9973,-0.2751,1.053
34.680539694,-0.1856,0.9898,-0.2739,1.044
34.684024002,-0.1772,0.9858,-0.2655,1.036
34.685088694,-0.1688,0.9821,-0.2597,1.030
34.688362848,-0.1641,0.9793,-0.2585,1.026
34.690543694,-0.1518,0.9744,-0.2543,1.018
34.69257454,-0.1448,0.9695,-0.2526,1.012
34.69486154,-0.1392,0.9651,-0.2543,1.008
34.697760002,-0.1365,0.9592,-0.2574,1.002
34.700027386,-0.1392,0.9529,-0.2616,0.998
34.702128386,-0.1401,0.9480,-0.2683,0.995
34.704787079,-0.1404,0.9460,-0.2780,0.996
34.707056079,-0.1350,0.9443,-0.2878,0.996
34.709377233,-0.1365,0.9470,-0.2965,1.002
34.712092002,-0.1392,0.9465,-0.2981,1.002
34.714487386,-0.1357,0.9487,-0.2993,1.004
34.716846848,-0.1326,0.9473,-0.3007,1.003
34.718988386,-0.1324,0.9499,-0.3012,1.005
34.722166156,-0.1345,0.9527,-0.3023,1.008
34.728711156,-0.1389,0.9563,-0.3026,1.013
34.729714156,-0.1467,0.9576,-0.3058,1.016
34.73031231,-0.1646,0.9611,-0.3046,1.022
34.732157002,-0.1814,0.9629,-0.3049,1.026
34.73734831,-0.1988,0.9644,-0.3002,1.029
34.73820431,-0.2140,0.9611,-0.3014,1.030
34.738395463,-0.2333,0.9570,-0.2988,1.029
34.750156617,-0.2494,0.9534,-0.2925,1.028
34.751100002,-0.2643,0.9473,-0.2905,1.025
34.751422233,-0.2743,0.9448,-0.2849,1.024
34.751979694,-0.2873,0.9353,-0.2812,1.018
34.752284617,-0.2911,0.9248,-0.2756,1.008
34.752572925,-0.2923,0.9194,-0.2739,1.003
34.755697848,-0.2927,0.9106,-0.2734,0.995
34.75810431,-0.2882,0.9028,-0.2719,0.986
34.759961617,-0.2831,0.8952,-0.2748,0.978
34.762688694,-0.2760,0.8940,-0.2839,0.978
34.764957925,-0.2636,0.8925,-0.2888,0.974
34.767163694,-0.2587,0.8942,-0.2974,0.977
34.769669002,-0.2496,0.9006,-0.3081,0.984
34.77231231,-0.2459,0.9079,-0.3188,0.993
34.775261002,-0.2438,0.9223,-0.3244,1.008
34.777057002,-0.2447,0.9323,-0.3277,1.018
34.779908925,-0.2457,0.9453,-0.3286,1.031
34.782707463,-0.2471,0.9588,-0.3312,1.044
34.784099771,-0.2518,0.9739,-0.3296,1.059
34.786694463,-0.2562,0.9839,-0.3247,1.067
34.789105617,-0.2611,0.9995,-0.3219,1.082
34.791629617,-0.2652,1.0056,-0.3166,1.087
34.794240694,-0.2684,1.0161,-0.3086,1.095
34.796331156,-0.2726,1.0254,-0.3030,1.103
34.799142848,-0.2733,1.0273,-0.2970,1.104
34.80126931,-0.2762,1.0296,-0.2930,1.106
34.804202156,-0.2741,1.0293,-0.2878,1.103
34.807179694,-0.2694,1.0303,-0.2839,1.102
34.808227079,-0.2611,1.0230,-0.2807,1.092
34.810671463,-0.2552,1.0196,-0.2785,1.087
34.813916925,-0.2457,1.0147,-0.2795,1.081
34.816142771,-0.2359,1.0037,-0.2768,1.068
34.818353002,-0.2254,0.9968,-0.2765,1.059
34.820601925,-0.2173,0.9863,-0.2763,1.047
34.828083771,-0.2117,0.9814,-0.2699,1.040
34.828712925,-0.2032,0.9727,-0.2653,1.028
34.829480079,-0.2030,0.9697,-0.2587,1.024
34.839506463,-0.2030,0.9668,-0.2560,1.021
34.840778848,-0.2063,0.9621,-0.2518,1.016
34.841131079,-0.2137,0.9590,-0.2450,1.013
34.841425002,-0.2256,0.9621,-0.2320,1.015
34.841600079,-0.2477,0.9773,-0.2260,1.033
34.841894771,-0.2438,0.9563,-0.2180,1.011
34.844840925,-0.2484,0.9485,-0.2071,1.002
34.847912079,-0.2599,0.9511,-0.2045,1.007
34.85047331,-0.2696,0.9565,-0.1959,1.013
34.851771694,-0.2772,0.9590,-0.1961,1.017
34.853939386,-0.2853,0.9607,-0.1989,1.022
34.856586771,-0.2906,0.9597,-0.2089,1.024
34.858681848,-0.2958,0.9536,-0.2155,1.021
34.86159454,-0.2992,0.9458,-0.2252,1.017
34.863794156,-0.2997,0.9382,-0.2352,1.013
34.86618531,-0.2990,0.9297,-0.2392,1.005
34.868456002,-0.2943,0.9223,-0.2411,0.998
34.871315463,-0.2848,0.9145,-0.2453,0.989
34.873638771,-0.2785,0.9124,-0.2485,0.986
34.875683386,-0.2731,0.9106,-0.2511,0.983
34.878414156,-0.2648,0.9157,-0.2543,0.987
34.882912079,-0.2535,0.9196,-0.2585,0.988
34.883534156,-0.2457,0.9274,-0.2590,0.994
34.885823694,-0.2391,0.9348,-0.2585,0.999
34.887830771,-0.2335,0.9429,-0.2583,1.005
34.890210156,-0.2303,0.9527,-0.2573,1.013
34.89305754,-0.2268,0.9626,-0.2492,1.020
34.895140925,-0.2217,0.9675,-0.2377,1.021
34.898408925,-0.2268,0.9749,-0.2255,1.026
34.899914233,-0.2335,0.9749,-0.2157,1.025
34.902331463,-0.2320,0.9716,-0.2066,1.020
34.904998463,-0.2361,0.9702,-0.1986,1.018
34.907090848,-0.2420,0.9685,-0.1957,1.017
34.910537617,-0.2499,0.9644,-0.1910,1.014
34.91206031,-0.2606,0.9580,-0.1940,1.012
34.918211079,-0.2757,0.9570,-0.1964,1.015
34.919060002,-0.2860,0.9565,-0.1920,1.017
34.919801925,-0.2997,0.9541,-0.1901,1.018
34.921762156,-0.3144,0.9521,-0.1886,1.020
34.928160617,-0.3265,0.9527,-0.1824,1.023
34.92857331,-0.3427,0.9474,-0.1717,1.022
34.928941233,-0.3568,0.9495,-0.1691,1.028
34.939508002,-0.3689,0.9470,-0.1686,1.030
34.940404617,-0.3906,0.9506,-0.1710,1.042
34.940640617,-0.4040,0.9473,-0.1735,1.044
34.941002156,-0.4201,0.9495,-0.1717,1.052
34.941280002,-0.4365,0.9490,-0.1728,1.059
34.94315054,-0.4460,0.9543,-0.1776,1.068
34.945827156,-0.4619,0.9651,-0.1891,1.087
34.948657617,-0.4746,0.9741,-0.2001,1.102
34.950541233,-0.4826,0.9930,-0.2057,1.123
34.953003386,-0.4873,1.0093,-0.2010,1.139
34.955785002,-0.4879,1.0273,-0.1971,1.154
34.958341848,-0.4842,1.0466,-0.1893,1.169
34.96037231,-0.4805,1.0697,-0.1849,1.187
34.962828079,-0.4725,1.0787,-0.1754,1.191
34.965092925,-0.4575,1.0892,-0.1681,1.193
34.967619386,-0.4431,1.0951,-0.1683,1.193
34.969984386,-0.4250,1.0967,-0.1610,1.187
34.97240031,-0.4125,1.0970,-0.1558,1.182
34.974790156,-0.4074,1.0974,-0.1439,1.179
34.977267079,-0.4043,1.0992,-0.1365,1.179
34.98096931,-0.4020,1.1027,-0.1307,1.181
34.982275694,-0.4059,1.1067,-0.1365,1.187
34.984463079,-0.4104,1.1102,-0.1453,1.193
34.98736131,-0.4067,1.1134,-0.1524,1.195
34.989215463,-0.4092,1.1185,-0.1568,1.201
34.991562848,-0.4118,1.1229,-0.1695,1.208
34.994082848,-0.4133,1.1249,-0.1817,1.212
34.996591694,-0.4123,1.1227,-0.1849,1.210
34.99867631,-0.4080,1.1237,-0.1859,1.210
35.001282771,-0.4099,1.1197,-0.1849,1.207
35.003778463,-0.4071,1.1121,-0.1820,1.198
35.006097002,-0.3977,1.1090,-0.1786,1.192
35.008373617,-0.3801,1.1032,-0.1808,1.181
35.010963771,-0.3598,1.0974,-0.1774,1.168
35.014016387,-0.3373,1.0904,-0.1635,1.153
35.015543387,-0.3229,1.0892,-0.1497,1.146
35.018024387,-0.3085,1.0865,-0.1393,1.138
35.02084131,-0.2965,1.0813,-0.1263,1.128
35.027039771,-0.3043,1.0741,-0.1143,1.122
35.027688387,-0.3148,1.0604,-0.1134,1.112
35.027897002,-0.3351,1.0489,-0.1094,1.107
35.037992694,-0.3479,1.0313,-0.1155,1.095
35.038797617,-0.3649,1.0132,-0.1167,1.083
35.039166233,-0.3959,0.9883,-0.1185,1.071
35.039344387,-0.4470,0.9651,-0.1195,1.070
35.039774848,-0.4790,0.9392,-0.1232,1.061
35.043280002,-0.4634,0.9241,-0.1329,1.042
35.04460531,-0.4108,0.9103,-0.1437,1.009
35.048062771,-0.4331,0.8959,-0.1456,1.006
35.049587771,-0.4648,0.8871,-0.1412,1.011
35.051719079,-0.4881,0.8842,-0.1405,1.020
35.054858771,-0.5120,0.8842,-0.1388,1.031
35.056508079,-0.5161,0.8896,-0.1414,1.038
35.059613233,-0.5193,0.8942,-0.1439,1.044
35.061788925,-0.5357,0.8959,-0.1476,1.054
35.064033617,-0.5480,0.8977,-0.1554,1.063
35.066157002,-0.5489,0.9035,-0.1579,1.069
35.068982233,-0.5475,0.9082,-0.1661,1.073
35.07107854,-0.5443,0.9120,-0.1763,1.077
35.073549617,-0.5362,0.9131,-0.1884,1.075
35.075991463,-0.5333,0.9162,-0.2059,1.080
35.078542771,-0.5303,0.9174,-0.2233,1.083
35.080677617,-0.5233,0.9131,-0.2341,1.078
35.08318954,-0.5076,0.9218,-0.2492,1.081
35.086071463,-0.4863,0.9343,-0.2574,1.084
35.088034771,-0.4644,0.9390,-0.2636,1.080
35.090366771,-0.4492,0.9309,-0.2583,1.065
35.093136617,-0.4402,0.9167,-0.2548,1.048
35.096398771,-0.4253,0.8982,-0.2450,1.024
35.097695079,-0.4069,0.8945,-0.2331,1.010
35.099977925,-0.3886,0.8901,-0.2260,0.997
35.103408694,-0.3630,0.8894,-0.2206,0.986
35.105719156,-0.3410,0.8849,-0.2184,0.973
35.107768002,-0.3197,0.8891,-0.2194,0.970
35.109789925,-0.2943,0.9015,-0.2233,0.974
35.112527079,-0.2829,0.8833,-0.2120,0.951
35.114402463,-0.2836,0.8539,-0.1986,0.921
35.116935079,-0.2860,0.8319,-0.1835,0.899
35.119421925,-0.2878,0.8158,-0.1722,0.882
35.122170771,-0.2916,0.7978,-0.1607,0.864
35.124063156,-0.2906,0.7767,-0.1456,0.842
35.126763694,-0.2916,0.7640,-0.1400,0.830
35.133228387,-0.2874,0.7508,-0.1376,0.816
35.133907694,-0.2909,0.7417,-0.1348,0.808
35.134272694,-0.2990,0.7361,-0.1280,0.805
35.13638154,-0.3116,0.7320,-0.1185,0.804
35.147756079,-0.3297,0.7330,-0.1141,0.812
35.148768617,-0.3400,0.7315,-0.1041,0.813
35.149273002,-0.3581,0.7345,-0.0929,0.822
35.149840002,-0.3728,0.7376,-0.0801,0.830
35.150187463,-0.3857,0.7489,-0.0757,0.846
35.150764387,-0.4003,0.7596,-0.0528,0.860
35.156049233,-0.4047,0.7674,-0.0254,0.868
35.156700694,-0.4116,0.7750,-0.0075,0.878
35.15791331,-0.4082,0.7848,0.0067,0.885
35.160456079,-0.4040,0.7941,0.0143,0.891
35.163253617,-0.3989,0.8029,0.0236,0.897
35.165242463,-0.3935,0.8146,0.0319,0.905
35.167723463,-0.3847,0.8221,0.0405,0.909
35.170212694,-0.3759,0.8316,0.0449,0.914
35.172592079,-0.3693,0.8376,0.0535,0.917
35.175420002,-0.3566,0.8432,0.0600,0.917
35.177435771,-0.3479,0.8512,0.0698,0.922
35.180130233,-0.3370,0.8537,0.0784,0.921
35.182698463,-0.3272,0.8612,0.0825,0.925
35.185037925,-0.3197,0.8686,0.0849,0.929
35.187288617,-0.3139,0.8786,0.0877,0.937
35.19005054,-0.3102,0.8910,0.0879,0.948
35.191978156,-0.3088,0.9020,0.0822,0.957
35.19597231,-0.3097,0.9133,0.0903,0.969
35.196768079,-0.2824,0.8928,0.0869,0.940
35.199256387,-0.2660,0.8815,0.0852,0.925
35.201674771,-0.2916,0.9369,0.1204,0.989
35.20429454,-0.3109,0.9663,0.1399,1.025
35.206366463,-0.3272,0.9819,0.1632,1.048
35.208695387,-0.3356,0.9942,0.1778,1.064
35.21251331,-0.3483,1.0042,0.1732,1.077
35.213644079,-0.3515,1.0132,0.1609,1.084
35.215998156,-0.3503,1.0100,0.1553,1.080
35.219024387,-0.3539,1.0073,0.1604,1.080
35.22135331,-0.3532,1.0059,0.1634,1.079
35.223168387,-0.3493,0.9988,0.1578,1.070
35.225970771,-0.3361,0.9890,0.1660,1.058
35.231204617,-0.3195,0.9790,0.1851,1.046
35.231778848,-0.3026,0.9626,0.2007,1.029
35.232556925,-0.2867,0.9446,0.2130,1.010
35.242317848,-0.2726,0.9264,0.2247,0.991
35.243056925,-0.2643,0.9115,0.2159,0.973
35.243192387,-0.2591,0.8996,0.2025,0.958
35.243532079,-0.2594,0.8917,0.1861,0.947
35.25436431,-0.2545,0.8889,0.1846,0.943
35.255405848,-0.2496,0.8871,0.1905,0.941
35.255815463,-0.2464,0.8871,0.1907,0.940
35.256062233,-0.2435,0.8882,0.1763,0.938
35.256292079,-0.2420,0.8957,0.1746,0.944
35.256916694,-0.2435,0.9059,0.1676,0.953
35.259603694,-0.2328,0.9118,0.1716,0.957
35.26201454,-0.2335,0.9148,0.1939,0.964
35.264196002,-0.2576,0.9274,0.2335,0.990
35.269361925,-0.2713,0.9355,0.2457,1.005
35.269990233,-0.2772,0.9399,0.2056,1.001
35.27645231,-0.2738,0.9372,0.1837,0.994
35.277003694,-0.2733,0.9323,0.1673,0.986
35.277519387,-0.2713,0.9378,0.1646,0.990
35.279528079,-0.2633,0.9487,0.1534,0.996
35.280823771,-0.2567,0.9480,0.1629,0.996
35.283146771,-0.2435,0.9572,0.1875,1.005
35.285678771,-0.2389,0.9595,0.1951,1.008
35.288248694,-0.2357,0.9641,0.1744,1.008
35.290802233,-0.2342,0.9758,0.1783,1.019
35.29297854,-0.2374,0.9919,0.1863,1.037
35.29520431,-0.2394,1.0037,0.1878,1.049
35.297642233,-0.2452,1.0135,0.1883,1.060
35.300579079,-0.2506,1.0215,0.1873,1.068
35.302774848,-0.2569,1.0277,0.1841,1.075
35.304880079,-0.2655,1.0289,0.1819,1.078
35.307714771,-0.2729,1.0261,0.1793,1.077
35.310674848,-0.2750,1.0223,0.1817,1.074
35.312180387,-0.2797,1.0161,0.1875,1.070
35.314935156,-0.2811,1.0103,0.1886,1.066
35.31737331,-0.2845,1.0059,0.1942,1.063
35.319687156,-0.2829,0.9958,0.1937,1.053
35.321974848,-0.2787,0.9856,0.1927,1.042
35.32427454,-0.2764,0.9753,0.1937,1.032
35.330048617,-0.2711,0.9626,0.1937,1.019
35.330650233,-0.2633,0.9543,0.1893,1.008
35.331487771,-0.2535,0.9474,0.1844,0.998
35.333858233,-0.2445,0.9404,0.1826,0.989
35.338302463,-0.2354,0.9341,0.1824,0.980
35.338687771,-0.2293,0.9294,0.1856,0.975
35.341224387,-0.2200,0.9292,0.1856,0.973
35.352429925,-0.2105,0.9350,0.1821,0.976
35.352815079,-0.2049,0.9434,0.1790,0.982
35.353448694,-0.1963,0.9543,0.1783,0.990
35.353665925,-0.1958,0.9675,0.1793,1.003
35.353879079,-0.1937,0.9839,0.1785,1.019
35.355619463,-0.1944,1.0007,0.1746,1.034
35.358350463,-0.1954,1.0174,0.1676,1.049
35.360477233,-0.1946,1.0264,0.1555,1.056
35.36271231,-0.1951,1.0322,0.1455,1.061
35.365452387,-0.1917,1.0379,0.1374,1.064
35.368408387,-0.1814,1.0373,0.1257,1.061
35.369895694,-0.1707,1.0277,0.1196,1.049
35.372446233,-0.1567,1.0161,0.1062,1.034
35.375361925,-0.1470,1.0071,0.0845,1.021
35.377572079,-0.1297,0.9949,0.0803,1.007
35.379776079,-0.1150,0.9807,0.0923,0.992
35.382364694,-0.0973,0.9714,0.1076,0.982
35.384584387,-0.0864,0.9668,0.1157,0.978
35.38691231,-0.0761,0.9672,0.1218,0.978
35.38992531,-0.0688,0.9609,0.1267,0.972
35.391952387,-0.0649,0.9660,0.1338,0.977
35.394291387,-0.0647,0.9746,0.1331,0.986
35.396567387,-0.0668,0.9809,0.1292,0.992
35.399245617,-0.0732,0.9926,0.1236,1.003
35.401610233,-0.0825,0.9983,0.1148,1.008
35.404955387,-0.0915,1.0091,0.1140,1.020
35.40716431,-0.1013,1.0186,0.1155,1.030
35.408951694,-0.1118,1.0196,0.1174,1.032
35.41152154,-0.1180,1.0217,0.1204,1.036
35.413615463,-0.1240,1.0205,0.1277,1.036
35.416243463,-0.1331,1.0224,0.1341,1.040
35.418373925,-0.1411,1.0177,0.1411,1.037
35.420764617,-0.1453,1.0112,0.1434,1.032
35.423322771,-0.1497,1.0063,0.1465,1.028
35.429520925,-0.1518,1.0000,0.1495,1.022
35.430084694,-0.1575,0.9924,0.1474,1.016
35.430440002,-0.1590,0.9821,0.1485,1.006
35.43348254,-0.1602,0.9724,0.1485,0.997
35.43871054,-0.1602,0.9609,0.1470,0.985
35.439118463,-0.1590,0.9495,0.1499,0.974
35.439839463,-0.1592,0.9360,0.1478,0.961
35.443024387,-0.1609,0.9204,0.1478,0.946
35.451768617,-0.1565,0.8945,0.1607,0.922
35.452336387,-0.1562,0.8730,0.1592,0.901
35.45252954,-0.1651,0.8647,0.1409,0.892
35.452700079,-0.1772,0.8703,0.1257,0.897
35.454348387,-0.1868,0.8828,0.1184,0.910
35.45758154,-0.1963,0.8966,0.1192,0.926
35.459615463,-0.2079,0.9079,0.1229,0.939
35.46176531,-0.2159,0.9157,0.1248,0.949
35.464842771,-0.2198,0.9138,0.1204,0.948
35.467495771,-0.2212,0.9128,0.1171,0.946
35.46890931,-0.2149,0.9099,0.1164,0.942
35.471640387,-0.2066,0.9028,0.1201,0.934
35.473985848,-0.1939,0.8987,0.1248,0.928
35.47677354,-0.1824,0.8991,0.1255,0.926
35.47886954,-0.1609,0.9015,0.1309,0.925
35.481052387,-0.1418,0.9077,0.1357,0.929
35.484001617,-0.1248,0.9152,0.1438,0.935
35.486095387,-0.1094,0.9264,0.1504,0.945
35.488344925,-0.1003,0.9353,0.1563,0.954
35.491064079,-0.0966,0.9478,0.1587,0.966
35.493246848,-0.0984,0.9565,0.1563,0.974
35.495856617,-0.1089,0.9675,0.1526,0.986
35.498091156,-0.1228,0.9765,0.1423,0.994
35.500268387,-0.1378,0.9856,0.1280,1.003
35.502785617,-0.1548,0.9863,0.1223,1.006
35.505364694,-0.1716,0.9865,0.1189,1.008
35.50783054,-0.1846,0.9802,0.1189,1.004
35.510107463,-0.1966,0.9741,0.1192,1.001
35.512413617,-0.2086,0.9668,0.1243,0.997
35.515220079,-0.2175,0.9595,0.1245,0.992
35.52124431,-0.2224,0.9518,0.1238,0.985
35.521977925,-0.2286,0.9441,0.1211,0.979
35.522764617,-0.2281,0.9402,0.1231,0.975
35.52496531,-0.2293,0.9336,0.1260,0.970
35.533459387,-0.2296,0.9294,0.1289,0.966
35.534506771,-0.2310,0.9241,0.1275,0.961
35.534754156,-0.2303,0.9184,0.1233,0.955
35.53518154,-0.2330,0.9167,0.1184,0.953
35.53710154,-0.2366,0.9157,0.1125,0.952
35.539849925,-0.2401,0.9099,0.1067,0.947
35.543261002,-0.2459,0.9124,0.1067,0.951
35.54423731,-0.2510,0.9131,0.1076,0.953
35.546339463,-0.2531,0.9176,0.1123,0.959
35.548529617,-0.2599,0.9204,0.1174,0.964
35.551040079,-0.2648,0.9267,0.1194,0.971
35.553280002,-0.2655,0.9365,0.1226,0.981
35.556010771,-0.2657,0.9490,0.1282,0.994
35.558554156,-0.2674,0.9555,0.1321,1.001
35.560592694,-0.2633,0.9653,0.1362,1.010
35.563128079,-0.2587,0.9727,0.1341,1.015
35.565561233,-0.2501,0.9749,0.1262,1.014
35.567763156,-0.2408,0.9800,0.1087,1.015
35.570760925,-0.2345,0.9837,0.0975,1.016
35.572983694,-0.2286,0.9827,0.0854,1.012
35.57590431,-0.2222,0.9842,0.0842,1.012
35.57796531,-0.2184,0.9844,0.0825,1.012
35.580088002,-0.2159,0.9861,0.0820,1.013
35.58309054,-0.2110,0.9878,0.0798,1.013
35.584716079,-0.2083,0.9893,0.0754,1.014
35.587310463,-0.2007,0.9910,0.0805,1.014
35.590027387,-0.1958,0.9937,0.0864,1.016
35.592102463,-0.1886,0.9926,0.0920,1.015
35.594445233,-0.1824,0.9886,0.0959,1.010
35.596901848,-0.1788,0.9914,0.0930,1.012
35.599800387,-0.1770,0.9905,0.0854,1.010
35.601568002,-0.1748,0.9881,0.0781,1.006
35.603989617,-0.1729,0.9849,0.0728,1.003
35.606505848,-0.1719,0.9795,0.0708,0.997
35.609017925,-0.1709,0.9704,0.0730,0.988
35.611196079,-0.1741,0.9644,0.0813,0.983
35.614029848,-0.1741,0.9611,0.0861,0.981
35.620534771,-0.1734,0.9495,0.0910,0.969
35.621316002,-0.1741,0.9394,0.1015,0.961
35.621587694,-0.1781,0.9382,0.1094,0.961
35.62848531,-0.1832,0.9326,0.1123,0.957
35.62917231,-0.1909,0.9272,0.1125,0.953
35.629338848,-0.2014,0.9282,0.1162,0.957
35.630656387,-0.2137,0.9321,0.1257,0.965
35.640543463,-0.2330,0.9362,0.1341,0.974
35.641132925,-0.2496,0.9492,0.1385,0.991
35.64187331,-0.2648,0.9588,0.1409,1.005
35.642139694,-0.2780,0.9670,0.1425,1.016
35.642423156,-0.2955,0.9716,0.1404,1.025
35.644874848,-0.3119,0.9751,0.1387,1.033
35.649495079,-0.3251,0.9790,0.1362,1.041
35.650069617,-0.3302,0.9783,0.1341,1.041
35.65214931,-0.3400,0.9788,0.1321,1.045
35.654843079,-0.3456,0.9765,0.1301,1.044
35.657299387,-0.3498,0.9692,0.1324,1.039
35.660053617,-0.3527,0.9590,0.1350,1.031
35.662516387,-0.3530,0.9518,0.1304,1.024
35.664524387,-0.3510,0.9424,0.1231,1.013
35.666740002,-0.3491,0.9323,0.1206,1.003
35.669263694,-0.3486,0.9248,0.1248,0.996
35.671699156,-0.3500,0.9206,0.1316,0.994
35.67414431,-0.3488,0.9152,0.1373,0.989
35.676360387,-0.3481,0.9113,0.1455,0.986
35.679013002,-0.3463,0.9089,0.1490,0.984
35.682171156,-0.3470,0.9101,0.1534,0.986
35.683744694,-0.3442,0.9108,0.1567,0.986
35.686088925,-0.3468,0.9133,0.1590,0.990
35.688828925,-0.3493,0.9192,0.1619,0.997
35.690795387,-0.3503,0.9274,0.1648,1.005
35.693679771,-0.3539,0.9331,0.1692,1.012
35.69578154,-0.3610,0.9458,0.1758,1.028
35.698020079,-0.3661,0.9570,0.1832,1.041
35.700897233,-0.3737,0.9685,0.1873,1.055
35.703419156,-0.3822,0.9844,0.1893,1.073
35.705394848,-0.3874,0.9983,0.1981,1.089
35.707751463,-0.3987,1.0191,0.2110,1.114
35.710109233,-0.4099,1.0373,0.2186,1.137
35.712837002,-0.4172,1.0506,0.2284,1.153
35.71546154,-0.4245,1.0664,0.2335,1.171
35.718197002,-0.4253,1.0850,0.2361,1.189
35.720029233,-0.4238,1.0951,0.2361,1.198
35.723513925,-0.4167,1.1065,0.2281,1.204
35.72482654,-0.4050,1.1124,0.2152,1.203
35.726954233,-0.3889,1.1119,0.1986,1.195
35.730163463,-0.3771,1.1121,0.1856,1.189
35.736916387,-0.3581,1.1063,0.1785,1.176
35.737806156,-0.3398,1.0962,0.1725,1.161
35.738199694,-0.3237,1.0838,0.1653,1.143
35.746692002,-0.3011,1.0673,0.1609,1.121
35.747326463,-0.2836,1.0508,0.1624,1.100
35.747731771,-0.2640,1.0308,0.1624,1.076
35.747922463,-0.2487,1.0132,0.1595,1.055
35.749108079,-0.2271,0.9924,0.1587,1.030
35.751624002,-0.2035,0.9741,0.1634,1.008
35.754000387,-0.1821,0.9548,0.1646,0.986
35.757133848,-0.1629,0.9418,0.1641,0.970
35.758510848,-0.1429,0.9301,0.1634,0.955
35.760960002,-0.1304,0.9220,0.1658,0.946
35.764508694,-0.1162,0.9194,0.1660,0.941
35.765530156,-0.1054,0.9229,0.1634,0.943
35.768253617,-0.0991,0.9306,0.1602,0.949
35.770553002,-0.0973,0.9443,0.1629,0.963
35.77307231,-0.0930,0.9580,0.1609,0.976
35.776021617,-0.0959,0.9776,0.1560,0.995
35.778184387,-0.1015,1.0007,0.1470,1.017
35.780049233,-0.1079,1.0261,0.1333,1.040
35.782370848,-0.1204,1.0538,0.1238,1.068
35.784828387,-0.1250,1.0823,0.1169,1.096
35.787476387,-0.1299,1.1102,0.1159,1.124
35.790030848,-0.1294,1.1346,0.1208,1.148
35.792287079,-0.1240,1.1573,0.1277,1.171
35.794678848,-0.1180,1.1771,0.1343,1.191
35.79798554,-0.1091,1.1959,0.1446,1.210
35.79928254,-0.0957,1.2084,0.1572,1.222
35.801726848,-0.0805,1.2209,0.1658,1.235
35.804662233,-0.0666,1.2294,0.1697,1.243
35.80716154,-0.0510,1.2267,0.1746,1.240
35.808992617,-0.0304,1.2267,0.1805,1.240
35.811813002,-0.0118,1.2225,0.1875,1.237
35.81439231,0.0037,1.2136,0.2027,1.230
35.81612254,0.0225,1.2006,0.2177,1.220
35.818768925,0.0417,1.1794,0.2298,1.202
35.821338771,0.0623,1.1568,0.2557,1.186
35.823795771,0.0808,1.1354,0.2736,1.171
35.82639754,0.0982,1.1027,0.2909,1.145
35.82860931,0.1102,1.0624,0.3080,1.112
35.834550848,0.1158,1.0186,0.3225,1.075
35.835147694,0.1178,0.9675,0.3305,1.029
35.835502848,0.1131,0.9164,0.3309,0.981
35.838195771,0.0997,0.8681,0.3256,0.932
35.842856002,0.0774,0.8224,0.3178,0.885
35.84319854,0.0566,0.7752,0.3153,0.839
35.846189848,0.0259,0.7393,0.3121,0.803
35.856267387,-0.0090,0.7098,0.3092,0.774
35.857549233,-0.0579,0.6851,0.3070,0.753
35.858081617,-0.1071,0.6702,0.2923,0.739
35.858363694,-0.1653,0.6641,0.2880,0.742
35.858617617,-0.2193,0.6678,0.2811,0.757
35.859727463,-0.2716,0.6776,0.2769,0.781
35.862241925,-0.3258,0.6895,0.2716,0.810
35.864565233,-0.3764,0.7103,0.2625,0.846
35.866980079,-0.4253,0.7342,0.2589,0.887
35.869823387,-0.4651,0.7579,0.2535,0.925
35.872574463,-0.5017,0.7892,0.2545,0.969
35.87477631,-0.5242,0.8146,0.2526,1.001
35.876801617,-0.5335,0.8390,0.2482,1.025
35.879135771,-0.5435,0.8671,0.2426,1.052
35.881273848,-0.5538,0.8859,0.2330,1.070
35.883778156,-0.5699,0.9052,0.2186,1.092
35.886336387,-0.5836,0.9187,0.1986,1.106
35.888748002,-0.5960,0.9241,0.1783,1.114
35.891029002,-0.5955,0.9313,0.1658,1.118
35.89363331,-0.5834,0.9287,0.1602,1.108
35.896827694,-0.5545,0.9274,0.1541,1.091
35.898281925,-0.5081,0.9394,0.1480,1.078
35.900544925,-0.4299,0.9521,0.1357,1.053
35.903213617,-0.4008,0.9453,0.1362,1.036
35.905667387,-0.3931,0.9362,0.1462,1.026
35.908732617,-0.4006,0.9304,0.1563,1.025
35.910760002,-0.4101,0.9213,0.1634,1.022
35.913324617,-0.4275,0.9174,0.1727,1.027
35.915055694,-0.4492,0.9094,0.1783,1.030
35.918201617,-0.4758,0.9026,0.1817,1.036
35.920452925,-0.5035,0.8977,0.1844,1.046
35.922479387,-0.5245,0.8922,0.1905,1.052
35.925124617,-0.5420,0.8849,0.1942,1.056
35.927436617,-0.5513,0.8747,0.1993,1.053
35.933261925,-0.5555,0.8684,0.2071,1.051
35.934096079,-0.5540,0.8576,0.2186,1.044
35.934875463,-0.5487,0.8466,0.2317,1.035
35.942256079,-0.5374,0.8388,0.2433,1.025
35.94308954,-0.5276,0.8263,0.2466,1.011
35.943524002,-0.5112,0.8155,0.2520,0.995
35.944162156,-0.4930,0.8041,0.2475,0.975
35.955195387,-0.4807,0.7948,0.2433,0.960
35.95579854,-0.4676,0.7924,0.2428,0.952
35.956325002,-0.4565,0.7909,0.2415,0.945
35.956567463,-0.4474,0.7909,0.2457,0.941
35.956810156,-0.4421,0.7938,0.2447,0.941
35.95834831,-0.4365,0.8014,0.2459,0.945
35.960943079,-0.4380,0.8116,0.2482,0.955
35.96335754,-0.4409,0.8258,0.2506,0.969
35.965761848,-0.4458,0.8368,0.2550,0.982
35.968378771,-0.4490,0.8463,0.2506,0.990
35.971854771,-0.4539,0.8583,0.2454,1.001
35.972979156,-0.4585,0.8676,0.2413,1.010
35.975625002,-0.4609,0.8740,0.2359,1.016
35.977937617,-0.4590,0.8803,0.2322,1.020
35.980235156,-0.4519,0.8822,0.2310,1.018
35.982673002,-0.4402,0.8840,0.2320,1.014
35.985088925,-0.4311,0.8842,0.2293,1.010
35.987529848,-0.4269,0.8842,0.2264,1.008
35.990105925,-0.4229,0.8824,0.2217,1.003
35.992388694,-0.4148,0.8766,0.2224,0.995
35.995867156,-0.4026,0.8759,0.2215,0.989
35.997255771,-0.3903,0.8733,0.2259,0.983
35.999642156,-0.3810,0.8644,0.2325,0.973
36.002112925,-0.3724,0.8617,0.2335,0.967
36.004500387,-0.3693,0.8588,0.2374,0.964
36.006963079,-0.3654,0.8559,0.2438,0.962
36.00937854,-0.3630,0.8539,0.2533,0.962
36.012024002,-0.3559,0.8510,0.2680,0.961
36.013931463,-0.3559,0.8519,0.2801,0.965
36.016495463,-0.3566,0.8451,0.2887,0.962
36.018996925,-0.3500,0.8444,0.2804,0.956
36.021422463,-0.3444,0.8405,0.2680,0.947
36.024511079,-0.3361,0.8407,0.2685,0.944
36.026490463,-0.3326,0.8383,0.2704,0.942
36.032799387,-0.3334,0.8397,0.2801,0.946
36.033782233,-0.3337,0.8388,0.2934,0.949
36.034388617,-0.3302,0.8421,0.3051,0.955
36.044256925,-0.3156,0.8442,0.3107,0.953
36.045058233,-0.3043,0.8490,0.3158,0.956
36.04569354,-0.2936,0.8488,0.3265,0.956
36.045886463,-0.2918,0.8478,0.3339,0.957
36.046043156,-0.2950,0.8530,0.3451,0.966
36.048369617,-0.3039,0.8551,0.3574,0.975
36.050803079,-0.3136,0.8598,0.3703,0.987
36.05502954,-0.3305,0.8666,0.3879,1.005
36.055464002,-0.3458,0.8749,0.4055,1.024
36.057267387,-0.3647,0.8837,0.4218,1.045
36.059779079,-0.3825,0.8938,0.4338,1.065
36.062280002,-0.4026,0.9047,0.4416,1.084
36.064724617,-0.4185,0.9136,0.4434,1.098
36.06718831,-0.4275,0.9194,0.4423,1.106
36.069761617,-0.4350,0.9267,0.4280,1.110
36.072081848,-0.4434,0.9338,0.4152,1.114
36.074476925,-0.4474,0.9429,0.3999,1.118
36.078719387,-0.4451,0.9453,0.3686,1.108
36.079752079,-0.4370,0.9443,0.3617,1.102
36.08241631,-0.4243,0.9392,0.3786,1.098
36.084147463,-0.4201,0.9418,0.4001,1.106
36.086876002,-0.4020,0.9414,0.3977,1.098
36.088748617,-0.3866,0.9409,0.3796,1.086
36.091989233,-0.3793,0.9375,0.3649,1.075
36.095008387,-0.3796,0.9350,0.3659,1.073
36.09662131,-0.3822,0.9333,0.3771,1.077
36.098547771,-0.3813,0.9277,0.3859,1.075
36.101027694,-0.3847,0.9269,0.3877,1.076
36.103649925,-0.3808,0.9213,0.3889,1.070
36.105719771,-0.3803,0.9148,0.3869,1.064
36.108099694,-0.3789,0.9133,0.3776,1.058
36.110496387,-0.3733,0.9055,0.3710,1.047
36.112752694,-0.3640,0.8991,0.3693,1.038
36.115357848,-0.3593,0.8942,0.3608,1.029
36.117810233,-0.3566,0.8950,0.3470,1.024
36.12288931,-0.3505,0.8913,0.3427,1.017
36.123461848,-0.3400,0.8882,0.3424,1.011
36.125045925,-0.3319,0.8842,0.3454,1.006
36.132573925,-0.3253,0.8820,0.3498,1.003
36.133212925,-0.3185,0.8815,0.3542,1.002
36.133391079,-0.3121,0.8822,0.3563,1.001
36.13466554,-0.3053,0.8861,0.3600,1.004
36.145384694,-0.3029,0.8908,0.3644,1.009
36.146458463,-0.3051,0.8984,0.3642,1.016
36.146869617,-0.3097,0.9059,0.3586,1.022
36.147129002,-0.3178,0.9124,0.3422,1.025
36.147360002,-0.3256,0.9250,0.3249,1.033
36.149014233,-0.3326,0.9329,0.3109,1.038
36.152831387,-0.3354,0.9399,0.3051,1.044
36.15380131,-0.3427,0.9458,0.3090,1.052
36.156311694,-0.3456,0.9492,0.3090,1.056
36.158809848,-0.3493,0.9560,0.3067,1.063
36.161199079,-0.3535,0.9599,0.3051,1.067
36.163457925,-0.3566,0.9611,0.3032,1.069
36.166107387,-0.3544,0.9651,0.3007,1.071
36.169307463,-0.3505,0.9621,0.2918,1.065
36.170683156,-0.3427,0.9634,0.2806,1.060
36.173296079,-0.3442,0.9653,0.2809,1.063
36.17554931,-0.3515,0.9688,0.2829,1.069
36.178091079,-0.3615,0.9700,0.2765,1.071
36.180384617,-0.3581,0.9741,0.2660,1.071
36.183002233,-0.3500,0.9734,0.2589,1.066
36.185651387,-0.3393,0.9753,0.2508,1.063
36.187583463,-0.3283,0.9741,0.2469,1.057
36.190012617,-0.3188,0.9760,0.2457,1.056
36.194128617,-0.3109,0.9746,0.2477,1.053
36.194852694,-0.3092,0.9729,0.2520,1.051
36.19731854,-0.3080,0.9724,0.2599,1.053
36.200006156,-0.3099,0.9744,0.2680,1.057
36.202442156,-0.3176,0.9702,0.2782,1.058
36.204554463,-0.3249,0.9665,0.2869,1.059
36.206985002,-0.3332,0.9609,0.2862,1.057
36.209378771,-0.3381,0.9521,0.2778,1.048
36.21260031,-0.3305,0.9474,0.2669,1.038
36.214415156,-0.3127,0.9323,0.2662,1.019
36.216699463,-0.3119,0.9285,0.2733,1.017
36.223204002,-0.3232,0.9260,0.2897,1.023
36.223971694,-0.3419,0.9231,0.3070,1.031
36.224417617,-0.3766,0.9182,0.3095,1.040
36.232799694,-0.4099,0.9052,0.3090,1.041
36.233472617,-0.4278,0.8942,0.3181,1.041
36.233669617,-0.4470,0.8891,0.3112,1.043
36.23385054,-0.4555,0.8828,0.2974,1.037
36.244376694,-0.4583,0.8744,0.2811,1.026
36.245228694,-0.4483,0.8710,0.2824,1.019
36.245591771,-0.4248,0.8632,0.2762,1.001
36.245775771,-0.4113,0.8576,0.2716,0.989
36.245972694,-0.3869,0.8554,0.2664,0.976
36.248051771,-0.3568,0.8576,0.2592,0.964
36.251458156,-0.3237,0.8591,0.2462,0.950
36.252562233,-0.3009,0.8622,0.2340,0.943
36.254987387,-0.2797,0.8628,0.2276,0.935
36.257709617,-0.2557,0.8688,0.2328,0.935
36.260223156,-0.2423,0.8733,0.2445,0.939
36.262316002,-0.2384,0.8810,0.2564,0.948
36.265055156,-0.2366,0.8984,0.2657,0.966
36.267615156,-0.2364,0.9099,0.2708,0.978
36.269670771,-0.2313,0.9229,0.2685,0.989
36.272323079,-0.2354,0.9311,0.2652,0.996
36.275189925,-0.2401,0.9399,0.2731,1.008
36.277198848,-0.2394,0.9453,0.2862,1.016
36.28540531,-0.2413,0.9560,0.2769,1.024
36.285799387,-0.2438,0.9626,0.2672,1.028
36.286117848,-0.2469,0.9648,0.2713,1.032
36.286433233,-0.2599,0.9675,0.2741,1.039
36.288984387,-0.2706,0.9712,0.2608,1.041
36.29135354,-0.2824,0.9778,0.2533,1.049
36.294417617,-0.2809,0.9768,0.2494,1.047
36.295959387,-0.2792,0.9746,0.2469,1.043
36.29880031,-0.2750,0.9727,0.2582,1.043
36.30144931,-0.2831,0.9727,0.2767,1.050
36.30330931,-0.2860,0.9690,0.2824,1.049
36.305994848,-0.2904,0.9621,0.2804,1.043
36.30814131,-0.3258,0.9770,0.2980,1.072
36.310412002,-0.3724,1.0135,0.2806,1.116
36.313101002,-0.3654,0.9690,0.2738,1.071
36.315615771,-0.3505,0.9206,0.2501,1.016
36.319489002,-0.3439,0.8886,0.2137,0.976
36.320032694,-0.3652,0.8938,0.2228,0.991
36.323152617,-0.3838,0.9038,0.2640,1.017
36.329652694,-0.3918,0.9126,0.2894,1.034
36.330018848,-0.3991,0.9218,0.2718,1.041
36.330292387,-0.3984,0.9238,0.2526,1.037
36.332197617,-0.3933,0.9145,0.2410,1.024
36.341423156,-0.3801,0.9091,0.2271,1.011
36.342230848,-0.3703,0.9047,0.2261,1.003
36.342411464,-0.3656,0.9020,0.2320,1.001
36.34269731,-0.3945,0.9106,0.1937,1.011
36.344142156,-0.4067,0.9169,0.1392,1.013
36.346759771,-0.3584,0.9096,0.2215,1.002
36.349815771,-0.2987,0.9038,0.2943,0.996
36.351425848,-0.2664,0.9150,0.3134,1.003
36.353773848,-0.2384,0.9252,0.2874,0.998
36.356847464,-0.1888,0.9199,0.2720,0.978
36.359010464,-0.1824,0.9323,0.2233,0.976
36.36122031,-0.1783,0.9431,0.1951,0.979
36.363698848,-0.1758,0.9514,0.1878,0.986
36.366962771,-0.1844,0.9632,0.1695,0.995
36.36829631,-0.2000,0.9770,0.1555,1.009
36.370771464,-0.2130,0.9863,0.1805,1.025
36.374099387,-0.2273,0.9979,0.2091,1.045
36.37573454,-0.2347,1.0049,0.2203,1.055
36.377991156,-0.2396,1.0019,0.2230,1.054
36.380560079,-0.2430,1.0039,0.2354,1.059
36.383238464,-0.2423,1.0032,0.2264,1.057
36.385116925,-0.2415,0.9970,0.2338,1.052
36.387694156,-0.2420,0.9934,0.2371,1.050
36.390592002,-0.2389,0.9856,0.2286,1.040
36.392610771,-0.2401,0.9760,0.2115,1.027
36.39483454,-0.2426,0.9658,0.1973,1.015
36.397632694,-0.2462,0.9543,0.2044,1.007
36.399920079,-0.2531,0.9465,0.2188,1.004
36.402031771,-0.2569,0.9434,0.2247,1.003
36.404487694,-0.2631,0.9380,0.2210,0.999
36.406919079,-0.2718,0.9341,0.2198,0.997
36.40933354,-0.2743,0.9338,0.2249,0.999
36.41172654,-0.2843,0.9362,0.2286,1.005
36.414496079,-0.2878,0.9375,0.2394,1.009
36.41695731,-0.2929,0.9414,0.2426,1.015
36.41904954,-0.3002,0.9446,0.2423,1.020
36.421795079,-0.3046,0.9409,0.2394,1.018
36.42775754,-0.3085,0.9416,0.2364,1.019
36.428450848,-0.3099,0.9375,0.2338,1.015
36.428744002,-0.3072,0.9274,0.2359,1.005
36.431253848,-0.3029,0.9157,0.2394,0.994
36.439291156,-0.2970,0.9047,0.2462,0.984
36.44036554,-0.2929,0.8957,0.2487,0.975
36.440675387,-0.2962,0.8882,0.2482,0.969
36.440782233,-0.3009,0.8810,0.2475,0.963
36.45059354,-0.3065,0.8786,0.2513,0.964
36.45131731,-0.3095,0.8625,0.2496,0.950
36.451892925,-0.3107,0.8522,0.2401,0.938
36.452170848,-0.3048,0.8365,0.2298,0.919
36.453036387,-0.2990,0.8232,0.2257,0.904
36.455769617,-0.2978,0.8109,0.2325,0.895
36.458384694,-0.3051,0.8046,0.2345,0.892
36.460207694,-0.3132,0.7990,0.2333,0.889
36.462800694,-0.3204,0.7943,0.2377,0.889
36.46500954,-0.3272,0.7889,0.2442,0.888
36.467273617,-0.3317,0.7892,0.2464,0.891
36.469660387,-0.3365,0.8006,0.2413,0.901
36.472339079,-0.3456,0.8153,0.2342,0.916
36.475005233,-0.3515,0.8239,0.2386,0.927
36.476880002,-0.3530,0.8295,0.2482,0.935
36.479682156,-0.3468,0.8346,0.2576,0.940
36.482696925,-0.3395,0.8400,0.2657,0.944
36.484068617,-0.3309,0.8417,0.2662,0.943
36.486839464,-0.3258,0.8444,0.2760,0.946
36.489117925,-0.3225,0.8500,0.2846,0.953
36.492102233,-0.3181,0.8544,0.2867,0.956
36.49378931,-0.3156,0.8549,0.2860,0.955
36.496407156,-0.3160,0.8588,0.2867,0.959
36.499304925,-0.3156,0.8632,0.2869,0.963
36.501071079,-0.3176,0.8642,0.2882,0.965
36.50380254,-0.3188,0.8649,0.2923,0.967
36.506089925,-0.3209,0.8693,0.2899,0.971
36.508357002,-0.3272,0.8715,0.2850,0.974
36.512076617,-0.3312,0.8703,0.2716,0.970
36.51384154,-0.3319,0.8708,0.2631,0.968
36.515962156,-0.3261,0.8637,0.2611,0.959
36.51790654,-0.3146,0.8547,0.2677,0.949
36.520648002,-0.3053,0.8463,0.2718,0.940
36.52324654,-0.2906,0.8378,0.2797,0.930
36.525871079,-0.2821,0.8376,0.2909,0.930
36.527631387,-0.2726,0.8365,0.2958,0.928
36.530364002,-0.2674,0.8370,0.2953,0.927
36.536402156,-0.2652,0.8356,0.2911,0.924
36.537232079,-0.2543,0.8368,0.2899,0.921
36.538008079,-0.2438,0.8393,0.2890,0.921
36.54030254,-0.2377,0.8414,0.2921,0.922
36.546364002,-0.2369,0.8547,0.3104,0.940
36.547142771,-0.2408,0.8676,0.3332,0.960
36.547344079,-0.2562,0.8864,0.3549,0.989
36.557641925,-0.2780,0.9084,0.3666,1.018
36.55810931,-0.2990,0.9292,0.3720,1.045
36.558545617,-0.3165,0.9458,0.3708,1.064
36.558753617,-0.3373,0.9567,0.3668,1.079
36.559268002,-0.3539,0.9619,0.3635,1.088
36.562001233,-0.3740,0.9621,0.3610,1.094
36.563844002,-0.3874,0.9604,0.3628,1.097
36.566111156,-0.4020,0.9548,0.3633,1.098
36.568674156,-0.4069,0.9438,0.3630,1.090
36.571826233,-0.4047,0.9301,0.3535,1.074
36.574129002,-0.3959,0.9155,0.3417,1.054
36.576081233,-0.3877,0.9008,0.3358,1.037
36.57874254,-0.3752,0.8879,0.3307,1.019
36.581479771,-0.3654,0.8822,0.3339,1.012
36.58366254,-0.3530,0.8791,0.3400,1.006
36.585439694,-0.3405,0.8842,0.3544,1.012
36.589262771,-0.3268,0.8930,0.3691,1.020
36.591024617,-0.3153,0.9020,0.3894,1.032
36.593769925,-0.3051,0.9106,0.3987,1.040
36.595818464,-0.2972,0.9180,0.4008,1.045
36.597883771,-0.2914,0.9257,0.3984,1.049
36.599963079,-0.2841,0.9243,0.3908,1.043
36.602443694,-0.2757,0.9189,0.3701,1.028
36.605082156,-0.2589,0.9062,0.3447,1.004
36.60718931,-0.2452,0.8864,0.3237,0.975
36.609882848,-0.2357,0.8730,0.3144,0.957
36.612343156,-0.2261,0.8612,0.3114,0.943
36.615010464,-0.2191,0.8563,0.3116,0.937
36.616898233,-0.2130,0.8581,0.3116,0.937
36.619669617,-0.2091,0.8588,0.3225,0.941
36.621944079,-0.2049,0.8579,0.3309,0.942
36.624070464,-0.2047,0.8586,0.3393,0.946
36.626477617,-0.1956,0.8551,0.3466,0.943
36.629715694,-0.1886,0.8486,0.3463,0.936
36.635386771,-0.1819,0.8468,0.3405,0.931
36.636115464,-0.1785,0.8463,0.3366,0.928
36.636589617,-0.1770,0.8488,0.3314,0.928
36.638614233,-0.1788,0.8498,0.3173,0.925
36.647591079,-0.1812,0.8576,0.3009,0.927
36.648398464,-0.1914,0.8688,0.2836,0.934
36.648622156,-0.2019,0.8808,0.2704,0.943
36.649244079,-0.2079,0.8952,0.2587,0.955
36.651230848,-0.2196,0.9015,0.2508,0.961
36.652808387,-0.2247,0.9103,0.2433,0.969
36.657247387,-0.2271,0.9150,0.2394,0.973
36.657672617,-0.2247,0.9155,0.2440,0.974
36.660075771,-0.2186,0.9192,0.2506,0.977
36.662699771,-0.2210,0.9189,0.2552,0.979
36.665061925,-0.2191,0.9208,0.2604,0.982
36.668095464,-0.2173,0.9218,0.2650,0.983
36.67008954,-0.2154,0.9282,0.2789,0.993
36.672301002,-0.2168,0.9375,0.2970,1.007
36.674672925,-0.2115,0.9414,0.3134,1.015
36.67745754,-0.2061,0.9467,0.3239,1.022
36.679617002,-0.2002,0.9509,0.3309,1.027
36.682026233,-0.1919,0.9536,0.3319,1.028
36.684269925,-0.1851,0.9551,0.3312,1.028
36.687686464,-0.1788,0.9529,0.3216,1.021
36.689846156,-0.1714,0.9511,0.3078,1.014
36.692403079,-0.1665,0.9514,0.2890,1.008
36.694124694,-0.1602,0.9470,0.2623,0.996
36.697120925,-0.1511,0.9462,0.2408,0.988
36.698845617,-0.1423,0.9421,0.2305,0.980
36.701196694,-0.1397,0.9421,0.2315,0.980
36.703623771,-0.1324,0.9470,0.2401,0.986
36.70603454,-0.1252,0.9551,0.2559,0.997
36.709189002,-0.1216,0.9678,0.2775,1.014
36.711004079,-0.1206,0.9827,0.2967,1.034
36.713955387,-0.1177,1.0003,0.3148,1.055
36.71563454,-0.1177,1.0144,0.3334,1.074
36.718194233,-0.1145,1.0242,0.3507,1.089
36.720590233,-0.1174,1.0326,0.3563,1.099
36.722886464,-0.1216,1.0398,0.3574,1.106
36.725343156,-0.1252,1.0452,0.3503,1.109
36.727715694,-0.1345,1.0515,0.3349,1.112
36.734352617,-0.1425,1.0557,0.3151,1.111
36.735054848,-0.1548,1.0584,0.2970,1.110
36.735461617,-0.1714,1.0624,0.2821,1.112
36.745004079,-0.1809,1.0657,0.2604,1.112
36.74579354,-0.1898,1.0755,0.2386,1.118
36.74611631,-0.1939,1.0804,0.2205,1.120
36.746277925,-0.1961,1.0909,0.2059,1.127
36.748043771,-0.1958,1.1002,0.1890,1.133
36.751022156,-0.1968,1.1121,0.1795,1.144
36.751864387,-0.1912,1.1205,0.1725,1.150
36.755384617,-0.1939,1.1253,0.1624,1.153
36.756808079,-0.1932,1.1342,0.1616,1.162
36.759138771,-0.1907,1.1388,0.1607,1.166
36.762079694,-0.1881,1.1414,0.1583,1.168
36.764031464,-0.1861,1.1486,0.1541,1.174
36.766291771,-0.1849,1.1568,0.1560,1.182
36.768980694,-0.1839,1.1568,0.1599,1.182
36.771309233,-0.1795,1.1566,0.1683,1.183
36.773551156,-0.1676,1.1517,0.1734,1.177
36.77638931,-0.1474,1.1249,0.1725,1.148
36.778962848,-0.1199,1.0878,0.1585,1.106
36.781349925,-0.0923,1.0457,0.1399,1.059
36.783164925,-0.0693,1.0096,0.1275,1.020
36.786732694,-0.0630,0.9809,0.1318,0.992
36.788575387,-0.0623,0.9534,0.1575,0.968
36.79039454,-0.0612,0.9211,0.1861,0.942
36.79281754,-0.0607,0.8879,0.1930,0.911
36.796319079,-0.0654,0.8563,0.2047,0.883
36.797512387,-0.0810,0.8376,0.2205,0.870
36.800103464,-0.1103,0.8316,0.2389,0.872
36.802683387,-0.1434,0.8329,0.2660,0.886
36.805059771,-0.1816,0.8356,0.2804,0.900
36.807452694,-0.2215,0.8493,0.2929,0.925
36.810112002,-0.2564,0.8691,0.3019,0.955
36.812985233,-0.2867,0.8891,0.3019,0.982
36.816030771,-0.3104,0.8979,0.2960,0.995
36.816907156,-0.3330,0.9140,0.2760,1.011
36.819592387,-0.3596,0.9318,0.2794,1.037
36.821961848,-0.4334,0.9842,0.2726,1.109
36.824728694,-0.5019,1.0051,0.3141,1.167
36.827015079,-0.5919,1.0293,0.3975,1.252
36.832694464,-0.5929,1.0154,0.4383,1.255
36.833519387,-0.5697,0.9907,0.3796,1.204
36.834128925,-0.5313,0.9604,0.3375,1.148
36.844182464,-0.4776,0.9199,0.3072,1.081
36.845111771,-0.4104,0.8723,0.3034,1.011
36.845337848,-0.3566,0.8332,0.3202,0.961
36.845502464,-0.3610,0.8251,0.3288,0.959
36.845983771,-0.4423,0.8470,0.3532,1.019
36.848409617,-0.5110,0.8720,0.3862,1.082
36.850790848,-0.5574,0.8894,0.3940,1.121
36.855343464,-0.5748,0.9055,0.3586,1.131
36.855854848,-0.5650,0.9169,0.3451,1.131
36.85813631,-0.5471,0.9231,0.3339,1.124
36.86039731,-0.5110,0.9285,0.3160,1.106
36.862943079,-0.4546,0.9184,0.3151,1.072
36.865103694,-0.3918,0.9131,0.2941,1.036
36.867721617,-0.3272,0.9131,0.2601,1.004
36.870335464,-0.2584,0.9101,0.2792,0.986
36.872439694,-0.2042,0.9069,0.3053,0.978
36.874863079,-0.1660,0.9155,0.3039,0.979
36.879341925,-0.1394,0.9180,0.3173,0.981
36.880005002,-0.1157,0.9223,0.3424,0.991
36.882123464,-0.1033,0.9208,0.3200,0.980
36.884839694,-0.0982,0.9231,0.3032,0.977
36.888180079,-0.1199,0.9326,0.3039,0.988
36.889442771,-0.1604,0.9411,0.3274,1.009
36.892448002,-0.1932,0.9458,0.3370,1.022
36.895684002,-0.2168,0.9431,0.3417,1.026
36.896465002,-0.2349,0.9397,0.3288,1.023
36.898942156,-0.2501,0.9297,0.3241,1.016
36.901404387,-0.2567,0.9167,0.3373,1.010
36.903890464,-0.2652,0.9050,0.3473,1.005
36.906241617,-0.2813,0.9015,0.3701,1.014
36.90895631,-0.2972,0.8987,0.3882,1.023
36.912131464,-0.3121,0.8989,0.3999,1.032
36.913355694,-0.3283,0.8996,0.3943,1.036
36.915876387,-0.3470,0.8989,0.3891,1.039
36.920352617,-0.3654,0.8998,0.3950,1.048
36.921620617,-0.3796,0.8962,0.3835,1.046
36.92327754,-0.3959,0.8915,0.3642,1.041
36.925811694,-0.4104,0.8871,0.3715,1.046
36.93262954,-0.4187,0.8898,0.3776,1.053
36.933524002,-0.4223,0.8810,0.3519,1.038
36.933943771,-0.4187,0.8752,0.3593,1.035
36.935870771,-0.4143,0.8813,0.3813,1.046
36.943104002,-0.4074,0.8754,0.3642,1.032
36.94374654,-0.3991,0.8703,0.3628,1.024
36.944384925,-0.3877,0.8661,0.3635,1.016
36.945088079,-0.3742,0.8637,0.3456,1.003
36.953871771,-0.3561,0.8527,0.3330,0.982
36.954677848,-0.3324,0.8417,0.3332,0.964
36.954910156,-0.3095,0.8361,0.3232,0.948
36.955309925,-0.2899,0.8302,0.3055,0.931
36.957015771,-0.2669,0.8268,0.2970,0.918
36.959331079,-0.2475,0.8260,0.2995,0.913
36.961746156,-0.2345,0.8302,0.2946,0.912
36.964102156,-0.2237,0.8365,0.2892,0.913
36.966487771,-0.2063,0.8414,0.2720,0.908
36.969769848,-0.2002,0.8505,0.2613,0.912
36.97149331,-0.1902,0.8570,0.2723,0.919
36.973723771,-0.1846,0.8654,0.2720,0.926
36.976629848,-0.1772,0.8728,0.2677,0.930
36.979150156,-0.1716,0.8840,0.2503,0.935
36.981004617,-0.1663,0.8915,0.2389,0.938
36.983917925,-0.1597,0.9010,0.2301,0.944
36.98620831,-0.1548,0.9101,0.2408,0.954
36.989023079,-0.1497,0.9182,0.2482,0.963
36.991015464,-0.1467,0.9345,0.2379,0.975
36.993139464,-0.1448,0.9394,0.2386,0.980
36.99546654,-0.1536,0.9572,0.2403,0.999
36.998021002,-0.1565,0.9678,0.2450,1.010
37.000569002,-0.1658,0.9800,0.2435,1.023
37.003168925,-0.1676,0.9851,0.2401,1.028
37.005262464,-0.1758,0.9932,0.2257,1.034
37.00781231,-0.1856,0.9917,0.2233,1.033
37.011007156,-0.1907,0.9910,0.2240,1.034
37.012639464,-0.1951,0.9930,0.2289,1.038
37.014876925,-0.1968,0.9858,0.2305,1.031
37.017942156,-0.1951,0.9773,0.2379,1.025
37.019993617,-0.1976,0.9670,0.2487,1.018
37.022379079,-0.1990,0.9623,0.2557,1.015
37.024603771,-0.2010,0.9541,0.2613,1.009
37.030846848,-0.2027,0.9499,0.2682,1.008
37.031795156,-0.2022,0.9448,0.2731,1.004
37.032112925,-0.2047,0.9411,0.2741,1.001
37.034392387,-0.2051,0.9329,0.2650,0.991
37.041882233,-0.2027,0.9294,0.2580,0.986
37.04272431,-0.2002,0.9267,0.2535,0.981
37.043027079,-0.1961,0.9262,0.2540,0.980
37.043945925,-0.1990,0.9294,0.2531,0.984
37.046956002,-0.1973,0.9350,0.2552,0.989
37.049455387,-0.1963,0.9421,0.2574,0.996
37.052332002,-0.1968,0.9492,0.2584,1.003
37.05341231,-0.1932,0.9531,0.2543,1.005
37.055776387,-0.1895,0.9567,0.2543,1.008
37.058434156,-0.1809,0.9565,0.2555,1.006
37.060686848,-0.1744,0.9487,0.2557,0.998
37.06277054,-0.1676,0.9411,0.2592,0.990
37.065826156,-0.1632,0.9269,0.2608,0.977
37.06888531,-0.1599,0.9115,0.2669,0.963
37.070201925,-0.1619,0.9015,0.2726,0.956
37.072719079,-0.1685,0.8954,0.2729,0.951
37.07516931,-0.1807,0.8920,0.2713,0.950
37.077884694,-0.1924,0.8959,0.2726,0.956
37.079931694,-0.2044,0.8954,0.2750,0.959
37.082439694,-0.2166,0.8964,0.2780,0.963
37.085204617,-0.2264,0.8940,0.2843,0.965
37.087072617,-0.2382,0.8945,0.2918,0.971
37.089575771,-0.2528,0.8962,0.2931,0.976
37.092111771,-0.2591,0.8969,0.2921,0.978
37.09443454,-0.2723,0.9001,0.2927,0.985
37.097222848,-0.2804,0.9075,0.2892,0.993
37.09991331,-0.2897,0.9152,0.2848,1.001
37.101899694,-0.2941,0.9257,0.2841,1.012
37.104130771,-0.2953,0.9321,0.2890,1.020
37.106543387,-0.2927,0.9338,0.2974,1.023
37.109633617,-0.2869,0.9357,0.3063,1.026
37.111137848,-0.2806,0.9355,0.3225,1.029
37.113692617,-0.2680,0.9336,0.3339,1.027
37.116210771,-0.2545,0.9280,0.3417,1.021
37.118557002,-0.2442,0.9220,0.3476,1.015
37.121720925,-0.2335,0.9176,0.3486,1.009
37.123374156,-0.2268,0.9131,0.3447,1.002
37.130145002,-0.2215,0.9052,0.3381,0.991
37.130834233,-0.2191,0.8987,0.3300,0.982
37.131601002,-0.2224,0.8996,0.3229,0.981
37.133381848,-0.2184,0.9015,0.3200,0.981
37.139080002,-0.2242,0.9033,0.3229,0.985
37.139617925,-0.2279,0.9087,0.3330,0.994
37.140156079,-0.2293,0.9133,0.3388,1.001
37.151815079,-0.2352,0.9176,0.3390,1.006
37.152626464,-0.2394,0.9180,0.3386,1.007
37.152935156,-0.2420,0.9225,0.3405,1.013
37.153312694,-0.2484,0.9236,0.3532,1.020
37.154009617,-0.2499,0.9218,0.3637,1.022
37.155148387,-0.2557,0.9243,0.3647,1.026
37.157804079,-0.2601,0.9225,0.3624,1.025
37.160043156,-0.2684,0.9194,0.3571,1.022
37.162412925,-0.2748,0.9150,0.3542,1.019
37.164439464,-0.2816,0.9111,0.3522,1.017
37.166795464,-0.2831,0.9047,0.3503,1.011
37.169422233,-0.2857,0.8942,0.3463,1.001
37.171579464,-0.2890,0.8876,0.3430,0.995
37.173968617,-0.2894,0.8847,0.3383,0.990
37.176328079,-0.2955,0.8854,0.3330,0.991
37.178721233,-0.3029,0.8889,0.3281,0.995
37.181332925,-0.3048,0.8925,0.3274,0.998
37.184011156,-0.3065,0.8957,0.3158,0.998
37.185945925,-0.3075,0.9033,0.2967,0.999
37.188581925,-0.3063,0.9091,0.2955,1.004
37.190956694,-0.2999,0.9171,0.2983,1.010
37.193277233,-0.2904,0.9255,0.2974,1.015
37.195972925,-0.2769,0.9345,0.2887,1.017
37.19821331,-0.2633,0.9448,0.2829,1.021
37.200807156,-0.2489,0.9551,0.2711,1.024
37.202830464,-0.2347,0.9588,0.2633,1.022
37.205615079,-0.2181,0.9619,0.2571,1.019
37.207811464,-0.1963,0.9614,0.2531,1.013
37.210412387,-0.1790,0.9632,0.2464,1.010
37.212599079,-0.1641,0.9683,0.2457,1.012
37.215169925,-0.1516,0.9680,0.2454,1.010
37.217985848,-0.1416,0.9712,0.2469,1.012
37.220580617,-0.1360,0.9737,0.2524,1.015
37.222509002,-0.1306,0.9739,0.2508,1.014
37.225500694,-0.1320,0.9734,0.2513,1.014
37.227332002,-0.1301,0.9729,0.2482,1.012
37.229882464,-0.1348,0.9724,0.2379,1.010
37.232483771,-0.1404,0.9746,0.2242,1.010
37.239534233,-0.1441,0.9737,0.2166,1.008
37.240061848,-0.1474,0.9758,0.2144,1.010
37.240314771,-0.1543,0.9812,0.2098,1.015
37.252177233,-0.1567,0.9827,0.2107,1.017
37.252733617,-0.1624,0.9876,0.2071,1.022
37.252960925,-0.1683,0.9898,0.2022,1.024
37.253175771,-0.1748,0.9919,0.2032,1.028
37.253384079,-0.1800,0.9944,0.2140,1.033
37.253554848,-0.1809,0.9914,0.2181,1.031
37.256626464,-0.1858,0.9923,0.2132,1.032
37.263980925,-0.1927,0.9924,0.2144,1.033
37.264648002,-0.1995,0.9893,0.2193,1.033
37.26491754,-0.2081,0.9819,0.2224,1.028
37.26586031,-0.2147,0.9846,0.2171,1.031
37.267973002,-0.2317,0.9898,0.2313,1.043
37.271073925,-0.2462,0.9981,0.2559,1.059
37.272931464,-0.2601,1.0039,0.2708,1.072
37.275441925,-0.2687,1.0081,0.2680,1.077
37.278056617,-0.2782,1.0119,0.2618,1.082
37.280043387,-0.2862,1.0137,0.2682,1.087
37.283981925,-0.2865,1.0091,0.2799,1.086
37.285199771,-0.2836,1.0044,0.2931,1.084
37.287434233,-0.2804,0.9934,0.2962,1.074
37.289994464,-0.2762,0.9902,0.2939,1.069
37.30008131,-0.2696,0.9819,0.2958,1.060
37.30109631,-0.2696,0.9751,0.2997,1.055
37.301725925,-0.2657,0.9692,0.3075,1.051
37.302284079,-0.2643,0.9641,0.3163,1.049
37.302810156,-0.2594,0.9604,0.3229,1.046
37.304184617,-0.2557,0.9602,0.3268,1.046
37.307685848,-0.2508,0.9616,0.3241,1.045
37.308891464,-0.2557,0.9651,0.3307,1.052
37.31142131,-0.2552,0.9707,0.3349,1.058
37.314073002,-0.2564,0.9763,0.3470,1.067
37.316217848,-0.2576,0.9814,0.3540,1.075
37.318453002,-0.2540,0.9865,0.3563,1.079
37.321045233,-0.2526,0.9846,0.3466,1.074
37.32754131,-0.2462,0.9814,0.3379,1.067
37.328081925,-0.2382,0.9797,0.3390,1.064
37.328601002,-0.2233,0.9773,0.3395,1.058
37.331108079,-0.2154,0.9770,0.3422,1.057
37.334267464,-0.2056,0.9732,0.3427,1.052
37.335724002,-0.1944,0.9685,0.3530,1.049
37.33798954,-0.1886,0.9663,0.3556,1.047
37.346902233,-0.1870,0.9641,0.3596,1.046
37.347360694,-0.1826,0.9609,0.3596,1.042
37.347603771,-0.1816,0.9590,0.3549,1.039
37.347834464,-0.1805,0.9541,0.3528,1.033
37.350068925,-0.1837,0.9531,0.3481,1.031
37.352340925,-0.1907,0.9543,0.3435,1.032
37.355044925,-0.1958,0.9570,0.3370,1.033
37.357231464,-0.2032,0.9611,0.3354,1.038
37.359398771,-0.2054,0.9668,0.3356,1.044
37.361817848,-0.2098,0.9704,0.3449,1.051
37.365114771,-0.2124,0.9797,0.3481,1.061
37.366577925,-0.2166,0.9809,0.3466,1.063
37.369377002,-0.2173,0.9809,0.3451,1.062
37.371559694,-0.2159,0.9788,0.3432,1.059
37.373990464,-0.2154,0.9776,0.3435,1.058
37.377407079,-0.2179,0.9773,0.3346,1.056
37.379551694,-0.2149,0.9707,0.3366,1.050
37.381639694,-0.2135,0.9646,0.3432,1.046
37.383483156,-0.2124,0.9614,0.3419,1.042
37.38588254,-0.2083,0.9516,0.3414,1.032
37.388527156,-0.2047,0.9446,0.3358,1.023
37.390847387,-0.2027,0.9357,0.3297,1.013
37.393139156,-0.1981,0.9323,0.3234,1.007
37.39577231,-0.1979,0.9274,0.3188,1.000
37.398234848,-0.2039,0.9236,0.3181,0.998
37.40038154,-0.2068,0.9223,0.3190,0.998
37.402816387,-0.2137,0.9216,0.3241,1.000
37.405859464,-0.2222,0.9180,0.3290,1.000
37.407699156,-0.2279,0.9187,0.3356,1.004
37.410129233,-0.2359,0.9162,0.3261,1.001
37.412855079,-0.2457,0.9133,0.3214,0.999
37.415355694,-0.2503,0.9111,0.3156,0.996
37.418199156,-0.2510,0.9028,0.3165,0.989
37.42006254,-0.2562,0.8974,0.3181,0.986
37.423836694,-0.2636,0.8889,0.3188,0.980
37.424989617,-0.2684,0.8835,0.3270,0.980
37.427231694,-0.2753,0.8784,0.3295,0.978
37.429765925,-0.2789,0.8768,0.3288,0.977
37.436024694,-0.2799,0.8803,0.3344,0.982
37.436976079,-0.2799,0.8822,0.3324,0.983
37.437486233,-0.2743,0.8849,0.3268,0.982
37.44873854,-0.2723,0.8833,0.3156,0.977
37.44918654,-0.2684,0.8833,0.3055,0.972
37.449512694,-0.2680,0.8849,0.3007,0.972
37.449733002,-0.2706,0.8884,0.3004,0.976
37.449872079,-0.2677,0.8879,0.3029,0.976
37.451338848,-0.2682,0.8852,0.3072,0.975
37.455009848,-0.2680,0.8847,0.3141,0.976
37.458332925,-0.2692,0.8845,0.3146,0.977
37.459097848,-0.2706,0.8837,0.3170,0.977
37.460942233,-0.2704,0.8789,0.3295,0.977
37.46341854,-0.2689,0.8835,0.3300,0.981
37.466205002,-0.2704,0.8869,0.3219,0.982
37.46852531,-0.2664,0.8933,0.3141,0.984
37.471245002,-0.2625,0.9006,0.2997,0.985
37.47303354,-0.2576,0.9077,0.2921,0.988
37.475546233,-0.2535,0.9155,0.2873,0.992
37.477817617,-0.2450,0.9199,0.2909,0.995
37.480703387,-0.2340,0.9264,0.2987,1.001
37.483223387,-0.2224,0.9274,0.3095,1.003
37.485066233,-0.2163,0.9318,0.3129,1.006
37.487524617,-0.2079,0.9365,0.3134,1.009
37.48993054,-0.2019,0.9350,0.3129,1.006
37.492602848,-0.1932,0.9378,0.3168,1.009
37.495015156,-0.1932,0.9402,0.3119,1.009
37.498072617,-0.1898,0.9404,0.3090,1.008
37.499527771,-0.1883,0.9438,0.3075,1.010
37.502109617,-0.1863,0.9416,0.3095,1.009
37.504750156,-0.1861,0.9421,0.3116,1.010
37.507020387,-0.1841,0.9460,0.3109,1.013
37.509335771,-0.1837,0.9438,0.3146,1.012
37.511758156,-0.1839,0.9455,0.3163,1.014
37.51486531,-0.1870,0.9473,0.3185,1.017
37.51637454,-0.1870,0.9536,0.3151,1.022
37.519519694,-0.1895,0.9558,0.3165,1.025
37.523036002,-0.1895,0.9609,0.3151,1.029
37.523914848,-0.1934,0.9672,0.3139,1.035
37.526173848,-0.1930,0.9675,0.3153,1.036
37.536074233,-0.1919,0.9670,0.3168,1.036
37.536984925,-0.1881,0.9651,0.3132,1.032
37.537500617,-0.1861,0.9653,0.3092,1.031
37.53780831,-0.1849,0.9599,0.3083,1.025
37.547668694,-0.1816,0.9576,0.3075,1.022
37.548457925,-0.1795,0.9548,0.3127,1.021
37.548692617,-0.1753,0.9551,0.3129,1.020
37.548926848,-0.1709,0.9546,0.3100,1.018
37.549188002,-0.1712,0.9555,0.3043,1.017
37.550717848,-0.1741,0.9595,0.2972,1.019
37.552541848,-0.1765,0.9656,0.2939,1.025
37.557051079,-0.1788,0.9670,0.2921,1.026
37.557579694,-0.1812,0.9700,0.2953,1.030
37.559723694,-0.1865,0.9697,0.2929,1.030
37.562376079,-0.1886,0.9688,0.2869,1.028
37.565332694,-0.1914,0.9688,0.2801,1.026
37.567148387,-0.1927,0.9653,0.2718,1.021
37.569522848,-0.1956,0.9702,0.2692,1.026
37.572376079,-0.1949,0.9690,0.2655,1.023
37.574291387,-0.1970,0.9685,0.2620,1.022
37.576873848,-0.1988,0.9658,0.2589,1.019
37.579036002,-0.1983,0.9670,0.2599,1.021
37.581541617,-0.1951,0.9651,0.2592,1.018
37.584094464,-0.1966,0.9646,0.2625,1.019
37.586542464,-0.1986,0.9623,0.2601,1.016
37.588875387,-0.1973,0.9636,0.2618,1.018
37.591417233,-0.1963,0.9604,0.2594,1.014
37.593961002,-0.1949,0.9580,0.2608,1.012
37.596952694,-0.1942,0.9541,0.2623,1.008
37.59836531,-0.1932,0.9539,0.2628,1.008
37.600777617,-0.1949,0.9534,0.2559,1.006
37.603430848,-0.1914,0.9514,0.2550,1.003
37.606232925,-0.1921,0.9521,0.2540,1.004
37.608158771,-0.1917,0.9495,0.2555,1.002
37.610626156,-0.1875,0.9434,0.2615,0.997
37.613857233,-0.1865,0.9431,0.2645,0.997
37.615262848,-0.1870,0.9411,0.2655,0.996
37.617796387,-0.1868,0.9382,0.2638,0.992
37.620367694,-0.1893,0.9343,0.2620,0.989
37.622866848,-0.1898,0.9362,0.2623,0.991
37.624991156,-0.1924,0.9365,0.2674,0.993
37.627503156,-0.1937,0.9353,0.2672,0.992
37.634447079,-0.1988,0.9378,0.2669,0.995
37.635359387,-0.2032,0.9357,0.2680,0.994
37.636336694,-0.2083,0.9367,0.2687,0.997
37.63720031,-0.2149,0.9365,0.2718,0.999
37.648336079,-0.2184,0.9362,0.2716,0.999
37.649353617,-0.2198,0.9367,0.2743,1.001
37.649595079,-0.2254,0.9375,0.2745,1.002
37.649817925,-0.2271,0.9392,0.2694,1.003
37.650015694,-0.2279,0.9431,0.2672,1.006
37.652025541,-0.2289,0.9441,0.2638,1.007
37.658462541,-0.2315,0.9448,0.2594,1.007
37.659093541,-0.2281,0.9478,0.2582,1.008
37.659263387,-0.2261,0.9455,0.2557,1.005
37.662410541,-0.2220,0.9474,0.2589,1.007
37.663585848,-0.2152,0.9446,0.2562,1.002
37.665832079,-0.2103,0.9450,0.2557,1.001
37.668469541,-0.2042,0.9418,0.2571,0.997
37.670927694,-0.1998,0.9421,0.2580,0.997
37.673125541,-0.1983,0.9355,0.2604,0.991
37.675837002,-0.1973,0.9309,0.2655,0.988
37.678465617,-0.1946,0.9287,0.2726,0.987
37.680624079,-0.1930,0.9277,0.2789,0.988
37.683346541,-0.1946,0.9229,0.2841,0.985
37.687633002,-0.1946,0.9229,0.2890,0.986
37.688288002,-0.1966,0.9192,0.2918,0.984
37.68992031,-0.1958,0.9148,0.2931,0.980
37.692477925,-0.1995,0.9120,0.2936,0.979
37.695960925,-0.2054,0.9143,0.2958,0.983
37.697254464,-0.2110,0.9157,0.2992,0.986
37.699794233,-0.2173,0.9126,0.2999,0.985
37.702604617,-0.2224,0.9126,0.3026,0.987
37.704616617,-0.2303,0.9118,0.3053,0.989
37.706911771,-0.2374,0.9077,0.3048,0.986
37.709649848,-0.2430,0.9062,0.3095,0.988
37.712063156,-0.2464,0.9075,0.3085,0.990
37.714330233,-0.2482,0.9087,0.3072,0.991
37.717288002,-0.2475,0.9091,0.3107,0.992
37.720141233,-0.2482,0.9079,0.3148,0.992
37.72159231,-0.2440,0.9120,0.3200,0.997
37.724586156,-0.2377,0.9152,0.3227,0.999
37.726894848,-0.2281,0.9231,0.3251,1.005
37.733072617,-0.2188,0.9245,0.3268,1.005
37.73385731,-0.2103,0.9274,0.3281,1.006
37.734231771,-0.2025,0.9329,0.3307,1.010
37.741832002,-0.1958,0.9369,0.3277,1.012
37.742358541,-0.1930,0.9429,0.3221,1.015
37.742531156,-0.1851,0.9446,0.3195,1.014
37.743904002,-0.1814,0.9551,0.3148,1.022
37.755210233,-0.1785,0.9567,0.3136,1.023
37.755764079,-0.1729,0.9629,0.3136,1.027
37.755946156,-0.1688,0.9707,0.3121,1.034
37.756126464,-0.1685,0.9739,0.3148,1.037
37.756294464,-0.1627,0.9790,0.3168,1.042
37.758317925,-0.1644,0.9788,0.3214,1.043
37.760187387,-0.1614,0.9834,0.3225,1.047
37.762933541,-0.1597,0.9881,0.3195,1.051
37.764691079,-0.1590,0.9858,0.3160,1.047
37.767272079,-0.1567,0.9851,0.3107,1.045
37.770466156,-0.1567,0.9878,0.3036,1.045
37.771972925,-0.1575,0.9881,0.2972,1.044
37.774330848,-0.1592,0.9851,0.2943,1.040
37.776891771,-0.1611,0.9837,0.2914,1.039
37.779158848,-0.1651,0.9800,0.2921,1.036
37.781778464,-0.1690,0.9790,0.2906,1.035
37.784571156,-0.1721,0.9741,0.2906,1.031
37.787003079,-0.1776,0.9714,0.2939,1.030
37.788874156,-0.1819,0.9697,0.2916,1.029
37.791313541,-0.1839,0.9636,0.2914,1.023
37.793937002,-0.1905,0.9572,0.2909,1.018
37.796352387,-0.1949,0.9558,0.2927,1.018
37.798474464,-0.1979,0.9478,0.2860,1.010
37.801235156,-0.2030,0.9448,0.2813,1.006
37.803677002,-0.1986,0.9424,0.2794,1.003
37.805877617,-0.2039,0.9399,0.2736,1.000
37.808631387,-0.2071,0.9387,0.2708,0.999
37.811676079,-0.2088,0.9402,0.2672,1.000
37.813772387,-0.2100,0.9397,0.2604,0.997
37.815458541,-0.2112,0.9399,0.2562,0.997
37.817938848,-0.2095,0.9390,0.2562,0.996
37.820583771,-0.2088,0.9487,0.2580,1.005
37.823055156,-0.2076,0.9497,0.2601,1.006
37.825359464,-0.2042,0.9539,0.2599,1.010
37.828138848,-0.1993,0.9558,0.2571,1.010
37.829833848,-0.1986,0.9597,0.2535,1.012
37.832552694,-0.1973,0.9632,0.2475,1.014
37.834840002,-0.1930,0.9641,0.2408,1.012
37.841737233,-0.1921,0.9668,0.2333,1.013
37.842223156,-0.1883,0.9697,0.2305,1.014
37.842476694,-0.1914,0.9741,0.2303,1.019
37.854148694,-0.1883,0.9753,0.2284,1.019
37.854908002,-0.1878,0.9734,0.2298,1.018
37.855170771,-0.1861,0.9760,0.2291,1.020
37.855407464,-0.1861,0.9760,0.2338,1.021
37.855807771,-0.1868,0.9756,0.2374,1.021
37.858105233,-0.1851,0.9724,0.2382,1.018
37.858578156,-0.1883,0.9729,0.2408,1.020
37.862975771,-0.1932,0.9707,0.2447,1.020
37.863622156,-0.1937,0.9702,0.2454,1.019
37.866178541,-0.1949,0.9688,0.2501,1.019
37.869384387,-0.1998,0.9629,0.2528,1.015
37.870818541,-0.2012,0.9611,0.2547,1.014
37.873245925,-0.2017,0.9576,0.2547,1.011
37.876360387,-0.2056,0.9531,0.2533,1.007
37.878846771,-0.2112,0.9504,0.2531,1.006
37.880635464,-0.2124,0.9473,0.2559,1.004
37.883277848,-0.2095,0.9453,0.2564,1.002
37.885956694,-0.2081,0.9429,0.2599,1.000
37.887648002,-0.2079,0.9416,0.2638,1.000
37.891046233,-0.2083,0.9431,0.2682,1.002
37.89438131,-0.2051,0.9426,0.2701,1.002
37.895589541,-0.2047,0.9441,0.2757,1.005
37.897792387,-0.2030,0.9455,0.2799,1.007
37.900730156,-0.2010,0.9473,0.2853,1.009
37.903738233,-0.1998,0.9499,0.2865,1.012
37.905098848,-0.2005,0.9536,0.2867,1.016
37.907713541,-0.2027,0.9558,0.2906,1.019
37.911293002,-0.1995,0.9614,0.2899,1.024
37.912196002,-0.1976,0.9634,0.2927,1.026
37.914397541,-0.1973,0.9641,0.2953,1.027
37.916924002,-0.1946,0.9663,0.2958,1.029
37.919789541,-0.1924,0.9632,0.2965,1.026
37.921558541,-0.1888,0.9604,0.2970,1.023
37.92408031,-0.1902,0.9595,0.2972,1.022
37.932533233,-0.1878,0.9539,0.3011,1.018
37.933288617,-0.1870,0.9541,0.3026,1.018
37.933602464,-0.1886,0.9497,0.3039,1.015
37.942014464,-0.1939,0.9478,0.3034,1.014
37.942595694,-0.1988,0.9431,0.3016,1.010
37.94281631,-0.2027,0.9462,0.3004,1.013
37.943409848,-0.2049,0.9426,0.3014,1.011
37.943746233,-0.2081,0.9392,0.3016,1.008
37.946251156,-0.2115,0.9390,0.2980,1.008
37.94886031,-0.2132,0.9404,0.2958,1.009
37.951500002,-0.2171,0.9369,0.2941,1.006
37.955032617,-0.2166,0.9362,0.2931,1.005
37.955749233,-0.2181,0.9385,0.2914,1.007
37.957559387,-0.2181,0.9372,0.2904,1.005
37.960215079,-0.2156,0.9341,0.2890,1.001
37.962633848,-0.2119,0.9355,0.2890,1.002
37.965014464,-0.2128,0.9345,0.2892,1.001
37.968454771,-0.2095,0.9338,0.2909,1.000
37.969715156,-0.2071,0.9369,0.2914,1.003
37.972250233,-0.2059,0.9378,0.2892,1.003
37.974560387,-0.2056,0.9372,0.2878,1.002
37.977245925,-0.2059,0.9385,0.2873,1.003
37.97972431,-0.2022,0.9385,0.2880,1.002
37.981947387,-0.1981,0.9397,0.2909,1.003
37.984301233,-0.1993,0.9441,0.2914,1.008
37.986598541,-0.1954,0.9474,0.2899,1.010
37.989250156,-0.1937,0.9462,0.2869,1.008
37.991608387,-0.1900,0.9455,0.2880,1.006
37.994096617,-0.1883,0.9506,0.2892,1.011
37.996251694,-0.1870,0.9483,0.2892,1.009
37.998711694,-0.1853,0.9485,0.2865,1.008
38.001539156,-0.1832,0.9502,0.2838,1.008
38.003479387,-0.1846,0.9490,0.2850,1.008
38.006113541,-0.1846,0.9506,0.2826,1.009
38.008738771,-0.1849,0.9470,0.2789,1.004
38.010656387,-0.1875,0.9450,0.2801,1.003
38.013192694,-0.1853,0.9470,0.2772,1.004
38.016750464,-0.1863,0.9434,0.2775,1.001
38.019233617,-0.1888,0.9385,0.2780,0.997
38.020444002,-0.1846,0.9394,0.2799,0.997
38.022692925,-0.1868,0.9338,0.2809,0.993
38.026216079,-0.1851,0.9318,0.2816,0.991
38.027772694,-0.1858,0.9299,0.2831,0.990
38.030225617,-0.1873,0.9294,0.2794,0.988
38.032502464,-0.1858,0.9304,0.2794,0.989
38.039121002,-0.1909,0.9321,0.2806,0.992
38.039981541,-0.1881,0.9301,0.2809,0.990
38.040311156,-0.1883,0.9348,0.2782,0.993
38.048821617,-0.1858,0.9333,0.2769,0.991
38.049579387,-0.1839,0.9341,0.2824,0.993
38.049877617,-0.1797,0.9360,0.2846,0.995
38.050175694,-0.1778,0.9390,0.2860,0.998
38.051972925,-0.1785,0.9429,0.2867,1.002
38.054912002,-0.1748,0.9483,0.2874,1.006
38.056580387,-0.1725,0.9518,0.2867,1.009
38.059677233,-0.1739,0.9570,0.2858,1.014
38.06158031,-0.1695,0.9616,0.2887,1.018
38.064081848,-0.1714,0.9646,0.2865,1.021
38.067557925,-0.1658,0.9688,0.2848,1.023
38.069132925,-0.1624,0.9724,0.2826,1.026
38.071901848,-0.1629,0.9749,0.2775,1.027
38.074141002,-0.1597,0.9770,0.2731,1.027
38.076255156,-0.1585,0.9773,0.2731,1.027
38.078188617,-0.1555,0.9805,0.2723,1.029
38.080745002,-0.1583,0.9825,0.2753,1.033
38.084185541,-0.1583,0.9849,0.2769,1.035
38.08542531,-0.1580,0.9874,0.2753,1.037
38.087997233,-0.1578,0.9888,0.2743,1.038
38.090360617,-0.1570,0.9886,0.2726,1.037
38.092828694,-0.1558,0.9898,0.2726,1.038
38.095953233,-0.1531,0.9878,0.2726,1.036
38.097566771,-0.1494,0.9868,0.2729,1.035
38.100328617,-0.1485,0.9878,0.2731,1.035
38.102400387,-0.1472,0.9846,0.2738,1.033
38.104802464,-0.1470,0.9825,0.2772,1.031
38.109128002,-0.1460,0.9788,0.2767,1.028
38.110100617,-0.1492,0.9770,0.2767,1.026
38.112926464,-0.1490,0.9741,0.2741,1.023
38.114787694,-0.1506,0.9700,0.2745,1.019
38.117015387,-0.1482,0.9675,0.2753,1.017
38.119669925,-0.1526,0.9641,0.2778,1.015
38.122210233,-0.1575,0.9623,0.2821,1.015
38.124972617,-0.1580,0.9583,0.2829,1.012
38.127324002,-0.1609,0.9580,0.2865,1.013
38.129111464,-0.1663,0.9553,0.2892,1.012
38.131975464,-0.1692,0.9521,0.2914,1.010
38.138930464,-0.1744,0.9518,0.2909,1.010
38.139422156,-0.1734,0.9465,0.2916,1.005
38.139681002,-0.1790,0.9453,0.2869,1.004
38.150729002,-0.1829,0.9467,0.2797,1.004
38.151545617,-0.1856,0.9429,0.2778,1.000
38.151830848,-0.1878,0.9409,0.2748,0.998
38.152107079,-0.1905,0.9394,0.2748,0.997
38.152356925,-0.1914,0.9378,0.2760,0.996
38.153810848,-0.1919,0.9375,0.2780,0.996
38.155988079,-0.1878,0.9353,0.2765,0.993
38.160273002,-0.1865,0.9357,0.2720,0.992
38.160830233,-0.1868,0.9382,0.2674,0.993
38.162976002,-0.1895,0.9360,0.2643,0.991
38.166377617,-0.1912,0.9382,0.2667,0.994
38.167385002,-0.1898,0.9421,0.2648,0.997
38.170361233,-0.1907,0.9455,0.2664,1.001
38.172736079,-0.1919,0.9487,0.2706,1.005
38.175198771,-0.1902,0.9506,0.2711,1.007
38.177104694,-0.1861,0.9543,0.2716,1.010
38.180246848,-0.1873,0.9546,0.2733,1.010
38.183120387,-0.1870,0.9565,0.2736,1.012
38.184602233,-0.1870,0.9572,0.2775,1.014
38.186809002,-0.1853,0.9634,0.2794,1.020
38.189315079,-0.1824,0.9623,0.2780,1.018
38.191750771,-0.1819,0.9651,0.2789,1.021
38.194061541,-0.1788,0.9623,0.2780,1.018
38.196510156,-0.1765,0.9609,0.2769,1.015
38.199535079,-0.1753,0.9656,0.2755,1.019
38.201553925,-0.1690,0.9614,0.2741,1.014
38.203638541,-0.1676,0.9599,0.2753,1.013
38.206166464,-0.1678,0.9592,0.2755,1.012
38.208919079,-0.1660,0.9576,0.2745,1.010
38.211258156,-0.1673,0.9597,0.2760,1.013
38.213502156,-0.1641,0.9588,0.2787,1.012
38.216009925,-0.1678,0.9590,0.2806,1.013
38.218268617,-0.1721,0.9583,0.2821,1.014
38.220794464,-0.1729,0.9609,0.2826,1.016
38.224478541,-0.1751,0.9602,0.2829,1.016
38.225488002,-0.1765,0.9590,0.2831,1.015
38.227712694,-0.1785,0.9570,0.2836,1.014
38.230251079,-0.1839,0.9567,0.2813,1.014
38.237447387,-0.1832,0.9572,0.2848,1.015
38.238233925,-0.1853,0.9539,0.2855,1.013
38.238543387,-0.1900,0.9506,0.2843,1.010
38.247055079,-0.1909,0.9474,0.2890,1.009
38.248180617,-0.1934,0.9470,0.2885,1.009
38.248524387,-0.1914,0.9478,0.2885,1.009
38.248821233,-0.1949,0.9474,0.2843,1.008
38.249546848,-0.1907,0.9462,0.2843,1.006
38.252731079,-0.1919,0.9438,0.2824,1.004
38.25442931,-0.1907,0.9416,0.2789,1.000
38.258563771,-0.1900,0.9443,0.2757,1.002
38.259173233,-0.1898,0.9387,0.2699,0.995
38.261870541,-0.1898,0.9399,0.2664,0.995
38.263966233,-0.1895,0.9414,0.2655,0.996
38.266431771,-0.1900,0.9418,0.2628,0.996
38.26870031,-0.1858,0.9394,0.2633,0.993
38.271662156,-0.1883,0.9409,0.2633,0.995
38.273635079,-0.1853,0.9397,0.2613,0.993
38.275937541,-0.1841,0.9406,0.2604,0.993
38.278504079,-0.1832,0.9409,0.2625,0.994
38.28096531,-0.1834,0.9416,0.2631,0.995
38.283269925,-0.1802,0.9424,0.2604,0.994
38.285790233,-0.1778,0.9404,0.2587,0.991
38.288229233,-0.1758,0.9409,0.2589,0.992
38.291166233,-0.1756,0.9409,0.2613,0.992
38.292838771,-0.1768,0.9406,0.2625,0.992
38.295694156,-0.1760,0.9397,0.2638,0.992
38.299282464,-0.1770,0.9390,0.2640,0.991
38.300412925,-0.1776,0.9402,0.2599,0.991
38.30874931,-0.1785,0.9429,0.2611,0.994
38.309371464,-0.1802,0.9424,0.2589,0.994
38.309830848,-0.1816,0.9426,0.2599,0.994
38.310231079,-0.1819,0.9416,0.2599,0.994
38.312324387,-0.1809,0.9455,0.2615,0.998
38.31488031,-0.1807,0.9438,0.2660,0.997
38.316799694,-0.1826,0.9467,0.2682,1.001
38.319661002,-0.1853,0.9492,0.2765,1.006
38.321958541,-0.1905,0.9497,0.2809,1.009
38.324089541,-0.1919,0.9516,0.2838,1.011
38.326704387,-0.1939,0.9534,0.2846,1.014
38.329266464,-0.2035,0.9558,0.2836,1.018
38.334464617,-0.2079,0.9585,0.2804,1.020
38.335366771,-0.2112,0.9619,0.2794,1.024
38.336773925,-0.2171,0.9590,0.2753,1.021
38.342366233,-0.2203,0.9616,0.2772,1.025
38.342765617,-0.2203,0.9658,0.2797,1.029
38.343807771,-0.2205,0.9651,0.2836,1.030
38.346018771,-0.2210,0.9651,0.2855,1.030
38.353937617,-0.2193,0.9663,0.2882,1.032
38.354289233,-0.2149,0.9636,0.2916,1.029
38.354475079,-0.2135,0.9629,0.2927,1.029
38.356496925,-0.2079,0.9611,0.2931,1.026
38.35801631,-0.2022,0.9641,0.2869,1.026
38.360671387,-0.1963,0.9632,0.2816,1.023
38.362835694,-0.1898,0.9616,0.2811,1.020
38.365126156,-0.1807,0.9604,0.2757,1.015
38.367502233,-0.1756,0.9585,0.2674,1.010
38.369917541,-0.1697,0.9578,0.2608,1.007
38.372573233,-0.1619,0.9592,0.2545,1.006
38.374716079,-0.1567,0.9592,0.2543,1.005
38.377651387,-0.1548,0.9570,0.2543,1.002
38.381335387,-0.1482,0.9592,0.2520,1.003
38.382343387,-0.1470,0.9611,0.2567,1.006
38.38439631,-0.1446,0.9621,0.2592,1.007
38.388892387,-0.1441,0.9592,0.2611,1.004
38.389633002,-0.1404,0.9621,0.2625,1.007
38.391627387,-0.1389,0.9621,0.2662,1.008
38.394646156,-0.1367,0.9619,0.2674,1.008
38.397579387,-0.1429,0.9653,0.2692,1.012
38.398868079,-0.1474,0.9636,0.2699,1.011
38.401365848,-0.1494,0.9621,0.2736,1.011
38.403933617,-0.1558,0.9607,0.2772,1.012
38.406235079,-0.1624,0.9614,0.2797,1.014
38.408621002,-0.1734,0.9611,0.2782,1.015
38.411144079,-0.1809,0.9644,0.2789,1.020
38.413775771,-0.1898,0.9621,0.2738,1.018
38.415868387,-0.1963,0.9626,0.2743,1.020
38.418782156,-0.2059,0.9636,0.2729,1.022
38.422502233,-0.2119,0.9634,0.2736,1.024
38.423557848,-0.2186,0.9599,0.2750,1.022
38.425479694,-0.2222,0.9609,0.2794,1.025
38.428139079,-0.2247,0.9585,0.2831,1.024
38.430903771,-0.2256,0.9585,0.2890,1.026
38.432777541,-0.2279,0.9560,0.2892,1.024
38.435217617,-0.2259,0.9543,0.2894,1.022
38.442887464,-0.2240,0.9536,0.2911,1.022
38.443339464,-0.2233,0.9478,0.2873,1.015
38.443552925,-0.2224,0.9499,0.2836,1.016
38.445823771,-0.2215,0.9478,0.2824,1.013
38.453983464,-0.2196,0.9492,0.2806,1.014
38.454483464,-0.2171,0.9504,0.2785,1.014
38.454641541,-0.2130,0.9523,0.2811,1.016
38.454810233,-0.2103,0.9534,0.2809,1.016
38.456922156,-0.2063,0.9583,0.2799,1.019
38.459101617,-0.2000,0.9619,0.2787,1.021
38.462328079,-0.1942,0.9641,0.2794,1.022
38.464578233,-0.1905,0.9644,0.2799,1.022
38.466361925,-0.1841,0.9656,0.2780,1.022
38.468928387,-0.1772,0.9634,0.2772,1.018
38.472123156,-0.1751,0.9616,0.2720,1.015
38.473773617,-0.1673,0.9614,0.2699,1.012
38.476206771,-0.1614,0.9583,0.2706,1.009
38.47846131,-0.1570,0.9541,0.2733,1.005
38.482040694,-0.1555,0.9536,0.2755,1.005
38.483356617,-0.1534,0.9527,0.2753,1.003
38.485906464,-0.1499,0.9534,0.2755,1.004
38.488444387,-0.1536,0.9509,0.2762,1.002
38.490767771,-0.1521,0.9474,0.2750,0.998
38.493191079,-0.1534,0.9467,0.2741,0.997
38.495343771,-0.1562,0.9495,0.2723,1.000
38.497971387,-0.1607,0.9458,0.2750,0.998
38.500790848,-0.1665,0.9470,0.2753,1.000
38.503146464,-0.1756,0.9504,0.2748,1.005
38.505486233,-0.1785,0.9499,0.2706,1.004
38.507881617,-0.1841,0.9539,0.2682,1.008
38.510060079,-0.1921,0.9548,0.2650,1.009
38.513040925,-0.1932,0.9541,0.2667,1.009
38.515004925,-0.1949,0.9536,0.2652,1.009
38.517349848,-0.1966,0.9521,0.2723,1.010
38.519966541,-0.1963,0.9518,0.2813,1.012
38.522090771,-0.1983,0.9483,0.2865,1.010
38.524475694,-0.1986,0.9483,0.2897,1.011
38.526895771,-0.2037,0.9462,0.2873,1.010
38.529939387,-0.2051,0.9446,0.2867,1.008
38.531576387,-0.2061,0.9429,0.2829,1.006
38.534091694,-0.2093,0.9426,0.2846,1.007
38.543076002,-0.2091,0.9418,0.2838,1.006
38.543970233,-0.2098,0.9429,0.2843,1.007
38.544281002,-0.2079,0.9416,0.2869,1.006
38.544703387,-0.2086,0.9446,0.2887,1.009
38.558120925,-0.2049,0.9478,0.2892,1.012
38.559105002,-0.2063,0.9506,0.2860,1.014
38.559541002,-0.2061,0.9511,0.2862,1.014
38.559959079,-0.1995,0.9521,0.2858,1.014
38.560181233,-0.1949,0.9527,0.2878,1.014
38.560393233,-0.1912,0.9563,0.2826,1.015
38.561024694,-0.1861,0.9578,0.2841,1.016
38.566636002,-0.1795,0.9567,0.2813,1.013
38.567170464,-0.1785,0.9563,0.2797,1.012
38.568153848,-0.1768,0.9583,0.2778,1.013
38.571075464,-0.1741,0.9583,0.2753,1.012
38.57244031,-0.1734,0.9578,0.2706,1.010
38.574968387,-0.1721,0.9590,0.2689,1.011
38.57807331,-0.1704,0.9629,0.2680,1.014
38.579958541,-0.1678,0.9578,0.2652,1.008
38.582259694,-0.1658,0.9611,0.2660,1.011
38.585047387,-0.1636,0.9634,0.2660,1.013
38.587596079,-0.1624,0.9658,0.2655,1.015
38.58978431,-0.1641,0.9685,0.2680,1.018
38.592066156,-0.1655,0.9690,0.2645,1.018
38.595621848,-0.1632,0.9714,0.2643,1.020
38.596778541,-0.1639,0.9704,0.2620,1.018
38.599695079,-0.1644,0.9683,0.2599,1.016
38.60165731,-0.1646,0.9680,0.2589,1.015
38.604129541,-0.1678,0.9648,0.2582,1.013
38.606918233,-0.1673,0.9614,0.2557,1.009
38.609029541,-0.1611,0.9585,0.2580,1.006
38.612522464,-0.1641,0.9567,0.2606,1.005
38.613834156,-0.1641,0.9492,0.2625,0.998
38.616131694,-0.1685,0.9480,0.2606,0.997
38.618733233,-0.1712,0.9460,0.2620,0.996
38.621245002,-0.1712,0.9424,0.2662,0.994
38.623905925,-0.1739,0.9426,0.2648,0.994
38.626757002,-0.1824,0.9441,0.2636,0.997
38.628795079,-0.1851,0.9421,0.2662,0.996
38.630707694,-0.1907,0.9431,0.2667,0.998
38.633000694,-0.1900,0.9453,0.2736,1.002
38.641255156,-0.1946,0.9478,0.2780,1.007
38.641999079,-0.1951,0.9450,0.2809,1.005
38.642287694,-0.1942,0.9521,0.2873,1.013
38.64279731,-0.1949,0.9518,0.2906,1.014
38.653853617,-0.1981,0.9548,0.2909,1.018
38.654663156,-0.1981,0.9555,0.2904,1.018
38.654925541,-0.1983,0.9604,0.2909,1.023
38.655150233,-0.1966,0.9636,0.2892,1.025
38.655405233,-0.1951,0.9656,0.2824,1.025
38.657054156,-0.1939,0.9697,0.2772,1.027
38.660293233,-0.1932,0.9688,0.2750,1.025
38.666210541,-0.1886,0.9688,0.2753,1.025
38.666846541,-0.1873,0.9700,0.2731,1.025
38.667108925,-0.1826,0.9714,0.2755,1.026
38.669867387,-0.1829,0.9707,0.2720,1.025
38.671286541,-0.1781,0.9716,0.2726,1.025
38.673747387,-0.1741,0.9709,0.2723,1.023
38.676413233,-0.1736,0.9688,0.2687,1.020
38.678742464,-0.1680,0.9716,0.2636,1.021
38.681006541,-0.1641,0.9678,0.2645,1.017
38.684096617,-0.1602,0.9678,0.2613,1.015
38.686198233,-0.1595,0.9651,0.2576,1.012
38.688306848,-0.1558,0.9639,0.2552,1.009
38.690863464,-0.1539,0.9644,0.2535,1.009
38.69312831,-0.1531,0.9580,0.2531,1.003
38.695642848,-0.1536,0.9590,0.2538,1.004
38.698201848,-0.1548,0.9565,0.2547,1.002
38.703153848,-0.1585,0.9546,0.2564,1.001
38.70386831,-0.1627,0.9541,0.2564,1.001
38.705769233,-0.1646,0.9531,0.2596,1.001
38.707889925,-0.1721,0.9504,0.2608,1.000
38.711000002,-0.1758,0.9470,0.2638,0.999
38.712514233,-0.1805,0.9458,0.2650,0.999
38.714885848,-0.1888,0.9458,0.2623,1.000
38.717576079,-0.1939,0.9441,0.2613,0.999
38.719875079,-0.1958,0.9402,0.2601,0.995
38.723101848,-0.1988,0.9378,0.2584,0.993
38.72493631,-0.2049,0.9402,0.2580,0.996
38.730975387,-0.2081,0.9372,0.2606,0.995
38.732036387,-0.2086,0.9392,0.2660,0.998
38.732613233,-0.1946,0.9184,0.2753,0.978
38.734431694,-0.1602,0.8684,0.2860,0.928
38.73944031,-0.1543,0.8512,0.2638,0.904
38.739824617,-0.1729,0.8708,0.2550,0.924
38.742233848,-0.2071,0.8964,0.2701,0.959
38.752812079,-0.2333,0.9131,0.2897,0.986
38.753764694,-0.2571,0.9306,0.2980,1.010
38.754078233,-0.2838,0.9604,0.2914,1.043
38.754770848,-0.3148,1.0030,0.2897,1.090
38.755097541,-0.3319,1.0335,0.2970,1.125
38.755858771,-0.3300,1.0464,0.3019,1.138
38.760802848,-0.3124,1.0382,0.3002,1.125
38.76151231,-0.2865,1.0252,0.2873,1.103
38.76317731,-0.2587,1.0132,0.2736,1.081
38.765452617,-0.2313,1.0071,0.2640,1.067
38.769342233,-0.1988,0.9963,0.2569,1.048
38.770203387,-0.1692,0.9870,0.2533,1.033
38.772754771,-0.1401,0.9751,0.2499,1.016
38.775733617,-0.1103,0.9658,0.2487,1.003
38.777768694,-0.0896,0.9590,0.2479,0.995
38.780074848,-0.0675,0.9497,0.2459,0.983
38.782526541,-0.0505,0.9431,0.2462,0.976
38.785522541,-0.0414,0.9378,0.2410,0.969
38.787293541,-0.0397,0.9365,0.2391,0.967
38.789616079,-0.0468,0.9357,0.2394,0.967
38.792214771,-0.0626,0.9411,0.2401,0.973
38.794325617,-0.0812,0.9418,0.2384,0.975
38.796898464,-0.1018,0.9473,0.2369,0.982
38.799543387,-0.1275,0.9511,0.2408,0.989
38.802104387,-0.1494,0.9541,0.2447,0.996
38.804373617,-0.1721,0.9567,0.2511,1.004
38.806923771,-0.1919,0.9595,0.2594,1.012
38.810066848,-0.2144,0.9660,0.2618,1.024
38.811260925,-0.2273,0.9656,0.2674,1.027
38.814086233,-0.2354,0.9632,0.2736,1.029
38.816170771,-0.2408,0.9597,0.2706,1.026
38.818956694,-0.2442,0.9492,0.2745,1.018
38.820971156,-0.2462,0.9474,0.2720,1.016
38.824488079,-0.2471,0.9434,0.2736,1.013
38.83145631,-0.2469,0.9382,0.2733,1.008
38.832160387,-0.2479,0.9357,0.2778,1.007
38.832804925,-0.2528,0.9350,0.2753,1.007
38.833219079,-0.2506,0.9369,0.2741,1.008
38.840059771,-0.2477,0.9382,0.2760,1.009
38.840717617,-0.2526,0.9453,0.2677,1.014
38.840991387,-0.2506,0.9509,0.2674,1.019
38.843010156,-0.2438,0.9516,0.2736,1.020
38.853708617,-0.2354,0.9553,0.2708,1.020
38.854427771,-0.2281,0.9588,0.2716,1.022
38.854627387,-0.2179,0.9614,0.2726,1.023
38.854821848,-0.2088,0.9656,0.2804,1.027
38.855256079,-0.1981,0.9653,0.2797,1.024
38.857656387,-0.1883,0.9668,0.2733,1.022
38.859831771,-0.1751,0.9626,0.2685,1.015
38.862076387,-0.1580,0.9531,0.2669,1.002
38.864789002,-0.1504,0.9534,0.2567,0.999
38.867722771,-0.1443,0.9523,0.2513,0.995
38.869092694,-0.1392,0.9504,0.2501,0.993
38.871512002,-0.1362,0.9455,0.2576,0.989
38.875513541,-0.1345,0.9465,0.2613,0.991
38.877323387,-0.1378,0.9474,0.2628,0.993
38.878882771,-0.1450,0.9502,0.2620,0.996
38.881502848,-0.1509,0.9518,0.2618,0.999
38.884322541,-0.1572,0.9558,0.2606,1.003
38.887084618,-0.1639,0.9553,0.2613,1.004
38.888789002,-0.1725,0.9546,0.2645,1.005
38.891008618,-0.1725,0.9502,0.2692,1.003
38.893334848,-0.1739,0.9527,0.2701,1.005
38.895713848,-0.1714,0.9473,0.2738,1.001
38.898621618,-0.1716,0.9436,0.2726,0.997
38.901027694,-0.1734,0.9434,0.2729,0.997
38.903014541,-0.1729,0.9434,0.2765,0.998
38.905813233,-0.1753,0.9448,0.2818,1.001
38.907866541,-0.1800,0.9458,0.2818,1.003
38.910157002,-0.1824,0.9490,0.2874,1.008
38.912569541,-0.1863,0.9529,0.2885,1.013
38.915046541,-0.1890,0.9565,0.2892,1.017
38.918629541,-0.1934,0.9614,0.2887,1.022
38.920074233,-0.1949,0.9670,0.2873,1.027
38.922536002,-0.1986,0.9729,0.2846,1.033
38.929850464,-0.2025,0.9790,0.2748,1.037
38.930389848,-0.2005,0.9807,0.2716,1.037
38.930615464,-0.1976,0.9842,0.2696,1.039
38.932453925,-0.1893,0.9812,0.2638,1.034
38.940909848,-0.1795,0.9837,0.2652,1.034
38.941631464,-0.1714,0.9805,0.2657,1.030
38.941900079,-0.1629,0.9776,0.2729,1.028
38.942141848,-0.1539,0.9727,0.2799,1.024
38.943880694,-0.1487,0.9724,0.2831,1.024
38.946917925,-0.1478,0.9692,0.2865,1.021
38.949921541,-0.1460,0.9678,0.2848,1.019
38.951896925,-0.1448,0.9656,0.2765,1.015
38.953777848,-0.1506,0.9648,0.2689,1.013
38.955933541,-0.1567,0.9639,0.2589,1.010
38.958787464,-0.1602,0.9595,0.2524,1.005
38.960750464,-0.1648,0.9607,0.2494,1.006
38.963443387,-0.1729,0.9565,0.2484,1.003
38.967495156,-0.1778,0.9576,0.2540,1.006
38.968126541,-0.1832,0.9523,0.2528,1.002
38.970519771,-0.1878,0.9504,0.2580,1.003
38.972838541,-0.1930,0.9497,0.2618,1.004
38.975898541,-0.1976,0.9473,0.2633,1.003
38.977865233,-0.2005,0.9509,0.2615,1.006
38.980361848,-0.1990,0.9495,0.2620,1.005
38.982794848,-0.2005,0.9495,0.2599,1.005
38.985038541,-0.2047,0.9523,0.2552,1.007
38.988078771,-0.1990,0.9518,0.2538,1.005
38.990159387,-0.2007,0.9548,0.2499,1.007
38.992742233,-0.1990,0.9548,0.2475,1.006
38.995000618,-0.1934,0.9578,0.2482,1.008
38.997019694,-0.1907,0.9602,0.2475,1.010
38.999453925,-0.1858,0.9623,0.2496,1.011
39.00172431,-0.1781,0.9590,0.2540,1.008
39.004432002,-0.1748,0.9599,0.2604,1.010
39.006962848,-0.1719,0.9658,0.2613,1.015
39.009286771,-0.1658,0.9626,0.2569,1.010
39.012157233,-0.1621,0.9558,0.2501,1.001
39.014641925,-0.1604,0.9495,0.2435,0.993
39.016764694,-0.1607,0.9434,0.2389,0.986
39.018713618,-0.1697,0.9446,0.2394,0.989
39.02124831,-0.1814,0.9509,0.2503,1.000
39.023997541,-0.1979,0.9623,0.2582,1.016
39.026124079,-0.2110,0.9714,0.2662,1.029
39.028538771,-0.2200,0.9797,0.2711,1.040
39.03094031,-0.2271,0.9788,0.2713,1.041
39.033224002,-0.2242,0.9760,0.2667,1.036
39.03566431,-0.2205,0.9751,0.2625,1.034
39.038328925,-0.2161,0.9737,0.2584,1.030
39.044235771,-0.2100,0.9672,0.2567,1.023
39.044766464,-0.2037,0.9672,0.2569,1.021
39.045512694,-0.1963,0.9648,0.2550,1.017
39.048461848,-0.1832,0.9634,0.2574,1.014
39.052792925,-0.1680,0.9619,0.2613,1.011
39.053453233,-0.1562,0.9597,0.2650,1.008
39.055028925,-0.1448,0.9592,0.2662,1.006
39.063975464,-0.1385,0.9592,0.2694,1.006
39.064987771,-0.1255,0.9614,0.2704,1.007
39.065244002,-0.1216,0.9663,0.2753,1.012
39.065432079,-0.1157,0.9668,0.2753,1.012
39.067089541,-0.1103,0.9712,0.2704,1.014
39.069348387,-0.1084,0.9727,0.2669,1.014
39.07206131,-0.1076,0.9697,0.2599,1.010
39.074706771,-0.1131,0.9648,0.2582,1.005
39.076540387,-0.1236,0.9714,0.2804,1.019
39.079075387,-0.1311,0.9685,0.2576,1.011
39.082079156,-0.1392,0.9629,0.2613,1.007
39.083717925,-0.1509,0.9619,0.2692,1.010
39.086319464,-0.1676,0.9599,0.2757,1.013
39.089041925,-0.1898,0.9626,0.2760,1.019
39.091186464,-0.2066,0.9658,0.2792,1.026
39.093889925,-0.2224,0.9695,0.2801,1.033
39.096298541,-0.2349,0.9695,0.2838,1.037
39.098696694,-0.2442,0.9700,0.2880,1.041
39.100798233,-0.2508,0.9702,0.2880,1.043
39.103703694,-0.2513,0.9685,0.2874,1.041
39.106186541,-0.2499,0.9678,0.2897,1.041
39.108704387,-0.2426,0.9632,0.2867,1.034
39.11060931,-0.2340,0.9616,0.2811,1.029
39.113455694,-0.2233,0.9585,0.2799,1.023
39.115998156,-0.2152,0.9576,0.2769,1.020
39.117724002,-0.1993,0.9495,0.2723,1.008
39.120235079,-0.1849,0.9483,0.2696,1.003
39.12266531,-0.1753,0.9473,0.2636,0.999
39.124846233,-0.1634,0.9431,0.2580,0.991
39.127673848,-0.1560,0.9443,0.2496,0.989
39.135770848,-0.1467,0.9411,0.2428,0.983
39.136420002,-0.1431,0.9369,0.2359,0.977
39.13688031,-0.1382,0.9362,0.2298,0.974
39.137339387,-0.1409,0.9436,0.2235,0.980
39.146078771,-0.1443,0.9504,0.2203,0.986
39.146574541,-0.1406,0.9404,0.2428,0.981
39.146773925,-0.1416,0.9418,0.2435,0.983
39.146981925,-0.1436,0.9431,0.2415,0.984
39.156156694,-0.1536,0.9499,0.2410,0.992
39.15672831,-0.1629,0.9553,0.2433,0.999
39.156977002,-0.1665,0.9585,0.2457,1.003
39.157274771,-0.1776,0.9609,0.2464,1.008
39.158435694,-0.1851,0.9653,0.2491,1.014
39.160991156,-0.1919,0.9685,0.2506,1.019
39.165084925,-0.1995,0.9719,0.2571,1.025
39.166030156,-0.2030,0.9760,0.2587,1.030
39.168155156,-0.2054,0.9768,0.2618,1.032
39.170788079,-0.2068,0.9765,0.2657,1.033
39.173288694,-0.2068,0.9760,0.2672,1.033
39.175381618,-0.2068,0.9751,0.2652,1.031
39.178085002,-0.2047,0.9714,0.2608,1.026
39.180522464,-0.2005,0.9695,0.2599,1.024
39.183412387,-0.1993,0.9636,0.2587,1.017
39.185125002,-0.1949,0.9626,0.2608,1.016
39.187579079,-0.1893,0.9583,0.2599,1.011
39.190021541,-0.1837,0.9529,0.2599,1.005
39.192330541,-0.1785,0.9487,0.2596,1.000
39.194974848,-0.1725,0.9470,0.2584,0.997
39.198224002,-0.1709,0.9426,0.2611,0.993
39.199501848,-0.1663,0.9418,0.2615,0.992
39.201968694,-0.1641,0.9409,0.2638,0.991
39.204685233,-0.1658,0.9431,0.2633,0.993
39.207951464,-0.1651,0.9450,0.2628,0.995
39.209475771,-0.1702,0.9446,0.2599,0.994
39.212016618,-0.1748,0.9453,0.2562,0.995
39.215076618,-0.1800,0.9502,0.2538,1.000
39.21649731,-0.1829,0.9509,0.2528,1.001
39.218992387,-0.1883,0.9543,0.2518,1.005
39.221565233,-0.1927,0.9543,0.2513,1.005
39.223613848,-0.1966,0.9529,0.2506,1.005
39.226211464,-0.2005,0.9521,0.2513,1.005
39.228784387,-0.2071,0.9518,0.2524,1.006
39.231390233,-0.2071,0.9502,0.2520,1.005
39.233857618,-0.2107,0.9499,0.2531,1.005
39.236789233,-0.2142,0.9467,0.2562,1.004
39.243896925,-0.2142,0.9490,0.2587,1.007
39.244579079,-0.2210,0.9487,0.2608,1.008
39.244818464,-0.2208,0.9502,0.2645,1.011
39.248220618,-0.2212,0.9485,0.2628,1.009
39.248716079,-0.2240,0.9473,0.2628,1.008
39.254043156,-0.2224,0.9448,0.2638,1.006
39.254381233,-0.2188,0.9416,0.2677,1.003
39.25479231,-0.2128,0.9409,0.2696,1.002
39.257327079,-0.2100,0.9397,0.2687,1.000
39.259621541,-0.2035,0.9357,0.2652,0.994
39.261985848,-0.1976,0.9350,0.2643,0.992
39.264846233,-0.1942,0.9350,0.2652,0.991
39.266857002,-0.1958,0.9385,0.2648,0.995
39.269408694,-0.1954,0.9394,0.2618,0.995
39.271692079,-0.1944,0.9424,0.2633,0.998
39.274137233,-0.1979,0.9483,0.2620,1.004
39.276416925,-0.1976,0.9518,0.2631,1.007
39.279323156,-0.1949,0.9529,0.2623,1.007
39.281890464,-0.1902,0.9597,0.2631,1.013
39.283803771,-0.1900,0.9634,0.2648,1.017
39.286220618,-0.1914,0.9678,0.2625,1.021
39.288558541,-0.1930,0.9746,0.2596,1.027
39.290957002,-0.1898,0.9805,0.2620,1.033
39.293481925,-0.1917,0.9839,0.2594,1.035
39.296033002,-0.1919,0.9861,0.2584,1.037
39.298228694,-0.1907,0.9912,0.2555,1.041
39.300654848,-0.1902,0.9930,0.2552,1.043
39.303064618,-0.1909,0.9919,0.2543,1.042
39.30542431,-0.1905,0.9881,0.2567,1.038
39.307863156,-0.1900,0.9837,0.2606,1.035
39.310199387,-0.1888,0.9785,0.2599,1.030
39.314985848,-0.1861,0.9709,0.2557,1.021
39.315444925,-0.1853,0.9658,0.2535,1.016
39.317521541,-0.1873,0.9578,0.2477,1.007
39.319884925,-0.1875,0.9529,0.2433,1.001
39.322290233,-0.1856,0.9490,0.2379,0.996
39.325080002,-0.1858,0.9441,0.2382,0.991
39.327367771,-0.1868,0.9470,0.2374,0.994
39.334410771,-0.1886,0.9485,0.2408,0.997
39.334813925,-0.1900,0.9506,0.2477,1.001
39.335076387,-0.1909,0.9553,0.2520,1.006
